  0
SECTION
  2
HEADER
  9
$ANGBASE
  50
0.0
  9
$ANGDIR
  70
1
  9
$MEASUREMENT
  70
0
  0
ENDSEC
  0
SECTION
  2
TABLES
  0
TABLE
  2
LTYPE
  70
4
  0
LTYPE
  5
40F
  2
CONTINUOUS
  70
0
  3
Solid line
  72
65
  73
0
  40
0.0
  0
LTYPE
  5
410
  2
DASHDOT
 70
0
  3
Dash Dot ____ _ ____ _
 72
65
 73
4
 40
2.0
 49
1.25
 49
-0.25
 49
0.25
 49
-0.25
  0
LTYPE
  5
411
  2
DASHED
 70
0
  3
Dashed __ __ __ __ __
 72
65
 73
2
 40
0.75
 49
0.5
 49
-0.25
  0
LTYPE
  5
43B
  2
DOTTED
 70
0
  3
Dotted .  .  .  .
 72
65
 73
2
 40
0.2
 49
0.0
 49
-0.2
  0
ENDTAB
  0
TABLE
  2
STYLE
  70
4
  0
STYLE
  2
KICAD
  70
0
  40
0
  41
1
  42
1
  50
0
  71
0
  3
isocp.shx
  0
STYLE
  2
KICADB
  70
0
  40
0
  41
1
  42
1
  50
0
  71
0
  3
isocp.shx
  0
STYLE
  2
KICADI
  70
0
  40
0
  41
1
  42
1
  50
15
  71
0
  3
isocp.shx
  0
STYLE
  2
KICADBI
  70
0
  40
0
  41
1
  42
1
  50
15
  71
0
  3
isocp.shx
  0
ENDTAB
  0
TABLE
  2
LAYER
  70
1
  0
LAYER
  2
BLACK
  70
0
  62
7
  6
CONTINUOUS
  0
ENDTAB
  0
ENDSEC
  0
SECTION
  2
ENTITIES
0
LINE
8
BLACK
6
CONTINUOUS
10
-0.8481813385826772
20
-0.3919632283464567
11
-0.8480509448818897
21
-0.5677881889763779
0
LINE
8
BLACK
6
CONTINUOUS
10
-0.8480509448818897
20
-0.5677881889763779
11
-0.8065584251968504
21
-0.5460326377952756
0
LINE
8
BLACK
6
CONTINUOUS
10
-0.8065584251968504
20
-0.5460326377952756
11
-0.8058210236220472
21
-0.5458176771653543
0
LINE
8
BLACK
6
CONTINUOUS
10
-0.8058210236220472
20
-0.5458176771653543
11
-0.8043841338582677
21
-0.546270748031496
0
LINE
8
BLACK
6
CONTINUOUS
10
-0.8043841338582677
20
-0.546270748031496
11
-0.8036884645669291
21
-0.547607125984252
0
LINE
8
BLACK
6
CONTINUOUS
10
-0.8036884645669291
20
-0.547607125984252
11
-0.8041414960629921
21
-0.5490440551181103
0
LINE
8
BLACK
6
CONTINUOUS
10
-0.8041414960629921
20
-0.5490440551181103
11
-0.8422832677165354
21
-0.569042716535433
0
LINE
8
BLACK
6
CONTINUOUS
10
-0.8422832677165354
20
-0.569042716535433
11
-0.5829114960629921
21
-0.5688976377952756
0
LINE
8
BLACK
6
CONTINUOUS
10
-0.5829114960629921
20
-0.5688976377952756
11
-0.5821581889763779
21
-0.5690474803149607
0
LINE
8
BLACK
6
CONTINUOUS
10
-0.5821581889763779
20
-0.5690474803149607
11
-0.5810928346456693
21
-0.5701128346456693
0
LINE
8
BLACK
6
CONTINUOUS
10
-0.5810928346456693
20
-0.5701128346456693
11
-0.5810928346456693
21
-0.5716194488188976
0
LINE
8
BLACK
6
CONTINUOUS
10
-0.5810928346456693
20
-0.5716194488188976
11
-0.5821581889763779
21
-0.5726848031496062
0
LINE
8
BLACK
6
CONTINUOUS
10
-0.5821581889763779
20
-0.5726848031496062
11
-0.8422335826771653
21
-0.5728302755905512
0
LINE
8
BLACK
6
CONTINUOUS
10
-0.8422335826771653
20
-0.5728302755905512
11
-0.8047405118110236
21
-0.5922074803149606
0
LINE
8
BLACK
6
CONTINUOUS
10
-0.8047405118110236
20
-0.5922074803149606
11
-0.8041414960629921
21
-0.5926882283464566
0
LINE
8
BLACK
6
CONTINUOUS
10
-0.8041414960629921
20
-0.5926882283464566
11
-0.8036884645669291
21
-0.5941251574803149
0
LINE
8
BLACK
6
CONTINUOUS
10
-0.8036884645669291
20
-0.5941251574803149
11
-0.8043841338582677
21
-0.5954615354330709
0
LINE
8
BLACK
6
CONTINUOUS
10
-0.8043841338582677
20
-0.5954615354330709
11
-0.8058210236220472
21
-0.5959146062992126
0
LINE
8
BLACK
6
CONTINUOUS
10
-0.8058210236220472
20
-0.5959146062992126
11
-0.8480462598425197
21
-0.5740917322834646
0
LINE
8
BLACK
6
CONTINUOUS
10
-0.8480462598425197
20
-0.5740917322834646
11
-0.8480314960629921
21
-0.5939535433070866
0
LINE
8
BLACK
6
CONTINUOUS
10
-0.8480314960629921
20
-0.5939535433070866
11
-0.8481813385826772
21
-0.5947068503937007
0
LINE
8
BLACK
6
CONTINUOUS
10
-0.8481813385826772
20
-0.5947068503937007
11
-0.8492466929133858
21
-0.5957722047244094
0
LINE
8
BLACK
6
CONTINUOUS
10
-0.8492466929133858
20
-0.5957722047244094
11
-0.8507533070866141
21
-0.5957722047244094
0
LINE
8
BLACK
6
CONTINUOUS
10
-0.8507533070866141
20
-0.5957722047244094
11
-0.8518186614173228
21
-0.5947068503937007
0
LINE
8
BLACK
6
CONTINUOUS
10
-0.8518186614173228
20
-0.5947068503937007
11
-0.851836062992126
21
-0.5712777559055118
0
LINE
8
BLACK
6
CONTINUOUS
10
-0.851836062992126
20
-0.5712777559055118
11
-0.8519610236220472
21
-0.571037716535433
0
LINE
8
BLACK
6
CONTINUOUS
10
-0.8519610236220472
20
-0.571037716535433
11
-0.8519069291338582
21
-0.5708661417322834
0
LINE
8
BLACK
6
CONTINUOUS
10
-0.8519069291338582
20
-0.5708661417322834
11
-0.8519610236220472
21
-0.5706945669291339
0
LINE
8
BLACK
6
CONTINUOUS
10
-0.8519610236220472
20
-0.5706945669291339
11
-0.8518366535433071
21
-0.5704556299212599
0
LINE
8
BLACK
6
CONTINUOUS
10
-0.8518366535433071
20
-0.5704556299212599
11
-0.8519685039370078
21
-0.3927165354330708
0
LINE
8
BLACK
6
CONTINUOUS
10
-0.8519685039370078
20
-0.3927165354330708
11
-0.8518186614173228
21
-0.3919632283464567
0
LINE
8
BLACK
6
CONTINUOUS
10
-0.8518186614173228
20
-0.3919632283464567
11
-0.8507533070866141
21
-0.390897874015748
0
LINE
8
BLACK
6
CONTINUOUS
10
-0.8507533070866141
20
-0.390897874015748
11
-0.8492466929133858
21
-0.390897874015748
0
LINE
8
BLACK
6
CONTINUOUS
10
-0.8492466929133858
20
-0.390897874015748
11
-0.8481813385826772
21
-0.3919632283464567
0
LINE
8
BLACK
6
CONTINUOUS
10
0.0018186614173228
20
-0.0189317322834646
11
0.0019256692913386
21
-0.4296615748031496
0
LINE
8
BLACK
6
CONTINUOUS
10
0.0019256692913386
20
-0.4296615748031496
11
0.0019500393700787
21
-0.4604373622047244
0
LINE
8
BLACK
6
CONTINUOUS
10
0.0019500393700787
20
-0.4604373622047244
11
0.0019609842519685
21
-0.4604583464566929
0
LINE
8
BLACK
6
CONTINUOUS
10
0.0019609842519685
20
-0.4604583464566929
11
0.0019500787401575
21
-0.4604928346456693
0
LINE
8
BLACK
6
CONTINUOUS
10
0.0019500787401575
20
-0.4604928346456693
11
0.0019503149606299
21
-0.4607676771653543
0
LINE
8
BLACK
6
CONTINUOUS
10
0.0019503149606299
20
-0.4607676771653543
11
0.0019609842519685
21
-0.4608014960629921
0
LINE
8
BLACK
6
CONTINUOUS
10
0.0019609842519685
20
-0.4608014960629921
11
0.0019503543307087
21
-0.4608218503937008
0
LINE
8
BLACK
6
CONTINUOUS
10
0.0019503543307087
20
-0.4608218503937008
11
0.0019685039370079
21
-0.4837173228346456
0
LINE
8
BLACK
6
CONTINUOUS
10
0.0019685039370079
20
-0.4837173228346456
11
0.0019398031496063
21
-0.4838615354330709
0
LINE
8
BLACK
6
CONTINUOUS
10
0.0019398031496063
20
-0.4838615354330709
11
0.0019685039370079
21
-0.5939535433070866
0
LINE
8
BLACK
6
CONTINUOUS
10
0.0019685039370079
20
-0.5939535433070866
11
0.0018186614173228
21
-0.5947068503937007
0
LINE
8
BLACK
6
CONTINUOUS
10
0.0018186614173228
20
-0.5947068503937007
11
0.0007533070866142
21
-0.5957722047244094
0
LINE
8
BLACK
6
CONTINUOUS
10
0.0007533070866142
20
-0.5957722047244094
11
-0.0007533070866142
21
-0.5957722047244094
0
LINE
8
BLACK
6
CONTINUOUS
10
-0.0007533070866142
20
-0.5957722047244094
11
-0.0018186614173228
21
-0.5947068503937007
0
LINE
8
BLACK
6
CONTINUOUS
10
-0.0018186614173228
20
-0.5947068503937007
11
-0.001824094488189
21
-0.5738785433070867
0
LINE
8
BLACK
6
CONTINUOUS
10
-0.001824094488189
20
-0.5738785433070867
11
-0.0434416141732283
21
-0.5956996850393701
0
LINE
8
BLACK
6
CONTINUOUS
10
-0.0434416141732283
20
-0.5956996850393701
11
-0.0441789763779528
21
-0.5959146062992126
0
LINE
8
BLACK
6
CONTINUOUS
10
-0.0441789763779528
20
-0.5959146062992126
11
-0.0456158661417323
21
-0.5954615354330709
0
LINE
8
BLACK
6
CONTINUOUS
10
-0.0456158661417323
20
-0.5954615354330709
11
-0.0463115748031496
21
-0.5941251574803149
0
LINE
8
BLACK
6
CONTINUOUS
10
-0.0463115748031496
20
-0.5941251574803149
11
-0.0458585039370079
21
-0.5926882677165354
0
LINE
8
BLACK
6
CONTINUOUS
10
-0.0458585039370079
20
-0.5926882677165354
11
-0.0077166929133858
21
-0.5726895275590551
0
LINE
8
BLACK
6
CONTINUOUS
10
-0.0077166929133858
20
-0.5726895275590551
11
-0.2674822047244094
21
-0.5728346456692913
0
LINE
8
BLACK
6
CONTINUOUS
10
-0.2674822047244094
20
-0.5728346456692913
11
-0.2682355118110236
21
-0.5726848031496062
0
LINE
8
BLACK
6
CONTINUOUS
10
-0.2682355118110236
20
-0.5726848031496062
11
-0.2693008661417323
21
-0.5716194488188976
0
LINE
8
BLACK
6
CONTINUOUS
10
-0.2693008661417323
20
-0.5716194488188976
11
-0.2693008661417323
21
-0.5701128346456693
0
LINE
8
BLACK
6
CONTINUOUS
10
-0.2693008661417323
20
-0.5701128346456693
11
-0.2682355118110236
21
-0.5690474803149607
0
LINE
8
BLACK
6
CONTINUOUS
10
-0.2682355118110236
20
-0.5690474803149607
11
-0.0077664566929134
21
-0.568901968503937
0
LINE
8
BLACK
6
CONTINUOUS
10
-0.0077664566929134
20
-0.568901968503937
11
-0.0452594881889764
21
-0.5495248031496063
0
LINE
8
BLACK
6
CONTINUOUS
10
-0.0452594881889764
20
-0.5495248031496063
11
-0.0458585039370079
21
-0.5490440157480315
0
LINE
8
BLACK
6
CONTINUOUS
10
-0.0458585039370079
20
-0.5490440157480315
11
-0.0463115748031496
21
-0.547607125984252
0
LINE
8
BLACK
6
CONTINUOUS
10
-0.0463115748031496
20
-0.547607125984252
11
-0.0456158661417323
21
-0.546270748031496
0
LINE
8
BLACK
6
CONTINUOUS
10
-0.0456158661417323
20
-0.546270748031496
11
-0.0441789763779528
21
-0.5458176771653543
0
LINE
8
BLACK
6
CONTINUOUS
10
-0.0441789763779528
20
-0.5458176771653543
11
-0.0018257086614173
21
-0.5677066929133858
0
LINE
8
BLACK
6
CONTINUOUS
10
-0.0018257086614173
20
-0.5677066929133858
11
-0.0018528346456693
21
-0.4636574015748031
0
LINE
8
BLACK
6
CONTINUOUS
10
-0.0018528346456693
20
-0.4636574015748031
11
-0.0434416141732283
21
-0.4854634645669291
0
LINE
8
BLACK
6
CONTINUOUS
10
-0.0434416141732283
20
-0.4854634645669291
11
-0.0441789763779528
21
-0.4856783858267716
0
LINE
8
BLACK
6
CONTINUOUS
10
-0.0441789763779528
20
-0.4856783858267716
11
-0.0456158661417323
21
-0.4852253149606299
0
LINE
8
BLACK
6
CONTINUOUS
10
-0.0456158661417323
20
-0.4852253149606299
11
-0.0463115748031496
21
-0.483888937007874
0
LINE
8
BLACK
6
CONTINUOUS
10
-0.0463115748031496
20
-0.483888937007874
11
-0.0458585039370079
21
-0.4824520472440945
0
LINE
8
BLACK
6
CONTINUOUS
10
-0.0458585039370079
20
-0.4824520472440945
11
-0.0077433858267717
21
-0.4624672834645669
0
LINE
8
BLACK
6
CONTINUOUS
10
-0.0077433858267717
20
-0.4624672834645669
11
-0.0672572047244095
21
-0.4625984251968504
0
LINE
8
BLACK
6
CONTINUOUS
10
-0.0672572047244095
20
-0.4625984251968504
11
-0.0680105118110236
21
-0.4624485826771653
0
LINE
8
BLACK
6
CONTINUOUS
10
-0.0680105118110236
20
-0.4624485826771653
11
-0.0690758661417323
21
-0.4613832283464567
0
LINE
8
BLACK
6
CONTINUOUS
10
-0.0690758661417323
20
-0.4613832283464567
11
-0.0690758661417323
21
-0.4598766141732283
0
LINE
8
BLACK
6
CONTINUOUS
10
-0.0690758661417323
20
-0.4598766141732283
11
-0.0680105118110236
21
-0.4588112598425197
0
LINE
8
BLACK
6
CONTINUOUS
10
-0.0680105118110236
20
-0.4588112598425197
11
-0.0077418503937008
21
-0.4586784645669291
0
LINE
8
BLACK
6
CONTINUOUS
10
-0.0077418503937008
20
-0.4586784645669291
11
-0.0452594881889764
21
-0.4392885826771654
0
LINE
8
BLACK
6
CONTINUOUS
10
-0.0452594881889764
20
-0.4392885826771654
11
-0.0458585039370079
21
-0.4388077952755906
0
LINE
8
BLACK
6
CONTINUOUS
10
-0.0458585039370079
20
-0.4388077952755906
11
-0.0463115748031496
21
-0.437370905511811
0
LINE
8
BLACK
6
CONTINUOUS
10
-0.0463115748031496
20
-0.437370905511811
11
-0.0456158661417323
21
-0.4360345275590551
0
LINE
8
BLACK
6
CONTINUOUS
10
-0.0456158661417323
20
-0.4360345275590551
11
-0.0441789763779528
21
-0.4355814566929134
0
LINE
8
BLACK
6
CONTINUOUS
10
-0.0441789763779528
20
-0.4355814566929134
11
-0.0018544488188976
21
-0.4574556299212598
0
LINE
8
BLACK
6
CONTINUOUS
10
-0.0018544488188976
20
-0.4574556299212598
11
-0.0018614960629921
21
-0.4304148818897638
0
LINE
8
BLACK
6
CONTINUOUS
10
-0.0018614960629921
20
-0.4304148818897638
11
-0.0019685039370079
21
-0.2952755905511811
0
LINE
8
BLACK
6
CONTINUOUS
10
-0.0019685039370079
20
-0.2952755905511811
11
-0.001896811023622
21
-0.294915
0
LINE
8
BLACK
6
CONTINUOUS
10
-0.001896811023622
20
-0.294915
11
-0.0019685039370079
21
-0.0196850393700787
0
LINE
8
BLACK
6
CONTINUOUS
10
-0.0019685039370079
20
-0.0196850393700787
11
-0.0018186614173228
21
-0.0189317322834646
0
LINE
8
BLACK
6
CONTINUOUS
10
-0.0018186614173228
20
-0.0189317322834646
11
-0.0007533070866142
21
-0.0178663779527559
0
LINE
8
BLACK
6
CONTINUOUS
10
-0.0007533070866142
20
-0.0178663779527559
11
0.0007533070866142
21
-0.0178663779527559
0
LINE
8
BLACK
6
CONTINUOUS
10
0.0007533070866142
20
-0.0178663779527559
11
0.0018186614173228
21
-0.0189317322834646
0
LINE
8
BLACK
6
CONTINUOUS
10
-0.535231968503937
20
-0.5465062992125984
11
-0.5351339763779528
21
-0.5465468897637795
0
LINE
8
BLACK
6
CONTINUOUS
10
-0.5351339763779528
20
-0.5465468897637795
11
-0.5350281496062992
21
-0.5465544094488188
0
LINE
8
BLACK
6
CONTINUOUS
10
-0.5350281496062992
20
-0.5465544094488188
11
-0.5345166141732284
21
-0.5468025984251969
0
LINE
8
BLACK
6
CONTINUOUS
10
-0.5345166141732284
20
-0.5468025984251969
11
-0.5341675590551181
21
-0.5469472047244094
0
LINE
8
BLACK
6
CONTINUOUS
10
-0.5341675590551181
20
-0.5469472047244094
11
-0.5341194488188976
21
-0.5469953149606299
0
LINE
8
BLACK
6
CONTINUOUS
10
-0.5341194488188976
20
-0.5469953149606299
11
-0.5307379921259843
21
-0.548636062992126
0
LINE
8
BLACK
6
CONTINUOUS
10
-0.5307379921259843
20
-0.548636062992126
11
-0.53049
21
-0.548792125984252
0
LINE
8
BLACK
6
CONTINUOUS
10
-0.53049
20
-0.548792125984252
11
-0.5304180314960629
21
-0.5488219685039369
0
LINE
8
BLACK
6
CONTINUOUS
10
-0.5304180314960629
20
-0.5488219685039369
11
-0.530371968503937
21
-0.5488664566929133
0
LINE
8
BLACK
6
CONTINUOUS
10
-0.530371968503937
20
-0.5488664566929133
11
-0.5302481102362204
21
-0.5489444094488188
0
LINE
8
BLACK
6
CONTINUOUS
10
-0.5302481102362204
20
-0.5489444094488188
11
-0.5300263779527559
21
-0.5492000787401574
0
LINE
8
BLACK
6
CONTINUOUS
10
-0.5300263779527559
20
-0.5492000787401574
11
-0.5280958267716536
21
-0.551063937007874
0
LINE
8
BLACK
6
CONTINUOUS
10
-0.5280958267716536
20
-0.551063937007874
11
-0.5279100787401575
21
-0.5512902755905512
0
LINE
8
BLACK
6
CONTINUOUS
10
-0.5279100787401575
20
-0.5512902755905512
11
-0.5278510629921259
21
-0.5513414566929133
0
LINE
8
BLACK
6
CONTINUOUS
10
-0.5278510629921259
20
-0.5513414566929133
11
-0.5278224409448818
21
-0.5513970866141732
0
LINE
8
BLACK
6
CONTINUOUS
10
-0.5278224409448818
20
-0.5513970866141732
11
-0.5277286220472441
21
-0.5515113779527558
0
LINE
8
BLACK
6
CONTINUOUS
10
-0.5277286220472441
20
-0.5515113779527558
11
-0.5275849606299212
21
-0.5518582283464567
0
LINE
8
BLACK
6
CONTINUOUS
10
-0.5275849606299212
20
-0.5518582283464567
11
-0.5256679527559055
21
-0.5555808661417323
0
LINE
8
BLACK
6
CONTINUOUS
10
-0.5256679527559055
20
-0.5555808661417323
11
-0.525461062992126
21
-0.5561214566929134
0
LINE
8
BLACK
6
CONTINUOUS
10
-0.525461062992126
20
-0.5561214566929134
11
-0.5254535433070866
21
-0.5562273228346457
0
LINE
8
BLACK
6
CONTINUOUS
10
-0.5254535433070866
20
-0.5562273228346457
11
-0.5254129527559055
21
-0.5563253149606299
0
LINE
8
BLACK
6
CONTINUOUS
10
-0.5254129527559055
20
-0.5563253149606299
11
-0.5254053543307087
21
-0.5569056692913386
0
LINE
8
BLACK
6
CONTINUOUS
10
-0.5254053543307087
20
-0.5569056692913386
11
-0.5253794094488189
21
-0.5572706692913386
0
LINE
8
BLACK
6
CONTINUOUS
10
-0.5253794094488189
20
-0.5572706692913386
11
-0.5253997637795276
21
-0.5573316929133858
0
LINE
8
BLACK
6
CONTINUOUS
10
-0.5253997637795276
20
-0.5573316929133858
11
-0.5253562204724409
21
-0.560650905511811
0
LINE
8
BLACK
6
CONTINUOUS
10
-0.5253562204724409
20
-0.560650905511811
11
-0.5253849606299212
21
-0.5609424803149606
0
LINE
8
BLACK
6
CONTINUOUS
10
-0.5253849606299212
20
-0.5609424803149606
11
-0.5253794094488189
21
-0.5610202362204725
0
LINE
8
BLACK
6
CONTINUOUS
10
-0.5253794094488189
20
-0.5610202362204725
11
-0.5253983858267717
21
-0.561078779527559
0
LINE
8
BLACK
6
CONTINUOUS
10
-0.5253983858267717
20
-0.561078779527559
11
-0.5254129527559055
21
-0.5612269685039369
0
LINE
8
BLACK
6
CONTINUOUS
10
-0.5254129527559055
20
-0.5612269685039369
11
-0.5255656299212599
21
-0.5615954724409449
0
LINE
8
BLACK
6
CONTINUOUS
10
-0.5255656299212599
20
-0.5615954724409449
11
-0.5273825196850394
21
-0.567208937007874
0
LINE
8
BLACK
6
CONTINUOUS
10
-0.5273825196850394
20
-0.567208937007874
11
-0.5276185039370078
21
-0.5677375196850394
0
LINE
8
BLACK
6
CONTINUOUS
10
-0.5276185039370078
20
-0.5677375196850394
11
-0.5276879921259843
21
-0.5678175984251969
0
LINE
8
BLACK
6
CONTINUOUS
10
-0.5276879921259843
20
-0.5678175984251969
11
-0.5277285826771654
21
-0.5679156692913385
0
LINE
8
BLACK
6
CONTINUOUS
10
-0.5277285826771654
20
-0.5679156692913385
11
-0.5280713779527559
21
-0.5682596456692913
0
LINE
8
BLACK
6
CONTINUOUS
10
-0.5280713779527559
20
-0.5682596456692913
11
-0.5283733858267716
21
-0.568607874015748
0
LINE
8
BLACK
6
CONTINUOUS
10
-0.5283733858267716
20
-0.568607874015748
11
-0.528463031496063
21
-0.5686526771653543
0
LINE
8
BLACK
6
CONTINUOUS
10
-0.528463031496063
20
-0.5686526771653543
11
-0.5456091732283465
21
-0.5858589763779527
0
LINE
8
BLACK
6
CONTINUOUS
10
-0.5456091732283465
20
-0.5858589763779527
11
-0.5283089763779527
21
-0.5858196456692913
0
LINE
8
BLACK
6
CONTINUOUS
10
-0.5283089763779527
20
-0.5858196456692913
11
-0.5277329133858267
21
-0.5858763779527559
0
LINE
8
BLACK
6
CONTINUOUS
10
-0.5277329133858267
20
-0.5858763779527559
11
-0.5266685039370078
21
-0.5863172834645669
0
LINE
8
BLACK
6
CONTINUOUS
10
-0.5266685039370078
20
-0.5863172834645669
11
-0.5258538582677166
21
-0.5871319291338583
0
LINE
8
BLACK
6
CONTINUOUS
10
-0.5258538582677166
20
-0.5871319291338583
11
-0.5254129527559055
21
-0.5881963385826772
0
LINE
8
BLACK
6
CONTINUOUS
10
-0.5254129527559055
20
-0.5881963385826772
11
-0.5254129527559055
21
-0.5893484645669291
0
LINE
8
BLACK
6
CONTINUOUS
10
-0.5254129527559055
20
-0.5893484645669291
11
-0.5258538582677166
21
-0.590412874015748
0
LINE
8
BLACK
6
CONTINUOUS
10
-0.5258538582677166
20
-0.590412874015748
11
-0.5266685039370078
21
-0.5912275196850394
0
LINE
8
BLACK
6
CONTINUOUS
10
-0.5266685039370078
20
-0.5912275196850394
11
-0.5277329133858267
21
-0.5916684251968504
0
LINE
8
BLACK
6
CONTINUOUS
10
-0.5277329133858267
20
-0.5916684251968504
11
-0.552680905511811
21
-0.591725157480315
0
LINE
8
BLACK
6
CONTINUOUS
10
-0.552680905511811
20
-0.591725157480315
11
-0.553256968503937
21
-0.5916684251968504
0
LINE
8
BLACK
6
CONTINUOUS
10
-0.553256968503937
20
-0.5916684251968504
11
-0.5543213779527559
21
-0.5912275196850394
0
LINE
8
BLACK
6
CONTINUOUS
10
-0.5543213779527559
20
-0.5912275196850394
11
-0.5551360236220473
21
-0.590412874015748
0
LINE
8
BLACK
6
CONTINUOUS
10
-0.5551360236220473
20
-0.590412874015748
11
-0.5555769291338583
21
-0.5893484645669291
0
LINE
8
BLACK
6
CONTINUOUS
10
-0.5555769291338583
20
-0.5893484645669291
11
-0.5555769291338583
21
-0.5881963385826772
0
LINE
8
BLACK
6
CONTINUOUS
10
-0.5555769291338583
20
-0.5881963385826772
11
-0.5551360236220473
21
-0.5871319291338583
0
LINE
8
BLACK
6
CONTINUOUS
10
-0.5551360236220473
20
-0.5871319291338583
11
-0.5326943307086615
21
-0.5646114173228346
0
LINE
8
BLACK
6
CONTINUOUS
10
-0.5326943307086615
20
-0.5646114173228346
11
-0.5312203543307087
21
-0.5600574409448819
0
LINE
8
BLACK
6
CONTINUOUS
10
-0.5312203543307087
20
-0.5600574409448819
11
-0.5312535826771654
21
-0.5575234645669291
0
LINE
8
BLACK
6
CONTINUOUS
10
-0.5312535826771654
20
-0.5575234645669291
11
-0.5326520866141732
21
-0.5548076771653543
0
LINE
8
BLACK
6
CONTINUOUS
10
-0.5326520866141732
20
-0.5548076771653543
11
-0.5338854330708661
21
-0.553616968503937
0
LINE
8
BLACK
6
CONTINUOUS
10
-0.5338854330708661
20
-0.553616968503937
11
-0.5365870866141732
21
-0.5523060629921259
0
LINE
8
BLACK
6
CONTINUOUS
10
-0.5365870866141732
20
-0.5523060629921259
11
-0.5445688188976378
21
-0.5523515748031496
0
LINE
8
BLACK
6
CONTINUOUS
10
-0.5445688188976378
20
-0.5523515748031496
11
-0.5472755511811024
21
-0.5537453937007873
0
LINE
8
BLACK
6
CONTINUOUS
10
-0.5472755511811024
20
-0.5537453937007873
11
-0.5487182283464567
21
-0.5552397637795276
0
LINE
8
BLACK
6
CONTINUOUS
10
-0.5487182283464567
20
-0.5552397637795276
11
-0.5491656692913386
21
-0.555606968503937
0
LINE
8
BLACK
6
CONTINUOUS
10
-0.5491656692913386
20
-0.555606968503937
11
-0.5502301181102363
21
-0.5560478740157481
0
LINE
8
BLACK
6
CONTINUOUS
10
-0.5502301181102363
20
-0.5560478740157481
11
-0.5513821653543307
21
-0.5560478740157481
0
LINE
8
BLACK
6
CONTINUOUS
10
-0.5513821653543307
20
-0.5560478740157481
11
-0.5524466141732284
21
-0.555606968503937
0
LINE
8
BLACK
6
CONTINUOUS
10
-0.5524466141732284
20
-0.555606968503937
11
-0.5532612598425197
21
-0.5547923228346456
0
LINE
8
BLACK
6
CONTINUOUS
10
-0.5532612598425197
20
-0.5547923228346456
11
-0.5537021653543307
21
-0.553727874015748
0
LINE
8
BLACK
6
CONTINUOUS
10
-0.5537021653543307
20
-0.553727874015748
11
-0.5537021653543307
21
-0.5525758267716535
0
LINE
8
BLACK
6
CONTINUOUS
10
-0.5537021653543307
20
-0.5525758267716535
11
-0.5532612598425197
21
-0.5515113779527558
0
LINE
8
BLACK
6
CONTINUOUS
10
-0.5532612598425197
20
-0.5515113779527558
11
-0.5510192913385826
21
-0.5491891732283465
0
LINE
8
BLACK
6
CONTINUOUS
10
-0.5510192913385826
20
-0.5491891732283465
11
-0.5507929527559055
21
-0.5490033858267717
0
LINE
8
BLACK
6
CONTINUOUS
10
-0.5507929527559055
20
-0.5490033858267717
11
-0.5507417716535433
21
-0.5489444094488188
0
LINE
8
BLACK
6
CONTINUOUS
10
-0.5507417716535433
20
-0.5489444094488188
11
-0.5506861417322835
21
-0.548915748031496
0
LINE
8
BLACK
6
CONTINUOUS
10
-0.5506861417322835
20
-0.548915748031496
11
-0.5505718503937008
21
-0.5488219685039369
0
LINE
8
BLACK
6
CONTINUOUS
10
-0.5505718503937008
20
-0.5488219685039369
11
-0.550225
21
-0.5486782677165354
0
LINE
8
BLACK
6
CONTINUOUS
10
-0.550225
20
-0.5486782677165354
11
-0.5465023622047244
21
-0.5467612992125984
0
LINE
8
BLACK
6
CONTINUOUS
10
-0.5465023622047244
20
-0.5467612992125984
11
-0.5459617716535433
21
-0.5465544094488188
0
LINE
8
BLACK
6
CONTINUOUS
10
-0.5459617716535433
20
-0.5465544094488188
11
-0.545855905511811
21
-0.5465468503937008
0
LINE
8
BLACK
6
CONTINUOUS
10
-0.545855905511811
20
-0.5465468503937008
11
-0.5457579133858268
21
-0.5465062992125984
0
LINE
8
BLACK
6
CONTINUOUS
10
-0.5457579133858268
20
-0.5465062992125984
11
-0.5452433858267717
21
-0.5465033464566929
0
LINE
8
BLACK
6
CONTINUOUS
10
-0.5452433858267717
20
-0.5465033464566929
11
-0.5448125590551181
21
-0.5464727559055118
0
LINE
8
BLACK
6
CONTINUOUS
10
-0.5448125590551181
20
-0.5464727559055118
11
-0.5447295275590551
21
-0.5465004330708662
0
LINE
8
BLACK
6
CONTINUOUS
10
-0.5447295275590551
20
-0.5465004330708662
11
-0.5358080314960629
21
-0.5464495669291338
0
LINE
8
BLACK
6
CONTINUOUS
10
-0.5358080314960629
20
-0.5464495669291338
11
-0.535231968503937
21
-0.5465062992125984
0
LINE
8
BLACK
6
CONTINUOUS
10
-0.5017785826771654
20
-0.5465062992125984
11
-0.5014861811023622
21
-0.5465062992125984
0
LINE
8
BLACK
6
CONTINUOUS
10
-0.5014861811023622
20
-0.5465062992125984
11
-0.501218937007874
21
-0.5466170078740157
0
LINE
8
BLACK
6
CONTINUOUS
10
-0.501218937007874
20
-0.5466170078740157
11
-0.5009351181102362
21
-0.5466731496062992
0
LINE
8
BLACK
6
CONTINUOUS
10
-0.5009351181102362
20
-0.5466731496062992
11
-0.5006918503937008
21
-0.5468353149606299
0
LINE
8
BLACK
6
CONTINUOUS
10
-0.5006918503937008
20
-0.5468353149606299
11
-0.5004217716535433
21
-0.5469472047244094
0
LINE
8
BLACK
6
CONTINUOUS
10
-0.5004217716535433
20
-0.5469472047244094
11
-0.5002173228346457
21
-0.5471516535433071
0
LINE
8
BLACK
6
CONTINUOUS
10
-0.5002173228346457
20
-0.5471516535433071
11
-0.4999764960629921
21
-0.5473122047244094
0
LINE
8
BLACK
6
CONTINUOUS
10
-0.4999764960629921
20
-0.5473122047244094
11
-0.4998137795275591
21
-0.5475551968503937
0
LINE
8
BLACK
6
CONTINUOUS
10
-0.4998137795275591
20
-0.5475551968503937
11
-0.4996071259842519
21
-0.5477618503937007
0
LINE
8
BLACK
6
CONTINUOUS
10
-0.4996071259842519
20
-0.5477618503937007
11
-0.4994964566929134
21
-0.5480290551181102
0
LINE
8
BLACK
6
CONTINUOUS
10
-0.4994964566929134
20
-0.5480290551181102
11
-0.4993354330708661
21
-0.5482694881889764
0
LINE
8
BLACK
6
CONTINUOUS
10
-0.4993354330708661
20
-0.5482694881889764
11
-0.4992781102362205
21
-0.5485561417322834
0
LINE
8
BLACK
6
CONTINUOUS
10
-0.4992781102362205
20
-0.5485561417322834
11
-0.4991662204724409
21
-0.5488262598425196
0
LINE
8
BLACK
6
CONTINUOUS
10
-0.4991662204724409
20
-0.5488262598425196
11
-0.4991658267716536
21
-0.5491175984251968
0
LINE
8
BLACK
6
CONTINUOUS
10
-0.4991658267716536
20
-0.5491175984251968
11
-0.4991094881889764
21
-0.5493992125984252
0
LINE
8
BLACK
6
CONTINUOUS
10
-0.4991094881889764
20
-0.5493992125984252
11
-0.4991650393700787
21
-0.549679842519685
0
LINE
8
BLACK
6
CONTINUOUS
10
-0.4991650393700787
20
-0.549679842519685
11
-0.4991136614173228
21
-0.5858400393700788
0
LINE
8
BLACK
6
CONTINUOUS
10
-0.4991136614173228
20
-0.5858400393700788
11
-0.4908136614173228
21
-0.5858196456692913
0
LINE
8
BLACK
6
CONTINUOUS
10
-0.4908136614173228
20
-0.5858196456692913
11
-0.4902375984251968
21
-0.5858763779527559
0
LINE
8
BLACK
6
CONTINUOUS
10
-0.4902375984251968
20
-0.5858763779527559
11
-0.489173188976378
21
-0.5863172834645669
0
LINE
8
BLACK
6
CONTINUOUS
10
-0.489173188976378
20
-0.5863172834645669
11
-0.4883585433070866
21
-0.5871319291338583
0
LINE
8
BLACK
6
CONTINUOUS
10
-0.4883585433070866
20
-0.5871319291338583
11
-0.4879176377952756
21
-0.5881963385826772
0
LINE
8
BLACK
6
CONTINUOUS
10
-0.4879176377952756
20
-0.5881963385826772
11
-0.4879176377952756
21
-0.5893484645669291
0
LINE
8
BLACK
6
CONTINUOUS
10
-0.4879176377952756
20
-0.5893484645669291
11
-0.4883585433070866
21
-0.590412874015748
0
LINE
8
BLACK
6
CONTINUOUS
10
-0.4883585433070866
20
-0.590412874015748
11
-0.489173188976378
21
-0.5912275196850394
0
LINE
8
BLACK
6
CONTINUOUS
10
-0.489173188976378
20
-0.5912275196850394
11
-0.4902375984251968
21
-0.5916684251968504
0
LINE
8
BLACK
6
CONTINUOUS
10
-0.4902375984251968
20
-0.5916684251968504
11
-0.5133108267716535
21
-0.591725157480315
0
LINE
8
BLACK
6
CONTINUOUS
10
-0.5133108267716535
20
-0.591725157480315
11
-0.5138868897637795
21
-0.5916684251968504
0
LINE
8
BLACK
6
CONTINUOUS
10
-0.5138868897637795
20
-0.5916684251968504
11
-0.5149512992125984
21
-0.5912275196850394
0
LINE
8
BLACK
6
CONTINUOUS
10
-0.5149512992125984
20
-0.5912275196850394
11
-0.5157659448818898
21
-0.590412874015748
0
LINE
8
BLACK
6
CONTINUOUS
10
-0.5157659448818898
20
-0.590412874015748
11
-0.5162068503937007
21
-0.5893484645669291
0
LINE
8
BLACK
6
CONTINUOUS
10
-0.5162068503937007
20
-0.5893484645669291
11
-0.5162068503937007
21
-0.5881963385826772
0
LINE
8
BLACK
6
CONTINUOUS
10
-0.5162068503937007
20
-0.5881963385826772
11
-0.5157659448818898
21
-0.5871319291338583
0
LINE
8
BLACK
6
CONTINUOUS
10
-0.5157659448818898
20
-0.5871319291338583
11
-0.5149512992125984
21
-0.5863172834645669
0
LINE
8
BLACK
6
CONTINUOUS
10
-0.5149512992125984
20
-0.5863172834645669
11
-0.5138868897637795
21
-0.5858763779527559
0
LINE
8
BLACK
6
CONTINUOUS
10
-0.5138868897637795
20
-0.5858763779527559
11
-0.5049632677165354
21
-0.5858544094488188
0
LINE
8
BLACK
6
CONTINUOUS
10
-0.5049632677165354
20
-0.5858544094488188
11
-0.5050023228346456
21
-0.5583448031496063
0
LINE
8
BLACK
6
CONTINUOUS
10
-0.5050023228346456
20
-0.5583448031496063
11
-0.5074733858267716
21
-0.5608640551181102
0
LINE
8
BLACK
6
CONTINUOUS
10
-0.5074733858267716
20
-0.5608640551181102
11
-0.5076997637795275
21
-0.5610498031496063
0
LINE
8
BLACK
6
CONTINUOUS
10
-0.5076997637795275
20
-0.5610498031496063
11
-0.507750905511811
21
-0.5611088188976378
0
LINE
8
BLACK
6
CONTINUOUS
10
-0.507750905511811
20
-0.5611088188976378
11
-0.5078065748031496
21
-0.5611374409448818
0
LINE
8
BLACK
6
CONTINUOUS
10
-0.5078065748031496
20
-0.5611374409448818
11
-0.5079208267716535
21
-0.5612312598425196
0
LINE
8
BLACK
6
CONTINUOUS
10
-0.5079208267716535
20
-0.5612312598425196
11
-0.5082676377952756
21
-0.5613748818897638
0
LINE
8
BLACK
6
CONTINUOUS
10
-0.5082676377952756
20
-0.5613748818897638
11
-0.5119903149606299
21
-0.5632919291338583
0
LINE
8
BLACK
6
CONTINUOUS
10
-0.5119903149606299
20
-0.5632919291338583
11
-0.5125309448818898
21
-0.5634988188976378
0
LINE
8
BLACK
6
CONTINUOUS
10
-0.5125309448818898
20
-0.5634988188976378
11
-0.5136801574803149
21
-0.5635804724409449
0
LINE
8
BLACK
6
CONTINUOUS
10
-0.5136801574803149
20
-0.5635804724409449
11
-0.5147731102362204
21
-0.5632161417322834
0
LINE
8
BLACK
6
CONTINUOUS
10
-0.5147731102362204
20
-0.5632161417322834
11
-0.5156435039370079
21
-0.5624612992125985
0
LINE
8
BLACK
6
CONTINUOUS
10
-0.5156435039370079
20
-0.5624612992125985
11
-0.5161587401574803
21
-0.5614307874015748
0
LINE
8
BLACK
6
CONTINUOUS
10
-0.5161587401574803
20
-0.5614307874015748
11
-0.5162403937007873
21
-0.5602815748031496
0
LINE
8
BLACK
6
CONTINUOUS
10
-0.5162403937007873
20
-0.5602815748031496
11
-0.515876062992126
21
-0.5591886220472441
0
LINE
8
BLACK
6
CONTINUOUS
10
-0.515876062992126
20
-0.5591886220472441
11
-0.5151212204724409
21
-0.5583182283464567
0
LINE
8
BLACK
6
CONTINUOUS
10
-0.5151212204724409
20
-0.5583182283464567
11
-0.5111913779527559
21
-0.5562944881889763
0
LINE
8
BLACK
6
CONTINUOUS
10
-0.5111913779527559
20
-0.5562944881889763
11
-0.5079341338582677
21
-0.552973779527559
0
LINE
8
BLACK
6
CONTINUOUS
10
-0.5079341338582677
20
-0.552973779527559
11
-0.504519094488189
21
-0.5477644094488189
0
LINE
8
BLACK
6
CONTINUOUS
10
-0.504519094488189
20
-0.5477644094488189
11
-0.5045177559055118
21
-0.5477627165354331
0
LINE
8
BLACK
6
CONTINUOUS
10
-0.5045177559055118
20
-0.5477627165354331
11
-0.5045173622047244
21
-0.5477618503937007
0
LINE
8
BLACK
6
CONTINUOUS
10
-0.5045173622047244
20
-0.5477618503937007
11
-0.5045153543307086
21
-0.5477598031496063
0
LINE
8
BLACK
6
CONTINUOUS
10
-0.5045153543307086
20
-0.5477598031496063
11
-0.5041523228346456
21
-0.5473165748031495
0
LINE
8
BLACK
6
CONTINUOUS
10
-0.5041523228346456
20
-0.5473165748031495
11
-0.5039094488188977
21
-0.5471538976377953
0
LINE
8
BLACK
6
CONTINUOUS
10
-0.5039094488188977
20
-0.5471538976377953
11
-0.5037027165354331
21
-0.5469472047244094
0
LINE
8
BLACK
6
CONTINUOUS
10
-0.5037027165354331
20
-0.5469472047244094
11
-0.5034354330708661
21
-0.5468364566929134
0
LINE
8
BLACK
6
CONTINUOUS
10
-0.5034354330708661
20
-0.5468364566929134
11
-0.5031950393700787
21
-0.5466755118110236
0
LINE
8
BLACK
6
CONTINUOUS
10
-0.5031950393700787
20
-0.5466755118110236
11
-0.5029084251968504
21
-0.5466181496062992
0
LINE
8
BLACK
6
CONTINUOUS
10
-0.5029084251968504
20
-0.5466181496062992
11
-0.5026383070866142
21
-0.5465062992125984
0
LINE
8
BLACK
6
CONTINUOUS
10
-0.5026383070866142
20
-0.5465062992125984
11
-0.5023490157480315
21
-0.5465062992125984
0
LINE
8
BLACK
6
CONTINUOUS
10
-0.5023490157480315
20
-0.5465062992125984
11
-0.5020653543307086
21
-0.5464495669291338
0
LINE
8
BLACK
6
CONTINUOUS
10
-0.5020653543307086
20
-0.5464495669291338
11
-0.5017785826771654
21
-0.5465062992125984
0
LINE
8
BLACK
6
CONTINUOUS
10
-0.4377441732283465
20
-0.5465062992125984
11
-0.4366797637795276
21
-0.5469472047244094
0
LINE
8
BLACK
6
CONTINUOUS
10
-0.4366797637795276
20
-0.5469472047244094
11
-0.4358651181102362
21
-0.5477618503937007
0
LINE
8
BLACK
6
CONTINUOUS
10
-0.4358651181102362
20
-0.5477618503937007
11
-0.4354242125984252
21
-0.5488262598425196
0
LINE
8
BLACK
6
CONTINUOUS
10
-0.4354242125984252
20
-0.5488262598425196
11
-0.4354242125984252
21
-0.5499783858267716
0
LINE
8
BLACK
6
CONTINUOUS
10
-0.4354242125984252
20
-0.5499783858267716
11
-0.4358651181102362
21
-0.5510427952755905
0
LINE
8
BLACK
6
CONTINUOUS
10
-0.4358651181102362
20
-0.5510427952755905
11
-0.4366797637795276
21
-0.5518574409448819
0
LINE
8
BLACK
6
CONTINUOUS
10
-0.4366797637795276
20
-0.5518574409448819
11
-0.4377441732283465
21
-0.5522983464566928
0
LINE
8
BLACK
6
CONTINUOUS
10
-0.4377441732283465
20
-0.5522983464566928
11
-0.4452046850393701
21
-0.5523507480314961
0
LINE
8
BLACK
6
CONTINUOUS
10
-0.4452046850393701
20
-0.5523507480314961
11
-0.4479129921259842
21
-0.5537453937007873
0
LINE
8
BLACK
6
CONTINUOUS
10
-0.4479129921259842
20
-0.5537453937007873
11
-0.4493201968503937
21
-0.5552029921259842
0
LINE
8
BLACK
6
CONTINUOUS
10
-0.4493201968503937
20
-0.5552029921259842
11
-0.4525303937007874
21
-0.5600999606299213
0
LINE
8
BLACK
6
CONTINUOUS
10
-0.4525303937007874
20
-0.5600999606299213
11
-0.4532252362204724
21
-0.5629622440944881
0
LINE
8
BLACK
6
CONTINUOUS
10
-0.4532252362204724
20
-0.5629622440944881
11
-0.4508893307086614
21
-0.5617594094488189
0
LINE
8
BLACK
6
CONTINUOUS
10
-0.4508893307086614
20
-0.5617594094488189
11
-0.4503487401574803
21
-0.5615525196850394
0
LINE
8
BLACK
6
CONTINUOUS
10
-0.4503487401574803
20
-0.5615525196850394
11
-0.450242874015748
21
-0.5615449606299212
0
LINE
8
BLACK
6
CONTINUOUS
10
-0.450242874015748
20
-0.5615449606299212
11
-0.4501448818897638
21
-0.5615044094488189
0
LINE
8
BLACK
6
CONTINUOUS
10
-0.4501448818897638
20
-0.5615044094488189
11
-0.4496197244094488
21
-0.5615007086614173
0
LINE
8
BLACK
6
CONTINUOUS
10
-0.4496197244094488
20
-0.5615007086614173
11
-0.4491995275590551
21
-0.5614708661417322
0
LINE
8
BLACK
6
CONTINUOUS
10
-0.4491995275590551
20
-0.5614708661417322
11
-0.4491205118110236
21
-0.5614972047244094
0
LINE
8
BLACK
6
CONTINUOUS
10
-0.4491205118110236
20
-0.5614972047244094
11
-0.4420697637795276
21
-0.5614476771653543
0
LINE
8
BLACK
6
CONTINUOUS
10
-0.4420697637795276
20
-0.5614476771653543
11
-0.4414937007874016
21
-0.5615044094488189
0
LINE
8
BLACK
6
CONTINUOUS
10
-0.4414937007874016
20
-0.5615044094488189
11
-0.4413957086614173
21
-0.561545
0
LINE
8
BLACK
6
CONTINUOUS
10
-0.4413957086614173
20
-0.561545
11
-0.4412898818897638
21
-0.5615525196850394
0
LINE
8
BLACK
6
CONTINUOUS
10
-0.4412898818897638
20
-0.5615525196850394
11
-0.4407783464566929
21
-0.5618007086614173
0
LINE
8
BLACK
6
CONTINUOUS
10
-0.4407783464566929
20
-0.5618007086614173
11
-0.4404292913385827
21
-0.5619453149606299
0
LINE
8
BLACK
6
CONTINUOUS
10
-0.4404292913385827
20
-0.5619453149606299
11
-0.4403811811023622
21
-0.5619934251968504
0
LINE
8
BLACK
6
CONTINUOUS
10
-0.4403811811023622
20
-0.5619934251968504
11
-0.4369997244094488
21
-0.5636341732283464
0
LINE
8
BLACK
6
CONTINUOUS
10
-0.4369997244094488
20
-0.5636341732283464
11
-0.4367517322834645
21
-0.5637902362204724
0
LINE
8
BLACK
6
CONTINUOUS
10
-0.4367517322834645
20
-0.5637902362204724
11
-0.4366797637795276
21
-0.5638200787401575
0
LINE
8
BLACK
6
CONTINUOUS
10
-0.4366797637795276
20
-0.5638200787401575
11
-0.4366337007874015
21
-0.5638645669291339
0
LINE
8
BLACK
6
CONTINUOUS
10
-0.4366337007874015
20
-0.5638645669291339
11
-0.4365098425196851
21
-0.5639425196850394
0
LINE
8
BLACK
6
CONTINUOUS
10
-0.4365098425196851
20
-0.5639425196850394
11
-0.4362881102362204
21
-0.564198188976378
0
LINE
8
BLACK
6
CONTINUOUS
10
-0.4362881102362204
20
-0.564198188976378
11
-0.4343575590551181
21
-0.5660620472440945
0
LINE
8
BLACK
6
CONTINUOUS
10
-0.4343575590551181
20
-0.5660620472440945
11
-0.434171811023622
21
-0.5662883858267717
0
LINE
8
BLACK
6
CONTINUOUS
10
-0.434171811023622
20
-0.5662883858267717
11
-0.4341127952755905
21
-0.5663395669291339
0
LINE
8
BLACK
6
CONTINUOUS
10
-0.4341127952755905
20
-0.5663395669291339
11
-0.4340841732283465
21
-0.5663951968503936
0
LINE
8
BLACK
6
CONTINUOUS
10
-0.4340841732283465
20
-0.5663951968503936
11
-0.4339903543307086
21
-0.5665094881889764
0
LINE
8
BLACK
6
CONTINUOUS
10
-0.4339903543307086
20
-0.5665094881889764
11
-0.4338466929133858
21
-0.5668563385826771
0
LINE
8
BLACK
6
CONTINUOUS
10
-0.4338466929133858
20
-0.5668563385826771
11
-0.4319296850393701
21
-0.5705789763779527
0
LINE
8
BLACK
6
CONTINUOUS
10
-0.4319296850393701
20
-0.5705789763779527
11
-0.4317227952755905
21
-0.5711195669291338
0
LINE
8
BLACK
6
CONTINUOUS
10
-0.4317227952755905
20
-0.5711195669291338
11
-0.4317152755905512
21
-0.5712254330708662
0
LINE
8
BLACK
6
CONTINUOUS
10
-0.4317152755905512
20
-0.5712254330708662
11
-0.4316746850393701
21
-0.5713234251968504
0
LINE
8
BLACK
6
CONTINUOUS
10
-0.4316746850393701
20
-0.5713234251968504
11
-0.4316717716535433
21
-0.5718379527559055
0
LINE
8
BLACK
6
CONTINUOUS
10
-0.4316717716535433
20
-0.5718379527559055
11
-0.4316411417322835
21
-0.5722687795275591
0
LINE
8
BLACK
6
CONTINUOUS
10
-0.4316411417322835
20
-0.5722687795275591
11
-0.4316688582677165
21
-0.572351811023622
0
LINE
8
BLACK
6
CONTINUOUS
10
-0.4316688582677165
20
-0.572351811023622
11
-0.4316179527559055
21
-0.5812733070866142
0
LINE
8
BLACK
6
CONTINUOUS
10
-0.4316179527559055
20
-0.5812733070866142
11
-0.4316746850393701
21
-0.5818493700787402
0
LINE
8
BLACK
6
CONTINUOUS
10
-0.4316746850393701
20
-0.5818493700787402
11
-0.4317152755905512
21
-0.5819473228346457
0
LINE
8
BLACK
6
CONTINUOUS
10
-0.4317152755905512
20
-0.5819473228346457
11
-0.4317227952755905
21
-0.5820532283464567
0
LINE
8
BLACK
6
CONTINUOUS
10
-0.4317227952755905
20
-0.5820532283464567
11
-0.4319711417322835
21
-0.5825649606299212
0
LINE
8
BLACK
6
CONTINUOUS
10
-0.4319711417322835
20
-0.5825649606299212
11
-0.4321155905511811
21
-0.5829137795275591
0
LINE
8
BLACK
6
CONTINUOUS
10
-0.4321155905511811
20
-0.5829137795275591
11
-0.4321637007874016
21
-0.5829618503937007
0
LINE
8
BLACK
6
CONTINUOUS
10
-0.4321637007874016
20
-0.5829618503937007
11
-0.4338044488188976
21
-0.5863433464566929
0
LINE
8
BLACK
6
CONTINUOUS
10
-0.4338044488188976
20
-0.5863433464566929
11
-0.4339605118110236
21
-0.5865912204724409
0
LINE
8
BLACK
6
CONTINUOUS
10
-0.4339605118110236
20
-0.5865912204724409
11
-0.4339903149606299
21
-0.5866632677165354
0
LINE
8
BLACK
6
CONTINUOUS
10
-0.4339903149606299
20
-0.5866632677165354
11
-0.4340348818897637
21
-0.5867093700787401
0
LINE
8
BLACK
6
CONTINUOUS
10
-0.4340348818897637
20
-0.5867093700787401
11
-0.4341127952755905
21
-0.5868332283464567
0
LINE
8
BLACK
6
CONTINUOUS
10
-0.4341127952755905
20
-0.5868332283464567
11
-0.4343684645669291
21
-0.5870549212598425
0
LINE
8
BLACK
6
CONTINUOUS
10
-0.4343684645669291
20
-0.5870549212598425
11
-0.4362322834645669
21
-0.5889855118110237
0
LINE
8
BLACK
6
CONTINUOUS
10
-0.4362322834645669
20
-0.5889855118110237
11
-0.4364586614173228
21
-0.5891712598425197
0
LINE
8
BLACK
6
CONTINUOUS
10
-0.4364586614173228
20
-0.5891712598425197
11
-0.4365098425196851
21
-0.5892303149606299
0
LINE
8
BLACK
6
CONTINUOUS
10
-0.4365098425196851
20
-0.5892303149606299
11
-0.4365655118110236
21
-0.589258937007874
0
LINE
8
BLACK
6
CONTINUOUS
10
-0.4365655118110236
20
-0.589258937007874
11
-0.4366797637795276
21
-0.5893527559055118
0
LINE
8
BLACK
6
CONTINUOUS
10
-0.4366797637795276
20
-0.5893527559055118
11
-0.4370266535433071
21
-0.5894964173228346
0
LINE
8
BLACK
6
CONTINUOUS
10
-0.4370266535433071
20
-0.5894964173228346
11
-0.440749251968504
21
-0.5914134251968504
0
LINE
8
BLACK
6
CONTINUOUS
10
-0.440749251968504
20
-0.5914134251968504
11
-0.4412898818897638
21
-0.5916203149606299
0
LINE
8
BLACK
6
CONTINUOUS
10
-0.4412898818897638
20
-0.5916203149606299
11
-0.4413957086614173
21
-0.5916277952755905
0
LINE
8
BLACK
6
CONTINUOUS
10
-0.4413957086614173
20
-0.5916277952755905
11
-0.4414937007874016
21
-0.5916684251968504
0
LINE
8
BLACK
6
CONTINUOUS
10
-0.4414937007874016
20
-0.5916684251968504
11
-0.442018937007874
21
-0.5916720866141733
0
LINE
8
BLACK
6
CONTINUOUS
10
-0.442018937007874
20
-0.5916720866141733
11
-0.442439094488189
21
-0.591701968503937
0
LINE
8
BLACK
6
CONTINUOUS
10
-0.442439094488189
20
-0.591701968503937
11
-0.4425181496062992
21
-0.5916755905511811
0
LINE
8
BLACK
6
CONTINUOUS
10
-0.4425181496062992
20
-0.5916755905511811
11
-0.4495688188976378
21
-0.591725157480315
0
LINE
8
BLACK
6
CONTINUOUS
10
-0.4495688188976378
20
-0.591725157480315
11
-0.4501448818897638
21
-0.5916684251968504
0
LINE
8
BLACK
6
CONTINUOUS
10
-0.4501448818897638
20
-0.5916684251968504
11
-0.450242874015748
21
-0.5916278346456693
0
LINE
8
BLACK
6
CONTINUOUS
10
-0.450242874015748
20
-0.5916278346456693
11
-0.4503487401574803
21
-0.5916203149606299
0
LINE
8
BLACK
6
CONTINUOUS
10
-0.4503487401574803
20
-0.5916203149606299
11
-0.4508605118110236
21
-0.591371968503937
0
LINE
8
BLACK
6
CONTINUOUS
10
-0.4508605118110236
20
-0.591371968503937
11
-0.4512092913385827
21
-0.5912275196850394
0
LINE
8
BLACK
6
CONTINUOUS
10
-0.4512092913385827
20
-0.5912275196850394
11
-0.4512574015748032
21
-0.5911794094488189
0
LINE
8
BLACK
6
CONTINUOUS
10
-0.4512574015748032
20
-0.5911794094488189
11
-0.4546388582677166
21
-0.5895386614173228
0
LINE
8
BLACK
6
CONTINUOUS
10
-0.4546388582677166
20
-0.5895386614173228
11
-0.4548868897637795
21
-0.589382559055118
0
LINE
8
BLACK
6
CONTINUOUS
10
-0.4548868897637795
20
-0.589382559055118
11
-0.4549588188976378
21
-0.5893527559055118
0
LINE
8
BLACK
6
CONTINUOUS
10
-0.4549588188976378
20
-0.5893527559055118
11
-0.4550049212598425
21
-0.5893082283464567
0
LINE
8
BLACK
6
CONTINUOUS
10
-0.4550049212598425
20
-0.5893082283464567
11
-0.4551287401574803
21
-0.5892303149606299
0
LINE
8
BLACK
6
CONTINUOUS
10
-0.4551287401574803
20
-0.5892303149606299
11
-0.4553505511811023
21
-0.5889745275590551
0
LINE
8
BLACK
6
CONTINUOUS
10
-0.4553505511811023
20
-0.5889745275590551
11
-0.457281062992126
21
-0.5871107086614173
0
LINE
8
BLACK
6
CONTINUOUS
10
-0.457281062992126
20
-0.5871107086614173
11
-0.457466811023622
21
-0.5868843700787402
0
LINE
8
BLACK
6
CONTINUOUS
10
-0.457466811023622
20
-0.5868843700787402
11
-0.4575257874015748
21
-0.5868332283464567
0
LINE
8
BLACK
6
CONTINUOUS
10
-0.4575257874015748
20
-0.5868332283464567
11
-0.4575544488188976
21
-0.5867775984251968
0
LINE
8
BLACK
6
CONTINUOUS
10
-0.4575544488188976
20
-0.5867775984251968
11
-0.4576482677165354
21
-0.5866632677165354
0
LINE
8
BLACK
6
CONTINUOUS
10
-0.4576482677165354
20
-0.5866632677165354
11
-0.457791968503937
21
-0.5863163385826772
0
LINE
8
BLACK
6
CONTINUOUS
10
-0.457791968503937
20
-0.5863163385826772
11
-0.4597088976377953
21
-0.5825938188976377
0
LINE
8
BLACK
6
CONTINUOUS
10
-0.4597088976377953
20
-0.5825938188976377
11
-0.4599157874015748
21
-0.5820531889763779
0
LINE
8
BLACK
6
CONTINUOUS
10
-0.4599157874015748
20
-0.5820531889763779
11
-0.4599233070866142
21
-0.5819473622047244
0
LINE
8
BLACK
6
CONTINUOUS
10
-0.4599233070866142
20
-0.5819473622047244
11
-0.4599638976377953
21
-0.5818493700787402
0
LINE
8
BLACK
6
CONTINUOUS
10
-0.4599638976377953
20
-0.5818493700787402
11
-0.459965748031496
21
-0.5813504724409448
0
LINE
8
BLACK
6
CONTINUOUS
10
-0.459965748031496
20
-0.5813504724409448
11
-0.4599974409448819
21
-0.5809039763779528
0
LINE
8
BLACK
6
CONTINUOUS
10
-0.4599974409448819
20
-0.5809039763779528
11
-0.4599676771653543
21
-0.5808146456692913
0
LINE
8
BLACK
6
CONTINUOUS
10
-0.4599676771653543
20
-0.5808146456692913
11
-0.4600206299212598
21
-0.5662751968503937
0
LINE
8
BLACK
6
CONTINUOUS
10
-0.4600206299212598
20
-0.5662751968503937
11
-0.4600107480314961
21
-0.5661746456692913
0
LINE
8
BLACK
6
CONTINUOUS
10
-0.4600107480314961
20
-0.5661746456692913
11
-0.460017125984252
21
-0.5661316535433071
0
LINE
8
BLACK
6
CONTINUOUS
10
-0.460017125984252
20
-0.5661316535433071
11
-0.4599992519685039
21
-0.5660579527559055
0
LINE
8
BLACK
6
CONTINUOUS
10
-0.4599992519685039
20
-0.5660579527559055
11
-0.4599638976377953
21
-0.5656991338582678
0
LINE
8
BLACK
6
CONTINUOUS
10
-0.4599638976377953
20
-0.5656991338582678
11
-0.4598388582677165
21
-0.5653972047244095
0
LINE
8
BLACK
6
CONTINUOUS
10
-0.4598388582677165
20
-0.5653972047244095
11
-0.458057716535433
21
-0.55806
0
LINE
8
BLACK
6
CONTINUOUS
10
-0.458057716535433
20
-0.55806
11
-0.4579364566929134
21
-0.5577205118110236
0
LINE
8
BLACK
6
CONTINUOUS
10
-0.4579364566929134
20
-0.5577205118110236
11
-0.4579222834645669
21
-0.5576490157480315
0
LINE
8
BLACK
6
CONTINUOUS
10
-0.4579222834645669
20
-0.5576490157480315
11
-0.4578972440944882
21
-0.557610748031496
0
LINE
8
BLACK
6
CONTINUOUS
10
-0.4578972440944882
20
-0.557610748031496
11
-0.4578629527559055
21
-0.5575148818897637
0
LINE
8
BLACK
6
CONTINUOUS
10
-0.4578629527559055
20
-0.5575148818897637
11
-0.4576149212598425
21
-0.5571800787401575
0
LINE
8
BLACK
6
CONTINUOUS
10
-0.4576149212598425
20
-0.5571800787401575
11
-0.4539004330708661
21
-0.551513937007874
0
LINE
8
BLACK
6
CONTINUOUS
10
-0.4539004330708661
20
-0.551513937007874
11
-0.453899094488189
21
-0.5515122440944882
0
LINE
8
BLACK
6
CONTINUOUS
10
-0.453899094488189
20
-0.5515122440944882
11
-0.4538987007874016
21
-0.5515113779527558
0
LINE
8
BLACK
6
CONTINUOUS
10
-0.4538987007874016
20
-0.5515113779527558
11
-0.4538963385826771
21
-0.5515088582677166
0
LINE
8
BLACK
6
CONTINUOUS
10
-0.4538963385826771
20
-0.5515088582677166
11
-0.4535336614173228
21
-0.5510661023622047
0
LINE
8
BLACK
6
CONTINUOUS
10
-0.4535336614173228
20
-0.5510661023622047
11
-0.4533501968503937
21
-0.5509432283464567
0
LINE
8
BLACK
6
CONTINUOUS
10
-0.4533501968503937
20
-0.5509432283464567
11
-0.4516567322834645
21
-0.5491891732283465
0
LINE
8
BLACK
6
CONTINUOUS
10
-0.4516567322834645
20
-0.5491891732283465
11
-0.4514303937007874
21
-0.5490033858267717
0
LINE
8
BLACK
6
CONTINUOUS
10
-0.4514303937007874
20
-0.5490033858267717
11
-0.4513792125984252
21
-0.5489444094488188
0
LINE
8
BLACK
6
CONTINUOUS
10
-0.4513792125984252
20
-0.5489444094488188
11
-0.4513235826771653
21
-0.548915748031496
0
LINE
8
BLACK
6
CONTINUOUS
10
-0.4513235826771653
20
-0.548915748031496
11
-0.4512092913385827
21
-0.5488219685039369
0
LINE
8
BLACK
6
CONTINUOUS
10
-0.4512092913385827
20
-0.5488219685039369
11
-0.4508624409448819
21
-0.5486782677165354
0
LINE
8
BLACK
6
CONTINUOUS
10
-0.4508624409448819
20
-0.5486782677165354
11
-0.4471398031496063
21
-0.5467612992125984
0
LINE
8
BLACK
6
CONTINUOUS
10
-0.4471398031496063
20
-0.5467612992125984
11
-0.4465992125984252
21
-0.5465544094488188
0
LINE
8
BLACK
6
CONTINUOUS
10
-0.4465992125984252
20
-0.5465544094488188
11
-0.4464933464566929
21
-0.5465468503937008
0
LINE
8
BLACK
6
CONTINUOUS
10
-0.4464933464566929
20
-0.5465468503937008
11
-0.4463953543307086
21
-0.5465062992125984
0
LINE
8
BLACK
6
CONTINUOUS
10
-0.4463953543307086
20
-0.5465062992125984
11
-0.4458701968503937
21
-0.5465025984251969
0
LINE
8
BLACK
6
CONTINUOUS
10
-0.4458701968503937
20
-0.5465025984251969
11
-0.44545
21
-0.5464727559055118
0
LINE
8
BLACK
6
CONTINUOUS
10
-0.44545
20
-0.5464727559055118
11
-0.4453709842519685
21
-0.546499094488189
0
LINE
8
BLACK
6
CONTINUOUS
10
-0.4453709842519685
20
-0.546499094488189
11
-0.4383202362204724
21
-0.5464495669291338
0
LINE
8
BLACK
6
CONTINUOUS
10
-0.4383202362204724
20
-0.5464495669291338
11
-0.4377441732283465
21
-0.5465062992125984
0
LINE
8
BLACK
6
CONTINUOUS
10
-0.4489542125984252
20
-0.5673488582677165
11
-0.4516625196850393
21
-0.5687435039370079
0
LINE
8
BLACK
6
CONTINUOUS
10
-0.4516625196850393
20
-0.5687435039370079
11
-0.4528532283464567
21
-0.5699768503937008
0
LINE
8
BLACK
6
CONTINUOUS
10
-0.4528532283464567
20
-0.5699768503937008
11
-0.4541465748031496
21
-0.5726423228346457
0
LINE
8
BLACK
6
CONTINUOUS
10
-0.4541465748031496
20
-0.5726423228346457
11
-0.4541173622047244
21
-0.5806627165354331
0
LINE
8
BLACK
6
CONTINUOUS
10
-0.4541173622047244
20
-0.5806627165354331
11
-0.4527247637795275
21
-0.583366968503937
0
LINE
8
BLACK
6
CONTINUOUS
10
-0.4527247637795275
20
-0.583366968503937
11
-0.4514914173228347
21
-0.5845577559055118
0
LINE
8
BLACK
6
CONTINUOUS
10
-0.4514914173228347
20
-0.5845577559055118
11
-0.4487934251968504
21
-0.5858668503937008
0
LINE
8
BLACK
6
CONTINUOUS
10
-0.4487934251968504
20
-0.5858668503937008
11
-0.4426844094488189
21
-0.5858239370078741
0
LINE
8
BLACK
6
CONTINUOUS
10
-0.4426844094488189
20
-0.5858239370078741
11
-0.4399761417322834
21
-0.5844292913385827
0
LINE
8
BLACK
6
CONTINUOUS
10
-0.4399761417322834
20
-0.5844292913385827
11
-0.4387853543307086
21
-0.5831958661417322
0
LINE
8
BLACK
6
CONTINUOUS
10
-0.4387853543307086
20
-0.5831958661417322
11
-0.4374744881889764
21
-0.5804942519685039
0
LINE
8
BLACK
6
CONTINUOUS
10
-0.4374744881889764
20
-0.5804942519685039
11
-0.43752
21
-0.5725125196850394
0
LINE
8
BLACK
6
CONTINUOUS
10
-0.43752
20
-0.5725125196850394
11
-0.4389138188976378
21
-0.5698057874015748
0
LINE
8
BLACK
6
CONTINUOUS
10
-0.4389138188976378
20
-0.5698057874015748
11
-0.4401471653543307
21
-0.5686150787401575
0
LINE
8
BLACK
6
CONTINUOUS
10
-0.4401471653543307
20
-0.5686150787401575
11
-0.4428451968503937
21
-0.5673059448818898
0
LINE
8
BLACK
6
CONTINUOUS
10
-0.4428451968503937
20
-0.5673059448818898
11
-0.4489542125984252
21
-0.5673488582677165
0
LINE
8
BLACK
6
CONTINUOUS
10
-0.4729238188976378
20
-0.5823094094488189
11
-0.4723003149606299
21
-0.5825676771653543
0
LINE
8
BLACK
6
CONTINUOUS
10
-0.4723003149606299
20
-0.5825676771653543
11
-0.4723002755905512
21
-0.582567716535433
0
LINE
8
BLACK
6
CONTINUOUS
10
-0.4723002755905512
20
-0.582567716535433
11
-0.4699780708661417
21
-0.5848097244094488
0
LINE
8
BLACK
6
CONTINUOUS
10
-0.4699780708661417
20
-0.5848097244094488
11
-0.4696108267716536
21
-0.5852572047244095
0
LINE
8
BLACK
6
CONTINUOUS
10
-0.4696108267716536
20
-0.5852572047244095
11
-0.4691717716535433
21
-0.5863172834645669
0
LINE
8
BLACK
6
CONTINUOUS
10
-0.4691717716535433
20
-0.5863172834645669
11
-0.4691699606299212
21
-0.5863216141732284
0
LINE
8
BLACK
6
CONTINUOUS
10
-0.4691699606299212
20
-0.5863216141732284
11
-0.4691699606299212
21
-0.5874737007874016
0
LINE
8
BLACK
6
CONTINUOUS
10
-0.4691699606299212
20
-0.5874737007874016
11
-0.4696108661417323
21
-0.5885381102362205
0
LINE
8
BLACK
6
CONTINUOUS
10
-0.4696108661417323
20
-0.5885381102362205
11
-0.4718528346456693
21
-0.59086031496063
0
LINE
8
BLACK
6
CONTINUOUS
10
-0.4718528346456693
20
-0.59086031496063
11
-0.4723002755905512
21
-0.5912275196850394
0
LINE
8
BLACK
6
CONTINUOUS
10
-0.4723002755905512
20
-0.5912275196850394
11
-0.4733646850393701
21
-0.5916684251968504
0
LINE
8
BLACK
6
CONTINUOUS
10
-0.4733646850393701
20
-0.5916684251968504
11
-0.4733647244094488
21
-0.5916684251968504
0
LINE
8
BLACK
6
CONTINUOUS
10
-0.4733647244094488
20
-0.5916684251968504
11
-0.4745167716535433
21
-0.5916684251968504
0
LINE
8
BLACK
6
CONTINUOUS
10
-0.4745167716535433
20
-0.5916684251968504
11
-0.474516811023622
21
-0.5916684251968504
0
LINE
8
BLACK
6
CONTINUOUS
10
-0.474516811023622
20
-0.5916684251968504
11
-0.4755812204724409
21
-0.5912275196850394
0
LINE
8
BLACK
6
CONTINUOUS
10
-0.4755812204724409
20
-0.5912275196850394
11
-0.4779034251968504
21
-0.5889855511811023
0
LINE
8
BLACK
6
CONTINUOUS
10
-0.4779034251968504
20
-0.5889855511811023
11
-0.4782706299212598
21
-0.5885381102362205
0
LINE
8
BLACK
6
CONTINUOUS
10
-0.4782706299212598
20
-0.5885381102362205
11
-0.4785132283464567
21
-0.5879524015748031
0
LINE
8
BLACK
6
CONTINUOUS
10
-0.4785132283464567
20
-0.5879524015748031
11
-0.4787115354330709
21
-0.5874737007874016
0
LINE
8
BLACK
6
CONTINUOUS
10
-0.4787115354330709
20
-0.5874737007874016
11
-0.4787115354330709
21
-0.5863216141732284
0
LINE
8
BLACK
6
CONTINUOUS
10
-0.4787115354330709
20
-0.5863216141732284
11
-0.4782706692913385
21
-0.5852572047244095
0
LINE
8
BLACK
6
CONTINUOUS
10
-0.4782706692913385
20
-0.5852572047244095
11
-0.4760287007874016
21
-0.5829349606299212
0
LINE
8
BLACK
6
CONTINUOUS
10
-0.4760287007874016
20
-0.5829349606299212
11
-0.4755812204724409
21
-0.582567716535433
0
LINE
8
BLACK
6
CONTINUOUS
10
-0.4755812204724409
20
-0.582567716535433
11
-0.4755811811023622
21
-0.5825676771653543
0
LINE
8
BLACK
6
CONTINUOUS
10
-0.4755811811023622
20
-0.5825676771653543
11
-0.4749576771653543
21
-0.5823094094488189
0
LINE
8
BLACK
6
CONTINUOUS
10
-0.4749576771653543
20
-0.5823094094488189
11
-0.474516811023622
21
-0.5821268110236221
0
LINE
8
BLACK
6
CONTINUOUS
10
-0.474516811023622
20
-0.5821268110236221
11
-0.4733647244094488
21
-0.5821268110236221
0
LINE
8
BLACK
6
CONTINUOUS
10
-0.4733647244094488
20
-0.5821268110236221
11
-0.4733646850393701
21
-0.5821268110236221
0
LINE
8
BLACK
6
CONTINUOUS
10
-0.4733646850393701
20
-0.5821268110236221
11
-0.4729238188976378
21
-0.5823094094488189
0
LINE
8
BLACK
6
CONTINUOUS
10
-0.3590040157480315
20
-0.5596296456692913
11
-0.3589060236220472
21
-0.5596702362204724
0
LINE
8
BLACK
6
CONTINUOUS
10
-0.3589060236220472
20
-0.5596702362204724
11
-0.3588001968503937
21
-0.5596777559055118
0
LINE
8
BLACK
6
CONTINUOUS
10
-0.3588001968503937
20
-0.5596777559055118
11
-0.3582886220472441
21
-0.5599259842519685
0
LINE
8
BLACK
6
CONTINUOUS
10
-0.3582886220472441
20
-0.5599259842519685
11
-0.3579396062992126
21
-0.5600705511811024
0
LINE
8
BLACK
6
CONTINUOUS
10
-0.3579396062992126
20
-0.5600705511811024
11
-0.3578914960629921
21
-0.5601186614173228
0
LINE
8
BLACK
6
CONTINUOUS
10
-0.3578914960629921
20
-0.5601186614173228
11
-0.35451
21
-0.5617594094488189
0
LINE
8
BLACK
6
CONTINUOUS
10
-0.35451
20
-0.5617594094488189
11
-0.3544137007874016
21
-0.5618200393700787
0
LINE
8
BLACK
6
CONTINUOUS
10
-0.3544137007874016
20
-0.5618200393700787
11
-0.3543682283464567
21
-0.5618351968503937
0
LINE
8
BLACK
6
CONTINUOUS
10
-0.3543682283464567
20
-0.5618351968503937
11
-0.3543116535433071
21
-0.5618842519685039
0
LINE
8
BLACK
6
CONTINUOUS
10
-0.3543116535433071
20
-0.5618842519685039
11
-0.354020157480315
21
-0.5620677559055118
0
LINE
8
BLACK
6
CONTINUOUS
10
-0.354020157480315
20
-0.5620677559055118
11
-0.3537776771653543
21
-0.5623473622047244
0
LINE
8
BLACK
6
CONTINUOUS
10
-0.3537776771653543
20
-0.5623473622047244
11
-0.3534978346456693
21
-0.5625900393700787
0
LINE
8
BLACK
6
CONTINUOUS
10
-0.3534978346456693
20
-0.5625900393700787
11
-0.3533964960629921
21
-0.5627868503937008
0
LINE
8
BLACK
6
CONTINUOUS
10
-0.3533964960629921
20
-0.5627868503937008
11
-0.3532652755905512
21
-0.5629381496062992
0
LINE
8
BLACK
6
CONTINUOUS
10
-0.3532652755905512
20
-0.5629381496062992
11
-0.3531674803149606
21
-0.5632316141732283
0
LINE
8
BLACK
6
CONTINUOUS
10
-0.3531674803149606
20
-0.5632316141732283
11
-0.3513147244094488
21
-0.5668294488188976
0
LINE
8
BLACK
6
CONTINUOUS
10
-0.3513147244094488
20
-0.5668294488188976
11
-0.3511078346456693
21
-0.5673700393700787
0
LINE
8
BLACK
6
CONTINUOUS
10
-0.3511078346456693
20
-0.5673700393700787
11
-0.3511003149606299
21
-0.567475905511811
0
LINE
8
BLACK
6
CONTINUOUS
10
-0.3511003149606299
20
-0.567475905511811
11
-0.3510597244094488
21
-0.5675738976377953
0
LINE
8
BLACK
6
CONTINUOUS
10
-0.3510597244094488
20
-0.5675738976377953
11
-0.3510584251968504
21
-0.5680656692913386
0
LINE
8
BLACK
6
CONTINUOUS
10
-0.3510584251968504
20
-0.5680656692913386
11
-0.3510261811023622
21
-0.5685192519685039
0
LINE
8
BLACK
6
CONTINUOUS
10
-0.3510261811023622
20
-0.5685192519685039
11
-0.351056968503937
21
-0.5686115354330709
0
LINE
8
BLACK
6
CONTINUOUS
10
-0.351056968503937
20
-0.5686115354330709
11
-0.3510029921259842
21
-0.5887724015748032
0
LINE
8
BLACK
6
CONTINUOUS
10
-0.3510029921259842
20
-0.5887724015748032
11
-0.3510597244094488
21
-0.5893484645669291
0
LINE
8
BLACK
6
CONTINUOUS
10
-0.3510597244094488
20
-0.5893484645669291
11
-0.3515006299212599
21
-0.590412874015748
0
LINE
8
BLACK
6
CONTINUOUS
10
-0.3515006299212599
20
-0.590412874015748
11
-0.3523152755905511
21
-0.5912275196850394
0
LINE
8
BLACK
6
CONTINUOUS
10
-0.3523152755905511
20
-0.5912275196850394
11
-0.3533796850393701
21
-0.5916684251968504
0
LINE
8
BLACK
6
CONTINUOUS
10
-0.3533796850393701
20
-0.5916684251968504
11
-0.354531811023622
21
-0.5916684251968504
0
LINE
8
BLACK
6
CONTINUOUS
10
-0.354531811023622
20
-0.5916684251968504
11
-0.3555962204724409
21
-0.5912275196850394
0
LINE
8
BLACK
6
CONTINUOUS
10
-0.3555962204724409
20
-0.5912275196850394
11
-0.3564108661417323
21
-0.590412874015748
0
LINE
8
BLACK
6
CONTINUOUS
10
-0.3564108661417323
20
-0.590412874015748
11
-0.3568517716535433
21
-0.5893484645669291
0
LINE
8
BLACK
6
CONTINUOUS
10
-0.3568517716535433
20
-0.5893484645669291
11
-0.3569068897637795
21
-0.5687593700787401
0
LINE
8
BLACK
6
CONTINUOUS
10
-0.3569068897637795
20
-0.5687593700787401
11
-0.3580429527559055
21
-0.5665532283464567
0
LINE
8
BLACK
6
CONTINUOUS
10
-0.3580429527559055
20
-0.5665532283464567
11
-0.3603496850393701
21
-0.5654339763779528
0
LINE
8
BLACK
6
CONTINUOUS
10
-0.3603496850393701
20
-0.5654339763779528
11
-0.3645871653543307
21
-0.5654727559055118
0
LINE
8
BLACK
6
CONTINUOUS
10
-0.3645871653543307
20
-0.5654727559055118
11
-0.366801062992126
21
-0.5666128346456692
0
LINE
8
BLACK
6
CONTINUOUS
10
-0.366801062992126
20
-0.5666128346456692
11
-0.3679290157480315
21
-0.5689374015748031
0
LINE
8
BLACK
6
CONTINUOUS
10
-0.3679290157480315
20
-0.5689374015748031
11
-0.367875905511811
21
-0.5887724015748032
0
LINE
8
BLACK
6
CONTINUOUS
10
-0.367875905511811
20
-0.5887724015748032
11
-0.3679326377952756
21
-0.5893484645669291
0
LINE
8
BLACK
6
CONTINUOUS
10
-0.3679326377952756
20
-0.5893484645669291
11
-0.3683735433070866
21
-0.590412874015748
0
LINE
8
BLACK
6
CONTINUOUS
10
-0.3683735433070866
20
-0.590412874015748
11
-0.369188188976378
21
-0.5912275196850394
0
LINE
8
BLACK
6
CONTINUOUS
10
-0.369188188976378
20
-0.5912275196850394
11
-0.3702525984251969
21
-0.5916684251968504
0
LINE
8
BLACK
6
CONTINUOUS
10
-0.3702525984251969
20
-0.5916684251968504
11
-0.3714047244094488
21
-0.5916684251968504
0
LINE
8
BLACK
6
CONTINUOUS
10
-0.3714047244094488
20
-0.5916684251968504
11
-0.3724691338582677
21
-0.5912275196850394
0
LINE
8
BLACK
6
CONTINUOUS
10
-0.3724691338582677
20
-0.5912275196850394
11
-0.373283779527559
21
-0.590412874015748
0
LINE
8
BLACK
6
CONTINUOUS
10
-0.373283779527559
20
-0.590412874015748
11
-0.3737246850393701
21
-0.5893484645669291
0
LINE
8
BLACK
6
CONTINUOUS
10
-0.3737246850393701
20
-0.5893484645669291
11
-0.3737798031496063
21
-0.5687593700787401
0
LINE
8
BLACK
6
CONTINUOUS
10
-0.3737798031496063
20
-0.5687593700787401
11
-0.3749158661417323
21
-0.5665532677165355
0
LINE
8
BLACK
6
CONTINUOUS
10
-0.3749158661417323
20
-0.5665532677165355
11
-0.3772225590551181
21
-0.5654339763779528
0
LINE
8
BLACK
6
CONTINUOUS
10
-0.3772225590551181
20
-0.5654339763779528
11
-0.3814600393700787
21
-0.5654727559055118
0
LINE
8
BLACK
6
CONTINUOUS
10
-0.3814600393700787
20
-0.5654727559055118
11
-0.3841709448818897
21
-0.5668687401574803
0
LINE
8
BLACK
6
CONTINUOUS
10
-0.3841709448818897
20
-0.5668687401574803
11
-0.3847937795275591
21
-0.5675138582677165
0
LINE
8
BLACK
6
CONTINUOUS
10
-0.3847937795275591
20
-0.5675138582677165
11
-0.384748779527559
21
-0.5887724015748032
0
LINE
8
BLACK
6
CONTINUOUS
10
-0.384748779527559
20
-0.5887724015748032
11
-0.3848055118110236
21
-0.5893484645669291
0
LINE
8
BLACK
6
CONTINUOUS
10
-0.3848055118110236
20
-0.5893484645669291
11
-0.3852464173228347
21
-0.590412874015748
0
LINE
8
BLACK
6
CONTINUOUS
10
-0.3852464173228347
20
-0.590412874015748
11
-0.386061062992126
21
-0.5912275196850394
0
LINE
8
BLACK
6
CONTINUOUS
10
-0.386061062992126
20
-0.5912275196850394
11
-0.3871254724409449
21
-0.5916684251968504
0
LINE
8
BLACK
6
CONTINUOUS
10
-0.3871254724409449
20
-0.5916684251968504
11
-0.3882775984251968
21
-0.5916684251968504
0
LINE
8
BLACK
6
CONTINUOUS
10
-0.3882775984251968
20
-0.5916684251968504
11
-0.3893420078740157
21
-0.5912275196850394
0
LINE
8
BLACK
6
CONTINUOUS
10
-0.3893420078740157
20
-0.5912275196850394
11
-0.3901566535433071
21
-0.590412874015748
0
LINE
8
BLACK
6
CONTINUOUS
10
-0.3901566535433071
20
-0.590412874015748
11
-0.3905975590551181
21
-0.5893484645669291
0
LINE
8
BLACK
6
CONTINUOUS
10
-0.3905975590551181
20
-0.5893484645669291
11
-0.3906542913385826
21
-0.5625256692913385
0
LINE
8
BLACK
6
CONTINUOUS
10
-0.3906542913385826
20
-0.5625256692913385
11
-0.3905975590551181
21
-0.5619496062992125
0
LINE
8
BLACK
6
CONTINUOUS
10
-0.3905975590551181
20
-0.5619496062992125
11
-0.3901566535433071
21
-0.5608851968503937
0
LINE
8
BLACK
6
CONTINUOUS
10
-0.3901566535433071
20
-0.5608851968503937
11
-0.3893420078740157
21
-0.5600705511811024
0
LINE
8
BLACK
6
CONTINUOUS
10
-0.3893420078740157
20
-0.5600705511811024
11
-0.3882775984251968
21
-0.5596296456692913
0
LINE
8
BLACK
6
CONTINUOUS
10
-0.3882775984251968
20
-0.5596296456692913
11
-0.3871254724409449
21
-0.5596296456692913
0
LINE
8
BLACK
6
CONTINUOUS
10
-0.3871254724409449
20
-0.5596296456692913
11
-0.386061062992126
21
-0.5600705511811024
0
LINE
8
BLACK
6
CONTINUOUS
10
-0.386061062992126
20
-0.5600705511811024
11
-0.3852785039370079
21
-0.5608531102362204
0
LINE
8
BLACK
6
CONTINUOUS
10
-0.3852785039370079
20
-0.5608531102362204
11
-0.3833977559055118
21
-0.5598846456692913
0
LINE
8
BLACK
6
CONTINUOUS
10
-0.3833977559055118
20
-0.5598846456692913
11
-0.3828571653543307
21
-0.5596777559055118
0
LINE
8
BLACK
6
CONTINUOUS
10
-0.3828571653543307
20
-0.5596777559055118
11
-0.3827512992125984
21
-0.5596701968503937
0
LINE
8
BLACK
6
CONTINUOUS
10
-0.3827512992125984
20
-0.5596701968503937
11
-0.3826533070866142
21
-0.5596296456692913
0
LINE
8
BLACK
6
CONTINUOUS
10
-0.3826533070866142
20
-0.5596296456692913
11
-0.3821101181102362
21
-0.5596246456692914
0
LINE
8
BLACK
6
CONTINUOUS
10
-0.3821101181102362
20
-0.5596246456692914
11
-0.3817079527559055
21
-0.5595961023622047
0
LINE
8
BLACK
6
CONTINUOUS
10
-0.3817079527559055
20
-0.5595961023622047
11
-0.3816352755905512
21
-0.5596203149606299
0
LINE
8
BLACK
6
CONTINUOUS
10
-0.3816352755905512
20
-0.5596203149606299
11
-0.3764529527559055
21
-0.5595729133858267
0
LINE
8
BLACK
6
CONTINUOUS
10
-0.3764529527559055
20
-0.5595729133858267
11
-0.3758768897637795
21
-0.5596296456692913
0
LINE
8
BLACK
6
CONTINUOUS
10
-0.3758768897637795
20
-0.5596296456692913
11
-0.3757788976377953
21
-0.5596702362204724
0
LINE
8
BLACK
6
CONTINUOUS
10
-0.3757788976377953
20
-0.5596702362204724
11
-0.3756730708661417
21
-0.5596777559055118
0
LINE
8
BLACK
6
CONTINUOUS
10
-0.3756730708661417
20
-0.5596777559055118
11
-0.3751615354330708
21
-0.5599259448818897
0
LINE
8
BLACK
6
CONTINUOUS
10
-0.3751615354330708
20
-0.5599259448818897
11
-0.3748124803149606
21
-0.5600705511811024
0
LINE
8
BLACK
6
CONTINUOUS
10
-0.3748124803149606
20
-0.5600705511811024
11
-0.3747643700787401
21
-0.5601186614173228
0
LINE
8
BLACK
6
CONTINUOUS
10
-0.3747643700787401
20
-0.5601186614173228
11
-0.3713829133858267
21
-0.5617594094488189
0
LINE
8
BLACK
6
CONTINUOUS
10
-0.3713829133858267
20
-0.5617594094488189
11
-0.3712865748031496
21
-0.5618200393700787
0
LINE
8
BLACK
6
CONTINUOUS
10
-0.3712865748031496
20
-0.5618200393700787
11
-0.3712411417322835
21
-0.5618351968503937
0
LINE
8
BLACK
6
CONTINUOUS
10
-0.3712411417322835
20
-0.5618351968503937
11
-0.3711846062992126
21
-0.5618842125984251
0
LINE
8
BLACK
6
CONTINUOUS
10
-0.3711846062992126
20
-0.5618842125984251
11
-0.370893031496063
21
-0.5620677559055118
0
LINE
8
BLACK
6
CONTINUOUS
10
-0.370893031496063
20
-0.5620677559055118
11
-0.3708286614173228
21
-0.5621419685039369
0
LINE
8
BLACK
6
CONTINUOUS
10
-0.3708286614173228
20
-0.5621419685039369
11
-0.3707642913385827
21
-0.5620677559055118
0
LINE
8
BLACK
6
CONTINUOUS
10
-0.3707642913385827
20
-0.5620677559055118
11
-0.3705674803149606
21
-0.5619663779527559
0
LINE
8
BLACK
6
CONTINUOUS
10
-0.3705674803149606
20
-0.5619663779527559
11
-0.3704161811023622
21
-0.5618351968503937
0
LINE
8
BLACK
6
CONTINUOUS
10
-0.3704161811023622
20
-0.5618351968503937
11
-0.370122716535433
21
-0.5617373622047244
0
LINE
8
BLACK
6
CONTINUOUS
10
-0.370122716535433
20
-0.5617373622047244
11
-0.3665248818897638
21
-0.5598846456692913
0
LINE
8
BLACK
6
CONTINUOUS
10
-0.3665248818897638
20
-0.5598846456692913
11
-0.3659842913385827
21
-0.5596777559055118
0
LINE
8
BLACK
6
CONTINUOUS
10
-0.3659842913385827
20
-0.5596777559055118
11
-0.3658784251968504
21
-0.5596701968503937
0
LINE
8
BLACK
6
CONTINUOUS
10
-0.3658784251968504
20
-0.5596701968503937
11
-0.3657804330708661
21
-0.5596296456692913
0
LINE
8
BLACK
6
CONTINUOUS
10
-0.3657804330708661
20
-0.5596296456692913
11
-0.3652372440944882
21
-0.5596246456692914
0
LINE
8
BLACK
6
CONTINUOUS
10
-0.3652372440944882
20
-0.5596246456692914
11
-0.3648350787401575
21
-0.5595961023622047
0
LINE
8
BLACK
6
CONTINUOUS
10
-0.3648350787401575
20
-0.5595961023622047
11
-0.3647624015748032
21
-0.5596203149606299
0
LINE
8
BLACK
6
CONTINUOUS
10
-0.3647624015748032
20
-0.5596203149606299
11
-0.3595800787401575
21
-0.5595729133858267
0
LINE
8
BLACK
6
CONTINUOUS
10
-0.3595800787401575
20
-0.5595729133858267
11
-0.3590040157480315
21
-0.5596296456692913
0
LINE
8
BLACK
6
CONTINUOUS
10
-0.3065105905511811
20
-0.5596296456692913
11
-0.3064125984251969
21
-0.5596702362204724
0
LINE
8
BLACK
6
CONTINUOUS
10
-0.3064125984251969
20
-0.5596702362204724
11
-0.3063067716535433
21
-0.5596777559055118
0
LINE
8
BLACK
6
CONTINUOUS
10
-0.3063067716535433
20
-0.5596777559055118
11
-0.3057951968503937
21
-0.5599259842519685
0
LINE
8
BLACK
6
CONTINUOUS
10
-0.3057951968503937
20
-0.5599259842519685
11
-0.3054461811023622
21
-0.5600705511811024
0
LINE
8
BLACK
6
CONTINUOUS
10
-0.3054461811023622
20
-0.5600705511811024
11
-0.3053980708661417
21
-0.5601186614173228
0
LINE
8
BLACK
6
CONTINUOUS
10
-0.3053980708661417
20
-0.5601186614173228
11
-0.3020165748031496
21
-0.5617594094488189
0
LINE
8
BLACK
6
CONTINUOUS
10
-0.3020165748031496
20
-0.5617594094488189
11
-0.3019202755905512
21
-0.5618200393700787
0
LINE
8
BLACK
6
CONTINUOUS
10
-0.3019202755905512
20
-0.5618200393700787
11
-0.3018748031496063
21
-0.5618351968503937
0
LINE
8
BLACK
6
CONTINUOUS
10
-0.3018748031496063
20
-0.5618351968503937
11
-0.3018182283464567
21
-0.5618842519685039
0
LINE
8
BLACK
6
CONTINUOUS
10
-0.3018182283464567
20
-0.5618842519685039
11
-0.3015267322834645
21
-0.5620677559055118
0
LINE
8
BLACK
6
CONTINUOUS
10
-0.3015267322834645
20
-0.5620677559055118
11
-0.3012842519685039
21
-0.5623473622047244
0
LINE
8
BLACK
6
CONTINUOUS
10
-0.3012842519685039
20
-0.5623473622047244
11
-0.3010044094488189
21
-0.5625900393700787
0
LINE
8
BLACK
6
CONTINUOUS
10
-0.3010044094488189
20
-0.5625900393700787
11
-0.3009030708661417
21
-0.5627868503937008
0
LINE
8
BLACK
6
CONTINUOUS
10
-0.3009030708661417
20
-0.5627868503937008
11
-0.3007718503937008
21
-0.5629381496062992
0
LINE
8
BLACK
6
CONTINUOUS
10
-0.3007718503937008
20
-0.5629381496062992
11
-0.3006740551181102
21
-0.5632316141732283
0
LINE
8
BLACK
6
CONTINUOUS
10
-0.3006740551181102
20
-0.5632316141732283
11
-0.2988212992125984
21
-0.5668294488188976
0
LINE
8
BLACK
6
CONTINUOUS
10
-0.2988212992125984
20
-0.5668294488188976
11
-0.2986144094488189
21
-0.5673700393700787
0
LINE
8
BLACK
6
CONTINUOUS
10
-0.2986144094488189
20
-0.5673700393700787
11
-0.2986068897637795
21
-0.567475905511811
0
LINE
8
BLACK
6
CONTINUOUS
10
-0.2986068897637795
20
-0.567475905511811
11
-0.2985662992125984
21
-0.5675738976377953
0
LINE
8
BLACK
6
CONTINUOUS
10
-0.2985662992125984
20
-0.5675738976377953
11
-0.298565
21
-0.5680656692913386
0
LINE
8
BLACK
6
CONTINUOUS
10
-0.298565
20
-0.5680656692913386
11
-0.2985327559055118
21
-0.5685192519685039
0
LINE
8
BLACK
6
CONTINUOUS
10
-0.2985327559055118
20
-0.5685192519685039
11
-0.2985635433070866
21
-0.5686115354330709
0
LINE
8
BLACK
6
CONTINUOUS
10
-0.2985635433070866
20
-0.5686115354330709
11
-0.2985095669291338
21
-0.5887724015748032
0
LINE
8
BLACK
6
CONTINUOUS
10
-0.2985095669291338
20
-0.5887724015748032
11
-0.2985662992125984
21
-0.5893484645669291
0
LINE
8
BLACK
6
CONTINUOUS
10
-0.2985662992125984
20
-0.5893484645669291
11
-0.2990072047244094
21
-0.590412874015748
0
LINE
8
BLACK
6
CONTINUOUS
10
-0.2990072047244094
20
-0.590412874015748
11
-0.2998218503937008
21
-0.5912275196850394
0
LINE
8
BLACK
6
CONTINUOUS
10
-0.2998218503937008
20
-0.5912275196850394
11
-0.3008862598425197
21
-0.5916684251968504
0
LINE
8
BLACK
6
CONTINUOUS
10
-0.3008862598425197
20
-0.5916684251968504
11
-0.3020383858267717
21
-0.5916684251968504
0
LINE
8
BLACK
6
CONTINUOUS
10
-0.3020383858267717
20
-0.5916684251968504
11
-0.3031027952755905
21
-0.5912275196850394
0
LINE
8
BLACK
6
CONTINUOUS
10
-0.3031027952755905
20
-0.5912275196850394
11
-0.3039174409448819
21
-0.590412874015748
0
LINE
8
BLACK
6
CONTINUOUS
10
-0.3039174409448819
20
-0.590412874015748
11
-0.3043583464566929
21
-0.5893484645669291
0
LINE
8
BLACK
6
CONTINUOUS
10
-0.3043583464566929
20
-0.5893484645669291
11
-0.3044134645669291
21
-0.5687593700787401
0
LINE
8
BLACK
6
CONTINUOUS
10
-0.3044134645669291
20
-0.5687593700787401
11
-0.3055495275590551
21
-0.5665532283464567
0
LINE
8
BLACK
6
CONTINUOUS
10
-0.3055495275590551
20
-0.5665532283464567
11
-0.3078562598425197
21
-0.5654339763779528
0
LINE
8
BLACK
6
CONTINUOUS
10
-0.3078562598425197
20
-0.5654339763779528
11
-0.3120937401574803
21
-0.5654727559055118
0
LINE
8
BLACK
6
CONTINUOUS
10
-0.3120937401574803
20
-0.5654727559055118
11
-0.3143076377952756
21
-0.5666128346456692
0
LINE
8
BLACK
6
CONTINUOUS
10
-0.3143076377952756
20
-0.5666128346456692
11
-0.3154355905511811
21
-0.5689374015748031
0
LINE
8
BLACK
6
CONTINUOUS
10
-0.3154355905511811
20
-0.5689374015748031
11
-0.3153824803149606
21
-0.5887724015748032
0
LINE
8
BLACK
6
CONTINUOUS
10
-0.3153824803149606
20
-0.5887724015748032
11
-0.3154392125984252
21
-0.5893484645669291
0
LINE
8
BLACK
6
CONTINUOUS
10
-0.3154392125984252
20
-0.5893484645669291
11
-0.3158801181102362
21
-0.590412874015748
0
LINE
8
BLACK
6
CONTINUOUS
10
-0.3158801181102362
20
-0.590412874015748
11
-0.3166947637795275
21
-0.5912275196850394
0
LINE
8
BLACK
6
CONTINUOUS
10
-0.3166947637795275
20
-0.5912275196850394
11
-0.3177591732283465
21
-0.5916684251968504
0
LINE
8
BLACK
6
CONTINUOUS
10
-0.3177591732283465
20
-0.5916684251968504
11
-0.3189112992125984
21
-0.5916684251968504
0
LINE
8
BLACK
6
CONTINUOUS
10
-0.3189112992125984
20
-0.5916684251968504
11
-0.3199757086614173
21
-0.5912275196850394
0
LINE
8
BLACK
6
CONTINUOUS
10
-0.3199757086614173
20
-0.5912275196850394
11
-0.3207903543307086
21
-0.590412874015748
0
LINE
8
BLACK
6
CONTINUOUS
10
-0.3207903543307086
20
-0.590412874015748
11
-0.3212312598425197
21
-0.5893484645669291
0
LINE
8
BLACK
6
CONTINUOUS
10
-0.3212312598425197
20
-0.5893484645669291
11
-0.3212863779527559
21
-0.5687593700787401
0
LINE
8
BLACK
6
CONTINUOUS
10
-0.3212863779527559
20
-0.5687593700787401
11
-0.3224224409448819
21
-0.5665532677165355
0
LINE
8
BLACK
6
CONTINUOUS
10
-0.3224224409448819
20
-0.5665532677165355
11
-0.3247291338582677
21
-0.5654339763779528
0
LINE
8
BLACK
6
CONTINUOUS
10
-0.3247291338582677
20
-0.5654339763779528
11
-0.3289666141732284
21
-0.5654727559055118
0
LINE
8
BLACK
6
CONTINUOUS
10
-0.3289666141732284
20
-0.5654727559055118
11
-0.3316775196850393
21
-0.5668687401574803
0
LINE
8
BLACK
6
CONTINUOUS
10
-0.3316775196850393
20
-0.5668687401574803
11
-0.3323003543307086
21
-0.5675138582677165
0
LINE
8
BLACK
6
CONTINUOUS
10
-0.3323003543307086
20
-0.5675138582677165
11
-0.3322553543307086
21
-0.5887724015748032
0
LINE
8
BLACK
6
CONTINUOUS
10
-0.3322553543307086
20
-0.5887724015748032
11
-0.3323120866141732
21
-0.5893484645669291
0
LINE
8
BLACK
6
CONTINUOUS
10
-0.3323120866141732
20
-0.5893484645669291
11
-0.3327529921259842
21
-0.590412874015748
0
LINE
8
BLACK
6
CONTINUOUS
10
-0.3327529921259842
20
-0.590412874015748
11
-0.3335676377952756
21
-0.5912275196850394
0
LINE
8
BLACK
6
CONTINUOUS
10
-0.3335676377952756
20
-0.5912275196850394
11
-0.3346320472440945
21
-0.5916684251968504
0
LINE
8
BLACK
6
CONTINUOUS
10
-0.3346320472440945
20
-0.5916684251968504
11
-0.3357841732283465
21
-0.5916684251968504
0
LINE
8
BLACK
6
CONTINUOUS
10
-0.3357841732283465
20
-0.5916684251968504
11
-0.3368485826771653
21
-0.5912275196850394
0
LINE
8
BLACK
6
CONTINUOUS
10
-0.3368485826771653
20
-0.5912275196850394
11
-0.3376632283464567
21
-0.590412874015748
0
LINE
8
BLACK
6
CONTINUOUS
10
-0.3376632283464567
20
-0.590412874015748
11
-0.3381041338582677
21
-0.5893484645669291
0
LINE
8
BLACK
6
CONTINUOUS
10
-0.3381041338582677
20
-0.5893484645669291
11
-0.3381608661417323
21
-0.5625256692913385
0
LINE
8
BLACK
6
CONTINUOUS
10
-0.3381608661417323
20
-0.5625256692913385
11
-0.3381041338582677
21
-0.5619496062992125
0
LINE
8
BLACK
6
CONTINUOUS
10
-0.3381041338582677
20
-0.5619496062992125
11
-0.3376632283464567
21
-0.5608851968503937
0
LINE
8
BLACK
6
CONTINUOUS
10
-0.3376632283464567
20
-0.5608851968503937
11
-0.3368485826771653
21
-0.5600705511811024
0
LINE
8
BLACK
6
CONTINUOUS
10
-0.3368485826771653
20
-0.5600705511811024
11
-0.3357841732283465
21
-0.5596296456692913
0
LINE
8
BLACK
6
CONTINUOUS
10
-0.3357841732283465
20
-0.5596296456692913
11
-0.3346320472440945
21
-0.5596296456692913
0
LINE
8
BLACK
6
CONTINUOUS
10
-0.3346320472440945
20
-0.5596296456692913
11
-0.3335676377952756
21
-0.5600705511811024
0
LINE
8
BLACK
6
CONTINUOUS
10
-0.3335676377952756
20
-0.5600705511811024
11
-0.3327850787401574
21
-0.5608531102362204
0
LINE
8
BLACK
6
CONTINUOUS
10
-0.3327850787401574
20
-0.5608531102362204
11
-0.3309043307086614
21
-0.5598846456692913
0
LINE
8
BLACK
6
CONTINUOUS
10
-0.3309043307086614
20
-0.5598846456692913
11
-0.3303637401574803
21
-0.5596777559055118
0
LINE
8
BLACK
6
CONTINUOUS
10
-0.3303637401574803
20
-0.5596777559055118
11
-0.330257874015748
21
-0.5596701968503937
0
LINE
8
BLACK
6
CONTINUOUS
10
-0.330257874015748
20
-0.5596701968503937
11
-0.3301598818897638
21
-0.5596296456692913
0
LINE
8
BLACK
6
CONTINUOUS
10
-0.3301598818897638
20
-0.5596296456692913
11
-0.3296166929133858
21
-0.5596246456692914
0
LINE
8
BLACK
6
CONTINUOUS
10
-0.3296166929133858
20
-0.5596246456692914
11
-0.3292145275590551
21
-0.5595961023622047
0
LINE
8
BLACK
6
CONTINUOUS
10
-0.3292145275590551
20
-0.5595961023622047
11
-0.3291418503937008
21
-0.5596203149606299
0
LINE
8
BLACK
6
CONTINUOUS
10
-0.3291418503937008
20
-0.5596203149606299
11
-0.3239595275590551
21
-0.5595729133858267
0
LINE
8
BLACK
6
CONTINUOUS
10
-0.3239595275590551
20
-0.5595729133858267
11
-0.3233834645669291
21
-0.5596296456692913
0
LINE
8
BLACK
6
CONTINUOUS
10
-0.3233834645669291
20
-0.5596296456692913
11
-0.3232854724409449
21
-0.5596702362204724
0
LINE
8
BLACK
6
CONTINUOUS
10
-0.3232854724409449
20
-0.5596702362204724
11
-0.3231796456692913
21
-0.5596777559055118
0
LINE
8
BLACK
6
CONTINUOUS
10
-0.3231796456692913
20
-0.5596777559055118
11
-0.3226681102362204
21
-0.5599259448818897
0
LINE
8
BLACK
6
CONTINUOUS
10
-0.3226681102362204
20
-0.5599259448818897
11
-0.3223190551181102
21
-0.5600705511811024
0
LINE
8
BLACK
6
CONTINUOUS
10
-0.3223190551181102
20
-0.5600705511811024
11
-0.3222709448818897
21
-0.5601186614173228
0
LINE
8
BLACK
6
CONTINUOUS
10
-0.3222709448818897
20
-0.5601186614173228
11
-0.3188894881889764
21
-0.5617594094488189
0
LINE
8
BLACK
6
CONTINUOUS
10
-0.3188894881889764
20
-0.5617594094488189
11
-0.3187931496062992
21
-0.5618200393700787
0
LINE
8
BLACK
6
CONTINUOUS
10
-0.3187931496062992
20
-0.5618200393700787
11
-0.318747716535433
21
-0.5618351968503937
0
LINE
8
BLACK
6
CONTINUOUS
10
-0.318747716535433
20
-0.5618351968503937
11
-0.3186911811023622
21
-0.5618842125984251
0
LINE
8
BLACK
6
CONTINUOUS
10
-0.3186911811023622
20
-0.5618842125984251
11
-0.3183996062992126
21
-0.5620677559055118
0
LINE
8
BLACK
6
CONTINUOUS
10
-0.3183996062992126
20
-0.5620677559055118
11
-0.3183352362204724
21
-0.5621419685039369
0
LINE
8
BLACK
6
CONTINUOUS
10
-0.3183352362204724
20
-0.5621419685039369
11
-0.3182708661417323
21
-0.5620677559055118
0
LINE
8
BLACK
6
CONTINUOUS
10
-0.3182708661417323
20
-0.5620677559055118
11
-0.3180740551181102
21
-0.5619663779527559
0
LINE
8
BLACK
6
CONTINUOUS
10
-0.3180740551181102
20
-0.5619663779527559
11
-0.3179227559055118
21
-0.5618351968503937
0
LINE
8
BLACK
6
CONTINUOUS
10
-0.3179227559055118
20
-0.5618351968503937
11
-0.3176292913385826
21
-0.5617373622047244
0
LINE
8
BLACK
6
CONTINUOUS
10
-0.3176292913385826
20
-0.5617373622047244
11
-0.3140314566929134
21
-0.5598846456692913
0
LINE
8
BLACK
6
CONTINUOUS
10
-0.3140314566929134
20
-0.5598846456692913
11
-0.3134908661417323
21
-0.5596777559055118
0
LINE
8
BLACK
6
CONTINUOUS
10
-0.3134908661417323
20
-0.5596777559055118
11
-0.313385
21
-0.5596701968503937
0
LINE
8
BLACK
6
CONTINUOUS
10
-0.313385
20
-0.5596701968503937
11
-0.3132870078740158
21
-0.5596296456692913
0
LINE
8
BLACK
6
CONTINUOUS
10
-0.3132870078740158
20
-0.5596296456692913
11
-0.3127438188976378
21
-0.5596246456692914
0
LINE
8
BLACK
6
CONTINUOUS
10
-0.3127438188976378
20
-0.5596246456692914
11
-0.3123416535433071
21
-0.5595961023622047
0
LINE
8
BLACK
6
CONTINUOUS
10
-0.3123416535433071
20
-0.5595961023622047
11
-0.3122689763779528
21
-0.5596203149606299
0
LINE
8
BLACK
6
CONTINUOUS
10
-0.3122689763779528
20
-0.5596203149606299
11
-0.3070866535433071
21
-0.5595729133858267
0
LINE
8
BLACK
6
CONTINUOUS
10
-0.3070866535433071
20
-0.5595729133858267
11
-0.3065105905511811
21
-0.5596296456692913
0
LINE
8
BLACK
6
CONTINUOUS
10
-0.391882125984252
20
-0.2945222834645669
11
-0.391753031496063
21
-0.4575526377952756
0
LINE
8
BLACK
6
CONTINUOUS
10
-0.391753031496063
20
-0.4575526377952756
11
-0.3502592125984252
21
-0.4357964173228346
0
LINE
8
BLACK
6
CONTINUOUS
10
-0.3502592125984252
20
-0.4357964173228346
11
-0.3495218110236221
21
-0.4355814566929134
0
LINE
8
BLACK
6
CONTINUOUS
10
-0.3495218110236221
20
-0.4355814566929134
11
-0.3480849212598425
21
-0.4360345275590551
0
LINE
8
BLACK
6
CONTINUOUS
10
-0.3480849212598425
20
-0.4360345275590551
11
-0.347389251968504
21
-0.437370905511811
0
LINE
8
BLACK
6
CONTINUOUS
10
-0.347389251968504
20
-0.437370905511811
11
-0.3478422834645669
21
-0.4388078346456693
0
LINE
8
BLACK
6
CONTINUOUS
10
-0.3478422834645669
20
-0.4388078346456693
11
-0.3859574015748031
21
-0.4587925196850394
0
LINE
8
BLACK
6
CONTINUOUS
10
-0.3859574015748031
20
-0.4587925196850394
11
-0.3264435433070866
21
-0.4586614173228346
0
LINE
8
BLACK
6
CONTINUOUS
10
-0.3264435433070866
20
-0.4586614173228346
11
-0.3256902362204724
21
-0.4588112598425197
0
LINE
8
BLACK
6
CONTINUOUS
10
-0.3256902362204724
20
-0.4588112598425197
11
-0.3246248818897638
21
-0.4598766141732283
0
LINE
8
BLACK
6
CONTINUOUS
10
-0.3246248818897638
20
-0.4598766141732283
11
-0.3246248818897638
21
-0.4613832283464567
0
LINE
8
BLACK
6
CONTINUOUS
10
-0.3246248818897638
20
-0.4613832283464567
11
-0.3256902362204724
21
-0.4624485826771653
0
LINE
8
BLACK
6
CONTINUOUS
10
-0.3256902362204724
20
-0.4624485826771653
11
-0.3859589763779527
21
-0.4625813385826771
0
LINE
8
BLACK
6
CONTINUOUS
10
-0.3859589763779527
20
-0.4625813385826771
11
-0.3484412992125984
21
-0.4819712598425197
0
LINE
8
BLACK
6
CONTINUOUS
10
-0.3484412992125984
20
-0.4819712598425197
11
-0.3478422834645669
21
-0.4824520078740158
0
LINE
8
BLACK
6
CONTINUOUS
10
-0.3478422834645669
20
-0.4824520078740158
11
-0.347389251968504
21
-0.483888937007874
0
LINE
8
BLACK
6
CONTINUOUS
10
-0.347389251968504
20
-0.483888937007874
11
-0.3480849212598425
21
-0.4852253149606299
0
LINE
8
BLACK
6
CONTINUOUS
10
-0.3480849212598425
20
-0.4852253149606299
11
-0.3495218110236221
21
-0.4856783858267716
0
LINE
8
BLACK
6
CONTINUOUS
10
-0.3495218110236221
20
-0.4856783858267716
11
-0.391748031496063
21
-0.463855
0
LINE
8
BLACK
6
CONTINUOUS
10
-0.391748031496063
20
-0.463855
11
-0.3917322834645669
21
-0.4837173228346456
0
LINE
8
BLACK
6
CONTINUOUS
10
-0.3917322834645669
20
-0.4837173228346456
11
-0.391882125984252
21
-0.4844706299212598
0
LINE
8
BLACK
6
CONTINUOUS
10
-0.391882125984252
20
-0.4844706299212598
11
-0.3929474803149606
21
-0.4855359842519685
0
LINE
8
BLACK
6
CONTINUOUS
10
-0.3929474803149606
20
-0.4855359842519685
11
-0.394454094488189
21
-0.4855359842519685
0
LINE
8
BLACK
6
CONTINUOUS
10
-0.394454094488189
20
-0.4855359842519685
11
-0.3955194488188976
21
-0.4844706299212598
0
LINE
8
BLACK
6
CONTINUOUS
10
-0.3955194488188976
20
-0.4844706299212598
11
-0.395538031496063
21
-0.4610392913385827
0
LINE
8
BLACK
6
CONTINUOUS
10
-0.395538031496063
20
-0.4610392913385827
11
-0.395661811023622
21
-0.4608014960629921
0
LINE
8
BLACK
6
CONTINUOUS
10
-0.395661811023622
20
-0.4608014960629921
11
-0.3956077165354331
21
-0.4606299212598425
0
LINE
8
BLACK
6
CONTINUOUS
10
-0.3956077165354331
20
-0.4606299212598425
11
-0.395661811023622
21
-0.4604583464566929
0
LINE
8
BLACK
6
CONTINUOUS
10
-0.395661811023622
20
-0.4604583464566929
11
-0.3955386614173228
21
-0.4602217716535433
0
LINE
8
BLACK
6
CONTINUOUS
10
-0.3955386614173228
20
-0.4602217716535433
11
-0.3956692913385826
21
-0.2952755905511811
0
LINE
8
BLACK
6
CONTINUOUS
10
-0.3956692913385826
20
-0.2952755905511811
11
-0.3955194488188976
21
-0.2945222834645669
0
LINE
8
BLACK
6
CONTINUOUS
10
-0.3955194488188976
20
-0.2945222834645669
11
-0.394454094488189
21
-0.2934569291338582
0
LINE
8
BLACK
6
CONTINUOUS
10
-0.394454094488189
20
-0.2934569291338582
11
-0.3929474803149606
21
-0.2934569291338582
0
LINE
8
BLACK
6
CONTINUOUS
10
-0.3929474803149606
20
-0.2934569291338582
11
-0.391882125984252
21
-0.2945222834645669
0
LINE
8
BLACK
6
CONTINUOUS
10
-0.2828059448818898
20
-0.4362700787401575
11
-0.2825135433070866
21
-0.4362700787401575
0
LINE
8
BLACK
6
CONTINUOUS
10
-0.2825135433070866
20
-0.4362700787401575
11
-0.2822462992125984
21
-0.4363807874015748
0
LINE
8
BLACK
6
CONTINUOUS
10
-0.2822462992125984
20
-0.4363807874015748
11
-0.2819624803149606
21
-0.4364369291338582
0
LINE
8
BLACK
6
CONTINUOUS
10
-0.2819624803149606
20
-0.4364369291338582
11
-0.2817192125984252
21
-0.436599094488189
0
LINE
8
BLACK
6
CONTINUOUS
10
-0.2817192125984252
20
-0.436599094488189
11
-0.2814491338582677
21
-0.4367109842519685
0
LINE
8
BLACK
6
CONTINUOUS
10
-0.2814491338582677
20
-0.4367109842519685
11
-0.2812446850393701
21
-0.4369154330708661
0
LINE
8
BLACK
6
CONTINUOUS
10
-0.2812446850393701
20
-0.4369154330708661
11
-0.2810038582677165
21
-0.4370759842519685
0
LINE
8
BLACK
6
CONTINUOUS
10
-0.2810038582677165
20
-0.4370759842519685
11
-0.2808411417322835
21
-0.4373189763779528
0
LINE
8
BLACK
6
CONTINUOUS
10
-0.2808411417322835
20
-0.4373189763779528
11
-0.2806344881889763
21
-0.4375256299212598
0
LINE
8
BLACK
6
CONTINUOUS
10
-0.2806344881889763
20
-0.4375256299212598
11
-0.2805238188976378
21
-0.4377928346456693
0
LINE
8
BLACK
6
CONTINUOUS
10
-0.2805238188976378
20
-0.4377928346456693
11
-0.2803627952755905
21
-0.4380332677165354
0
LINE
8
BLACK
6
CONTINUOUS
10
-0.2803627952755905
20
-0.4380332677165354
11
-0.2803054724409449
21
-0.4383199212598425
0
LINE
8
BLACK
6
CONTINUOUS
10
-0.2803054724409449
20
-0.4383199212598425
11
-0.2801935826771653
21
-0.4385900393700787
0
LINE
8
BLACK
6
CONTINUOUS
10
-0.2801935826771653
20
-0.4385900393700787
11
-0.280193188976378
21
-0.4388813779527559
0
LINE
8
BLACK
6
CONTINUOUS
10
-0.280193188976378
20
-0.4388813779527559
11
-0.2801368503937008
21
-0.4391629921259843
0
LINE
8
BLACK
6
CONTINUOUS
10
-0.2801368503937008
20
-0.4391629921259843
11
-0.2801924015748031
21
-0.4394436220472441
0
LINE
8
BLACK
6
CONTINUOUS
10
-0.2801924015748031
20
-0.4394436220472441
11
-0.2801410236220472
21
-0.4756038188976378
0
LINE
8
BLACK
6
CONTINUOUS
10
-0.2801410236220472
20
-0.4756038188976378
11
-0.2718410236220473
21
-0.4755834251968504
0
LINE
8
BLACK
6
CONTINUOUS
10
-0.2718410236220473
20
-0.4755834251968504
11
-0.2712649606299213
21
-0.475640157480315
0
LINE
8
BLACK
6
CONTINUOUS
10
-0.2712649606299213
20
-0.475640157480315
11
-0.2702005511811024
21
-0.476081062992126
0
LINE
8
BLACK
6
CONTINUOUS
10
-0.2702005511811024
20
-0.476081062992126
11
-0.269385905511811
21
-0.4768957086614173
0
LINE
8
BLACK
6
CONTINUOUS
10
-0.269385905511811
20
-0.4768957086614173
11
-0.268945
21
-0.4779601181102362
0
LINE
8
BLACK
6
CONTINUOUS
10
-0.268945
20
-0.4779601181102362
11
-0.268945
21
-0.4791122440944882
0
LINE
8
BLACK
6
CONTINUOUS
10
-0.268945
20
-0.4791122440944882
11
-0.269385905511811
21
-0.4801766535433071
0
LINE
8
BLACK
6
CONTINUOUS
10
-0.269385905511811
20
-0.4801766535433071
11
-0.2702005511811024
21
-0.4809912992125984
0
LINE
8
BLACK
6
CONTINUOUS
10
-0.2702005511811024
20
-0.4809912992125984
11
-0.2712649606299213
21
-0.4814322047244095
0
LINE
8
BLACK
6
CONTINUOUS
10
-0.2712649606299213
20
-0.4814322047244095
11
-0.2943381889763779
21
-0.481488937007874
0
LINE
8
BLACK
6
CONTINUOUS
10
-0.2943381889763779
20
-0.481488937007874
11
-0.2949142519685039
21
-0.4814322047244095
0
LINE
8
BLACK
6
CONTINUOUS
10
-0.2949142519685039
20
-0.4814322047244095
11
-0.2959786614173228
21
-0.4809912992125984
0
LINE
8
BLACK
6
CONTINUOUS
10
-0.2959786614173228
20
-0.4809912992125984
11
-0.2967933070866142
21
-0.4801766535433071
0
LINE
8
BLACK
6
CONTINUOUS
10
-0.2967933070866142
20
-0.4801766535433071
11
-0.2972342125984252
21
-0.4791122440944882
0
LINE
8
BLACK
6
CONTINUOUS
10
-0.2972342125984252
20
-0.4791122440944882
11
-0.2972342125984252
21
-0.4779601181102362
0
LINE
8
BLACK
6
CONTINUOUS
10
-0.2972342125984252
20
-0.4779601181102362
11
-0.2967933070866142
21
-0.4768957086614173
0
LINE
8
BLACK
6
CONTINUOUS
10
-0.2967933070866142
20
-0.4768957086614173
11
-0.2959786614173228
21
-0.476081062992126
0
LINE
8
BLACK
6
CONTINUOUS
10
-0.2959786614173228
20
-0.476081062992126
11
-0.2949142519685039
21
-0.475640157480315
0
LINE
8
BLACK
6
CONTINUOUS
10
-0.2949142519685039
20
-0.475640157480315
11
-0.2859906299212598
21
-0.4756181889763779
0
LINE
8
BLACK
6
CONTINUOUS
10
-0.2859906299212598
20
-0.4756181889763779
11
-0.2860296850393701
21
-0.4481085826771654
0
LINE
8
BLACK
6
CONTINUOUS
10
-0.2860296850393701
20
-0.4481085826771654
11
-0.2885007480314961
21
-0.4506278346456693
0
LINE
8
BLACK
6
CONTINUOUS
10
-0.2885007480314961
20
-0.4506278346456693
11
-0.288727125984252
21
-0.4508135826771654
0
LINE
8
BLACK
6
CONTINUOUS
10
-0.288727125984252
20
-0.4508135826771654
11
-0.2887782677165354
21
-0.4508725984251968
0
LINE
8
BLACK
6
CONTINUOUS
10
-0.2887782677165354
20
-0.4508725984251968
11
-0.288833937007874
21
-0.4509012204724409
0
LINE
8
BLACK
6
CONTINUOUS
10
-0.288833937007874
20
-0.4509012204724409
11
-0.288948188976378
21
-0.4509950393700787
0
LINE
8
BLACK
6
CONTINUOUS
10
-0.288948188976378
20
-0.4509950393700787
11
-0.289295
21
-0.4511386614173228
0
LINE
8
BLACK
6
CONTINUOUS
10
-0.289295
20
-0.4511386614173228
11
-0.2930176771653543
21
-0.4530557086614173
0
LINE
8
BLACK
6
CONTINUOUS
10
-0.2930176771653543
20
-0.4530557086614173
11
-0.2935583070866142
21
-0.4532625984251968
0
LINE
8
BLACK
6
CONTINUOUS
10
-0.2935583070866142
20
-0.4532625984251968
11
-0.2947075196850394
21
-0.4533442519685039
0
LINE
8
BLACK
6
CONTINUOUS
10
-0.2947075196850394
20
-0.4533442519685039
11
-0.2958004724409449
21
-0.4529799212598425
0
LINE
8
BLACK
6
CONTINUOUS
10
-0.2958004724409449
20
-0.4529799212598425
11
-0.2966708661417323
21
-0.4522250787401575
0
LINE
8
BLACK
6
CONTINUOUS
10
-0.2966708661417323
20
-0.4522250787401575
11
-0.2971861023622047
21
-0.4511945669291338
0
LINE
8
BLACK
6
CONTINUOUS
10
-0.2971861023622047
20
-0.4511945669291338
11
-0.2972677559055118
21
-0.4500453543307086
0
LINE
8
BLACK
6
CONTINUOUS
10
-0.2972677559055118
20
-0.4500453543307086
11
-0.2969034251968504
21
-0.4489524015748032
0
LINE
8
BLACK
6
CONTINUOUS
10
-0.2969034251968504
20
-0.4489524015748032
11
-0.2961485826771654
21
-0.4480820078740158
0
LINE
8
BLACK
6
CONTINUOUS
10
-0.2961485826771654
20
-0.4480820078740158
11
-0.2922187401574803
21
-0.4460582677165355
0
LINE
8
BLACK
6
CONTINUOUS
10
-0.2922187401574803
20
-0.4460582677165355
11
-0.2889614960629921
21
-0.4427375590551181
0
LINE
8
BLACK
6
CONTINUOUS
10
-0.2889614960629921
20
-0.4427375590551181
11
-0.2855464566929134
21
-0.437528188976378
0
LINE
8
BLACK
6
CONTINUOUS
10
-0.2855464566929134
20
-0.437528188976378
11
-0.2855451181102362
21
-0.4375264960629921
0
LINE
8
BLACK
6
CONTINUOUS
10
-0.2855451181102362
20
-0.4375264960629921
11
-0.2855447244094488
21
-0.4375256299212598
0
LINE
8
BLACK
6
CONTINUOUS
10
-0.2855447244094488
20
-0.4375256299212598
11
-0.2855427165354331
21
-0.4375235826771653
0
LINE
8
BLACK
6
CONTINUOUS
10
-0.2855427165354331
20
-0.4375235826771653
11
-0.2851796850393701
21
-0.4370803543307086
0
LINE
8
BLACK
6
CONTINUOUS
10
-0.2851796850393701
20
-0.4370803543307086
11
-0.2849368110236221
21
-0.4369176771653543
0
LINE
8
BLACK
6
CONTINUOUS
10
-0.2849368110236221
20
-0.4369176771653543
11
-0.2847300787401575
21
-0.4367109842519685
0
LINE
8
BLACK
6
CONTINUOUS
10
-0.2847300787401575
20
-0.4367109842519685
11
-0.2844627952755905
21
-0.4366002362204724
0
LINE
8
BLACK
6
CONTINUOUS
10
-0.2844627952755905
20
-0.4366002362204724
11
-0.2842224015748032
21
-0.4364392913385827
0
LINE
8
BLACK
6
CONTINUOUS
10
-0.2842224015748032
20
-0.4364392913385827
11
-0.2839357874015748
21
-0.4363819291338583
0
LINE
8
BLACK
6
CONTINUOUS
10
-0.2839357874015748
20
-0.4363819291338583
11
-0.2836656692913386
21
-0.4362700787401575
0
LINE
8
BLACK
6
CONTINUOUS
10
-0.2836656692913386
20
-0.4362700787401575
11
-0.2833763779527559
21
-0.4362700787401575
0
LINE
8
BLACK
6
CONTINUOUS
10
-0.2833763779527559
20
-0.4362700787401575
11
-0.2830927165354331
21
-0.4362133464566929
0
LINE
8
BLACK
6
CONTINUOUS
10
-0.2830927165354331
20
-0.4362133464566929
11
-0.2828059448818898
21
-0.4362700787401575
0
LINE
8
BLACK
6
CONTINUOUS
10
-0.2431434645669291
20
-0.4362700787401575
11
-0.2430454724409449
21
-0.4363106692913385
0
LINE
8
BLACK
6
CONTINUOUS
10
-0.2430454724409449
20
-0.4363106692913385
11
-0.2429396456692913
21
-0.4363181889763779
0
LINE
8
BLACK
6
CONTINUOUS
10
-0.2429396456692913
20
-0.4363181889763779
11
-0.2424281102362205
21
-0.4365663779527559
0
LINE
8
BLACK
6
CONTINUOUS
10
-0.2424281102362205
20
-0.4365663779527559
11
-0.2420790551181102
21
-0.4367109842519685
0
LINE
8
BLACK
6
CONTINUOUS
10
-0.2420790551181102
20
-0.4367109842519685
11
-0.2420309448818898
21
-0.4367590944881889
0
LINE
8
BLACK
6
CONTINUOUS
10
-0.2420309448818898
20
-0.4367590944881889
11
-0.2386494881889764
21
-0.4383998425196851
0
LINE
8
BLACK
6
CONTINUOUS
10
-0.2386494881889764
20
-0.4383998425196851
11
-0.2384014960629921
21
-0.438555905511811
0
LINE
8
BLACK
6
CONTINUOUS
10
-0.2384014960629921
20
-0.438555905511811
11
-0.2383295275590551
21
-0.438585748031496
0
LINE
8
BLACK
6
CONTINUOUS
10
-0.2383295275590551
20
-0.438585748031496
11
-0.2382834645669291
21
-0.4386302362204724
0
LINE
8
BLACK
6
CONTINUOUS
10
-0.2382834645669291
20
-0.4386302362204724
11
-0.2381596062992126
21
-0.4387081889763779
0
LINE
8
BLACK
6
CONTINUOUS
10
-0.2381596062992126
20
-0.4387081889763779
11
-0.237937874015748
21
-0.4389638582677165
0
LINE
8
BLACK
6
CONTINUOUS
10
-0.237937874015748
20
-0.4389638582677165
11
-0.2360073228346457
21
-0.4408277165354331
0
LINE
8
BLACK
6
CONTINUOUS
10
-0.2360073228346457
20
-0.4408277165354331
11
-0.2358215748031496
21
-0.4410540551181102
0
LINE
8
BLACK
6
CONTINUOUS
10
-0.2358215748031496
20
-0.4410540551181102
11
-0.2357625590551181
21
-0.4411052362204724
0
LINE
8
BLACK
6
CONTINUOUS
10
-0.2357625590551181
20
-0.4411052362204724
11
-0.235733937007874
21
-0.4411608661417323
0
LINE
8
BLACK
6
CONTINUOUS
10
-0.235733937007874
20
-0.4411608661417323
11
-0.2356401181102362
21
-0.4412751574803149
0
LINE
8
BLACK
6
CONTINUOUS
10
-0.2356401181102362
20
-0.4412751574803149
11
-0.2354964566929134
21
-0.4416220078740157
0
LINE
8
BLACK
6
CONTINUOUS
10
-0.2354964566929134
20
-0.4416220078740157
11
-0.2335794488188976
21
-0.4453446456692913
0
LINE
8
BLACK
6
CONTINUOUS
10
-0.2335794488188976
20
-0.4453446456692913
11
-0.2335633464566929
21
-0.4453867322834645
0
LINE
8
BLACK
6
CONTINUOUS
10
-0.2335633464566929
20
-0.4453867322834645
11
-0.2335506299212598
21
-0.4454038976377953
0
LINE
8
BLACK
6
CONTINUOUS
10
-0.2335506299212598
20
-0.4454038976377953
11
-0.2335380708661417
21
-0.4454528346456693
0
LINE
8
BLACK
6
CONTINUOUS
10
-0.2335380708661417
20
-0.4454528346456693
11
-0.2333725590551181
21
-0.4458852362204724
0
LINE
8
BLACK
6
CONTINUOUS
10
-0.2333725590551181
20
-0.4458852362204724
11
-0.2333518897637795
21
-0.4461764566929134
0
LINE
8
BLACK
6
CONTINUOUS
10
-0.2333518897637795
20
-0.4461764566929134
11
-0.2314811023622047
21
-0.4534480708661417
0
LINE
8
BLACK
6
CONTINUOUS
10
-0.2314811023622047
20
-0.4534480708661417
11
-0.2314663385826772
21
-0.4535479133858268
0
LINE
8
BLACK
6
CONTINUOUS
10
-0.2314663385826772
20
-0.4535479133858268
11
-0.2314496850393701
21
-0.4535881496062992
0
LINE
8
BLACK
6
CONTINUOUS
10
-0.2314496850393701
20
-0.4535881496062992
11
-0.2314492913385827
21
-0.4536635039370079
0
LINE
8
BLACK
6
CONTINUOUS
10
-0.2314492913385827
20
-0.4536635039370079
11
-0.2313964566929134
21
-0.4540206692913386
0
LINE
8
BLACK
6
CONTINUOUS
10
-0.2313964566929134
20
-0.4540206692913386
11
-0.2314453543307086
21
-0.4543492125984252
0
LINE
8
BLACK
6
CONTINUOUS
10
-0.2314453543307086
20
-0.4543492125984252
11
-0.2313929527559055
21
-0.463538031496063
0
LINE
8
BLACK
6
CONTINUOUS
10
-0.2313929527559055
20
-0.463538031496063
11
-0.231402874015748
21
-0.4636385433070866
0
LINE
8
BLACK
6
CONTINUOUS
10
-0.231402874015748
20
-0.4636385433070866
11
-0.2313964566929134
21
-0.4636815748031496
0
LINE
8
BLACK
6
CONTINUOUS
10
-0.2313964566929134
20
-0.4636815748031496
11
-0.2314143700787402
21
-0.4637552362204724
0
LINE
8
BLACK
6
CONTINUOUS
10
-0.2314143700787402
20
-0.4637552362204724
11
-0.2314496850393701
21
-0.464114094488189
0
LINE
8
BLACK
6
CONTINUOUS
10
-0.2314496850393701
20
-0.464114094488189
11
-0.2315747637795275
21
-0.4644159842519685
0
LINE
8
BLACK
6
CONTINUOUS
10
-0.2315747637795275
20
-0.4644159842519685
11
-0.2333558661417323
21
-0.4717532283464567
0
LINE
8
BLACK
6
CONTINUOUS
10
-0.2333558661417323
20
-0.4717532283464567
11
-0.233371062992126
21
-0.4717957086614173
0
LINE
8
BLACK
6
CONTINUOUS
10
-0.233371062992126
20
-0.4717957086614173
11
-0.2333725590551181
21
-0.4718170078740158
0
LINE
8
BLACK
6
CONTINUOUS
10
-0.2333725590551181
20
-0.4718170078740158
11
-0.2333957086614173
21
-0.4718646456692913
0
LINE
8
BLACK
6
CONTINUOUS
10
-0.2333957086614173
20
-0.4718646456692913
11
-0.2335506299212598
21
-0.4722983464566929
0
LINE
8
BLACK
6
CONTINUOUS
10
-0.2335506299212598
20
-0.4722983464566929
11
-0.2337113779527559
21
-0.4725152755905512
0
LINE
8
BLACK
6
CONTINUOUS
10
-0.2337113779527559
20
-0.4725152755905512
11
-0.2354542125984252
21
-0.476107125984252
0
LINE
8
BLACK
6
CONTINUOUS
10
-0.2354542125984252
20
-0.476107125984252
11
-0.2356102755905512
21
-0.476355
0
LINE
8
BLACK
6
CONTINUOUS
10
-0.2356102755905512
20
-0.476355
11
-0.2356400787401575
21
-0.4764270472440945
0
LINE
8
BLACK
6
CONTINUOUS
10
-0.2356400787401575
20
-0.4764270472440945
11
-0.2356846456692913
21
-0.4764731496062992
0
LINE
8
BLACK
6
CONTINUOUS
10
-0.2356846456692913
20
-0.4764731496062992
11
-0.2357625590551181
21
-0.4765970078740157
0
LINE
8
BLACK
6
CONTINUOUS
10
-0.2357625590551181
20
-0.4765970078740157
11
-0.2360182283464567
21
-0.4768187007874016
0
LINE
8
BLACK
6
CONTINUOUS
10
-0.2360182283464567
20
-0.4768187007874016
11
-0.2378820472440945
21
-0.4787492913385827
0
LINE
8
BLACK
6
CONTINUOUS
10
-0.2378820472440945
20
-0.4787492913385827
11
-0.2381084251968504
21
-0.4789350393700788
0
LINE
8
BLACK
6
CONTINUOUS
10
-0.2381084251968504
20
-0.4789350393700788
11
-0.2381596062992126
21
-0.478994094488189
0
LINE
8
BLACK
6
CONTINUOUS
10
-0.2381596062992126
20
-0.478994094488189
11
-0.2382152755905512
21
-0.479022716535433
0
LINE
8
BLACK
6
CONTINUOUS
10
-0.2382152755905512
20
-0.479022716535433
11
-0.2383295275590551
21
-0.4791165354330709
0
LINE
8
BLACK
6
CONTINUOUS
10
-0.2383295275590551
20
-0.4791165354330709
11
-0.2386764173228346
21
-0.4792601968503937
0
LINE
8
BLACK
6
CONTINUOUS
10
-0.2386764173228346
20
-0.4792601968503937
11
-0.2423990157480315
21
-0.4811772047244094
0
LINE
8
BLACK
6
CONTINUOUS
10
-0.2423990157480315
20
-0.4811772047244094
11
-0.2429396456692913
21
-0.481384094488189
0
LINE
8
BLACK
6
CONTINUOUS
10
-0.2429396456692913
20
-0.481384094488189
11
-0.2430454724409449
21
-0.4813915748031496
0
LINE
8
BLACK
6
CONTINUOUS
10
-0.2430454724409449
20
-0.4813915748031496
11
-0.2431434645669291
21
-0.4814322047244095
0
LINE
8
BLACK
6
CONTINUOUS
10
-0.2431434645669291
20
-0.4814322047244095
11
-0.243723937007874
21
-0.4814398031496063
0
LINE
8
BLACK
6
CONTINUOUS
10
-0.243723937007874
20
-0.4814398031496063
11
-0.2440888582677165
21
-0.4814657480314961
0
LINE
8
BLACK
6
CONTINUOUS
10
-0.2440888582677165
20
-0.4814657480314961
11
-0.2441499212598425
21
-0.4814453937007874
0
LINE
8
BLACK
6
CONTINUOUS
10
-0.2441499212598425
20
-0.4814453937007874
11
-0.2474690551181102
21
-0.481488937007874
0
LINE
8
BLACK
6
CONTINUOUS
10
-0.2474690551181102
20
-0.481488937007874
11
-0.2480451181102362
21
-0.4814322047244095
0
LINE
8
BLACK
6
CONTINUOUS
10
-0.2480451181102362
20
-0.4814322047244095
11
-0.2481431102362205
21
-0.4813916141732283
0
LINE
8
BLACK
6
CONTINUOUS
10
-0.2481431102362205
20
-0.4813916141732283
11
-0.2482489763779528
21
-0.481384094488189
0
LINE
8
BLACK
6
CONTINUOUS
10
-0.2482489763779528
20
-0.481384094488189
11
-0.2487607480314961
21
-0.4811357480314961
0
LINE
8
BLACK
6
CONTINUOUS
10
-0.2487607480314961
20
-0.4811357480314961
11
-0.2491095275590551
21
-0.4809912992125984
0
LINE
8
BLACK
6
CONTINUOUS
10
-0.2491095275590551
20
-0.4809912992125984
11
-0.2491576377952756
21
-0.4809431889763779
0
LINE
8
BLACK
6
CONTINUOUS
10
-0.2491576377952756
20
-0.4809431889763779
11
-0.252539094488189
21
-0.4793024409448819
0
LINE
8
BLACK
6
CONTINUOUS
10
-0.252539094488189
20
-0.4793024409448819
11
-0.252787125984252
21
-0.4791463385826771
0
LINE
8
BLACK
6
CONTINUOUS
10
-0.252787125984252
20
-0.4791463385826771
11
-0.2528590551181102
21
-0.4791165354330709
0
LINE
8
BLACK
6
CONTINUOUS
10
-0.2528590551181102
20
-0.4791165354330709
11
-0.2529051574803149
21
-0.4790720078740157
0
LINE
8
BLACK
6
CONTINUOUS
10
-0.2529051574803149
20
-0.4790720078740157
11
-0.2530289763779527
21
-0.478994094488189
0
LINE
8
BLACK
6
CONTINUOUS
10
-0.2530289763779527
20
-0.478994094488189
11
-0.2532507874015748
21
-0.4787383070866142
0
LINE
8
BLACK
6
CONTINUOUS
10
-0.2532507874015748
20
-0.4787383070866142
11
-0.2551812992125984
21
-0.4768744881889764
0
LINE
8
BLACK
6
CONTINUOUS
10
-0.2551812992125984
20
-0.4768744881889764
11
-0.2553670472440945
21
-0.4766481496062992
0
LINE
8
BLACK
6
CONTINUOUS
10
-0.2553670472440945
20
-0.4766481496062992
11
-0.2554260236220472
21
-0.4765970078740157
0
LINE
8
BLACK
6
CONTINUOUS
10
-0.2554260236220472
20
-0.4765970078740157
11
-0.2554546850393701
21
-0.4765413779527559
0
LINE
8
BLACK
6
CONTINUOUS
10
-0.2554546850393701
20
-0.4765413779527559
11
-0.2555485039370078
21
-0.4764270472440945
0
LINE
8
BLACK
6
CONTINUOUS
10
-0.2555485039370078
20
-0.4764270472440945
11
-0.2556922047244095
21
-0.4760801181102362
0
LINE
8
BLACK
6
CONTINUOUS
10
-0.2556922047244095
20
-0.4760801181102362
11
-0.2576091338582677
21
-0.4723575984251969
0
LINE
8
BLACK
6
CONTINUOUS
10
-0.2576091338582677
20
-0.4723575984251969
11
-0.2576252755905512
21
-0.4723154724409449
0
LINE
8
BLACK
6
CONTINUOUS
10
-0.2576252755905512
20
-0.4723154724409449
11
-0.2576379527559055
21
-0.4722983464566929
0
LINE
8
BLACK
6
CONTINUOUS
10
-0.2576379527559055
20
-0.4722983464566929
11
-0.2576505905511811
21
-0.4722493307086614
0
LINE
8
BLACK
6
CONTINUOUS
10
-0.2576505905511811
20
-0.4722493307086614
11
-0.2578160236220473
21
-0.471816968503937
0
LINE
8
BLACK
6
CONTINUOUS
10
-0.2578160236220473
20
-0.471816968503937
11
-0.2578367322834645
21
-0.4715257480314961
0
LINE
8
BLACK
6
CONTINUOUS
10
-0.2578367322834645
20
-0.4715257480314961
11
-0.2597074803149606
21
-0.4642541732283464
0
LINE
8
BLACK
6
CONTINUOUS
10
-0.2597074803149606
20
-0.4642541732283464
11
-0.2597222834645669
21
-0.4641542913385827
0
LINE
8
BLACK
6
CONTINUOUS
10
-0.2597222834645669
20
-0.4641542913385827
11
-0.2597388976377953
21
-0.464114094488189
0
LINE
8
BLACK
6
CONTINUOUS
10
-0.2597388976377953
20
-0.464114094488189
11
-0.2597393307086614
21
-0.4640387007874016
0
LINE
8
BLACK
6
CONTINUOUS
10
-0.2597393307086614
20
-0.4640387007874016
11
-0.2597921259842519
21
-0.4636815748031496
0
LINE
8
BLACK
6
CONTINUOUS
10
-0.2597921259842519
20
-0.4636815748031496
11
-0.2597432677165354
21
-0.4633529921259842
0
LINE
8
BLACK
6
CONTINUOUS
10
-0.2597432677165354
20
-0.4633529921259842
11
-0.2597956299212598
21
-0.4541642125984252
0
LINE
8
BLACK
6
CONTINUOUS
10
-0.2597956299212598
20
-0.4541642125984252
11
-0.2597857480314961
21
-0.4540636614173229
0
LINE
8
BLACK
6
CONTINUOUS
10
-0.2597857480314961
20
-0.4540636614173229
11
-0.2597921259842519
21
-0.4540206692913386
0
LINE
8
BLACK
6
CONTINUOUS
10
-0.2597921259842519
20
-0.4540206692913386
11
-0.259774251968504
21
-0.453946968503937
0
LINE
8
BLACK
6
CONTINUOUS
10
-0.259774251968504
20
-0.453946968503937
11
-0.2597388976377953
21
-0.4535881496062992
0
LINE
8
BLACK
6
CONTINUOUS
10
-0.2597388976377953
20
-0.4535881496062992
11
-0.2596138582677165
21
-0.4532862204724409
0
LINE
8
BLACK
6
CONTINUOUS
10
-0.2596138582677165
20
-0.4532862204724409
11
-0.257832716535433
21
-0.4459490157480315
0
LINE
8
BLACK
6
CONTINUOUS
10
-0.257832716535433
20
-0.4459490157480315
11
-0.2578175590551181
21
-0.4459064960629921
0
LINE
8
BLACK
6
CONTINUOUS
10
-0.2578175590551181
20
-0.4459064960629921
11
-0.2578160236220473
21
-0.4458852755905512
0
LINE
8
BLACK
6
CONTINUOUS
10
-0.2578160236220473
20
-0.4458852755905512
11
-0.2577929921259842
21
-0.4458377165354331
0
LINE
8
BLACK
6
CONTINUOUS
10
-0.2577929921259842
20
-0.4458377165354331
11
-0.2576379527559055
21
-0.4454038976377953
0
LINE
8
BLACK
6
CONTINUOUS
10
-0.2576379527559055
20
-0.4454038976377953
11
-0.2574771653543307
21
-0.4451868897637795
0
LINE
8
BLACK
6
CONTINUOUS
10
-0.2574771653543307
20
-0.4451868897637795
11
-0.2557343700787402
21
-0.4415951181102362
0
LINE
8
BLACK
6
CONTINUOUS
10
-0.2557343700787402
20
-0.4415951181102362
11
-0.2555783070866142
21
-0.4413470866141732
0
LINE
8
BLACK
6
CONTINUOUS
10
-0.2555783070866142
20
-0.4413470866141732
11
-0.2555484645669291
21
-0.4412751574803149
0
LINE
8
BLACK
6
CONTINUOUS
10
-0.2555484645669291
20
-0.4412751574803149
11
-0.2555039763779527
21
-0.4412290551181102
0
LINE
8
BLACK
6
CONTINUOUS
10
-0.2555039763779527
20
-0.4412290551181102
11
-0.2554260236220472
21
-0.4411052362204724
0
LINE
8
BLACK
6
CONTINUOUS
10
-0.2554260236220472
20
-0.4411052362204724
11
-0.2551703543307087
21
-0.4408834645669291
0
LINE
8
BLACK
6
CONTINUOUS
10
-0.2551703543307087
20
-0.4408834645669291
11
-0.2533064960629921
21
-0.4389529527559055
0
LINE
8
BLACK
6
CONTINUOUS
10
-0.2533064960629921
20
-0.4389529527559055
11
-0.253080157480315
21
-0.4387671653543307
0
LINE
8
BLACK
6
CONTINUOUS
10
-0.253080157480315
20
-0.4387671653543307
11
-0.2530289763779527
21
-0.4387081889763779
0
LINE
8
BLACK
6
CONTINUOUS
10
-0.2530289763779527
20
-0.4387081889763779
11
-0.2529733464566929
21
-0.4386795275590551
0
LINE
8
BLACK
6
CONTINUOUS
10
-0.2529733464566929
20
-0.4386795275590551
11
-0.2528590551181102
21
-0.438585748031496
0
LINE
8
BLACK
6
CONTINUOUS
10
-0.2528590551181102
20
-0.438585748031496
11
-0.2525122047244094
21
-0.4384420472440945
0
LINE
8
BLACK
6
CONTINUOUS
10
-0.2525122047244094
20
-0.4384420472440945
11
-0.2487895669291338
21
-0.4365250787401574
0
LINE
8
BLACK
6
CONTINUOUS
10
-0.2487895669291338
20
-0.4365250787401574
11
-0.2482489763779528
21
-0.4363181889763779
0
LINE
8
BLACK
6
CONTINUOUS
10
-0.2482489763779528
20
-0.4363181889763779
11
-0.2481431102362205
21
-0.4363106299212599
0
LINE
8
BLACK
6
CONTINUOUS
10
-0.2481431102362205
20
-0.4363106299212599
11
-0.2480451181102362
21
-0.4362700787401575
0
LINE
8
BLACK
6
CONTINUOUS
10
-0.2480451181102362
20
-0.4362700787401575
11
-0.2474647637795276
21
-0.4362624409448819
0
LINE
8
BLACK
6
CONTINUOUS
10
-0.2474647637795276
20
-0.4362624409448819
11
-0.2470997637795276
21
-0.4362365354330708
0
LINE
8
BLACK
6
CONTINUOUS
10
-0.2470997637795276
20
-0.4362365354330708
11
-0.2470387401574803
21
-0.4362568503937008
0
LINE
8
BLACK
6
CONTINUOUS
10
-0.2470387401574803
20
-0.4362568503937008
11
-0.2437195275590551
21
-0.4362133464566929
0
LINE
8
BLACK
6
CONTINUOUS
10
-0.2437195275590551
20
-0.4362133464566929
11
-0.2431434645669291
21
-0.4362700787401575
0
LINE
8
BLACK
6
CONTINUOUS
10
-0.246846968503937
20
-0.4421106692913386
11
-0.2495627559055118
21
-0.4435091732283464
0
LINE
8
BLACK
6
CONTINUOUS
10
-0.2495627559055118
20
-0.4435091732283464
11
-0.2507534645669292
21
-0.4447425196850394
0
LINE
8
BLACK
6
CONTINUOUS
10
-0.2507534645669292
20
-0.4447425196850394
11
-0.2522820472440945
21
-0.4478927952755906
0
LINE
8
BLACK
6
CONTINUOUS
10
-0.2522820472440945
20
-0.4478927952755906
11
-0.2539403937007874
21
-0.4547242125984252
0
LINE
8
BLACK
6
CONTINUOUS
10
-0.2539403937007874
20
-0.4547242125984252
11
-0.253891062992126
21
-0.4633727559055118
0
LINE
8
BLACK
6
CONTINUOUS
10
-0.253891062992126
20
-0.4633727559055118
11
-0.2521350393700788
21
-0.4701984251968504
0
LINE
8
BLACK
6
CONTINUOUS
10
-0.2521350393700788
20
-0.4701984251968504
11
-0.250625
21
-0.4731307480314961
0
LINE
8
BLACK
6
CONTINUOUS
10
-0.250625
20
-0.4731307480314961
11
-0.2493916535433071
21
-0.4743215354330709
0
LINE
8
BLACK
6
CONTINUOUS
10
-0.2493916535433071
20
-0.4743215354330709
11
-0.2467101968503937
21
-0.4756226377952756
0
LINE
8
BLACK
6
CONTINUOUS
10
-0.2467101968503937
20
-0.4756226377952756
11
-0.2443416535433071
21
-0.4755915748031496
0
LINE
8
BLACK
6
CONTINUOUS
10
-0.2443416535433071
20
-0.4755915748031496
11
-0.241625905511811
21
-0.4741930708661417
0
LINE
8
BLACK
6
CONTINUOUS
10
-0.241625905511811
20
-0.4741930708661417
11
-0.2404351181102362
21
-0.4729596456692913
0
LINE
8
BLACK
6
CONTINUOUS
10
-0.2404351181102362
20
-0.4729596456692913
11
-0.2389065748031496
21
-0.4698094094488189
0
LINE
8
BLACK
6
CONTINUOUS
10
-0.2389065748031496
20
-0.4698094094488189
11
-0.2372482283464567
21
-0.4629779921259842
0
LINE
8
BLACK
6
CONTINUOUS
10
-0.2372482283464567
20
-0.4629779921259842
11
-0.2372975590551181
21
-0.4543294488188976
0
LINE
8
BLACK
6
CONTINUOUS
10
-0.2372975590551181
20
-0.4543294488188976
11
-0.2390535826771653
21
-0.447503779527559
0
LINE
8
BLACK
6
CONTINUOUS
10
-0.2390535826771653
20
-0.447503779527559
11
-0.2405635826771653
21
-0.4445714566929134
0
LINE
8
BLACK
6
CONTINUOUS
10
-0.2405635826771653
20
-0.4445714566929134
11
-0.2417969291338583
21
-0.4433807480314961
0
LINE
8
BLACK
6
CONTINUOUS
10
-0.2417969291338583
20
-0.4433807480314961
11
-0.2444784251968504
21
-0.4420796062992126
0
LINE
8
BLACK
6
CONTINUOUS
10
-0.2444784251968504
20
-0.4420796062992126
11
-0.246846968503937
21
-0.4421106692913386
0
LINE
8
BLACK
6
CONTINUOUS
10
-0.1587790157480315
20
-0.4493934251968504
11
-0.1586810236220473
21
-0.4494340157480315
0
LINE
8
BLACK
6
CONTINUOUS
10
-0.1586810236220473
20
-0.4494340157480315
11
-0.1585751968503937
21
-0.4494415354330709
0
LINE
8
BLACK
6
CONTINUOUS
10
-0.1585751968503937
20
-0.4494415354330709
11
-0.1580636220472441
21
-0.4496897637795276
0
LINE
8
BLACK
6
CONTINUOUS
10
-0.1580636220472441
20
-0.4496897637795276
11
-0.1577146062992126
21
-0.4498343307086614
0
LINE
8
BLACK
6
CONTINUOUS
10
-0.1577146062992126
20
-0.4498343307086614
11
-0.1576664960629921
21
-0.4498824409448819
0
LINE
8
BLACK
6
CONTINUOUS
10
-0.1576664960629921
20
-0.4498824409448819
11
-0.154285
21
-0.4515231889763779
0
LINE
8
BLACK
6
CONTINUOUS
10
-0.154285
20
-0.4515231889763779
11
-0.1541887007874016
21
-0.4515838188976378
0
LINE
8
BLACK
6
CONTINUOUS
10
-0.1541887007874016
20
-0.4515838188976378
11
-0.1541432283464567
21
-0.4515989763779528
0
LINE
8
BLACK
6
CONTINUOUS
10
-0.1541432283464567
20
-0.4515989763779528
11
-0.1540866535433071
21
-0.451648031496063
0
LINE
8
BLACK
6
CONTINUOUS
10
-0.1540866535433071
20
-0.451648031496063
11
-0.153795157480315
21
-0.4518315354330709
0
LINE
8
BLACK
6
CONTINUOUS
10
-0.153795157480315
20
-0.4518315354330709
11
-0.1535526771653543
21
-0.4521111417322835
0
LINE
8
BLACK
6
CONTINUOUS
10
-0.1535526771653543
20
-0.4521111417322835
11
-0.1532728346456693
21
-0.4523538188976378
0
LINE
8
BLACK
6
CONTINUOUS
10
-0.1532728346456693
20
-0.4523538188976378
11
-0.1531714960629921
21
-0.4525506299212598
0
LINE
8
BLACK
6
CONTINUOUS
10
-0.1531714960629921
20
-0.4525506299212598
11
-0.1530402755905512
21
-0.4527019291338583
0
LINE
8
BLACK
6
CONTINUOUS
10
-0.1530402755905512
20
-0.4527019291338583
11
-0.1529424803149606
21
-0.4529953937007874
0
LINE
8
BLACK
6
CONTINUOUS
10
-0.1529424803149606
20
-0.4529953937007874
11
-0.1510897244094488
21
-0.4565932283464567
0
LINE
8
BLACK
6
CONTINUOUS
10
-0.1510897244094488
20
-0.4565932283464567
11
-0.1508828346456693
21
-0.4571338188976378
0
LINE
8
BLACK
6
CONTINUOUS
10
-0.1508828346456693
20
-0.4571338188976378
11
-0.1508753149606299
21
-0.4572396850393701
0
LINE
8
BLACK
6
CONTINUOUS
10
-0.1508753149606299
20
-0.4572396850393701
11
-0.1508347244094488
21
-0.4573376771653543
0
LINE
8
BLACK
6
CONTINUOUS
10
-0.1508347244094488
20
-0.4573376771653543
11
-0.1508334251968504
21
-0.4578294488188976
0
LINE
8
BLACK
6
CONTINUOUS
10
-0.1508334251968504
20
-0.4578294488188976
11
-0.1508011811023622
21
-0.458283031496063
0
LINE
8
BLACK
6
CONTINUOUS
10
-0.1508011811023622
20
-0.458283031496063
11
-0.150831968503937
21
-0.4583753149606299
0
LINE
8
BLACK
6
CONTINUOUS
10
-0.150831968503937
20
-0.4583753149606299
11
-0.1507779921259843
21
-0.4785361811023622
0
LINE
8
BLACK
6
CONTINUOUS
10
-0.1507779921259843
20
-0.4785361811023622
11
-0.1508347244094488
21
-0.4791122440944882
0
LINE
8
BLACK
6
CONTINUOUS
10
-0.1508347244094488
20
-0.4791122440944882
11
-0.1512756299212598
21
-0.4801766535433071
0
LINE
8
BLACK
6
CONTINUOUS
10
-0.1512756299212598
20
-0.4801766535433071
11
-0.1520902755905512
21
-0.4809912992125984
0
LINE
8
BLACK
6
CONTINUOUS
10
-0.1520902755905512
20
-0.4809912992125984
11
-0.1531546850393701
21
-0.4814322047244095
0
LINE
8
BLACK
6
CONTINUOUS
10
-0.1531546850393701
20
-0.4814322047244095
11
-0.154306811023622
21
-0.4814322047244095
0
LINE
8
BLACK
6
CONTINUOUS
10
-0.154306811023622
20
-0.4814322047244095
11
-0.155371220472441
21
-0.4809912992125984
0
LINE
8
BLACK
6
CONTINUOUS
10
-0.155371220472441
20
-0.4809912992125984
11
-0.1561858661417323
21
-0.4801766535433071
0
LINE
8
BLACK
6
CONTINUOUS
10
-0.1561858661417323
20
-0.4801766535433071
11
-0.1566267716535433
21
-0.4791122440944882
0
LINE
8
BLACK
6
CONTINUOUS
10
-0.1566267716535433
20
-0.4791122440944882
11
-0.1566818897637795
21
-0.4585231496062992
0
LINE
8
BLACK
6
CONTINUOUS
10
-0.1566818897637795
20
-0.4585231496062992
11
-0.1578179527559055
21
-0.4563170078740157
0
LINE
8
BLACK
6
CONTINUOUS
10
-0.1578179527559055
20
-0.4563170078740157
11
-0.1601246850393701
21
-0.4551977559055118
0
LINE
8
BLACK
6
CONTINUOUS
10
-0.1601246850393701
20
-0.4551977559055118
11
-0.1643621653543307
21
-0.4552365354330709
0
LINE
8
BLACK
6
CONTINUOUS
10
-0.1643621653543307
20
-0.4552365354330709
11
-0.166576062992126
21
-0.4563766141732283
0
LINE
8
BLACK
6
CONTINUOUS
10
-0.166576062992126
20
-0.4563766141732283
11
-0.1677040157480315
21
-0.4587011811023622
0
LINE
8
BLACK
6
CONTINUOUS
10
-0.1677040157480315
20
-0.4587011811023622
11
-0.167650905511811
21
-0.4785361811023622
0
LINE
8
BLACK
6
CONTINUOUS
10
-0.167650905511811
20
-0.4785361811023622
11
-0.1677076377952756
21
-0.4791122440944882
0
LINE
8
BLACK
6
CONTINUOUS
10
-0.1677076377952756
20
-0.4791122440944882
11
-0.1681485433070866
21
-0.4801766535433071
0
LINE
8
BLACK
6
CONTINUOUS
10
-0.1681485433070866
20
-0.4801766535433071
11
-0.1689631889763779
21
-0.4809912992125984
0
LINE
8
BLACK
6
CONTINUOUS
10
-0.1689631889763779
20
-0.4809912992125984
11
-0.1700275984251969
21
-0.4814322047244095
0
LINE
8
BLACK
6
CONTINUOUS
10
-0.1700275984251969
20
-0.4814322047244095
11
-0.1711797244094488
21
-0.4814322047244095
0
LINE
8
BLACK
6
CONTINUOUS
10
-0.1711797244094488
20
-0.4814322047244095
11
-0.1722441338582677
21
-0.4809912992125984
0
LINE
8
BLACK
6
CONTINUOUS
10
-0.1722441338582677
20
-0.4809912992125984
11
-0.173058779527559
21
-0.4801766535433071
0
LINE
8
BLACK
6
CONTINUOUS
10
-0.173058779527559
20
-0.4801766535433071
11
-0.1734996850393701
21
-0.4791122440944882
0
LINE
8
BLACK
6
CONTINUOUS
10
-0.1734996850393701
20
-0.4791122440944882
11
-0.1735548031496063
21
-0.4585231496062992
0
LINE
8
BLACK
6
CONTINUOUS
10
-0.1735548031496063
20
-0.4585231496062992
11
-0.1746908661417323
21
-0.4563170472440945
0
LINE
8
BLACK
6
CONTINUOUS
10
-0.1746908661417323
20
-0.4563170472440945
11
-0.1769975590551181
21
-0.4551977559055118
0
LINE
8
BLACK
6
CONTINUOUS
10
-0.1769975590551181
20
-0.4551977559055118
11
-0.1812350393700787
21
-0.4552365354330709
0
LINE
8
BLACK
6
CONTINUOUS
10
-0.1812350393700787
20
-0.4552365354330709
11
-0.1839459448818898
21
-0.4566325196850394
0
LINE
8
BLACK
6
CONTINUOUS
10
-0.1839459448818898
20
-0.4566325196850394
11
-0.184568779527559
21
-0.4572776377952756
0
LINE
8
BLACK
6
CONTINUOUS
10
-0.184568779527559
20
-0.4572776377952756
11
-0.1845237795275591
21
-0.4785361811023622
0
LINE
8
BLACK
6
CONTINUOUS
10
-0.1845237795275591
20
-0.4785361811023622
11
-0.1845805118110236
21
-0.4791122440944882
0
LINE
8
BLACK
6
CONTINUOUS
10
-0.1845805118110236
20
-0.4791122440944882
11
-0.1850214173228346
21
-0.4801766535433071
0
LINE
8
BLACK
6
CONTINUOUS
10
-0.1850214173228346
20
-0.4801766535433071
11
-0.185836062992126
21
-0.4809912992125984
0
LINE
8
BLACK
6
CONTINUOUS
10
-0.185836062992126
20
-0.4809912992125984
11
-0.1869004724409449
21
-0.4814322047244095
0
LINE
8
BLACK
6
CONTINUOUS
10
-0.1869004724409449
20
-0.4814322047244095
11
-0.1880525984251968
21
-0.4814322047244095
0
LINE
8
BLACK
6
CONTINUOUS
10
-0.1880525984251968
20
-0.4814322047244095
11
-0.1891170078740158
21
-0.4809912992125984
0
LINE
8
BLACK
6
CONTINUOUS
10
-0.1891170078740158
20
-0.4809912992125984
11
-0.1899316535433071
21
-0.4801766535433071
0
LINE
8
BLACK
6
CONTINUOUS
10
-0.1899316535433071
20
-0.4801766535433071
11
-0.1903725590551181
21
-0.4791122440944882
0
LINE
8
BLACK
6
CONTINUOUS
10
-0.1903725590551181
20
-0.4791122440944882
11
-0.1904292913385827
21
-0.4522894488188977
0
LINE
8
BLACK
6
CONTINUOUS
10
-0.1904292913385827
20
-0.4522894488188977
11
-0.1903725590551181
21
-0.4517133858267716
0
LINE
8
BLACK
6
CONTINUOUS
10
-0.1903725590551181
20
-0.4517133858267716
11
-0.1899316535433071
21
-0.4506489763779528
0
LINE
8
BLACK
6
CONTINUOUS
10
-0.1899316535433071
20
-0.4506489763779528
11
-0.1891170078740158
21
-0.4498343307086614
0
LINE
8
BLACK
6
CONTINUOUS
10
-0.1891170078740158
20
-0.4498343307086614
11
-0.1880525984251968
21
-0.4493934251968504
0
LINE
8
BLACK
6
CONTINUOUS
10
-0.1880525984251968
20
-0.4493934251968504
11
-0.1869004724409449
21
-0.4493934251968504
0
LINE
8
BLACK
6
CONTINUOUS
10
-0.1869004724409449
20
-0.4493934251968504
11
-0.185836062992126
21
-0.4498343307086614
0
LINE
8
BLACK
6
CONTINUOUS
10
-0.185836062992126
20
-0.4498343307086614
11
-0.1850535039370079
21
-0.4506168897637795
0
LINE
8
BLACK
6
CONTINUOUS
10
-0.1850535039370079
20
-0.4506168897637795
11
-0.1831727559055118
21
-0.4496484251968504
0
LINE
8
BLACK
6
CONTINUOUS
10
-0.1831727559055118
20
-0.4496484251968504
11
-0.1826321653543307
21
-0.4494415354330709
0
LINE
8
BLACK
6
CONTINUOUS
10
-0.1826321653543307
20
-0.4494415354330709
11
-0.1825262992125984
21
-0.4494339763779527
0
LINE
8
BLACK
6
CONTINUOUS
10
-0.1825262992125984
20
-0.4494339763779527
11
-0.1824283070866142
21
-0.4493934251968504
0
LINE
8
BLACK
6
CONTINUOUS
10
-0.1824283070866142
20
-0.4493934251968504
11
-0.1818851181102362
21
-0.4493884251968504
0
LINE
8
BLACK
6
CONTINUOUS
10
-0.1818851181102362
20
-0.4493884251968504
11
-0.1814829527559055
21
-0.4493598818897638
0
LINE
8
BLACK
6
CONTINUOUS
10
-0.1814829527559055
20
-0.4493598818897638
11
-0.1814102755905512
21
-0.4493840944881889
0
LINE
8
BLACK
6
CONTINUOUS
10
-0.1814102755905512
20
-0.4493840944881889
11
-0.1762279527559055
21
-0.4493366929133858
0
LINE
8
BLACK
6
CONTINUOUS
10
-0.1762279527559055
20
-0.4493366929133858
11
-0.1756518897637795
21
-0.4493934251968504
0
LINE
8
BLACK
6
CONTINUOUS
10
-0.1756518897637795
20
-0.4493934251968504
11
-0.1755538976377953
21
-0.4494340157480315
0
LINE
8
BLACK
6
CONTINUOUS
10
-0.1755538976377953
20
-0.4494340157480315
11
-0.1754480708661417
21
-0.4494415354330709
0
LINE
8
BLACK
6
CONTINUOUS
10
-0.1754480708661417
20
-0.4494415354330709
11
-0.1749365354330709
21
-0.4496897244094488
0
LINE
8
BLACK
6
CONTINUOUS
10
-0.1749365354330709
20
-0.4496897244094488
11
-0.1745874803149606
21
-0.4498343307086614
0
LINE
8
BLACK
6
CONTINUOUS
10
-0.1745874803149606
20
-0.4498343307086614
11
-0.1745393700787402
21
-0.4498824409448819
0
LINE
8
BLACK
6
CONTINUOUS
10
-0.1745393700787402
20
-0.4498824409448819
11
-0.1711579133858268
21
-0.4515231889763779
0
LINE
8
BLACK
6
CONTINUOUS
10
-0.1711579133858268
20
-0.4515231889763779
11
-0.1710615748031496
21
-0.4515838188976378
0
LINE
8
BLACK
6
CONTINUOUS
10
-0.1710615748031496
20
-0.4515838188976378
11
-0.1710161417322835
21
-0.4515989763779528
0
LINE
8
BLACK
6
CONTINUOUS
10
-0.1710161417322835
20
-0.4515989763779528
11
-0.1709596062992126
21
-0.4516479921259842
0
LINE
8
BLACK
6
CONTINUOUS
10
-0.1709596062992126
20
-0.4516479921259842
11
-0.170668031496063
21
-0.4518315354330709
0
LINE
8
BLACK
6
CONTINUOUS
10
-0.170668031496063
20
-0.4518315354330709
11
-0.1706036614173228
21
-0.4519057480314961
0
LINE
8
BLACK
6
CONTINUOUS
10
-0.1706036614173228
20
-0.4519057480314961
11
-0.1705392913385827
21
-0.4518315354330709
0
LINE
8
BLACK
6
CONTINUOUS
10
-0.1705392913385827
20
-0.4518315354330709
11
-0.1703424803149606
21
-0.451730157480315
0
LINE
8
BLACK
6
CONTINUOUS
10
-0.1703424803149606
20
-0.451730157480315
11
-0.1701911811023622
21
-0.4515989763779528
0
LINE
8
BLACK
6
CONTINUOUS
10
-0.1701911811023622
20
-0.4515989763779528
11
-0.1698977165354331
21
-0.4515011417322835
0
LINE
8
BLACK
6
CONTINUOUS
10
-0.1698977165354331
20
-0.4515011417322835
11
-0.1662998818897638
21
-0.4496484251968504
0
LINE
8
BLACK
6
CONTINUOUS
10
-0.1662998818897638
20
-0.4496484251968504
11
-0.1657592913385827
21
-0.4494415354330709
0
LINE
8
BLACK
6
CONTINUOUS
10
-0.1657592913385827
20
-0.4494415354330709
11
-0.1656534251968504
21
-0.4494339763779527
0
LINE
8
BLACK
6
CONTINUOUS
10
-0.1656534251968504
20
-0.4494339763779527
11
-0.1655554330708661
21
-0.4493934251968504
0
LINE
8
BLACK
6
CONTINUOUS
10
-0.1655554330708661
20
-0.4493934251968504
11
-0.1650122440944882
21
-0.4493884251968504
0
LINE
8
BLACK
6
CONTINUOUS
10
-0.1650122440944882
20
-0.4493884251968504
11
-0.1646100787401575
21
-0.4493598818897638
0
LINE
8
BLACK
6
CONTINUOUS
10
-0.1646100787401575
20
-0.4493598818897638
11
-0.1645374015748031
21
-0.4493840944881889
0
LINE
8
BLACK
6
CONTINUOUS
10
-0.1645374015748031
20
-0.4493840944881889
11
-0.1593550787401575
21
-0.4493366929133858
0
LINE
8
BLACK
6
CONTINUOUS
10
-0.1593550787401575
20
-0.4493366929133858
11
-0.1587790157480315
21
-0.4493934251968504
0
LINE
8
BLACK
6
CONTINUOUS
10
-0.1062855905511811
20
-0.4493934251968504
11
-0.1061875984251968
21
-0.4494340157480315
0
LINE
8
BLACK
6
CONTINUOUS
10
-0.1061875984251968
20
-0.4494340157480315
11
-0.1060817716535433
21
-0.4494415354330709
0
LINE
8
BLACK
6
CONTINUOUS
10
-0.1060817716535433
20
-0.4494415354330709
11
-0.1055701968503937
21
-0.4496897637795276
0
LINE
8
BLACK
6
CONTINUOUS
10
-0.1055701968503937
20
-0.4496897637795276
11
-0.1052211811023622
21
-0.4498343307086614
0
LINE
8
BLACK
6
CONTINUOUS
10
-0.1052211811023622
20
-0.4498343307086614
11
-0.1051730708661417
21
-0.4498824409448819
0
LINE
8
BLACK
6
CONTINUOUS
10
-0.1051730708661417
20
-0.4498824409448819
11
-0.1017915748031496
21
-0.4515231889763779
0
LINE
8
BLACK
6
CONTINUOUS
10
-0.1017915748031496
20
-0.4515231889763779
11
-0.1016952755905512
21
-0.4515838188976378
0
LINE
8
BLACK
6
CONTINUOUS
10
-0.1016952755905512
20
-0.4515838188976378
11
-0.1016498031496063
21
-0.4515989763779528
0
LINE
8
BLACK
6
CONTINUOUS
10
-0.1016498031496063
20
-0.4515989763779528
11
-0.1015932283464567
21
-0.451648031496063
0
LINE
8
BLACK
6
CONTINUOUS
10
-0.1015932283464567
20
-0.451648031496063
11
-0.1013017322834646
21
-0.4518315354330709
0
LINE
8
BLACK
6
CONTINUOUS
10
-0.1013017322834646
20
-0.4518315354330709
11
-0.1010592519685039
21
-0.4521111417322835
0
LINE
8
BLACK
6
CONTINUOUS
10
-0.1010592519685039
20
-0.4521111417322835
11
-0.1007794094488189
21
-0.4523538188976378
0
LINE
8
BLACK
6
CONTINUOUS
10
-0.1007794094488189
20
-0.4523538188976378
11
-0.1006780708661417
21
-0.4525506299212598
0
LINE
8
BLACK
6
CONTINUOUS
10
-0.1006780708661417
20
-0.4525506299212598
11
-0.1005468503937008
21
-0.4527019291338583
0
LINE
8
BLACK
6
CONTINUOUS
10
-0.1005468503937008
20
-0.4527019291338583
11
-0.1004490551181102
21
-0.4529953937007874
0
LINE
8
BLACK
6
CONTINUOUS
10
-0.1004490551181102
20
-0.4529953937007874
11
-0.0985962992125984
21
-0.4565932283464567
0
LINE
8
BLACK
6
CONTINUOUS
10
-0.0985962992125984
20
-0.4565932283464567
11
-0.0983894094488189
21
-0.4571338188976378
0
LINE
8
BLACK
6
CONTINUOUS
10
-0.0983894094488189
20
-0.4571338188976378
11
-0.0983818897637795
21
-0.4572396850393701
0
LINE
8
BLACK
6
CONTINUOUS
10
-0.0983818897637795
20
-0.4572396850393701
11
-0.0983412992125984
21
-0.4573376771653543
0
LINE
8
BLACK
6
CONTINUOUS
10
-0.0983412992125984
20
-0.4573376771653543
11
-0.09834
21
-0.4578294488188976
0
LINE
8
BLACK
6
CONTINUOUS
10
-0.09834
20
-0.4578294488188976
11
-0.0983077559055118
21
-0.458283031496063
0
LINE
8
BLACK
6
CONTINUOUS
10
-0.0983077559055118
20
-0.458283031496063
11
-0.0983385433070866
21
-0.4583753149606299
0
LINE
8
BLACK
6
CONTINUOUS
10
-0.0983385433070866
20
-0.4583753149606299
11
-0.0982845669291339
21
-0.4785361811023622
0
LINE
8
BLACK
6
CONTINUOUS
10
-0.0982845669291339
20
-0.4785361811023622
11
-0.0983412992125984
21
-0.4791122440944882
0
LINE
8
BLACK
6
CONTINUOUS
10
-0.0983412992125984
20
-0.4791122440944882
11
-0.0987822047244094
21
-0.4801766535433071
0
LINE
8
BLACK
6
CONTINUOUS
10
-0.0987822047244094
20
-0.4801766535433071
11
-0.0995968503937008
21
-0.4809912992125984
0
LINE
8
BLACK
6
CONTINUOUS
10
-0.0995968503937008
20
-0.4809912992125984
11
-0.1006612598425197
21
-0.4814322047244095
0
LINE
8
BLACK
6
CONTINUOUS
10
-0.1006612598425197
20
-0.4814322047244095
11
-0.1018133858267717
21
-0.4814322047244095
0
LINE
8
BLACK
6
CONTINUOUS
10
-0.1018133858267717
20
-0.4814322047244095
11
-0.1028777952755905
21
-0.4809912992125984
0
LINE
8
BLACK
6
CONTINUOUS
10
-0.1028777952755905
20
-0.4809912992125984
11
-0.1036924409448819
21
-0.4801766535433071
0
LINE
8
BLACK
6
CONTINUOUS
10
-0.1036924409448819
20
-0.4801766535433071
11
-0.1041333464566929
21
-0.4791122440944882
0
LINE
8
BLACK
6
CONTINUOUS
10
-0.1041333464566929
20
-0.4791122440944882
11
-0.1041884645669291
21
-0.4585231496062992
0
LINE
8
BLACK
6
CONTINUOUS
10
-0.1041884645669291
20
-0.4585231496062992
11
-0.1053245275590551
21
-0.4563170078740157
0
LINE
8
BLACK
6
CONTINUOUS
10
-0.1053245275590551
20
-0.4563170078740157
11
-0.1076312598425197
21
-0.4551977559055118
0
LINE
8
BLACK
6
CONTINUOUS
10
-0.1076312598425197
20
-0.4551977559055118
11
-0.1118687401574803
21
-0.4552365354330709
0
LINE
8
BLACK
6
CONTINUOUS
10
-0.1118687401574803
20
-0.4552365354330709
11
-0.1140826377952756
21
-0.4563766141732283
0
LINE
8
BLACK
6
CONTINUOUS
10
-0.1140826377952756
20
-0.4563766141732283
11
-0.1152105905511811
21
-0.4587011811023622
0
LINE
8
BLACK
6
CONTINUOUS
10
-0.1152105905511811
20
-0.4587011811023622
11
-0.1151574803149606
21
-0.4785361811023622
0
LINE
8
BLACK
6
CONTINUOUS
10
-0.1151574803149606
20
-0.4785361811023622
11
-0.1152142125984252
21
-0.4791122440944882
0
LINE
8
BLACK
6
CONTINUOUS
10
-0.1152142125984252
20
-0.4791122440944882
11
-0.1156551181102362
21
-0.4801766535433071
0
LINE
8
BLACK
6
CONTINUOUS
10
-0.1156551181102362
20
-0.4801766535433071
11
-0.1164697637795276
21
-0.4809912992125984
0
LINE
8
BLACK
6
CONTINUOUS
10
-0.1164697637795276
20
-0.4809912992125984
11
-0.1175341732283465
21
-0.4814322047244095
0
LINE
8
BLACK
6
CONTINUOUS
10
-0.1175341732283465
20
-0.4814322047244095
11
-0.1186862992125984
21
-0.4814322047244095
0
LINE
8
BLACK
6
CONTINUOUS
10
-0.1186862992125984
20
-0.4814322047244095
11
-0.1197507086614173
21
-0.4809912992125984
0
LINE
8
BLACK
6
CONTINUOUS
10
-0.1197507086614173
20
-0.4809912992125984
11
-0.1205653543307087
21
-0.4801766535433071
0
LINE
8
BLACK
6
CONTINUOUS
10
-0.1205653543307087
20
-0.4801766535433071
11
-0.1210062598425197
21
-0.4791122440944882
0
LINE
8
BLACK
6
CONTINUOUS
10
-0.1210062598425197
20
-0.4791122440944882
11
-0.1210613779527559
21
-0.4585231496062992
0
LINE
8
BLACK
6
CONTINUOUS
10
-0.1210613779527559
20
-0.4585231496062992
11
-0.1221974409448819
21
-0.4563170472440945
0
LINE
8
BLACK
6
CONTINUOUS
10
-0.1221974409448819
20
-0.4563170472440945
11
-0.1245041338582677
21
-0.4551977559055118
0
LINE
8
BLACK
6
CONTINUOUS
10
-0.1245041338582677
20
-0.4551977559055118
11
-0.1287416141732284
21
-0.4552365354330709
0
LINE
8
BLACK
6
CONTINUOUS
10
-0.1287416141732284
20
-0.4552365354330709
11
-0.1314525196850394
21
-0.4566325196850394
0
LINE
8
BLACK
6
CONTINUOUS
10
-0.1314525196850394
20
-0.4566325196850394
11
-0.1320753543307087
21
-0.4572776377952756
0
LINE
8
BLACK
6
CONTINUOUS
10
-0.1320753543307087
20
-0.4572776377952756
11
-0.1320303543307087
21
-0.4785361811023622
0
LINE
8
BLACK
6
CONTINUOUS
10
-0.1320303543307087
20
-0.4785361811023622
11
-0.1320870866141732
21
-0.4791122440944882
0
LINE
8
BLACK
6
CONTINUOUS
10
-0.1320870866141732
20
-0.4791122440944882
11
-0.1325279921259843
21
-0.4801766535433071
0
LINE
8
BLACK
6
CONTINUOUS
10
-0.1325279921259843
20
-0.4801766535433071
11
-0.1333426377952756
21
-0.4809912992125984
0
LINE
8
BLACK
6
CONTINUOUS
10
-0.1333426377952756
20
-0.4809912992125984
11
-0.1344070472440945
21
-0.4814322047244095
0
LINE
8
BLACK
6
CONTINUOUS
10
-0.1344070472440945
20
-0.4814322047244095
11
-0.1355591732283465
21
-0.4814322047244095
0
LINE
8
BLACK
6
CONTINUOUS
10
-0.1355591732283465
20
-0.4814322047244095
11
-0.1366235826771653
21
-0.4809912992125984
0
LINE
8
BLACK
6
CONTINUOUS
10
-0.1366235826771653
20
-0.4809912992125984
11
-0.1374382283464567
21
-0.4801766535433071
0
LINE
8
BLACK
6
CONTINUOUS
10
-0.1374382283464567
20
-0.4801766535433071
11
-0.1378791338582677
21
-0.4791122440944882
0
LINE
8
BLACK
6
CONTINUOUS
10
-0.1378791338582677
20
-0.4791122440944882
11
-0.1379358661417323
21
-0.4522894488188977
0
LINE
8
BLACK
6
CONTINUOUS
10
-0.1379358661417323
20
-0.4522894488188977
11
-0.1378791338582677
21
-0.4517133858267716
0
LINE
8
BLACK
6
CONTINUOUS
10
-0.1378791338582677
20
-0.4517133858267716
11
-0.1374382283464567
21
-0.4506489763779528
0
LINE
8
BLACK
6
CONTINUOUS
10
-0.1374382283464567
20
-0.4506489763779528
11
-0.1366235826771653
21
-0.4498343307086614
0
LINE
8
BLACK
6
CONTINUOUS
10
-0.1366235826771653
20
-0.4498343307086614
11
-0.1355591732283465
21
-0.4493934251968504
0
LINE
8
BLACK
6
CONTINUOUS
10
-0.1355591732283465
20
-0.4493934251968504
11
-0.1344070472440945
21
-0.4493934251968504
0
LINE
8
BLACK
6
CONTINUOUS
10
-0.1344070472440945
20
-0.4493934251968504
11
-0.1333426377952756
21
-0.4498343307086614
0
LINE
8
BLACK
6
CONTINUOUS
10
-0.1333426377952756
20
-0.4498343307086614
11
-0.1325600787401575
21
-0.4506168897637795
0
LINE
8
BLACK
6
CONTINUOUS
10
-0.1325600787401575
20
-0.4506168897637795
11
-0.1306793307086614
21
-0.4496484251968504
0
LINE
8
BLACK
6
CONTINUOUS
10
-0.1306793307086614
20
-0.4496484251968504
11
-0.1301387401574803
21
-0.4494415354330709
0
LINE
8
BLACK
6
CONTINUOUS
10
-0.1301387401574803
20
-0.4494415354330709
11
-0.130032874015748
21
-0.4494339763779527
0
LINE
8
BLACK
6
CONTINUOUS
10
-0.130032874015748
20
-0.4494339763779527
11
-0.1299348818897638
21
-0.4493934251968504
0
LINE
8
BLACK
6
CONTINUOUS
10
-0.1299348818897638
20
-0.4493934251968504
11
-0.1293916929133858
21
-0.4493884251968504
0
LINE
8
BLACK
6
CONTINUOUS
10
-0.1293916929133858
20
-0.4493884251968504
11
-0.1289895275590551
21
-0.4493598818897638
0
LINE
8
BLACK
6
CONTINUOUS
10
-0.1289895275590551
20
-0.4493598818897638
11
-0.1289168503937008
21
-0.4493840944881889
0
LINE
8
BLACK
6
CONTINUOUS
10
-0.1289168503937008
20
-0.4493840944881889
11
-0.1237345275590551
21
-0.4493366929133858
0
LINE
8
BLACK
6
CONTINUOUS
10
-0.1237345275590551
20
-0.4493366929133858
11
-0.1231584645669291
21
-0.4493934251968504
0
LINE
8
BLACK
6
CONTINUOUS
10
-0.1231584645669291
20
-0.4493934251968504
11
-0.1230604724409449
21
-0.4494340157480315
0
LINE
8
BLACK
6
CONTINUOUS
10
-0.1230604724409449
20
-0.4494340157480315
11
-0.1229546456692913
21
-0.4494415354330709
0
LINE
8
BLACK
6
CONTINUOUS
10
-0.1229546456692913
20
-0.4494415354330709
11
-0.1224431102362205
21
-0.4496897244094488
0
LINE
8
BLACK
6
CONTINUOUS
10
-0.1224431102362205
20
-0.4496897244094488
11
-0.1220940551181102
21
-0.4498343307086614
0
LINE
8
BLACK
6
CONTINUOUS
10
-0.1220940551181102
20
-0.4498343307086614
11
-0.1220459448818898
21
-0.4498824409448819
0
LINE
8
BLACK
6
CONTINUOUS
10
-0.1220459448818898
20
-0.4498824409448819
11
-0.1186644881889764
21
-0.4515231889763779
0
LINE
8
BLACK
6
CONTINUOUS
10
-0.1186644881889764
20
-0.4515231889763779
11
-0.1185681496062992
21
-0.4515838188976378
0
LINE
8
BLACK
6
CONTINUOUS
10
-0.1185681496062992
20
-0.4515838188976378
11
-0.1185227165354331
21
-0.4515989763779528
0
LINE
8
BLACK
6
CONTINUOUS
10
-0.1185227165354331
20
-0.4515989763779528
11
-0.1184661811023622
21
-0.4516479921259842
0
LINE
8
BLACK
6
CONTINUOUS
10
-0.1184661811023622
20
-0.4516479921259842
11
-0.1181746062992126
21
-0.4518315354330709
0
LINE
8
BLACK
6
CONTINUOUS
10
-0.1181746062992126
20
-0.4518315354330709
11
-0.1181102362204724
21
-0.4519057480314961
0
LINE
8
BLACK
6
CONTINUOUS
10
-0.1181102362204724
20
-0.4519057480314961
11
-0.1180458661417323
21
-0.4518315354330709
0
LINE
8
BLACK
6
CONTINUOUS
10
-0.1180458661417323
20
-0.4518315354330709
11
-0.1178490551181102
21
-0.451730157480315
0
LINE
8
BLACK
6
CONTINUOUS
10
-0.1178490551181102
20
-0.451730157480315
11
-0.1176977559055118
21
-0.4515989763779528
0
LINE
8
BLACK
6
CONTINUOUS
10
-0.1176977559055118
20
-0.4515989763779528
11
-0.1174042913385827
21
-0.4515011417322835
0
LINE
8
BLACK
6
CONTINUOUS
10
-0.1174042913385827
20
-0.4515011417322835
11
-0.1138064566929134
21
-0.4496484251968504
0
LINE
8
BLACK
6
CONTINUOUS
10
-0.1138064566929134
20
-0.4496484251968504
11
-0.1132658661417323
21
-0.4494415354330709
0
LINE
8
BLACK
6
CONTINUOUS
10
-0.1132658661417323
20
-0.4494415354330709
11
-0.11316
21
-0.4494339763779527
0
LINE
8
BLACK
6
CONTINUOUS
10
-0.11316
20
-0.4494339763779527
11
-0.1130620078740157
21
-0.4493934251968504
0
LINE
8
BLACK
6
CONTINUOUS
10
-0.1130620078740157
20
-0.4493934251968504
11
-0.1125188188976378
21
-0.4493884251968504
0
LINE
8
BLACK
6
CONTINUOUS
10
-0.1125188188976378
20
-0.4493884251968504
11
-0.1121166535433071
21
-0.4493598818897638
0
LINE
8
BLACK
6
CONTINUOUS
10
-0.1121166535433071
20
-0.4493598818897638
11
-0.1120439763779528
21
-0.4493840944881889
0
LINE
8
BLACK
6
CONTINUOUS
10
-0.1120439763779528
20
-0.4493840944881889
11
-0.1068616535433071
21
-0.4493366929133858
0
LINE
8
BLACK
6
CONTINUOUS
10
-0.1068616535433071
20
-0.4493366929133858
11
-0.1062855905511811
21
-0.4493934251968504
0
LINE
8
BLACK
6
CONTINUOUS
10
0.5828536614173229
20
0.4858079133858267
11
0.6234347244094488
21
0.4647405905511811
0
LINE
8
BLACK
6
CONTINUOUS
10
0.6234347244094488
20
0.4647405905511811
11
0.6234251968503937
21
0.4829730708661417
0
LINE
8
BLACK
6
CONTINUOUS
10
0.6234251968503937
20
0.4829730708661417
11
0.6234819291338582
21
0.4835491338582677
0
LINE
8
BLACK
6
CONTINUOUS
10
0.6234819291338582
20
0.4835491338582677
11
0.6239228346456692
21
0.4846135433070866
0
LINE
8
BLACK
6
CONTINUOUS
10
0.6239228346456692
20
0.4846135433070866
11
0.6247374803149606
21
0.485428188976378
0
LINE
8
BLACK
6
CONTINUOUS
10
0.6247374803149606
20
0.485428188976378
11
0.6258018897637795
21
0.485869094488189
0
LINE
8
BLACK
6
CONTINUOUS
10
0.6258018897637795
20
0.485869094488189
11
0.6269540157480314
21
0.485869094488189
0
LINE
8
BLACK
6
CONTINUOUS
10
0.6269540157480314
20
0.485869094488189
11
0.6280184251968504
21
0.485428188976378
0
LINE
8
BLACK
6
CONTINUOUS
10
0.6280184251968504
20
0.485428188976378
11
0.6288330708661417
21
0.4846135433070866
0
LINE
8
BLACK
6
CONTINUOUS
10
0.6288330708661417
20
0.4846135433070866
11
0.6292739763779528
21
0.4835491338582677
0
LINE
8
BLACK
6
CONTINUOUS
10
0.6292739763779528
20
0.4835491338582677
11
0.6292861023622047
21
0.4602928346456693
0
LINE
8
BLACK
6
CONTINUOUS
10
0.6292861023622047
20
0.4602928346456693
11
0.6293131496062992
21
0.460207125984252
0
LINE
8
BLACK
6
CONTINUOUS
10
0.6293131496062992
20
0.460207125984252
11
0.6292862992125984
21
0.4599005905511811
0
LINE
8
BLACK
6
CONTINUOUS
10
0.6292862992125984
20
0.4599005905511811
11
0.6292863385826771
21
0.4598705905511811
0
LINE
8
BLACK
6
CONTINUOUS
10
0.6292863385826771
20
0.4598705905511811
11
0.6293131496062992
21
0.4595642125984252
0
LINE
8
BLACK
6
CONTINUOUS
10
0.6293131496062992
20
0.4595642125984252
11
0.6292865354330709
21
0.4594798818897637
0
LINE
8
BLACK
6
CONTINUOUS
10
0.6292865354330709
20
0.4594798818897637
11
0.6293297244094488
21
0.3768224409448819
0
LINE
8
BLACK
6
CONTINUOUS
10
0.6293297244094488
20
0.3768224409448819
11
0.7497973228346456
21
0.376944842519685
0
LINE
8
BLACK
6
CONTINUOUS
10
0.7497973228346456
20
0.376944842519685
11
0.7498284251968503
21
0.3769610236220473
0
LINE
8
BLACK
6
CONTINUOUS
10
0.7498284251968503
20
0.3769610236220473
11
0.7498794881889763
21
0.3769449606299213
0
LINE
8
BLACK
6
CONTINUOUS
10
0.7498794881889763
20
0.3769449606299213
11
0.7501213779527559
21
0.3769451968503937
0
LINE
8
BLACK
6
CONTINUOUS
10
0.7501213779527559
20
0.3769451968503937
11
0.7501715748031496
21
0.3769609842519685
0
LINE
8
BLACK
6
CONTINUOUS
10
0.7501715748031496
20
0.3769609842519685
11
0.7502017716535433
21
0.3769452755905512
0
LINE
8
BLACK
6
CONTINUOUS
10
0.7502017716535433
20
0.3769452755905512
11
0.7730874015748032
21
0.3769685039370079
0
LINE
8
BLACK
6
CONTINUOUS
10
0.7730874015748032
20
0.3769685039370079
11
0.7738407086614173
21
0.3768186614173228
0
LINE
8
BLACK
6
CONTINUOUS
10
0.7738407086614173
20
0.3768186614173228
11
0.7749060629921259
21
0.3757533070866141
0
LINE
8
BLACK
6
CONTINUOUS
10
0.7749060629921259
20
0.3757533070866141
11
0.7749060629921259
21
0.3742466929133858
0
LINE
8
BLACK
6
CONTINUOUS
10
0.7749060629921259
20
0.3742466929133858
11
0.7738407086614173
21
0.3731813385826772
0
LINE
8
BLACK
6
CONTINUOUS
10
0.7738407086614173
20
0.3731813385826772
11
0.7530206299212598
21
0.3731601968503937
0
LINE
8
BLACK
6
CONTINUOUS
10
0.7530206299212598
20
0.3731601968503937
11
0.7748335039370079
21
0.3315584251968504
0
LINE
8
BLACK
6
CONTINUOUS
10
0.7748335039370079
20
0.3315584251968504
11
0.7750484645669291
21
0.3308210236220472
0
LINE
8
BLACK
6
CONTINUOUS
10
0.7750484645669291
20
0.3308210236220472
11
0.7745953937007873
21
0.3293841338582677
0
LINE
8
BLACK
6
CONTINUOUS
10
0.7745953937007873
20
0.3293841338582677
11
0.7732590157480315
21
0.3286884645669291
0
LINE
8
BLACK
6
CONTINUOUS
10
0.7732590157480315
20
0.3286884645669291
11
0.7718220866141732
21
0.3291414960629921
0
LINE
8
BLACK
6
CONTINUOUS
10
0.7718220866141732
20
0.3291414960629921
11
0.7518203543307086
21
0.367289094488189
0
LINE
8
BLACK
6
CONTINUOUS
10
0.7518203543307086
20
0.367289094488189
11
0.7519669291338582
21
-0.3652596456692913
0
LINE
8
BLACK
6
CONTINUOUS
10
0.7519669291338582
20
-0.3652596456692913
11
0.7713413385826772
21
-0.3277720078740157
0
LINE
8
BLACK
6
CONTINUOUS
10
0.7713413385826772
20
-0.3277720078740157
11
0.7718220866141732
21
-0.3271729921259842
0
LINE
8
BLACK
6
CONTINUOUS
10
0.7718220866141732
20
-0.3271729921259842
11
0.7732590157480315
21
-0.3267199606299213
0
LINE
8
BLACK
6
CONTINUOUS
10
0.7732590157480315
20
-0.3267199606299213
11
0.7745953937007873
21
-0.3274156299212598
0
LINE
8
BLACK
6
CONTINUOUS
10
0.7745953937007873
20
-0.3274156299212598
11
0.7750484645669291
21
-0.3288525196850394
0
LINE
8
BLACK
6
CONTINUOUS
10
0.7750484645669291
20
-0.3288525196850394
11
0.7532227559055118
21
-0.3710831496062992
0
LINE
8
BLACK
6
CONTINUOUS
10
0.7532227559055118
20
-0.3710831496062992
11
0.7730874015748032
21
-0.3710629921259843
0
LINE
8
BLACK
6
CONTINUOUS
10
0.7730874015748032
20
-0.3710629921259843
11
0.7738407086614173
21
-0.3712128346456693
0
LINE
8
BLACK
6
CONTINUOUS
10
0.7738407086614173
20
-0.3712128346456693
11
0.7749060629921259
21
-0.3722781889763779
0
LINE
8
BLACK
6
CONTINUOUS
10
0.7749060629921259
20
-0.3722781889763779
11
0.7749060629921259
21
-0.3737848031496063
0
LINE
8
BLACK
6
CONTINUOUS
10
0.7749060629921259
20
-0.3737848031496063
11
0.7738407086614173
21
-0.374850157480315
0
LINE
8
BLACK
6
CONTINUOUS
10
0.7738407086614173
20
-0.374850157480315
11
0.7503992125984251
21
-0.3748739763779527
0
LINE
8
BLACK
6
CONTINUOUS
10
0.7503992125984251
20
-0.3748739763779527
11
0.7501715748031496
21
-0.3749924803149606
0
LINE
8
BLACK
6
CONTINUOUS
10
0.7501715748031496
20
-0.3749924803149606
11
0.7500000393700788
21
-0.3749383858267716
0
LINE
8
BLACK
6
CONTINUOUS
10
0.7500000393700788
20
-0.3749383858267716
11
0.7498284251968503
21
-0.3749925196850394
0
LINE
8
BLACK
6
CONTINUOUS
10
0.7498284251968503
20
-0.3749925196850394
11
0.7496022440944882
21
-0.3748747637795276
0
LINE
8
BLACK
6
CONTINUOUS
10
0.7496022440944882
20
-0.3748747637795276
11
0.6263779527559055
21
-0.375
0
LINE
8
BLACK
6
CONTINUOUS
10
0.6263779527559055
20
-0.375
11
0.6256246456692913
21
-0.374850157480315
0
LINE
8
BLACK
6
CONTINUOUS
10
0.6256246456692913
20
-0.374850157480315
11
0.6245592913385827
21
-0.3737848031496063
0
LINE
8
BLACK
6
CONTINUOUS
10
0.6245592913385827
20
-0.3737848031496063
11
0.6245592913385827
21
-0.3722781889763779
0
LINE
8
BLACK
6
CONTINUOUS
10
0.6245592913385827
20
-0.3722781889763779
11
0.6256246456692913
21
-0.3712128346456693
0
LINE
8
BLACK
6
CONTINUOUS
10
0.6256246456692913
20
-0.3712128346456693
11
0.7469257874015748
21
-0.3710895669291339
0
LINE
8
BLACK
6
CONTINUOUS
10
0.7469257874015748
20
-0.3710895669291339
11
0.7251664566929134
21
-0.3295898818897638
0
LINE
8
BLACK
6
CONTINUOUS
10
0.7251664566929134
20
-0.3295898818897638
11
0.7249515354330709
21
-0.3288525196850394
0
LINE
8
BLACK
6
CONTINUOUS
10
0.7249515354330709
20
-0.3288525196850394
11
0.7254046062992126
21
-0.3274156299212598
0
LINE
8
BLACK
6
CONTINUOUS
10
0.7254046062992126
20
-0.3274156299212598
11
0.7267409842519685
21
-0.3267199212598425
0
LINE
8
BLACK
6
CONTINUOUS
10
0.7267409842519685
20
-0.3267199212598425
11
0.728177874015748
21
-0.3271729921259842
0
LINE
8
BLACK
6
CONTINUOUS
10
0.728177874015748
20
-0.3271729921259842
11
0.7481796062992125
21
-0.3653205905511811
0
LINE
8
BLACK
6
CONTINUOUS
10
0.7481796062992125
20
-0.3653205905511811
11
0.7480330314960629
21
0.3672281889763779
0
LINE
8
BLACK
6
CONTINUOUS
10
0.7480330314960629
20
0.3672281889763779
11
0.7286586614173228
21
0.3297405118110236
0
LINE
8
BLACK
6
CONTINUOUS
10
0.7286586614173228
20
0.3297405118110236
11
0.728177874015748
21
0.3291414960629921
0
LINE
8
BLACK
6
CONTINUOUS
10
0.728177874015748
20
0.3291414960629921
11
0.7267409842519685
21
0.3286884251968504
0
LINE
8
BLACK
6
CONTINUOUS
10
0.7267409842519685
20
0.3286884251968504
11
0.7254046062992126
21
0.3293841338582677
0
LINE
8
BLACK
6
CONTINUOUS
10
0.7254046062992126
20
0.3293841338582677
11
0.7249515354330709
21
0.3308210236220472
0
LINE
8
BLACK
6
CONTINUOUS
10
0.7249515354330709
20
0.3308210236220472
11
0.74683
21
0.3731538976377953
0
LINE
8
BLACK
6
CONTINUOUS
10
0.74683
20
0.3731538976377953
11
0.6285071653543307
21
0.3730336614173228
0
LINE
8
BLACK
6
CONTINUOUS
10
0.6285071653543307
20
0.3730336614173228
11
0.6280184251968504
21
0.3725448818897638
0
LINE
8
BLACK
6
CONTINUOUS
10
0.6280184251968504
20
0.3725448818897638
11
0.6269540157480314
21
0.3721039763779527
0
LINE
8
BLACK
6
CONTINUOUS
10
0.6269540157480314
20
0.3721039763779527
11
0.6258018897637795
21
0.3721039763779527
0
LINE
8
BLACK
6
CONTINUOUS
10
0.6258018897637795
20
0.3721039763779527
11
0.6247374803149606
21
0.3725448818897638
0
LINE
8
BLACK
6
CONTINUOUS
10
0.6247374803149606
20
0.3725448818897638
11
0.6239228346456692
21
0.3733595275590551
0
LINE
8
BLACK
6
CONTINUOUS
10
0.6239228346456692
20
0.3733595275590551
11
0.6234819291338582
21
0.374423937007874
0
LINE
8
BLACK
6
CONTINUOUS
10
0.6234819291338582
20
0.374423937007874
11
0.6234397637795276
21
0.4550844488188976
0
LINE
8
BLACK
6
CONTINUOUS
10
0.6234397637795276
20
0.4550844488188976
11
0.5833908267716535
21
0.434179094488189
0
LINE
8
BLACK
6
CONTINUOUS
10
0.5833908267716535
20
0.434179094488189
11
0.5828536614173229
21
0.4339634251968504
0
LINE
8
BLACK
6
CONTINUOUS
10
0.5828536614173229
20
0.4339634251968504
11
0.5817059448818898
21
0.433863031496063
0
LINE
8
BLACK
6
CONTINUOUS
10
0.5817059448818898
20
0.433863031496063
11
0.5806071653543307
21
0.4342094488188976
0
LINE
8
BLACK
6
CONTINUOUS
10
0.5806071653543307
20
0.4342094488188976
11
0.5797246062992126
21
0.43495
0
LINE
8
BLACK
6
CONTINUOUS
10
0.5797246062992126
20
0.43495
11
0.5791925984251969
21
0.435971968503937
0
LINE
8
BLACK
6
CONTINUOUS
10
0.5791925984251969
20
0.435971968503937
11
0.5790922047244095
21
0.43711968503937
0
LINE
8
BLACK
6
CONTINUOUS
10
0.5790922047244095
20
0.43711968503937
11
0.5794386220472441
21
0.4382184645669291
0
LINE
8
BLACK
6
CONTINUOUS
10
0.5794386220472441
20
0.4382184645669291
11
0.5801791732283464
21
0.4391010236220472
0
LINE
8
BLACK
6
CONTINUOUS
10
0.5801791732283464
20
0.4391010236220472
11
0.614448031496063
21
0.4569891732283464
0
LINE
8
BLACK
6
CONTINUOUS
10
0.614448031496063
20
0.4569891732283464
11
-0.8380263385826772
21
0.4569333858267716
0
LINE
8
BLACK
6
CONTINUOUS
10
-0.8380263385826772
20
0.4569333858267716
11
-0.8042860236220473
21
0.4394173622047244
0
LINE
8
BLACK
6
CONTINUOUS
10
-0.8042860236220473
20
0.4394173622047244
11
-0.8038012598425197
21
0.4391010236220472
0
LINE
8
BLACK
6
CONTINUOUS
10
-0.8038012598425197
20
0.4391010236220472
11
-0.8030607086614173
21
0.4382184645669291
0
LINE
8
BLACK
6
CONTINUOUS
10
-0.8030607086614173
20
0.4382184645669291
11
-0.8027142519685039
21
0.43711968503937
0
LINE
8
BLACK
6
CONTINUOUS
10
-0.8027142519685039
20
0.43711968503937
11
-0.8028146456692913
21
0.435971968503937
0
LINE
8
BLACK
6
CONTINUOUS
10
-0.8028146456692913
20
0.435971968503937
11
-0.803346653543307
21
0.4349500393700788
0
LINE
8
BLACK
6
CONTINUOUS
10
-0.803346653543307
20
0.4349500393700788
11
-0.8042292125984252
21
0.4342094881889764
0
LINE
8
BLACK
6
CONTINUOUS
10
-0.8042292125984252
20
0.4342094881889764
11
-0.8053279921259843
21
0.433863031496063
0
LINE
8
BLACK
6
CONTINUOUS
10
-0.8053279921259843
20
0.433863031496063
11
-0.8064757086614173
21
0.4339634251968504
0
LINE
8
BLACK
6
CONTINUOUS
10
-0.8064757086614173
20
0.4339634251968504
11
-0.8470890944881889
21
0.4550475590551181
0
LINE
8
BLACK
6
CONTINUOUS
10
-0.8470890944881889
20
0.4550475590551181
11
-0.8470472440944882
21
0.375
0
LINE
8
BLACK
6
CONTINUOUS
10
-0.8470472440944882
20
0.375
11
-0.8471039763779528
21
0.374423937007874
0
LINE
8
BLACK
6
CONTINUOUS
10
-0.8471039763779528
20
0.374423937007874
11
-0.8475448818897637
21
0.3733595275590551
0
LINE
8
BLACK
6
CONTINUOUS
10
-0.8475448818897637
20
0.3733595275590551
11
-0.8483595275590551
21
0.3725448818897638
0
LINE
8
BLACK
6
CONTINUOUS
10
-0.8483595275590551
20
0.3725448818897638
11
-0.849423937007874
21
0.3721039763779527
0
LINE
8
BLACK
6
CONTINUOUS
10
-0.849423937007874
20
0.3721039763779527
11
-0.850576062992126
21
0.3721039763779527
0
LINE
8
BLACK
6
CONTINUOUS
10
-0.850576062992126
20
0.3721039763779527
11
-0.8516404724409449
21
0.3725448818897638
0
LINE
8
BLACK
6
CONTINUOUS
10
-0.8516404724409449
20
0.3725448818897638
11
-0.8524551181102362
21
0.3733595275590551
0
LINE
8
BLACK
6
CONTINUOUS
10
-0.8524551181102362
20
0.3733595275590551
11
-0.8528960236220472
21
0.374423937007874
0
LINE
8
BLACK
6
CONTINUOUS
10
-0.8528960236220472
20
0.374423937007874
11
-0.8529527559055118
21
0.4829730708661417
0
LINE
8
BLACK
6
CONTINUOUS
10
-0.8529527559055118
20
0.4829730708661417
11
-0.8528960236220472
21
0.4835491338582677
0
LINE
8
BLACK
6
CONTINUOUS
10
-0.8528960236220472
20
0.4835491338582677
11
-0.8524551181102362
21
0.4846135433070866
0
LINE
8
BLACK
6
CONTINUOUS
10
-0.8524551181102362
20
0.4846135433070866
11
-0.8516404724409449
21
0.485428188976378
0
LINE
8
BLACK
6
CONTINUOUS
10
-0.8516404724409449
20
0.485428188976378
11
-0.850576062992126
21
0.485869094488189
0
LINE
8
BLACK
6
CONTINUOUS
10
-0.850576062992126
20
0.485869094488189
11
-0.849423937007874
21
0.485869094488189
0
LINE
8
BLACK
6
CONTINUOUS
10
-0.849423937007874
20
0.485869094488189
11
-0.8483595275590551
21
0.485428188976378
0
LINE
8
BLACK
6
CONTINUOUS
10
-0.8483595275590551
20
0.485428188976378
11
-0.8475448818897637
21
0.4846135433070866
0
LINE
8
BLACK
6
CONTINUOUS
10
-0.8475448818897637
20
0.4846135433070866
11
-0.8471039763779528
21
0.4835491338582677
0
LINE
8
BLACK
6
CONTINUOUS
10
-0.8471039763779528
20
0.4835491338582677
11
-0.8470941338582677
21
0.4646701181102362
0
LINE
8
BLACK
6
CONTINUOUS
10
-0.8470941338582677
20
0.4646701181102362
11
-0.8070128740157481
21
0.4855922440944882
0
LINE
8
BLACK
6
CONTINUOUS
10
-0.8070128740157481
20
0.4855922440944882
11
-0.8064757086614173
21
0.4858079133858267
0
LINE
8
BLACK
6
CONTINUOUS
10
-0.8064757086614173
20
0.4858079133858267
11
-0.8053279921259843
21
0.4859083070866141
0
LINE
8
BLACK
6
CONTINUOUS
10
-0.8053279921259843
20
0.4859083070866141
11
-0.8042292125984252
21
0.4855618503937008
0
LINE
8
BLACK
6
CONTINUOUS
10
-0.8042292125984252
20
0.4855618503937008
11
-0.803346653543307
21
0.4848212992125984
0
LINE
8
BLACK
6
CONTINUOUS
10
-0.803346653543307
20
0.4848212992125984
11
-0.8028146456692913
21
0.4837993700787401
0
LINE
8
BLACK
6
CONTINUOUS
10
-0.8028146456692913
20
0.4837993700787401
11
-0.8027142519685039
21
0.4826516535433071
0
LINE
8
BLACK
6
CONTINUOUS
10
-0.8027142519685039
20
0.4826516535433071
11
-0.8030607086614173
21
0.481552874015748
0
LINE
8
BLACK
6
CONTINUOUS
10
-0.8030607086614173
20
0.481552874015748
11
-0.8038012598425197
21
0.4806703149606299
0
LINE
8
BLACK
6
CONTINUOUS
10
-0.8038012598425197
20
0.4806703149606299
11
-0.8380701181102362
21
0.4627822047244095
0
LINE
8
BLACK
6
CONTINUOUS
10
-0.8380701181102362
20
0.4627822047244095
11
0.6144042519685039
21
0.4628379921259843
0
LINE
8
BLACK
6
CONTINUOUS
10
0.6144042519685039
20
0.4628379921259843
11
0.5806639763779528
21
0.4803539763779527
0
LINE
8
BLACK
6
CONTINUOUS
10
0.5806639763779528
20
0.4803539763779527
11
0.5801791732283464
21
0.4806703149606299
0
LINE
8
BLACK
6
CONTINUOUS
10
0.5801791732283464
20
0.4806703149606299
11
0.5794386220472441
21
0.481552874015748
0
LINE
8
BLACK
6
CONTINUOUS
10
0.5794386220472441
20
0.481552874015748
11
0.5790922047244095
21
0.4826516535433071
0
LINE
8
BLACK
6
CONTINUOUS
10
0.5790922047244095
20
0.4826516535433071
11
0.5791925984251969
21
0.4837993700787401
0
LINE
8
BLACK
6
CONTINUOUS
10
0.5791925984251969
20
0.4837993700787401
11
0.5797246062992126
21
0.4848213385826772
0
LINE
8
BLACK
6
CONTINUOUS
10
0.5797246062992126
20
0.4848213385826772
11
0.5806071653543307
21
0.4855618897637795
0
LINE
8
BLACK
6
CONTINUOUS
10
0.5806071653543307
20
0.4855618897637795
11
0.5817059448818898
21
0.4859083070866141
0
LINE
8
BLACK
6
CONTINUOUS
10
0.5817059448818898
20
0.4859083070866141
11
0.5828536614173229
21
0.4858079133858267
0
LINE
8
BLACK
6
CONTINUOUS
10
0.7242711417322835
20
-0.0715512204724409
11
0.7250857874015748
21
-0.0723658661417323
0
LINE
8
BLACK
6
CONTINUOUS
10
0.7250857874015748
20
-0.0723658661417323
11
0.7255266929133858
21
-0.0734302755905512
0
LINE
8
BLACK
6
CONTINUOUS
10
0.7255266929133858
20
-0.0734302755905512
11
0.7255834251968504
21
-0.0965035039370079
0
LINE
8
BLACK
6
CONTINUOUS
10
0.7255834251968504
20
-0.0965035039370079
11
0.7255266929133858
21
-0.0970795669291339
0
LINE
8
BLACK
6
CONTINUOUS
10
0.7255266929133858
20
-0.0970795669291339
11
0.7250857874015748
21
-0.0981439763779528
0
LINE
8
BLACK
6
CONTINUOUS
10
0.7250857874015748
20
-0.0981439763779528
11
0.7242711417322835
21
-0.0989586220472441
0
LINE
8
BLACK
6
CONTINUOUS
10
0.7242711417322835
20
-0.0989586220472441
11
0.7232067322834645
21
-0.0993995275590551
0
LINE
8
BLACK
6
CONTINUOUS
10
0.7232067322834645
20
-0.0993995275590551
11
0.7220546062992126
21
-0.0993995275590551
0
LINE
8
BLACK
6
CONTINUOUS
10
0.7220546062992126
20
-0.0993995275590551
11
0.7209901968503937
21
-0.0989586220472441
0
LINE
8
BLACK
6
CONTINUOUS
10
0.7209901968503937
20
-0.0989586220472441
11
0.7201755511811023
21
-0.0981439763779528
0
LINE
8
BLACK
6
CONTINUOUS
10
0.7201755511811023
20
-0.0981439763779528
11
0.7197346456692914
21
-0.0970795669291339
0
LINE
8
BLACK
6
CONTINUOUS
10
0.7197346456692914
20
-0.0970795669291339
11
0.7197126771653544
21
-0.088155905511811
0
LINE
8
BLACK
6
CONTINUOUS
10
0.7197126771653544
20
-0.088155905511811
11
0.6922030708661417
21
-0.0881949606299213
0
LINE
8
BLACK
6
CONTINUOUS
10
0.6922030708661417
20
-0.0881949606299213
11
0.6947223228346456
21
-0.090666062992126
0
LINE
8
BLACK
6
CONTINUOUS
10
0.6947223228346456
20
-0.090666062992126
11
0.6949081496062992
21
-0.0908924409448819
0
LINE
8
BLACK
6
CONTINUOUS
10
0.6949081496062992
20
-0.0908924409448819
11
0.6949670866141732
21
-0.0909435826771653
0
LINE
8
BLACK
6
CONTINUOUS
10
0.6949670866141732
20
-0.0909435826771653
11
0.6949956692913386
21
-0.090999094488189
0
LINE
8
BLACK
6
CONTINUOUS
10
0.6949956692913386
20
-0.090999094488189
11
0.6950895669291338
21
-0.0911135039370079
0
LINE
8
BLACK
6
CONTINUOUS
10
0.6950895669291338
20
-0.0911135039370079
11
0.6952333070866141
21
-0.0914605511811024
0
LINE
8
BLACK
6
CONTINUOUS
10
0.6952333070866141
20
-0.0914605511811024
11
0.6971501968503937
21
-0.0951829921259842
0
LINE
8
BLACK
6
CONTINUOUS
10
0.6971501968503937
20
-0.0951829921259842
11
0.6973570866141732
21
-0.0957235826771654
0
LINE
8
BLACK
6
CONTINUOUS
10
0.6973570866141732
20
-0.0957235826771654
11
0.6974387401574803
21
-0.0968727952755905
0
LINE
8
BLACK
6
CONTINUOUS
10
0.6974387401574803
20
-0.0968727952755905
11
0.6970744094488189
21
-0.0979657874015748
0
LINE
8
BLACK
6
CONTINUOUS
10
0.6970744094488189
20
-0.0979657874015748
11
0.6963195669291339
21
-0.0988361417322835
0
LINE
8
BLACK
6
CONTINUOUS
10
0.6963195669291339
20
-0.0988361417322835
11
0.6952890551181102
21
-0.0993514173228346
0
LINE
8
BLACK
6
CONTINUOUS
10
0.6952890551181102
20
-0.0993514173228346
11
0.694139842519685
21
-0.0994330708661417
0
LINE
8
BLACK
6
CONTINUOUS
10
0.694139842519685
20
-0.0994330708661417
11
0.6930468897637795
21
-0.0990687401574803
0
LINE
8
BLACK
6
CONTINUOUS
10
0.6930468897637795
20
-0.0990687401574803
11
0.6921764960629921
21
-0.0983138976377953
0
LINE
8
BLACK
6
CONTINUOUS
10
0.6921764960629921
20
-0.0983138976377953
11
0.6901527952755905
21
-0.0943840551181102
0
LINE
8
BLACK
6
CONTINUOUS
10
0.6901527952755905
20
-0.0943840551181102
11
0.686831968503937
21
-0.0911266929133858
0
LINE
8
BLACK
6
CONTINUOUS
10
0.686831968503937
20
-0.0911266929133858
11
0.6816226771653543
21
-0.0877117716535433
0
LINE
8
BLACK
6
CONTINUOUS
10
0.6816226771653543
20
-0.0877117716535433
11
0.6816209842519685
21
-0.0877103937007874
0
LINE
8
BLACK
6
CONTINUOUS
10
0.6816209842519685
20
-0.0877103937007874
11
0.6816201181102362
21
-0.0877100393700787
0
LINE
8
BLACK
6
CONTINUOUS
10
0.6816201181102362
20
-0.0877100393700787
11
0.6816180708661417
21
-0.0877079921259842
0
LINE
8
BLACK
6
CONTINUOUS
10
0.6816180708661417
20
-0.0877079921259842
11
0.6811748425196851
21
-0.087345
0
LINE
8
BLACK
6
CONTINUOUS
10
0.6811748425196851
20
-0.087345
11
0.6810121653543307
21
-0.0871020866141732
0
LINE
8
BLACK
6
CONTINUOUS
10
0.6810121653543307
20
-0.0871020866141732
11
0.6808054724409449
21
-0.0868953937007874
0
LINE
8
BLACK
6
CONTINUOUS
10
0.6808054724409449
20
-0.0868953937007874
11
0.6806947244094488
21
-0.0866280708661417
0
LINE
8
BLACK
6
CONTINUOUS
10
0.6806947244094488
20
-0.0866280708661417
11
0.680533779527559
21
-0.0863877165354331
0
LINE
8
BLACK
6
CONTINUOUS
10
0.680533779527559
20
-0.0863877165354331
11
0.6804764173228346
21
-0.086101062992126
0
LINE
8
BLACK
6
CONTINUOUS
10
0.6804764173228346
20
-0.086101062992126
11
0.6803645669291338
21
-0.0858309842519685
0
LINE
8
BLACK
6
CONTINUOUS
10
0.6803645669291338
20
-0.0858309842519685
11
0.6803645669291338
21
-0.0855416535433071
0
LINE
8
BLACK
6
CONTINUOUS
10
0.6803645669291338
20
-0.0855416535433071
11
0.6803078346456692
21
-0.085258031496063
0
LINE
8
BLACK
6
CONTINUOUS
10
0.6803078346456692
20
-0.085258031496063
11
0.6803645669291338
21
-0.0849712204724409
0
LINE
8
BLACK
6
CONTINUOUS
10
0.6803645669291338
20
-0.0849712204724409
11
0.6803645669291338
21
-0.0846788582677165
0
LINE
8
BLACK
6
CONTINUOUS
10
0.6803645669291338
20
-0.0846788582677165
11
0.6804752755905512
21
-0.0844115748031496
0
LINE
8
BLACK
6
CONTINUOUS
10
0.6804752755905512
20
-0.0844115748031496
11
0.6805314173228346
21
-0.0841277952755906
0
LINE
8
BLACK
6
CONTINUOUS
10
0.6805314173228346
20
-0.0841277952755906
11
0.6806935826771653
21
-0.0838845275590551
0
LINE
8
BLACK
6
CONTINUOUS
10
0.6806935826771653
20
-0.0838845275590551
11
0.6808054724409449
21
-0.0836144488188976
0
LINE
8
BLACK
6
CONTINUOUS
10
0.6808054724409449
20
-0.0836144488188976
11
0.68101
21
-0.0834098818897638
0
LINE
8
BLACK
6
CONTINUOUS
10
0.68101
20
-0.0834098818897638
11
0.6811705118110236
21
-0.0831691732283465
0
LINE
8
BLACK
6
CONTINUOUS
10
0.6811705118110236
20
-0.0831691732283465
11
0.6814133858267717
21
-0.0830064960629921
0
LINE
8
BLACK
6
CONTINUOUS
10
0.6814133858267717
20
-0.0830064960629921
11
0.6816201181102362
21
-0.0827998031496063
0
LINE
8
BLACK
6
CONTINUOUS
10
0.6816201181102362
20
-0.0827998031496063
11
0.6818874015748031
21
-0.0826890551181102
0
LINE
8
BLACK
6
CONTINUOUS
10
0.6818874015748031
20
-0.0826890551181102
11
0.6821277952755905
21
-0.0825281102362205
0
LINE
8
BLACK
6
CONTINUOUS
10
0.6821277952755905
20
-0.0825281102362205
11
0.6824144094488189
21
-0.0824707480314961
0
LINE
8
BLACK
6
CONTINUOUS
10
0.6824144094488189
20
-0.0824707480314961
11
0.6826845275590551
21
-0.0823588976377953
0
LINE
8
BLACK
6
CONTINUOUS
10
0.6826845275590551
20
-0.0823588976377953
11
0.6829758661417322
21
-0.0823584645669291
0
LINE
8
BLACK
6
CONTINUOUS
10
0.6829758661417322
20
-0.0823584645669291
11
0.6832574803149606
21
-0.0823021653543307
0
LINE
8
BLACK
6
CONTINUOUS
10
0.6832574803149606
20
-0.0823021653543307
11
0.6835381102362205
21
-0.0823576771653543
0
LINE
8
BLACK
6
CONTINUOUS
10
0.6835381102362205
20
-0.0823576771653543
11
0.7196983070866142
21
-0.0823062992125984
0
LINE
8
BLACK
6
CONTINUOUS
10
0.7196983070866142
20
-0.0823062992125984
11
0.7196779133858268
21
-0.0740063385826772
0
LINE
8
BLACK
6
CONTINUOUS
10
0.7196779133858268
20
-0.0740063385826772
11
0.7197346456692914
21
-0.0734302755905512
0
LINE
8
BLACK
6
CONTINUOUS
10
0.7197346456692914
20
-0.0734302755905512
11
0.7201755511811023
21
-0.0723658661417323
0
LINE
8
BLACK
6
CONTINUOUS
10
0.7201755511811023
20
-0.0723658661417323
11
0.7209901968503937
21
-0.0715512204724409
0
LINE
8
BLACK
6
CONTINUOUS
10
0.7209901968503937
20
-0.0715512204724409
11
0.7220546062992126
21
-0.0711103149606299
0
LINE
8
BLACK
6
CONTINUOUS
10
0.7220546062992126
20
-0.0711103149606299
11
0.7232067322834645
21
-0.0711103149606299
0
LINE
8
BLACK
6
CONTINUOUS
10
0.7232067322834645
20
-0.0711103149606299
11
0.7242711417322835
21
-0.0715512204724409
0
LINE
8
BLACK
6
CONTINUOUS
10
0.7058582677165354
20
-0.0335681496062992
11
0.7059012992125984
21
-0.0335617716535433
0
LINE
8
BLACK
6
CONTINUOUS
10
0.7059012992125984
20
-0.0335617716535433
11
0.7059749606299213
21
-0.0335796456692913
0
LINE
8
BLACK
6
CONTINUOUS
10
0.7059749606299213
20
-0.0335796456692913
11
0.7063338188976378
21
-0.033615
0
LINE
8
BLACK
6
CONTINUOUS
10
0.7063338188976378
20
-0.033615
11
0.7066357086614173
21
-0.0337400393700787
0
LINE
8
BLACK
6
CONTINUOUS
10
0.7066357086614173
20
-0.0337400393700787
11
0.7139729527559054
21
-0.0355211811023622
0
LINE
8
BLACK
6
CONTINUOUS
10
0.7139729527559054
20
-0.0355211811023622
11
0.7143124015748031
21
-0.0356424409448819
0
LINE
8
BLACK
6
CONTINUOUS
10
0.7143124015748031
20
-0.0356424409448819
11
0.7143839370078739
21
-0.0356566141732283
0
LINE
8
BLACK
6
CONTINUOUS
10
0.7143839370078739
20
-0.0356566141732283
11
0.7144221653543307
21
-0.0356816535433071
0
LINE
8
BLACK
6
CONTINUOUS
10
0.7144221653543307
20
-0.0356816535433071
11
0.7145180708661417
21
-0.0357159448818898
0
LINE
8
BLACK
6
CONTINUOUS
10
0.7145180708661417
20
-0.0357159448818898
11
0.7148528346456693
21
-0.0359639763779528
0
LINE
8
BLACK
6
CONTINUOUS
10
0.7148528346456693
20
-0.0359639763779528
11
0.7205190157480315
21
-0.0396784645669291
0
LINE
8
BLACK
6
CONTINUOUS
10
0.7205190157480315
20
-0.0396784645669291
11
0.7205205905511811
21
-0.0396797637795276
0
LINE
8
BLACK
6
CONTINUOUS
10
0.7205205905511811
20
-0.0396797637795276
11
0.7205215354330708
21
-0.039680157480315
0
LINE
8
BLACK
6
CONTINUOUS
10
0.7205215354330708
20
-0.039680157480315
11
0.7205240551181102
21
-0.0396825984251968
0
LINE
8
BLACK
6
CONTINUOUS
10
0.7205240551181102
20
-0.0396825984251968
11
0.7209668503937008
21
-0.0400452362204724
0
LINE
8
BLACK
6
CONTINUOUS
10
0.7209668503937008
20
-0.0400452362204724
11
0.7210896850393701
21
-0.0402286614173228
0
LINE
8
BLACK
6
CONTINUOUS
10
0.7210896850393701
20
-0.0402286614173228
11
0.7228437795275591
21
-0.041922125984252
0
LINE
8
BLACK
6
CONTINUOUS
10
0.7228437795275591
20
-0.041922125984252
11
0.7230295275590551
21
-0.0421484645669291
0
LINE
8
BLACK
6
CONTINUOUS
10
0.7230295275590551
20
-0.0421484645669291
11
0.7230885826771654
21
-0.0421996850393701
0
LINE
8
BLACK
6
CONTINUOUS
10
0.7230885826771654
20
-0.0421996850393701
11
0.7231172047244094
21
-0.0422553149606299
0
LINE
8
BLACK
6
CONTINUOUS
10
0.7231172047244094
20
-0.0422553149606299
11
0.7232110236220473
21
-0.0423696062992126
0
LINE
8
BLACK
6
CONTINUOUS
10
0.7232110236220473
20
-0.0423696062992126
11
0.7233546850393701
21
-0.0427164566929134
0
LINE
8
BLACK
6
CONTINUOUS
10
0.7233546850393701
20
-0.0427164566929134
11
0.7252716929133858
21
-0.046439094488189
0
LINE
8
BLACK
6
CONTINUOUS
10
0.7252716929133858
20
-0.046439094488189
11
0.7254785826771654
21
-0.0469796850393701
0
LINE
8
BLACK
6
CONTINUOUS
10
0.7254785826771654
20
-0.0469796850393701
11
0.7254861023622047
21
-0.0470855511811024
0
LINE
8
BLACK
6
CONTINUOUS
10
0.7254861023622047
20
-0.0470855511811024
11
0.7255266929133858
21
-0.0471835433070866
0
LINE
8
BLACK
6
CONTINUOUS
10
0.7255266929133858
20
-0.0471835433070866
11
0.7255303543307087
21
-0.0477087007874016
0
LINE
8
BLACK
6
CONTINUOUS
10
0.7255303543307087
20
-0.0477087007874016
11
0.7255602362204724
21
-0.0481288976377953
0
LINE
8
BLACK
6
CONTINUOUS
10
0.7255602362204724
20
-0.0481288976377953
11
0.7255338582677165
21
-0.0482079133858268
0
LINE
8
BLACK
6
CONTINUOUS
10
0.7255338582677165
20
-0.0482079133858268
11
0.7255834251968504
21
-0.0552586614173228
0
LINE
8
BLACK
6
CONTINUOUS
10
0.7255834251968504
20
-0.0552586614173228
11
0.7255266929133858
21
-0.0558347244094488
0
LINE
8
BLACK
6
CONTINUOUS
10
0.7255266929133858
20
-0.0558347244094488
11
0.7250857874015748
21
-0.0568991338582677
0
LINE
8
BLACK
6
CONTINUOUS
10
0.7250857874015748
20
-0.0568991338582677
11
0.7242711417322835
21
-0.0577137795275591
0
LINE
8
BLACK
6
CONTINUOUS
10
0.7242711417322835
20
-0.0577137795275591
11
0.7232067322834645
21
-0.0581546850393701
0
LINE
8
BLACK
6
CONTINUOUS
10
0.7232067322834645
20
-0.0581546850393701
11
0.7220546062992126
21
-0.0581546850393701
0
LINE
8
BLACK
6
CONTINUOUS
10
0.7220546062992126
20
-0.0581546850393701
11
0.7209901968503937
21
-0.0577137795275591
0
LINE
8
BLACK
6
CONTINUOUS
10
0.7209901968503937
20
-0.0577137795275591
11
0.7201755511811023
21
-0.0568991338582677
0
LINE
8
BLACK
6
CONTINUOUS
10
0.7201755511811023
20
-0.0568991338582677
11
0.7197346456692914
21
-0.0558347244094488
0
LINE
8
BLACK
6
CONTINUOUS
10
0.7197346456692914
20
-0.0558347244094488
11
0.7196822047244095
21
-0.0483742125984252
0
LINE
8
BLACK
6
CONTINUOUS
10
0.7196822047244095
20
-0.0483742125984252
11
0.7182875590551181
21
-0.0456659448818898
0
LINE
8
BLACK
6
CONTINUOUS
10
0.7182875590551181
20
-0.0456659448818898
11
0.7168299212598425
21
-0.0442587007874016
0
LINE
8
BLACK
6
CONTINUOUS
10
0.7168299212598425
20
-0.0442587007874016
11
0.7119329527559055
21
-0.0410485039370079
0
LINE
8
BLACK
6
CONTINUOUS
10
0.7119329527559055
20
-0.0410485039370079
11
0.7090706692913386
21
-0.0403536614173228
0
LINE
8
BLACK
6
CONTINUOUS
10
0.7090706692913386
20
-0.0403536614173228
11
0.7102735433070866
21
-0.0426895669291339
0
LINE
8
BLACK
6
CONTINUOUS
10
0.7102735433070866
20
-0.0426895669291339
11
0.7104804330708662
21
-0.043230157480315
0
LINE
8
BLACK
6
CONTINUOUS
10
0.7104804330708662
20
-0.043230157480315
11
0.7104879527559055
21
-0.0433360236220472
0
LINE
8
BLACK
6
CONTINUOUS
10
0.7104879527559055
20
-0.0433360236220472
11
0.7105285433070866
21
-0.0434340157480315
0
LINE
8
BLACK
6
CONTINUOUS
10
0.7105285433070866
20
-0.0434340157480315
11
0.7105322047244095
21
-0.0439591732283465
0
LINE
8
BLACK
6
CONTINUOUS
10
0.7105322047244095
20
-0.0439591732283465
11
0.7105620866141732
21
-0.0443793700787402
0
LINE
8
BLACK
6
CONTINUOUS
10
0.7105620866141732
20
-0.0443793700787402
11
0.7105357086614174
21
-0.0444583858267717
0
LINE
8
BLACK
6
CONTINUOUS
10
0.7105357086614174
20
-0.0444583858267717
11
0.7105852755905512
21
-0.0515091338582677
0
LINE
8
BLACK
6
CONTINUOUS
10
0.7105852755905512
20
-0.0515091338582677
11
0.7105285433070866
21
-0.0520851968503937
0
LINE
8
BLACK
6
CONTINUOUS
10
0.7105285433070866
20
-0.0520851968503937
11
0.7104879527559055
21
-0.0521831496062992
0
LINE
8
BLACK
6
CONTINUOUS
10
0.7104879527559055
20
-0.0521831496062992
11
0.7104804330708662
21
-0.0522890551181102
0
LINE
8
BLACK
6
CONTINUOUS
10
0.7104804330708662
20
-0.0522890551181102
11
0.7102320866141733
21
-0.0528007874015748
0
LINE
8
BLACK
6
CONTINUOUS
10
0.7102320866141733
20
-0.0528007874015748
11
0.7100876377952756
21
-0.0531496062992126
0
LINE
8
BLACK
6
CONTINUOUS
10
0.7100876377952756
20
-0.0531496062992126
11
0.7100395275590551
21
-0.0531976771653543
0
LINE
8
BLACK
6
CONTINUOUS
10
0.7100395275590551
20
-0.0531976771653543
11
0.708398779527559
21
-0.0565791732283465
0
LINE
8
BLACK
6
CONTINUOUS
10
0.708398779527559
20
-0.0565791732283465
11
0.7082426771653543
21
-0.0568271653543307
0
LINE
8
BLACK
6
CONTINUOUS
10
0.7082426771653543
20
-0.0568271653543307
11
0.7082128740157481
21
-0.0568991338582677
0
LINE
8
BLACK
6
CONTINUOUS
10
0.7082128740157481
20
-0.0568991338582677
11
0.7081683464566929
21
-0.0569451968503937
0
LINE
8
BLACK
6
CONTINUOUS
10
0.7081683464566929
20
-0.0569451968503937
11
0.7080904330708662
21
-0.0570690551181102
0
LINE
8
BLACK
6
CONTINUOUS
10
0.7080904330708662
20
-0.0570690551181102
11
0.7078347244094488
21
-0.0572907874015748
0
LINE
8
BLACK
6
CONTINUOUS
10
0.7078347244094488
20
-0.0572907874015748
11
0.705970905511811
21
-0.0592213385826772
0
LINE
8
BLACK
6
CONTINUOUS
10
0.705970905511811
20
-0.0592213385826772
11
0.7057445275590551
21
-0.0594070866141732
0
LINE
8
BLACK
6
CONTINUOUS
10
0.7057445275590551
20
-0.0594070866141732
11
0.7056933858267717
21
-0.0594661023622047
0
LINE
8
BLACK
6
CONTINUOUS
10
0.7056933858267717
20
-0.0594661023622047
11
0.7056377165354331
21
-0.0594947244094488
0
LINE
8
BLACK
6
CONTINUOUS
10
0.7056377165354331
20
-0.0594947244094488
11
0.7055234645669292
21
-0.0595885433070866
0
LINE
8
BLACK
6
CONTINUOUS
10
0.7055234645669292
20
-0.0595885433070866
11
0.7051766535433071
21
-0.0597321653543307
0
LINE
8
BLACK
6
CONTINUOUS
10
0.7051766535433071
20
-0.0597321653543307
11
0.7014539763779527
21
-0.0616492125984252
0
LINE
8
BLACK
6
CONTINUOUS
10
0.7014539763779527
20
-0.0616492125984252
11
0.7009133464566929
21
-0.0618561023622047
0
LINE
8
BLACK
6
CONTINUOUS
10
0.7009133464566929
20
-0.0618561023622047
11
0.7008075196850394
21
-0.0618635826771654
0
LINE
8
BLACK
6
CONTINUOUS
10
0.7008075196850394
20
-0.0618635826771654
11
0.7007095275590551
21
-0.0619042125984252
0
LINE
8
BLACK
6
CONTINUOUS
10
0.7007095275590551
20
-0.0619042125984252
11
0.7001949212598425
21
-0.061907125984252
0
LINE
8
BLACK
6
CONTINUOUS
10
0.7001949212598425
20
-0.061907125984252
11
0.6997641338582677
21
-0.0619377559055118
0
LINE
8
BLACK
6
CONTINUOUS
10
0.6997641338582677
20
-0.0619377559055118
11
0.699681062992126
21
-0.0619100393700787
0
LINE
8
BLACK
6
CONTINUOUS
10
0.699681062992126
20
-0.0619100393700787
11
0.6907596456692914
21
-0.0619609448818898
0
LINE
8
BLACK
6
CONTINUOUS
10
0.6907596456692914
20
-0.0619609448818898
11
0.6901835826771653
21
-0.0619042125984252
0
LINE
8
BLACK
6
CONTINUOUS
10
0.6901835826771653
20
-0.0619042125984252
11
0.6900855905511811
21
-0.0618636220472441
0
LINE
8
BLACK
6
CONTINUOUS
10
0.6900855905511811
20
-0.0618636220472441
11
0.6899797244094488
21
-0.0618561023622047
0
LINE
8
BLACK
6
CONTINUOUS
10
0.6899797244094488
20
-0.0618561023622047
11
0.6894679527559054
21
-0.0616077559055118
0
LINE
8
BLACK
6
CONTINUOUS
10
0.6894679527559054
20
-0.0616077559055118
11
0.6891191732283465
21
-0.0614633070866142
0
LINE
8
BLACK
6
CONTINUOUS
10
0.6891191732283465
20
-0.0614633070866142
11
0.6890710629921259
21
-0.0614151968503937
0
LINE
8
BLACK
6
CONTINUOUS
10
0.6890710629921259
20
-0.0614151968503937
11
0.6856896062992126
21
-0.0597744488188976
0
LINE
8
BLACK
6
CONTINUOUS
10
0.6856896062992126
20
-0.0597744488188976
11
0.6854415748031496
21
-0.0596183464566929
0
LINE
8
BLACK
6
CONTINUOUS
10
0.6854415748031496
20
-0.0596183464566929
11
0.6853696456692914
21
-0.0595885433070866
0
LINE
8
BLACK
6
CONTINUOUS
10
0.6853696456692914
20
-0.0595885433070866
11
0.6853235433070866
21
-0.0595440157480315
0
LINE
8
BLACK
6
CONTINUOUS
10
0.6853235433070866
20
-0.0595440157480315
11
0.6851997244094488
21
-0.0594661023622047
0
LINE
8
BLACK
6
CONTINUOUS
10
0.6851997244094488
20
-0.0594661023622047
11
0.6849779527559055
21
-0.0592103937007874
0
LINE
8
BLACK
6
CONTINUOUS
10
0.6849779527559055
20
-0.0592103937007874
11
0.6830474409448819
21
-0.0573465748031496
0
LINE
8
BLACK
6
CONTINUOUS
10
0.6830474409448819
20
-0.0573465748031496
11
0.6828616535433071
21
-0.0571201968503937
0
LINE
8
BLACK
6
CONTINUOUS
10
0.6828616535433071
20
-0.0571201968503937
11
0.6828026771653544
21
-0.0570690551181102
0
LINE
8
BLACK
6
CONTINUOUS
10
0.6828026771653544
20
-0.0570690551181102
11
0.6827740157480314
21
-0.0570133858267717
0
LINE
8
BLACK
6
CONTINUOUS
10
0.6827740157480314
20
-0.0570133858267717
11
0.6826802362204725
21
-0.0568991338582677
0
LINE
8
BLACK
6
CONTINUOUS
10
0.6826802362204725
20
-0.0568991338582677
11
0.6825365748031496
21
-0.0565523228346457
0
LINE
8
BLACK
6
CONTINUOUS
10
0.6825365748031496
20
-0.0565523228346457
11
0.6806195669291338
21
-0.0528296456692913
0
LINE
8
BLACK
6
CONTINUOUS
10
0.6806195669291338
20
-0.0528296456692913
11
0.6804126771653544
21
-0.0522890157480315
0
LINE
8
BLACK
6
CONTINUOUS
10
0.6804126771653544
20
-0.0522890157480315
11
0.6804051574803149
21
-0.0521831889763779
0
LINE
8
BLACK
6
CONTINUOUS
10
0.6804051574803149
20
-0.0521831889763779
11
0.6803645669291338
21
-0.0520851968503937
0
LINE
8
BLACK
6
CONTINUOUS
10
0.6803645669291338
20
-0.0520851968503937
11
0.6803608661417323
21
-0.0515599606299213
0
LINE
8
BLACK
6
CONTINUOUS
10
0.6803608661417323
20
-0.0515599606299213
11
0.6803310236220472
21
-0.0511398031496063
0
LINE
8
BLACK
6
CONTINUOUS
10
0.6803310236220472
20
-0.0511398031496063
11
0.6803573622047244
21
-0.0510607480314961
0
LINE
8
BLACK
6
CONTINUOUS
10
0.6803573622047244
20
-0.0510607480314961
11
0.6803078346456692
21
-0.0440100787401575
0
LINE
8
BLACK
6
CONTINUOUS
10
0.6803078346456692
20
-0.0440100787401575
11
0.6803645669291338
21
-0.0434340157480315
0
LINE
8
BLACK
6
CONTINUOUS
10
0.6803645669291338
20
-0.0434340157480315
11
0.6804051574803149
21
-0.0433359842519685
0
LINE
8
BLACK
6
CONTINUOUS
10
0.6804051574803149
20
-0.0433359842519685
11
0.6804126771653544
21
-0.0432301968503937
0
LINE
8
BLACK
6
CONTINUOUS
10
0.6804126771653544
20
-0.0432301968503937
11
0.6806608661417323
21
-0.0427186220472441
0
LINE
8
BLACK
6
CONTINUOUS
10
0.6806608661417323
20
-0.0427186220472441
11
0.6808054724409449
21
-0.0423696062992126
0
LINE
8
BLACK
6
CONTINUOUS
10
0.6808054724409449
20
-0.0423696062992126
11
0.6808535826771653
21
-0.0423214566929134
0
LINE
8
BLACK
6
CONTINUOUS
10
0.6808535826771653
20
-0.0423214566929134
11
0.6824943307086614
21
-0.0389400393700787
0
LINE
8
BLACK
6
CONTINUOUS
10
0.6824943307086614
20
-0.0389400393700787
11
0.6826503937007874
21
-0.0386920078740157
0
LINE
8
BLACK
6
CONTINUOUS
10
0.6826503937007874
20
-0.0386920078740157
11
0.6826802362204725
21
-0.0386200787401575
0
LINE
8
BLACK
6
CONTINUOUS
10
0.6826802362204725
20
-0.0386200787401575
11
0.6827247244094488
21
-0.0385739763779528
0
LINE
8
BLACK
6
CONTINUOUS
10
0.6827247244094488
20
-0.0385739763779528
11
0.6828026771653544
21
-0.038450157480315
0
LINE
8
BLACK
6
CONTINUOUS
10
0.6828026771653544
20
-0.038450157480315
11
0.6830583464566929
21
-0.0382283858267717
0
LINE
8
BLACK
6
CONTINUOUS
10
0.6830583464566929
20
-0.0382283858267717
11
0.6849222047244095
21
-0.036297874015748
0
LINE
8
BLACK
6
CONTINUOUS
10
0.6849222047244095
20
-0.036297874015748
11
0.6851485433070866
21
-0.0361120866141732
0
LINE
8
BLACK
6
CONTINUOUS
10
0.6851485433070866
20
-0.0361120866141732
11
0.6851997244094488
21
-0.0360531102362205
0
LINE
8
BLACK
6
CONTINUOUS
10
0.6851997244094488
20
-0.0360531102362205
11
0.6852553543307086
21
-0.0360244488188976
0
LINE
8
BLACK
6
CONTINUOUS
10
0.6852553543307086
20
-0.0360244488188976
11
0.6853696456692914
21
-0.0359306692913386
0
LINE
8
BLACK
6
CONTINUOUS
10
0.6853696456692914
20
-0.0359306692913386
11
0.6857164960629921
21
-0.035786968503937
0
LINE
8
BLACK
6
CONTINUOUS
10
0.6857164960629921
20
-0.035786968503937
11
0.6894391338582677
21
-0.03387
0
LINE
8
BLACK
6
CONTINUOUS
10
0.6894391338582677
20
-0.03387
11
0.6899797244094488
21
-0.0336631102362205
0
LINE
8
BLACK
6
CONTINUOUS
10
0.6899797244094488
20
-0.0336631102362205
11
0.6900855905511811
21
-0.0336555511811024
0
LINE
8
BLACK
6
CONTINUOUS
10
0.6900855905511811
20
-0.0336555511811024
11
0.6901835826771653
21
-0.033615
0
LINE
8
BLACK
6
CONTINUOUS
10
0.6901835826771653
20
-0.033615
11
0.6906824015748031
21
-0.0336131496062992
0
LINE
8
BLACK
6
CONTINUOUS
10
0.6906824015748031
20
-0.0336131496062992
11
0.691128937007874
21
-0.0335814566929134
0
LINE
8
BLACK
6
CONTINUOUS
10
0.691128937007874
20
-0.0335814566929134
11
0.6912182283464566
21
-0.0336112204724409
0
LINE
8
BLACK
6
CONTINUOUS
10
0.6912182283464566
20
-0.0336112204724409
11
0.7057577559055118
21
-0.0335582677165354
0
LINE
8
BLACK
6
CONTINUOUS
10
0.7057577559055118
20
-0.0335582677165354
11
0.7058582677165354
21
-0.0335681496062992
0
LINE
8
BLACK
6
CONTINUOUS
10
0.6913701968503937
20
-0.0394615354330709
11
0.6886659448818897
21
-0.040854094488189
0
LINE
8
BLACK
6
CONTINUOUS
10
0.6886659448818897
20
-0.040854094488189
11
0.6874752362204725
21
-0.0420874409448819
0
LINE
8
BLACK
6
CONTINUOUS
10
0.6874752362204725
20
-0.0420874409448819
11
0.6861661023622047
21
-0.0447854724409449
0
LINE
8
BLACK
6
CONTINUOUS
10
0.6861661023622047
20
-0.0447854724409449
11
0.6862090157480315
21
-0.0508944881889764
0
LINE
8
BLACK
6
CONTINUOUS
10
0.6862090157480315
20
-0.0508944881889764
11
0.6876036614173228
21
-0.0536027952755906
0
LINE
8
BLACK
6
CONTINUOUS
10
0.6876036614173228
20
-0.0536027952755906
11
0.6888370472440944
21
-0.0547935433070866
0
LINE
8
BLACK
6
CONTINUOUS
10
0.6888370472440944
20
-0.0547935433070866
11
0.6915386614173228
21
-0.0561044094488189
0
LINE
8
BLACK
6
CONTINUOUS
10
0.6915386614173228
20
-0.0561044094488189
11
0.6995203937007873
21
-0.0560588976377953
0
LINE
8
BLACK
6
CONTINUOUS
10
0.6995203937007873
20
-0.0560588976377953
11
0.702227125984252
21
-0.0546650787401575
0
LINE
8
BLACK
6
CONTINUOUS
10
0.702227125984252
20
-0.0546650787401575
11
0.7034178740157481
21
-0.0534316929133858
0
LINE
8
BLACK
6
CONTINUOUS
10
0.7034178740157481
20
-0.0534316929133858
11
0.704726968503937
21
-0.0507337007874016
0
LINE
8
BLACK
6
CONTINUOUS
10
0.704726968503937
20
-0.0507337007874016
11
0.7046840551181103
21
-0.0446246850393701
0
LINE
8
BLACK
6
CONTINUOUS
10
0.7046840551181103
20
-0.0446246850393701
11
0.7032894094488189
21
-0.0419163779527559
0
LINE
8
BLACK
6
CONTINUOUS
10
0.7032894094488189
20
-0.0419163779527559
11
0.702056062992126
21
-0.0407256692913386
0
LINE
8
BLACK
6
CONTINUOUS
10
0.702056062992126
20
-0.0407256692913386
11
0.6993905905511811
21
-0.0394323228346457
0
LINE
8
BLACK
6
CONTINUOUS
10
0.6993905905511811
20
-0.0394323228346457
11
0.6913701968503937
21
-0.0394615354330709
0
LINE
8
BLACK
6
CONTINUOUS
10
-0.8689317322834645
20
0.3768186614173228
11
-0.8678663779527559
21
0.3757533070866141
0
LINE
8
BLACK
6
CONTINUOUS
10
-0.8678663779527559
20
0.3757533070866141
11
-0.8678663779527559
21
0.3742466929133858
0
LINE
8
BLACK
6
CONTINUOUS
10
-0.8678663779527559
20
0.3742466929133858
11
-0.8689317322834645
21
0.3731813385826772
0
LINE
8
BLACK
6
CONTINUOUS
10
-0.8689317322834645
20
0.3731813385826772
11
-0.9536233464566929
21
0.3730668897637795
0
LINE
8
BLACK
6
CONTINUOUS
10
-0.9536233464566929
20
0.3730668897637795
11
-0.9318594094488188
21
0.3315584251968504
0
LINE
8
BLACK
6
CONTINUOUS
10
-0.9318594094488188
20
0.3315584251968504
11
-0.9316444488188976
21
0.3308210236220472
0
LINE
8
BLACK
6
CONTINUOUS
10
-0.9316444488188976
20
0.3308210236220472
11
-0.9320975196850394
21
0.3293841338582677
0
LINE
8
BLACK
6
CONTINUOUS
10
-0.9320975196850394
20
0.3293841338582677
11
-0.9334338976377953
21
0.3286884645669291
0
LINE
8
BLACK
6
CONTINUOUS
10
-0.9334338976377953
20
0.3286884645669291
11
-0.9348708267716536
21
0.3291414960629921
0
LINE
8
BLACK
6
CONTINUOUS
10
-0.9348708267716536
20
0.3291414960629921
11
-0.954870905511811
21
0.3672858661417323
0
LINE
8
BLACK
6
CONTINUOUS
10
-0.954870905511811
20
0.3672858661417323
11
-0.9547275196850393
21
0.0077688582677165
0
LINE
8
BLACK
6
CONTINUOUS
10
-0.9547275196850393
20
0.0077688582677165
11
-0.9353515748031496
21
0.0452594881889764
0
LINE
8
BLACK
6
CONTINUOUS
10
-0.9353515748031496
20
0.0452594881889764
11
-0.9348708267716536
21
0.0458585039370079
0
LINE
8
BLACK
6
CONTINUOUS
10
-0.9348708267716536
20
0.0458585039370079
11
-0.9334338976377953
21
0.0463115354330709
0
LINE
8
BLACK
6
CONTINUOUS
10
-0.9334338976377953
20
0.0463115354330709
11
-0.9320975196850394
21
0.0456158661417323
0
LINE
8
BLACK
6
CONTINUOUS
10
-0.9320975196850394
20
0.0456158661417323
11
-0.9316444488188976
21
0.0441789763779528
0
LINE
8
BLACK
6
CONTINUOUS
10
-0.9316444488188976
20
0.0441789763779528
11
-0.9535349606299213
21
0.001822874015748
0
LINE
8
BLACK
6
CONTINUOUS
10
-0.9535349606299213
20
0.001822874015748
11
-0.0196850393700787
21
0.0019685039370079
0
LINE
8
BLACK
6
CONTINUOUS
10
-0.0196850393700787
20
0.0019685039370079
11
-0.0189317322834646
21
0.0018186614173228
0
LINE
8
BLACK
6
CONTINUOUS
10
-0.0189317322834646
20
0.0018186614173228
11
-0.0178663779527559
21
0.0007533070866142
0
LINE
8
BLACK
6
CONTINUOUS
10
-0.0178663779527559
20
0.0007533070866142
11
-0.0178663779527559
21
-0.0007533070866142
0
LINE
8
BLACK
6
CONTINUOUS
10
-0.0178663779527559
20
-0.0007533070866142
11
-0.0189317322834646
21
-0.0018186614173228
0
LINE
8
BLACK
6
CONTINUOUS
10
-0.0189317322834646
20
-0.0018186614173228
11
-0.9797803149606299
21
-0.0019685039370079
0
LINE
8
BLACK
6
CONTINUOUS
10
-0.9797803149606299
20
-0.0019685039370079
11
-0.980533622047244
21
-0.0018186614173228
0
LINE
8
BLACK
6
CONTINUOUS
10
-0.980533622047244
20
-0.0018186614173228
11
-0.9815989763779527
21
-0.0007533070866142
0
LINE
8
BLACK
6
CONTINUOUS
10
-0.9815989763779527
20
-0.0007533070866142
11
-0.9815989763779527
21
0.0007533070866142
0
LINE
8
BLACK
6
CONTINUOUS
10
-0.9815989763779527
20
0.0007533070866142
11
-0.980533622047244
21
0.0018186614173228
0
LINE
8
BLACK
6
CONTINUOUS
10
-0.980533622047244
20
0.0018186614173228
11
-0.9597042125984252
21
0.0018219291338583
0
LINE
8
BLACK
6
CONTINUOUS
10
-0.9597042125984252
20
0.0018219291338583
11
-0.9815264566929134
21
0.0434416141732283
0
LINE
8
BLACK
6
CONTINUOUS
10
-0.9815264566929134
20
0.0434416141732283
11
-0.9817413779527558
21
0.0441789763779528
0
LINE
8
BLACK
6
CONTINUOUS
10
-0.9817413779527558
20
0.0441789763779528
11
-0.9812883070866142
21
0.0456158661417323
0
LINE
8
BLACK
6
CONTINUOUS
10
-0.9812883070866142
20
0.0456158661417323
11
-0.9799519291338582
21
0.0463115748031496
0
LINE
8
BLACK
6
CONTINUOUS
10
-0.9799519291338582
20
0.0463115748031496
11
-0.9785150393700787
21
0.0458585039370079
0
LINE
8
BLACK
6
CONTINUOUS
10
-0.9785150393700787
20
0.0458585039370079
11
-0.9585149606299213
21
0.0077141338582677
0
LINE
8
BLACK
6
CONTINUOUS
10
-0.9585149606299213
20
0.0077141338582677
11
-0.9586583464566929
21
0.3672311811023622
0
LINE
8
BLACK
6
CONTINUOUS
10
-0.9586583464566929
20
0.3672311811023622
11
-0.9780342519685039
21
0.3297405118110236
0
LINE
8
BLACK
6
CONTINUOUS
10
-0.9780342519685039
20
0.3297405118110236
11
-0.9785150393700787
21
0.3291414960629921
0
LINE
8
BLACK
6
CONTINUOUS
10
-0.9785150393700787
20
0.3291414960629921
11
-0.9799519291338582
21
0.3286884251968504
0
LINE
8
BLACK
6
CONTINUOUS
10
-0.9799519291338582
20
0.3286884251968504
11
-0.9812883070866142
21
0.3293841338582677
0
LINE
8
BLACK
6
CONTINUOUS
10
-0.9812883070866142
20
0.3293841338582677
11
-0.9817413779527558
21
0.3308210236220472
0
LINE
8
BLACK
6
CONTINUOUS
10
-0.9817413779527558
20
0.3308210236220472
11
-0.9599122834645669
21
0.3730583858267716
0
LINE
8
BLACK
6
CONTINUOUS
10
-0.9599122834645669
20
0.3730583858267716
11
-0.9797803149606299
21
0.3730314960629921
0
LINE
8
BLACK
6
CONTINUOUS
10
-0.9797803149606299
20
0.3730314960629921
11
-0.980533622047244
21
0.3731813385826772
0
LINE
8
BLACK
6
CONTINUOUS
10
-0.980533622047244
20
0.3731813385826772
11
-0.9815989763779527
21
0.3742466929133858
0
LINE
8
BLACK
6
CONTINUOUS
10
-0.9815989763779527
20
0.3742466929133858
11
-0.9815989763779527
21
0.3757533070866141
0
LINE
8
BLACK
6
CONTINUOUS
10
-0.9815989763779527
20
0.3757533070866141
11
-0.980533622047244
21
0.3768186614173228
0
LINE
8
BLACK
6
CONTINUOUS
10
-0.980533622047244
20
0.3768186614173228
11
-0.9570770472440945
21
0.3768503937007874
0
LINE
8
BLACK
6
CONTINUOUS
10
-0.9570770472440945
20
0.3768503937007874
11
-0.9568644881889764
21
0.3769610236220473
0
LINE
8
BLACK
6
CONTINUOUS
10
-0.9568644881889764
20
0.3769610236220473
11
-0.956692874015748
21
0.3769069291338583
0
LINE
8
BLACK
6
CONTINUOUS
10
-0.956692874015748
20
0.3769069291338583
11
-0.9565213385826772
21
0.3769609842519685
0
LINE
8
BLACK
6
CONTINUOUS
10
-0.9565213385826772
20
0.3769609842519685
11
-0.9563108661417322
21
0.3768514173228346
0
LINE
8
BLACK
6
CONTINUOUS
10
-0.9563108661417322
20
0.3768514173228346
11
-0.8696850393700787
21
0.3769685039370079
0
LINE
8
BLACK
6
CONTINUOUS
10
-0.8696850393700787
20
0.3769685039370079
11
-0.8689317322834645
21
0.3768186614173228
0
LINE
8
BLACK
6
CONTINUOUS
10
0.7232067322834645
20
0.0469999606299213
11
0.7242711417322835
21
0.0465590551181102
0
LINE
8
BLACK
6
CONTINUOUS
10
0.7242711417322835
20
0.0465590551181102
11
0.7250857874015748
21
0.0457444094488189
0
LINE
8
BLACK
6
CONTINUOUS
10
0.7250857874015748
20
0.0457444094488189
11
0.7255266929133858
21
0.04468
0
LINE
8
BLACK
6
CONTINUOUS
10
0.7255266929133858
20
0.04468
11
0.7255266929133858
21
0.043527874015748
0
LINE
8
BLACK
6
CONTINUOUS
10
0.7255266929133858
20
0.043527874015748
11
0.7250857874015748
21
0.0424634645669291
0
LINE
8
BLACK
6
CONTINUOUS
10
0.7250857874015748
20
0.0424634645669291
11
0.7242711417322835
21
0.0416488188976378
0
LINE
8
BLACK
6
CONTINUOUS
10
0.7242711417322835
20
0.0416488188976378
11
0.7232067322834645
21
0.0412079133858268
0
LINE
8
BLACK
6
CONTINUOUS
10
0.7232067322834645
20
0.0412079133858268
11
0.7026176377952755
21
0.0411528346456693
0
LINE
8
BLACK
6
CONTINUOUS
10
0.7026176377952755
20
0.0411528346456693
11
0.7004114960629921
21
0.0400167716535433
0
LINE
8
BLACK
6
CONTINUOUS
10
0.7004114960629921
20
0.0400167716535433
11
0.6992922440944882
21
0.0377100393700787
0
LINE
8
BLACK
6
CONTINUOUS
10
0.6992922440944882
20
0.0377100393700787
11
0.6993310236220472
21
0.0334725590551181
0
LINE
8
BLACK
6
CONTINUOUS
10
0.6993310236220472
20
0.0334725590551181
11
0.7004711023622047
21
0.0312586220472441
0
LINE
8
BLACK
6
CONTINUOUS
10
0.7004711023622047
20
0.0312586220472441
11
0.7027956692913385
21
0.0301307086614173
0
LINE
8
BLACK
6
CONTINUOUS
10
0.7027956692913385
20
0.0301307086614173
11
0.7226306692913386
21
0.0301837795275591
0
LINE
8
BLACK
6
CONTINUOUS
10
0.7226306692913386
20
0.0301837795275591
11
0.7232067322834645
21
0.0301270472440945
0
LINE
8
BLACK
6
CONTINUOUS
10
0.7232067322834645
20
0.0301270472440945
11
0.7242711417322835
21
0.0296861417322835
0
LINE
8
BLACK
6
CONTINUOUS
10
0.7242711417322835
20
0.0296861417322835
11
0.7250857874015748
21
0.0288714960629921
0
LINE
8
BLACK
6
CONTINUOUS
10
0.7250857874015748
20
0.0288714960629921
11
0.7255266929133858
21
0.0278070866141732
0
LINE
8
BLACK
6
CONTINUOUS
10
0.7255266929133858
20
0.0278070866141732
11
0.7255266929133858
21
0.0266549606299213
0
LINE
8
BLACK
6
CONTINUOUS
10
0.7255266929133858
20
0.0266549606299213
11
0.7250857874015748
21
0.0255905511811024
0
LINE
8
BLACK
6
CONTINUOUS
10
0.7250857874015748
20
0.0255905511811024
11
0.7242711417322835
21
0.024775905511811
0
LINE
8
BLACK
6
CONTINUOUS
10
0.7242711417322835
20
0.024775905511811
11
0.7232067322834645
21
0.024335
0
LINE
8
BLACK
6
CONTINUOUS
10
0.7232067322834645
20
0.024335
11
0.7026176377952755
21
0.0242799212598425
0
LINE
8
BLACK
6
CONTINUOUS
10
0.7026176377952755
20
0.0242799212598425
11
0.7004115354330709
21
0.0231438582677165
0
LINE
8
BLACK
6
CONTINUOUS
10
0.7004115354330709
20
0.0231438582677165
11
0.6992922440944882
21
0.0208371653543307
0
LINE
8
BLACK
6
CONTINUOUS
10
0.6992922440944882
20
0.0208371653543307
11
0.6993310236220472
21
0.0165996850393701
0
LINE
8
BLACK
6
CONTINUOUS
10
0.6993310236220472
20
0.0165996850393701
11
0.7007270078740158
21
0.0138887795275591
0
LINE
8
BLACK
6
CONTINUOUS
10
0.7007270078740158
20
0.0138887795275591
11
0.7013721259842519
21
0.0132659448818898
0
LINE
8
BLACK
6
CONTINUOUS
10
0.7013721259842519
20
0.0132659448818898
11
0.7226306692913386
21
0.013310905511811
0
LINE
8
BLACK
6
CONTINUOUS
10
0.7226306692913386
20
0.013310905511811
11
0.7232067322834645
21
0.0132541732283465
0
LINE
8
BLACK
6
CONTINUOUS
10
0.7232067322834645
20
0.0132541732283465
11
0.7242711417322835
21
0.0128132677165354
0
LINE
8
BLACK
6
CONTINUOUS
10
0.7242711417322835
20
0.0128132677165354
11
0.7250857874015748
21
0.0119986220472441
0
LINE
8
BLACK
6
CONTINUOUS
10
0.7250857874015748
20
0.0119986220472441
11
0.7255266929133858
21
0.0109342125984252
0
LINE
8
BLACK
6
CONTINUOUS
10
0.7255266929133858
20
0.0109342125984252
11
0.7255266929133858
21
0.0097820866141732
0
LINE
8
BLACK
6
CONTINUOUS
10
0.7255266929133858
20
0.0097820866141732
11
0.7250857874015748
21
0.0087176771653543
0
LINE
8
BLACK
6
CONTINUOUS
10
0.7250857874015748
20
0.0087176771653543
11
0.7242711417322835
21
0.007903031496063
0
LINE
8
BLACK
6
CONTINUOUS
10
0.7242711417322835
20
0.007903031496063
11
0.7232067322834645
21
0.007462125984252
0
LINE
8
BLACK
6
CONTINUOUS
10
0.7232067322834645
20
0.007462125984252
11
0.696383937007874
21
0.0074053937007874
0
LINE
8
BLACK
6
CONTINUOUS
10
0.696383937007874
20
0.0074053937007874
11
0.6958078740157481
21
0.007462125984252
0
LINE
8
BLACK
6
CONTINUOUS
10
0.6958078740157481
20
0.007462125984252
11
0.6947434645669291
21
0.007903031496063
0
LINE
8
BLACK
6
CONTINUOUS
10
0.6947434645669291
20
0.007903031496063
11
0.6939288188976378
21
0.0087176771653543
0
LINE
8
BLACK
6
CONTINUOUS
10
0.6939288188976378
20
0.0087176771653543
11
0.6934879133858267
21
0.0097820866141732
0
LINE
8
BLACK
6
CONTINUOUS
10
0.6934879133858267
20
0.0097820866141732
11
0.6934879133858267
21
0.0109342125984252
0
LINE
8
BLACK
6
CONTINUOUS
10
0.6934879133858267
20
0.0109342125984252
11
0.6939288188976378
21
0.0119986220472441
0
LINE
8
BLACK
6
CONTINUOUS
10
0.6939288188976378
20
0.0119986220472441
11
0.6947113779527558
21
0.0127812204724409
0
LINE
8
BLACK
6
CONTINUOUS
10
0.6947113779527558
20
0.0127812204724409
11
0.6937429133858267
21
0.0146619291338583
0
LINE
8
BLACK
6
CONTINUOUS
10
0.6937429133858267
20
0.0146619291338583
11
0.6935360236220472
21
0.0152025590551181
0
LINE
8
BLACK
6
CONTINUOUS
10
0.6935360236220472
20
0.0152025590551181
11
0.6935285039370078
21
0.0153083858267717
0
LINE
8
BLACK
6
CONTINUOUS
10
0.6935285039370078
20
0.0153083858267717
11
0.6934879133858267
21
0.0154063779527559
0
LINE
8
BLACK
6
CONTINUOUS
10
0.6934879133858267
20
0.0154063779527559
11
0.6934829133858268
21
0.0159496456692913
0
LINE
8
BLACK
6
CONTINUOUS
10
0.6934829133858268
20
0.0159496456692913
11
0.6934543700787401
21
0.0163517716535433
0
LINE
8
BLACK
6
CONTINUOUS
10
0.6934543700787401
20
0.0163517716535433
11
0.6934785826771653
21
0.0164244881889764
0
LINE
8
BLACK
6
CONTINUOUS
10
0.6934785826771653
20
0.0164244881889764
11
0.6934311811023622
21
0.0216067322834646
0
LINE
8
BLACK
6
CONTINUOUS
10
0.6934311811023622
20
0.0216067322834646
11
0.6934879133858267
21
0.0221827952755906
0
LINE
8
BLACK
6
CONTINUOUS
10
0.6934879133858267
20
0.0221827952755906
11
0.6935285039370078
21
0.0222808267716535
0
LINE
8
BLACK
6
CONTINUOUS
10
0.6935285039370078
20
0.0222808267716535
11
0.6935360236220472
21
0.0223866141732283
0
LINE
8
BLACK
6
CONTINUOUS
10
0.6935360236220472
20
0.0223866141732283
11
0.6937842125984252
21
0.022898188976378
0
LINE
8
BLACK
6
CONTINUOUS
10
0.6937842125984252
20
0.022898188976378
11
0.6939288188976378
21
0.0232472047244094
0
LINE
8
BLACK
6
CONTINUOUS
10
0.6939288188976378
20
0.0232472047244094
11
0.6939769291338582
21
0.0232953543307087
0
LINE
8
BLACK
6
CONTINUOUS
10
0.6939769291338582
20
0.0232953543307087
11
0.6956176771653543
21
0.0266767716535433
0
LINE
8
BLACK
6
CONTINUOUS
10
0.6956176771653543
20
0.0266767716535433
11
0.6956783070866142
21
0.0267731496062992
0
LINE
8
BLACK
6
CONTINUOUS
10
0.6956783070866142
20
0.0267731496062992
11
0.6956934645669292
21
0.0268185433070866
0
LINE
8
BLACK
6
CONTINUOUS
10
0.6956934645669292
20
0.0268185433070866
11
0.6957424803149607
21
0.0268751181102362
0
LINE
8
BLACK
6
CONTINUOUS
10
0.6957424803149607
20
0.0268751181102362
11
0.6959260236220473
21
0.0271666535433071
0
LINE
8
BLACK
6
CONTINUOUS
10
0.6959260236220473
20
0.0271666535433071
11
0.6960002362204725
21
0.0272310236220472
0
LINE
8
BLACK
6
CONTINUOUS
10
0.6960002362204725
20
0.0272310236220472
11
0.6959260236220473
21
0.0272953937007874
0
LINE
8
BLACK
6
CONTINUOUS
10
0.6959260236220473
20
0.0272953937007874
11
0.6958246456692914
21
0.0274922440944882
0
LINE
8
BLACK
6
CONTINUOUS
10
0.6958246456692914
20
0.0274922440944882
11
0.6956934645669292
21
0.0276435039370079
0
LINE
8
BLACK
6
CONTINUOUS
10
0.6956934645669292
20
0.0276435039370079
11
0.6955956299212598
21
0.0279370078740157
0
LINE
8
BLACK
6
CONTINUOUS
10
0.6955956299212598
20
0.0279370078740157
11
0.6937429133858267
21
0.0315348031496063
0
LINE
8
BLACK
6
CONTINUOUS
10
0.6937429133858267
20
0.0315348031496063
11
0.6935360236220472
21
0.0320754330708661
0
LINE
8
BLACK
6
CONTINUOUS
10
0.6935360236220472
20
0.0320754330708661
11
0.6935285039370078
21
0.0321812598425197
0
LINE
8
BLACK
6
CONTINUOUS
10
0.6935285039370078
20
0.0321812598425197
11
0.6934879133858267
21
0.0322792519685039
0
LINE
8
BLACK
6
CONTINUOUS
10
0.6934879133858267
20
0.0322792519685039
11
0.6934829133858268
21
0.0328225196850394
0
LINE
8
BLACK
6
CONTINUOUS
10
0.6934829133858268
20
0.0328225196850394
11
0.6934543700787401
21
0.0332246456692913
0
LINE
8
BLACK
6
CONTINUOUS
10
0.6934543700787401
20
0.0332246456692913
11
0.6934785826771653
21
0.0332973622047244
0
LINE
8
BLACK
6
CONTINUOUS
10
0.6934785826771653
20
0.0332973622047244
11
0.6934311811023622
21
0.0384796062992126
0
LINE
8
BLACK
6
CONTINUOUS
10
0.6934311811023622
20
0.0384796062992126
11
0.6934879133858267
21
0.0390556692913386
0
LINE
8
BLACK
6
CONTINUOUS
10
0.6934879133858267
20
0.0390556692913386
11
0.6935285039370078
21
0.0391537007874016
0
LINE
8
BLACK
6
CONTINUOUS
10
0.6935285039370078
20
0.0391537007874016
11
0.6935360236220472
21
0.0392594881889764
0
LINE
8
BLACK
6
CONTINUOUS
10
0.6935360236220472
20
0.0392594881889764
11
0.6937842519685039
21
0.0397711023622047
0
LINE
8
BLACK
6
CONTINUOUS
10
0.6937842519685039
20
0.0397711023622047
11
0.6939288188976378
21
0.0401200787401575
0
LINE
8
BLACK
6
CONTINUOUS
10
0.6939288188976378
20
0.0401200787401575
11
0.6939769291338582
21
0.0401682283464567
0
LINE
8
BLACK
6
CONTINUOUS
10
0.6939769291338582
20
0.0401682283464567
11
0.6956176771653543
21
0.0435496850393701
0
LINE
8
BLACK
6
CONTINUOUS
10
0.6956176771653543
20
0.0435496850393701
11
0.6956783070866142
21
0.0436460236220472
0
LINE
8
BLACK
6
CONTINUOUS
10
0.6956783070866142
20
0.0436460236220472
11
0.6956934645669292
21
0.0436914566929134
0
LINE
8
BLACK
6
CONTINUOUS
10
0.6956934645669292
20
0.0436914566929134
11
0.6957425196850393
21
0.0437480708661417
0
LINE
8
BLACK
6
CONTINUOUS
10
0.6957425196850393
20
0.0437480708661417
11
0.6959260236220473
21
0.0440395275590551
0
LINE
8
BLACK
6
CONTINUOUS
10
0.6959260236220473
20
0.0440395275590551
11
0.6962056299212598
21
0.0442820472440945
0
LINE
8
BLACK
6
CONTINUOUS
10
0.6962056299212598
20
0.0442820472440945
11
0.6964483070866142
21
0.0445618503937008
0
LINE
8
BLACK
6
CONTINUOUS
10
0.6964483070866142
20
0.0445618503937008
11
0.6966451181102362
21
0.0446632283464567
0
LINE
8
BLACK
6
CONTINUOUS
10
0.6966451181102362
20
0.0446632283464567
11
0.6967964173228346
21
0.0447944094488189
0
LINE
8
BLACK
6
CONTINUOUS
10
0.6967964173228346
20
0.0447944094488189
11
0.6970898818897637
21
0.0448922440944882
0
LINE
8
BLACK
6
CONTINUOUS
10
0.6970898818897637
20
0.0448922440944882
11
0.700687716535433
21
0.0467449606299213
0
LINE
8
BLACK
6
CONTINUOUS
10
0.700687716535433
20
0.0467449606299213
11
0.7012283070866142
21
0.0469518503937008
0
LINE
8
BLACK
6
CONTINUOUS
10
0.7012283070866142
20
0.0469518503937008
11
0.7013341732283465
21
0.0469594094488189
0
LINE
8
BLACK
6
CONTINUOUS
10
0.7013341732283465
20
0.0469594094488189
11
0.7014321653543307
21
0.0469999606299213
0
LINE
8
BLACK
6
CONTINUOUS
10
0.7014321653543307
20
0.0469999606299213
11
0.701923937007874
21
0.0470012992125984
0
LINE
8
BLACK
6
CONTINUOUS
10
0.701923937007874
20
0.0470012992125984
11
0.7023775196850394
21
0.0470335039370079
0
LINE
8
BLACK
6
CONTINUOUS
10
0.7023775196850394
20
0.0470335039370079
11
0.7024698031496063
21
0.0470027559055118
0
LINE
8
BLACK
6
CONTINUOUS
10
0.7024698031496063
20
0.0470027559055118
11
0.7226306692913386
21
0.0470566929133858
0
LINE
8
BLACK
6
CONTINUOUS
10
0.7226306692913386
20
0.0470566929133858
11
0.7232067322834645
21
0.0469999606299213
0
LINE
8
BLACK
6
CONTINUOUS
10
0.7232067322834645
20
0.0994933858267717
11
0.7242711417322835
21
0.0990524803149606
0
LINE
8
BLACK
6
CONTINUOUS
10
0.7242711417322835
20
0.0990524803149606
11
0.7250857874015748
21
0.0982378346456693
0
LINE
8
BLACK
6
CONTINUOUS
10
0.7250857874015748
20
0.0982378346456693
11
0.7255266929133858
21
0.0971734251968504
0
LINE
8
BLACK
6
CONTINUOUS
10
0.7255266929133858
20
0.0971734251968504
11
0.7255266929133858
21
0.0960212992125984
0
LINE
8
BLACK
6
CONTINUOUS
10
0.7255266929133858
20
0.0960212992125984
11
0.7250857874015748
21
0.0949568897637795
0
LINE
8
BLACK
6
CONTINUOUS
10
0.7250857874015748
20
0.0949568897637795
11
0.7242711417322835
21
0.0941422440944882
0
LINE
8
BLACK
6
CONTINUOUS
10
0.7242711417322835
20
0.0941422440944882
11
0.7232067322834645
21
0.0937013385826772
0
LINE
8
BLACK
6
CONTINUOUS
10
0.7232067322834645
20
0.0937013385826772
11
0.7026176377952755
21
0.0936462598425197
0
LINE
8
BLACK
6
CONTINUOUS
10
0.7026176377952755
20
0.0936462598425197
11
0.7004114960629921
21
0.0925101968503937
0
LINE
8
BLACK
6
CONTINUOUS
10
0.7004114960629921
20
0.0925101968503937
11
0.6992922440944882
21
0.0902034645669291
0
LINE
8
BLACK
6
CONTINUOUS
10
0.6992922440944882
20
0.0902034645669291
11
0.6993310236220472
21
0.0859659842519685
0
LINE
8
BLACK
6
CONTINUOUS
10
0.6993310236220472
20
0.0859659842519685
11
0.7004711023622047
21
0.0837520472440945
0
LINE
8
BLACK
6
CONTINUOUS
10
0.7004711023622047
20
0.0837520472440945
11
0.7027956692913385
21
0.0826241338582677
0
LINE
8
BLACK
6
CONTINUOUS
10
0.7027956692913385
20
0.0826241338582677
11
0.7226306692913386
21
0.0826772047244095
0
LINE
8
BLACK
6
CONTINUOUS
10
0.7226306692913386
20
0.0826772047244095
11
0.7232067322834645
21
0.0826204724409449
0
LINE
8
BLACK
6
CONTINUOUS
10
0.7232067322834645
20
0.0826204724409449
11
0.7242711417322835
21
0.0821795669291339
0
LINE
8
BLACK
6
CONTINUOUS
10
0.7242711417322835
20
0.0821795669291339
11
0.7250857874015748
21
0.0813649212598425
0
LINE
8
BLACK
6
CONTINUOUS
10
0.7250857874015748
20
0.0813649212598425
11
0.7255266929133858
21
0.0803005118110236
0
LINE
8
BLACK
6
CONTINUOUS
10
0.7255266929133858
20
0.0803005118110236
11
0.7255266929133858
21
0.0791483858267717
0
LINE
8
BLACK
6
CONTINUOUS
10
0.7255266929133858
20
0.0791483858267717
11
0.7250857874015748
21
0.0780839763779528
0
LINE
8
BLACK
6
CONTINUOUS
10
0.7250857874015748
20
0.0780839763779528
11
0.7242711417322835
21
0.0772693307086614
0
LINE
8
BLACK
6
CONTINUOUS
10
0.7242711417322835
20
0.0772693307086614
11
0.7232067322834645
21
0.0768284251968504
0
LINE
8
BLACK
6
CONTINUOUS
10
0.7232067322834645
20
0.0768284251968504
11
0.7026176377952755
21
0.0767733464566929
0
LINE
8
BLACK
6
CONTINUOUS
10
0.7026176377952755
20
0.0767733464566929
11
0.7004115354330709
21
0.0756372834645669
0
LINE
8
BLACK
6
CONTINUOUS
10
0.7004115354330709
20
0.0756372834645669
11
0.6992922440944882
21
0.0733305905511811
0
LINE
8
BLACK
6
CONTINUOUS
10
0.6992922440944882
20
0.0733305905511811
11
0.6993310236220472
21
0.0690931102362205
0
LINE
8
BLACK
6
CONTINUOUS
10
0.6993310236220472
20
0.0690931102362205
11
0.7007270078740158
21
0.0663822047244094
0
LINE
8
BLACK
6
CONTINUOUS
10
0.7007270078740158
20
0.0663822047244094
11
0.7013721259842519
21
0.0657593700787402
0
LINE
8
BLACK
6
CONTINUOUS
10
0.7013721259842519
20
0.0657593700787402
11
0.7226306692913386
21
0.0658043307086614
0
LINE
8
BLACK
6
CONTINUOUS
10
0.7226306692913386
20
0.0658043307086614
11
0.7232067322834645
21
0.0657475984251969
0
LINE
8
BLACK
6
CONTINUOUS
10
0.7232067322834645
20
0.0657475984251969
11
0.7242711417322835
21
0.0653066929133858
0
LINE
8
BLACK
6
CONTINUOUS
10
0.7242711417322835
20
0.0653066929133858
11
0.7250857874015748
21
0.0644920472440945
0
LINE
8
BLACK
6
CONTINUOUS
10
0.7250857874015748
20
0.0644920472440945
11
0.7255266929133858
21
0.0634276377952756
0
LINE
8
BLACK
6
CONTINUOUS
10
0.7255266929133858
20
0.0634276377952756
11
0.7255266929133858
21
0.0622755118110236
0
LINE
8
BLACK
6
CONTINUOUS
10
0.7255266929133858
20
0.0622755118110236
11
0.7250857874015748
21
0.0612111023622047
0
LINE
8
BLACK
6
CONTINUOUS
10
0.7250857874015748
20
0.0612111023622047
11
0.7242711417322835
21
0.0603964566929134
0
LINE
8
BLACK
6
CONTINUOUS
10
0.7242711417322835
20
0.0603964566929134
11
0.7232067322834645
21
0.0599555511811024
0
LINE
8
BLACK
6
CONTINUOUS
10
0.7232067322834645
20
0.0599555511811024
11
0.696383937007874
21
0.0598988188976378
0
LINE
8
BLACK
6
CONTINUOUS
10
0.696383937007874
20
0.0598988188976378
11
0.6958078740157481
21
0.0599555511811024
0
LINE
8
BLACK
6
CONTINUOUS
10
0.6958078740157481
20
0.0599555511811024
11
0.6947434645669291
21
0.0603964566929134
0
LINE
8
BLACK
6
CONTINUOUS
10
0.6947434645669291
20
0.0603964566929134
11
0.6939288188976378
21
0.0612111023622047
0
LINE
8
BLACK
6
CONTINUOUS
10
0.6939288188976378
20
0.0612111023622047
11
0.6934879133858267
21
0.0622755118110236
0
LINE
8
BLACK
6
CONTINUOUS
10
0.6934879133858267
20
0.0622755118110236
11
0.6934879133858267
21
0.0634276377952756
0
LINE
8
BLACK
6
CONTINUOUS
10
0.6934879133858267
20
0.0634276377952756
11
0.6939288188976378
21
0.0644920472440945
0
LINE
8
BLACK
6
CONTINUOUS
10
0.6939288188976378
20
0.0644920472440945
11
0.6947113779527558
21
0.0652746456692913
0
LINE
8
BLACK
6
CONTINUOUS
10
0.6947113779527558
20
0.0652746456692913
11
0.6937429133858267
21
0.0671553543307087
0
LINE
8
BLACK
6
CONTINUOUS
10
0.6937429133858267
20
0.0671553543307087
11
0.6935360236220472
21
0.0676959842519685
0
LINE
8
BLACK
6
CONTINUOUS
10
0.6935360236220472
20
0.0676959842519685
11
0.6935285039370078
21
0.0678018110236221
0
LINE
8
BLACK
6
CONTINUOUS
10
0.6935285039370078
20
0.0678018110236221
11
0.6934879133858267
21
0.0678998031496063
0
LINE
8
BLACK
6
CONTINUOUS
10
0.6934879133858267
20
0.0678998031496063
11
0.6934829133858268
21
0.0684430708661417
0
LINE
8
BLACK
6
CONTINUOUS
10
0.6934829133858268
20
0.0684430708661417
11
0.6934543700787401
21
0.0688451968503937
0
LINE
8
BLACK
6
CONTINUOUS
10
0.6934543700787401
20
0.0688451968503937
11
0.6934785826771653
21
0.0689179133858268
0
LINE
8
BLACK
6
CONTINUOUS
10
0.6934785826771653
20
0.0689179133858268
11
0.6934311811023622
21
0.074100157480315
0
LINE
8
BLACK
6
CONTINUOUS
10
0.6934311811023622
20
0.074100157480315
11
0.6934879133858267
21
0.0746762204724409
0
LINE
8
BLACK
6
CONTINUOUS
10
0.6934879133858267
20
0.0746762204724409
11
0.6935285039370078
21
0.0747742519685039
0
LINE
8
BLACK
6
CONTINUOUS
10
0.6935285039370078
20
0.0747742519685039
11
0.6935360236220472
21
0.0748800393700787
0
LINE
8
BLACK
6
CONTINUOUS
10
0.6935360236220472
20
0.0748800393700787
11
0.6937842125984252
21
0.0753916141732283
0
LINE
8
BLACK
6
CONTINUOUS
10
0.6937842125984252
20
0.0753916141732283
11
0.6939288188976378
21
0.0757406299212598
0
LINE
8
BLACK
6
CONTINUOUS
10
0.6939288188976378
20
0.0757406299212598
11
0.6939769291338582
21
0.0757887795275591
0
LINE
8
BLACK
6
CONTINUOUS
10
0.6939769291338582
20
0.0757887795275591
11
0.6956176771653543
21
0.0791701968503937
0
LINE
8
BLACK
6
CONTINUOUS
10
0.6956176771653543
20
0.0791701968503937
11
0.6956783070866142
21
0.0792665748031496
0
LINE
8
BLACK
6
CONTINUOUS
10
0.6956783070866142
20
0.0792665748031496
11
0.6956934645669292
21
0.079311968503937
0
LINE
8
BLACK
6
CONTINUOUS
10
0.6956934645669292
20
0.079311968503937
11
0.6957424803149607
21
0.0793685433070866
0
LINE
8
BLACK
6
CONTINUOUS
10
0.6957424803149607
20
0.0793685433070866
11
0.6959260236220473
21
0.0796600787401575
0
LINE
8
BLACK
6
CONTINUOUS
10
0.6959260236220473
20
0.0796600787401575
11
0.6960002362204725
21
0.0797244488188976
0
LINE
8
BLACK
6
CONTINUOUS
10
0.6960002362204725
20
0.0797244488188976
11
0.6959260236220473
21
0.0797888188976378
0
LINE
8
BLACK
6
CONTINUOUS
10
0.6959260236220473
20
0.0797888188976378
11
0.6958246456692914
21
0.0799856692913386
0
LINE
8
BLACK
6
CONTINUOUS
10
0.6958246456692914
20
0.0799856692913386
11
0.6956934645669292
21
0.0801369291338583
0
LINE
8
BLACK
6
CONTINUOUS
10
0.6956934645669292
20
0.0801369291338583
11
0.6955956299212598
21
0.0804304330708661
0
LINE
8
BLACK
6
CONTINUOUS
10
0.6955956299212598
20
0.0804304330708661
11
0.6937429133858267
21
0.0840282283464567
0
LINE
8
BLACK
6
CONTINUOUS
10
0.6937429133858267
20
0.0840282283464567
11
0.6935360236220472
21
0.0845688582677165
0
LINE
8
BLACK
6
CONTINUOUS
10
0.6935360236220472
20
0.0845688582677165
11
0.6935285039370078
21
0.0846746850393701
0
LINE
8
BLACK
6
CONTINUOUS
10
0.6935285039370078
20
0.0846746850393701
11
0.6934879133858267
21
0.0847726771653543
0
LINE
8
BLACK
6
CONTINUOUS
10
0.6934879133858267
20
0.0847726771653543
11
0.6934829133858268
21
0.0853159448818898
0
LINE
8
BLACK
6
CONTINUOUS
10
0.6934829133858268
20
0.0853159448818898
11
0.6934543700787401
21
0.0857180708661417
0
LINE
8
BLACK
6
CONTINUOUS
10
0.6934543700787401
20
0.0857180708661417
11
0.6934785826771653
21
0.0857907874015748
0
LINE
8
BLACK
6
CONTINUOUS
10
0.6934785826771653
20
0.0857907874015748
11
0.6934311811023622
21
0.090973031496063
0
LINE
8
BLACK
6
CONTINUOUS
10
0.6934311811023622
20
0.090973031496063
11
0.6934879133858267
21
0.091549094488189
0
LINE
8
BLACK
6
CONTINUOUS
10
0.6934879133858267
20
0.091549094488189
11
0.6935285039370078
21
0.091647125984252
0
LINE
8
BLACK
6
CONTINUOUS
10
0.6935285039370078
20
0.091647125984252
11
0.6935360236220472
21
0.0917529133858268
0
LINE
8
BLACK
6
CONTINUOUS
10
0.6935360236220472
20
0.0917529133858268
11
0.6937842519685039
21
0.0922645275590551
0
LINE
8
BLACK
6
CONTINUOUS
10
0.6937842519685039
20
0.0922645275590551
11
0.6939288188976378
21
0.0926135039370079
0
LINE
8
BLACK
6
CONTINUOUS
10
0.6939288188976378
20
0.0926135039370079
11
0.6939769291338582
21
0.0926616535433071
0
LINE
8
BLACK
6
CONTINUOUS
10
0.6939769291338582
20
0.0926616535433071
11
0.6956176771653543
21
0.0960431102362205
0
LINE
8
BLACK
6
CONTINUOUS
10
0.6956176771653543
20
0.0960431102362205
11
0.6956783070866142
21
0.0961394488188976
0
LINE
8
BLACK
6
CONTINUOUS
10
0.6956783070866142
20
0.0961394488188976
11
0.6956934645669292
21
0.0961848818897638
0
LINE
8
BLACK
6
CONTINUOUS
10
0.6956934645669292
20
0.0961848818897638
11
0.6957425196850393
21
0.0962414960629921
0
LINE
8
BLACK
6
CONTINUOUS
10
0.6957425196850393
20
0.0962414960629921
11
0.6959260236220473
21
0.0965329527559055
0
LINE
8
BLACK
6
CONTINUOUS
10
0.6959260236220473
20
0.0965329527559055
11
0.6962056299212598
21
0.0967754724409449
0
LINE
8
BLACK
6
CONTINUOUS
10
0.6962056299212598
20
0.0967754724409449
11
0.6964483070866142
21
0.0970552755905512
0
LINE
8
BLACK
6
CONTINUOUS
10
0.6964483070866142
20
0.0970552755905512
11
0.6966451181102362
21
0.0971566535433071
0
LINE
8
BLACK
6
CONTINUOUS
10
0.6966451181102362
20
0.0971566535433071
11
0.6967964173228346
21
0.0972878346456693
0
LINE
8
BLACK
6
CONTINUOUS
10
0.6967964173228346
20
0.0972878346456693
11
0.6970898818897637
21
0.0973856692913386
0
LINE
8
BLACK
6
CONTINUOUS
10
0.6970898818897637
20
0.0973856692913386
11
0.700687716535433
21
0.0992383858267716
0
LINE
8
BLACK
6
CONTINUOUS
10
0.700687716535433
20
0.0992383858267716
11
0.7012283070866142
21
0.0994452755905512
0
LINE
8
BLACK
6
CONTINUOUS
10
0.7012283070866142
20
0.0994452755905512
11
0.7013341732283465
21
0.0994528346456693
0
LINE
8
BLACK
6
CONTINUOUS
10
0.7013341732283465
20
0.0994528346456693
11
0.7014321653543307
21
0.0994933858267717
0
LINE
8
BLACK
6
CONTINUOUS
10
0.7014321653543307
20
0.0994933858267717
11
0.701923937007874
21
0.0994947244094488
0
LINE
8
BLACK
6
CONTINUOUS
10
0.701923937007874
20
0.0994947244094488
11
0.7023775196850394
21
0.0995269291338583
0
LINE
8
BLACK
6
CONTINUOUS
10
0.7023775196850394
20
0.0995269291338583
11
0.7024698031496063
21
0.0994961811023622
0
LINE
8
BLACK
6
CONTINUOUS
10
0.7024698031496063
20
0.0994961811023622
11
0.7226306692913386
21
0.0995501181102362
0
LINE
8
BLACK
6
CONTINUOUS
10
0.7226306692913386
20
0.0995501181102362
11
0.7232067322834645
21
0.0994933858267717
0
LINE
8
BLACK
6
CONTINUOUS
10
-1.0008346456692914
20
0.1060784645669291
11
-1.0007916141732283
21
0.106084842519685
0
LINE
8
BLACK
6
CONTINUOUS
10
-1.0007916141732283
20
0.106084842519685
11
-1.0007179527559056
21
0.106066968503937
0
LINE
8
BLACK
6
CONTINUOUS
10
-1.0007179527559056
20
0.106066968503937
11
-1.000359094488189
21
0.1060316141732283
0
LINE
8
BLACK
6
CONTINUOUS
10
-1.000359094488189
20
0.1060316141732283
11
-1.0000572047244094
21
0.1059065748031496
0
LINE
8
BLACK
6
CONTINUOUS
10
-1.0000572047244094
20
0.1059065748031496
11
-0.9927199606299212
21
0.1041254330708661
0
LINE
8
BLACK
6
CONTINUOUS
10
-0.9927199606299212
20
0.1041254330708661
11
-0.9923805118110236
21
0.1040041732283465
0
LINE
8
BLACK
6
CONTINUOUS
10
-0.9923805118110236
20
0.1040041732283465
11
-0.9923089763779527
21
0.10399
0
LINE
8
BLACK
6
CONTINUOUS
10
-0.9923089763779527
20
0.10399
11
-0.9922707480314961
21
0.1039649606299213
0
LINE
8
BLACK
6
CONTINUOUS
10
-0.9922707480314961
20
0.1039649606299213
11
-0.992174842519685
21
0.1039306692913386
0
LINE
8
BLACK
6
CONTINUOUS
10
-0.992174842519685
20
0.1039306692913386
11
-0.9918400787401574
21
0.1036826377952756
0
LINE
8
BLACK
6
CONTINUOUS
10
-0.9918400787401574
20
0.1036826377952756
11
-0.9861738976377953
21
0.0999681496062992
0
LINE
8
BLACK
6
CONTINUOUS
10
-0.9861738976377953
20
0.0999681496062992
11
-0.9861723228346456
21
0.0999668503937008
0
LINE
8
BLACK
6
CONTINUOUS
10
-0.9861723228346456
20
0.0999668503937008
11
-0.9861713779527559
21
0.0999664566929134
0
LINE
8
BLACK
6
CONTINUOUS
10
-0.9861713779527559
20
0.0999664566929134
11
-0.9861688582677165
21
0.0999640157480315
0
LINE
8
BLACK
6
CONTINUOUS
10
-0.9861688582677165
20
0.0999640157480315
11
-0.985726062992126
21
0.0996013779527559
0
LINE
8
BLACK
6
CONTINUOUS
10
-0.985726062992126
20
0.0996013779527559
11
-0.9856032283464566
21
0.0994179527559055
0
LINE
8
BLACK
6
CONTINUOUS
10
-0.9856032283464566
20
0.0994179527559055
11
-0.9838491338582677
21
0.0977244881889764
0
LINE
8
BLACK
6
CONTINUOUS
10
-0.9838491338582677
20
0.0977244881889764
11
-0.9836633858267716
21
0.0974981496062992
0
LINE
8
BLACK
6
CONTINUOUS
10
-0.9836633858267716
20
0.0974981496062992
11
-0.9836043307086614
21
0.0974469291338583
0
LINE
8
BLACK
6
CONTINUOUS
10
-0.9836043307086614
20
0.0974469291338583
11
-0.9835757086614173
21
0.0973912992125984
0
LINE
8
BLACK
6
CONTINUOUS
10
-0.9835757086614173
20
0.0973912992125984
11
-0.9834818897637795
21
0.0972770078740157
0
LINE
8
BLACK
6
CONTINUOUS
10
-0.9834818897637795
20
0.0972770078740157
11
-0.9833382283464567
21
0.096930157480315
0
LINE
8
BLACK
6
CONTINUOUS
10
-0.9833382283464567
20
0.096930157480315
11
-0.981421220472441
21
0.0932075196850394
0
LINE
8
BLACK
6
CONTINUOUS
10
-0.981421220472441
20
0.0932075196850394
11
-0.9812143307086614
21
0.0926669291338583
0
LINE
8
BLACK
6
CONTINUOUS
10
-0.9812143307086614
20
0.0926669291338583
11
-0.9812068110236221
21
0.092561062992126
0
LINE
8
BLACK
6
CONTINUOUS
10
-0.9812068110236221
20
0.092561062992126
11
-0.981166220472441
21
0.0924630708661417
0
LINE
8
BLACK
6
CONTINUOUS
10
-0.981166220472441
20
0.0924630708661417
11
-0.9811625590551181
21
0.0919379133858268
0
LINE
8
BLACK
6
CONTINUOUS
10
-0.9811625590551181
20
0.0919379133858268
11
-0.9811326771653543
21
0.0915177165354331
0
LINE
8
BLACK
6
CONTINUOUS
10
-0.9811326771653543
20
0.0915177165354331
11
-0.9811590551181102
21
0.0914387007874016
0
LINE
8
BLACK
6
CONTINUOUS
10
-0.9811590551181102
20
0.0914387007874016
11
-0.9811094881889764
21
0.0843879527559055
0
LINE
8
BLACK
6
CONTINUOUS
10
-0.9811094881889764
20
0.0843879527559055
11
-0.981166220472441
21
0.0838118897637795
0
LINE
8
BLACK
6
CONTINUOUS
10
-0.981166220472441
20
0.0838118897637795
11
-0.9816071259842519
21
0.0827474803149606
0
LINE
8
BLACK
6
CONTINUOUS
10
-0.9816071259842519
20
0.0827474803149606
11
-0.9824217716535433
21
0.0819328346456693
0
LINE
8
BLACK
6
CONTINUOUS
10
-0.9824217716535433
20
0.0819328346456693
11
-0.9834861811023622
21
0.0814919291338583
0
LINE
8
BLACK
6
CONTINUOUS
10
-0.9834861811023622
20
0.0814919291338583
11
-0.9846383070866142
21
0.0814919291338583
0
LINE
8
BLACK
6
CONTINUOUS
10
-0.9846383070866142
20
0.0814919291338583
11
-0.9857027165354331
21
0.0819328346456693
0
LINE
8
BLACK
6
CONTINUOUS
10
-0.9857027165354331
20
0.0819328346456693
11
-0.9865173622047244
21
0.0827474803149606
0
LINE
8
BLACK
6
CONTINUOUS
10
-0.9865173622047244
20
0.0827474803149606
11
-0.9869582677165354
21
0.0838118897637795
0
LINE
8
BLACK
6
CONTINUOUS
10
-0.9869582677165354
20
0.0838118897637795
11
-0.9870107086614173
21
0.0912724015748032
0
LINE
8
BLACK
6
CONTINUOUS
10
-0.9870107086614173
20
0.0912724015748032
11
-0.9884053543307086
21
0.0939806692913386
0
LINE
8
BLACK
6
CONTINUOUS
10
-0.9884053543307086
20
0.0939806692913386
11
-0.9898629921259843
21
0.0953879133858268
0
LINE
8
BLACK
6
CONTINUOUS
10
-0.9898629921259843
20
0.0953879133858268
11
-0.9947599606299212
21
0.0985981102362205
0
LINE
8
BLACK
6
CONTINUOUS
10
-0.9947599606299212
20
0.0985981102362205
11
-0.9976222440944882
21
0.0992929527559055
0
LINE
8
BLACK
6
CONTINUOUS
10
-0.9976222440944882
20
0.0992929527559055
11
-0.9964193700787402
21
0.0969570472440945
0
LINE
8
BLACK
6
CONTINUOUS
10
-0.9964193700787402
20
0.0969570472440945
11
-0.9962124803149606
21
0.0964164566929134
0
LINE
8
BLACK
6
CONTINUOUS
10
-0.9962124803149606
20
0.0964164566929134
11
-0.9962049606299213
21
0.0963105905511811
0
LINE
8
BLACK
6
CONTINUOUS
10
-0.9962049606299213
20
0.0963105905511811
11
-0.9961643700787401
21
0.0962125984251968
0
LINE
8
BLACK
6
CONTINUOUS
10
-0.9961643700787401
20
0.0962125984251968
11
-0.9961607086614173
21
0.0956874409448819
0
LINE
8
BLACK
6
CONTINUOUS
10
-0.9961607086614173
20
0.0956874409448819
11
-0.9961308267716535
21
0.0952672440944882
0
LINE
8
BLACK
6
CONTINUOUS
10
-0.9961308267716535
20
0.0952672440944882
11
-0.9961572047244094
21
0.0951882283464567
0
LINE
8
BLACK
6
CONTINUOUS
10
-0.9961572047244094
20
0.0951882283464567
11
-0.9961076377952756
21
0.0881374803149606
0
LINE
8
BLACK
6
CONTINUOUS
10
-0.9961076377952756
20
0.0881374803149606
11
-0.9961643700787401
21
0.0875614173228347
0
LINE
8
BLACK
6
CONTINUOUS
10
-0.9961643700787401
20
0.0875614173228347
11
-0.9962049606299213
21
0.0874634645669291
0
LINE
8
BLACK
6
CONTINUOUS
10
-0.9962049606299213
20
0.0874634645669291
11
-0.9962124803149606
21
0.0873575590551181
0
LINE
8
BLACK
6
CONTINUOUS
10
-0.9962124803149606
20
0.0873575590551181
11
-0.9964608267716535
21
0.0868458267716535
0
LINE
8
BLACK
6
CONTINUOUS
10
-0.9964608267716535
20
0.0868458267716535
11
-0.9966052755905511
21
0.0864970078740157
0
LINE
8
BLACK
6
CONTINUOUS
10
-0.9966052755905511
20
0.0864970078740157
11
-0.9966533858267717
21
0.086448937007874
0
LINE
8
BLACK
6
CONTINUOUS
10
-0.9966533858267717
20
0.086448937007874
11
-0.9982941338582677
21
0.0830674409448819
0
LINE
8
BLACK
6
CONTINUOUS
10
-0.9982941338582677
20
0.0830674409448819
11
-0.9984502362204725
21
0.0828194488188976
0
LINE
8
BLACK
6
CONTINUOUS
10
-0.9984502362204725
20
0.0828194488188976
11
-0.9984800393700787
21
0.0827474803149606
0
LINE
8
BLACK
6
CONTINUOUS
10
-0.9984800393700787
20
0.0827474803149606
11
-0.9985245669291338
21
0.0827014173228346
0
LINE
8
BLACK
6
CONTINUOUS
10
-0.9985245669291338
20
0.0827014173228346
11
-0.9986024803149606
21
0.0825775590551181
0
LINE
8
BLACK
6
CONTINUOUS
10
-0.9986024803149606
20
0.0825775590551181
11
-0.9988581889763779
21
0.0823558267716535
0
LINE
8
BLACK
6
CONTINUOUS
10
-0.9988581889763779
20
0.0823558267716535
11
-1.0007220078740158
21
0.0804252755905512
0
LINE
8
BLACK
6
CONTINUOUS
10
-1.0007220078740158
20
0.0804252755905512
11
-1.0009483858267716
21
0.0802395275590551
0
LINE
8
BLACK
6
CONTINUOUS
10
-1.0009483858267716
20
0.0802395275590551
11
-1.0009995275590551
21
0.0801805118110236
0
LINE
8
BLACK
6
CONTINUOUS
10
-1.0009995275590551
20
0.0801805118110236
11
-1.0010551968503936
21
0.0801518897637795
0
LINE
8
BLACK
6
CONTINUOUS
10
-1.0010551968503936
20
0.0801518897637795
11
-1.0011694488188976
21
0.0800580708661417
0
LINE
8
BLACK
6
CONTINUOUS
10
-1.0011694488188976
20
0.0800580708661417
11
-1.0015162598425196
21
0.0799144488188976
0
LINE
8
BLACK
6
CONTINUOUS
10
-1.0015162598425196
20
0.0799144488188976
11
-1.005238937007874
21
0.0779974015748031
0
LINE
8
BLACK
6
CONTINUOUS
10
-1.005238937007874
20
0.0779974015748031
11
-1.0057795669291338
21
0.0777905118110236
0
LINE
8
BLACK
6
CONTINUOUS
10
-1.0057795669291338
20
0.0777905118110236
11
-1.0058853937007874
21
0.077783031496063
0
LINE
8
BLACK
6
CONTINUOUS
10
-1.0058853937007874
20
0.077783031496063
11
-1.0059833858267717
21
0.0777424015748032
0
LINE
8
BLACK
6
CONTINUOUS
10
-1.0059833858267717
20
0.0777424015748032
11
-1.0064979921259842
21
0.0777394881889764
0
LINE
8
BLACK
6
CONTINUOUS
10
-1.0064979921259842
20
0.0777394881889764
11
-1.006928779527559
21
0.0777088582677165
0
LINE
8
BLACK
6
CONTINUOUS
10
-1.006928779527559
20
0.0777088582677165
11
-1.0070118503937007
21
0.0777365748031496
0
LINE
8
BLACK
6
CONTINUOUS
10
-1.0070118503937007
20
0.0777365748031496
11
-1.0159332677165354
21
0.0776856692913386
0
LINE
8
BLACK
6
CONTINUOUS
10
-1.0159332677165354
20
0.0776856692913386
11
-1.0165093307086615
21
0.0777424015748032
0
LINE
8
BLACK
6
CONTINUOUS
10
-1.0165093307086615
20
0.0777424015748032
11
-1.0166073228346457
21
0.0777829921259842
0
LINE
8
BLACK
6
CONTINUOUS
10
-1.0166073228346457
20
0.0777829921259842
11
-1.0167131889763779
21
0.0777905118110236
0
LINE
8
BLACK
6
CONTINUOUS
10
-1.0167131889763779
20
0.0777905118110236
11
-1.0172249606299213
21
0.0780388582677165
0
LINE
8
BLACK
6
CONTINUOUS
10
-1.0172249606299213
20
0.0780388582677165
11
-1.0175737401574803
21
0.0781833070866142
0
LINE
8
BLACK
6
CONTINUOUS
10
-1.0175737401574803
20
0.0781833070866142
11
-1.0176218503937007
21
0.0782314173228346
0
LINE
8
BLACK
6
CONTINUOUS
10
-1.0176218503937007
20
0.0782314173228346
11
-1.0210033070866142
21
0.0798721653543307
0
LINE
8
BLACK
6
CONTINUOUS
10
-1.0210033070866142
20
0.0798721653543307
11
-1.0212513385826771
21
0.0800282677165354
0
LINE
8
BLACK
6
CONTINUOUS
10
-1.0212513385826771
20
0.0800282677165354
11
-1.0213232677165354
21
0.0800580708661417
0
LINE
8
BLACK
6
CONTINUOUS
10
-1.0213232677165354
20
0.0800580708661417
11
-1.0213693700787401
21
0.0801025984251968
0
LINE
8
BLACK
6
CONTINUOUS
10
-1.0213693700787401
20
0.0801025984251968
11
-1.0214931889763779
21
0.0801805118110236
0
LINE
8
BLACK
6
CONTINUOUS
10
-1.0214931889763779
20
0.0801805118110236
11
-1.0217149606299212
21
0.0804362204724409
0
LINE
8
BLACK
6
CONTINUOUS
10
-1.0217149606299212
20
0.0804362204724409
11
-1.0236454724409449
21
0.0823000393700787
0
LINE
8
BLACK
6
CONTINUOUS
10
-1.0236454724409449
20
0.0823000393700787
11
-1.0238312598425197
21
0.0825264173228346
0
LINE
8
BLACK
6
CONTINUOUS
10
-1.0238312598425197
20
0.0825264173228346
11
-1.0238902362204725
21
0.0825775590551181
0
LINE
8
BLACK
6
CONTINUOUS
10
-1.0238902362204725
20
0.0825775590551181
11
-1.0239188976377953
21
0.0826332283464567
0
LINE
8
BLACK
6
CONTINUOUS
10
-1.0239188976377953
20
0.0826332283464567
11
-1.0240126771653544
21
0.0827474803149606
0
LINE
8
BLACK
6
CONTINUOUS
10
-1.0240126771653544
20
0.0827474803149606
11
-1.0241563385826771
21
0.0830942913385827
0
LINE
8
BLACK
6
CONTINUOUS
10
-1.0241563385826771
20
0.0830942913385827
11
-1.0260733464566929
21
0.086816968503937
0
LINE
8
BLACK
6
CONTINUOUS
10
-1.0260733464566929
20
0.086816968503937
11
-1.0262802362204724
21
0.0873575984251968
0
LINE
8
BLACK
6
CONTINUOUS
10
-1.0262802362204724
20
0.0873575984251968
11
-1.0262877559055117
21
0.0874634251968504
0
LINE
8
BLACK
6
CONTINUOUS
10
-1.0262877559055117
20
0.0874634251968504
11
-1.0263283464566928
21
0.0875614173228347
0
LINE
8
BLACK
6
CONTINUOUS
10
-1.0263283464566928
20
0.0875614173228347
11
-1.0263320472440944
21
0.0880866535433071
0
LINE
8
BLACK
6
CONTINUOUS
10
-1.0263320472440944
20
0.0880866535433071
11
-1.0263618897637794
21
0.088506811023622
0
LINE
8
BLACK
6
CONTINUOUS
10
-1.0263618897637794
20
0.088506811023622
11
-1.0263355511811023
21
0.0885858661417323
0
LINE
8
BLACK
6
CONTINUOUS
10
-1.0263355511811023
20
0.0885858661417323
11
-1.0263850787401574
21
0.0956365354330709
0
LINE
8
BLACK
6
CONTINUOUS
10
-1.0263850787401574
20
0.0956365354330709
11
-1.0263283464566928
21
0.0962125984251968
0
LINE
8
BLACK
6
CONTINUOUS
10
-1.0263283464566928
20
0.0962125984251968
11
-1.0262877559055117
21
0.0963106299212598
0
LINE
8
BLACK
6
CONTINUOUS
10
-1.0262877559055117
20
0.0963106299212598
11
-1.0262802362204724
21
0.0964164173228346
0
LINE
8
BLACK
6
CONTINUOUS
10
-1.0262802362204724
20
0.0964164173228346
11
-1.0260320472440945
21
0.0969279921259843
0
LINE
8
BLACK
6
CONTINUOUS
10
-1.0260320472440945
20
0.0969279921259843
11
-1.0258874409448819
21
0.0972770078740157
0
LINE
8
BLACK
6
CONTINUOUS
10
-1.0258874409448819
20
0.0972770078740157
11
-1.0258393307086613
21
0.097325157480315
0
LINE
8
BLACK
6
CONTINUOUS
10
-1.0258393307086613
20
0.097325157480315
11
-1.0241985826771653
21
0.1007065748031496
0
LINE
8
BLACK
6
CONTINUOUS
10
-1.0241985826771653
20
0.1007065748031496
11
-1.0240425196850393
21
0.1009546062992126
0
LINE
8
BLACK
6
CONTINUOUS
10
-1.0240425196850393
20
0.1009546062992126
11
-1.0240126771653544
21
0.1010265354330709
0
LINE
8
BLACK
6
CONTINUOUS
10
-1.0240126771653544
20
0.1010265354330709
11
-1.0239681889763779
21
0.1010726377952756
0
LINE
8
BLACK
6
CONTINUOUS
10
-1.0239681889763779
20
0.1010726377952756
11
-1.0238902362204725
21
0.1011964566929134
0
LINE
8
BLACK
6
CONTINUOUS
10
-1.0238902362204725
20
0.1011964566929134
11
-1.0236345669291338
21
0.1014182283464567
0
LINE
8
BLACK
6
CONTINUOUS
10
-1.0236345669291338
20
0.1014182283464567
11
-1.0217707086614174
21
0.1033487401574803
0
LINE
8
BLACK
6
CONTINUOUS
10
-1.0217707086614174
20
0.1033487401574803
11
-1.0215443700787401
21
0.1035345275590551
0
LINE
8
BLACK
6
CONTINUOUS
10
-1.0215443700787401
20
0.1035345275590551
11
-1.0214931889763779
21
0.1035935039370079
0
LINE
8
BLACK
6
CONTINUOUS
10
-1.0214931889763779
20
0.1035935039370079
11
-1.0214375590551181
21
0.1036221653543307
0
LINE
8
BLACK
6
CONTINUOUS
10
-1.0214375590551181
20
0.1036221653543307
11
-1.0213232677165354
21
0.1037159448818898
0
LINE
8
BLACK
6
CONTINUOUS
10
-1.0213232677165354
20
0.1037159448818898
11
-1.0209764173228346
21
0.1038596456692913
0
LINE
8
BLACK
6
CONTINUOUS
10
-1.0209764173228346
20
0.1038596456692913
11
-1.0172537795275591
21
0.1057766141732283
0
LINE
8
BLACK
6
CONTINUOUS
10
-1.0172537795275591
20
0.1057766141732283
11
-1.0167131889763779
21
0.1059835039370079
0
LINE
8
BLACK
6
CONTINUOUS
10
-1.0167131889763779
20
0.1059835039370079
11
-1.0166073228346457
21
0.105991062992126
0
LINE
8
BLACK
6
CONTINUOUS
10
-1.0166073228346457
20
0.105991062992126
11
-1.0165093307086615
21
0.1060316141732283
0
LINE
8
BLACK
6
CONTINUOUS
10
-1.0165093307086615
20
0.1060316141732283
11
-1.0160105118110236
21
0.1060334645669291
0
LINE
8
BLACK
6
CONTINUOUS
10
-1.0160105118110236
20
0.1060334645669291
11
-1.0155639763779527
21
0.106065157480315
0
LINE
8
BLACK
6
CONTINUOUS
10
-1.0155639763779527
20
0.106065157480315
11
-1.0154746850393701
21
0.1060353937007874
0
LINE
8
BLACK
6
CONTINUOUS
10
-1.0154746850393701
20
0.1060353937007874
11
-1.0009351574803149
21
0.1060883464566929
0
LINE
8
BLACK
6
CONTINUOUS
10
-1.0009351574803149
20
0.1060883464566929
11
-1.0008346456692914
21
0.1060784645669291
0
LINE
8
BLACK
6
CONTINUOUS
10
-1.015322716535433
20
0.1001850787401575
11
-1.0180269685039369
21
0.0987925196850394
0
LINE
8
BLACK
6
CONTINUOUS
10
-1.0180269685039369
20
0.0987925196850394
11
-1.0192176771653543
21
0.0975591732283465
0
LINE
8
BLACK
6
CONTINUOUS
10
-1.0192176771653543
20
0.0975591732283465
11
-1.0205268110236221
21
0.0948611417322835
0
LINE
8
BLACK
6
CONTINUOUS
10
-1.0205268110236221
20
0.0948611417322835
11
-1.0204838976377952
21
0.088752125984252
0
LINE
8
BLACK
6
CONTINUOUS
10
-1.0204838976377952
20
0.088752125984252
11
-1.019089251968504
21
0.0860438188976378
0
LINE
8
BLACK
6
CONTINUOUS
10
-1.019089251968504
20
0.0860438188976378
11
-1.0178558661417323
21
0.0848530708661417
0
LINE
8
BLACK
6
CONTINUOUS
10
-1.0178558661417323
20
0.0848530708661417
11
-1.015154251968504
21
0.0835422047244094
0
LINE
8
BLACK
6
CONTINUOUS
10
-1.015154251968504
20
0.0835422047244094
11
-1.0071725196850394
21
0.0835877165354331
0
LINE
8
BLACK
6
CONTINUOUS
10
-1.0071725196850394
20
0.0835877165354331
11
-1.0044657874015748
21
0.0849815354330709
0
LINE
8
BLACK
6
CONTINUOUS
10
-1.0044657874015748
20
0.0849815354330709
11
-1.0032750393700787
21
0.0862149212598425
0
LINE
8
BLACK
6
CONTINUOUS
10
-1.0032750393700787
20
0.0862149212598425
11
-1.0019659448818898
21
0.0889129133858268
0
LINE
8
BLACK
6
CONTINUOUS
10
-1.0019659448818898
20
0.0889129133858268
11
-1.0020088582677165
21
0.0950219291338583
0
LINE
8
BLACK
6
CONTINUOUS
10
-1.0020088582677165
20
0.0950219291338583
11
-1.0034035039370079
21
0.0977302362204724
0
LINE
8
BLACK
6
CONTINUOUS
10
-1.0034035039370079
20
0.0977302362204724
11
-1.0046368503937009
21
0.0989209448818898
0
LINE
8
BLACK
6
CONTINUOUS
10
-1.0046368503937009
20
0.0989209448818898
11
-1.0073023228346456
21
0.1002142913385827
0
LINE
8
BLACK
6
CONTINUOUS
10
-1.0073023228346456
20
0.1002142913385827
11
-1.015322716535433
21
0.1001850787401575
0
LINE
8
BLACK
6
CONTINUOUS
10
-0.9842966141732283
20
0.1243384251968504
11
-0.9842965354330708
21
0.1243383858267716
0
LINE
8
BLACK
6
CONTINUOUS
10
-0.9842965354330708
20
0.1243383858267716
11
-0.9819743307086614
21
0.1220964173228346
0
LINE
8
BLACK
6
CONTINUOUS
10
-0.9819743307086614
20
0.1220964173228346
11
-0.9816071259842519
21
0.1216489763779528
0
LINE
8
BLACK
6
CONTINUOUS
10
-0.9816071259842519
20
0.1216489763779528
11
-0.9814655511811023
21
0.1213072047244095
0
LINE
8
BLACK
6
CONTINUOUS
10
-0.9814655511811023
20
0.1213072047244095
11
-0.981166220472441
21
0.1205845275590551
0
LINE
8
BLACK
6
CONTINUOUS
10
-0.981166220472441
20
0.1205845275590551
11
-0.981166220472441
21
0.1194324409448819
0
LINE
8
BLACK
6
CONTINUOUS
10
-0.981166220472441
20
0.1194324409448819
11
-0.9816071259842519
21
0.118368031496063
0
LINE
8
BLACK
6
CONTINUOUS
10
-0.9816071259842519
20
0.118368031496063
11
-0.9838490944881889
21
0.1160458267716535
0
LINE
8
BLACK
6
CONTINUOUS
10
-0.9838490944881889
20
0.1160458267716535
11
-0.9842965354330708
21
0.1156786220472441
0
LINE
8
BLACK
6
CONTINUOUS
10
-0.9842965354330708
20
0.1156786220472441
11
-0.9853609448818897
21
0.1152377165354331
0
LINE
8
BLACK
6
CONTINUOUS
10
-0.9853609448818897
20
0.1152377165354331
11
-0.986513031496063
21
0.1152377165354331
0
LINE
8
BLACK
6
CONTINUOUS
10
-0.986513031496063
20
0.1152377165354331
11
-0.9875774409448819
21
0.1156785826771654
0
LINE
8
BLACK
6
CONTINUOUS
10
-0.9875774409448819
20
0.1156785826771654
11
-0.9898996850393701
21
0.1179205511811024
0
LINE
8
BLACK
6
CONTINUOUS
10
-0.9898996850393701
20
0.1179205511811024
11
-0.9902669291338583
21
0.118368031496063
0
LINE
8
BLACK
6
CONTINUOUS
10
-0.9902669291338583
20
0.118368031496063
11
-0.990266968503937
21
0.1183680708661417
0
LINE
8
BLACK
6
CONTINUOUS
10
-0.990266968503937
20
0.1183680708661417
11
-0.9907078346456692
21
0.1194324803149606
0
LINE
8
BLACK
6
CONTINUOUS
10
-0.9907078346456692
20
0.1194324803149606
11
-0.9907078346456692
21
0.1205845669291339
0
LINE
8
BLACK
6
CONTINUOUS
10
-0.9907078346456692
20
0.1205845669291339
11
-0.9904085039370079
21
0.1213072047244095
0
LINE
8
BLACK
6
CONTINUOUS
10
-0.9904085039370079
20
0.1213072047244095
11
-0.990266968503937
21
0.121648937007874
0
LINE
8
BLACK
6
CONTINUOUS
10
-0.990266968503937
20
0.121648937007874
11
-0.9902669291338583
21
0.1216489763779528
0
LINE
8
BLACK
6
CONTINUOUS
10
-0.9902669291338583
20
0.1216489763779528
11
-0.9880249212598425
21
0.1239711811023622
0
LINE
8
BLACK
6
CONTINUOUS
10
-0.9880249212598425
20
0.1239711811023622
11
-0.9875774409448819
21
0.1243384251968504
0
LINE
8
BLACK
6
CONTINUOUS
10
-0.9875774409448819
20
0.1243384251968504
11
-0.986513031496063
21
0.1247792913385827
0
LINE
8
BLACK
6
CONTINUOUS
10
-0.986513031496063
20
0.1247792913385827
11
-0.9853609448818897
21
0.1247792913385827
0
LINE
8
BLACK
6
CONTINUOUS
10
-0.9853609448818897
20
0.1247792913385827
11
-0.9842966141732283
21
0.1243384251968504
0
LINE
8
BLACK
6
CONTINUOUS
10
-0.9909852755905512
20
0.1622745669291339
11
-0.9908872834645669
21
0.1622339763779528
0
LINE
8
BLACK
6
CONTINUOUS
10
-0.9908872834645669
20
0.1622339763779528
11
-0.9907814566929134
21
0.1622264566929134
0
LINE
8
BLACK
6
CONTINUOUS
10
-0.9907814566929134
20
0.1622264566929134
11
-0.9902699212598425
21
0.1619782677165354
0
LINE
8
BLACK
6
CONTINUOUS
10
-0.9902699212598425
20
0.1619782677165354
11
-0.9899208661417322
21
0.1618336614173228
0
LINE
8
BLACK
6
CONTINUOUS
10
-0.9899208661417322
20
0.1618336614173228
11
-0.9898727559055118
21
0.1617855511811024
0
LINE
8
BLACK
6
CONTINUOUS
10
-0.9898727559055118
20
0.1617855511811024
11
-0.9864912992125984
21
0.1601448031496063
0
LINE
8
BLACK
6
CONTINUOUS
10
-0.9864912992125984
20
0.1601448031496063
11
-0.9862434251968504
21
0.159988779527559
0
LINE
8
BLACK
6
CONTINUOUS
10
-0.9862434251968504
20
0.159988779527559
11
-0.9861713779527559
21
0.159958937007874
0
LINE
8
BLACK
6
CONTINUOUS
10
-0.9861713779527559
20
0.159958937007874
11
-0.9861252755905512
21
0.1599144094488189
0
LINE
8
BLACK
6
CONTINUOUS
10
-0.9861252755905512
20
0.1599144094488189
11
-0.9860014173228346
21
0.1598364566929134
0
LINE
8
BLACK
6
CONTINUOUS
10
-0.9860014173228346
20
0.1598364566929134
11
-0.9857797244094488
21
0.1595808267716535
0
LINE
8
BLACK
6
CONTINUOUS
10
-0.9857797244094488
20
0.1595808267716535
11
-0.9838491338582677
21
0.157716968503937
0
LINE
8
BLACK
6
CONTINUOUS
10
-0.9838491338582677
20
0.157716968503937
11
-0.9836633858267716
21
0.1574906299212598
0
LINE
8
BLACK
6
CONTINUOUS
10
-0.9836633858267716
20
0.1574906299212598
11
-0.9836043307086614
21
0.1574394094488189
0
LINE
8
BLACK
6
CONTINUOUS
10
-0.9836043307086614
20
0.1574394094488189
11
-0.9835757086614173
21
0.1573837795275591
0
LINE
8
BLACK
6
CONTINUOUS
10
-0.9835757086614173
20
0.1573837795275591
11
-0.9834818897637795
21
0.1572694881889764
0
LINE
8
BLACK
6
CONTINUOUS
10
-0.9834818897637795
20
0.1572694881889764
11
-0.9833382283464567
21
0.1569226377952756
0
LINE
8
BLACK
6
CONTINUOUS
10
-0.9833382283464567
20
0.1569226377952756
11
-0.981421220472441
21
0.1532
0
LINE
8
BLACK
6
CONTINUOUS
10
-0.981421220472441
20
0.1532
11
-0.9812143307086614
21
0.1526594094488189
0
LINE
8
BLACK
6
CONTINUOUS
10
-0.9812143307086614
20
0.1526594094488189
11
-0.9812068110236221
21
0.1525535433070866
0
LINE
8
BLACK
6
CONTINUOUS
10
-0.9812068110236221
20
0.1525535433070866
11
-0.981166220472441
21
0.1524555511811024
0
LINE
8
BLACK
6
CONTINUOUS
10
-0.981166220472441
20
0.1524555511811024
11
-0.9811633070866141
21
0.1519410236220472
0
LINE
8
BLACK
6
CONTINUOUS
10
-0.9811633070866141
20
0.1519410236220472
11
-0.9811326771653543
21
0.1515101968503937
0
LINE
8
BLACK
6
CONTINUOUS
10
-0.9811326771653543
20
0.1515101968503937
11
-0.9811603937007873
21
0.1514271653543307
0
LINE
8
BLACK
6
CONTINUOUS
10
-0.9811603937007873
20
0.1514271653543307
11
-0.9811094881889764
21
0.1425056692913386
0
LINE
8
BLACK
6
CONTINUOUS
10
-0.9811094881889764
20
0.1425056692913386
11
-0.981166220472441
21
0.1419296062992126
0
LINE
8
BLACK
6
CONTINUOUS
10
-0.981166220472441
20
0.1419296062992126
11
-0.9812068110236221
21
0.1418316535433071
0
LINE
8
BLACK
6
CONTINUOUS
10
-0.9812068110236221
20
0.1418316535433071
11
-0.9812143307086614
21
0.1417257480314961
0
LINE
8
BLACK
6
CONTINUOUS
10
-0.9812143307086614
20
0.1417257480314961
11
-0.9814626771653543
21
0.1412140157480315
0
LINE
8
BLACK
6
CONTINUOUS
10
-0.9814626771653543
20
0.1412140157480315
11
-0.9816071259842519
21
0.1408651968503937
0
LINE
8
BLACK
6
CONTINUOUS
10
-0.9816071259842519
20
0.1408651968503937
11
-0.9816552362204725
21
0.140817125984252
0
LINE
8
BLACK
6
CONTINUOUS
10
-0.9816552362204725
20
0.140817125984252
11
-0.9832959842519685
21
0.1374356299212598
0
LINE
8
BLACK
6
CONTINUOUS
10
-0.9832959842519685
20
0.1374356299212598
11
-0.9834520866141732
21
0.1371876377952756
0
LINE
8
BLACK
6
CONTINUOUS
10
-0.9834520866141732
20
0.1371876377952756
11
-0.9834818897637795
21
0.1371156692913386
0
LINE
8
BLACK
6
CONTINUOUS
10
-0.9834818897637795
20
0.1371156692913386
11
-0.9835264173228346
21
0.1370696062992126
0
LINE
8
BLACK
6
CONTINUOUS
10
-0.9835264173228346
20
0.1370696062992126
11
-0.9836043307086614
21
0.1369457480314961
0
LINE
8
BLACK
6
CONTINUOUS
10
-0.9836043307086614
20
0.1369457480314961
11
-0.9838601181102362
21
0.1367239763779527
0
LINE
8
BLACK
6
CONTINUOUS
10
-0.9838601181102362
20
0.1367239763779527
11
-0.985723937007874
21
0.1347934251968504
0
LINE
8
BLACK
6
CONTINUOUS
10
-0.985723937007874
20
0.1347934251968504
11
-0.9861713779527559
21
0.1344262204724409
0
LINE
8
BLACK
6
CONTINUOUS
10
-0.9861713779527559
20
0.1344262204724409
11
-0.9872357874015748
21
0.1339853543307087
0
LINE
8
BLACK
6
CONTINUOUS
10
-0.9872357874015748
20
0.1339853543307087
11
-0.988387874015748
21
0.1339853543307087
0
LINE
8
BLACK
6
CONTINUOUS
10
-0.988387874015748
20
0.1339853543307087
11
-0.9894522834645669
21
0.1344262598425197
0
LINE
8
BLACK
6
CONTINUOUS
10
-0.9894522834645669
20
0.1344262598425197
11
-0.990266968503937
21
0.1352409448818898
0
LINE
8
BLACK
6
CONTINUOUS
10
-0.990266968503937
20
0.1352409448818898
11
-0.9907078346456692
21
0.1363053543307086
0
LINE
8
BLACK
6
CONTINUOUS
10
-0.9907078346456692
20
0.1363053543307086
11
-0.9907078346456692
21
0.1374574409448819
0
LINE
8
BLACK
6
CONTINUOUS
10
-0.9907078346456692
20
0.1374574409448819
11
-0.9902669291338583
21
0.1385218503937008
0
LINE
8
BLACK
6
CONTINUOUS
10
-0.9902669291338583
20
0.1385218503937008
11
-0.9882768897637795
21
0.1405831102362205
0
LINE
8
BLACK
6
CONTINUOUS
10
-0.9882768897637795
20
0.1405831102362205
11
-0.9869660236220472
21
0.1432847244094488
0
LINE
8
BLACK
6
CONTINUOUS
10
-0.9869660236220472
20
0.1432847244094488
11
-0.9870115354330709
21
0.1512664566929134
0
LINE
8
BLACK
6
CONTINUOUS
10
-0.9870115354330709
20
0.1512664566929134
11
-0.9884053543307086
21
0.1539731496062992
0
LINE
8
BLACK
6
CONTINUOUS
10
-0.9884053543307086
20
0.1539731496062992
11
-0.9896387401574803
21
0.1551638976377953
0
LINE
8
BLACK
6
CONTINUOUS
10
-0.9896387401574803
20
0.1551638976377953
11
-0.9923403937007874
21
0.1564748031496063
0
LINE
8
BLACK
6
CONTINUOUS
10
-0.9923403937007874
20
0.1564748031496063
11
-1.0003221259842519
21
0.1564292913385827
0
LINE
8
BLACK
6
CONTINUOUS
10
-1.0003221259842519
20
0.1564292913385827
11
-1.0030288582677165
21
0.1550354724409449
0
LINE
8
BLACK
6
CONTINUOUS
10
-1.0030288582677165
20
0.1550354724409449
11
-1.0042195669291338
21
0.153802125984252
0
LINE
8
BLACK
6
CONTINUOUS
10
-1.0042195669291338
20
0.153802125984252
11
-1.0055304724409448
21
0.1511004724409449
0
LINE
8
BLACK
6
CONTINUOUS
10
-1.0055304724409448
20
0.1511004724409449
11
-1.0054849606299212
21
0.1431187401574803
0
LINE
8
BLACK
6
CONTINUOUS
10
-1.0054849606299212
20
0.1431187401574803
11
-1.0040911417322835
21
0.1404120078740158
0
LINE
8
BLACK
6
CONTINUOUS
10
-1.0040911417322835
20
0.1404120078740158
11
-1.0025967716535433
21
0.1389692913385827
0
LINE
8
BLACK
6
CONTINUOUS
10
-1.0025967716535433
20
0.1389692913385827
11
-1.0022295669291339
21
0.1385218503937008
0
LINE
8
BLACK
6
CONTINUOUS
10
-1.0022295669291339
20
0.1385218503937008
11
-1.0021726771653543
21
0.1383845275590551
0
LINE
8
BLACK
6
CONTINUOUS
10
-1.0021726771653543
20
0.1383845275590551
11
-1.0020785039370079
21
0.1382694094488189
0
LINE
8
BLACK
6
CONTINUOUS
10
-1.0020785039370079
20
0.1382694094488189
11
-1.0019538188976378
21
0.1378561417322835
0
LINE
8
BLACK
6
CONTINUOUS
10
-1.0019538188976378
20
0.1378561417322835
11
-1.0017886614173228
21
0.1374574409448819
0
LINE
8
BLACK
6
CONTINUOUS
10
-1.0017886614173228
20
0.1374574409448819
11
-1.0017886614173228
21
0.137308779527559
0
LINE
8
BLACK
6
CONTINUOUS
10
-1.0017886614173228
20
0.137308779527559
11
-1.0017457086614172
21
0.1371664173228346
0
LINE
8
BLACK
6
CONTINUOUS
10
-1.0017457086614172
20
0.1371664173228346
11
-1.0017886614173228
21
0.1367369291338583
0
LINE
8
BLACK
6
CONTINUOUS
10
-1.0017886614173228
20
0.1367369291338583
11
-1.0017886614173228
21
0.1363053543307086
0
LINE
8
BLACK
6
CONTINUOUS
10
-1.0017886614173228
20
0.1363053543307086
11
-1.0018455905511812
21
0.136168031496063
0
LINE
8
BLACK
6
CONTINUOUS
10
-1.0018455905511812
20
0.136168031496063
11
-1.0018603543307087
21
0.13602
0
LINE
8
BLACK
6
CONTINUOUS
10
-1.0018603543307087
20
0.13602
11
-1.0020644881889764
21
0.1356395669291338
0
LINE
8
BLACK
6
CONTINUOUS
10
-1.0020644881889764
20
0.1356395669291338
11
-1.0022295669291339
21
0.1352409448818898
0
LINE
8
BLACK
6
CONTINUOUS
10
-1.0022295669291339
20
0.1352409448818898
11
-1.0023347244094487
21
0.1351358267716535
0
LINE
8
BLACK
6
CONTINUOUS
10
-1.0023347244094487
20
0.1351358267716535
11
-1.002405
21
0.1350047637795276
0
LINE
8
BLACK
6
CONTINUOUS
10
-1.002405
20
0.1350047637795276
11
-1.0027392125984251
21
0.1347313385826772
0
LINE
8
BLACK
6
CONTINUOUS
10
-1.0027392125984251
20
0.1347313385826772
11
-1.0030442519685039
21
0.1344262598425197
0
LINE
8
BLACK
6
CONTINUOUS
10
-1.0030442519685039
20
0.1344262598425197
11
-1.0031815354330709
21
0.1343694094488189
0
LINE
8
BLACK
6
CONTINUOUS
10
-1.0031815354330709
20
0.1343694094488189
11
-1.003296653543307
21
0.1342751968503937
0
LINE
8
BLACK
6
CONTINUOUS
10
-1.003296653543307
20
0.1342751968503937
11
-1.0037100787401574
21
0.1341504724409449
0
LINE
8
BLACK
6
CONTINUOUS
10
-1.0037100787401574
20
0.1341504724409449
11
-1.0041086614173229
21
0.1339853543307087
0
LINE
8
BLACK
6
CONTINUOUS
10
-1.0041086614173229
20
0.1339853543307087
11
-1.0042572834645669
21
0.1339853543307087
0
LINE
8
BLACK
6
CONTINUOUS
10
-1.0042572834645669
20
0.1339853543307087
11
-1.0043996456692914
21
0.1339424015748031
0
LINE
8
BLACK
6
CONTINUOUS
10
-1.0043996456692914
20
0.1339424015748031
11
-1.0048422440944882
21
0.1339853543307087
0
LINE
8
BLACK
6
CONTINUOUS
10
-1.0048422440944882
20
0.1339853543307087
11
-1.0052607480314961
21
0.1339853543307087
0
LINE
8
BLACK
6
CONTINUOUS
10
-1.0052607480314961
20
0.1339853543307087
11
-1.0053888188976379
21
0.1340384251968504
0
LINE
8
BLACK
6
CONTINUOUS
10
-1.0053888188976379
20
0.1340384251968504
11
-1.0237261417322834
21
0.135818031496063
0
LINE
8
BLACK
6
CONTINUOUS
10
-1.0237261417322834
20
0.135818031496063
11
-1.0239360629921259
21
0.1358601181102362
0
LINE
8
BLACK
6
CONTINUOUS
10
-1.0239360629921259
20
0.1358601181102362
11
-1.0240083858267717
21
0.1358601181102362
0
LINE
8
BLACK
6
CONTINUOUS
10
-1.0240083858267717
20
0.1358601181102362
11
-1.024076220472441
21
0.1358882283464567
0
LINE
8
BLACK
6
CONTINUOUS
10
-1.024076220472441
20
0.1358882283464567
11
-1.0242937007874016
21
0.135931811023622
0
LINE
8
BLACK
6
CONTINUOUS
10
-1.0242937007874016
20
0.135931811023622
11
-1.0246740157480314
21
0.1361358661417323
0
LINE
8
BLACK
6
CONTINUOUS
10
-1.0246740157480314
20
0.1361358661417323
11
-1.0250727952755905
21
0.1363010236220472
0
LINE
8
BLACK
6
CONTINUOUS
10
-1.0250727952755905
20
0.1363010236220472
11
-1.0251779921259843
21
0.1364062204724409
0
LINE
8
BLACK
6
CONTINUOUS
10
-1.0251779921259843
20
0.1364062204724409
11
-1.0253089370078741
21
0.1364764566929134
0
LINE
8
BLACK
6
CONTINUOUS
10
-1.0253089370078741
20
0.1364764566929134
11
-1.0255822047244094
21
0.1368104330708661
0
LINE
8
BLACK
6
CONTINUOUS
10
-1.0255822047244094
20
0.1368104330708661
11
-1.0258874409448819
21
0.1371156692913386
0
LINE
8
BLACK
6
CONTINUOUS
10
-1.0258874409448819
20
0.1371156692913386
11
-1.0259443700787401
21
0.137253031496063
0
LINE
8
BLACK
6
CONTINUOUS
10
-1.0259443700787401
20
0.137253031496063
11
-1.0260385039370079
21
0.1373681102362205
0
LINE
8
BLACK
6
CONTINUOUS
10
-1.0260385039370079
20
0.1373681102362205
11
-1.0261632283464566
21
0.1377814173228346
0
LINE
8
BLACK
6
CONTINUOUS
10
-1.0261632283464566
20
0.1377814173228346
11
-1.0263283464566928
21
0.1381800787401575
0
LINE
8
BLACK
6
CONTINUOUS
10
-1.0263283464566928
20
0.1381800787401575
11
-1.0263288188976378
21
0.1383302362204724
0
LINE
8
BLACK
6
CONTINUOUS
10
-1.0263288188976378
20
0.1383302362204724
11
-1.0263712992125984
21
0.1384711023622047
0
LINE
8
BLACK
6
CONTINUOUS
10
-1.0263712992125984
20
0.1384711023622047
11
-1.026330433070866
21
0.1388800787401575
0
LINE
8
BLACK
6
CONTINUOUS
10
-1.026330433070866
20
0.1388800787401575
11
-1.0263850787401574
21
0.1575037795275591
0
LINE
8
BLACK
6
CONTINUOUS
10
-1.0263850787401574
20
0.1575037795275591
11
-1.0263283464566928
21
0.158079842519685
0
LINE
8
BLACK
6
CONTINUOUS
10
-1.0263283464566928
20
0.158079842519685
11
-1.0258874409448819
21
0.1591442519685039
0
LINE
8
BLACK
6
CONTINUOUS
10
-1.0258874409448819
20
0.1591442519685039
11
-1.0250727952755905
21
0.1599588976377953
0
LINE
8
BLACK
6
CONTINUOUS
10
-1.0250727952755905
20
0.1599588976377953
11
-1.0240083858267717
21
0.1603998031496063
0
LINE
8
BLACK
6
CONTINUOUS
10
-1.0240083858267717
20
0.1603998031496063
11
-1.0228562598425197
21
0.1603998031496063
0
LINE
8
BLACK
6
CONTINUOUS
10
-1.0228562598425197
20
0.1603998031496063
11
-1.0217918503937007
21
0.1599588976377953
0
LINE
8
BLACK
6
CONTINUOUS
10
-1.0217918503937007
20
0.1599588976377953
11
-1.0209772047244094
21
0.1591442519685039
0
LINE
8
BLACK
6
CONTINUOUS
10
-1.0209772047244094
20
0.1591442519685039
11
-1.0205362992125984
21
0.158079842519685
0
LINE
8
BLACK
6
CONTINUOUS
10
-1.0205362992125984
20
0.158079842519685
11
-1.0204872834645669
21
0.1413816535433071
0
LINE
8
BLACK
6
CONTINUOUS
10
-1.0204872834645669
20
0.1413816535433071
11
-1.010686653543307
21
0.1404305118110236
0
LINE
8
BLACK
6
CONTINUOUS
10
-1.010686653543307
20
0.1404305118110236
11
-1.0110752362204725
21
0.141185157480315
0
LINE
8
BLACK
6
CONTINUOUS
10
-1.0110752362204725
20
0.141185157480315
11
-1.0112821259842519
21
0.1417257874015748
0
LINE
8
BLACK
6
CONTINUOUS
10
-1.0112821259842519
20
0.1417257874015748
11
-1.0112896456692912
21
0.1418316141732283
0
LINE
8
BLACK
6
CONTINUOUS
10
-1.0112896456692912
20
0.1418316141732283
11
-1.0113302362204724
21
0.1419296062992126
0
LINE
8
BLACK
6
CONTINUOUS
10
-1.0113302362204724
20
0.1419296062992126
11
-1.0113331889763779
21
0.1424442125984252
0
LINE
8
BLACK
6
CONTINUOUS
10
-1.0113331889763779
20
0.1424442125984252
11
-1.011363779527559
21
0.142875
0
LINE
8
BLACK
6
CONTINUOUS
10
-1.011363779527559
20
0.142875
11
-1.0113361023622047
21
0.1429580708661417
0
LINE
8
BLACK
6
CONTINUOUS
10
-1.0113361023622047
20
0.1429580708661417
11
-1.0113869685039369
21
0.1518794881889764
0
LINE
8
BLACK
6
CONTINUOUS
10
-1.0113869685039369
20
0.1518794881889764
11
-1.0113302362204724
21
0.1524555511811024
0
LINE
8
BLACK
6
CONTINUOUS
10
-1.0113302362204724
20
0.1524555511811024
11
-1.0112896456692912
21
0.1525535826771653
0
LINE
8
BLACK
6
CONTINUOUS
10
-1.0112896456692912
20
0.1525535826771653
11
-1.0112821259842519
21
0.1526593700787401
0
LINE
8
BLACK
6
CONTINUOUS
10
-1.0112821259842519
20
0.1526593700787401
11
-1.011033937007874
21
0.1531709448818898
0
LINE
8
BLACK
6
CONTINUOUS
10
-1.011033937007874
20
0.1531709448818898
11
-1.0108893307086615
21
0.1535199606299213
0
LINE
8
BLACK
6
CONTINUOUS
10
-1.0108893307086615
20
0.1535199606299213
11
-1.0108412204724408
21
0.1535681102362205
0
LINE
8
BLACK
6
CONTINUOUS
10
-1.0108412204724408
20
0.1535681102362205
11
-1.0092004724409449
21
0.1569495275590551
0
LINE
8
BLACK
6
CONTINUOUS
10
-1.0092004724409449
20
0.1569495275590551
11
-1.0090444094488189
21
0.1571975590551181
0
LINE
8
BLACK
6
CONTINUOUS
10
-1.0090444094488189
20
0.1571975590551181
11
-1.0090145669291339
21
0.1572694881889764
0
LINE
8
BLACK
6
CONTINUOUS
10
-1.0090145669291339
20
0.1572694881889764
11
-1.0089700787401574
21
0.1573155905511811
0
LINE
8
BLACK
6
CONTINUOUS
10
-1.0089700787401574
20
0.1573155905511811
11
-1.008892125984252
21
0.1574394094488189
0
LINE
8
BLACK
6
CONTINUOUS
10
-1.008892125984252
20
0.1574394094488189
11
-1.0086364566929134
21
0.1576611811023622
0
LINE
8
BLACK
6
CONTINUOUS
10
-1.0086364566929134
20
0.1576611811023622
11
-1.0067725984251967
21
0.1595916929133858
0
LINE
8
BLACK
6
CONTINUOUS
10
-1.0067725984251967
20
0.1595916929133858
11
-1.0065462598425197
21
0.1597774803149606
0
LINE
8
BLACK
6
CONTINUOUS
10
-1.0065462598425197
20
0.1597774803149606
11
-1.0064950787401574
21
0.1598364566929134
0
LINE
8
BLACK
6
CONTINUOUS
10
-1.0064950787401574
20
0.1598364566929134
11
-1.0064394488188977
21
0.1598651181102362
0
LINE
8
BLACK
6
CONTINUOUS
10
-1.0064394488188977
20
0.1598651181102362
11
-1.0063251574803149
21
0.1599588976377953
0
LINE
8
BLACK
6
CONTINUOUS
10
-1.0063251574803149
20
0.1599588976377953
11
-1.0059783070866142
21
0.1601025984251968
0
LINE
8
BLACK
6
CONTINUOUS
10
-1.0059783070866142
20
0.1601025984251968
11
-1.0022556692913385
21
0.1620195669291339
0
LINE
8
BLACK
6
CONTINUOUS
10
-1.0022556692913385
20
0.1620195669291339
11
-1.0017150787401574
21
0.1622264566929134
0
LINE
8
BLACK
6
CONTINUOUS
10
-1.0017150787401574
20
0.1622264566929134
11
-1.0016092125984253
21
0.1622340157480315
0
LINE
8
BLACK
6
CONTINUOUS
10
-1.0016092125984253
20
0.1622340157480315
11
-1.001511220472441
21
0.1622745669291339
0
LINE
8
BLACK
6
CONTINUOUS
10
-1.001511220472441
20
0.1622745669291339
11
-1.0009966929133858
21
0.1622775196850394
0
LINE
8
BLACK
6
CONTINUOUS
10
-1.0009966929133858
20
0.1622775196850394
11
-1.0005658661417323
21
0.1623081102362205
0
LINE
8
BLACK
6
CONTINUOUS
10
-1.0005658661417323
20
0.1623081102362205
11
-1.0004828346456693
21
0.1622804330708661
0
LINE
8
BLACK
6
CONTINUOUS
10
-1.0004828346456693
20
0.1622804330708661
11
-0.9915613385826771
21
0.1623312992125984
0
LINE
8
BLACK
6
CONTINUOUS
10
-0.9915613385826771
20
0.1623312992125984
11
-0.9909852755905512
21
0.1622745669291339
0
LINE
8
BLACK
6
CONTINUOUS
10
-0.9834861811023622
20
0.2428895275590551
11
-0.9824217716535433
21
0.2424486220472441
0
LINE
8
BLACK
6
CONTINUOUS
10
-0.9824217716535433
20
0.2424486220472441
11
-0.9816071259842519
21
0.2416339763779528
0
LINE
8
BLACK
6
CONTINUOUS
10
-0.9816071259842519
20
0.2416339763779528
11
-0.981166220472441
21
0.2405695669291339
0
LINE
8
BLACK
6
CONTINUOUS
10
-0.981166220472441
20
0.2405695669291339
11
-0.981166220472441
21
0.2394174409448819
0
LINE
8
BLACK
6
CONTINUOUS
10
-0.981166220472441
20
0.2394174409448819
11
-0.9816071259842519
21
0.238353031496063
0
LINE
8
BLACK
6
CONTINUOUS
10
-0.9816071259842519
20
0.238353031496063
11
-0.9824217716535433
21
0.2375383858267716
0
LINE
8
BLACK
6
CONTINUOUS
10
-0.9824217716535433
20
0.2375383858267716
11
-0.9834861811023622
21
0.2370974803149606
0
LINE
8
BLACK
6
CONTINUOUS
10
-0.9834861811023622
20
0.2370974803149606
11
-1.0040752755905511
21
0.2370424015748031
0
LINE
8
BLACK
6
CONTINUOUS
10
-1.0040752755905511
20
0.2370424015748031
11
-1.0062814173228347
21
0.2359063385826771
0
LINE
8
BLACK
6
CONTINUOUS
10
-1.0062814173228347
20
0.2359063385826771
11
-1.0074006692913386
21
0.2335996062992126
0
LINE
8
BLACK
6
CONTINUOUS
10
-1.0074006692913386
20
0.2335996062992126
11
-1.0073618897637795
21
0.229362125984252
0
LINE
8
BLACK
6
CONTINUOUS
10
-1.0073618897637795
20
0.229362125984252
11
-1.0062218110236221
21
0.227148188976378
0
LINE
8
BLACK
6
CONTINUOUS
10
-1.0062218110236221
20
0.227148188976378
11
-1.0038972440944882
21
0.2260202755905512
0
LINE
8
BLACK
6
CONTINUOUS
10
-1.0038972440944882
20
0.2260202755905512
11
-0.9840622440944882
21
0.2260733464566929
0
LINE
8
BLACK
6
CONTINUOUS
10
-0.9840622440944882
20
0.2260733464566929
11
-0.9834861811023622
21
0.2260166141732284
0
LINE
8
BLACK
6
CONTINUOUS
10
-0.9834861811023622
20
0.2260166141732284
11
-0.9824217716535433
21
0.2255757086614173
0
LINE
8
BLACK
6
CONTINUOUS
10
-0.9824217716535433
20
0.2255757086614173
11
-0.9816071259842519
21
0.224761062992126
0
LINE
8
BLACK
6
CONTINUOUS
10
-0.9816071259842519
20
0.224761062992126
11
-0.981166220472441
21
0.2236966535433071
0
LINE
8
BLACK
6
CONTINUOUS
10
-0.981166220472441
20
0.2236966535433071
11
-0.981166220472441
21
0.2225445275590551
0
LINE
8
BLACK
6
CONTINUOUS
10
-0.981166220472441
20
0.2225445275590551
11
-0.9816071259842519
21
0.2214801181102362
0
LINE
8
BLACK
6
CONTINUOUS
10
-0.9816071259842519
20
0.2214801181102362
11
-0.9824217716535433
21
0.2206654724409449
0
LINE
8
BLACK
6
CONTINUOUS
10
-0.9824217716535433
20
0.2206654724409449
11
-0.9834861811023622
21
0.2202245669291339
0
LINE
8
BLACK
6
CONTINUOUS
10
-0.9834861811023622
20
0.2202245669291339
11
-1.0040752755905511
21
0.2201694881889764
0
LINE
8
BLACK
6
CONTINUOUS
10
-1.0040752755905511
20
0.2201694881889764
11
-1.006281377952756
21
0.2190334251968504
0
LINE
8
BLACK
6
CONTINUOUS
10
-1.006281377952756
20
0.2190334251968504
11
-1.0074006692913386
21
0.2167267322834646
0
LINE
8
BLACK
6
CONTINUOUS
10
-1.0074006692913386
20
0.2167267322834646
11
-1.0073618897637795
21
0.2124892519685039
0
LINE
8
BLACK
6
CONTINUOUS
10
-1.0073618897637795
20
0.2124892519685039
11
-1.0059659055118111
21
0.2097783464566929
0
LINE
8
BLACK
6
CONTINUOUS
10
-1.0059659055118111
20
0.2097783464566929
11
-1.0053207874015748
21
0.2091555118110236
0
LINE
8
BLACK
6
CONTINUOUS
10
-1.0053207874015748
20
0.2091555118110236
11
-0.9840622440944882
21
0.2092004724409449
0
LINE
8
BLACK
6
CONTINUOUS
10
-0.9840622440944882
20
0.2092004724409449
11
-0.9834861811023622
21
0.2091437401574803
0
LINE
8
BLACK
6
CONTINUOUS
10
-0.9834861811023622
20
0.2091437401574803
11
-0.9824217716535433
21
0.2087028346456693
0
LINE
8
BLACK
6
CONTINUOUS
10
-0.9824217716535433
20
0.2087028346456693
11
-0.9816071259842519
21
0.207888188976378
0
LINE
8
BLACK
6
CONTINUOUS
10
-0.9816071259842519
20
0.207888188976378
11
-0.981166220472441
21
0.206823779527559
0
LINE
8
BLACK
6
CONTINUOUS
10
-0.981166220472441
20
0.206823779527559
11
-0.981166220472441
21
0.2056716535433071
0
LINE
8
BLACK
6
CONTINUOUS
10
-0.981166220472441
20
0.2056716535433071
11
-0.9816071259842519
21
0.2046072440944882
0
LINE
8
BLACK
6
CONTINUOUS
10
-0.9816071259842519
20
0.2046072440944882
11
-0.9824217716535433
21
0.2037925984251968
0
LINE
8
BLACK
6
CONTINUOUS
10
-0.9824217716535433
20
0.2037925984251968
11
-0.9834861811023622
21
0.2033516929133858
0
LINE
8
BLACK
6
CONTINUOUS
10
-0.9834861811023622
20
0.2033516929133858
11
-1.0103089763779527
21
0.2032949606299213
0
LINE
8
BLACK
6
CONTINUOUS
10
-1.0103089763779527
20
0.2032949606299213
11
-1.0108850393700788
21
0.2033516929133858
0
LINE
8
BLACK
6
CONTINUOUS
10
-1.0108850393700788
20
0.2033516929133858
11
-1.0119494488188976
21
0.2037925984251968
0
LINE
8
BLACK
6
CONTINUOUS
10
-1.0119494488188976
20
0.2037925984251968
11
-1.012764094488189
21
0.2046072440944882
0
LINE
8
BLACK
6
CONTINUOUS
10
-1.012764094488189
20
0.2046072440944882
11
-1.0132049999999999
21
0.2056716535433071
0
LINE
8
BLACK
6
CONTINUOUS
10
-1.0132049999999999
20
0.2056716535433071
11
-1.0132049999999999
21
0.206823779527559
0
LINE
8
BLACK
6
CONTINUOUS
10
-1.0132049999999999
20
0.206823779527559
11
-1.012764094488189
21
0.207888188976378
0
LINE
8
BLACK
6
CONTINUOUS
10
-1.012764094488189
20
0.207888188976378
11
-1.0119815354330708
21
0.2086707874015748
0
LINE
8
BLACK
6
CONTINUOUS
10
-1.0119815354330708
20
0.2086707874015748
11
-1.01295
21
0.2105514960629921
0
LINE
8
BLACK
6
CONTINUOUS
10
-1.01295
20
0.2105514960629921
11
-1.0131568897637795
21
0.211092125984252
0
LINE
8
BLACK
6
CONTINUOUS
10
-1.0131568897637795
20
0.211092125984252
11
-1.0131644094488188
21
0.2111979527559055
0
LINE
8
BLACK
6
CONTINUOUS
10
-1.0131644094488188
20
0.2111979527559055
11
-1.0132049999999999
21
0.2112959448818898
0
LINE
8
BLACK
6
CONTINUOUS
10
-1.0132049999999999
20
0.2112959448818898
11
-1.0132099999999999
21
0.2118392125984252
0
LINE
8
BLACK
6
CONTINUOUS
10
-1.0132099999999999
20
0.2118392125984252
11
-1.0132385433070865
21
0.2122413385826772
0
LINE
8
BLACK
6
CONTINUOUS
10
-1.0132385433070865
20
0.2122413385826772
11
-1.0132143307086614
21
0.2123140551181102
0
LINE
8
BLACK
6
CONTINUOUS
10
-1.0132143307086614
20
0.2123140551181102
11
-1.0132617322834645
21
0.2174962992125984
0
LINE
8
BLACK
6
CONTINUOUS
10
-1.0132617322834645
20
0.2174962992125984
11
-1.0132049999999999
21
0.2180723622047244
0
LINE
8
BLACK
6
CONTINUOUS
10
-1.0132049999999999
20
0.2180723622047244
11
-1.0131644094488188
21
0.2181703937007874
0
LINE
8
BLACK
6
CONTINUOUS
10
-1.0131644094488188
20
0.2181703937007874
11
-1.0131568897637795
21
0.2182761811023622
0
LINE
8
BLACK
6
CONTINUOUS
10
-1.0131568897637795
20
0.2182761811023622
11
-1.0129087007874016
21
0.2187877559055118
0
LINE
8
BLACK
6
CONTINUOUS
10
-1.0129087007874016
20
0.2187877559055118
11
-1.012764094488189
21
0.2191367716535433
0
LINE
8
BLACK
6
CONTINUOUS
10
-1.012764094488189
20
0.2191367716535433
11
-1.0127159842519684
21
0.2191849212598425
0
LINE
8
BLACK
6
CONTINUOUS
10
-1.0127159842519684
20
0.2191849212598425
11
-1.0110752362204725
21
0.2225663385826772
0
LINE
8
BLACK
6
CONTINUOUS
10
-1.0110752362204725
20
0.2225663385826772
11
-1.0110146062992125
21
0.2226627165354331
0
LINE
8
BLACK
6
CONTINUOUS
10
-1.0110146062992125
20
0.2226627165354331
11
-1.0109994488188976
21
0.2227081102362205
0
LINE
8
BLACK
6
CONTINUOUS
10
-1.0109994488188976
20
0.2227081102362205
11
-1.0109504330708661
21
0.2227646850393701
0
LINE
8
BLACK
6
CONTINUOUS
10
-1.0109504330708661
20
0.2227646850393701
11
-1.0107668897637796
21
0.2230562204724409
0
LINE
8
BLACK
6
CONTINUOUS
10
-1.0107668897637796
20
0.2230562204724409
11
-1.0106926771653544
21
0.2231205905511811
0
LINE
8
BLACK
6
CONTINUOUS
10
-1.0106926771653544
20
0.2231205905511811
11
-1.0107668897637796
21
0.2231849606299212
0
LINE
8
BLACK
6
CONTINUOUS
10
-1.0107668897637796
20
0.2231849606299212
11
-1.0108682677165355
21
0.223381811023622
0
LINE
8
BLACK
6
CONTINUOUS
10
-1.0108682677165355
20
0.223381811023622
11
-1.0109994488188976
21
0.2235330708661417
0
LINE
8
BLACK
6
CONTINUOUS
10
-1.0109994488188976
20
0.2235330708661417
11
-1.0110972834645668
21
0.2238265748031496
0
LINE
8
BLACK
6
CONTINUOUS
10
-1.0110972834645668
20
0.2238265748031496
11
-1.01295
21
0.2274243700787401
0
LINE
8
BLACK
6
CONTINUOUS
10
-1.01295
20
0.2274243700787401
11
-1.0131568897637795
21
0.227965
0
LINE
8
BLACK
6
CONTINUOUS
10
-1.0131568897637795
20
0.227965
11
-1.0131644094488188
21
0.2280708267716536
0
LINE
8
BLACK
6
CONTINUOUS
10
-1.0131644094488188
20
0.2280708267716536
11
-1.0132049999999999
21
0.2281688188976378
0
LINE
8
BLACK
6
CONTINUOUS
10
-1.0132049999999999
20
0.2281688188976378
11
-1.0132099999999999
21
0.2287120866141732
0
LINE
8
BLACK
6
CONTINUOUS
10
-1.0132099999999999
20
0.2287120866141732
11
-1.0132385433070865
21
0.2291142125984252
0
LINE
8
BLACK
6
CONTINUOUS
10
-1.0132385433070865
20
0.2291142125984252
11
-1.0132143307086614
21
0.2291869291338583
0
LINE
8
BLACK
6
CONTINUOUS
10
-1.0132143307086614
20
0.2291869291338583
11
-1.0132617322834645
21
0.2343691732283464
0
LINE
8
BLACK
6
CONTINUOUS
10
-1.0132617322834645
20
0.2343691732283464
11
-1.0132049999999999
21
0.2349452362204724
0
LINE
8
BLACK
6
CONTINUOUS
10
-1.0132049999999999
20
0.2349452362204724
11
-1.0131644094488188
21
0.2350432677165354
0
LINE
8
BLACK
6
CONTINUOUS
10
-1.0131644094488188
20
0.2350432677165354
11
-1.0131568897637795
21
0.2351490551181102
0
LINE
8
BLACK
6
CONTINUOUS
10
-1.0131568897637795
20
0.2351490551181102
11
-1.0129086614173228
21
0.2356606692913386
0
LINE
8
BLACK
6
CONTINUOUS
10
-1.0129086614173228
20
0.2356606692913386
11
-1.012764094488189
21
0.2360096456692913
0
LINE
8
BLACK
6
CONTINUOUS
10
-1.012764094488189
20
0.2360096456692913
11
-1.0127159842519684
21
0.2360577952755905
0
LINE
8
BLACK
6
CONTINUOUS
10
-1.0127159842519684
20
0.2360577952755905
11
-1.0110752362204725
21
0.2394392519685039
0
LINE
8
BLACK
6
CONTINUOUS
10
-1.0110752362204725
20
0.2394392519685039
11
-1.0110146062992125
21
0.2395355905511811
0
LINE
8
BLACK
6
CONTINUOUS
10
-1.0110146062992125
20
0.2395355905511811
11
-1.0109994488188976
21
0.2395810236220473
0
LINE
8
BLACK
6
CONTINUOUS
10
-1.0109994488188976
20
0.2395810236220473
11
-1.0109503937007873
21
0.2396376377952756
0
LINE
8
BLACK
6
CONTINUOUS
10
-1.0109503937007873
20
0.2396376377952756
11
-1.0107668897637796
21
0.239929094488189
0
LINE
8
BLACK
6
CONTINUOUS
10
-1.0107668897637796
20
0.239929094488189
11
-1.0104872834645668
21
0.2401716141732284
0
LINE
8
BLACK
6
CONTINUOUS
10
-1.0104872834645668
20
0.2401716141732284
11
-1.0102446062992125
21
0.2404514173228346
0
LINE
8
BLACK
6
CONTINUOUS
10
-1.0102446062992125
20
0.2404514173228346
11
-1.0100477952755906
21
0.2405527952755905
0
LINE
8
BLACK
6
CONTINUOUS
10
-1.0100477952755906
20
0.2405527952755905
11
-1.0098964960629921
21
0.2406839763779527
0
LINE
8
BLACK
6
CONTINUOUS
10
-1.0098964960629921
20
0.2406839763779527
11
-1.0096030314960629
21
0.240781811023622
0
LINE
8
BLACK
6
CONTINUOUS
10
-1.0096030314960629
20
0.240781811023622
11
-1.0060051968503936
21
0.2426345275590551
0
LINE
8
BLACK
6
CONTINUOUS
10
-1.0060051968503936
20
0.2426345275590551
11
-1.0054646062992125
21
0.2428414173228347
0
LINE
8
BLACK
6
CONTINUOUS
10
-1.0054646062992125
20
0.2428414173228347
11
-1.0053587401574804
21
0.2428489763779527
0
LINE
8
BLACK
6
CONTINUOUS
10
-1.0053587401574804
20
0.2428489763779527
11
-1.0052607480314961
21
0.2428895275590551
0
LINE
8
BLACK
6
CONTINUOUS
10
-1.0052607480314961
20
0.2428895275590551
11
-1.0047689763779528
21
0.2428908661417323
0
LINE
8
BLACK
6
CONTINUOUS
10
-1.0047689763779528
20
0.2428908661417323
11
-1.0043153937007874
21
0.2429230708661417
0
LINE
8
BLACK
6
CONTINUOUS
10
-1.0043153937007874
20
0.2429230708661417
11
-1.0042231102362205
21
0.2428923228346457
0
LINE
8
BLACK
6
CONTINUOUS
10
-1.0042231102362205
20
0.2428923228346457
11
-0.9840622440944882
21
0.2429462598425197
0
LINE
8
BLACK
6
CONTINUOUS
10
-0.9840622440944882
20
0.2429462598425197
11
-0.9834861811023622
21
0.2428895275590551
0
LINE
8
BLACK
6
CONTINUOUS
10
-0.9834861811023622
20
0.2953829527559055
11
-0.9824217716535433
21
0.2949420472440945
0
LINE
8
BLACK
6
CONTINUOUS
10
-0.9824217716535433
20
0.2949420472440945
11
-0.9816071259842519
21
0.2941274015748032
0
LINE
8
BLACK
6
CONTINUOUS
10
-0.9816071259842519
20
0.2941274015748032
11
-0.981166220472441
21
0.2930629921259842
0
LINE
8
BLACK
6
CONTINUOUS
10
-0.981166220472441
20
0.2930629921259842
11
-0.981166220472441
21
0.2919108661417323
0
LINE
8
BLACK
6
CONTINUOUS
10
-0.981166220472441
20
0.2919108661417323
11
-0.9816071259842519
21
0.2908464566929134
0
LINE
8
BLACK
6
CONTINUOUS
10
-0.9816071259842519
20
0.2908464566929134
11
-0.9824217716535433
21
0.290031811023622
0
LINE
8
BLACK
6
CONTINUOUS
10
-0.9824217716535433
20
0.290031811023622
11
-0.9834861811023622
21
0.289590905511811
0
LINE
8
BLACK
6
CONTINUOUS
10
-0.9834861811023622
20
0.289590905511811
11
-1.0040752755905511
21
0.2895358267716535
0
LINE
8
BLACK
6
CONTINUOUS
10
-1.0040752755905511
20
0.2895358267716535
11
-1.0062814173228347
21
0.2883997637795275
0
LINE
8
BLACK
6
CONTINUOUS
10
-1.0062814173228347
20
0.2883997637795275
11
-1.0074006692913386
21
0.286093031496063
0
LINE
8
BLACK
6
CONTINUOUS
10
-1.0074006692913386
20
0.286093031496063
11
-1.0073618897637795
21
0.2818555511811023
0
LINE
8
BLACK
6
CONTINUOUS
10
-1.0073618897637795
20
0.2818555511811023
11
-1.0062218110236221
21
0.2796416141732284
0
LINE
8
BLACK
6
CONTINUOUS
10
-1.0062218110236221
20
0.2796416141732284
11
-1.0038972440944882
21
0.2785137007874016
0
LINE
8
BLACK
6
CONTINUOUS
10
-1.0038972440944882
20
0.2785137007874016
11
-0.9840622440944882
21
0.2785667716535433
0
LINE
8
BLACK
6
CONTINUOUS
10
-0.9840622440944882
20
0.2785667716535433
11
-0.9834861811023622
21
0.2785100393700787
0
LINE
8
BLACK
6
CONTINUOUS
10
-0.9834861811023622
20
0.2785100393700787
11
-0.9824217716535433
21
0.2780691338582677
0
LINE
8
BLACK
6
CONTINUOUS
10
-0.9824217716535433
20
0.2780691338582677
11
-0.9816071259842519
21
0.2772544881889764
0
LINE
8
BLACK
6
CONTINUOUS
10
-0.9816071259842519
20
0.2772544881889764
11
-0.981166220472441
21
0.2761900787401575
0
LINE
8
BLACK
6
CONTINUOUS
10
-0.981166220472441
20
0.2761900787401575
11
-0.981166220472441
21
0.2750379527559055
0
LINE
8
BLACK
6
CONTINUOUS
10
-0.981166220472441
20
0.2750379527559055
11
-0.9816071259842519
21
0.2739735433070866
0
LINE
8
BLACK
6
CONTINUOUS
10
-0.9816071259842519
20
0.2739735433070866
11
-0.9824217716535433
21
0.2731588976377953
0
LINE
8
BLACK
6
CONTINUOUS
10
-0.9824217716535433
20
0.2731588976377953
11
-0.9834861811023622
21
0.2727179921259842
0
LINE
8
BLACK
6
CONTINUOUS
10
-0.9834861811023622
20
0.2727179921259842
11
-1.0040752755905511
21
0.2726629133858268
0
LINE
8
BLACK
6
CONTINUOUS
10
-1.0040752755905511
20
0.2726629133858268
11
-1.006281377952756
21
0.2715268503937008
0
LINE
8
BLACK
6
CONTINUOUS
10
-1.006281377952756
20
0.2715268503937008
11
-1.0074006692913386
21
0.269220157480315
0
LINE
8
BLACK
6
CONTINUOUS
10
-1.0074006692913386
20
0.269220157480315
11
-1.0073618897637795
21
0.2649826771653543
0
LINE
8
BLACK
6
CONTINUOUS
10
-1.0073618897637795
20
0.2649826771653543
11
-1.0059659055118111
21
0.2622717716535433
0
LINE
8
BLACK
6
CONTINUOUS
10
-1.0059659055118111
20
0.2622717716535433
11
-1.0053207874015748
21
0.261648937007874
0
LINE
8
BLACK
6
CONTINUOUS
10
-1.0053207874015748
20
0.261648937007874
11
-0.9840622440944882
21
0.2616938976377953
0
LINE
8
BLACK
6
CONTINUOUS
10
-0.9840622440944882
20
0.2616938976377953
11
-0.9834861811023622
21
0.2616371653543307
0
LINE
8
BLACK
6
CONTINUOUS
10
-0.9834861811023622
20
0.2616371653543307
11
-0.9824217716535433
21
0.2611962598425197
0
LINE
8
BLACK
6
CONTINUOUS
10
-0.9824217716535433
20
0.2611962598425197
11
-0.9816071259842519
21
0.2603816141732284
0
LINE
8
BLACK
6
CONTINUOUS
10
-0.9816071259842519
20
0.2603816141732284
11
-0.981166220472441
21
0.2593172047244094
0
LINE
8
BLACK
6
CONTINUOUS
10
-0.981166220472441
20
0.2593172047244094
11
-0.981166220472441
21
0.2581650787401575
0
LINE
8
BLACK
6
CONTINUOUS
10
-0.981166220472441
20
0.2581650787401575
11
-0.9816071259842519
21
0.2571006692913386
0
LINE
8
BLACK
6
CONTINUOUS
10
-0.9816071259842519
20
0.2571006692913386
11
-0.9824217716535433
21
0.2562860236220472
0
LINE
8
BLACK
6
CONTINUOUS
10
-0.9824217716535433
20
0.2562860236220472
11
-0.9834861811023622
21
0.2558451181102362
0
LINE
8
BLACK
6
CONTINUOUS
10
-0.9834861811023622
20
0.2558451181102362
11
-1.0103089763779527
21
0.2557883858267717
0
LINE
8
BLACK
6
CONTINUOUS
10
-1.0103089763779527
20
0.2557883858267717
11
-1.0108850393700788
21
0.2558451181102362
0
LINE
8
BLACK
6
CONTINUOUS
10
-1.0108850393700788
20
0.2558451181102362
11
-1.0119494488188976
21
0.2562860236220472
0
LINE
8
BLACK
6
CONTINUOUS
10
-1.0119494488188976
20
0.2562860236220472
11
-1.012764094488189
21
0.2571006692913386
0
LINE
8
BLACK
6
CONTINUOUS
10
-1.012764094488189
20
0.2571006692913386
11
-1.0132049999999999
21
0.2581650787401575
0
LINE
8
BLACK
6
CONTINUOUS
10
-1.0132049999999999
20
0.2581650787401575
11
-1.0132049999999999
21
0.2593172047244094
0
LINE
8
BLACK
6
CONTINUOUS
10
-1.0132049999999999
20
0.2593172047244094
11
-1.012764094488189
21
0.2603816141732284
0
LINE
8
BLACK
6
CONTINUOUS
10
-1.012764094488189
20
0.2603816141732284
11
-1.0119815354330708
21
0.2611642125984252
0
LINE
8
BLACK
6
CONTINUOUS
10
-1.0119815354330708
20
0.2611642125984252
11
-1.01295
21
0.2630449212598425
0
LINE
8
BLACK
6
CONTINUOUS
10
-1.01295
20
0.2630449212598425
11
-1.0131568897637795
21
0.2635855511811023
0
LINE
8
BLACK
6
CONTINUOUS
10
-1.0131568897637795
20
0.2635855511811023
11
-1.0131644094488188
21
0.2636913779527559
0
LINE
8
BLACK
6
CONTINUOUS
10
-1.0131644094488188
20
0.2636913779527559
11
-1.0132049999999999
21
0.2637893700787401
0
LINE
8
BLACK
6
CONTINUOUS
10
-1.0132049999999999
20
0.2637893700787401
11
-1.0132099999999999
21
0.2643326377952756
0
LINE
8
BLACK
6
CONTINUOUS
10
-1.0132099999999999
20
0.2643326377952756
11
-1.0132385433070865
21
0.2647347637795275
0
LINE
8
BLACK
6
CONTINUOUS
10
-1.0132385433070865
20
0.2647347637795275
11
-1.0132143307086614
21
0.2648074803149606
0
LINE
8
BLACK
6
CONTINUOUS
10
-1.0132143307086614
20
0.2648074803149606
11
-1.0132617322834645
21
0.2699897244094488
0
LINE
8
BLACK
6
CONTINUOUS
10
-1.0132617322834645
20
0.2699897244094488
11
-1.0132049999999999
21
0.2705657874015748
0
LINE
8
BLACK
6
CONTINUOUS
10
-1.0132049999999999
20
0.2705657874015748
11
-1.0131644094488188
21
0.2706638188976378
0
LINE
8
BLACK
6
CONTINUOUS
10
-1.0131644094488188
20
0.2706638188976378
11
-1.0131568897637795
21
0.2707696062992126
0
LINE
8
BLACK
6
CONTINUOUS
10
-1.0131568897637795
20
0.2707696062992126
11
-1.0129087007874016
21
0.2712811811023622
0
LINE
8
BLACK
6
CONTINUOUS
10
-1.0129087007874016
20
0.2712811811023622
11
-1.012764094488189
21
0.2716301968503937
0
LINE
8
BLACK
6
CONTINUOUS
10
-1.012764094488189
20
0.2716301968503937
11
-1.0127159842519684
21
0.2716783464566929
0
LINE
8
BLACK
6
CONTINUOUS
10
-1.0127159842519684
20
0.2716783464566929
11
-1.0110752362204725
21
0.2750597637795276
0
LINE
8
BLACK
6
CONTINUOUS
10
-1.0110752362204725
20
0.2750597637795276
11
-1.0110146062992125
21
0.2751561417322835
0
LINE
8
BLACK
6
CONTINUOUS
10
-1.0110146062992125
20
0.2751561417322835
11
-1.0109994488188976
21
0.2752015354330709
0
LINE
8
BLACK
6
CONTINUOUS
10
-1.0109994488188976
20
0.2752015354330709
11
-1.0109504330708661
21
0.2752581102362205
0
LINE
8
BLACK
6
CONTINUOUS
10
-1.0109504330708661
20
0.2752581102362205
11
-1.0107668897637796
21
0.2755496456692914
0
LINE
8
BLACK
6
CONTINUOUS
10
-1.0107668897637796
20
0.2755496456692914
11
-1.0106926771653544
21
0.2756140157480315
0
LINE
8
BLACK
6
CONTINUOUS
10
-1.0106926771653544
20
0.2756140157480315
11
-1.0107668897637796
21
0.2756783858267716
0
LINE
8
BLACK
6
CONTINUOUS
10
-1.0107668897637796
20
0.2756783858267716
11
-1.0108682677165355
21
0.2758752362204724
0
LINE
8
BLACK
6
CONTINUOUS
10
-1.0108682677165355
20
0.2758752362204724
11
-1.0109994488188976
21
0.2760264960629921
0
LINE
8
BLACK
6
CONTINUOUS
10
-1.0109994488188976
20
0.2760264960629921
11
-1.0110972834645668
21
0.27632
0
LINE
8
BLACK
6
CONTINUOUS
10
-1.0110972834645668
20
0.27632
11
-1.01295
21
0.2799177952755905
0
LINE
8
BLACK
6
CONTINUOUS
10
-1.01295
20
0.2799177952755905
11
-1.0131568897637795
21
0.2804584251968504
0
LINE
8
BLACK
6
CONTINUOUS
10
-1.0131568897637795
20
0.2804584251968504
11
-1.0131644094488188
21
0.2805642519685039
0
LINE
8
BLACK
6
CONTINUOUS
10
-1.0131644094488188
20
0.2805642519685039
11
-1.0132049999999999
21
0.2806622440944882
0
LINE
8
BLACK
6
CONTINUOUS
10
-1.0132049999999999
20
0.2806622440944882
11
-1.0132099999999999
21
0.2812055118110236
0
LINE
8
BLACK
6
CONTINUOUS
10
-1.0132099999999999
20
0.2812055118110236
11
-1.0132385433070865
21
0.2816076377952756
0
LINE
8
BLACK
6
CONTINUOUS
10
-1.0132385433070865
20
0.2816076377952756
11
-1.0132143307086614
21
0.2816803543307086
0
LINE
8
BLACK
6
CONTINUOUS
10
-1.0132143307086614
20
0.2816803543307086
11
-1.0132617322834645
21
0.2868625984251968
0
LINE
8
BLACK
6
CONTINUOUS
10
-1.0132617322834645
20
0.2868625984251968
11
-1.0132049999999999
21
0.2874386614173228
0
LINE
8
BLACK
6
CONTINUOUS
10
-1.0132049999999999
20
0.2874386614173228
11
-1.0131644094488188
21
0.2875366929133858
0
LINE
8
BLACK
6
CONTINUOUS
10
-1.0131644094488188
20
0.2875366929133858
11
-1.0131568897637795
21
0.2876424803149606
0
LINE
8
BLACK
6
CONTINUOUS
10
-1.0131568897637795
20
0.2876424803149606
11
-1.0129086614173228
21
0.288154094488189
0
LINE
8
BLACK
6
CONTINUOUS
10
-1.0129086614173228
20
0.288154094488189
11
-1.012764094488189
21
0.2885030708661417
0
LINE
8
BLACK
6
CONTINUOUS
10
-1.012764094488189
20
0.2885030708661417
11
-1.0127159842519684
21
0.2885512204724409
0
LINE
8
BLACK
6
CONTINUOUS
10
-1.0127159842519684
20
0.2885512204724409
11
-1.0110752362204725
21
0.2919326771653543
0
LINE
8
BLACK
6
CONTINUOUS
10
-1.0110752362204725
20
0.2919326771653543
11
-1.0110146062992125
21
0.2920290157480315
0
LINE
8
BLACK
6
CONTINUOUS
10
-1.0110146062992125
20
0.2920290157480315
11
-1.0109994488188976
21
0.2920744488188977
0
LINE
8
BLACK
6
CONTINUOUS
10
-1.0109994488188976
20
0.2920744488188977
11
-1.0109503937007873
21
0.292131062992126
0
LINE
8
BLACK
6
CONTINUOUS
10
-1.0109503937007873
20
0.292131062992126
11
-1.0107668897637796
21
0.2924225196850394
0
LINE
8
BLACK
6
CONTINUOUS
10
-1.0107668897637796
20
0.2924225196850394
11
-1.0104872834645668
21
0.2926650393700788
0
LINE
8
BLACK
6
CONTINUOUS
10
-1.0104872834645668
20
0.2926650393700788
11
-1.0102446062992125
21
0.2929448425196851
0
LINE
8
BLACK
6
CONTINUOUS
10
-1.0102446062992125
20
0.2929448425196851
11
-1.0100477952755906
21
0.2930462204724409
0
LINE
8
BLACK
6
CONTINUOUS
10
-1.0100477952755906
20
0.2930462204724409
11
-1.0098964960629921
21
0.2931774015748032
0
LINE
8
BLACK
6
CONTINUOUS
10
-1.0098964960629921
20
0.2931774015748032
11
-1.0096030314960629
21
0.2932752362204724
0
LINE
8
BLACK
6
CONTINUOUS
10
-1.0096030314960629
20
0.2932752362204724
11
-1.0060051968503936
21
0.2951279527559055
0
LINE
8
BLACK
6
CONTINUOUS
10
-1.0060051968503936
20
0.2951279527559055
11
-1.0054646062992125
21
0.2953348425196851
0
LINE
8
BLACK
6
CONTINUOUS
10
-1.0054646062992125
20
0.2953348425196851
11
-1.0053587401574804
21
0.2953424015748031
0
LINE
8
BLACK
6
CONTINUOUS
10
-1.0053587401574804
20
0.2953424015748031
11
-1.0052607480314961
21
0.2953829527559055
0
LINE
8
BLACK
6
CONTINUOUS
10
-1.0052607480314961
20
0.2953829527559055
11
-1.0047689763779528
21
0.2953842913385827
0
LINE
8
BLACK
6
CONTINUOUS
10
-1.0047689763779528
20
0.2953842913385827
11
-1.0043153937007874
21
0.2954164960629921
0
LINE
8
BLACK
6
CONTINUOUS
10
-1.0043153937007874
20
0.2954164960629921
11
-1.0042231102362205
21
0.295385748031496
0
LINE
8
BLACK
6
CONTINUOUS
10
-1.0042231102362205
20
0.295385748031496
11
-0.9840622440944882
21
0.2954396850393701
0
LINE
8
BLACK
6
CONTINUOUS
10
-0.9840622440944882
20
0.2954396850393701
11
-0.9834861811023622
21
0.2953829527559055
0
LINE
8
BLACK
6
CONTINUOUS
10
-0.2146185039370079
20
0.5295478346456692
11
-0.2145410236220472
21
0.5295529921259843
0
LINE
8
BLACK
6
CONTINUOUS
10
-0.2145410236220472
20
0.5295529921259843
11
-0.2144876771653543
21
0.5295349606299212
0
LINE
8
BLACK
6
CONTINUOUS
10
-0.2144876771653543
20
0.5295349606299212
11
-0.2143470866141732
21
0.5295211023622047
0
LINE
8
BLACK
6
CONTINUOUS
10
-0.2143470866141732
20
0.5295211023622047
11
-0.2139038976377953
21
0.5293375196850394
0
LINE
8
BLACK
6
CONTINUOUS
10
-0.2139038976377953
20
0.5293375196850394
11
-0.2134496456692913
21
0.5291838976377953
0
LINE
8
BLACK
6
CONTINUOUS
10
-0.2134496456692913
20
0.5291838976377953
11
-0.2133746850393701
21
0.5291183464566929
0
LINE
8
BLACK
6
CONTINUOUS
10
-0.2133746850393701
20
0.5291183464566929
11
-0.2132826771653543
21
0.5290801968503936
0
LINE
8
BLACK
6
CONTINUOUS
10
-0.2132826771653543
20
0.5290801968503936
11
-0.2129437007874016
21
0.528741220472441
0
LINE
8
BLACK
6
CONTINUOUS
10
-0.2129437007874016
20
0.528741220472441
11
-0.2125825590551181
21
0.5284252362204724
0
LINE
8
BLACK
6
CONTINUOUS
10
-0.2125825590551181
20
0.5284252362204724
11
-0.2125383858267716
21
0.528335905511811
0
LINE
8
BLACK
6
CONTINUOUS
10
-0.2125383858267716
20
0.528335905511811
11
-0.212468031496063
21
0.5282655511811023
0
LINE
8
BLACK
6
CONTINUOUS
10
-0.212468031496063
20
0.5282655511811023
11
-0.2122845669291339
21
0.5278226377952756
0
LINE
8
BLACK
6
CONTINUOUS
10
-0.2122845669291339
20
0.5278226377952756
11
-0.2120718503937008
21
0.5273924803149607
0
LINE
8
BLACK
6
CONTINUOUS
10
-0.2120718503937008
20
0.5273924803149607
11
-0.2120652362204724
21
0.5272931496062992
0
LINE
8
BLACK
6
CONTINUOUS
10
-0.2120652362204724
20
0.5272931496062992
11
-0.212027125984252
21
0.5272011417322835
0
LINE
8
BLACK
6
CONTINUOUS
10
-0.212027125984252
20
0.5272011417322835
11
-0.212027125984252
21
0.5267214566929134
0
LINE
8
BLACK
6
CONTINUOUS
10
-0.212027125984252
20
0.5267214566929134
11
-0.2119952362204724
21
0.5262429527559055
0
LINE
8
BLACK
6
CONTINUOUS
10
-0.2119952362204724
20
0.5262429527559055
11
-0.212027125984252
21
0.5261486614173229
0
LINE
8
BLACK
6
CONTINUOUS
10
-0.212027125984252
20
0.5261486614173229
11
-0.212027125984252
21
0.5260490157480315
0
LINE
8
BLACK
6
CONTINUOUS
10
-0.212027125984252
20
0.5260490157480315
11
-0.2122107480314961
21
0.5256058267716536
0
LINE
8
BLACK
6
CONTINUOUS
10
-0.2122107480314961
20
0.5256058267716536
11
-0.2123643307086614
21
0.5251515748031496
0
LINE
8
BLACK
6
CONTINUOUS
10
-0.2123643307086614
20
0.5251515748031496
11
-0.2124302755905512
21
0.5250758267716535
0
LINE
8
BLACK
6
CONTINUOUS
10
-0.2124302755905512
20
0.5250758267716535
11
-0.212468031496063
21
0.5249846062992126
0
LINE
8
BLACK
6
CONTINUOUS
10
-0.212468031496063
20
0.5249846062992126
11
-0.2127882283464567
21
0.5246644488188976
0
LINE
8
BLACK
6
CONTINUOUS
10
-0.2127882283464567
20
0.5246644488188976
11
-0.2216537007874016
21
0.5144757086614173
0
LINE
8
BLACK
6
CONTINUOUS
10
-0.2216537007874016
20
0.5144757086614173
11
-0.2216423228346457
21
0.5144748818897638
0
LINE
8
BLACK
6
CONTINUOUS
10
-0.2216423228346457
20
0.5144748818897638
11
-0.2211307874015748
21
0.5142266929133859
0
LINE
8
BLACK
6
CONTINUOUS
10
-0.2211307874015748
20
0.5142266929133859
11
-0.2207817322834646
21
0.5140820866141732
0
LINE
8
BLACK
6
CONTINUOUS
10
-0.2207817322834646
20
0.5140820866141732
11
-0.2207336220472441
21
0.5140339763779528
0
LINE
8
BLACK
6
CONTINUOUS
10
-0.2207336220472441
20
0.5140339763779528
11
-0.2173521653543307
21
0.5123932283464567
0
LINE
8
BLACK
6
CONTINUOUS
10
-0.2173521653543307
20
0.5123932283464567
11
-0.2171041732283465
21
0.5122371653543307
0
LINE
8
BLACK
6
CONTINUOUS
10
-0.2171041732283465
20
0.5122371653543307
11
-0.2170322047244095
21
0.5122073228346457
0
LINE
8
BLACK
6
CONTINUOUS
10
-0.2170322047244095
20
0.5122073228346457
11
-0.2169861417322834
21
0.5121628346456693
0
LINE
8
BLACK
6
CONTINUOUS
10
-0.2169861417322834
20
0.5121628346456693
11
-0.2168622834645669
21
0.5120848818897638
0
LINE
8
BLACK
6
CONTINUOUS
10
-0.2168622834645669
20
0.5120848818897638
11
-0.2166405511811024
21
0.5118292125984252
0
LINE
8
BLACK
6
CONTINUOUS
10
-0.2166405511811024
20
0.5118292125984252
11
-0.21471
21
0.5099653543307087
0
LINE
8
BLACK
6
CONTINUOUS
10
-0.21471
20
0.5099653543307087
11
-0.2145242519685039
21
0.5097390157480315
0
LINE
8
BLACK
6
CONTINUOUS
10
-0.2145242519685039
20
0.5097390157480315
11
-0.2144652362204724
21
0.5096878346456692
0
LINE
8
BLACK
6
CONTINUOUS
10
-0.2144652362204724
20
0.5096878346456692
11
-0.2144366141732283
21
0.5096322047244094
0
LINE
8
BLACK
6
CONTINUOUS
10
-0.2144366141732283
20
0.5096322047244094
11
-0.2143427952755906
21
0.5095179133858267
0
LINE
8
BLACK
6
CONTINUOUS
10
-0.2143427952755906
20
0.5095179133858267
11
-0.2141991338582677
21
0.509171062992126
0
LINE
8
BLACK
6
CONTINUOUS
10
-0.2141991338582677
20
0.509171062992126
11
-0.212282125984252
21
0.5054484251968504
0
LINE
8
BLACK
6
CONTINUOUS
10
-0.212282125984252
20
0.5054484251968504
11
-0.2120752362204724
21
0.5049078346456692
0
LINE
8
BLACK
6
CONTINUOUS
10
-0.2120752362204724
20
0.5049078346456692
11
-0.2120677165354331
21
0.504801968503937
0
LINE
8
BLACK
6
CONTINUOUS
10
-0.2120677165354331
20
0.504801968503937
11
-0.212027125984252
21
0.5047039763779527
0
LINE
8
BLACK
6
CONTINUOUS
10
-0.212027125984252
20
0.5047039763779527
11
-0.2120242125984252
21
0.5041894488188976
0
LINE
8
BLACK
6
CONTINUOUS
10
-0.2120242125984252
20
0.5041894488188976
11
-0.2119935826771653
21
0.5037586220472441
0
LINE
8
BLACK
6
CONTINUOUS
10
-0.2119935826771653
20
0.5037586220472441
11
-0.2120212992125984
21
0.5036755905511811
0
LINE
8
BLACK
6
CONTINUOUS
10
-0.2120212992125984
20
0.5036755905511811
11
-0.2119703937007874
21
0.494754094488189
0
LINE
8
BLACK
6
CONTINUOUS
10
-0.2119703937007874
20
0.494754094488189
11
-0.212027125984252
21
0.494178031496063
0
LINE
8
BLACK
6
CONTINUOUS
10
-0.212027125984252
20
0.494178031496063
11
-0.2120677165354331
21
0.4940800787401575
0
LINE
8
BLACK
6
CONTINUOUS
10
-0.2120677165354331
20
0.4940800787401575
11
-0.2120752362204724
21
0.4939741732283465
0
LINE
8
BLACK
6
CONTINUOUS
10
-0.2120752362204724
20
0.4939741732283465
11
-0.2123235826771654
21
0.4934624409448819
0
LINE
8
BLACK
6
CONTINUOUS
10
-0.2123235826771654
20
0.4934624409448819
11
-0.212468031496063
21
0.4931136220472441
0
LINE
8
BLACK
6
CONTINUOUS
10
-0.212468031496063
20
0.4931136220472441
11
-0.2125161417322834
21
0.4930655511811023
0
LINE
8
BLACK
6
CONTINUOUS
10
-0.2125161417322834
20
0.4930655511811023
11
-0.2141568897637795
21
0.4896840551181103
0
LINE
8
BLACK
6
CONTINUOUS
10
-0.2141568897637795
20
0.4896840551181103
11
-0.2143129527559055
21
0.4894361811023622
0
LINE
8
BLACK
6
CONTINUOUS
10
-0.2143129527559055
20
0.4894361811023622
11
-0.2143427559055118
21
0.4893641338582677
0
LINE
8
BLACK
6
CONTINUOUS
10
-0.2143427559055118
20
0.4893641338582677
11
-0.2143873228346457
21
0.489318031496063
0
LINE
8
BLACK
6
CONTINUOUS
10
-0.2143873228346457
20
0.489318031496063
11
-0.2144652362204724
21
0.4891941732283465
0
LINE
8
BLACK
6
CONTINUOUS
10
-0.2144652362204724
20
0.4891941732283465
11
-0.214720905511811
21
0.4889724803149606
0
LINE
8
BLACK
6
CONTINUOUS
10
-0.214720905511811
20
0.4889724803149606
11
-0.2165847244094488
21
0.4870418897637795
0
LINE
8
BLACK
6
CONTINUOUS
10
-0.2165847244094488
20
0.4870418897637795
11
-0.2168111023622047
21
0.4868561417322835
0
LINE
8
BLACK
6
CONTINUOUS
10
-0.2168111023622047
20
0.4868561417322835
11
-0.2168622834645669
21
0.4867970866141732
0
LINE
8
BLACK
6
CONTINUOUS
10
-0.2168622834645669
20
0.4867970866141732
11
-0.2169179527559055
21
0.4867684645669291
0
LINE
8
BLACK
6
CONTINUOUS
10
-0.2169179527559055
20
0.4867684645669291
11
-0.2170322047244095
21
0.4866746456692913
0
LINE
8
BLACK
6
CONTINUOUS
10
-0.2170322047244095
20
0.4866746456692913
11
-0.217379094488189
21
0.4865309842519685
0
LINE
8
BLACK
6
CONTINUOUS
10
-0.217379094488189
20
0.4865309842519685
11
-0.2211016929133858
21
0.4846139763779527
0
LINE
8
BLACK
6
CONTINUOUS
10
-0.2211016929133858
20
0.4846139763779527
11
-0.2216423228346457
21
0.4844070866141732
0
LINE
8
BLACK
6
CONTINUOUS
10
-0.2216423228346457
20
0.4844070866141732
11
-0.2217481496062992
21
0.4843996062992126
0
LINE
8
BLACK
6
CONTINUOUS
10
-0.2217481496062992
20
0.4843996062992126
11
-0.2218461417322835
21
0.4843589763779527
0
LINE
8
BLACK
6
CONTINUOUS
10
-0.2218461417322835
20
0.4843589763779527
11
-0.2223537401574803
21
0.4843565748031496
0
LINE
8
BLACK
6
CONTINUOUS
10
-0.2223537401574803
20
0.4843565748031496
11
-0.2227915354330709
21
0.4843254330708661
0
LINE
8
BLACK
6
CONTINUOUS
10
-0.2227915354330709
20
0.4843254330708661
11
-0.2228773228346457
21
0.4843540551181102
0
LINE
8
BLACK
6
CONTINUOUS
10
-0.2228773228346457
20
0.4843540551181102
11
-0.2336707874015748
21
0.4843022440944882
0
LINE
8
BLACK
6
CONTINUOUS
10
-0.2336707874015748
20
0.4843022440944882
11
-0.2342468503937008
21
0.4843589763779527
0
LINE
8
BLACK
6
CONTINUOUS
10
-0.2342468503937008
20
0.4843589763779527
11
-0.234344842519685
21
0.4843995669291338
0
LINE
8
BLACK
6
CONTINUOUS
10
-0.234344842519685
20
0.4843995669291338
11
-0.2344507086614173
21
0.4844070866141732
0
LINE
8
BLACK
6
CONTINUOUS
10
-0.2344507086614173
20
0.4844070866141732
11
-0.2349624803149606
21
0.4846554330708661
0
LINE
8
BLACK
6
CONTINUOUS
10
-0.2349624803149606
20
0.4846554330708661
11
-0.2353112598425197
21
0.4847998818897638
0
LINE
8
BLACK
6
CONTINUOUS
10
-0.2353112598425197
20
0.4847998818897638
11
-0.2353593700787402
21
0.4848479921259842
0
LINE
8
BLACK
6
CONTINUOUS
10
-0.2353593700787402
20
0.4848479921259842
11
-0.2387408267716535
21
0.4864887401574803
0
LINE
8
BLACK
6
CONTINUOUS
10
-0.2387408267716535
20
0.4864887401574803
11
-0.2389888582677165
21
0.486644842519685
0
LINE
8
BLACK
6
CONTINUOUS
10
-0.2389888582677165
20
0.486644842519685
11
-0.2390607874015748
21
0.4866746456692913
0
LINE
8
BLACK
6
CONTINUOUS
10
-0.2390607874015748
20
0.4866746456692913
11
-0.2391068897637795
21
0.4867191732283465
0
LINE
8
BLACK
6
CONTINUOUS
10
-0.2391068897637795
20
0.4867191732283465
11
-0.2392307086614173
21
0.4867970866141732
0
LINE
8
BLACK
6
CONTINUOUS
10
-0.2392307086614173
20
0.4867970866141732
11
-0.2394525196850394
21
0.487052874015748
0
LINE
8
BLACK
6
CONTINUOUS
10
-0.2394525196850394
20
0.487052874015748
11
-0.241383031496063
21
0.4889166929133858
0
LINE
8
BLACK
6
CONTINUOUS
10
-0.241383031496063
20
0.4889166929133858
11
-0.2417502362204724
21
0.4893641338582677
0
LINE
8
BLACK
6
CONTINUOUS
10
-0.2417502362204724
20
0.4893641338582677
11
-0.2421911023622047
21
0.4904285433070866
0
LINE
8
BLACK
6
CONTINUOUS
10
-0.2421911023622047
20
0.4904285433070866
11
-0.2421911023622047
21
0.4915806299212598
0
LINE
8
BLACK
6
CONTINUOUS
10
-0.2421911023622047
20
0.4915806299212598
11
-0.2417501968503937
21
0.4926450393700788
0
LINE
8
BLACK
6
CONTINUOUS
10
-0.2417501968503937
20
0.4926450393700788
11
-0.2409355118110236
21
0.4934597244094488
0
LINE
8
BLACK
6
CONTINUOUS
10
-0.2409355118110236
20
0.4934597244094488
11
-0.2398711023622047
21
0.4939005905511811
0
LINE
8
BLACK
6
CONTINUOUS
10
-0.2398711023622047
20
0.4939005905511811
11
-0.2387190157480315
21
0.4939005905511811
0
LINE
8
BLACK
6
CONTINUOUS
10
-0.2387190157480315
20
0.4939005905511811
11
-0.2376546062992126
21
0.49345968503937
0
LINE
8
BLACK
6
CONTINUOUS
10
-0.2376546062992126
20
0.49345968503937
11
-0.2355933858267716
21
0.4914696456692914
0
LINE
8
BLACK
6
CONTINUOUS
10
-0.2355933858267716
20
0.4914696456692914
11
-0.2328892519685039
21
0.4901575590551181
0
LINE
8
BLACK
6
CONTINUOUS
10
-0.2328892519685039
20
0.4901575590551181
11
-0.2230341732283465
21
0.490204842519685
0
LINE
8
BLACK
6
CONTINUOUS
10
-0.2230341732283465
20
0.490204842519685
11
-0.2203285826771653
21
0.4915981102362205
0
LINE
8
BLACK
6
CONTINUOUS
10
-0.2203285826771653
20
0.4915981102362205
11
-0.2191377952755905
21
0.4928315354330708
0
LINE
8
BLACK
6
CONTINUOUS
10
-0.2191377952755905
20
0.4928315354330708
11
-0.2178269291338583
21
0.4955331496062992
0
LINE
8
BLACK
6
CONTINUOUS
10
-0.2178269291338583
20
0.4955331496062992
11
-0.2178724409448819
21
0.5035148818897638
0
LINE
8
BLACK
6
CONTINUOUS
10
-0.2178724409448819
20
0.5035148818897638
11
-0.2192662598425197
21
0.5062216141732283
0
LINE
8
BLACK
6
CONTINUOUS
10
-0.2192662598425197
20
0.5062216141732283
11
-0.2204996062992126
21
0.5074123228346457
0
LINE
8
BLACK
6
CONTINUOUS
10
-0.2204996062992126
20
0.5074123228346457
11
-0.223191811023622
21
0.5087186614173228
0
LINE
8
BLACK
6
CONTINUOUS
10
-0.223191811023622
20
0.5087186614173228
11
-0.2280464960629921
21
0.5086742125984252
0
LINE
8
BLACK
6
CONTINUOUS
10
-0.2280464960629921
20
0.5086742125984252
11
-0.2283511811023622
21
0.5087042519685039
0
LINE
8
BLACK
6
CONTINUOUS
10
-0.2283511811023622
20
0.5087042519685039
11
-0.2284286220472441
21
0.5086990551181102
0
LINE
8
BLACK
6
CONTINUOUS
10
-0.2284286220472441
20
0.5086990551181102
11
-0.2284820078740157
21
0.508717125984252
0
LINE
8
BLACK
6
CONTINUOUS
10
-0.2284820078740157
20
0.508717125984252
11
-0.2286225590551181
21
0.5087309448818897
0
LINE
8
BLACK
6
CONTINUOUS
10
-0.2286225590551181
20
0.5087309448818897
11
-0.2290657874015748
21
0.5089145669291338
0
LINE
8
BLACK
6
CONTINUOUS
10
-0.2290657874015748
20
0.5089145669291338
11
-0.22952
21
0.5090681496062992
0
LINE
8
BLACK
6
CONTINUOUS
10
-0.22952
20
0.5090681496062992
11
-0.229595
21
0.5091337401574803
0
LINE
8
BLACK
6
CONTINUOUS
10
-0.229595
20
0.5091337401574803
11
-0.229686968503937
21
0.5091718503937008
0
LINE
8
BLACK
6
CONTINUOUS
10
-0.229686968503937
20
0.5091718503937008
11
-0.2300259842519685
21
0.5095108661417322
0
LINE
8
BLACK
6
CONTINUOUS
10
-0.2300259842519685
20
0.5095108661417322
11
-0.2303870866141732
21
0.509826811023622
0
LINE
8
BLACK
6
CONTINUOUS
10
-0.2303870866141732
20
0.509826811023622
11
-0.2304312992125984
21
0.5099161811023621
0
LINE
8
BLACK
6
CONTINUOUS
10
-0.2304312992125984
20
0.5099161811023621
11
-0.2305016141732283
21
0.5099864960629921
0
LINE
8
BLACK
6
CONTINUOUS
10
-0.2305016141732283
20
0.5099864960629921
11
-0.2306851181102362
21
0.5104294488188976
0
LINE
8
BLACK
6
CONTINUOUS
10
-0.2306851181102362
20
0.5104294488188976
11
-0.2308977952755905
21
0.5108595669291338
0
LINE
8
BLACK
6
CONTINUOUS
10
-0.2308977952755905
20
0.5108595669291338
11
-0.2309044488188976
21
0.510958937007874
0
LINE
8
BLACK
6
CONTINUOUS
10
-0.2309044488188976
20
0.510958937007874
11
-0.2309425196850394
21
0.511050905511811
0
LINE
8
BLACK
6
CONTINUOUS
10
-0.2309425196850394
20
0.511050905511811
11
-0.2309425196850394
21
0.5115306299212599
0
LINE
8
BLACK
6
CONTINUOUS
10
-0.2309425196850394
20
0.5115306299212599
11
-0.2309744094488189
21
0.512009094488189
0
LINE
8
BLACK
6
CONTINUOUS
10
-0.2309744094488189
20
0.512009094488189
11
-0.2309425196850394
21
0.5121034251968504
0
LINE
8
BLACK
6
CONTINUOUS
10
-0.2309425196850394
20
0.5121034251968504
11
-0.2309425196850394
21
0.5122030314960629
0
LINE
8
BLACK
6
CONTINUOUS
10
-0.2309425196850394
20
0.5122030314960629
11
-0.230758937007874
21
0.5126462598425197
0
LINE
8
BLACK
6
CONTINUOUS
10
-0.230758937007874
20
0.5126462598425197
11
-0.2306053149606299
21
0.5131004724409449
0
LINE
8
BLACK
6
CONTINUOUS
10
-0.2306053149606299
20
0.5131004724409449
11
-0.2305394094488189
21
0.5131762598425197
0
LINE
8
BLACK
6
CONTINUOUS
10
-0.2305394094488189
20
0.5131762598425197
11
-0.2305016141732283
21
0.5132674409448819
0
LINE
8
BLACK
6
CONTINUOUS
10
-0.2305016141732283
20
0.5132674409448819
11
-0.2301814566929134
21
0.5135876377952756
0
LINE
8
BLACK
6
CONTINUOUS
10
-0.2301814566929134
20
0.5135876377952756
11
-0.2213710236220472
21
0.5237131102362205
0
LINE
8
BLACK
6
CONTINUOUS
10
-0.2213710236220472
20
0.5237131102362205
11
-0.2392950787401575
21
0.5236723228346457
0
LINE
8
BLACK
6
CONTINUOUS
10
-0.2392950787401575
20
0.5236723228346457
11
-0.2398711417322835
21
0.5237290551181102
0
LINE
8
BLACK
6
CONTINUOUS
10
-0.2398711417322835
20
0.5237290551181102
11
-0.2409355511811024
21
0.5241699606299213
0
LINE
8
BLACK
6
CONTINUOUS
10
-0.2409355511811024
20
0.5241699606299213
11
-0.2417501968503937
21
0.5249846062992126
0
LINE
8
BLACK
6
CONTINUOUS
10
-0.2417501968503937
20
0.5249846062992126
11
-0.2421911023622047
21
0.5260490157480315
0
LINE
8
BLACK
6
CONTINUOUS
10
-0.2421911023622047
20
0.5260490157480315
11
-0.2421911023622047
21
0.5272011417322835
0
LINE
8
BLACK
6
CONTINUOUS
10
-0.2421911023622047
20
0.5272011417322835
11
-0.2417501968503937
21
0.5282655511811023
0
LINE
8
BLACK
6
CONTINUOUS
10
-0.2417501968503937
20
0.5282655511811023
11
-0.2409355511811024
21
0.5290801968503936
0
LINE
8
BLACK
6
CONTINUOUS
10
-0.2409355511811024
20
0.5290801968503936
11
-0.2398711417322835
21
0.5295211023622047
0
LINE
8
BLACK
6
CONTINUOUS
10
-0.2398711417322835
20
0.5295211023622047
11
-0.2149231496062992
21
0.5295778346456693
0
LINE
8
BLACK
6
CONTINUOUS
10
-0.2149231496062992
20
0.5295778346456693
11
-0.2146185039370079
21
0.5295478346456692
0
LINE
8
BLACK
6
CONTINUOUS
10
-0.1224835826771653
20
0.5295211023622047
11
-0.1214191732283465
21
0.5290801968503936
0
LINE
8
BLACK
6
CONTINUOUS
10
-0.1214191732283465
20
0.5290801968503936
11
-0.1206045275590551
21
0.5282655511811023
0
LINE
8
BLACK
6
CONTINUOUS
10
-0.1206045275590551
20
0.5282655511811023
11
-0.1201636220472441
21
0.5272011417322835
0
LINE
8
BLACK
6
CONTINUOUS
10
-0.1201636220472441
20
0.5272011417322835
11
-0.1201636220472441
21
0.5260490157480315
0
LINE
8
BLACK
6
CONTINUOUS
10
-0.1201636220472441
20
0.5260490157480315
11
-0.1206045275590551
21
0.5249846062992126
0
LINE
8
BLACK
6
CONTINUOUS
10
-0.1206045275590551
20
0.5249846062992126
11
-0.1214191732283465
21
0.5241699606299213
0
LINE
8
BLACK
6
CONTINUOUS
10
-0.1214191732283465
20
0.5241699606299213
11
-0.1224835826771653
21
0.5237290551181102
0
LINE
8
BLACK
6
CONTINUOUS
10
-0.1224835826771653
20
0.5237290551181102
11
-0.139181811023622
21
0.5236800393700787
0
LINE
8
BLACK
6
CONTINUOUS
10
-0.139181811023622
20
0.5236800393700787
11
-0.1401329527559055
21
0.5138794094488189
0
LINE
8
BLACK
6
CONTINUOUS
10
-0.1401329527559055
20
0.5138794094488189
11
-0.1393782677165354
21
0.5142679921259843
0
LINE
8
BLACK
6
CONTINUOUS
10
-0.1393782677165354
20
0.5142679921259843
11
-0.1388376771653543
21
0.5144748818897638
0
LINE
8
BLACK
6
CONTINUOUS
10
-0.1388376771653543
20
0.5144748818897638
11
-0.138731811023622
21
0.5144824409448818
0
LINE
8
BLACK
6
CONTINUOUS
10
-0.138731811023622
20
0.5144824409448818
11
-0.1386338188976378
21
0.5145229921259843
0
LINE
8
BLACK
6
CONTINUOUS
10
-0.1386338188976378
20
0.5145229921259843
11
-0.1381192913385827
21
0.5145259448818897
0
LINE
8
BLACK
6
CONTINUOUS
10
-0.1381192913385827
20
0.5145259448818897
11
-0.1376884645669291
21
0.5145565354330709
0
LINE
8
BLACK
6
CONTINUOUS
10
-0.1376884645669291
20
0.5145565354330709
11
-0.1376054330708661
21
0.5145288582677165
0
LINE
8
BLACK
6
CONTINUOUS
10
-0.1376054330708661
20
0.5145288582677165
11
-0.128683937007874
21
0.5145797244094488
0
LINE
8
BLACK
6
CONTINUOUS
10
-0.128683937007874
20
0.5145797244094488
11
-0.128107874015748
21
0.5145229921259843
0
LINE
8
BLACK
6
CONTINUOUS
10
-0.128107874015748
20
0.5145229921259843
11
-0.1280098818897638
21
0.5144824015748032
0
LINE
8
BLACK
6
CONTINUOUS
10
-0.1280098818897638
20
0.5144824015748032
11
-0.1279040551181102
21
0.5144748818897638
0
LINE
8
BLACK
6
CONTINUOUS
10
-0.1279040551181102
20
0.5144748818897638
11
-0.1273925196850394
21
0.5142266929133859
0
LINE
8
BLACK
6
CONTINUOUS
10
-0.1273925196850394
20
0.5142266929133859
11
-0.1270434645669291
21
0.5140820866141732
0
LINE
8
BLACK
6
CONTINUOUS
10
-0.1270434645669291
20
0.5140820866141732
11
-0.1269953543307087
21
0.5140339763779528
0
LINE
8
BLACK
6
CONTINUOUS
10
-0.1269953543307087
20
0.5140339763779528
11
-0.1236138976377953
21
0.5123932283464567
0
LINE
8
BLACK
6
CONTINUOUS
10
-0.1236138976377953
20
0.5123932283464567
11
-0.123365905511811
21
0.5122371653543307
0
LINE
8
BLACK
6
CONTINUOUS
10
-0.123365905511811
20
0.5122371653543307
11
-0.123293937007874
21
0.5122073228346457
0
LINE
8
BLACK
6
CONTINUOUS
10
-0.123293937007874
20
0.5122073228346457
11
-0.123247874015748
21
0.5121628346456693
0
LINE
8
BLACK
6
CONTINUOUS
10
-0.123247874015748
20
0.5121628346456693
11
-0.1231240157480315
21
0.5120848818897638
0
LINE
8
BLACK
6
CONTINUOUS
10
-0.1231240157480315
20
0.5120848818897638
11
-0.1229022834645669
21
0.5118292125984252
0
LINE
8
BLACK
6
CONTINUOUS
10
-0.1229022834645669
20
0.5118292125984252
11
-0.1209717322834646
21
0.5099653543307087
0
LINE
8
BLACK
6
CONTINUOUS
10
-0.1209717322834646
20
0.5099653543307087
11
-0.1207859842519685
21
0.5097390157480315
0
LINE
8
BLACK
6
CONTINUOUS
10
-0.1207859842519685
20
0.5097390157480315
11
-0.120726968503937
21
0.5096878346456692
0
LINE
8
BLACK
6
CONTINUOUS
10
-0.120726968503937
20
0.5096878346456692
11
-0.1206983464566929
21
0.5096322047244094
0
LINE
8
BLACK
6
CONTINUOUS
10
-0.1206983464566929
20
0.5096322047244094
11
-0.1206045275590551
21
0.5095179133858267
0
LINE
8
BLACK
6
CONTINUOUS
10
-0.1206045275590551
20
0.5095179133858267
11
-0.1204608661417323
21
0.509171062992126
0
LINE
8
BLACK
6
CONTINUOUS
10
-0.1204608661417323
20
0.509171062992126
11
-0.1185438582677165
21
0.5054484251968504
0
LINE
8
BLACK
6
CONTINUOUS
10
-0.1185438582677165
20
0.5054484251968504
11
-0.118336968503937
21
0.5049078346456692
0
LINE
8
BLACK
6
CONTINUOUS
10
-0.118336968503937
20
0.5049078346456692
11
-0.1183294488188976
21
0.504801968503937
0
LINE
8
BLACK
6
CONTINUOUS
10
-0.1183294488188976
20
0.504801968503937
11
-0.1182888582677165
21
0.5047039763779527
0
LINE
8
BLACK
6
CONTINUOUS
10
-0.1182888582677165
20
0.5047039763779527
11
-0.1182859448818898
21
0.5041894488188976
0
LINE
8
BLACK
6
CONTINUOUS
10
-0.1182859448818898
20
0.5041894488188976
11
-0.1182553149606299
21
0.5037586220472441
0
LINE
8
BLACK
6
CONTINUOUS
10
-0.1182553149606299
20
0.5037586220472441
11
-0.118283031496063
21
0.5036755905511811
0
LINE
8
BLACK
6
CONTINUOUS
10
-0.118283031496063
20
0.5036755905511811
11
-0.118232125984252
21
0.494754094488189
0
LINE
8
BLACK
6
CONTINUOUS
10
-0.118232125984252
20
0.494754094488189
11
-0.1182888582677165
21
0.494178031496063
0
LINE
8
BLACK
6
CONTINUOUS
10
-0.1182888582677165
20
0.494178031496063
11
-0.1183294488188976
21
0.4940800787401575
0
LINE
8
BLACK
6
CONTINUOUS
10
-0.1183294488188976
20
0.4940800787401575
11
-0.118336968503937
21
0.4939741732283465
0
LINE
8
BLACK
6
CONTINUOUS
10
-0.118336968503937
20
0.4939741732283465
11
-0.1185853149606299
21
0.4934624409448819
0
LINE
8
BLACK
6
CONTINUOUS
10
-0.1185853149606299
20
0.4934624409448819
11
-0.1187297637795276
21
0.4931136220472441
0
LINE
8
BLACK
6
CONTINUOUS
10
-0.1187297637795276
20
0.4931136220472441
11
-0.118777874015748
21
0.4930655511811023
0
LINE
8
BLACK
6
CONTINUOUS
10
-0.118777874015748
20
0.4930655511811023
11
-0.1204186220472441
21
0.4896840551181103
0
LINE
8
BLACK
6
CONTINUOUS
10
-0.1204186220472441
20
0.4896840551181103
11
-0.1205746850393701
21
0.4894361811023622
0
LINE
8
BLACK
6
CONTINUOUS
10
-0.1205746850393701
20
0.4894361811023622
11
-0.1206044881889764
21
0.4893641338582677
0
LINE
8
BLACK
6
CONTINUOUS
10
-0.1206044881889764
20
0.4893641338582677
11
-0.1206490551181102
21
0.489318031496063
0
LINE
8
BLACK
6
CONTINUOUS
10
-0.1206490551181102
20
0.489318031496063
11
-0.120726968503937
21
0.4891941732283465
0
LINE
8
BLACK
6
CONTINUOUS
10
-0.120726968503937
20
0.4891941732283465
11
-0.1209826377952756
21
0.4889724803149606
0
LINE
8
BLACK
6
CONTINUOUS
10
-0.1209826377952756
20
0.4889724803149606
11
-0.1228464566929134
21
0.4870418897637795
0
LINE
8
BLACK
6
CONTINUOUS
10
-0.1228464566929134
20
0.4870418897637795
11
-0.1230728346456693
21
0.4868561417322835
0
LINE
8
BLACK
6
CONTINUOUS
10
-0.1230728346456693
20
0.4868561417322835
11
-0.1231240157480315
21
0.4867970866141732
0
LINE
8
BLACK
6
CONTINUOUS
10
-0.1231240157480315
20
0.4867970866141732
11
-0.1231796850393701
21
0.4867684645669291
0
LINE
8
BLACK
6
CONTINUOUS
10
-0.1231796850393701
20
0.4867684645669291
11
-0.123293937007874
21
0.4866746456692913
0
LINE
8
BLACK
6
CONTINUOUS
10
-0.123293937007874
20
0.4866746456692913
11
-0.1236408267716535
21
0.4865309842519685
0
LINE
8
BLACK
6
CONTINUOUS
10
-0.1236408267716535
20
0.4865309842519685
11
-0.1273634251968504
21
0.4846139763779527
0
LINE
8
BLACK
6
CONTINUOUS
10
-0.1273634251968504
20
0.4846139763779527
11
-0.1279040551181102
21
0.4844070866141732
0
LINE
8
BLACK
6
CONTINUOUS
10
-0.1279040551181102
20
0.4844070866141732
11
-0.1280098818897638
21
0.4843996062992126
0
LINE
8
BLACK
6
CONTINUOUS
10
-0.1280098818897638
20
0.4843996062992126
11
-0.128107874015748
21
0.4843589763779527
0
LINE
8
BLACK
6
CONTINUOUS
10
-0.128107874015748
20
0.4843589763779527
11
-0.1286224803149606
21
0.484356062992126
0
LINE
8
BLACK
6
CONTINUOUS
10
-0.1286224803149606
20
0.484356062992126
11
-0.1290532677165354
21
0.4843254330708661
0
LINE
8
BLACK
6
CONTINUOUS
10
-0.1290532677165354
20
0.4843254330708661
11
-0.1291363385826772
21
0.4843531496062992
0
LINE
8
BLACK
6
CONTINUOUS
10
-0.1291363385826772
20
0.4843531496062992
11
-0.1380577559055118
21
0.4843022440944882
0
LINE
8
BLACK
6
CONTINUOUS
10
-0.1380577559055118
20
0.4843022440944882
11
-0.1386338188976378
21
0.4843589763779527
0
LINE
8
BLACK
6
CONTINUOUS
10
-0.1386338188976378
20
0.4843589763779527
11
-0.138731811023622
21
0.4843995669291338
0
LINE
8
BLACK
6
CONTINUOUS
10
-0.138731811023622
20
0.4843995669291338
11
-0.1388376771653543
21
0.4844070866141732
0
LINE
8
BLACK
6
CONTINUOUS
10
-0.1388376771653543
20
0.4844070866141732
11
-0.1393494488188976
21
0.4846554330708661
0
LINE
8
BLACK
6
CONTINUOUS
10
-0.1393494488188976
20
0.4846554330708661
11
-0.1396982283464567
21
0.4847998818897638
0
LINE
8
BLACK
6
CONTINUOUS
10
-0.1396982283464567
20
0.4847998818897638
11
-0.1397463385826772
21
0.4848479921259842
0
LINE
8
BLACK
6
CONTINUOUS
10
-0.1397463385826772
20
0.4848479921259842
11
-0.1431277952755906
21
0.4864887401574803
0
LINE
8
BLACK
6
CONTINUOUS
10
-0.1431277952755906
20
0.4864887401574803
11
-0.1433758267716535
21
0.486644842519685
0
LINE
8
BLACK
6
CONTINUOUS
10
-0.1433758267716535
20
0.486644842519685
11
-0.1434477559055118
21
0.4866746456692913
0
LINE
8
BLACK
6
CONTINUOUS
10
-0.1434477559055118
20
0.4866746456692913
11
-0.1434938582677165
21
0.4867191732283465
0
LINE
8
BLACK
6
CONTINUOUS
10
-0.1434938582677165
20
0.4867191732283465
11
-0.1436176771653543
21
0.4867970866141732
0
LINE
8
BLACK
6
CONTINUOUS
10
-0.1436176771653543
20
0.4867970866141732
11
-0.1438394881889764
21
0.487052874015748
0
LINE
8
BLACK
6
CONTINUOUS
10
-0.1438394881889764
20
0.487052874015748
11
-0.14577
21
0.4889166929133858
0
LINE
8
BLACK
6
CONTINUOUS
10
-0.14577
20
0.4889166929133858
11
-0.1461372047244094
21
0.4893641338582677
0
LINE
8
BLACK
6
CONTINUOUS
10
-0.1461372047244094
20
0.4893641338582677
11
-0.1465780708661417
21
0.4904285433070866
0
LINE
8
BLACK
6
CONTINUOUS
10
-0.1465780708661417
20
0.4904285433070866
11
-0.1465780708661417
21
0.4915806299212598
0
LINE
8
BLACK
6
CONTINUOUS
10
-0.1465780708661417
20
0.4915806299212598
11
-0.1461371653543307
21
0.4926450393700788
0
LINE
8
BLACK
6
CONTINUOUS
10
-0.1461371653543307
20
0.4926450393700788
11
-0.1453224803149606
21
0.4934597244094488
0
LINE
8
BLACK
6
CONTINUOUS
10
-0.1453224803149606
20
0.4934597244094488
11
-0.1442580708661417
21
0.4939005905511811
0
LINE
8
BLACK
6
CONTINUOUS
10
-0.1442580708661417
20
0.4939005905511811
11
-0.1431059842519685
21
0.4939005905511811
0
LINE
8
BLACK
6
CONTINUOUS
10
-0.1431059842519685
20
0.4939005905511811
11
-0.1420415748031496
21
0.49345968503937
0
LINE
8
BLACK
6
CONTINUOUS
10
-0.1420415748031496
20
0.49345968503937
11
-0.1399803543307087
21
0.4914696456692914
0
LINE
8
BLACK
6
CONTINUOUS
10
-0.1399803543307087
20
0.4914696456692914
11
-0.1372787401574803
21
0.490158779527559
0
LINE
8
BLACK
6
CONTINUOUS
10
-0.1372787401574803
20
0.490158779527559
11
-0.1292970078740157
21
0.4902042913385827
0
LINE
8
BLACK
6
CONTINUOUS
10
-0.1292970078740157
20
0.4902042913385827
11
-0.1265903149606299
21
0.4915981102362205
0
LINE
8
BLACK
6
CONTINUOUS
10
-0.1265903149606299
20
0.4915981102362205
11
-0.1253995275590551
21
0.4928315354330708
0
LINE
8
BLACK
6
CONTINUOUS
10
-0.1253995275590551
20
0.4928315354330708
11
-0.1240886614173228
21
0.4955331496062992
0
LINE
8
BLACK
6
CONTINUOUS
10
-0.1240886614173228
20
0.4955331496062992
11
-0.1241341732283465
21
0.5035148818897638
0
LINE
8
BLACK
6
CONTINUOUS
10
-0.1241341732283465
20
0.5035148818897638
11
-0.1255279921259843
21
0.5062216141732283
0
LINE
8
BLACK
6
CONTINUOUS
10
-0.1255279921259843
20
0.5062216141732283
11
-0.1267613385826772
21
0.5074123228346457
0
LINE
8
BLACK
6
CONTINUOUS
10
-0.1267613385826772
20
0.5074123228346457
11
-0.1294629921259842
21
0.5087232283464567
0
LINE
8
BLACK
6
CONTINUOUS
10
-0.1294629921259842
20
0.5087232283464567
11
-0.1374447244094488
21
0.508677716535433
0
LINE
8
BLACK
6
CONTINUOUS
10
-0.1374447244094488
20
0.508677716535433
11
-0.1401514566929134
21
0.5072838976377952
0
LINE
8
BLACK
6
CONTINUOUS
10
-0.1401514566929134
20
0.5072838976377952
11
-0.1415941338582677
21
0.5057895275590552
0
LINE
8
BLACK
6
CONTINUOUS
10
-0.1415941338582677
20
0.5057895275590552
11
-0.1420415748031496
21
0.5054223228346456
0
LINE
8
BLACK
6
CONTINUOUS
10
-0.1420415748031496
20
0.5054223228346456
11
-0.142178937007874
21
0.5053654330708661
0
LINE
8
BLACK
6
CONTINUOUS
10
-0.142178937007874
20
0.5053654330708661
11
-0.1422940157480315
21
0.5052712598425196
0
LINE
8
BLACK
6
CONTINUOUS
10
-0.1422940157480315
20
0.5052712598425196
11
-0.1427074015748031
21
0.5051465748031496
0
LINE
8
BLACK
6
CONTINUOUS
10
-0.1427074015748031
20
0.5051465748031496
11
-0.1431060236220472
21
0.5049814173228346
0
LINE
8
BLACK
6
CONTINUOUS
10
-0.1431060236220472
20
0.5049814173228346
11
-0.1432546456692913
21
0.5049814173228346
0
LINE
8
BLACK
6
CONTINUOUS
10
-0.1432546456692913
20
0.5049814173228346
11
-0.1433970078740157
21
0.5049384645669291
0
LINE
8
BLACK
6
CONTINUOUS
10
-0.1433970078740157
20
0.5049384645669291
11
-0.1438265354330709
21
0.5049814173228346
0
LINE
8
BLACK
6
CONTINUOUS
10
-0.1438265354330709
20
0.5049814173228346
11
-0.1442580708661417
21
0.5049814173228346
0
LINE
8
BLACK
6
CONTINUOUS
10
-0.1442580708661417
20
0.5049814173228346
11
-0.1443954330708661
21
0.5050383464566929
0
LINE
8
BLACK
6
CONTINUOUS
10
-0.1443954330708661
20
0.5050383464566929
11
-0.1445434251968504
21
0.5050531102362205
0
LINE
8
BLACK
6
CONTINUOUS
10
-0.1445434251968504
20
0.5050531102362205
11
-0.1449238188976378
21
0.5052571653543307
0
LINE
8
BLACK
6
CONTINUOUS
10
-0.1449238188976378
20
0.5052571653543307
11
-0.1453225196850394
21
0.5054223228346456
0
LINE
8
BLACK
6
CONTINUOUS
10
-0.1453225196850394
20
0.5054223228346456
11
-0.1454277165354331
21
0.5055275196850394
0
LINE
8
BLACK
6
CONTINUOUS
10
-0.1454277165354331
20
0.5055275196850394
11
-0.1455586614173228
21
0.5055977559055118
0
LINE
8
BLACK
6
CONTINUOUS
10
-0.1455586614173228
20
0.5055977559055118
11
-0.1458319291338583
21
0.5059317322834646
0
LINE
8
BLACK
6
CONTINUOUS
10
-0.1458319291338583
20
0.5059317322834646
11
-0.1461371653543307
21
0.506236968503937
0
LINE
8
BLACK
6
CONTINUOUS
10
-0.1461371653543307
20
0.506236968503937
11
-0.146194094488189
21
0.5063743307086614
0
LINE
8
BLACK
6
CONTINUOUS
10
-0.146194094488189
20
0.5063743307086614
11
-0.1462882283464567
21
0.5064894094488189
0
LINE
8
BLACK
6
CONTINUOUS
10
-0.1462882283464567
20
0.5064894094488189
11
-0.1464129527559055
21
0.5069027952755906
0
LINE
8
BLACK
6
CONTINUOUS
10
-0.1464129527559055
20
0.5069027952755906
11
-0.1465780708661417
21
0.5073014173228346
0
LINE
8
BLACK
6
CONTINUOUS
10
-0.1465780708661417
20
0.5073014173228346
11
-0.1465780708661417
21
0.5074500787401575
0
LINE
8
BLACK
6
CONTINUOUS
10
-0.1465780708661417
20
0.5074500787401575
11
-0.1466210236220472
21
0.5075924015748031
0
LINE
8
BLACK
6
CONTINUOUS
10
-0.1466210236220472
20
0.5075924015748031
11
-0.1465780708661417
21
0.508035
0
LINE
8
BLACK
6
CONTINUOUS
10
-0.1465780708661417
20
0.508035
11
-0.1465780708661417
21
0.5084534645669291
0
LINE
8
BLACK
6
CONTINUOUS
10
-0.1465780708661417
20
0.5084534645669291
11
-0.1465250393700787
21
0.5085815354330708
0
LINE
8
BLACK
6
CONTINUOUS
10
-0.1465250393700787
20
0.5085815354330708
11
-0.1447453937007874
21
0.5269188976377953
0
LINE
8
BLACK
6
CONTINUOUS
10
-0.1447453937007874
20
0.5269188976377953
11
-0.1447033070866142
21
0.5271288582677165
0
LINE
8
BLACK
6
CONTINUOUS
10
-0.1447033070866142
20
0.5271288582677165
11
-0.1447033070866142
21
0.5272011417322835
0
LINE
8
BLACK
6
CONTINUOUS
10
-0.1447033070866142
20
0.5272011417322835
11
-0.1446752362204724
21
0.5272689763779528
0
LINE
8
BLACK
6
CONTINUOUS
10
-0.1446752362204724
20
0.5272689763779528
11
-0.1446316141732283
21
0.5274864566929134
0
LINE
8
BLACK
6
CONTINUOUS
10
-0.1446316141732283
20
0.5274864566929134
11
-0.1444275984251968
21
0.5278667716535433
0
LINE
8
BLACK
6
CONTINUOUS
10
-0.1444275984251968
20
0.5278667716535433
11
-0.1442624015748031
21
0.5282655511811023
0
LINE
8
BLACK
6
CONTINUOUS
10
-0.1442624015748031
20
0.5282655511811023
11
-0.1441572440944882
21
0.5283707480314961
0
LINE
8
BLACK
6
CONTINUOUS
10
-0.1441572440944882
20
0.5283707480314961
11
-0.144086968503937
21
0.5285016929133858
0
LINE
8
BLACK
6
CONTINUOUS
10
-0.144086968503937
20
0.5285016929133858
11
-0.143753031496063
21
0.5287749606299212
0
LINE
8
BLACK
6
CONTINUOUS
10
-0.143753031496063
20
0.5287749606299212
11
-0.1434477559055118
21
0.5290801968503936
0
LINE
8
BLACK
6
CONTINUOUS
10
-0.1434477559055118
20
0.5290801968503936
11
-0.1433104330708661
21
0.529137125984252
0
LINE
8
BLACK
6
CONTINUOUS
10
-0.1433104330708661
20
0.529137125984252
11
-0.1431953149606299
21
0.5292312598425196
0
LINE
8
BLACK
6
CONTINUOUS
10
-0.1431953149606299
20
0.5292312598425196
11
-0.1427820472440945
21
0.5293559842519685
0
LINE
8
BLACK
6
CONTINUOUS
10
-0.1427820472440945
20
0.5293559842519685
11
-0.1423833464566929
21
0.5295211023622047
0
LINE
8
BLACK
6
CONTINUOUS
10
-0.1423833464566929
20
0.5295211023622047
11
-0.1422332283464567
21
0.5295215748031495
0
LINE
8
BLACK
6
CONTINUOUS
10
-0.1422332283464567
20
0.5295215748031495
11
-0.1420923228346457
21
0.5295640551181102
0
LINE
8
BLACK
6
CONTINUOUS
10
-0.1420923228346457
20
0.5295640551181102
11
-0.1416833858267716
21
0.529523188976378
0
LINE
8
BLACK
6
CONTINUOUS
10
-0.1416833858267716
20
0.529523188976378
11
-0.1230596456692913
21
0.5295778346456693
0
LINE
8
BLACK
6
CONTINUOUS
10
-0.1230596456692913
20
0.5295778346456693
11
-0.1224835826771653
21
0.5295211023622047
0
LINE
8
BLACK
6
CONTINUOUS
10
-0.1749770078740157
20
0.5295211023622047
11
-0.1749600787401575
21
0.529514094488189
0
LINE
8
BLACK
6
CONTINUOUS
10
-0.1749600787401575
20
0.529514094488189
11
-0.1749417716535433
21
0.5295138582677166
0
LINE
8
BLACK
6
CONTINUOUS
10
-0.1749417716535433
20
0.5295138582677166
11
-0.1744297244094488
21
0.5292944094488189
0
LINE
8
BLACK
6
CONTINUOUS
10
-0.1744297244094488
20
0.5292944094488189
11
-0.1739125984251969
21
0.5290801968503936
0
LINE
8
BLACK
6
CONTINUOUS
10
-0.1739125984251969
20
0.5290801968503936
11
-0.1738996456692913
21
0.5290672440944881
0
LINE
8
BLACK
6
CONTINUOUS
10
-0.1738996456692913
20
0.5290672440944881
11
-0.1738827952755906
21
0.52906
0
LINE
8
BLACK
6
CONTINUOUS
10
-0.1738827952755906
20
0.52906
11
-0.1734932283464567
21
0.5286608267716535
0
LINE
8
BLACK
6
CONTINUOUS
10
-0.1734932283464567
20
0.5286608267716535
11
-0.1730979527559055
21
0.5282655511811023
0
LINE
8
BLACK
6
CONTINUOUS
10
-0.1730979527559055
20
0.5282655511811023
11
-0.1730909448818898
21
0.5282486220472441
0
LINE
8
BLACK
6
CONTINUOUS
10
-0.1730909448818898
20
0.5282486220472441
11
-0.1730781102362205
21
0.5282354724409448
0
LINE
8
BLACK
6
CONTINUOUS
10
-0.1730781102362205
20
0.5282354724409448
11
-0.1728705118110236
21
0.5277164960629921
0
LINE
8
BLACK
6
CONTINUOUS
10
-0.1728705118110236
20
0.5277164960629921
11
-0.1726570472440945
21
0.5272011417322835
0
LINE
8
BLACK
6
CONTINUOUS
10
-0.1726570472440945
20
0.5272011417322835
11
-0.1726570472440945
21
0.5271828346456693
0
LINE
8
BLACK
6
CONTINUOUS
10
-0.1726570472440945
20
0.5271828346456693
11
-0.1726502362204724
21
0.5271657874015748
0
LINE
8
BLACK
6
CONTINUOUS
10
-0.1726502362204724
20
0.5271657874015748
11
-0.1726570472440945
21
0.5266075196850394
0
LINE
8
BLACK
6
CONTINUOUS
10
-0.1726570472440945
20
0.5266075196850394
11
-0.1726570472440945
21
0.5260490157480315
0
LINE
8
BLACK
6
CONTINUOUS
10
-0.1726570472440945
20
0.5260490157480315
11
-0.172664094488189
21
0.5260320866141732
0
LINE
8
BLACK
6
CONTINUOUS
10
-0.172664094488189
20
0.5260320866141732
11
-0.1726642913385827
21
0.5260137401574803
0
LINE
8
BLACK
6
CONTINUOUS
10
-0.1726642913385827
20
0.5260137401574803
11
-0.1729101181102362
21
0.5254381102362204
0
LINE
8
BLACK
6
CONTINUOUS
10
-0.1729101181102362
20
0.5254381102362204
11
-0.1730979527559055
21
0.5249846062992126
0
LINE
8
BLACK
6
CONTINUOUS
10
-0.1730979527559055
20
0.5249846062992126
11
-0.1731081102362205
21
0.5249744881889764
0
LINE
8
BLACK
6
CONTINUOUS
10
-0.1731081102362205
20
0.5249744881889764
11
-0.1897119291338583
21
0.4860918503937008
0
LINE
8
BLACK
6
CONTINUOUS
10
-0.1897119291338583
20
0.4860918503937008
11
-0.1899909842519685
21
0.4855847244094488
0
LINE
8
BLACK
6
CONTINUOUS
10
-0.1899909842519685
20
0.4855847244094488
11
-0.1908155511811024
21
0.4847800393700787
0
LINE
8
BLACK
6
CONTINUOUS
10
-0.1908155511811024
20
0.4847800393700787
11
-0.1918852362204724
21
0.4843521653543307
0
LINE
8
BLACK
6
CONTINUOUS
10
-0.1918852362204724
20
0.4843521653543307
11
-0.1930372440944882
21
0.4843662204724409
0
LINE
8
BLACK
6
CONTINUOUS
10
-0.1930372440944882
20
0.4843662204724409
11
-0.1940962204724409
21
0.4848200393700787
0
LINE
8
BLACK
6
CONTINUOUS
10
-0.1940962204724409
20
0.4848200393700787
11
-0.194900905511811
21
0.4856446062992126
0
LINE
8
BLACK
6
CONTINUOUS
10
-0.194900905511811
20
0.4856446062992126
11
-0.1953287795275591
21
0.4867142913385827
0
LINE
8
BLACK
6
CONTINUOUS
10
-0.1953287795275591
20
0.4867142913385827
11
-0.1953147244094488
21
0.4878662992125984
0
LINE
8
BLACK
6
CONTINUOUS
10
-0.1953147244094488
20
0.4878662992125984
11
-0.180005
21
0.5237184251968504
0
LINE
8
BLACK
6
CONTINUOUS
10
-0.180005
20
0.5237184251968504
11
-0.2017997637795275
21
0.5236723228346457
0
LINE
8
BLACK
6
CONTINUOUS
10
-0.2017997637795275
20
0.5236723228346457
11
-0.2023758267716535
21
0.5237290551181102
0
LINE
8
BLACK
6
CONTINUOUS
10
-0.2023758267716535
20
0.5237290551181102
11
-0.2034402362204724
21
0.5241699606299213
0
LINE
8
BLACK
6
CONTINUOUS
10
-0.2034402362204724
20
0.5241699606299213
11
-0.2042548818897638
21
0.5249846062992126
0
LINE
8
BLACK
6
CONTINUOUS
10
-0.2042548818897638
20
0.5249846062992126
11
-0.2046957874015748
21
0.5260490157480315
0
LINE
8
BLACK
6
CONTINUOUS
10
-0.2046957874015748
20
0.5260490157480315
11
-0.2046957874015748
21
0.5272011417322835
0
LINE
8
BLACK
6
CONTINUOUS
10
-0.2046957874015748
20
0.5272011417322835
11
-0.2042548818897638
21
0.5282655511811023
0
LINE
8
BLACK
6
CONTINUOUS
10
-0.2042548818897638
20
0.5282655511811023
11
-0.2034402362204724
21
0.5290801968503936
0
LINE
8
BLACK
6
CONTINUOUS
10
-0.2034402362204724
20
0.5290801968503936
11
-0.2023758267716535
21
0.5295211023622047
0
LINE
8
BLACK
6
CONTINUOUS
10
-0.2023758267716535
20
0.5295211023622047
11
-0.1755530708661417
21
0.5295778346456693
0
LINE
8
BLACK
6
CONTINUOUS
10
-0.1755530708661417
20
0.5295778346456693
11
-0.1749770078740157
21
0.5295211023622047
0
LINE
8
BLACK
6
CONTINUOUS
10
-0.1595379921259842
20
0.4937179921259842
11
-0.1589144881889764
21
0.4934597244094488
0
LINE
8
BLACK
6
CONTINUOUS
10
-0.1589144881889764
20
0.4934597244094488
11
-0.1589144488188976
21
0.49345968503937
0
LINE
8
BLACK
6
CONTINUOUS
10
-0.1589144488188976
20
0.49345968503937
11
-0.1565922440944882
21
0.4912176771653543
0
LINE
8
BLACK
6
CONTINUOUS
10
-0.1565922440944882
20
0.4912176771653543
11
-0.156225
21
0.4907701968503937
0
LINE
8
BLACK
6
CONTINUOUS
10
-0.156225
20
0.4907701968503937
11
-0.1557859448818898
21
0.4897101181102362
0
LINE
8
BLACK
6
CONTINUOUS
10
-0.1557859448818898
20
0.4897101181102362
11
-0.1557841338582677
21
0.4897057874015748
0
LINE
8
BLACK
6
CONTINUOUS
10
-0.1557841338582677
20
0.4897057874015748
11
-0.1557841338582677
21
0.4885537007874016
0
LINE
8
BLACK
6
CONTINUOUS
10
-0.1557841338582677
20
0.4885537007874016
11
-0.1562250393700787
21
0.4874892913385827
0
LINE
8
BLACK
6
CONTINUOUS
10
-0.1562250393700787
20
0.4874892913385827
11
-0.1584670078740157
21
0.4851670866141732
0
LINE
8
BLACK
6
CONTINUOUS
10
-0.1584670078740157
20
0.4851670866141732
11
-0.1589144488188976
21
0.4847998818897638
0
LINE
8
BLACK
6
CONTINUOUS
10
-0.1589144488188976
20
0.4847998818897638
11
-0.1599788582677165
21
0.4843589763779527
0
LINE
8
BLACK
6
CONTINUOUS
10
-0.1599788582677165
20
0.4843589763779527
11
-0.1599788976377953
21
0.4843589763779527
0
LINE
8
BLACK
6
CONTINUOUS
10
-0.1599788976377953
20
0.4843589763779527
11
-0.1611309448818898
21
0.4843589763779527
0
LINE
8
BLACK
6
CONTINUOUS
10
-0.1611309448818898
20
0.4843589763779527
11
-0.1611309842519685
21
0.4843589763779527
0
LINE
8
BLACK
6
CONTINUOUS
10
-0.1611309842519685
20
0.4843589763779527
11
-0.1621953937007874
21
0.4847998818897638
0
LINE
8
BLACK
6
CONTINUOUS
10
-0.1621953937007874
20
0.4847998818897638
11
-0.1645175984251968
21
0.4870418503937008
0
LINE
8
BLACK
6
CONTINUOUS
10
-0.1645175984251968
20
0.4870418503937008
11
-0.1648848031496063
21
0.4874892913385827
0
LINE
8
BLACK
6
CONTINUOUS
10
-0.1648848031496063
20
0.4874892913385827
11
-0.1650263779527559
21
0.487831062992126
0
LINE
8
BLACK
6
CONTINUOUS
10
-0.1650263779527559
20
0.487831062992126
11
-0.1653257086614173
21
0.4885537007874016
0
LINE
8
BLACK
6
CONTINUOUS
10
-0.1653257086614173
20
0.4885537007874016
11
-0.1653257086614173
21
0.4897057874015748
0
LINE
8
BLACK
6
CONTINUOUS
10
-0.1653257086614173
20
0.4897057874015748
11
-0.164884842519685
21
0.4907701968503937
0
LINE
8
BLACK
6
CONTINUOUS
10
-0.164884842519685
20
0.4907701968503937
11
-0.162642874015748
21
0.4930924409448819
0
LINE
8
BLACK
6
CONTINUOUS
10
-0.162642874015748
20
0.4930924409448819
11
-0.1621953937007874
21
0.49345968503937
0
LINE
8
BLACK
6
CONTINUOUS
10
-0.1621953937007874
20
0.49345968503937
11
-0.1621953543307087
21
0.4934597244094488
0
LINE
8
BLACK
6
CONTINUOUS
10
-0.1621953543307087
20
0.4934597244094488
11
-0.1615718503937008
21
0.4937179921259842
0
LINE
8
BLACK
6
CONTINUOUS
10
-0.1615718503937008
20
0.4937179921259842
11
-0.1611309842519685
21
0.4939005905511811
0
LINE
8
BLACK
6
CONTINUOUS
10
-0.1611309842519685
20
0.4939005905511811
11
-0.1599788976377953
21
0.4939005905511811
0
LINE
8
BLACK
6
CONTINUOUS
10
-0.1599788976377953
20
0.4939005905511811
11
-0.1599788582677165
21
0.4939005905511811
0
LINE
8
BLACK
6
CONTINUOUS
10
-0.1599788582677165
20
0.4939005905511811
11
-0.1595379921259842
21
0.4937179921259842
0
LINE
8
BLACK
6
CONTINUOUS
10
-0.045618188976378
20
0.5163977559055118
11
-0.0455201968503937
21
0.5163571653543307
0
LINE
8
BLACK
6
CONTINUOUS
10
-0.0455201968503937
20
0.5163571653543307
11
-0.0454143700787402
21
0.5163496456692913
0
LINE
8
BLACK
6
CONTINUOUS
10
-0.0454143700787402
20
0.5163496456692913
11
-0.0449027952755906
21
0.5161014173228347
0
LINE
8
BLACK
6
CONTINUOUS
10
-0.0449027952755906
20
0.5161014173228347
11
-0.0445537795275591
21
0.5159568503937008
0
LINE
8
BLACK
6
CONTINUOUS
10
-0.0445537795275591
20
0.5159568503937008
11
-0.0445056692913386
21
0.5159087401574803
0
LINE
8
BLACK
6
CONTINUOUS
10
-0.0445056692913386
20
0.5159087401574803
11
-0.0411241732283465
21
0.5142679921259843
0
LINE
8
BLACK
6
CONTINUOUS
10
-0.0411241732283465
20
0.5142679921259843
11
-0.041027874015748
21
0.5142073622047244
0
LINE
8
BLACK
6
CONTINUOUS
10
-0.041027874015748
20
0.5142073622047244
11
-0.0409824015748032
21
0.5141922047244094
0
LINE
8
BLACK
6
CONTINUOUS
10
-0.0409824015748032
20
0.5141922047244094
11
-0.0409258267716535
21
0.5141431496062993
0
LINE
8
BLACK
6
CONTINUOUS
10
-0.0409258267716535
20
0.5141431496062993
11
-0.0406343307086614
21
0.5139596456692913
0
LINE
8
BLACK
6
CONTINUOUS
10
-0.0406343307086614
20
0.5139596456692913
11
-0.0403918503937008
21
0.5136800393700788
0
LINE
8
BLACK
6
CONTINUOUS
10
-0.0403918503937008
20
0.5136800393700788
11
-0.0401120078740157
21
0.5134373622047244
0
LINE
8
BLACK
6
CONTINUOUS
10
-0.0401120078740157
20
0.5134373622047244
11
-0.0400106692913386
21
0.5132405511811023
0
LINE
8
BLACK
6
CONTINUOUS
10
-0.0400106692913386
20
0.5132405511811023
11
-0.0398794488188976
21
0.513089251968504
0
LINE
8
BLACK
6
CONTINUOUS
10
-0.0398794488188976
20
0.513089251968504
11
-0.0397816535433071
21
0.5127957874015748
0
LINE
8
BLACK
6
CONTINUOUS
10
-0.0397816535433071
20
0.5127957874015748
11
-0.0379288976377953
21
0.5091979527559055
0
LINE
8
BLACK
6
CONTINUOUS
10
-0.0379288976377953
20
0.5091979527559055
11
-0.0377220078740158
21
0.5086573622047244
0
LINE
8
BLACK
6
CONTINUOUS
10
-0.0377220078740158
20
0.5086573622047244
11
-0.0377144881889764
21
0.5085514960629921
0
LINE
8
BLACK
6
CONTINUOUS
10
-0.0377144881889764
20
0.5085514960629921
11
-0.0376738976377953
21
0.5084535039370078
0
LINE
8
BLACK
6
CONTINUOUS
10
-0.0376738976377953
20
0.5084535039370078
11
-0.0376725984251969
21
0.5079617322834645
0
LINE
8
BLACK
6
CONTINUOUS
10
-0.0376725984251969
20
0.5079617322834645
11
-0.0376403543307087
21
0.5075081496062992
0
LINE
8
BLACK
6
CONTINUOUS
10
-0.0376403543307087
20
0.5075081496062992
11
-0.0376711417322835
21
0.5074158661417323
0
LINE
8
BLACK
6
CONTINUOUS
10
-0.0376711417322835
20
0.5074158661417323
11
-0.0376171653543307
21
0.487255
0
LINE
8
BLACK
6
CONTINUOUS
10
-0.0376171653543307
20
0.487255
11
-0.0376738976377953
21
0.486678937007874
0
LINE
8
BLACK
6
CONTINUOUS
10
-0.0376738976377953
20
0.486678937007874
11
-0.0381148031496063
21
0.4856145275590551
0
LINE
8
BLACK
6
CONTINUOUS
10
-0.0381148031496063
20
0.4856145275590551
11
-0.0389294488188976
21
0.4847998818897638
0
LINE
8
BLACK
6
CONTINUOUS
10
-0.0389294488188976
20
0.4847998818897638
11
-0.0399938582677165
21
0.4843589763779527
0
LINE
8
BLACK
6
CONTINUOUS
10
-0.0399938582677165
20
0.4843589763779527
11
-0.0411459842519685
21
0.4843589763779527
0
LINE
8
BLACK
6
CONTINUOUS
10
-0.0411459842519685
20
0.4843589763779527
11
-0.0422103937007874
21
0.4847998818897638
0
LINE
8
BLACK
6
CONTINUOUS
10
-0.0422103937007874
20
0.4847998818897638
11
-0.0430250393700787
21
0.4856145275590551
0
LINE
8
BLACK
6
CONTINUOUS
10
-0.0430250393700787
20
0.4856145275590551
11
-0.0434659448818898
21
0.486678937007874
0
LINE
8
BLACK
6
CONTINUOUS
10
-0.0434659448818898
20
0.486678937007874
11
-0.043521062992126
21
0.507268031496063
0
LINE
8
BLACK
6
CONTINUOUS
10
-0.043521062992126
20
0.507268031496063
11
-0.044657125984252
21
0.5094741732283464
0
LINE
8
BLACK
6
CONTINUOUS
10
-0.044657125984252
20
0.5094741732283464
11
-0.0469638582677165
21
0.5105934251968504
0
LINE
8
BLACK
6
CONTINUOUS
10
-0.0469638582677165
20
0.5105934251968504
11
-0.0512013385826772
21
0.5105546456692913
0
LINE
8
BLACK
6
CONTINUOUS
10
-0.0512013385826772
20
0.5105546456692913
11
-0.0534152362204724
21
0.5094145669291339
0
LINE
8
BLACK
6
CONTINUOUS
10
-0.0534152362204724
20
0.5094145669291339
11
-0.054543188976378
21
0.50709
0
LINE
8
BLACK
6
CONTINUOUS
10
-0.054543188976378
20
0.50709
11
-0.0544900787401575
21
0.487255
0
LINE
8
BLACK
6
CONTINUOUS
10
-0.0544900787401575
20
0.487255
11
-0.054546811023622
21
0.486678937007874
0
LINE
8
BLACK
6
CONTINUOUS
10
-0.054546811023622
20
0.486678937007874
11
-0.0549877165354331
21
0.4856145275590551
0
LINE
8
BLACK
6
CONTINUOUS
10
-0.0549877165354331
20
0.4856145275590551
11
-0.0558023622047244
21
0.4847998818897638
0
LINE
8
BLACK
6
CONTINUOUS
10
-0.0558023622047244
20
0.4847998818897638
11
-0.0568667716535433
21
0.4843589763779527
0
LINE
8
BLACK
6
CONTINUOUS
10
-0.0568667716535433
20
0.4843589763779527
11
-0.0580188976377953
21
0.4843589763779527
0
LINE
8
BLACK
6
CONTINUOUS
10
-0.0580188976377953
20
0.4843589763779527
11
-0.0590833070866142
21
0.4847998818897638
0
LINE
8
BLACK
6
CONTINUOUS
10
-0.0590833070866142
20
0.4847998818897638
11
-0.0598979527559055
21
0.4856145275590551
0
LINE
8
BLACK
6
CONTINUOUS
10
-0.0598979527559055
20
0.4856145275590551
11
-0.0603388582677165
21
0.486678937007874
0
LINE
8
BLACK
6
CONTINUOUS
10
-0.0603388582677165
20
0.486678937007874
11
-0.0603939763779528
21
0.507268031496063
0
LINE
8
BLACK
6
CONTINUOUS
10
-0.0603939763779528
20
0.507268031496063
11
-0.0615300393700787
21
0.5094741338582677
0
LINE
8
BLACK
6
CONTINUOUS
10
-0.0615300393700787
20
0.5094741338582677
11
-0.0638367322834646
21
0.5105934251968504
0
LINE
8
BLACK
6
CONTINUOUS
10
-0.0638367322834646
20
0.5105934251968504
11
-0.0680742125984252
21
0.5105546456692913
0
LINE
8
BLACK
6
CONTINUOUS
10
-0.0680742125984252
20
0.5105546456692913
11
-0.0707851181102362
21
0.5091586614173228
0
LINE
8
BLACK
6
CONTINUOUS
10
-0.0707851181102362
20
0.5091586614173228
11
-0.0714079527559055
21
0.5085135433070866
0
LINE
8
BLACK
6
CONTINUOUS
10
-0.0714079527559055
20
0.5085135433070866
11
-0.0713629527559055
21
0.487255
0
LINE
8
BLACK
6
CONTINUOUS
10
-0.0713629527559055
20
0.487255
11
-0.0714196850393701
21
0.486678937007874
0
LINE
8
BLACK
6
CONTINUOUS
10
-0.0714196850393701
20
0.486678937007874
11
-0.0718605905511811
21
0.4856145275590551
0
LINE
8
BLACK
6
CONTINUOUS
10
-0.0718605905511811
20
0.4856145275590551
11
-0.0726752362204724
21
0.4847998818897638
0
LINE
8
BLACK
6
CONTINUOUS
10
-0.0726752362204724
20
0.4847998818897638
11
-0.0737396456692913
21
0.4843589763779527
0
LINE
8
BLACK
6
CONTINUOUS
10
-0.0737396456692913
20
0.4843589763779527
11
-0.0748917716535433
21
0.4843589763779527
0
LINE
8
BLACK
6
CONTINUOUS
10
-0.0748917716535433
20
0.4843589763779527
11
-0.0759561811023622
21
0.4847998818897638
0
LINE
8
BLACK
6
CONTINUOUS
10
-0.0759561811023622
20
0.4847998818897638
11
-0.0767708267716535
21
0.4856145275590551
0
LINE
8
BLACK
6
CONTINUOUS
10
-0.0767708267716535
20
0.4856145275590551
11
-0.0772117322834646
21
0.486678937007874
0
LINE
8
BLACK
6
CONTINUOUS
10
-0.0772117322834646
20
0.486678937007874
11
-0.0772684645669291
21
0.5135017322834645
0
LINE
8
BLACK
6
CONTINUOUS
10
-0.0772684645669291
20
0.5135017322834645
11
-0.0772117322834646
21
0.5140777952755905
0
LINE
8
BLACK
6
CONTINUOUS
10
-0.0772117322834646
20
0.5140777952755905
11
-0.0767708267716535
21
0.5151422047244094
0
LINE
8
BLACK
6
CONTINUOUS
10
-0.0767708267716535
20
0.5151422047244094
11
-0.0759561811023622
21
0.5159568503937008
0
LINE
8
BLACK
6
CONTINUOUS
10
-0.0759561811023622
20
0.5159568503937008
11
-0.0748917716535433
21
0.5163977559055118
0
LINE
8
BLACK
6
CONTINUOUS
10
-0.0748917716535433
20
0.5163977559055118
11
-0.0737396456692913
21
0.5163977559055118
0
LINE
8
BLACK
6
CONTINUOUS
10
-0.0737396456692913
20
0.5163977559055118
11
-0.0726752362204724
21
0.5159568503937008
0
LINE
8
BLACK
6
CONTINUOUS
10
-0.0726752362204724
20
0.5159568503937008
11
-0.0718926771653543
21
0.5151742913385826
0
LINE
8
BLACK
6
CONTINUOUS
10
-0.0718926771653543
20
0.5151742913385826
11
-0.0700119291338583
21
0.5161427559055118
0
LINE
8
BLACK
6
CONTINUOUS
10
-0.0700119291338583
20
0.5161427559055118
11
-0.0694713385826772
21
0.5163496456692913
0
LINE
8
BLACK
6
CONTINUOUS
10
-0.0694713385826772
20
0.5163496456692913
11
-0.0693654724409449
21
0.5163572047244095
0
LINE
8
BLACK
6
CONTINUOUS
10
-0.0693654724409449
20
0.5163572047244095
11
-0.0692674803149606
21
0.5163977559055118
0
LINE
8
BLACK
6
CONTINUOUS
10
-0.0692674803149606
20
0.5163977559055118
11
-0.0687242913385827
21
0.5164027559055118
0
LINE
8
BLACK
6
CONTINUOUS
10
-0.0687242913385827
20
0.5164027559055118
11
-0.068322125984252
21
0.5164312992125984
0
LINE
8
BLACK
6
CONTINUOUS
10
-0.068322125984252
20
0.5164312992125984
11
-0.0682494488188976
21
0.5164070866141732
0
LINE
8
BLACK
6
CONTINUOUS
10
-0.0682494488188976
20
0.5164070866141732
11
-0.063067125984252
21
0.5164544881889763
0
LINE
8
BLACK
6
CONTINUOUS
10
-0.063067125984252
20
0.5164544881889763
11
-0.062491062992126
21
0.5163977559055118
0
LINE
8
BLACK
6
CONTINUOUS
10
-0.062491062992126
20
0.5163977559055118
11
-0.0623930708661417
21
0.5163571653543307
0
LINE
8
BLACK
6
CONTINUOUS
10
-0.0623930708661417
20
0.5163571653543307
11
-0.0622872440944882
21
0.5163496456692913
0
LINE
8
BLACK
6
CONTINUOUS
10
-0.0622872440944882
20
0.5163496456692913
11
-0.0617757086614173
21
0.5161014566929134
0
LINE
8
BLACK
6
CONTINUOUS
10
-0.0617757086614173
20
0.5161014566929134
11
-0.0614266535433071
21
0.5159568503937008
0
LINE
8
BLACK
6
CONTINUOUS
10
-0.0614266535433071
20
0.5159568503937008
11
-0.0613785433070866
21
0.5159087401574803
0
LINE
8
BLACK
6
CONTINUOUS
10
-0.0613785433070866
20
0.5159087401574803
11
-0.0579970866141732
21
0.5142679921259843
0
LINE
8
BLACK
6
CONTINUOUS
10
-0.0579970866141732
20
0.5142679921259843
11
-0.0579007480314961
21
0.5142073622047244
0
LINE
8
BLACK
6
CONTINUOUS
10
-0.0579007480314961
20
0.5142073622047244
11
-0.0578553149606299
21
0.5141922047244094
0
LINE
8
BLACK
6
CONTINUOUS
10
-0.0578553149606299
20
0.5141922047244094
11
-0.0577987795275591
21
0.5141431889763779
0
LINE
8
BLACK
6
CONTINUOUS
10
-0.0577987795275591
20
0.5141431889763779
11
-0.0575072047244094
21
0.5139596456692913
0
LINE
8
BLACK
6
CONTINUOUS
10
-0.0575072047244094
20
0.5139596456692913
11
-0.0574428346456693
21
0.5138854330708661
0
LINE
8
BLACK
6
CONTINUOUS
10
-0.0574428346456693
20
0.5138854330708661
11
-0.0573784645669291
21
0.5139596456692913
0
LINE
8
BLACK
6
CONTINUOUS
10
-0.0573784645669291
20
0.5139596456692913
11
-0.0571816535433071
21
0.5140610236220472
0
LINE
8
BLACK
6
CONTINUOUS
10
-0.0571816535433071
20
0.5140610236220472
11
-0.0570303543307087
21
0.5141922047244094
0
LINE
8
BLACK
6
CONTINUOUS
10
-0.0570303543307087
20
0.5141922047244094
11
-0.0567368897637795
21
0.5142900393700788
0
LINE
8
BLACK
6
CONTINUOUS
10
-0.0567368897637795
20
0.5142900393700788
11
-0.0531390551181102
21
0.5161427559055118
0
LINE
8
BLACK
6
CONTINUOUS
10
-0.0531390551181102
20
0.5161427559055118
11
-0.0525984645669291
21
0.5163496456692913
0
LINE
8
BLACK
6
CONTINUOUS
10
-0.0525984645669291
20
0.5163496456692913
11
-0.0524925984251969
21
0.5163572047244095
0
LINE
8
BLACK
6
CONTINUOUS
10
-0.0524925984251969
20
0.5163572047244095
11
-0.0523946062992126
21
0.5163977559055118
0
LINE
8
BLACK
6
CONTINUOUS
10
-0.0523946062992126
20
0.5163977559055118
11
-0.0518514173228346
21
0.5164027559055118
0
LINE
8
BLACK
6
CONTINUOUS
10
-0.0518514173228346
20
0.5164027559055118
11
-0.0514492519685039
21
0.5164312992125984
0
LINE
8
BLACK
6
CONTINUOUS
10
-0.0514492519685039
20
0.5164312992125984
11
-0.0513765748031496
21
0.5164070866141732
0
LINE
8
BLACK
6
CONTINUOUS
10
-0.0513765748031496
20
0.5164070866141732
11
-0.0461942519685039
21
0.5164544881889763
0
LINE
8
BLACK
6
CONTINUOUS
10
-0.0461942519685039
20
0.5164544881889763
11
-0.045618188976378
21
0.5163977559055118
0
LINE
8
BLACK
6
CONTINUOUS
10
0.0068752362204724
20
0.5163977559055118
11
0.0069732283464567
21
0.5163571653543307
0
LINE
8
BLACK
6
CONTINUOUS
10
0.0069732283464567
20
0.5163571653543307
11
0.0070790551181102
21
0.5163496456692913
0
LINE
8
BLACK
6
CONTINUOUS
10
0.0070790551181102
20
0.5163496456692913
11
0.0075906299212598
21
0.5161014173228347
0
LINE
8
BLACK
6
CONTINUOUS
10
0.0075906299212598
20
0.5161014173228347
11
0.0079396456692913
21
0.5159568503937008
0
LINE
8
BLACK
6
CONTINUOUS
10
0.0079396456692913
20
0.5159568503937008
11
0.0079877559055118
21
0.5159087401574803
0
LINE
8
BLACK
6
CONTINUOUS
10
0.0079877559055118
20
0.5159087401574803
11
0.0113692519685039
21
0.5142679921259843
0
LINE
8
BLACK
6
CONTINUOUS
10
0.0113692519685039
20
0.5142679921259843
11
0.0114655511811024
21
0.5142073622047244
0
LINE
8
BLACK
6
CONTINUOUS
10
0.0114655511811024
20
0.5142073622047244
11
0.0115110236220472
21
0.5141922047244094
0
LINE
8
BLACK
6
CONTINUOUS
10
0.0115110236220472
20
0.5141922047244094
11
0.0115675984251969
21
0.5141431496062993
0
LINE
8
BLACK
6
CONTINUOUS
10
0.0115675984251969
20
0.5141431496062993
11
0.011859094488189
21
0.5139596456692913
0
LINE
8
BLACK
6
CONTINUOUS
10
0.011859094488189
20
0.5139596456692913
11
0.0121015748031496
21
0.5136800393700788
0
LINE
8
BLACK
6
CONTINUOUS
10
0.0121015748031496
20
0.5136800393700788
11
0.0123814173228346
21
0.5134373622047244
0
LINE
8
BLACK
6
CONTINUOUS
10
0.0123814173228346
20
0.5134373622047244
11
0.0124827559055118
21
0.5132405511811023
0
LINE
8
BLACK
6
CONTINUOUS
10
0.0124827559055118
20
0.5132405511811023
11
0.0126139763779528
21
0.513089251968504
0
LINE
8
BLACK
6
CONTINUOUS
10
0.0126139763779528
20
0.513089251968504
11
0.0127117716535433
21
0.5127957874015748
0
LINE
8
BLACK
6
CONTINUOUS
10
0.0127117716535433
20
0.5127957874015748
11
0.0145645275590551
21
0.5091979527559055
0
LINE
8
BLACK
6
CONTINUOUS
10
0.0145645275590551
20
0.5091979527559055
11
0.0147714173228346
21
0.5086573622047244
0
LINE
8
BLACK
6
CONTINUOUS
10
0.0147714173228346
20
0.5086573622047244
11
0.014778937007874
21
0.5085514960629921
0
LINE
8
BLACK
6
CONTINUOUS
10
0.014778937007874
20
0.5085514960629921
11
0.0148195275590551
21
0.5084535039370078
0
LINE
8
BLACK
6
CONTINUOUS
10
0.0148195275590551
20
0.5084535039370078
11
0.0148208267716535
21
0.5079617322834645
0
LINE
8
BLACK
6
CONTINUOUS
10
0.0148208267716535
20
0.5079617322834645
11
0.0148530708661417
21
0.5075081496062992
0
LINE
8
BLACK
6
CONTINUOUS
10
0.0148530708661417
20
0.5075081496062992
11
0.0148222834645669
21
0.5074158661417323
0
LINE
8
BLACK
6
CONTINUOUS
10
0.0148222834645669
20
0.5074158661417323
11
0.0148762598425197
21
0.487255
0
LINE
8
BLACK
6
CONTINUOUS
10
0.0148762598425197
20
0.487255
11
0.0148195275590551
21
0.486678937007874
0
LINE
8
BLACK
6
CONTINUOUS
10
0.0148195275590551
20
0.486678937007874
11
0.0143786220472441
21
0.4856145275590551
0
LINE
8
BLACK
6
CONTINUOUS
10
0.0143786220472441
20
0.4856145275590551
11
0.0135639763779528
21
0.4847998818897638
0
LINE
8
BLACK
6
CONTINUOUS
10
0.0135639763779528
20
0.4847998818897638
11
0.0124995669291339
21
0.4843589763779527
0
LINE
8
BLACK
6
CONTINUOUS
10
0.0124995669291339
20
0.4843589763779527
11
0.0113474409448819
21
0.4843589763779527
0
LINE
8
BLACK
6
CONTINUOUS
10
0.0113474409448819
20
0.4843589763779527
11
0.010283031496063
21
0.4847998818897638
0
LINE
8
BLACK
6
CONTINUOUS
10
0.010283031496063
20
0.4847998818897638
11
0.0094683858267717
21
0.4856145275590551
0
LINE
8
BLACK
6
CONTINUOUS
10
0.0094683858267717
20
0.4856145275590551
11
0.0090274803149606
21
0.486678937007874
0
LINE
8
BLACK
6
CONTINUOUS
10
0.0090274803149606
20
0.486678937007874
11
0.0089723622047244
21
0.507268031496063
0
LINE
8
BLACK
6
CONTINUOUS
10
0.0089723622047244
20
0.507268031496063
11
0.0078362992125984
21
0.5094741732283464
0
LINE
8
BLACK
6
CONTINUOUS
10
0.0078362992125984
20
0.5094741732283464
11
0.0055295669291339
21
0.5105934251968504
0
LINE
8
BLACK
6
CONTINUOUS
10
0.0055295669291339
20
0.5105934251968504
11
0.0012920866141732
21
0.5105546456692913
0
LINE
8
BLACK
6
CONTINUOUS
10
0.0012920866141732
20
0.5105546456692913
11
-0.000921811023622
21
0.5094145669291339
0
LINE
8
BLACK
6
CONTINUOUS
10
-0.000921811023622
20
0.5094145669291339
11
-0.0020497637795276
21
0.50709
0
LINE
8
BLACK
6
CONTINUOUS
10
-0.0020497637795276
20
0.50709
11
-0.0019966535433071
21
0.487255
0
LINE
8
BLACK
6
CONTINUOUS
10
-0.0019966535433071
20
0.487255
11
-0.0020533858267717
21
0.486678937007874
0
LINE
8
BLACK
6
CONTINUOUS
10
-0.0020533858267717
20
0.486678937007874
11
-0.0024942913385827
21
0.4856145275590551
0
LINE
8
BLACK
6
CONTINUOUS
10
-0.0024942913385827
20
0.4856145275590551
11
-0.003308937007874
21
0.4847998818897638
0
LINE
8
BLACK
6
CONTINUOUS
10
-0.003308937007874
20
0.4847998818897638
11
-0.0043733464566929
21
0.4843589763779527
0
LINE
8
BLACK
6
CONTINUOUS
10
-0.0043733464566929
20
0.4843589763779527
11
-0.0055254724409449
21
0.4843589763779527
0
LINE
8
BLACK
6
CONTINUOUS
10
-0.0055254724409449
20
0.4843589763779527
11
-0.0065898818897638
21
0.4847998818897638
0
LINE
8
BLACK
6
CONTINUOUS
10
-0.0065898818897638
20
0.4847998818897638
11
-0.0074045275590551
21
0.4856145275590551
0
LINE
8
BLACK
6
CONTINUOUS
10
-0.0074045275590551
20
0.4856145275590551
11
-0.0078454330708661
21
0.486678937007874
0
LINE
8
BLACK
6
CONTINUOUS
10
-0.0078454330708661
20
0.486678937007874
11
-0.0079005511811024
21
0.507268031496063
0
LINE
8
BLACK
6
CONTINUOUS
10
-0.0079005511811024
20
0.507268031496063
11
-0.0090366141732283
21
0.5094741338582677
0
LINE
8
BLACK
6
CONTINUOUS
10
-0.0090366141732283
20
0.5094741338582677
11
-0.0113433070866142
21
0.5105934251968504
0
LINE
8
BLACK
6
CONTINUOUS
10
-0.0113433070866142
20
0.5105934251968504
11
-0.0155807874015748
21
0.5105546456692913
0
LINE
8
BLACK
6
CONTINUOUS
10
-0.0155807874015748
20
0.5105546456692913
11
-0.0182916929133858
21
0.5091586614173228
0
LINE
8
BLACK
6
CONTINUOUS
10
-0.0182916929133858
20
0.5091586614173228
11
-0.0189145275590551
21
0.5085135433070866
0
LINE
8
BLACK
6
CONTINUOUS
10
-0.0189145275590551
20
0.5085135433070866
11
-0.0188695275590551
21
0.487255
0
LINE
8
BLACK
6
CONTINUOUS
10
-0.0188695275590551
20
0.487255
11
-0.0189262598425197
21
0.486678937007874
0
LINE
8
BLACK
6
CONTINUOUS
10
-0.0189262598425197
20
0.486678937007874
11
-0.0193671653543307
21
0.4856145275590551
0
LINE
8
BLACK
6
CONTINUOUS
10
-0.0193671653543307
20
0.4856145275590551
11
-0.020181811023622
21
0.4847998818897638
0
LINE
8
BLACK
6
CONTINUOUS
10
-0.020181811023622
20
0.4847998818897638
11
-0.0212462204724409
21
0.4843589763779527
0
LINE
8
BLACK
6
CONTINUOUS
10
-0.0212462204724409
20
0.4843589763779527
11
-0.0223983464566929
21
0.4843589763779527
0
LINE
8
BLACK
6
CONTINUOUS
10
-0.0223983464566929
20
0.4843589763779527
11
-0.0234627559055118
21
0.4847998818897638
0
LINE
8
BLACK
6
CONTINUOUS
10
-0.0234627559055118
20
0.4847998818897638
11
-0.0242774015748032
21
0.4856145275590551
0
LINE
8
BLACK
6
CONTINUOUS
10
-0.0242774015748032
20
0.4856145275590551
11
-0.0247183070866142
21
0.486678937007874
0
LINE
8
BLACK
6
CONTINUOUS
10
-0.0247183070866142
20
0.486678937007874
11
-0.0247750393700787
21
0.5135017322834645
0
LINE
8
BLACK
6
CONTINUOUS
10
-0.0247750393700787
20
0.5135017322834645
11
-0.0247183070866142
21
0.5140777952755905
0
LINE
8
BLACK
6
CONTINUOUS
10
-0.0247183070866142
20
0.5140777952755905
11
-0.0242774015748032
21
0.5151422047244094
0
LINE
8
BLACK
6
CONTINUOUS
10
-0.0242774015748032
20
0.5151422047244094
11
-0.0234627559055118
21
0.5159568503937008
0
LINE
8
BLACK
6
CONTINUOUS
10
-0.0234627559055118
20
0.5159568503937008
11
-0.0223983464566929
21
0.5163977559055118
0
LINE
8
BLACK
6
CONTINUOUS
10
-0.0223983464566929
20
0.5163977559055118
11
-0.0212462204724409
21
0.5163977559055118
0
LINE
8
BLACK
6
CONTINUOUS
10
-0.0212462204724409
20
0.5163977559055118
11
-0.020181811023622
21
0.5159568503937008
0
LINE
8
BLACK
6
CONTINUOUS
10
-0.020181811023622
20
0.5159568503937008
11
-0.0193992519685039
21
0.5151742913385826
0
LINE
8
BLACK
6
CONTINUOUS
10
-0.0193992519685039
20
0.5151742913385826
11
-0.0175185039370079
21
0.5161427559055118
0
LINE
8
BLACK
6
CONTINUOUS
10
-0.0175185039370079
20
0.5161427559055118
11
-0.0169779133858268
21
0.5163496456692913
0
LINE
8
BLACK
6
CONTINUOUS
10
-0.0169779133858268
20
0.5163496456692913
11
-0.0168720472440945
21
0.5163572047244095
0
LINE
8
BLACK
6
CONTINUOUS
10
-0.0168720472440945
20
0.5163572047244095
11
-0.0167740551181102
21
0.5163977559055118
0
LINE
8
BLACK
6
CONTINUOUS
10
-0.0167740551181102
20
0.5163977559055118
11
-0.0162308661417323
21
0.5164027559055118
0
LINE
8
BLACK
6
CONTINUOUS
10
-0.0162308661417323
20
0.5164027559055118
11
-0.0158287007874016
21
0.5164312992125984
0
LINE
8
BLACK
6
CONTINUOUS
10
-0.0158287007874016
20
0.5164312992125984
11
-0.0157560236220472
21
0.5164070866141732
0
LINE
8
BLACK
6
CONTINUOUS
10
-0.0157560236220472
20
0.5164070866141732
11
-0.0105737007874016
21
0.5164544881889763
0
LINE
8
BLACK
6
CONTINUOUS
10
-0.0105737007874016
20
0.5164544881889763
11
-0.0099976377952756
21
0.5163977559055118
0
LINE
8
BLACK
6
CONTINUOUS
10
-0.0099976377952756
20
0.5163977559055118
11
-0.0098996456692913
21
0.5163571653543307
0
LINE
8
BLACK
6
CONTINUOUS
10
-0.0098996456692913
20
0.5163571653543307
11
-0.0097938188976378
21
0.5163496456692913
0
LINE
8
BLACK
6
CONTINUOUS
10
-0.0097938188976378
20
0.5163496456692913
11
-0.0092822834645669
21
0.5161014566929134
0
LINE
8
BLACK
6
CONTINUOUS
10
-0.0092822834645669
20
0.5161014566929134
11
-0.0089332283464567
21
0.5159568503937008
0
LINE
8
BLACK
6
CONTINUOUS
10
-0.0089332283464567
20
0.5159568503937008
11
-0.0088851181102362
21
0.5159087401574803
0
LINE
8
BLACK
6
CONTINUOUS
10
-0.0088851181102362
20
0.5159087401574803
11
-0.0055036614173228
21
0.5142679921259843
0
LINE
8
BLACK
6
CONTINUOUS
10
-0.0055036614173228
20
0.5142679921259843
11
-0.0054073228346457
21
0.5142073622047244
0
LINE
8
BLACK
6
CONTINUOUS
10
-0.0054073228346457
20
0.5142073622047244
11
-0.0053618897637795
21
0.5141922047244094
0
LINE
8
BLACK
6
CONTINUOUS
10
-0.0053618897637795
20
0.5141922047244094
11
-0.0053053543307087
21
0.5141431889763779
0
LINE
8
BLACK
6
CONTINUOUS
10
-0.0053053543307087
20
0.5141431889763779
11
-0.0050137795275591
21
0.5139596456692913
0
LINE
8
BLACK
6
CONTINUOUS
10
-0.0050137795275591
20
0.5139596456692913
11
-0.0049494094488189
21
0.5138854330708661
0
LINE
8
BLACK
6
CONTINUOUS
10
-0.0049494094488189
20
0.5138854330708661
11
-0.0048850393700787
21
0.5139596456692913
0
LINE
8
BLACK
6
CONTINUOUS
10
-0.0048850393700787
20
0.5139596456692913
11
-0.0046882283464567
21
0.5140610236220472
0
LINE
8
BLACK
6
CONTINUOUS
10
-0.0046882283464567
20
0.5140610236220472
11
-0.0045369291338583
21
0.5141922047244094
0
LINE
8
BLACK
6
CONTINUOUS
10
-0.0045369291338583
20
0.5141922047244094
11
-0.0042434645669291
21
0.5142900393700788
0
LINE
8
BLACK
6
CONTINUOUS
10
-0.0042434645669291
20
0.5142900393700788
11
-0.0006456299212598
21
0.5161427559055118
0
LINE
8
BLACK
6
CONTINUOUS
10
-0.0006456299212598
20
0.5161427559055118
11
-0.0001050393700787
21
0.5163496456692913
0
LINE
8
BLACK
6
CONTINUOUS
10
-0.0001050393700787
20
0.5163496456692913
11
0.0000008267716535
21
0.5163572047244095
0
LINE
8
BLACK
6
CONTINUOUS
10
0.0000008267716535
20
0.5163572047244095
11
0.0000988188976378
21
0.5163977559055118
0
LINE
8
BLACK
6
CONTINUOUS
10
0.0000988188976378
20
0.5163977559055118
11
0.0006420078740157
21
0.5164027559055118
0
LINE
8
BLACK
6
CONTINUOUS
10
0.0006420078740157
20
0.5164027559055118
11
0.0010441732283465
21
0.5164312992125984
0
LINE
8
BLACK
6
CONTINUOUS
10
0.0010441732283465
20
0.5164312992125984
11
0.0011168503937008
21
0.5164070866141732
0
LINE
8
BLACK
6
CONTINUOUS
10
0.0011168503937008
20
0.5164070866141732
11
0.0062991732283465
21
0.5164544881889763
0
LINE
8
BLACK
6
CONTINUOUS
10
0.0062991732283465
20
0.5164544881889763
11
0.0068752362204724
21
0.5163977559055118
  0
ENDSEC
  0
EOF
