  0
SECTION
  2
HEADER
  9
$ANGBASE
  50
0.0
  9
$ANGDIR
  70
1
  9
$MEASUREMENT
  70
0
  0
ENDSEC
  0
SECTION
  2
TABLES
  0
TABLE
  2
LTYPE
  70
4
  0
LTYPE
  5
40F
  2
CONTINUOUS
  70
0
  3
Solid line
  72
65
  73
0
  40
0.0
  0
LTYPE
  5
410
  2
DASHDOT
 70
0
  3
Dash Dot ____ _ ____ _
 72
65
 73
4
 40
2.0
 49
1.25
 49
-0.25
 49
0.25
 49
-0.25
  0
LTYPE
  5
411
  2
DASHED
 70
0
  3
Dashed __ __ __ __ __
 72
65
 73
2
 40
0.75
 49
0.5
 49
-0.25
  0
LTYPE
  5
43B
  2
DOTTED
 70
0
  3
Dotted .  .  .  .
 72
65
 73
2
 40
0.2
 49
0.0
 49
-0.2
  0
ENDTAB
  0
TABLE
  2
STYLE
  70
4
  0
STYLE
  2
KICAD
  70
0
  40
0
  41
1
  42
1
  50
0
  71
0
  3
isocp.shx
  0
STYLE
  2
KICADB
  70
0
  40
0
  41
1
  42
1
  50
0
  71
0
  3
isocp.shx
  0
STYLE
  2
KICADI
  70
0
  40
0
  41
1
  42
1
  50
15
  71
0
  3
isocp.shx
  0
STYLE
  2
KICADBI
  70
0
  40
0
  41
1
  42
1
  50
15
  71
0
  3
isocp.shx
  0
ENDTAB
  0
TABLE
  2
LAYER
  70
1
  0
LAYER
  2
BLACK
  70
0
  62
7
  6
CONTINUOUS
  0
ENDTAB
  0
ENDSEC
  0
SECTION
  2
ENTITIES
0
LINE
8
BLACK
6
CONTINUOUS
10
-0.6187023228346457
20
-0.2814358661417323
11
-0.6174238976377953
21
-0.2827142913385827
0
LINE
8
BLACK
6
CONTINUOUS
10
-0.6174238976377953
20
-0.2827142913385827
11
-0.6174238976377953
21
-0.2845222440944882
0
LINE
8
BLACK
6
CONTINUOUS
10
-0.6174238976377953
20
-0.2845222440944882
11
-0.6187023228346457
21
-0.2858006692913386
0
LINE
8
BLACK
6
CONTINUOUS
10
-0.6187023228346457
20
-0.2858006692913386
11
-0.656392125984252
21
-0.2859705905511811
0
LINE
8
BLACK
6
CONTINUOUS
10
-0.656392125984252
20
-0.2859705905511811
11
-0.6562204724409448
21
-0.3544844094488189
0
LINE
8
BLACK
6
CONTINUOUS
10
-0.6562204724409448
20
-0.3544844094488189
11
-0.6564002755905511
21
-0.3553883858267716
0
LINE
8
BLACK
6
CONTINUOUS
10
-0.6564002755905511
20
-0.3553883858267716
11
-0.6576787007874015
21
-0.356666811023622
0
LINE
8
BLACK
6
CONTINUOUS
10
-0.6576787007874015
20
-0.356666811023622
11
-0.7156692913385827
21
-0.3568466141732283
0
LINE
8
BLACK
6
CONTINUOUS
10
-0.7156692913385827
20
-0.3568466141732283
11
-0.7165732677165354
21
-0.356666811023622
0
LINE
8
BLACK
6
CONTINUOUS
10
-0.7165732677165354
20
-0.356666811023622
11
-0.7178516929133858
21
-0.3553883858267716
0
LINE
8
BLACK
6
CONTINUOUS
10
-0.7178516929133858
20
-0.3553883858267716
11
-0.7178516929133858
21
-0.3535804330708661
0
LINE
8
BLACK
6
CONTINUOUS
10
-0.7178516929133858
20
-0.3535804330708661
11
-0.7165732677165354
21
-0.3523020078740157
0
LINE
8
BLACK
6
CONTINUOUS
10
-0.7165732677165354
20
-0.3523020078740157
11
-0.6607732677165354
21
-0.3521289763779528
0
LINE
8
BLACK
6
CONTINUOUS
10
-0.6607732677165354
20
-0.3521289763779528
11
-0.6609448818897637
21
-0.2836182677165354
0
LINE
8
BLACK
6
CONTINUOUS
10
-0.6609448818897637
20
-0.2836182677165354
11
-0.6607650787401574
21
-0.2827142913385827
0
LINE
8
BLACK
6
CONTINUOUS
10
-0.6607650787401574
20
-0.2827142913385827
11
-0.659486653543307
21
-0.2814358661417323
0
LINE
8
BLACK
6
CONTINUOUS
10
-0.659486653543307
20
-0.2814358661417323
11
-0.6196062992125985
21
-0.281256062992126
0
LINE
8
BLACK
6
CONTINUOUS
10
-0.6196062992125985
20
-0.281256062992126
11
-0.6187023228346457
21
-0.2814358661417323
0
LINE
8
BLACK
6
CONTINUOUS
10
-0.8245105118110236
20
-0.0701158661417323
11
-0.8243307086614173
21
-0.3044844094488189
0
LINE
8
BLACK
6
CONTINUOUS
10
-0.8243307086614173
20
-0.3044844094488189
11
-0.8245105118110236
21
-0.3053883858267716
0
LINE
8
BLACK
6
CONTINUOUS
10
-0.8245105118110236
20
-0.3053883858267716
11
-0.825788937007874
21
-0.306666811023622
0
LINE
8
BLACK
6
CONTINUOUS
10
-0.825788937007874
20
-0.306666811023622
11
-0.8275968897637795
21
-0.306666811023622
0
LINE
8
BLACK
6
CONTINUOUS
10
-0.8275968897637795
20
-0.306666811023622
11
-0.8288753149606299
21
-0.3053883858267716
0
LINE
8
BLACK
6
CONTINUOUS
10
-0.8288753149606299
20
-0.3053883858267716
11
-0.8290551181102362
21
-0.071019842519685
0
LINE
8
BLACK
6
CONTINUOUS
10
-0.8290551181102362
20
-0.071019842519685
11
-0.8288753149606299
21
-0.0701158661417323
0
LINE
8
BLACK
6
CONTINUOUS
10
-0.8288753149606299
20
-0.0701158661417323
11
-0.8275968897637795
21
-0.0688374409448819
0
LINE
8
BLACK
6
CONTINUOUS
10
-0.8275968897637795
20
-0.0688374409448819
11
-0.825788937007874
21
-0.0688374409448819
0
LINE
8
BLACK
6
CONTINUOUS
10
-0.825788937007874
20
-0.0688374409448819
11
-0.8245105118110236
21
-0.0701158661417323
0
LINE
8
BLACK
6
CONTINUOUS
10
0.2365131102362205
20
-0.2219662598425197
11
0.2366929133858268
21
-0.2976733858267717
0
LINE
8
BLACK
6
CONTINUOUS
10
0.2366929133858268
20
-0.2976733858267717
11
0.2365131102362205
21
-0.2985773622047244
0
LINE
8
BLACK
6
CONTINUOUS
10
0.2365131102362205
20
-0.2985773622047244
11
0.2352346850393701
21
-0.2998557874015748
0
LINE
8
BLACK
6
CONTINUOUS
10
0.2352346850393701
20
-0.2998557874015748
11
0.2334267322834646
21
-0.2998557874015748
0
LINE
8
BLACK
6
CONTINUOUS
10
0.2334267322834646
20
-0.2998557874015748
11
0.2321483070866142
21
-0.2985773622047244
0
LINE
8
BLACK
6
CONTINUOUS
10
0.2321483070866142
20
-0.2985773622047244
11
0.2319685039370079
21
-0.2228702362204724
0
LINE
8
BLACK
6
CONTINUOUS
10
0.2319685039370079
20
-0.2228702362204724
11
0.2321483070866142
21
-0.2219662598425197
0
LINE
8
BLACK
6
CONTINUOUS
10
0.2321483070866142
20
-0.2219662598425197
11
0.2334267322834646
21
-0.2206878346456693
0
LINE
8
BLACK
6
CONTINUOUS
10
0.2334267322834646
20
-0.2206878346456693
11
0.2352346850393701
21
-0.2206878346456693
0
LINE
8
BLACK
6
CONTINUOUS
10
0.2352346850393701
20
-0.2206878346456693
11
0.2365131102362205
21
-0.2219662598425197
0
LINE
8
BLACK
6
CONTINUOUS
10
0.3278516929133858
20
-0.2416512992125984
11
0.3280314960629921
21
-0.2976733858267717
0
LINE
8
BLACK
6
CONTINUOUS
10
0.3280314960629921
20
-0.2976733858267717
11
0.3278516929133858
21
-0.2985773622047244
0
LINE
8
BLACK
6
CONTINUOUS
10
0.3278516929133858
20
-0.2985773622047244
11
0.3265732677165354
21
-0.2998557874015748
0
LINE
8
BLACK
6
CONTINUOUS
10
0.3265732677165354
20
-0.2998557874015748
11
0.3247653149606299
21
-0.2998557874015748
0
LINE
8
BLACK
6
CONTINUOUS
10
0.3247653149606299
20
-0.2998557874015748
11
0.3234868897637795
21
-0.2985773622047244
0
LINE
8
BLACK
6
CONTINUOUS
10
0.3234868897637795
20
-0.2985773622047244
11
0.3233070866141732
21
-0.2425552755905512
0
LINE
8
BLACK
6
CONTINUOUS
10
0.3233070866141732
20
-0.2425552755905512
11
0.3234868897637795
21
-0.2416512992125984
0
LINE
8
BLACK
6
CONTINUOUS
10
0.3234868897637795
20
-0.2416512992125984
11
0.3247653149606299
21
-0.240372874015748
0
LINE
8
BLACK
6
CONTINUOUS
10
0.3247653149606299
20
-0.240372874015748
11
0.3265732677165354
21
-0.240372874015748
0
LINE
8
BLACK
6
CONTINUOUS
10
0.3265732677165354
20
-0.240372874015748
11
0.3278516929133858
21
-0.2416512992125984
0
LINE
8
BLACK
6
CONTINUOUS
10
-0.2583884645669292
20
-0.269755157480315
11
-0.2582086614173228
21
-0.2893408661417323
0
LINE
8
BLACK
6
CONTINUOUS
10
-0.2582086614173228
20
-0.2893408661417323
11
-0.2583884645669292
21
-0.290244842519685
0
LINE
8
BLACK
6
CONTINUOUS
10
-0.2583884645669292
20
-0.290244842519685
11
-0.2596668897637795
21
-0.2915232677165354
0
LINE
8
BLACK
6
CONTINUOUS
10
-0.2596668897637795
20
-0.2915232677165354
11
-0.2614748425196851
21
-0.2915232677165354
0
LINE
8
BLACK
6
CONTINUOUS
10
-0.2614748425196851
20
-0.2915232677165354
11
-0.2627532677165355
21
-0.290244842519685
0
LINE
8
BLACK
6
CONTINUOUS
10
-0.2627532677165355
20
-0.290244842519685
11
-0.2629330708661417
21
-0.2706591338582677
0
LINE
8
BLACK
6
CONTINUOUS
10
-0.2629330708661417
20
-0.2706591338582677
11
-0.2627532677165355
21
-0.269755157480315
0
LINE
8
BLACK
6
CONTINUOUS
10
-0.2627532677165355
20
-0.269755157480315
11
-0.2614748425196851
21
-0.2684767322834646
0
LINE
8
BLACK
6
CONTINUOUS
10
-0.2614748425196851
20
-0.2684767322834646
11
-0.2596668897637795
21
-0.2684767322834646
0
LINE
8
BLACK
6
CONTINUOUS
10
-0.2596668897637795
20
-0.2684767322834646
11
-0.2583884645669292
21
-0.269755157480315
0
LINE
8
BLACK
6
CONTINUOUS
10
-0.2172467322834646
20
-0.269755157480315
11
-0.2170669291338582
21
-0.2893408661417323
0
LINE
8
BLACK
6
CONTINUOUS
10
-0.2170669291338582
20
-0.2893408661417323
11
-0.2172467322834646
21
-0.290244842519685
0
LINE
8
BLACK
6
CONTINUOUS
10
-0.2172467322834646
20
-0.290244842519685
11
-0.218525157480315
21
-0.2915232677165354
0
LINE
8
BLACK
6
CONTINUOUS
10
-0.218525157480315
20
-0.2915232677165354
11
-0.2203331102362205
21
-0.2915232677165354
0
LINE
8
BLACK
6
CONTINUOUS
10
-0.2203331102362205
20
-0.2915232677165354
11
-0.2216115354330709
21
-0.290244842519685
0
LINE
8
BLACK
6
CONTINUOUS
10
-0.2216115354330709
20
-0.290244842519685
11
-0.2217913385826772
21
-0.2706591338582677
0
LINE
8
BLACK
6
CONTINUOUS
10
-0.2217913385826772
20
-0.2706591338582677
11
-0.2216115354330709
21
-0.269755157480315
0
LINE
8
BLACK
6
CONTINUOUS
10
-0.2216115354330709
20
-0.269755157480315
11
-0.2203331102362205
21
-0.2684767322834646
0
LINE
8
BLACK
6
CONTINUOUS
10
-0.2203331102362205
20
-0.2684767322834646
11
-0.218525157480315
21
-0.2684767322834646
0
LINE
8
BLACK
6
CONTINUOUS
10
-0.218525157480315
20
-0.2684767322834646
11
-0.2172467322834646
21
-0.269755157480315
0
LINE
8
BLACK
6
CONTINUOUS
10
-0.1783884645669291
20
-0.269755157480315
11
-0.1782086614173228
21
-0.2893408661417323
0
LINE
8
BLACK
6
CONTINUOUS
10
-0.1782086614173228
20
-0.2893408661417323
11
-0.1783884645669291
21
-0.290244842519685
0
LINE
8
BLACK
6
CONTINUOUS
10
-0.1783884645669291
20
-0.290244842519685
11
-0.1796668897637795
21
-0.2915232677165354
0
LINE
8
BLACK
6
CONTINUOUS
10
-0.1796668897637795
20
-0.2915232677165354
11
-0.181474842519685
21
-0.2915232677165354
0
LINE
8
BLACK
6
CONTINUOUS
10
-0.181474842519685
20
-0.2915232677165354
11
-0.1827532677165354
21
-0.290244842519685
0
LINE
8
BLACK
6
CONTINUOUS
10
-0.1827532677165354
20
-0.290244842519685
11
-0.1829330708661417
21
-0.2706591338582677
0
LINE
8
BLACK
6
CONTINUOUS
10
-0.1829330708661417
20
-0.2706591338582677
11
-0.1827532677165354
21
-0.269755157480315
0
LINE
8
BLACK
6
CONTINUOUS
10
-0.1827532677165354
20
-0.269755157480315
11
-0.181474842519685
21
-0.2684767322834646
0
LINE
8
BLACK
6
CONTINUOUS
10
-0.181474842519685
20
-0.2684767322834646
11
-0.1796668897637795
21
-0.2684767322834646
0
LINE
8
BLACK
6
CONTINUOUS
10
-0.1796668897637795
20
-0.2684767322834646
11
-0.1783884645669291
21
-0.269755157480315
0
LINE
8
BLACK
6
CONTINUOUS
10
-0.1372467322834646
20
-0.269755157480315
11
-0.1370669291338583
21
-0.2893408661417323
0
LINE
8
BLACK
6
CONTINUOUS
10
-0.1370669291338583
20
-0.2893408661417323
11
-0.1372467322834646
21
-0.290244842519685
0
LINE
8
BLACK
6
CONTINUOUS
10
-0.1372467322834646
20
-0.290244842519685
11
-0.138525157480315
21
-0.2915232677165354
0
LINE
8
BLACK
6
CONTINUOUS
10
-0.138525157480315
20
-0.2915232677165354
11
-0.1403331102362205
21
-0.2915232677165354
0
LINE
8
BLACK
6
CONTINUOUS
10
-0.1403331102362205
20
-0.2915232677165354
11
-0.1416115354330709
21
-0.290244842519685
0
LINE
8
BLACK
6
CONTINUOUS
10
-0.1416115354330709
20
-0.290244842519685
11
-0.1417913385826772
21
-0.2706591338582677
0
LINE
8
BLACK
6
CONTINUOUS
10
-0.1417913385826772
20
-0.2706591338582677
11
-0.1416115354330709
21
-0.269755157480315
0
LINE
8
BLACK
6
CONTINUOUS
10
-0.1416115354330709
20
-0.269755157480315
11
-0.1403331102362205
21
-0.2684767322834646
0
LINE
8
BLACK
6
CONTINUOUS
10
-0.1403331102362205
20
-0.2684767322834646
11
-0.138525157480315
21
-0.2684767322834646
0
LINE
8
BLACK
6
CONTINUOUS
10
-0.138525157480315
20
-0.2684767322834646
11
-0.1372467322834646
21
-0.269755157480315
0
LINE
8
BLACK
6
CONTINUOUS
10
0.151395
20
-0.2691519291338583
11
0.1515748031496063
21
-0.2811251968503937
0
LINE
8
BLACK
6
CONTINUOUS
10
0.1515748031496063
20
-0.2811251968503937
11
0.151395
21
-0.2820291732283465
0
LINE
8
BLACK
6
CONTINUOUS
10
0.151395
20
-0.2820291732283465
11
0.1501165748031496
21
-0.2833075984251969
0
LINE
8
BLACK
6
CONTINUOUS
10
0.1501165748031496
20
-0.2833075984251969
11
0.1483086220472441
21
-0.2833075984251969
0
LINE
8
BLACK
6
CONTINUOUS
10
0.1483086220472441
20
-0.2833075984251969
11
0.1470301968503937
21
-0.2820291732283465
0
LINE
8
BLACK
6
CONTINUOUS
10
0.1470301968503937
20
-0.2820291732283465
11
0.1468503937007874
21
-0.270055905511811
0
LINE
8
BLACK
6
CONTINUOUS
10
0.1468503937007874
20
-0.270055905511811
11
0.1470301968503937
21
-0.2691519291338583
0
LINE
8
BLACK
6
CONTINUOUS
10
0.1470301968503937
20
-0.2691519291338583
11
0.1483086220472441
21
-0.2678735039370079
0
LINE
8
BLACK
6
CONTINUOUS
10
0.1483086220472441
20
-0.2678735039370079
11
0.1501165748031496
21
-0.2678735039370079
0
LINE
8
BLACK
6
CONTINUOUS
10
0.1501165748031496
20
-0.2678735039370079
11
0.151395
21
-0.2691519291338583
0
LINE
8
BLACK
6
CONTINUOUS
10
0.1915524803149606
20
-0.2691519291338583
11
0.1917322834645669
21
-0.2811251968503937
0
LINE
8
BLACK
6
CONTINUOUS
10
0.1917322834645669
20
-0.2811251968503937
11
0.1915524803149606
21
-0.2820291732283465
0
LINE
8
BLACK
6
CONTINUOUS
10
0.1915524803149606
20
-0.2820291732283465
11
0.1902740551181102
21
-0.2833075984251969
0
LINE
8
BLACK
6
CONTINUOUS
10
0.1902740551181102
20
-0.2833075984251969
11
0.1884661023622047
21
-0.2833075984251969
0
LINE
8
BLACK
6
CONTINUOUS
10
0.1884661023622047
20
-0.2833075984251969
11
0.1871876771653543
21
-0.2820291732283465
0
LINE
8
BLACK
6
CONTINUOUS
10
0.1871876771653543
20
-0.2820291732283465
11
0.187007874015748
21
-0.270055905511811
0
LINE
8
BLACK
6
CONTINUOUS
10
0.187007874015748
20
-0.270055905511811
11
0.1871876771653543
21
-0.2691519291338583
0
LINE
8
BLACK
6
CONTINUOUS
10
0.1871876771653543
20
-0.2691519291338583
11
0.1884661023622047
21
-0.2678735039370079
0
LINE
8
BLACK
6
CONTINUOUS
10
0.1884661023622047
20
-0.2678735039370079
11
0.1902740551181102
21
-0.2678735039370079
0
LINE
8
BLACK
6
CONTINUOUS
10
0.1902740551181102
20
-0.2678735039370079
11
0.1915524803149606
21
-0.2691519291338583
0
LINE
8
BLACK
6
CONTINUOUS
10
0.2531833070866142
20
-0.2499494094488189
11
0.255283031496063
21
-0.2520491732283465
0
LINE
8
BLACK
6
CONTINUOUS
10
0.255283031496063
20
-0.2520491732283465
11
0.2560516141732284
21
-0.2549174803149606
0
LINE
8
BLACK
6
CONTINUOUS
10
0.2560516141732284
20
-0.2549174803149606
11
0.255283031496063
21
-0.2577858267716535
0
LINE
8
BLACK
6
CONTINUOUS
10
0.255283031496063
20
-0.2577858267716535
11
0.2531833070866142
21
-0.2598855511811023
0
LINE
8
BLACK
6
CONTINUOUS
10
0.2531833070866142
20
-0.2598855511811023
11
0.2503149606299213
21
-0.2606541338582677
0
LINE
8
BLACK
6
CONTINUOUS
10
0.2503149606299213
20
-0.2606541338582677
11
0.2474466141732283
21
-0.2598855511811023
0
LINE
8
BLACK
6
CONTINUOUS
10
0.2474466141732283
20
-0.2598855511811023
11
0.2453468897637795
21
-0.2577858267716535
0
LINE
8
BLACK
6
CONTINUOUS
10
0.2453468897637795
20
-0.2577858267716535
11
0.2445783070866142
21
-0.2549174803149606
0
LINE
8
BLACK
6
CONTINUOUS
10
0.2445783070866142
20
-0.2549174803149606
11
0.2453468897637795
21
-0.2520491732283465
0
LINE
8
BLACK
6
CONTINUOUS
10
0.2453468897637795
20
-0.2520491732283465
11
0.2474466535433071
21
-0.2499494094488189
0
LINE
8
BLACK
6
CONTINUOUS
10
0.2474466535433071
20
-0.2499494094488189
11
0.2503149606299213
21
-0.2491808267716535
0
LINE
8
BLACK
6
CONTINUOUS
10
0.2503149606299213
20
-0.2491808267716535
11
0.2531833070866142
21
-0.2499494094488189
0
LINE
8
BLACK
6
CONTINUOUS
10
-0.499496062992126
20
-0.1921655511811023
11
-0.4984307086614173
21
-0.193230905511811
0
LINE
8
BLACK
6
CONTINUOUS
10
-0.4984307086614173
20
-0.193230905511811
11
-0.4984307086614173
21
-0.1947375196850394
0
LINE
8
BLACK
6
CONTINUOUS
10
-0.4984307086614173
20
-0.1947375196850394
11
-0.499496062992126
21
-0.195802874015748
0
LINE
8
BLACK
6
CONTINUOUS
10
-0.499496062992126
20
-0.195802874015748
11
-0.5155757874015748
21
-0.1959218503937008
0
LINE
8
BLACK
6
CONTINUOUS
10
-0.5155757874015748
20
-0.1959218503937008
11
-0.5077668110236221
21
-0.2046864566929134
0
LINE
8
BLACK
6
CONTINUOUS
10
-0.5077668110236221
20
-0.2046864566929134
11
-0.5074874409448819
21
-0.2051715748031496
0
LINE
8
BLACK
6
CONTINUOUS
10
-0.5074874409448819
20
-0.2051715748031496
11
-0.5074296062992126
21
-0.2052294094488189
0
LINE
8
BLACK
6
CONTINUOUS
10
-0.5074296062992126
20
-0.2052294094488189
11
-0.5074296062992126
21
-0.205271968503937
0
LINE
8
BLACK
6
CONTINUOUS
10
-0.5074296062992126
20
-0.205271968503937
11
-0.5073835039370078
21
-0.2053520472440945
0
LINE
8
BLACK
6
CONTINUOUS
10
-0.5073835039370078
20
-0.2053520472440945
11
-0.5074296062992126
21
-0.2060434645669291
0
LINE
8
BLACK
6
CONTINUOUS
10
-0.5074296062992126
20
-0.2060434645669291
11
-0.5074296062992126
21
-0.2067360236220472
0
LINE
8
BLACK
6
CONTINUOUS
10
-0.5074296062992126
20
-0.2067360236220472
11
-0.507479094488189
21
-0.2067854724409449
0
LINE
8
BLACK
6
CONTINUOUS
10
-0.507479094488189
20
-0.2067854724409449
11
-0.5074837401574803
21
-0.2068553543307086
0
LINE
8
BLACK
6
CONTINUOUS
10
-0.5074837401574803
20
-0.2068553543307086
11
-0.50800531496063
21
-0.2073117322834646
0
LINE
8
BLACK
6
CONTINUOUS
10
-0.50800531496063
20
-0.2073117322834646
11
-0.5084949606299213
21
-0.2078013779527559
0
LINE
8
BLACK
6
CONTINUOUS
10
-0.5084949606299213
20
-0.2078013779527559
11
-0.5085672834645669
21
-0.2078034251968504
0
LINE
8
BLACK
6
CONTINUOUS
10
-0.5085672834645669
20
-0.2078034251968504
11
-0.5086175984251968
21
-0.2078474803149606
0
LINE
8
BLACK
6
CONTINUOUS
10
-0.5086175984251968
20
-0.2078474803149606
11
-0.5090651181102362
21
-0.2078176377952756
0
LINE
8
BLACK
6
CONTINUOUS
10
-0.5090651181102362
20
-0.2078176377952756
11
-0.5134892125984252
21
-0.2079438188976378
0
LINE
8
BLACK
6
CONTINUOUS
10
-0.5134892125984252
20
-0.2079438188976378
11
-0.5158063385826771
21
-0.20921
0
LINE
8
BLACK
6
CONTINUOUS
10
-0.5158063385826771
20
-0.20921
11
-0.5168521653543307
21
-0.2103708267716535
0
LINE
8
BLACK
6
CONTINUOUS
10
-0.5168521653543307
20
-0.2103708267716535
11
-0.517901968503937
21
-0.2126770866141732
0
LINE
8
BLACK
6
CONTINUOUS
10
-0.517901968503937
20
-0.2126770866141732
11
-0.517783031496063
21
-0.2192275590551181
0
LINE
8
BLACK
6
CONTINUOUS
10
-0.517783031496063
20
-0.2192275590551181
11
-0.5165196062992126
21
-0.2215396456692913
0
LINE
8
BLACK
6
CONTINUOUS
10
-0.5165196062992126
20
-0.2215396456692913
11
-0.5153587401574803
21
-0.2225855118110236
0
LINE
8
BLACK
6
CONTINUOUS
10
-0.5153587401574803
20
-0.2225855118110236
11
-0.513043937007874
21
-0.2236392125984252
0
LINE
8
BLACK
6
CONTINUOUS
10
-0.513043937007874
20
-0.2236392125984252
11
-0.5050009448818897
21
-0.2235156299212598
0
LINE
8
BLACK
6
CONTINUOUS
10
-0.5050009448818897
20
-0.2235156299212598
11
-0.502690157480315
21
-0.2222529133858268
0
LINE
8
BLACK
6
CONTINUOUS
10
-0.502690157480315
20
-0.2222529133858268
11
-0.5016413385826771
21
-0.2210887007874016
0
LINE
8
BLACK
6
CONTINUOUS
10
-0.5016413385826771
20
-0.2210887007874016
11
-0.501002716535433
21
-0.2206620078740157
0
LINE
8
BLACK
6
CONTINUOUS
10
-0.501002716535433
20
-0.2206620078740157
11
-0.499496062992126
21
-0.220661968503937
0
LINE
8
BLACK
6
CONTINUOUS
10
-0.499496062992126
20
-0.220661968503937
11
-0.4984307480314961
21
-0.2217272834645669
0
LINE
8
BLACK
6
CONTINUOUS
10
-0.4984307480314961
20
-0.2217272834645669
11
-0.4984307086614173
21
-0.223233937007874
0
LINE
8
BLACK
6
CONTINUOUS
10
-0.4984307086614173
20
-0.223233937007874
11
-0.5002603149606299
21
-0.2252648031496063
0
LINE
8
BLACK
6
CONTINUOUS
10
-0.5002603149606299
20
-0.2252648031496063
11
-0.5002620866141733
21
-0.2252702362204724
0
LINE
8
BLACK
6
CONTINUOUS
10
-0.5002620866141733
20
-0.2252702362204724
11
-0.5002681889763779
21
-0.2252735433070866
0
LINE
8
BLACK
6
CONTINUOUS
10
-0.5002681889763779
20
-0.2252735433070866
11
-0.5003572047244095
21
-0.2253724015748031
0
LINE
8
BLACK
6
CONTINUOUS
10
-0.5003572047244095
20
-0.2253724015748031
11
-0.5009958267716536
21
-0.2257991338582677
0
LINE
8
BLACK
6
CONTINUOUS
10
-0.5009958267716536
20
-0.2257991338582677
11
-0.5012299606299212
21
-0.2257991338582677
0
LINE
8
BLACK
6
CONTINUOUS
10
-0.5012299606299212
20
-0.2257991338582677
11
-0.5038685039370079
21
-0.2272409448818898
0
LINE
8
BLACK
6
CONTINUOUS
10
-0.5038685039370079
20
-0.2272409448818898
11
-0.5039635826771653
21
-0.227266968503937
0
LINE
8
BLACK
6
CONTINUOUS
10
-0.5039635826771653
20
-0.227266968503937
11
-0.5039955118110236
21
-0.227298937007874
0
LINE
8
BLACK
6
CONTINUOUS
10
-0.5039955118110236
20
-0.227298937007874
11
-0.5040853149606299
21
-0.2273003149606299
0
LINE
8
BLACK
6
CONTINUOUS
10
-0.5040853149606299
20
-0.2273003149606299
11
-0.5046092913385827
21
-0.2274438188976378
0
LINE
8
BLACK
6
CONTINUOUS
10
-0.5046092913385827
20
-0.2274438188976378
11
-0.5049977559055118
21
-0.2273143307086614
0
LINE
8
BLACK
6
CONTINUOUS
10
-0.5049977559055118
20
-0.2273143307086614
11
-0.5137476771653543
21
-0.227448779527559
0
LINE
8
BLACK
6
CONTINUOUS
10
-0.5137476771653543
20
-0.227448779527559
11
-0.5138444094488189
21
-0.2274295275590551
0
LINE
8
BLACK
6
CONTINUOUS
10
-0.5138444094488189
20
-0.2274295275590551
11
-0.5138872047244094
21
-0.2274438188976378
0
LINE
8
BLACK
6
CONTINUOUS
10
-0.5138872047244094
20
-0.2274438188976378
11
-0.5139761417322835
21
-0.2274033070866142
0
LINE
8
BLACK
6
CONTINUOUS
10
-0.5139761417322835
20
-0.2274033070866142
11
-0.5145009842519684
21
-0.227298937007874
0
LINE
8
BLACK
6
CONTINUOUS
10
-0.5145009842519684
20
-0.227298937007874
11
-0.5147479133858267
21
-0.2270520078740157
0
LINE
8
BLACK
6
CONTINUOUS
10
-0.5147479133858267
20
-0.2270520078740157
11
-0.5175003543307086
21
-0.225799094488189
0
LINE
8
BLACK
6
CONTINUOUS
10
-0.5175003543307086
20
-0.225799094488189
11
-0.5175006692913385
21
-0.225799094488189
0
LINE
8
BLACK
6
CONTINUOUS
10
-0.5175006692913385
20
-0.225799094488189
11
-0.5175010236220472
21
-0.2257987795275591
0
LINE
8
BLACK
6
CONTINUOUS
10
-0.5175010236220472
20
-0.2257987795275591
11
-0.5176276377952755
21
-0.2257411417322835
0
LINE
8
BLACK
6
CONTINUOUS
10
-0.5176276377952755
20
-0.2257411417322835
11
-0.5182344094488189
21
-0.2252702362204724
0
LINE
8
BLACK
6
CONTINUOUS
10
-0.5182344094488189
20
-0.2252702362204724
11
-0.5182974015748031
21
-0.2250812992125984
0
LINE
8
BLACK
6
CONTINUOUS
10
-0.5182974015748031
20
-0.2250812992125984
11
-0.5195314173228346
21
-0.2239695669291339
0
LINE
8
BLACK
6
CONTINUOUS
10
-0.5195314173228346
20
-0.2239695669291339
11
-0.5195368897637795
21
-0.2239677559055118
0
LINE
8
BLACK
6
CONTINUOUS
10
-0.5195368897637795
20
-0.2239677559055118
11
-0.5195402755905512
21
-0.2239615748031496
0
LINE
8
BLACK
6
CONTINUOUS
10
-0.5195402755905512
20
-0.2239615748031496
11
-0.519639094488189
21
-0.2238725590551181
0
LINE
8
BLACK
6
CONTINUOUS
10
-0.519639094488189
20
-0.2238725590551181
11
-0.5200657874015748
21
-0.223233937007874
0
LINE
8
BLACK
6
CONTINUOUS
10
-0.5200657874015748
20
-0.223233937007874
11
-0.5200657874015748
21
-0.222999842519685
0
LINE
8
BLACK
6
CONTINUOUS
10
-0.5200657874015748
20
-0.222999842519685
11
-0.5215075984251968
21
-0.2203613779527559
0
LINE
8
BLACK
6
CONTINUOUS
10
-0.5215075984251968
20
-0.2203613779527559
11
-0.5215336614173228
21
-0.2202662598425197
0
LINE
8
BLACK
6
CONTINUOUS
10
-0.5215336614173228
20
-0.2202662598425197
11
-0.5215655905511811
21
-0.2202343307086614
0
LINE
8
BLACK
6
CONTINUOUS
10
-0.5215655905511811
20
-0.2202343307086614
11
-0.5215672440944882
21
-0.2201435826771654
0
LINE
8
BLACK
6
CONTINUOUS
10
-0.5215672440944882
20
-0.2201435826771654
11
-0.5217104724409448
21
-0.2196205905511811
0
LINE
8
BLACK
6
CONTINUOUS
10
-0.5217104724409448
20
-0.2196205905511811
11
-0.5215836614173228
21
-0.2192400787401575
0
LINE
8
BLACK
6
CONTINUOUS
10
-0.5215836614173228
20
-0.2192400787401575
11
-0.5217154330708661
21
-0.211981968503937
0
LINE
8
BLACK
6
CONTINUOUS
10
-0.5217154330708661
20
-0.211981968503937
11
-0.5216962204724409
21
-0.2118852362204724
0
LINE
8
BLACK
6
CONTINUOUS
10
-0.5216962204724409
20
-0.2118852362204724
11
-0.5217104724409448
21
-0.2118424409448819
0
LINE
8
BLACK
6
CONTINUOUS
10
-0.5217104724409448
20
-0.2118424409448819
11
-0.52167
21
-0.2117535039370079
0
LINE
8
BLACK
6
CONTINUOUS
10
-0.52167
20
-0.2117535039370079
11
-0.5215655905511811
21
-0.2112286614173228
0
LINE
8
BLACK
6
CONTINUOUS
10
-0.5215655905511811
20
-0.2112286614173228
11
-0.5213187007874016
21
-0.2109817322834646
0
LINE
8
BLACK
6
CONTINUOUS
10
-0.5213187007874016
20
-0.2109817322834646
11
-0.5200657874015748
21
-0.2082293307086614
0
LINE
8
BLACK
6
CONTINUOUS
10
-0.5200657874015748
20
-0.2082293307086614
11
-0.5200657874015748
21
-0.2082290157480315
0
LINE
8
BLACK
6
CONTINUOUS
10
-0.5200657874015748
20
-0.2082290157480315
11
-0.5200654724409449
21
-0.2082286220472441
0
LINE
8
BLACK
6
CONTINUOUS
10
-0.5200654724409449
20
-0.2082286220472441
11
-0.5200077952755905
21
-0.208101968503937
0
LINE
8
BLACK
6
CONTINUOUS
10
-0.5200077952755905
20
-0.208101968503937
11
-0.5195368897637795
21
-0.2074952362204724
0
LINE
8
BLACK
6
CONTINUOUS
10
-0.5195368897637795
20
-0.2074952362204724
11
-0.519348031496063
21
-0.2074322440944882
0
LINE
8
BLACK
6
CONTINUOUS
10
-0.519348031496063
20
-0.2074322440944882
11
-0.5182362204724409
21
-0.2061981496062992
0
LINE
8
BLACK
6
CONTINUOUS
10
-0.5182362204724409
20
-0.2061981496062992
11
-0.5182344094488189
21
-0.2061927559055118
0
LINE
8
BLACK
6
CONTINUOUS
10
-0.5182344094488189
20
-0.2061927559055118
11
-0.5182283858267717
21
-0.2061894094488189
0
LINE
8
BLACK
6
CONTINUOUS
10
-0.5182283858267717
20
-0.2061894094488189
11
-0.5181392913385827
21
-0.2060905905511811
0
LINE
8
BLACK
6
CONTINUOUS
10
-0.5181392913385827
20
-0.2060905905511811
11
-0.5175006692913385
21
-0.2056638582677165
0
LINE
8
BLACK
6
CONTINUOUS
10
-0.5175006692913385
20
-0.2056638582677165
11
-0.5172665354330709
21
-0.2056638582677165
0
LINE
8
BLACK
6
CONTINUOUS
10
-0.5172665354330709
20
-0.2056638582677165
11
-0.5146279921259842
21
-0.2042220078740157
0
LINE
8
BLACK
6
CONTINUOUS
10
-0.5146279921259842
20
-0.2042220078740157
11
-0.5145329133858267
21
-0.2041959448818897
0
LINE
8
BLACK
6
CONTINUOUS
10
-0.5145329133858267
20
-0.2041959448818897
11
-0.5145009842519684
21
-0.2041640551181102
0
LINE
8
BLACK
6
CONTINUOUS
10
-0.5145009842519684
20
-0.2041640551181102
11
-0.5144064960629922
21
-0.2041613385826772
0
LINE
8
BLACK
6
CONTINUOUS
10
-0.5144064960629922
20
-0.2041613385826772
11
-0.5138872047244094
21
-0.2040191732283465
0
LINE
8
BLACK
6
CONTINUOUS
10
-0.5138872047244094
20
-0.2040191732283465
11
-0.5135352362204725
21
-0.2041364960629921
0
LINE
8
BLACK
6
CONTINUOUS
10
-0.5135352362204725
20
-0.2041364960629921
11
-0.5133428346456693
21
-0.2041309842519685
0
LINE
8
BLACK
6
CONTINUOUS
10
-0.5133428346456693
20
-0.2041309842519685
11
-0.5212283858267717
21
-0.1952804724409449
0
LINE
8
BLACK
6
CONTINUOUS
10
-0.5212283858267717
20
-0.1952804724409449
11
-0.521507716535433
21
-0.1947953937007874
0
LINE
8
BLACK
6
CONTINUOUS
10
-0.521507716535433
20
-0.1947953937007874
11
-0.5215655905511811
21
-0.1947375196850394
0
LINE
8
BLACK
6
CONTINUOUS
10
-0.5215655905511811
20
-0.1947375196850394
11
-0.5215655905511811
21
-0.194694842519685
0
LINE
8
BLACK
6
CONTINUOUS
10
-0.5215655905511811
20
-0.194694842519685
11
-0.5216116535433071
21
-0.1946148818897638
0
LINE
8
BLACK
6
CONTINUOUS
10
-0.5216116535433071
20
-0.1946148818897638
11
-0.5215655905511811
21
-0.1939237401574803
0
LINE
8
BLACK
6
CONTINUOUS
10
-0.5215655905511811
20
-0.1939237401574803
11
-0.5215655905511811
21
-0.193230905511811
0
LINE
8
BLACK
6
CONTINUOUS
10
-0.5215655905511811
20
-0.193230905511811
11
-0.5215161417322834
21
-0.1931814173228346
0
LINE
8
BLACK
6
CONTINUOUS
10
-0.5215161417322834
20
-0.1931814173228346
11
-0.5215114566929133
21
-0.1931115748031496
0
LINE
8
BLACK
6
CONTINUOUS
10
-0.5215114566929133
20
-0.1931115748031496
11
-0.5209900393700787
21
-0.1926553149606299
0
LINE
8
BLACK
6
CONTINUOUS
10
-0.5209900393700787
20
-0.1926553149606299
11
-0.5205002362204725
21
-0.1921655511811023
0
LINE
8
BLACK
6
CONTINUOUS
10
-0.5205002362204725
20
-0.1921655511811023
11
-0.52042968503937
21
-0.192165
0
LINE
8
BLACK
6
CONTINUOUS
10
-0.52042968503937
20
-0.192165
11
-0.5203775984251968
21
-0.1921194881889764
0
LINE
8
BLACK
6
CONTINUOUS
10
-0.5203775984251968
20
-0.1921194881889764
11
-0.5197678346456692
21
-0.1921601181102362
0
LINE
8
BLACK
6
CONTINUOUS
10
-0.5197678346456692
20
-0.1921601181102362
11
-0.5002493700787402
21
-0.1920157086614173
0
LINE
8
BLACK
6
CONTINUOUS
10
-0.5002493700787402
20
-0.1920157086614173
11
-0.499496062992126
21
-0.1921655511811023
0
LINE
8
BLACK
6
CONTINUOUS
10
-0.4709996456692913
20
-0.1921655511811023
11
-0.4699342913385827
21
-0.193230905511811
0
LINE
8
BLACK
6
CONTINUOUS
10
-0.4699342913385827
20
-0.193230905511811
11
-0.4697844488188976
21
-0.2254802755905512
0
LINE
8
BLACK
6
CONTINUOUS
10
-0.4697844488188976
20
-0.2254802755905512
11
-0.4699342913385827
21
-0.2262335826771653
0
LINE
8
BLACK
6
CONTINUOUS
10
-0.4699342913385827
20
-0.2262335826771653
11
-0.4709996456692913
21
-0.227298937007874
0
LINE
8
BLACK
6
CONTINUOUS
10
-0.4709996456692913
20
-0.227298937007874
11
-0.4792520078740157
21
-0.227448779527559
0
LINE
8
BLACK
6
CONTINUOUS
10
-0.4792520078740157
20
-0.227448779527559
11
-0.4800053149606299
21
-0.227298937007874
0
LINE
8
BLACK
6
CONTINUOUS
10
-0.4800053149606299
20
-0.227298937007874
11
-0.4801861023622047
21
-0.2271181496062992
0
LINE
8
BLACK
6
CONTINUOUS
10
-0.4801861023622047
20
-0.2271181496062992
11
-0.484373937007874
21
-0.2258479527559055
0
LINE
8
BLACK
6
CONTINUOUS
10
-0.484373937007874
20
-0.2258479527559055
11
-0.4844595669291338
21
-0.2257991338582677
0
LINE
8
BLACK
6
CONTINUOUS
10
-0.4844595669291338
20
-0.2257991338582677
11
-0.4845047637795276
21
-0.2257991338582677
0
LINE
8
BLACK
6
CONTINUOUS
10
-0.4845047637795276
20
-0.2257991338582677
11
-0.4845740551181102
21
-0.2257338582677165
0
LINE
8
BLACK
6
CONTINUOUS
10
-0.4845740551181102
20
-0.2257338582677165
11
-0.4850412204724409
21
-0.2254675984251968
0
LINE
8
BLACK
6
CONTINUOUS
10
-0.4850412204724409
20
-0.2254675984251968
11
-0.4852053543307087
21
-0.2251393307086614
0
LINE
8
BLACK
6
CONTINUOUS
10
-0.4852053543307087
20
-0.2251393307086614
11
-0.488143031496063
21
-0.2223727559055118
0
LINE
8
BLACK
6
CONTINUOUS
10
-0.488143031496063
20
-0.2223727559055118
11
-0.4885697244094488
21
-0.2217341338582677
0
LINE
8
BLACK
6
CONTINUOUS
10
-0.4885697244094488
20
-0.2217341338582677
11
-0.4885697244094488
21
-0.2215000393700787
0
LINE
8
BLACK
6
CONTINUOUS
10
-0.4885697244094488
20
-0.2215000393700787
11
-0.4900115354330709
21
-0.2188615748031496
0
LINE
8
BLACK
6
CONTINUOUS
10
-0.4900115354330709
20
-0.2188615748031496
11
-0.4902144094488189
21
-0.2181207874015748
0
LINE
8
BLACK
6
CONTINUOUS
10
-0.4902144094488189
20
-0.2181207874015748
11
-0.4901594881889764
21
-0.217955905511811
0
LINE
8
BLACK
6
CONTINUOUS
10
-0.4901594881889764
20
-0.217955905511811
11
-0.4916604330708662
21
-0.2124594094488189
0
LINE
8
BLACK
6
CONTINUOUS
10
-0.4916604330708662
20
-0.2124594094488189
11
-0.4916977559055118
21
-0.2116922440944882
0
LINE
8
BLACK
6
CONTINUOUS
10
-0.4916977559055118
20
-0.2116922440944882
11
-0.4916036220472441
21
-0.2115352755905512
0
LINE
8
BLACK
6
CONTINUOUS
10
-0.4916036220472441
20
-0.2115352755905512
11
-0.4917192125984252
21
-0.2074825196850394
0
LINE
8
BLACK
6
CONTINUOUS
10
-0.4917192125984252
20
-0.2074825196850394
11
-0.4915693700787401
21
-0.2067292125984252
0
LINE
8
BLACK
6
CONTINUOUS
10
-0.4915693700787401
20
-0.2067292125984252
11
-0.4914288976377952
21
-0.2065887007874016
0
LINE
8
BLACK
6
CONTINUOUS
10
-0.4914288976377952
20
-0.2065887007874016
11
-0.4901605905511811
21
-0.2010058267716535
0
LINE
8
BLACK
6
CONTINUOUS
10
-0.4901605905511811
20
-0.2010058267716535
11
-0.4898325196850394
21
-0.2003113385826772
0
LINE
8
BLACK
6
CONTINUOUS
10
-0.4898325196850394
20
-0.2003113385826772
11
-0.4897113779527559
21
-0.2002386220472441
0
LINE
8
BLACK
6
CONTINUOUS
10
-0.4897113779527559
20
-0.2002386220472441
11
-0.4885697244094488
21
-0.1977306299212598
0
LINE
8
BLACK
6
CONTINUOUS
10
-0.4885697244094488
20
-0.1977306299212598
11
-0.4885697244094488
21
-0.1977303149606299
0
LINE
8
BLACK
6
CONTINUOUS
10
-0.4885697244094488
20
-0.1977303149606299
11
-0.4885694488188976
21
-0.1977299606299213
0
LINE
8
BLACK
6
CONTINUOUS
10
-0.4885694488188976
20
-0.1977299606299213
11
-0.4885117322834646
21
-0.1976032677165354
0
LINE
8
BLACK
6
CONTINUOUS
10
-0.4885117322834646
20
-0.1976032677165354
11
-0.4880408267716536
21
-0.1969965354330709
0
LINE
8
BLACK
6
CONTINUOUS
10
-0.4880408267716536
20
-0.1969965354330709
11
-0.4878044881889764
21
-0.1969177165354331
0
LINE
8
BLACK
6
CONTINUOUS
10
-0.4878044881889764
20
-0.1969177165354331
11
-0.4851433858267716
21
-0.1940920866141732
0
LINE
8
BLACK
6
CONTINUOUS
10
-0.4851433858267716
20
-0.1940920866141732
11
-0.4850614566929134
21
-0.1940373228346457
0
LINE
8
BLACK
6
CONTINUOUS
10
-0.4850614566929134
20
-0.1940373228346457
11
-0.4850412204724409
21
-0.1939968897637795
0
LINE
8
BLACK
6
CONTINUOUS
10
-0.4850412204724409
20
-0.1939968897637795
11
-0.4849527559055118
21
-0.1939646850393701
0
LINE
8
BLACK
6
CONTINUOUS
10
-0.4849527559055118
20
-0.1939646850393701
11
-0.4845047637795276
21
-0.1936653543307087
0
LINE
8
BLACK
6
CONTINUOUS
10
-0.4845047637795276
20
-0.1936653543307087
11
-0.484130157480315
21
-0.1936653543307087
0
LINE
8
BLACK
6
CONTINUOUS
10
-0.484130157480315
20
-0.1936653543307087
11
-0.4798744881889764
21
-0.1921167322834646
0
LINE
8
BLACK
6
CONTINUOUS
10
-0.4798744881889764
20
-0.1921167322834646
11
-0.4791124803149606
21
-0.1920206692913386
0
LINE
8
BLACK
6
CONTINUOUS
10
-0.4791124803149606
20
-0.1920206692913386
11
-0.4788641732283465
21
-0.1921448031496063
0
LINE
8
BLACK
6
CONTINUOUS
10
-0.4788641732283465
20
-0.1921448031496063
11
-0.4717529527559055
21
-0.1920157086614173
0
LINE
8
BLACK
6
CONTINUOUS
10
-0.4717529527559055
20
-0.1920157086614173
11
-0.4709996456692913
21
-0.1921655511811023
0
LINE
8
BLACK
6
CONTINUOUS
10
-0.4792520078740157
20
-0.1959527165354331
11
-0.4792734251968504
21
-0.1959484251968504
0
LINE
8
BLACK
6
CONTINUOUS
10
-0.4792734251968504
20
-0.1959484251968504
11
-0.4829055118110236
21
-0.197270157480315
0
LINE
8
BLACK
6
CONTINUOUS
10
-0.4829055118110236
20
-0.197270157480315
11
-0.4853562204724409
21
-0.1998724409448819
0
LINE
8
BLACK
6
CONTINUOUS
10
-0.4853562204724409
20
-0.1998724409448819
11
-0.4864901968503937
21
-0.2023635826771653
0
LINE
8
BLACK
6
CONTINUOUS
10
-0.4864901968503937
20
-0.2023635826771653
11
-0.4866025196850394
21
-0.2025082677165354
0
LINE
8
BLACK
6
CONTINUOUS
10
-0.4866025196850394
20
-0.2025082677165354
11
-0.4878409842519685
21
-0.2079599606299213
0
LINE
8
BLACK
6
CONTINUOUS
10
-0.4878409842519685
20
-0.2079599606299213
11
-0.487893779527559
21
-0.2080716535433071
0
LINE
8
BLACK
6
CONTINUOUS
10
-0.487893779527559
20
-0.2080716535433071
11
-0.4877822047244094
21
-0.211981968503937
0
LINE
8
BLACK
6
CONTINUOUS
10
-0.4877822047244094
20
-0.211981968503937
11
-0.4878103937007874
21
-0.2121235433070866
0
LINE
8
BLACK
6
CONTINUOUS
10
-0.4878103937007874
20
-0.2121235433070866
11
-0.4863411417322834
21
-0.2175037795275591
0
LINE
8
BLACK
6
CONTINUOUS
10
-0.4863411417322834
20
-0.2175037795275591
11
-0.4863344881889763
21
-0.2176407874015748
0
LINE
8
BLACK
6
CONTINUOUS
10
-0.4863344881889763
20
-0.2176407874015748
11
-0.4849903937007874
21
-0.2201004724409449
0
LINE
8
BLACK
6
CONTINUOUS
10
-0.4849903937007874
20
-0.2201004724409449
11
-0.4849865748031496
21
-0.2201144094488189
0
LINE
8
BLACK
6
CONTINUOUS
10
-0.4849865748031496
20
-0.2201144094488189
11
-0.4825272440944882
21
-0.2224305511811024
0
LINE
8
BLACK
6
CONTINUOUS
10
-0.4825272440944882
20
-0.2224305511811024
11
-0.4786295275590551
21
-0.2236127952755906
0
LINE
8
BLACK
6
CONTINUOUS
10
-0.4786295275590551
20
-0.2236127952755906
11
-0.4785890157480315
21
-0.2236358661417323
0
LINE
8
BLACK
6
CONTINUOUS
10
-0.4785890157480315
20
-0.2236358661417323
11
-0.4735841338582677
21
-0.223545
0
LINE
8
BLACK
6
CONTINUOUS
10
-0.4735841338582677
20
-0.223545
11
-0.4737127952755905
21
-0.195852125984252
0
LINE
8
BLACK
6
CONTINUOUS
10
-0.4737127952755905
20
-0.195852125984252
11
-0.4792520078740157
21
-0.1959527165354331
0
LINE
8
BLACK
6
CONTINUOUS
10
0.0598480708661417
20
-0.1860349212598425
11
0.0598909448818898
21
-0.1860206692913386
0
LINE
8
BLACK
6
CONTINUOUS
10
0.0598909448818898
20
-0.1860206692913386
11
0.0599798818897638
21
-0.1860611417322835
0
LINE
8
BLACK
6
CONTINUOUS
10
0.0599798818897638
20
-0.1860611417322835
11
0.0605046850393701
21
-0.1861655511811024
0
LINE
8
BLACK
6
CONTINUOUS
10
0.0605046850393701
20
-0.1861655511811024
11
0.0607515354330709
21
-0.1864124015748032
0
LINE
8
BLACK
6
CONTINUOUS
10
0.0607515354330709
20
-0.1864124015748032
11
0.063503937007874
21
-0.1876653543307087
0
LINE
8
BLACK
6
CONTINUOUS
10
0.063503937007874
20
-0.1876653543307087
11
0.0635042913385827
21
-0.1876653543307087
0
LINE
8
BLACK
6
CONTINUOUS
10
0.0635042913385827
20
-0.1876653543307087
11
0.0635046456692913
21
-0.1876656692913386
0
LINE
8
BLACK
6
CONTINUOUS
10
0.0635046456692913
20
-0.1876656692913386
11
0.0636313385826772
21
-0.1877233464566929
0
LINE
8
BLACK
6
CONTINUOUS
10
0.0636313385826772
20
-0.1877233464566929
11
0.0642381102362205
21
-0.1881942519685039
0
LINE
8
BLACK
6
CONTINUOUS
10
0.0642381102362205
20
-0.1881942519685039
11
0.064301062992126
21
-0.1883831496062992
0
LINE
8
BLACK
6
CONTINUOUS
10
0.064301062992126
20
-0.1883831496062992
11
0.0656427559055118
21
-0.1895918503937008
0
LINE
8
BLACK
6
CONTINUOUS
10
0.0656427559055118
20
-0.1895918503937008
11
0.0660694488188976
21
-0.1902304724409449
0
LINE
8
BLACK
6
CONTINUOUS
10
0.0660694488188976
20
-0.1902304724409449
11
0.0660694881889764
21
-0.191737125984252
0
LINE
8
BLACK
6
CONTINUOUS
10
0.0660694881889764
20
-0.191737125984252
11
0.0650041732283465
21
-0.1928024409448819
0
LINE
8
BLACK
6
CONTINUOUS
10
0.0650041732283465
20
-0.1928024409448819
11
0.0634975196850394
21
-0.1928024803149606
0
LINE
8
BLACK
6
CONTINUOUS
10
0.0634975196850394
20
-0.1928024803149606
11
0.0613623622047244
21
-0.1908789763779528
0
LINE
8
BLACK
6
CONTINUOUS
10
0.0613623622047244
20
-0.1908789763779528
11
0.0590561811023622
21
-0.1898291732283464
0
LINE
8
BLACK
6
CONTINUOUS
10
0.0590561811023622
20
-0.1898291732283464
11
0.0525057086614173
21
-0.1899481102362205
0
LINE
8
BLACK
6
CONTINUOUS
10
0.0525057086614173
20
-0.1899481102362205
11
0.0501936614173228
21
-0.1912114960629921
0
LINE
8
BLACK
6
CONTINUOUS
10
0.0501936614173228
20
-0.1912114960629921
11
0.0491478346456693
21
-0.1923723228346457
0
LINE
8
BLACK
6
CONTINUOUS
10
0.0491478346456693
20
-0.1923723228346457
11
0.0481270078740157
21
-0.1946149212598425
0
LINE
8
BLACK
6
CONTINUOUS
10
0.0481270078740157
20
-0.1946149212598425
11
0.0482215748031496
21
-0.1969830708661417
0
LINE
8
BLACK
6
CONTINUOUS
10
0.0482215748031496
20
-0.1969830708661417
11
0.0482172834645669
21
-0.1970044488188976
0
LINE
8
BLACK
6
CONTINUOUS
10
0.0482172834645669
20
-0.1970044488188976
11
0.0495665354330709
21
-0.200712125984252
0
LINE
8
BLACK
6
CONTINUOUS
10
0.0495665354330709
20
-0.200712125984252
11
0.0671425590551181
21
-0.2180883464566929
0
LINE
8
BLACK
6
CONTINUOUS
10
0.0671425590551181
20
-0.2180883464566929
11
0.0675692913385827
21
-0.218726968503937
0
LINE
8
BLACK
6
CONTINUOUS
10
0.0675692913385827
20
-0.218726968503937
11
0.0675692913385827
21
-0.2202335826771654
0
LINE
8
BLACK
6
CONTINUOUS
10
0.0675692913385827
20
-0.2202335826771654
11
0.066503937007874
21
-0.221298937007874
0
LINE
8
BLACK
6
CONTINUOUS
10
0.066503937007874
20
-0.221298937007874
11
0.0462530708661417
21
-0.221448779527559
0
LINE
8
BLACK
6
CONTINUOUS
10
0.0462530708661417
20
-0.221448779527559
11
0.0454997637795276
21
-0.221298937007874
0
LINE
8
BLACK
6
CONTINUOUS
10
0.0454997637795276
20
-0.221298937007874
11
0.0444344094488189
21
-0.2202335826771654
0
LINE
8
BLACK
6
CONTINUOUS
10
0.0444344094488189
20
-0.2202335826771654
11
0.0444344094488189
21
-0.218726968503937
0
LINE
8
BLACK
6
CONTINUOUS
10
0.0444344094488189
20
-0.218726968503937
11
0.0454997637795276
21
-0.2176616141732284
0
LINE
8
BLACK
6
CONTINUOUS
10
0.0454997637795276
20
-0.2176616141732284
11
0.0612006299212598
21
-0.2175454330708661
0
LINE
8
BLACK
6
CONTINUOUS
10
0.0612006299212598
20
-0.2175454330708661
11
0.0463609448818898
21
-0.2028744488188976
0
LINE
8
BLACK
6
CONTINUOUS
10
0.0463609448818898
20
-0.2028744488188976
11
0.0463061811023622
21
-0.2027924803149606
0
LINE
8
BLACK
6
CONTINUOUS
10
0.0463061811023622
20
-0.2027924803149606
11
0.0462657480314961
21
-0.2027722834645669
0
LINE
8
BLACK
6
CONTINUOUS
10
0.0462657480314961
20
-0.2027722834645669
11
0.0462335433070866
21
-0.2026837795275591
0
LINE
8
BLACK
6
CONTINUOUS
10
0.0462335433070866
20
-0.2026837795275591
11
0.0459342125984252
21
-0.2022358267716535
0
LINE
8
BLACK
6
CONTINUOUS
10
0.0459342125984252
20
-0.2022358267716535
11
0.0459342125984252
21
-0.2018611811023622
0
LINE
8
BLACK
6
CONTINUOUS
10
0.0459342125984252
20
-0.2018611811023622
11
0.0443855905511811
21
-0.1976055511811023
0
LINE
8
BLACK
6
CONTINUOUS
10
0.0443855905511811
20
-0.1976055511811023
11
0.0442895275590551
21
-0.1968435433070866
0
LINE
8
BLACK
6
CONTINUOUS
10
0.0442895275590551
20
-0.1968435433070866
11
0.0443906692913386
21
-0.196641220472441
0
LINE
8
BLACK
6
CONTINUOUS
10
0.0443906692913386
20
-0.196641220472441
11
0.0442845669291339
21
-0.1939834645669291
0
LINE
8
BLACK
6
CONTINUOUS
10
0.0442845669291339
20
-0.1939834645669291
11
0.0443037795275591
21
-0.1938867322834646
0
LINE
8
BLACK
6
CONTINUOUS
10
0.0443037795275591
20
-0.1938867322834646
11
0.0442895275590551
21
-0.193843937007874
0
LINE
8
BLACK
6
CONTINUOUS
10
0.0442895275590551
20
-0.193843937007874
11
0.04433
21
-0.193755
0
LINE
8
BLACK
6
CONTINUOUS
10
0.04433
20
-0.193755
11
0.0444344094488189
21
-0.193230157480315
0
LINE
8
BLACK
6
CONTINUOUS
10
0.0444344094488189
20
-0.193230157480315
11
0.0446812992125984
21
-0.1929832283464567
0
LINE
8
BLACK
6
CONTINUOUS
10
0.0446812992125984
20
-0.1929832283464567
11
0.0459342125984252
21
-0.1902308267716535
0
LINE
8
BLACK
6
CONTINUOUS
10
0.0459342125984252
20
-0.1902308267716535
11
0.0459342125984252
21
-0.1902305118110236
0
LINE
8
BLACK
6
CONTINUOUS
10
0.0459342125984252
20
-0.1902305118110236
11
0.0459345275590551
21
-0.1902301181102362
0
LINE
8
BLACK
6
CONTINUOUS
10
0.0459345275590551
20
-0.1902301181102362
11
0.0459922047244095
21
-0.1901034645669291
0
LINE
8
BLACK
6
CONTINUOUS
10
0.0459922047244095
20
-0.1901034645669291
11
0.0464631102362205
21
-0.1894967322834646
0
LINE
8
BLACK
6
CONTINUOUS
10
0.0464631102362205
20
-0.1894967322834646
11
0.046651968503937
21
-0.1894337401574803
0
LINE
8
BLACK
6
CONTINUOUS
10
0.046651968503937
20
-0.1894337401574803
11
0.0477637795275591
21
-0.1881996456692913
0
LINE
8
BLACK
6
CONTINUOUS
10
0.0477637795275591
20
-0.1881996456692913
11
0.0477655905511811
21
-0.1881942519685039
0
LINE
8
BLACK
6
CONTINUOUS
10
0.0477655905511811
20
-0.1881942519685039
11
0.0477716141732283
21
-0.188190905511811
0
LINE
8
BLACK
6
CONTINUOUS
10
0.0477716141732283
20
-0.188190905511811
11
0.0478607086614173
21
-0.1880920866141732
0
LINE
8
BLACK
6
CONTINUOUS
10
0.0478607086614173
20
-0.1880920866141732
11
0.0484993307086614
21
-0.1876653543307087
0
LINE
8
BLACK
6
CONTINUOUS
10
0.0484993307086614
20
-0.1876653543307087
11
0.0487334645669291
21
-0.1876653543307087
0
LINE
8
BLACK
6
CONTINUOUS
10
0.0487334645669291
20
-0.1876653543307087
11
0.0513720078740157
21
-0.1862235039370079
0
LINE
8
BLACK
6
CONTINUOUS
10
0.0513720078740157
20
-0.1862235039370079
11
0.0514670866141732
21
-0.1861974409448819
0
LINE
8
BLACK
6
CONTINUOUS
10
0.0514670866141732
20
-0.1861974409448819
11
0.0514990157480315
21
-0.1861655511811024
0
LINE
8
BLACK
6
CONTINUOUS
10
0.0514990157480315
20
-0.1861655511811024
11
0.0515896456692913
21
-0.1861638976377953
0
LINE
8
BLACK
6
CONTINUOUS
10
0.0515896456692913
20
-0.1861638976377953
11
0.0521127952755905
21
-0.1860206692913386
0
LINE
8
BLACK
6
CONTINUOUS
10
0.0521127952755905
20
-0.1860206692913386
11
0.0524932283464567
21
-0.1861474803149606
0
LINE
8
BLACK
6
CONTINUOUS
10
0.0524932283464567
20
-0.1861474803149606
11
0.0597513779527559
21
-0.1860157086614173
0
LINE
8
BLACK
6
CONTINUOUS
10
0.0597513779527559
20
-0.1860157086614173
11
0.0598480708661417
21
-0.1860349212598425
0
LINE
8
BLACK
6
CONTINUOUS
10
0.0950003543307087
20
-0.1861655511811024
11
0.0960657086614173
21
-0.187230905511811
0
LINE
8
BLACK
6
CONTINUOUS
10
0.0960657086614173
20
-0.187230905511811
11
0.0962155511811024
21
-0.2194802755905512
0
LINE
8
BLACK
6
CONTINUOUS
10
0.0962155511811024
20
-0.2194802755905512
11
0.0960657086614173
21
-0.2202335826771654
0
LINE
8
BLACK
6
CONTINUOUS
10
0.0960657086614173
20
-0.2202335826771654
11
0.0950003543307087
21
-0.221298937007874
0
LINE
8
BLACK
6
CONTINUOUS
10
0.0950003543307087
20
-0.221298937007874
11
0.0867479921259842
21
-0.221448779527559
0
LINE
8
BLACK
6
CONTINUOUS
10
0.0867479921259842
20
-0.221448779527559
11
0.0859946850393701
21
-0.221298937007874
0
LINE
8
BLACK
6
CONTINUOUS
10
0.0859946850393701
20
-0.221298937007874
11
0.0858138976377953
21
-0.2211181496062992
0
LINE
8
BLACK
6
CONTINUOUS
10
0.0858138976377953
20
-0.2211181496062992
11
0.081626062992126
21
-0.2198479527559055
0
LINE
8
BLACK
6
CONTINUOUS
10
0.081626062992126
20
-0.2198479527559055
11
0.0815404330708661
21
-0.2197991338582677
0
LINE
8
BLACK
6
CONTINUOUS
10
0.0815404330708661
20
-0.2197991338582677
11
0.0814952362204724
21
-0.2197991338582677
0
LINE
8
BLACK
6
CONTINUOUS
10
0.0814952362204724
20
-0.2197991338582677
11
0.0814259448818898
21
-0.2197338582677165
0
LINE
8
BLACK
6
CONTINUOUS
10
0.0814259448818898
20
-0.2197338582677165
11
0.080958779527559
21
-0.2194675984251968
0
LINE
8
BLACK
6
CONTINUOUS
10
0.080958779527559
20
-0.2194675984251968
11
0.0807946456692913
21
-0.2191393307086614
0
LINE
8
BLACK
6
CONTINUOUS
10
0.0807946456692913
20
-0.2191393307086614
11
0.077856968503937
21
-0.2163727559055118
0
LINE
8
BLACK
6
CONTINUOUS
10
0.077856968503937
20
-0.2163727559055118
11
0.0774302755905512
21
-0.2157341338582677
0
LINE
8
BLACK
6
CONTINUOUS
10
0.0774302755905512
20
-0.2157341338582677
11
0.0774302755905512
21
-0.2155000393700787
0
LINE
8
BLACK
6
CONTINUOUS
10
0.0774302755905512
20
-0.2155000393700787
11
0.0759884645669291
21
-0.2128615748031496
0
LINE
8
BLACK
6
CONTINUOUS
10
0.0759884645669291
20
-0.2128615748031496
11
0.0757855905511811
21
-0.2121207874015748
0
LINE
8
BLACK
6
CONTINUOUS
10
0.0757855905511811
20
-0.2121207874015748
11
0.0758405118110236
21
-0.211955905511811
0
LINE
8
BLACK
6
CONTINUOUS
10
0.0758405118110236
20
-0.211955905511811
11
0.0743395669291339
21
-0.2064594094488189
0
LINE
8
BLACK
6
CONTINUOUS
10
0.0743395669291339
20
-0.2064594094488189
11
0.0743022440944882
21
-0.2056922440944882
0
LINE
8
BLACK
6
CONTINUOUS
10
0.0743022440944882
20
-0.2056922440944882
11
0.0743963779527559
21
-0.2055352755905512
0
LINE
8
BLACK
6
CONTINUOUS
10
0.0743963779527559
20
-0.2055352755905512
11
0.0742807874015748
21
-0.2014825196850394
0
LINE
8
BLACK
6
CONTINUOUS
10
0.0742807874015748
20
-0.2014825196850394
11
0.0744306299212598
21
-0.2007292125984252
0
LINE
8
BLACK
6
CONTINUOUS
10
0.0744306299212598
20
-0.2007292125984252
11
0.0745711023622047
21
-0.2005887007874016
0
LINE
8
BLACK
6
CONTINUOUS
10
0.0745711023622047
20
-0.2005887007874016
11
0.0758394094488189
21
-0.1950058267716535
0
LINE
8
BLACK
6
CONTINUOUS
10
0.0758394094488189
20
-0.1950058267716535
11
0.0761674803149606
21
-0.1943113385826772
0
LINE
8
BLACK
6
CONTINUOUS
10
0.0761674803149606
20
-0.1943113385826772
11
0.0762886220472441
21
-0.1942386220472441
0
LINE
8
BLACK
6
CONTINUOUS
10
0.0762886220472441
20
-0.1942386220472441
11
0.0774302755905512
21
-0.1917306299212598
0
LINE
8
BLACK
6
CONTINUOUS
10
0.0774302755905512
20
-0.1917306299212598
11
0.0774302755905512
21
-0.1917303149606299
0
LINE
8
BLACK
6
CONTINUOUS
10
0.0774302755905512
20
-0.1917303149606299
11
0.0774305511811024
21
-0.1917299606299213
0
LINE
8
BLACK
6
CONTINUOUS
10
0.0774305511811024
20
-0.1917299606299213
11
0.0774882677165354
21
-0.1916032677165354
0
LINE
8
BLACK
6
CONTINUOUS
10
0.0774882677165354
20
-0.1916032677165354
11
0.0779591732283465
21
-0.1909965354330709
0
LINE
8
BLACK
6
CONTINUOUS
10
0.0779591732283465
20
-0.1909965354330709
11
0.0781955118110236
21
-0.1909177165354331
0
LINE
8
BLACK
6
CONTINUOUS
10
0.0781955118110236
20
-0.1909177165354331
11
0.0808566141732283
21
-0.1880920866141732
0
LINE
8
BLACK
6
CONTINUOUS
10
0.0808566141732283
20
-0.1880920866141732
11
0.0809385433070866
21
-0.1880373228346457
0
LINE
8
BLACK
6
CONTINUOUS
10
0.0809385433070866
20
-0.1880373228346457
11
0.080958779527559
21
-0.1879968897637795
0
LINE
8
BLACK
6
CONTINUOUS
10
0.080958779527559
20
-0.1879968897637795
11
0.0810472440944882
21
-0.1879646850393701
0
LINE
8
BLACK
6
CONTINUOUS
10
0.0810472440944882
20
-0.1879646850393701
11
0.0814952362204724
21
-0.1876653543307087
0
LINE
8
BLACK
6
CONTINUOUS
10
0.0814952362204724
20
-0.1876653543307087
11
0.081869842519685
21
-0.1876653543307087
0
LINE
8
BLACK
6
CONTINUOUS
10
0.081869842519685
20
-0.1876653543307087
11
0.0861255118110236
21
-0.1861167322834646
0
LINE
8
BLACK
6
CONTINUOUS
10
0.0861255118110236
20
-0.1861167322834646
11
0.0868875196850394
21
-0.1860206692913386
0
LINE
8
BLACK
6
CONTINUOUS
10
0.0868875196850394
20
-0.1860206692913386
11
0.0871358267716535
21
-0.1861448031496063
0
LINE
8
BLACK
6
CONTINUOUS
10
0.0871358267716535
20
-0.1861448031496063
11
0.0942470472440945
21
-0.1860157086614173
0
LINE
8
BLACK
6
CONTINUOUS
10
0.0942470472440945
20
-0.1860157086614173
11
0.0950003543307087
21
-0.1861655511811024
0
LINE
8
BLACK
6
CONTINUOUS
10
0.0867479921259842
20
-0.1899527165354331
11
0.0867265748031496
21
-0.1899484251968504
0
LINE
8
BLACK
6
CONTINUOUS
10
0.0867265748031496
20
-0.1899484251968504
11
0.0830944881889764
21
-0.191270157480315
0
LINE
8
BLACK
6
CONTINUOUS
10
0.0830944881889764
20
-0.191270157480315
11
0.0806437795275591
21
-0.1938724409448819
0
LINE
8
BLACK
6
CONTINUOUS
10
0.0806437795275591
20
-0.1938724409448819
11
0.0795098031496063
21
-0.1963635826771654
0
LINE
8
BLACK
6
CONTINUOUS
10
0.0795098031496063
20
-0.1963635826771654
11
0.0793974803149606
21
-0.1965082677165354
0
LINE
8
BLACK
6
CONTINUOUS
10
0.0793974803149606
20
-0.1965082677165354
11
0.0781590157480315
21
-0.2019599606299212
0
LINE
8
BLACK
6
CONTINUOUS
10
0.0781590157480315
20
-0.2019599606299212
11
0.0781062204724409
21
-0.2020716535433071
0
LINE
8
BLACK
6
CONTINUOUS
10
0.0781062204724409
20
-0.2020716535433071
11
0.0782177952755905
21
-0.205981968503937
0
LINE
8
BLACK
6
CONTINUOUS
10
0.0782177952755905
20
-0.205981968503937
11
0.0781896062992126
21
-0.2061235433070866
0
LINE
8
BLACK
6
CONTINUOUS
10
0.0781896062992126
20
-0.2061235433070866
11
0.0796588582677165
21
-0.2115037795275591
0
LINE
8
BLACK
6
CONTINUOUS
10
0.0796588582677165
20
-0.2115037795275591
11
0.0796655118110236
21
-0.2116407874015748
0
LINE
8
BLACK
6
CONTINUOUS
10
0.0796655118110236
20
-0.2116407874015748
11
0.0810096062992126
21
-0.2141004724409449
0
LINE
8
BLACK
6
CONTINUOUS
10
0.0810096062992126
20
-0.2141004724409449
11
0.0810134251968504
21
-0.2141144094488189
0
LINE
8
BLACK
6
CONTINUOUS
10
0.0810134251968504
20
-0.2141144094488189
11
0.0834727559055118
21
-0.2164305511811024
0
LINE
8
BLACK
6
CONTINUOUS
10
0.0834727559055118
20
-0.2164305511811024
11
0.0873704724409449
21
-0.2176127952755905
0
LINE
8
BLACK
6
CONTINUOUS
10
0.0873704724409449
20
-0.2176127952755905
11
0.0874109842519685
21
-0.2176358661417323
0
LINE
8
BLACK
6
CONTINUOUS
10
0.0874109842519685
20
-0.2176358661417323
11
0.0924158661417323
21
-0.217545
0
LINE
8
BLACK
6
CONTINUOUS
10
0.0924158661417323
20
-0.217545
11
0.0922872047244094
21
-0.189852125984252
0
LINE
8
BLACK
6
CONTINUOUS
10
0.0922872047244094
20
-0.189852125984252
11
0.0867479921259842
21
-0.1899527165354331
0
LINE
8
BLACK
6
CONTINUOUS
10
-0.2479356299212598
20
-0.1817824409448819
11
-0.2478379133858268
21
-0.1817726771653543
0
LINE
8
BLACK
6
CONTINUOUS
10
-0.2478379133858268
20
-0.1817726771653543
11
-0.2477907874015748
21
-0.1818112204724409
0
LINE
8
BLACK
6
CONTINUOUS
10
-0.2477907874015748
20
-0.1818112204724409
11
-0.2476531889763779
21
-0.1818386220472441
0
LINE
8
BLACK
6
CONTINUOUS
10
-0.2476531889763779
20
-0.1818386220472441
11
-0.2471847244094488
21
-0.1823070866141732
0
LINE
8
BLACK
6
CONTINUOUS
10
-0.2471847244094488
20
-0.1823070866141732
11
-0.246671811023622
21
-0.1827267322834646
0
LINE
8
BLACK
6
CONTINUOUS
10
-0.246671811023622
20
-0.1827267322834646
11
-0.2466603543307087
21
-0.1828314566929134
0
LINE
8
BLACK
6
CONTINUOUS
10
-0.2466603543307087
20
-0.1828314566929134
11
-0.2465878346456693
21
-0.1829039763779527
0
LINE
8
BLACK
6
CONTINUOUS
10
-0.2465878346456693
20
-0.1829039763779527
11
-0.2465878346456693
21
-0.1834931102362205
0
LINE
8
BLACK
6
CONTINUOUS
10
-0.2465878346456693
20
-0.1834931102362205
11
-0.2449479133858268
21
-0.1984595275590551
0
LINE
8
BLACK
6
CONTINUOUS
10
-0.2449479133858268
20
-0.1984595275590551
11
-0.2450220472440945
21
-0.1992239763779527
0
LINE
8
BLACK
6
CONTINUOUS
10
-0.2450220472440945
20
-0.1992239763779527
11
-0.245088031496063
21
-0.1993045669291338
0
LINE
8
BLACK
6
CONTINUOUS
10
-0.245088031496063
20
-0.1993045669291338
11
-0.2450879921259843
21
-0.1994087007874016
0
LINE
8
BLACK
6
CONTINUOUS
10
-0.2450879921259843
20
-0.1994087007874016
11
-0.2455564960629921
21
-0.1998771653543307
0
LINE
8
BLACK
6
CONTINUOUS
10
-0.2455564960629921
20
-0.1998771653543307
11
-0.2459761023622047
21
-0.2003900787401575
0
LINE
8
BLACK
6
CONTINUOUS
10
-0.2459761023622047
20
-0.2003900787401575
11
-0.2460797637795276
21
-0.2004004330708661
0
LINE
8
BLACK
6
CONTINUOUS
10
-0.2460797637795276
20
-0.2004004330708661
11
-0.2461533070866142
21
-0.2004740157480315
0
LINE
8
BLACK
6
CONTINUOUS
10
-0.2461533070866142
20
-0.2004740157480315
11
-0.2468156299212598
21
-0.2004740157480315
0
LINE
8
BLACK
6
CONTINUOUS
10
-0.2468156299212598
20
-0.2004740157480315
11
-0.2474752362204724
21
-0.20054
0
LINE
8
BLACK
6
CONTINUOUS
10
-0.2474752362204724
20
-0.20054
11
-0.2475558661417323
21
-0.2004740157480315
0
LINE
8
BLACK
6
CONTINUOUS
10
-0.2475558661417323
20
-0.2004740157480315
11
-0.2476599606299213
21
-0.2004740551181102
0
LINE
8
BLACK
6
CONTINUOUS
10
-0.2476599606299213
20
-0.2004740551181102
11
-0.2497951181102362
21
-0.1985505511811023
0
LINE
8
BLACK
6
CONTINUOUS
10
-0.2497951181102362
20
-0.1985505511811023
11
-0.2521012992125984
21
-0.1975007480314961
0
LINE
8
BLACK
6
CONTINUOUS
10
-0.2521012992125984
20
-0.1975007480314961
11
-0.2586517716535433
21
-0.1976196850393701
0
LINE
8
BLACK
6
CONTINUOUS
10
-0.2586517716535433
20
-0.1976196850393701
11
-0.2609638188976378
21
-0.1988830708661417
0
LINE
8
BLACK
6
CONTINUOUS
10
-0.2609638188976378
20
-0.1988830708661417
11
-0.2620096456692914
21
-0.2000438976377953
0
LINE
8
BLACK
6
CONTINUOUS
10
-0.2620096456692914
20
-0.2000438976377953
11
-0.2630594488188976
21
-0.202350157480315
0
LINE
8
BLACK
6
CONTINUOUS
10
-0.2630594488188976
20
-0.202350157480315
11
-0.2629405118110236
21
-0.2089006299212599
0
LINE
8
BLACK
6
CONTINUOUS
10
-0.2629405118110236
20
-0.2089006299212599
11
-0.2616770866141732
21
-0.2112127165354331
0
LINE
8
BLACK
6
CONTINUOUS
10
-0.2616770866141732
20
-0.2112127165354331
11
-0.2605162204724409
21
-0.2122585826771654
0
LINE
8
BLACK
6
CONTINUOUS
10
-0.2605162204724409
20
-0.2122585826771654
11
-0.25821
21
-0.2133083464566929
0
LINE
8
BLACK
6
CONTINUOUS
10
-0.25821
20
-0.2133083464566929
11
-0.2516595669291338
21
-0.2131894094488189
0
LINE
8
BLACK
6
CONTINUOUS
10
-0.2516595669291338
20
-0.2131894094488189
11
-0.2493474409448819
21
-0.2119259448818898
0
LINE
8
BLACK
6
CONTINUOUS
10
-0.2493474409448819
20
-0.2119259448818898
11
-0.2482985826771653
21
-0.2107617716535433
0
LINE
8
BLACK
6
CONTINUOUS
10
-0.2482985826771653
20
-0.2107617716535433
11
-0.2476599606299213
21
-0.2103350393700787
0
LINE
8
BLACK
6
CONTINUOUS
10
-0.2476599606299213
20
-0.2103350393700787
11
-0.2461533464566929
21
-0.2103350393700787
0
LINE
8
BLACK
6
CONTINUOUS
10
-0.2461533464566929
20
-0.2103350393700787
11
-0.2450879921259843
21
-0.2114003937007874
0
LINE
8
BLACK
6
CONTINUOUS
10
-0.2450879921259843
20
-0.2114003937007874
11
-0.2450879921259843
21
-0.2129070078740157
0
LINE
8
BLACK
6
CONTINUOUS
10
-0.2450879921259843
20
-0.2129070078740157
11
-0.2469175196850394
21
-0.2149377165354331
0
LINE
8
BLACK
6
CONTINUOUS
10
-0.2469175196850394
20
-0.2149377165354331
11
-0.2469193700787402
21
-0.2149433070866142
0
LINE
8
BLACK
6
CONTINUOUS
10
-0.2469193700787402
20
-0.2149433070866142
11
-0.2469255905511811
21
-0.2149466929133858
0
LINE
8
BLACK
6
CONTINUOUS
10
-0.2469255905511811
20
-0.2149466929133858
11
-0.2470145669291338
21
-0.2150454724409449
0
LINE
8
BLACK
6
CONTINUOUS
10
-0.2470145669291338
20
-0.2150454724409449
11
-0.2476531889763779
21
-0.2154722047244094
0
LINE
8
BLACK
6
CONTINUOUS
10
-0.2476531889763779
20
-0.2154722047244094
11
-0.2478872440944882
21
-0.2154722047244094
0
LINE
8
BLACK
6
CONTINUOUS
10
-0.2478872440944882
20
-0.2154722047244094
11
-0.2505257480314961
21
-0.2169140157480315
0
LINE
8
BLACK
6
CONTINUOUS
10
-0.2505257480314961
20
-0.2169140157480315
11
-0.2506208661417323
21
-0.2169400393700787
0
LINE
8
BLACK
6
CONTINUOUS
10
-0.2506208661417323
20
-0.2169400393700787
11
-0.2506527952755905
21
-0.2169720078740157
0
LINE
8
BLACK
6
CONTINUOUS
10
-0.2506527952755905
20
-0.2169720078740157
11
-0.2507435433070866
21
-0.2169736220472441
0
LINE
8
BLACK
6
CONTINUOUS
10
-0.2507435433070866
20
-0.2169736220472441
11
-0.2512665354330709
21
-0.2171168897637795
0
LINE
8
BLACK
6
CONTINUOUS
10
-0.2512665354330709
20
-0.2171168897637795
11
-0.2516470472440945
21
-0.2169900393700787
0
LINE
8
BLACK
6
CONTINUOUS
10
-0.2516470472440945
20
-0.2169900393700787
11
-0.258905157480315
21
-0.2171218503937008
0
LINE
8
BLACK
6
CONTINUOUS
10
-0.258905157480315
20
-0.2171218503937008
11
-0.2590018897637795
21
-0.2171025984251969
0
LINE
8
BLACK
6
CONTINUOUS
10
-0.2590018897637795
20
-0.2171025984251969
11
-0.2590446850393701
21
-0.2171168897637795
0
LINE
8
BLACK
6
CONTINUOUS
10
-0.2590446850393701
20
-0.2171168897637795
11
-0.2591336220472441
21
-0.2170763779527559
0
LINE
8
BLACK
6
CONTINUOUS
10
-0.2591336220472441
20
-0.2170763779527559
11
-0.2596584645669291
21
-0.2169720078740157
0
LINE
8
BLACK
6
CONTINUOUS
10
-0.2596584645669291
20
-0.2169720078740157
11
-0.2599053937007874
21
-0.2167250787401575
0
LINE
8
BLACK
6
CONTINUOUS
10
-0.2599053937007874
20
-0.2167250787401575
11
-0.2626578346456693
21
-0.2154721653543307
0
LINE
8
BLACK
6
CONTINUOUS
10
-0.2626578346456693
20
-0.2154721653543307
11
-0.2626581496062992
21
-0.2154721653543307
0
LINE
8
BLACK
6
CONTINUOUS
10
-0.2626581496062992
20
-0.2154721653543307
11
-0.2626585039370078
21
-0.2154718503937008
0
LINE
8
BLACK
6
CONTINUOUS
10
-0.2626585039370078
20
-0.2154718503937008
11
-0.2627851181102362
21
-0.2154142125984252
0
LINE
8
BLACK
6
CONTINUOUS
10
-0.2627851181102362
20
-0.2154142125984252
11
-0.2633918897637795
21
-0.2149433070866142
0
LINE
8
BLACK
6
CONTINUOUS
10
-0.2633918897637795
20
-0.2149433070866142
11
-0.2634548818897638
21
-0.2147543700787402
0
LINE
8
BLACK
6
CONTINUOUS
10
-0.2634548818897638
20
-0.2147543700787402
11
-0.2646888976377953
21
-0.2136426377952756
0
LINE
8
BLACK
6
CONTINUOUS
10
-0.2646888976377953
20
-0.2136426377952756
11
-0.2646943700787401
21
-0.2136408267716535
0
LINE
8
BLACK
6
CONTINUOUS
10
-0.2646943700787401
20
-0.2136408267716535
11
-0.2646977559055118
21
-0.2136346456692913
0
LINE
8
BLACK
6
CONTINUOUS
10
-0.2646977559055118
20
-0.2136346456692913
11
-0.2647965748031496
21
-0.2135456299212598
0
LINE
8
BLACK
6
CONTINUOUS
10
-0.2647965748031496
20
-0.2135456299212598
11
-0.2652232677165354
21
-0.2129070078740157
0
LINE
8
BLACK
6
CONTINUOUS
10
-0.2652232677165354
20
-0.2129070078740157
11
-0.2652232677165354
21
-0.2126729133858268
0
LINE
8
BLACK
6
CONTINUOUS
10
-0.2652232677165354
20
-0.2126729133858268
11
-0.2666650787401575
21
-0.2100344488188976
0
LINE
8
BLACK
6
CONTINUOUS
10
-0.2666650787401575
20
-0.2100344488188976
11
-0.2666911417322835
21
-0.2099393307086614
0
LINE
8
BLACK
6
CONTINUOUS
10
-0.2666911417322835
20
-0.2099393307086614
11
-0.2667230708661417
21
-0.2099074015748031
0
LINE
8
BLACK
6
CONTINUOUS
10
-0.2667230708661417
20
-0.2099074015748031
11
-0.2667247244094488
21
-0.2098166535433071
0
LINE
8
BLACK
6
CONTINUOUS
10
-0.2667247244094488
20
-0.2098166535433071
11
-0.2668679527559055
21
-0.2092936614173228
0
LINE
8
BLACK
6
CONTINUOUS
10
-0.2668679527559055
20
-0.2092936614173228
11
-0.2667411417322835
21
-0.2089131496062992
0
LINE
8
BLACK
6
CONTINUOUS
10
-0.2667411417322835
20
-0.2089131496062992
11
-0.2668729133858267
21
-0.2016550393700787
0
LINE
8
BLACK
6
CONTINUOUS
10
-0.2668729133858267
20
-0.2016550393700787
11
-0.2668537007874016
21
-0.2015583070866142
0
LINE
8
BLACK
6
CONTINUOUS
10
-0.2668537007874016
20
-0.2015583070866142
11
-0.2668679527559055
21
-0.2015155118110236
0
LINE
8
BLACK
6
CONTINUOUS
10
-0.2668679527559055
20
-0.2015155118110236
11
-0.2668274803149606
21
-0.2014265748031496
0
LINE
8
BLACK
6
CONTINUOUS
10
-0.2668274803149606
20
-0.2014265748031496
11
-0.2667230708661417
21
-0.2009017322834646
0
LINE
8
BLACK
6
CONTINUOUS
10
-0.2667230708661417
20
-0.2009017322834646
11
-0.2664761811023622
21
-0.2006548031496063
0
LINE
8
BLACK
6
CONTINUOUS
10
-0.2664761811023622
20
-0.2006548031496063
11
-0.2652232677165354
21
-0.1979024015748032
0
LINE
8
BLACK
6
CONTINUOUS
10
-0.2652232677165354
20
-0.1979024015748032
11
-0.2652232677165354
21
-0.1979020866141732
0
LINE
8
BLACK
6
CONTINUOUS
10
-0.2652232677165354
20
-0.1979020866141732
11
-0.2652229527559055
21
-0.1979016929133858
0
LINE
8
BLACK
6
CONTINUOUS
10
-0.2652229527559055
20
-0.1979016929133858
11
-0.2651652755905512
21
-0.1977750393700787
0
LINE
8
BLACK
6
CONTINUOUS
10
-0.2651652755905512
20
-0.1977750393700787
11
-0.2646943700787401
21
-0.1971683070866142
0
LINE
8
BLACK
6
CONTINUOUS
10
-0.2646943700787401
20
-0.1971683070866142
11
-0.2645055118110236
21
-0.1971053149606299
0
LINE
8
BLACK
6
CONTINUOUS
10
-0.2645055118110236
20
-0.1971053149606299
11
-0.2633937007874015
21
-0.1958712204724409
0
LINE
8
BLACK
6
CONTINUOUS
10
-0.2633937007874015
20
-0.1958712204724409
11
-0.2633918897637795
21
-0.1958658267716535
0
LINE
8
BLACK
6
CONTINUOUS
10
-0.2633918897637795
20
-0.1958658267716535
11
-0.2633858661417323
21
-0.1958624803149606
0
LINE
8
BLACK
6
CONTINUOUS
10
-0.2633858661417323
20
-0.1958624803149606
11
-0.2632967716535433
21
-0.1957636614173228
0
LINE
8
BLACK
6
CONTINUOUS
10
-0.2632967716535433
20
-0.1957636614173228
11
-0.2626581496062992
21
-0.1953369291338583
0
LINE
8
BLACK
6
CONTINUOUS
10
-0.2626581496062992
20
-0.1953369291338583
11
-0.2624240157480315
21
-0.1953369291338583
0
LINE
8
BLACK
6
CONTINUOUS
10
-0.2624240157480315
20
-0.1953369291338583
11
-0.2597854724409449
21
-0.1938950787401575
0
LINE
8
BLACK
6
CONTINUOUS
10
-0.2597854724409449
20
-0.1938950787401575
11
-0.2596903937007874
21
-0.1938690157480315
0
LINE
8
BLACK
6
CONTINUOUS
10
-0.2596903937007874
20
-0.1938690157480315
11
-0.2596584645669291
21
-0.193837125984252
0
LINE
8
BLACK
6
CONTINUOUS
10
-0.2596584645669291
20
-0.193837125984252
11
-0.2595678346456693
21
-0.1938354724409449
0
LINE
8
BLACK
6
CONTINUOUS
10
-0.2595678346456693
20
-0.1938354724409449
11
-0.2590446850393701
21
-0.1936922440944882
0
LINE
8
BLACK
6
CONTINUOUS
10
-0.2590446850393701
20
-0.1936922440944882
11
-0.258664251968504
21
-0.1938190551181102
0
LINE
8
BLACK
6
CONTINUOUS
10
-0.258664251968504
20
-0.1938190551181102
11
-0.2514061023622047
21
-0.1936872834645669
0
LINE
8
BLACK
6
CONTINUOUS
10
-0.2514061023622047
20
-0.1936872834645669
11
-0.2513094094488189
21
-0.1937064960629921
0
LINE
8
BLACK
6
CONTINUOUS
10
-0.2513094094488189
20
-0.1937064960629921
11
-0.2512665354330709
21
-0.1936922440944882
0
LINE
8
BLACK
6
CONTINUOUS
10
-0.2512665354330709
20
-0.1936922440944882
11
-0.2511775984251968
21
-0.1937327165354331
0
LINE
8
BLACK
6
CONTINUOUS
10
-0.2511775984251968
20
-0.1937327165354331
11
-0.2506527952755905
21
-0.193837125984252
0
LINE
8
BLACK
6
CONTINUOUS
10
-0.2506527952755905
20
-0.193837125984252
11
-0.2504059448818898
21
-0.1940839763779527
0
LINE
8
BLACK
6
CONTINUOUS
10
-0.2504059448818898
20
-0.1940839763779527
11
-0.2491832283464567
21
-0.1946405905511811
0
LINE
8
BLACK
6
CONTINUOUS
10
-0.2491832283464567
20
-0.1946405905511811
11
-0.2501848031496063
21
-0.1855
0
LINE
8
BLACK
6
CONTINUOUS
10
-0.2501848031496063
20
-0.1855
11
-0.2634046062992126
21
-0.1856257874015748
0
LINE
8
BLACK
6
CONTINUOUS
10
-0.2634046062992126
20
-0.1856257874015748
11
-0.2641579133858268
21
-0.1854759448818898
0
LINE
8
BLACK
6
CONTINUOUS
10
-0.2641579133858268
20
-0.1854759448818898
11
-0.2652232677165354
21
-0.1844105905511811
0
LINE
8
BLACK
6
CONTINUOUS
10
-0.2652232677165354
20
-0.1844105905511811
11
-0.2652232677165354
21
-0.1829039763779527
0
LINE
8
BLACK
6
CONTINUOUS
10
-0.2652232677165354
20
-0.1829039763779527
11
-0.2641579133858268
21
-0.1818386220472441
0
LINE
8
BLACK
6
CONTINUOUS
10
-0.2641579133858268
20
-0.1818386220472441
11
-0.2484064960629921
21
-0.181688779527559
0
LINE
8
BLACK
6
CONTINUOUS
10
-0.2484064960629921
20
-0.181688779527559
11
-0.2479356299212598
21
-0.1817824409448819
0
LINE
8
BLACK
6
CONTINUOUS
10
-0.216157125984252
20
-0.1818386220472441
11
-0.2150917716535433
21
-0.1829039763779527
0
LINE
8
BLACK
6
CONTINUOUS
10
-0.2150917716535433
20
-0.1829039763779527
11
-0.2149419291338583
21
-0.2151533464566929
0
LINE
8
BLACK
6
CONTINUOUS
10
-0.2149419291338583
20
-0.2151533464566929
11
-0.2150917716535433
21
-0.2159066535433071
0
LINE
8
BLACK
6
CONTINUOUS
10
-0.2150917716535433
20
-0.2159066535433071
11
-0.216157125984252
21
-0.2169720078740157
0
LINE
8
BLACK
6
CONTINUOUS
10
-0.216157125984252
20
-0.2169720078740157
11
-0.2176637401574803
21
-0.2169720078740157
0
LINE
8
BLACK
6
CONTINUOUS
10
-0.2176637401574803
20
-0.2169720078740157
11
-0.218729094488189
21
-0.2159066535433071
0
LINE
8
BLACK
6
CONTINUOUS
10
-0.218729094488189
20
-0.2159066535433071
11
-0.2187937007874016
21
-0.2020048031496063
0
LINE
8
BLACK
6
CONTINUOUS
10
-0.2187937007874016
20
-0.2020048031496063
11
-0.2235058267716535
21
-0.2020601968503937
0
LINE
8
BLACK
6
CONTINUOUS
10
-0.2235058267716535
20
-0.2020601968503937
11
-0.2332955118110236
21
-0.2162822047244095
0
LINE
8
BLACK
6
CONTINUOUS
10
-0.2332955118110236
20
-0.2162822047244095
11
-0.2338502755905512
21
-0.2168134251968504
0
LINE
8
BLACK
6
CONTINUOUS
10
-0.2338502755905512
20
-0.2168134251968504
11
-0.2353339763779528
21
-0.2170752362204724
0
LINE
8
BLACK
6
CONTINUOUS
10
-0.2353339763779528
20
-0.2170752362204724
11
-0.2365682677165354
21
-0.2162112598425197
0
LINE
8
BLACK
6
CONTINUOUS
10
-0.2365682677165354
20
-0.2162112598425197
11
-0.2368300787401575
21
-0.2147275590551181
0
LINE
8
BLACK
6
CONTINUOUS
10
-0.2368300787401575
20
-0.2147275590551181
11
-0.2281481102362205
21
-0.2021147244094488
0
LINE
8
BLACK
6
CONTINUOUS
10
-0.2281481102362205
20
-0.2021147244094488
11
-0.228908937007874
21
-0.2021237007874016
0
LINE
8
BLACK
6
CONTINUOUS
10
-0.228908937007874
20
-0.2021237007874016
11
-0.2290056692913386
21
-0.2021044488188976
0
LINE
8
BLACK
6
CONTINUOUS
10
-0.2290056692913386
20
-0.2021044488188976
11
-0.2290485039370079
21
-0.2021187401574803
0
LINE
8
BLACK
6
CONTINUOUS
10
-0.2290485039370079
20
-0.2021187401574803
11
-0.2291374803149606
21
-0.2020782283464567
0
LINE
8
BLACK
6
CONTINUOUS
10
-0.2291374803149606
20
-0.2020782283464567
11
-0.2296622440944882
21
-0.2019738582677165
0
LINE
8
BLACK
6
CONTINUOUS
10
-0.2296622440944882
20
-0.2019738582677165
11
-0.2299091338582677
21
-0.201726968503937
0
LINE
8
BLACK
6
CONTINUOUS
10
-0.2299091338582677
20
-0.201726968503937
11
-0.2326614960629921
21
-0.2004740551181102
0
LINE
8
BLACK
6
CONTINUOUS
10
-0.2326614960629921
20
-0.2004740551181102
11
-0.2326618897637795
21
-0.2004740551181102
0
LINE
8
BLACK
6
CONTINUOUS
10
-0.2326618897637795
20
-0.2004740551181102
11
-0.2326623228346457
21
-0.2004736614173228
0
LINE
8
BLACK
6
CONTINUOUS
10
-0.2326623228346457
20
-0.2004736614173228
11
-0.2327888976377953
21
-0.200416062992126
0
LINE
8
BLACK
6
CONTINUOUS
10
-0.2327888976377953
20
-0.200416062992126
11
-0.2333956692913386
21
-0.199945157480315
0
LINE
8
BLACK
6
CONTINUOUS
10
-0.2333956692913386
20
-0.199945157480315
11
-0.2334586614173228
21
-0.1997562204724409
0
LINE
8
BLACK
6
CONTINUOUS
10
-0.2334586614173228
20
-0.1997562204724409
11
-0.2346926377952756
21
-0.1986444881889764
0
LINE
8
BLACK
6
CONTINUOUS
10
-0.2346926377952756
20
-0.1986444881889764
11
-0.2346981102362205
21
-0.1986426771653543
0
LINE
8
BLACK
6
CONTINUOUS
10
-0.2346981102362205
20
-0.1986426771653543
11
-0.2347014960629921
21
-0.1986365354330709
0
LINE
8
BLACK
6
CONTINUOUS
10
-0.2347014960629921
20
-0.1986365354330709
11
-0.2348002755905512
21
-0.1985475196850394
0
LINE
8
BLACK
6
CONTINUOUS
10
-0.2348002755905512
20
-0.1985475196850394
11
-0.2352270078740157
21
-0.1979088976377953
0
LINE
8
BLACK
6
CONTINUOUS
10
-0.2352270078740157
20
-0.1979088976377953
11
-0.2352270078740157
21
-0.1976748031496063
0
LINE
8
BLACK
6
CONTINUOUS
10
-0.2352270078740157
20
-0.1976748031496063
11
-0.2366688582677165
21
-0.1950362992125984
0
LINE
8
BLACK
6
CONTINUOUS
10
-0.2366688582677165
20
-0.1950362992125984
11
-0.2366949212598425
21
-0.1949411811023622
0
LINE
8
BLACK
6
CONTINUOUS
10
-0.2366949212598425
20
-0.1949411811023622
11
-0.2367268503937008
21
-0.1949092519685039
0
LINE
8
BLACK
6
CONTINUOUS
10
-0.2367268503937008
20
-0.1949092519685039
11
-0.2367295669291339
21
-0.1948146850393701
0
LINE
8
BLACK
6
CONTINUOUS
10
-0.2367295669291339
20
-0.1948146850393701
11
-0.2368717322834646
21
-0.1942955118110236
0
LINE
8
BLACK
6
CONTINUOUS
10
-0.2368717322834646
20
-0.1942955118110236
11
-0.2367544094488189
21
-0.1939434645669291
0
LINE
8
BLACK
6
CONTINUOUS
10
-0.2367544094488189
20
-0.1939434645669291
11
-0.2368766929133858
21
-0.1896565354330709
0
LINE
8
BLACK
6
CONTINUOUS
10
-0.2368766929133858
20
-0.1896565354330709
11
-0.2368574803149606
21
-0.1895598031496063
0
LINE
8
BLACK
6
CONTINUOUS
10
-0.2368574803149606
20
-0.1895598031496063
11
-0.2368717322834646
21
-0.189516968503937
0
LINE
8
BLACK
6
CONTINUOUS
10
-0.2368717322834646
20
-0.189516968503937
11
-0.2368312598425197
21
-0.1894279921259842
0
LINE
8
BLACK
6
CONTINUOUS
10
-0.2368312598425197
20
-0.1894279921259842
11
-0.2367268503937008
21
-0.1889032283464567
0
LINE
8
BLACK
6
CONTINUOUS
10
-0.2367268503937008
20
-0.1889032283464567
11
-0.2364799606299212
21
-0.1886562992125984
0
LINE
8
BLACK
6
CONTINUOUS
10
-0.2364799606299212
20
-0.1886562992125984
11
-0.2352270078740157
21
-0.1859038976377953
0
LINE
8
BLACK
6
CONTINUOUS
10
-0.2352270078740157
20
-0.1859038976377953
11
-0.2352270078740157
21
-0.1859035826771654
0
LINE
8
BLACK
6
CONTINUOUS
10
-0.2352270078740157
20
-0.1859035826771654
11
-0.2352266929133858
21
-0.1859032283464567
0
LINE
8
BLACK
6
CONTINUOUS
10
-0.2352266929133858
20
-0.1859032283464567
11
-0.2351690157480315
21
-0.1857765354330708
0
LINE
8
BLACK
6
CONTINUOUS
10
-0.2351690157480315
20
-0.1857765354330708
11
-0.2346981102362205
21
-0.1851698031496063
0
LINE
8
BLACK
6
CONTINUOUS
10
-0.2346981102362205
20
-0.1851698031496063
11
-0.2345092519685039
21
-0.185106811023622
0
LINE
8
BLACK
6
CONTINUOUS
10
-0.2345092519685039
20
-0.185106811023622
11
-0.2333975196850394
21
-0.1838727952755906
0
LINE
8
BLACK
6
CONTINUOUS
10
-0.2333975196850394
20
-0.1838727952755906
11
-0.2333956692913386
21
-0.1838673228346457
0
LINE
8
BLACK
6
CONTINUOUS
10
-0.2333956692913386
20
-0.1838673228346457
11
-0.2333895669291338
21
-0.183863937007874
0
LINE
8
BLACK
6
CONTINUOUS
10
-0.2333895669291338
20
-0.183863937007874
11
-0.2333005118110236
21
-0.183765157480315
0
LINE
8
BLACK
6
CONTINUOUS
10
-0.2333005118110236
20
-0.183765157480315
11
-0.2326618897637795
21
-0.1833384251968504
0
LINE
8
BLACK
6
CONTINUOUS
10
-0.2326618897637795
20
-0.1833384251968504
11
-0.2324277952755905
21
-0.1833384251968504
0
LINE
8
BLACK
6
CONTINUOUS
10
-0.2324277952755905
20
-0.1833384251968504
11
-0.2297892913385827
21
-0.1818966141732283
0
LINE
8
BLACK
6
CONTINUOUS
10
-0.2297892913385827
20
-0.1818966141732283
11
-0.2296942125984252
21
-0.1818705511811023
0
LINE
8
BLACK
6
CONTINUOUS
10
-0.2296942125984252
20
-0.1818705511811023
11
-0.2296622440944882
21
-0.1818386220472441
0
LINE
8
BLACK
6
CONTINUOUS
10
-0.2296622440944882
20
-0.1818386220472441
11
-0.2295737401574803
21
-0.1818375590551181
0
LINE
8
BLACK
6
CONTINUOUS
10
-0.2295737401574803
20
-0.1818375590551181
11
-0.2290485039370079
21
-0.1816937401574803
0
LINE
8
BLACK
6
CONTINUOUS
10
-0.2290485039370079
20
-0.1816937401574803
11
-0.2286495669291339
21
-0.1818266929133858
0
LINE
8
BLACK
6
CONTINUOUS
10
-0.2286495669291339
20
-0.1818266929133858
11
-0.2169104330708661
21
-0.181688779527559
0
LINE
8
BLACK
6
CONTINUOUS
10
-0.2169104330708661
20
-0.181688779527559
11
-0.216157125984252
21
-0.1818386220472441
0
LINE
8
BLACK
6
CONTINUOUS
10
-0.2286585433070866
20
-0.1856228346456693
11
-0.2309675984251968
21
-0.1868846062992126
0
LINE
8
BLACK
6
CONTINUOUS
10
-0.2309675984251968
20
-0.1868846062992126
11
-0.2320133858267716
21
-0.1880453937007874
0
LINE
8
BLACK
6
CONTINUOUS
10
-0.2320133858267716
20
-0.1880453937007874
11
-0.233049094488189
21
-0.1903206692913386
0
LINE
8
BLACK
6
CONTINUOUS
10
-0.233049094488189
20
-0.1903206692913386
11
-0.2329470866141732
21
-0.1938973622047244
0
LINE
8
BLACK
6
CONTINUOUS
10
-0.2329470866141732
20
-0.1938973622047244
11
-0.2316808267716535
21
-0.1962146062992126
0
LINE
8
BLACK
6
CONTINUOUS
10
-0.2316808267716535
20
-0.1962146062992126
11
-0.2305199606299213
21
-0.1972603937007874
0
LINE
8
BLACK
6
CONTINUOUS
10
-0.2305199606299213
20
-0.1972603937007874
11
-0.2281938976377953
21
-0.1983192519685039
0
LINE
8
BLACK
6
CONTINUOUS
10
-0.2281938976377953
20
-0.1983192519685039
11
-0.2242053149606299
21
-0.1982724015748031
0
LINE
8
BLACK
6
CONTINUOUS
10
-0.2242053149606299
20
-0.1982724015748031
11
-0.2239837007874016
21
-0.1982333070866142
0
LINE
8
BLACK
6
CONTINUOUS
10
-0.2239837007874016
20
-0.1982333070866142
11
-0.2239324409448819
21
-0.1982691732283464
0
LINE
8
BLACK
6
CONTINUOUS
10
-0.2239324409448819
20
-0.1982691732283464
11
-0.2188113385826772
21
-0.1982090157480315
0
LINE
8
BLACK
6
CONTINUOUS
10
-0.2188113385826772
20
-0.1982090157480315
11
-0.2188703543307086
21
-0.1855077952755906
0
LINE
8
BLACK
6
CONTINUOUS
10
-0.2188703543307086
20
-0.1855077952755906
11
-0.2286585433070866
21
-0.1856228346456693
0
LINE
8
BLACK
6
CONTINUOUS
10
-0.1334799606299213
20
-0.1818386220472441
11
-0.1324146062992126
21
-0.1829039763779527
0
LINE
8
BLACK
6
CONTINUOUS
10
-0.1324146062992126
20
-0.1829039763779527
11
-0.1322647637795276
21
-0.2151533464566929
0
LINE
8
BLACK
6
CONTINUOUS
10
-0.1322647637795276
20
-0.2151533464566929
11
-0.1324146062992126
21
-0.2159066535433071
0
LINE
8
BLACK
6
CONTINUOUS
10
-0.1324146062992126
20
-0.2159066535433071
11
-0.1334799606299213
21
-0.2169720078740157
0
LINE
8
BLACK
6
CONTINUOUS
10
-0.1334799606299213
20
-0.2169720078740157
11
-0.1349865748031496
21
-0.2169720078740157
0
LINE
8
BLACK
6
CONTINUOUS
10
-0.1349865748031496
20
-0.2169720078740157
11
-0.1360519291338583
21
-0.2159066535433071
0
LINE
8
BLACK
6
CONTINUOUS
10
-0.1360519291338583
20
-0.2159066535433071
11
-0.1361165354330709
21
-0.2020048031496063
0
LINE
8
BLACK
6
CONTINUOUS
10
-0.1361165354330709
20
-0.2020048031496063
11
-0.1408286614173228
21
-0.2020601968503937
0
LINE
8
BLACK
6
CONTINUOUS
10
-0.1408286614173228
20
-0.2020601968503937
11
-0.1506183464566929
21
-0.2162822047244095
0
LINE
8
BLACK
6
CONTINUOUS
10
-0.1506183464566929
20
-0.2162822047244095
11
-0.1511731102362205
21
-0.2168134251968504
0
LINE
8
BLACK
6
CONTINUOUS
10
-0.1511731102362205
20
-0.2168134251968504
11
-0.1526568110236221
21
-0.2170752362204724
0
LINE
8
BLACK
6
CONTINUOUS
10
-0.1526568110236221
20
-0.2170752362204724
11
-0.1538911023622047
21
-0.2162112598425197
0
LINE
8
BLACK
6
CONTINUOUS
10
-0.1538911023622047
20
-0.2162112598425197
11
-0.1541529133858268
21
-0.2147275590551181
0
LINE
8
BLACK
6
CONTINUOUS
10
-0.1541529133858268
20
-0.2147275590551181
11
-0.1454709448818898
21
-0.2021147244094488
0
LINE
8
BLACK
6
CONTINUOUS
10
-0.1454709448818898
20
-0.2021147244094488
11
-0.1462317716535433
21
-0.2021237007874016
0
LINE
8
BLACK
6
CONTINUOUS
10
-0.1462317716535433
20
-0.2021237007874016
11
-0.1463285039370079
21
-0.2021044488188976
0
LINE
8
BLACK
6
CONTINUOUS
10
-0.1463285039370079
20
-0.2021044488188976
11
-0.1463713385826772
21
-0.2021187401574803
0
LINE
8
BLACK
6
CONTINUOUS
10
-0.1463713385826772
20
-0.2021187401574803
11
-0.1464603149606299
21
-0.2020782283464567
0
LINE
8
BLACK
6
CONTINUOUS
10
-0.1464603149606299
20
-0.2020782283464567
11
-0.1469850787401575
21
-0.2019738582677165
0
LINE
8
BLACK
6
CONTINUOUS
10
-0.1469850787401575
20
-0.2019738582677165
11
-0.147231968503937
21
-0.201726968503937
0
LINE
8
BLACK
6
CONTINUOUS
10
-0.147231968503937
20
-0.201726968503937
11
-0.1499843307086614
21
-0.2004740551181102
0
LINE
8
BLACK
6
CONTINUOUS
10
-0.1499843307086614
20
-0.2004740551181102
11
-0.1499847244094488
21
-0.2004740551181102
0
LINE
8
BLACK
6
CONTINUOUS
10
-0.1499847244094488
20
-0.2004740551181102
11
-0.149985157480315
21
-0.2004736614173228
0
LINE
8
BLACK
6
CONTINUOUS
10
-0.149985157480315
20
-0.2004736614173228
11
-0.1501117322834646
21
-0.200416062992126
0
LINE
8
BLACK
6
CONTINUOUS
10
-0.1501117322834646
20
-0.200416062992126
11
-0.1507185039370079
21
-0.199945157480315
0
LINE
8
BLACK
6
CONTINUOUS
10
-0.1507185039370079
20
-0.199945157480315
11
-0.1507814960629921
21
-0.1997562204724409
0
LINE
8
BLACK
6
CONTINUOUS
10
-0.1507814960629921
20
-0.1997562204724409
11
-0.1520154724409449
21
-0.1986444881889764
0
LINE
8
BLACK
6
CONTINUOUS
10
-0.1520154724409449
20
-0.1986444881889764
11
-0.1520209448818897
21
-0.1986426771653543
0
LINE
8
BLACK
6
CONTINUOUS
10
-0.1520209448818897
20
-0.1986426771653543
11
-0.1520243307086614
21
-0.1986365354330709
0
LINE
8
BLACK
6
CONTINUOUS
10
-0.1520243307086614
20
-0.1986365354330709
11
-0.1521231102362205
21
-0.1985475196850394
0
LINE
8
BLACK
6
CONTINUOUS
10
-0.1521231102362205
20
-0.1985475196850394
11
-0.152549842519685
21
-0.1979088976377953
0
LINE
8
BLACK
6
CONTINUOUS
10
-0.152549842519685
20
-0.1979088976377953
11
-0.152549842519685
21
-0.1976748031496063
0
LINE
8
BLACK
6
CONTINUOUS
10
-0.152549842519685
20
-0.1976748031496063
11
-0.1539916929133858
21
-0.1950362992125984
0
LINE
8
BLACK
6
CONTINUOUS
10
-0.1539916929133858
20
-0.1950362992125984
11
-0.1540177559055118
21
-0.1949411811023622
0
LINE
8
BLACK
6
CONTINUOUS
10
-0.1540177559055118
20
-0.1949411811023622
11
-0.1540496850393701
21
-0.1949092519685039
0
LINE
8
BLACK
6
CONTINUOUS
10
-0.1540496850393701
20
-0.1949092519685039
11
-0.1540524015748032
21
-0.1948146850393701
0
LINE
8
BLACK
6
CONTINUOUS
10
-0.1540524015748032
20
-0.1948146850393701
11
-0.1541945669291339
21
-0.1942955118110236
0
LINE
8
BLACK
6
CONTINUOUS
10
-0.1541945669291339
20
-0.1942955118110236
11
-0.1540772440944882
21
-0.1939434645669291
0
LINE
8
BLACK
6
CONTINUOUS
10
-0.1540772440944882
20
-0.1939434645669291
11
-0.1541995275590551
21
-0.1896565354330709
0
LINE
8
BLACK
6
CONTINUOUS
10
-0.1541995275590551
20
-0.1896565354330709
11
-0.1541803149606299
21
-0.1895598031496063
0
LINE
8
BLACK
6
CONTINUOUS
10
-0.1541803149606299
20
-0.1895598031496063
11
-0.1541945669291339
21
-0.189516968503937
0
LINE
8
BLACK
6
CONTINUOUS
10
-0.1541945669291339
20
-0.189516968503937
11
-0.154154094488189
21
-0.1894279921259842
0
LINE
8
BLACK
6
CONTINUOUS
10
-0.154154094488189
20
-0.1894279921259842
11
-0.1540496850393701
21
-0.1889032283464567
0
LINE
8
BLACK
6
CONTINUOUS
10
-0.1540496850393701
20
-0.1889032283464567
11
-0.1538027952755905
21
-0.1886562992125984
0
LINE
8
BLACK
6
CONTINUOUS
10
-0.1538027952755905
20
-0.1886562992125984
11
-0.152549842519685
21
-0.1859038976377953
0
LINE
8
BLACK
6
CONTINUOUS
10
-0.152549842519685
20
-0.1859038976377953
11
-0.152549842519685
21
-0.1859035826771654
0
LINE
8
BLACK
6
CONTINUOUS
10
-0.152549842519685
20
-0.1859035826771654
11
-0.1525495275590551
21
-0.1859032283464567
0
LINE
8
BLACK
6
CONTINUOUS
10
-0.1525495275590551
20
-0.1859032283464567
11
-0.1524918503937008
21
-0.1857765354330708
0
LINE
8
BLACK
6
CONTINUOUS
10
-0.1524918503937008
20
-0.1857765354330708
11
-0.1520209448818897
21
-0.1851698031496063
0
LINE
8
BLACK
6
CONTINUOUS
10
-0.1520209448818897
20
-0.1851698031496063
11
-0.1518320866141732
21
-0.185106811023622
0
LINE
8
BLACK
6
CONTINUOUS
10
-0.1518320866141732
20
-0.185106811023622
11
-0.1507203543307087
21
-0.1838727952755906
0
LINE
8
BLACK
6
CONTINUOUS
10
-0.1507203543307087
20
-0.1838727952755906
11
-0.1507185039370079
21
-0.1838673228346457
0
LINE
8
BLACK
6
CONTINUOUS
10
-0.1507185039370079
20
-0.1838673228346457
11
-0.1507124015748031
21
-0.183863937007874
0
LINE
8
BLACK
6
CONTINUOUS
10
-0.1507124015748031
20
-0.183863937007874
11
-0.1506233464566929
21
-0.183765157480315
0
LINE
8
BLACK
6
CONTINUOUS
10
-0.1506233464566929
20
-0.183765157480315
11
-0.1499847244094488
21
-0.1833384251968504
0
LINE
8
BLACK
6
CONTINUOUS
10
-0.1499847244094488
20
-0.1833384251968504
11
-0.1497506299212598
21
-0.1833384251968504
0
LINE
8
BLACK
6
CONTINUOUS
10
-0.1497506299212598
20
-0.1833384251968504
11
-0.147112125984252
21
-0.1818966141732283
0
LINE
8
BLACK
6
CONTINUOUS
10
-0.147112125984252
20
-0.1818966141732283
11
-0.1470170472440945
21
-0.1818705511811023
0
LINE
8
BLACK
6
CONTINUOUS
10
-0.1470170472440945
20
-0.1818705511811023
11
-0.1469850787401575
21
-0.1818386220472441
0
LINE
8
BLACK
6
CONTINUOUS
10
-0.1469850787401575
20
-0.1818386220472441
11
-0.1468965748031496
21
-0.1818375590551181
0
LINE
8
BLACK
6
CONTINUOUS
10
-0.1468965748031496
20
-0.1818375590551181
11
-0.1463713385826772
21
-0.1816937401574803
0
LINE
8
BLACK
6
CONTINUOUS
10
-0.1463713385826772
20
-0.1816937401574803
11
-0.1459724015748032
21
-0.1818266929133858
0
LINE
8
BLACK
6
CONTINUOUS
10
-0.1459724015748032
20
-0.1818266929133858
11
-0.1342332677165354
21
-0.181688779527559
0
LINE
8
BLACK
6
CONTINUOUS
10
-0.1342332677165354
20
-0.181688779527559
11
-0.1334799606299213
21
-0.1818386220472441
0
LINE
8
BLACK
6
CONTINUOUS
10
-0.1459813779527559
20
-0.1856228346456693
11
-0.1482904330708661
21
-0.1868846062992126
0
LINE
8
BLACK
6
CONTINUOUS
10
-0.1482904330708661
20
-0.1868846062992126
11
-0.1493362204724409
21
-0.1880453937007874
0
LINE
8
BLACK
6
CONTINUOUS
10
-0.1493362204724409
20
-0.1880453937007874
11
-0.1503719291338583
21
-0.1903206692913386
0
LINE
8
BLACK
6
CONTINUOUS
10
-0.1503719291338583
20
-0.1903206692913386
11
-0.1502699212598425
21
-0.1938973622047244
0
LINE
8
BLACK
6
CONTINUOUS
10
-0.1502699212598425
20
-0.1938973622047244
11
-0.1490036614173228
21
-0.1962146062992126
0
LINE
8
BLACK
6
CONTINUOUS
10
-0.1490036614173228
20
-0.1962146062992126
11
-0.1478427952755905
21
-0.1972603937007874
0
LINE
8
BLACK
6
CONTINUOUS
10
-0.1478427952755905
20
-0.1972603937007874
11
-0.1455167322834646
21
-0.1983192519685039
0
LINE
8
BLACK
6
CONTINUOUS
10
-0.1455167322834646
20
-0.1983192519685039
11
-0.1415281496062992
21
-0.1982724015748031
0
LINE
8
BLACK
6
CONTINUOUS
10
-0.1415281496062992
20
-0.1982724015748031
11
-0.1413065354330709
21
-0.1982333070866142
0
LINE
8
BLACK
6
CONTINUOUS
10
-0.1413065354330709
20
-0.1982333070866142
11
-0.1412552755905512
21
-0.1982691732283464
0
LINE
8
BLACK
6
CONTINUOUS
10
-0.1412552755905512
20
-0.1982691732283464
11
-0.1361341732283465
21
-0.1982090157480315
0
LINE
8
BLACK
6
CONTINUOUS
10
-0.1361341732283465
20
-0.1982090157480315
11
-0.1361931889763779
21
-0.1855077952755906
0
LINE
8
BLACK
6
CONTINUOUS
10
-0.1361931889763779
20
-0.1855077952755906
11
-0.1459813779527559
21
-0.1856228346456693
0
LINE
8
BLACK
6
CONTINUOUS
10
-0.1702414566929134
20
-0.1808677165354331
11
-0.1623620078740158
21
-0.204032125984252
0
LINE
8
BLACK
6
CONTINUOUS
10
-0.1623620078740158
20
-0.204032125984252
11
-0.1622659448818898
21
-0.2047941732283464
0
LINE
8
BLACK
6
CONTINUOUS
10
-0.1622659448818898
20
-0.2047941732283464
11
-0.1624108267716535
21
-0.205083937007874
0
LINE
8
BLACK
6
CONTINUOUS
10
-0.1624108267716535
20
-0.205083937007874
11
-0.1624108267716535
21
-0.2054079527559055
0
LINE
8
BLACK
6
CONTINUOUS
10
-0.1624108267716535
20
-0.2054079527559055
11
-0.162734842519685
21
-0.205731968503937
0
LINE
8
BLACK
6
CONTINUOUS
10
-0.162734842519685
20
-0.205731968503937
11
-0.1629397244094488
21
-0.2061417322834646
0
LINE
8
BLACK
6
CONTINUOUS
10
-0.1629397244094488
20
-0.2061417322834646
11
-0.1632470866141732
21
-0.2062441732283465
0
LINE
8
BLACK
6
CONTINUOUS
10
-0.1632470866141732
20
-0.2062441732283465
11
-0.1634761811023622
21
-0.2064733070866142
0
LINE
8
BLACK
6
CONTINUOUS
10
-0.1634761811023622
20
-0.2064733070866142
11
-0.1639448031496063
21
-0.2064767716535433
0
LINE
8
BLACK
6
CONTINUOUS
10
-0.1639448031496063
20
-0.2064767716535433
11
-0.1643690157480315
21
-0.206618188976378
0
LINE
8
BLACK
6
CONTINUOUS
10
-0.1643690157480315
20
-0.206618188976378
11
-0.1646415748031496
21
-0.2064819291338583
0
LINE
8
BLACK
6
CONTINUOUS
10
-0.1646415748031496
20
-0.2064819291338583
11
-0.1773182283464567
21
-0.2065757086614173
0
LINE
8
BLACK
6
CONTINUOUS
10
-0.1773182283464567
20
-0.2065757086614173
11
-0.1772591338582677
21
-0.2151533464566929
0
LINE
8
BLACK
6
CONTINUOUS
10
-0.1772591338582677
20
-0.2151533464566929
11
-0.1774089763779527
21
-0.2159066535433071
0
LINE
8
BLACK
6
CONTINUOUS
10
-0.1774089763779527
20
-0.2159066535433071
11
-0.1784743307086614
21
-0.2169720078740157
0
LINE
8
BLACK
6
CONTINUOUS
10
-0.1784743307086614
20
-0.2169720078740157
11
-0.1799809448818898
21
-0.2169720078740157
0
LINE
8
BLACK
6
CONTINUOUS
10
-0.1799809448818898
20
-0.2169720078740157
11
-0.1810462992125984
21
-0.2159066535433071
0
LINE
8
BLACK
6
CONTINUOUS
10
-0.1810462992125984
20
-0.2159066535433071
11
-0.1811103937007874
21
-0.206603779527559
0
LINE
8
BLACK
6
CONTINUOUS
10
-0.1811103937007874
20
-0.206603779527559
11
-0.1837270866141732
21
-0.2066231496062992
0
LINE
8
BLACK
6
CONTINUOUS
10
-0.1837270866141732
20
-0.2066231496062992
11
-0.1844803937007874
21
-0.2064733070866142
0
LINE
8
BLACK
6
CONTINUOUS
10
-0.1844803937007874
20
-0.2064733070866142
11
-0.1855457480314961
21
-0.2054079527559055
0
LINE
8
BLACK
6
CONTINUOUS
10
-0.1855457480314961
20
-0.2054079527559055
11
-0.1855457480314961
21
-0.2039013385826772
0
LINE
8
BLACK
6
CONTINUOUS
10
-0.1855457480314961
20
-0.2039013385826772
11
-0.1844803937007874
21
-0.2028359842519685
0
LINE
8
BLACK
6
CONTINUOUS
10
-0.1844803937007874
20
-0.2028359842519685
11
-0.1811365354330709
21
-0.2028112204724409
0
LINE
8
BLACK
6
CONTINUOUS
10
-0.1811365354330709
20
-0.2028112204724409
11
-0.1811961417322835
21
-0.1941559448818898
0
LINE
8
BLACK
6
CONTINUOUS
10
-0.1811961417322835
20
-0.1941559448818898
11
-0.1810462992125984
21
-0.1934026377952756
0
LINE
8
BLACK
6
CONTINUOUS
10
-0.1810462992125984
20
-0.1934026377952756
11
-0.1799809448818898
21
-0.1923372834645669
0
LINE
8
BLACK
6
CONTINUOUS
10
-0.1799809448818898
20
-0.1923372834645669
11
-0.1784743307086614
21
-0.1923372834645669
0
LINE
8
BLACK
6
CONTINUOUS
10
-0.1784743307086614
20
-0.1923372834645669
11
-0.1774089763779527
21
-0.1934026377952756
0
LINE
8
BLACK
6
CONTINUOUS
10
-0.1774089763779527
20
-0.1934026377952756
11
-0.1773443700787402
21
-0.2027831496062992
0
LINE
8
BLACK
6
CONTINUOUS
10
-0.1773443700787402
20
-0.2027831496062992
11
-0.1668184251968504
21
-0.2027052755905512
0
LINE
8
BLACK
6
CONTINUOUS
10
-0.1668184251968504
20
-0.2027052755905512
11
-0.173596062992126
21
-0.1827799606299212
0
LINE
8
BLACK
6
CONTINUOUS
10
-0.173596062992126
20
-0.1827799606299212
11
-0.173692125984252
21
-0.1820179527559055
0
LINE
8
BLACK
6
CONTINUOUS
10
-0.173692125984252
20
-0.1820179527559055
11
-0.1730183464566929
21
-0.1806703543307087
0
LINE
8
BLACK
6
CONTINUOUS
10
-0.1730183464566929
20
-0.1806703543307087
11
-0.1715890551181102
21
-0.180193937007874
0
LINE
8
BLACK
6
CONTINUOUS
10
-0.1715890551181102
20
-0.180193937007874
11
-0.1702414566929134
21
-0.1808677165354331
0
LINE
8
BLACK
6
CONTINUOUS
10
0.1536399606299212
20
-0.1777709842519685
11
0.1536827952755906
21
-0.1777567322834646
0
LINE
8
BLACK
6
CONTINUOUS
10
0.1536827952755906
20
-0.1777567322834646
11
0.1537716929133858
21
-0.1777972047244094
0
LINE
8
BLACK
6
CONTINUOUS
10
0.1537716929133858
20
-0.1777972047244094
11
0.1542965748031496
21
-0.1779016141732283
0
LINE
8
BLACK
6
CONTINUOUS
10
0.1542965748031496
20
-0.1779016141732283
11
0.1545434645669291
21
-0.1781485039370079
0
LINE
8
BLACK
6
CONTINUOUS
10
0.1545434645669291
20
-0.1781485039370079
11
0.1572958661417323
21
-0.1794014173228347
0
LINE
8
BLACK
6
CONTINUOUS
10
0.1572958661417323
20
-0.1794014173228347
11
0.1572962204724409
21
-0.1794014173228347
0
LINE
8
BLACK
6
CONTINUOUS
10
0.1572962204724409
20
-0.1794014173228347
11
0.1572965748031496
21
-0.1794017322834646
0
LINE
8
BLACK
6
CONTINUOUS
10
0.1572965748031496
20
-0.1794017322834646
11
0.1574232677165354
21
-0.1794594094488189
0
LINE
8
BLACK
6
CONTINUOUS
10
0.1574232677165354
20
-0.1794594094488189
11
0.15803
21
-0.1799303149606299
0
LINE
8
BLACK
6
CONTINUOUS
10
0.15803
20
-0.1799303149606299
11
0.1580929527559055
21
-0.1801191732283464
0
LINE
8
BLACK
6
CONTINUOUS
10
0.1580929527559055
20
-0.1801191732283464
11
0.1594346456692913
21
-0.1813279133858268
0
LINE
8
BLACK
6
CONTINUOUS
10
0.1594346456692913
20
-0.1813279133858268
11
0.1598613779527559
21
-0.1819665354330709
0
LINE
8
BLACK
6
CONTINUOUS
10
0.1598613779527559
20
-0.1819665354330709
11
0.1598613779527559
21
-0.182114094488189
0
LINE
8
BLACK
6
CONTINUOUS
10
0.1598613779527559
20
-0.182114094488189
11
0.1626801968503937
21
-0.1861274015748031
0
LINE
8
BLACK
6
CONTINUOUS
10
0.1626801968503937
20
-0.1861274015748031
11
0.1629733858267716
21
-0.1868373228346457
0
LINE
8
BLACK
6
CONTINUOUS
10
0.1629733858267716
20
-0.1868373228346457
11
0.1629168503937008
21
-0.1871199212598425
0
LINE
8
BLACK
6
CONTINUOUS
10
0.1629168503937008
20
-0.1871199212598425
11
0.1644518897637795
21
-0.1927411417322835
0
LINE
8
BLACK
6
CONTINUOUS
10
0.1644518897637795
20
-0.1927411417322835
11
0.1644892125984252
21
-0.1935083070866142
0
LINE
8
BLACK
6
CONTINUOUS
10
0.1644892125984252
20
-0.1935083070866142
11
0.1643752755905512
21
-0.1936981102362205
0
LINE
8
BLACK
6
CONTINUOUS
10
0.1643752755905512
20
-0.1936981102362205
11
0.1644170866141732
21
-0.1972549212598425
0
LINE
8
BLACK
6
CONTINUOUS
10
0.1644170866141732
20
-0.1972549212598425
11
0.1645057086614173
21
-0.1975784645669291
0
LINE
8
BLACK
6
CONTINUOUS
10
0.1645057086614173
20
-0.1975784645669291
11
0.164423779527559
21
-0.1978241732283464
0
LINE
8
BLACK
6
CONTINUOUS
10
0.164423779527559
20
-0.1978241732283464
11
0.1645106692913386
21
-0.2052170866141732
0
LINE
8
BLACK
6
CONTINUOUS
10
0.1645106692913386
20
-0.2052170866141732
11
0.1644914173228346
21
-0.2053138188976378
0
LINE
8
BLACK
6
CONTINUOUS
10
0.1644914173228346
20
-0.2053138188976378
11
0.1645057086614173
21
-0.2053566929133858
0
LINE
8
BLACK
6
CONTINUOUS
10
0.1645057086614173
20
-0.2053566929133858
11
0.1644651968503937
21
-0.2054456692913386
0
LINE
8
BLACK
6
CONTINUOUS
10
0.1644651968503937
20
-0.2054456692913386
11
0.1643608267716535
21
-0.2059703937007874
0
LINE
8
BLACK
6
CONTINUOUS
10
0.1643608267716535
20
-0.2059703937007874
11
0.164113937007874
21
-0.2062172440944882
0
LINE
8
BLACK
6
CONTINUOUS
10
0.164113937007874
20
-0.2062172440944882
11
0.1628609448818898
21
-0.2089696456692913
0
LINE
8
BLACK
6
CONTINUOUS
10
0.1628609448818898
20
-0.2089696456692913
11
0.1628609842519685
21
-0.20897
0
LINE
8
BLACK
6
CONTINUOUS
10
0.1628609842519685
20
-0.20897
11
0.1628606299212598
21
-0.2089703149606299
0
LINE
8
BLACK
6
CONTINUOUS
10
0.1628606299212598
20
-0.2089703149606299
11
0.1628029921259843
21
-0.2090970472440945
0
LINE
8
BLACK
6
CONTINUOUS
10
0.1628029921259843
20
-0.2090970472440945
11
0.1623320866141732
21
-0.2097038188976378
0
LINE
8
BLACK
6
CONTINUOUS
10
0.1623320866141732
20
-0.2097038188976378
11
0.1621431496062992
21
-0.2097667716535433
0
LINE
8
BLACK
6
CONTINUOUS
10
0.1621431496062992
20
-0.2097667716535433
11
0.1610314566929134
21
-0.2110007874015748
0
LINE
8
BLACK
6
CONTINUOUS
10
0.1610314566929134
20
-0.2110007874015748
11
0.1610296456692913
21
-0.2110062992125984
0
LINE
8
BLACK
6
CONTINUOUS
10
0.1610296456692913
20
-0.2110062992125984
11
0.1610234645669291
21
-0.2110096456692913
0
LINE
8
BLACK
6
CONTINUOUS
10
0.1610234645669291
20
-0.2110096456692913
11
0.1609344881889764
21
-0.2111084645669291
0
LINE
8
BLACK
6
CONTINUOUS
10
0.1609344881889764
20
-0.2111084645669291
11
0.1602958661417323
21
-0.2115351968503937
0
LINE
8
BLACK
6
CONTINUOUS
10
0.1602958661417323
20
-0.2115351968503937
11
0.1600617716535433
21
-0.2115351968503937
0
LINE
8
BLACK
6
CONTINUOUS
10
0.1600617716535433
20
-0.2115351968503937
11
0.1574232677165354
21
-0.2129770078740157
0
LINE
8
BLACK
6
CONTINUOUS
10
0.1574232677165354
20
-0.2129770078740157
11
0.1573281496062992
21
-0.213003031496063
0
LINE
8
BLACK
6
CONTINUOUS
10
0.1573281496062992
20
-0.213003031496063
11
0.1572962204724409
21
-0.213035
0
LINE
8
BLACK
6
CONTINUOUS
10
0.1572962204724409
20
-0.213035
11
0.1572040157480315
21
-0.2130370078740157
0
LINE
8
BLACK
6
CONTINUOUS
10
0.1572040157480315
20
-0.2130370078740157
11
0.1566824803149606
21
-0.2131798818897638
0
LINE
8
BLACK
6
CONTINUOUS
10
0.1566824803149606
20
-0.2131798818897638
11
0.1563132283464567
21
-0.213056811023622
0
LINE
8
BLACK
6
CONTINUOUS
10
0.1563132283464567
20
-0.213056811023622
11
0.1505436614173228
21
-0.213184842519685
0
LINE
8
BLACK
6
CONTINUOUS
10
0.1505436614173228
20
-0.213184842519685
11
0.1504469291338583
21
-0.2131655905511811
0
LINE
8
BLACK
6
CONTINUOUS
10
0.1504469291338583
20
-0.2131655905511811
11
0.1504041338582677
21
-0.2131798818897638
0
LINE
8
BLACK
6
CONTINUOUS
10
0.1504041338582677
20
-0.2131798818897638
11
0.1503151968503937
21
-0.2131393700787401
0
LINE
8
BLACK
6
CONTINUOUS
10
0.1503151968503937
20
-0.2131393700787401
11
0.1497903543307087
21
-0.213035
0
LINE
8
BLACK
6
CONTINUOUS
10
0.1497903543307087
20
-0.213035
11
0.1495434251968504
21
-0.2127880708661417
0
LINE
8
BLACK
6
CONTINUOUS
10
0.1495434251968504
20
-0.2127880708661417
11
0.1467909842519685
21
-0.211535157480315
0
LINE
8
BLACK
6
CONTINUOUS
10
0.1467909842519685
20
-0.211535157480315
11
0.1467906692913386
21
-0.211535157480315
0
LINE
8
BLACK
6
CONTINUOUS
10
0.1467906692913386
20
-0.211535157480315
11
0.1467903149606299
21
-0.211534842519685
0
LINE
8
BLACK
6
CONTINUOUS
10
0.1467903149606299
20
-0.211534842519685
11
0.1466637007874016
21
-0.2114772047244095
0
LINE
8
BLACK
6
CONTINUOUS
10
0.1466637007874016
20
-0.2114772047244095
11
0.1460569291338583
21
-0.2110062992125984
0
LINE
8
BLACK
6
CONTINUOUS
10
0.1460569291338583
20
-0.2110062992125984
11
0.145993937007874
21
-0.2108173622047244
0
LINE
8
BLACK
6
CONTINUOUS
10
0.145993937007874
20
-0.2108173622047244
11
0.1447599212598425
21
-0.2097056299212599
0
LINE
8
BLACK
6
CONTINUOUS
10
0.1447599212598425
20
-0.2097056299212599
11
0.1447544488188976
21
-0.2097038188976378
0
LINE
8
BLACK
6
CONTINUOUS
10
0.1447544488188976
20
-0.2097038188976378
11
0.144751062992126
21
-0.2096976377952756
0
LINE
8
BLACK
6
CONTINUOUS
10
0.144751062992126
20
-0.2096976377952756
11
0.1446522440944882
21
-0.2096086220472441
0
LINE
8
BLACK
6
CONTINUOUS
10
0.1446522440944882
20
-0.2096086220472441
11
0.1442255511811024
21
-0.20897
0
LINE
8
BLACK
6
CONTINUOUS
10
0.1442255511811024
20
-0.20897
11
0.1442255511811024
21
-0.208735905511811
0
LINE
8
BLACK
6
CONTINUOUS
10
0.1442255511811024
20
-0.208735905511811
11
0.1427837401574803
21
-0.2060974409448819
0
LINE
8
BLACK
6
CONTINUOUS
10
0.1427837401574803
20
-0.2060974409448819
11
0.1427576771653543
21
-0.2060023228346457
0
LINE
8
BLACK
6
CONTINUOUS
10
0.1427576771653543
20
-0.2060023228346457
11
0.1427257480314961
21
-0.2059703937007874
0
LINE
8
BLACK
6
CONTINUOUS
10
0.1427257480314961
20
-0.2059703937007874
11
0.142724094488189
21
-0.2058796456692913
0
LINE
8
BLACK
6
CONTINUOUS
10
0.142724094488189
20
-0.2058796456692913
11
0.1425808661417323
21
-0.2053566535433071
0
LINE
8
BLACK
6
CONTINUOUS
10
0.1425808661417323
20
-0.2053566535433071
11
0.1427076771653543
21
-0.2049761417322835
0
LINE
8
BLACK
6
CONTINUOUS
10
0.1427076771653543
20
-0.2049761417322835
11
0.142575905511811
21
-0.197718031496063
0
LINE
8
BLACK
6
CONTINUOUS
10
0.142575905511811
20
-0.197718031496063
11
0.1425951181102362
21
-0.1976212992125984
0
LINE
8
BLACK
6
CONTINUOUS
10
0.1425951181102362
20
-0.1976212992125984
11
0.1425808661417323
21
-0.1975785039370079
0
LINE
8
BLACK
6
CONTINUOUS
10
0.1425808661417323
20
-0.1975785039370079
11
0.1426213385826772
21
-0.1974895669291339
0
LINE
8
BLACK
6
CONTINUOUS
10
0.1426213385826772
20
-0.1974895669291339
11
0.1427257480314961
21
-0.1969647244094488
0
LINE
8
BLACK
6
CONTINUOUS
10
0.1427257480314961
20
-0.1969647244094488
11
0.1429726377952756
21
-0.1967177952755906
0
LINE
8
BLACK
6
CONTINUOUS
10
0.1429726377952756
20
-0.1967177952755906
11
0.1442255511811024
21
-0.1939653937007874
0
LINE
8
BLACK
6
CONTINUOUS
10
0.1442255511811024
20
-0.1939653937007874
11
0.1442255511811024
21
-0.1939650787401575
0
LINE
8
BLACK
6
CONTINUOUS
10
0.1442255511811024
20
-0.1939650787401575
11
0.1442258661417323
21
-0.1939646850393701
0
LINE
8
BLACK
6
CONTINUOUS
10
0.1442258661417323
20
-0.1939646850393701
11
0.1442835433070866
21
-0.193838031496063
0
LINE
8
BLACK
6
CONTINUOUS
10
0.1442835433070866
20
-0.193838031496063
11
0.1447544488188976
21
-0.1932312992125984
0
LINE
8
BLACK
6
CONTINUOUS
10
0.1447544488188976
20
-0.1932312992125984
11
0.1449433070866142
21
-0.1931683070866142
0
LINE
8
BLACK
6
CONTINUOUS
10
0.1449433070866142
20
-0.1931683070866142
11
0.1460551181102362
21
-0.1919342125984252
0
LINE
8
BLACK
6
CONTINUOUS
10
0.1460551181102362
20
-0.1919342125984252
11
0.1460569291338583
21
-0.1919288188976378
0
LINE
8
BLACK
6
CONTINUOUS
10
0.1460569291338583
20
-0.1919288188976378
11
0.1460629527559055
21
-0.1919254724409449
0
LINE
8
BLACK
6
CONTINUOUS
10
0.1460629527559055
20
-0.1919254724409449
11
0.1461520472440945
21
-0.1918266535433071
0
LINE
8
BLACK
6
CONTINUOUS
10
0.1461520472440945
20
-0.1918266535433071
11
0.1467906692913386
21
-0.1913999212598425
0
LINE
8
BLACK
6
CONTINUOUS
10
0.1467906692913386
20
-0.1913999212598425
11
0.1470248031496063
21
-0.1913999212598425
0
LINE
8
BLACK
6
CONTINUOUS
10
0.1470248031496063
20
-0.1913999212598425
11
0.1496633464566929
21
-0.1899580708661417
0
LINE
8
BLACK
6
CONTINUOUS
10
0.1496633464566929
20
-0.1899580708661417
11
0.1497584251968504
21
-0.1899320078740157
0
LINE
8
BLACK
6
CONTINUOUS
10
0.1497584251968504
20
-0.1899320078740157
11
0.1497903543307087
21
-0.1899001181102362
0
LINE
8
BLACK
6
CONTINUOUS
10
0.1497903543307087
20
-0.1899001181102362
11
0.1498824409448819
21
-0.1898980708661417
0
LINE
8
BLACK
6
CONTINUOUS
10
0.1498824409448819
20
-0.1898980708661417
11
0.1504041338582677
21
-0.1897552362204724
0
LINE
8
BLACK
6
CONTINUOUS
10
0.1504041338582677
20
-0.1897552362204724
11
0.1507733070866142
21
-0.1898782677165354
0
LINE
8
BLACK
6
CONTINUOUS
10
0.1507733070866142
20
-0.1898782677165354
11
0.1565429133858268
21
-0.1897502755905512
0
LINE
8
BLACK
6
CONTINUOUS
10
0.1565429133858268
20
-0.1897502755905512
11
0.1566396062992126
21
-0.1897694881889764
0
LINE
8
BLACK
6
CONTINUOUS
10
0.1566396062992126
20
-0.1897694881889764
11
0.1566824803149606
21
-0.1897552362204724
0
LINE
8
BLACK
6
CONTINUOUS
10
0.1566824803149606
20
-0.1897552362204724
11
0.1567714173228346
21
-0.1897957086614173
0
LINE
8
BLACK
6
CONTINUOUS
10
0.1567714173228346
20
-0.1897957086614173
11
0.1572962204724409
21
-0.1899001181102362
0
LINE
8
BLACK
6
CONTINUOUS
10
0.1572962204724409
20
-0.1899001181102362
11
0.1575430708661417
21
-0.190146968503937
0
LINE
8
BLACK
6
CONTINUOUS
10
0.1575430708661417
20
-0.190146968503937
11
0.1601222834645669
21
-0.191321062992126
0
LINE
8
BLACK
6
CONTINUOUS
10
0.1601222834645669
20
-0.191321062992126
11
0.1591325984251968
21
-0.1876967716535433
0
LINE
8
BLACK
6
CONTINUOUS
10
0.1591325984251968
20
-0.1876967716535433
11
0.1591325196850394
21
-0.1876953543307087
0
LINE
8
BLACK
6
CONTINUOUS
10
0.1591325196850394
20
-0.1876953543307087
11
0.1564048031496063
21
-0.183811811023622
0
LINE
8
BLACK
6
CONTINUOUS
10
0.1564048031496063
20
-0.183811811023622
11
0.1563586220472441
21
-0.1837
0
LINE
8
BLACK
6
CONTINUOUS
10
0.1563586220472441
20
-0.1837
11
0.1551543700787402
21
-0.1826150393700787
0
LINE
8
BLACK
6
CONTINUOUS
10
0.1551543700787402
20
-0.1826150393700787
11
0.1528603543307087
21
-0.1815707874015748
0
LINE
8
BLACK
6
CONTINUOUS
10
0.1528603543307087
20
-0.1815707874015748
11
0.1475440157480315
21
-0.181688779527559
0
LINE
8
BLACK
6
CONTINUOUS
10
0.1475440157480315
20
-0.181688779527559
11
0.1467907086614173
21
-0.181538937007874
0
LINE
8
BLACK
6
CONTINUOUS
10
0.1467907086614173
20
-0.181538937007874
11
0.1457253543307087
21
-0.1804735826771653
0
LINE
8
BLACK
6
CONTINUOUS
10
0.1457253543307087
20
-0.1804735826771653
11
0.1457253543307087
21
-0.178966968503937
0
LINE
8
BLACK
6
CONTINUOUS
10
0.1457253543307087
20
-0.178966968503937
11
0.1467907086614173
21
-0.1779016141732283
0
LINE
8
BLACK
6
CONTINUOUS
10
0.1467907086614173
20
-0.1779016141732283
11
0.1535432677165354
21
-0.1777517716535433
0
LINE
8
BLACK
6
CONTINUOUS
10
0.1535432677165354
20
-0.1777517716535433
11
0.1536399606299212
21
-0.1777709842519685
0
LINE
8
BLACK
6
CONTINUOUS
10
0.1507990157480315
20
-0.1936816141732284
11
0.148485
21
-0.194946062992126
0
LINE
8
BLACK
6
CONTINUOUS
10
0.148485
20
-0.194946062992126
11
0.1474391732283465
21
-0.1961068897637795
0
LINE
8
BLACK
6
CONTINUOUS
10
0.1474391732283465
20
-0.1961068897637795
11
0.1463893700787401
21
-0.1984131496062992
0
LINE
8
BLACK
6
CONTINUOUS
10
0.1463893700787401
20
-0.1984131496062992
11
0.1465083070866142
21
-0.2049636220472441
0
LINE
8
BLACK
6
CONTINUOUS
10
0.1465083070866142
20
-0.2049636220472441
11
0.1477717322834646
21
-0.2072757086614173
0
LINE
8
BLACK
6
CONTINUOUS
10
0.1477717322834646
20
-0.2072757086614173
11
0.1489325984251968
21
-0.2083215748031496
0
LINE
8
BLACK
6
CONTINUOUS
10
0.1489325984251968
20
-0.2083215748031496
11
0.1512265748031496
21
-0.2093657874015748
0
LINE
8
BLACK
6
CONTINUOUS
10
0.1512265748031496
20
-0.2093657874015748
11
0.1562874803149606
21
-0.2092534645669291
0
LINE
8
BLACK
6
CONTINUOUS
10
0.1562874803149606
20
-0.2092534645669291
11
0.1586014960629921
21
-0.2079889763779527
0
LINE
8
BLACK
6
CONTINUOUS
10
0.1586014960629921
20
-0.2079889763779527
11
0.1596473622047244
21
-0.206828031496063
0
LINE
8
BLACK
6
CONTINUOUS
10
0.1596473622047244
20
-0.206828031496063
11
0.1607062204724409
21
-0.2045020078740157
0
LINE
8
BLACK
6
CONTINUOUS
10
0.1607062204724409
20
-0.2045020078740157
11
0.1606306299212598
21
-0.1980672834645669
0
LINE
8
BLACK
6
CONTINUOUS
10
0.1606306299212598
20
-0.1980672834645669
11
0.1593147637795276
21
-0.1956593307086614
0
LINE
8
BLACK
6
CONTINUOUS
10
0.1593147637795276
20
-0.1956593307086614
11
0.1581539763779528
21
-0.1946135826771654
0
LINE
8
BLACK
6
CONTINUOUS
10
0.1581539763779528
20
-0.1946135826771654
11
0.1558599606299212
21
-0.1935692913385827
0
LINE
8
BLACK
6
CONTINUOUS
10
0.1558599606299212
20
-0.1935692913385827
11
0.1507990157480315
21
-0.1936816141732284
0
LINE
8
BLACK
6
CONTINUOUS
10
0.1842928346456693
20
-0.1779016141732283
11
0.1844735826771653
21
-0.1780823622047244
0
LINE
8
BLACK
6
CONTINUOUS
10
0.1844735826771653
20
-0.1780823622047244
11
0.1886614566929134
21
-0.1793525984251969
0
LINE
8
BLACK
6
CONTINUOUS
10
0.1886614566929134
20
-0.1793525984251969
11
0.1887470866141732
21
-0.1794014173228347
0
LINE
8
BLACK
6
CONTINUOUS
10
0.1887470866141732
20
-0.1794014173228347
11
0.1887922834645669
21
-0.1794014173228347
0
LINE
8
BLACK
6
CONTINUOUS
10
0.1887922834645669
20
-0.1794014173228347
11
0.1888615354330709
21
-0.1794666535433071
0
LINE
8
BLACK
6
CONTINUOUS
10
0.1888615354330709
20
-0.1794666535433071
11
0.1893287401574803
21
-0.1797329527559055
0
LINE
8
BLACK
6
CONTINUOUS
10
0.1893287401574803
20
-0.1797329527559055
11
0.1894928346456693
21
-0.1800611811023622
0
LINE
8
BLACK
6
CONTINUOUS
10
0.1894928346456693
20
-0.1800611811023622
11
0.1924305118110236
21
-0.1828277559055118
0
LINE
8
BLACK
6
CONTINUOUS
10
0.1924305118110236
20
-0.1828277559055118
11
0.1928572440944882
21
-0.1834663779527559
0
LINE
8
BLACK
6
CONTINUOUS
10
0.1928572440944882
20
-0.1834663779527559
11
0.1928572440944882
21
-0.1837004330708661
0
LINE
8
BLACK
6
CONTINUOUS
10
0.1928572440944882
20
-0.1837004330708661
11
0.194299094488189
21
-0.1863390157480315
0
LINE
8
BLACK
6
CONTINUOUS
10
0.194299094488189
20
-0.1863390157480315
11
0.1945019291338583
21
-0.1870798031496063
0
LINE
8
BLACK
6
CONTINUOUS
10
0.1945019291338583
20
-0.1870798031496063
11
0.194446968503937
21
-0.1872446062992126
0
LINE
8
BLACK
6
CONTINUOUS
10
0.194446968503937
20
-0.1872446062992126
11
0.1959479527559055
21
-0.1927411417322835
0
LINE
8
BLACK
6
CONTINUOUS
10
0.1959479527559055
20
-0.1927411417322835
11
0.1959852755905512
21
-0.1935083070866142
0
LINE
8
BLACK
6
CONTINUOUS
10
0.1959852755905512
20
-0.1935083070866142
11
0.1958911023622047
21
-0.1936652362204724
0
LINE
8
BLACK
6
CONTINUOUS
10
0.1958911023622047
20
-0.1936652362204724
11
0.1960067322834646
21
-0.197718031496063
0
LINE
8
BLACK
6
CONTINUOUS
10
0.1960067322834646
20
-0.197718031496063
11
0.1958568897637795
21
-0.1984713385826772
0
LINE
8
BLACK
6
CONTINUOUS
10
0.1958568897637795
20
-0.1984713385826772
11
0.1957163779527559
21
-0.198611811023622
0
LINE
8
BLACK
6
CONTINUOUS
10
0.1957163779527559
20
-0.198611811023622
11
0.1944481102362205
21
-0.2041947244094488
0
LINE
8
BLACK
6
CONTINUOUS
10
0.1944481102362205
20
-0.2041947244094488
11
0.1941200393700787
21
-0.2048892125984252
0
LINE
8
BLACK
6
CONTINUOUS
10
0.1941200393700787
20
-0.2048892125984252
11
0.1939988976377953
21
-0.2049618897637795
0
LINE
8
BLACK
6
CONTINUOUS
10
0.1939988976377953
20
-0.2049618897637795
11
0.1928572440944882
21
-0.207469842519685
0
LINE
8
BLACK
6
CONTINUOUS
10
0.1928572440944882
20
-0.207469842519685
11
0.1928572440944882
21
-0.2074701968503937
0
LINE
8
BLACK
6
CONTINUOUS
10
0.1928572440944882
20
-0.2074701968503937
11
0.1928569291338583
21
-0.2074705118110236
0
LINE
8
BLACK
6
CONTINUOUS
10
0.1928569291338583
20
-0.2074705118110236
11
0.1927992519685039
21
-0.2075972440944882
0
LINE
8
BLACK
6
CONTINUOUS
10
0.1927992519685039
20
-0.2075972440944882
11
0.1923283464566929
21
-0.2082040157480315
0
LINE
8
BLACK
6
CONTINUOUS
10
0.1923283464566929
20
-0.2082040157480315
11
0.192091968503937
21
-0.2082827952755905
0
LINE
8
BLACK
6
CONTINUOUS
10
0.192091968503937
20
-0.2082827952755905
11
0.1894309448818897
21
-0.2111084645669291
0
LINE
8
BLACK
6
CONTINUOUS
10
0.1894309448818897
20
-0.2111084645669291
11
0.189348937007874
21
-0.2111632283464567
0
LINE
8
BLACK
6
CONTINUOUS
10
0.189348937007874
20
-0.2111632283464567
11
0.1893287401574803
21
-0.2112036614173228
0
LINE
8
BLACK
6
CONTINUOUS
10
0.1893287401574803
20
-0.2112036614173228
11
0.1892403149606299
21
-0.2112358267716535
0
LINE
8
BLACK
6
CONTINUOUS
10
0.1892403149606299
20
-0.2112358267716535
11
0.1887923228346457
21
-0.2115351968503937
0
LINE
8
BLACK
6
CONTINUOUS
10
0.1887923228346457
20
-0.2115351968503937
11
0.1884176771653543
21
-0.2115351968503937
0
LINE
8
BLACK
6
CONTINUOUS
10
0.1884176771653543
20
-0.2115351968503937
11
0.1841620078740157
21
-0.2130838188976378
0
LINE
8
BLACK
6
CONTINUOUS
10
0.1841620078740157
20
-0.2130838188976378
11
0.1834
21
-0.2131798818897638
0
LINE
8
BLACK
6
CONTINUOUS
10
0.1834
20
-0.2131798818897638
11
0.1831976771653543
21
-0.2130787007874016
0
LINE
8
BLACK
6
CONTINUOUS
10
0.1831976771653543
20
-0.2130787007874016
11
0.1806807086614173
21
-0.2131792125984252
0
LINE
8
BLACK
6
CONTINUOUS
10
0.1806807086614173
20
-0.2131792125984252
11
0.1806794094488189
21
-0.2131798818897638
0
LINE
8
BLACK
6
CONTINUOUS
10
0.1806794094488189
20
-0.2131798818897638
11
0.1806775984251968
21
-0.2131793307086614
0
LINE
8
BLACK
6
CONTINUOUS
10
0.1806775984251968
20
-0.2131793307086614
11
0.1805398818897638
21
-0.213184842519685
0
LINE
8
BLACK
6
CONTINUOUS
10
0.1805398818897638
20
-0.213184842519685
11
0.1797865748031496
21
-0.213035
0
LINE
8
BLACK
6
CONTINUOUS
10
0.1797865748031496
20
-0.213035
11
0.1796057874015748
21
-0.2128542125984252
0
LINE
8
BLACK
6
CONTINUOUS
10
0.1796057874015748
20
-0.2128542125984252
11
0.1754179921259842
21
-0.2115840157480315
0
LINE
8
BLACK
6
CONTINUOUS
10
0.1754179921259842
20
-0.2115840157480315
11
0.1753323622047244
21
-0.2115351968503937
0
LINE
8
BLACK
6
CONTINUOUS
10
0.1753323622047244
20
-0.2115351968503937
11
0.1752871653543307
21
-0.2115351968503937
0
LINE
8
BLACK
6
CONTINUOUS
10
0.1752871653543307
20
-0.2115351968503937
11
0.1752093307086614
21
-0.2114650787401575
0
LINE
8
BLACK
6
CONTINUOUS
10
0.1752093307086614
20
-0.2114650787401575
11
0.1747507086614173
21
-0.2112036614173228
0
LINE
8
BLACK
6
CONTINUOUS
10
0.1747507086614173
20
-0.2112036614173228
11
0.1746125984251969
21
-0.2109274803149606
0
LINE
8
BLACK
6
CONTINUOUS
10
0.1746125984251969
20
-0.2109274803149606
11
0.1731487007874016
21
-0.2096086220472441
0
LINE
8
BLACK
6
CONTINUOUS
10
0.1731487007874016
20
-0.2096086220472441
11
0.172721968503937
21
-0.20897
0
LINE
8
BLACK
6
CONTINUOUS
10
0.172721968503937
20
-0.20897
11
0.172721968503937
21
-0.2074633858267717
0
LINE
8
BLACK
6
CONTINUOUS
10
0.172721968503937
20
-0.2074633858267717
11
0.1737873228346457
21
-0.206398031496063
0
LINE
8
BLACK
6
CONTINUOUS
10
0.1737873228346457
20
-0.206398031496063
11
0.175293937007874
21
-0.206398031496063
0
LINE
8
BLACK
6
CONTINUOUS
10
0.175293937007874
20
-0.206398031496063
11
0.1772531496062992
21
-0.2081631102362205
0
LINE
8
BLACK
6
CONTINUOUS
10
0.1772531496062992
20
-0.2081631102362205
11
0.1811445275590551
21
-0.2093434251968504
0
LINE
8
BLACK
6
CONTINUOUS
10
0.1811445275590551
20
-0.2093434251968504
11
0.1835395275590551
21
-0.2092478346456693
0
LINE
8
BLACK
6
CONTINUOUS
10
0.1835395275590551
20
-0.2092478346456693
11
0.183560905511811
21
-0.2092520866141732
0
LINE
8
BLACK
6
CONTINUOUS
10
0.183560905511811
20
-0.2092520866141732
11
0.1871929921259843
21
-0.2079303543307087
0
LINE
8
BLACK
6
CONTINUOUS
10
0.1871929921259843
20
-0.2079303543307087
11
0.1896437007874016
21
-0.2053280708661417
0
LINE
8
BLACK
6
CONTINUOUS
10
0.1896437007874016
20
-0.2053280708661417
11
0.1907777165354331
21
-0.2028369291338583
0
LINE
8
BLACK
6
CONTINUOUS
10
0.1907777165354331
20
-0.2028369291338583
11
0.19089
21
-0.2026922047244094
0
LINE
8
BLACK
6
CONTINUOUS
10
0.19089
20
-0.2026922047244094
11
0.1921285039370079
21
-0.1972405905511811
0
LINE
8
BLACK
6
CONTINUOUS
10
0.1921285039370079
20
-0.1972405905511811
11
0.1921812598425197
21
-0.1971288582677165
0
LINE
8
BLACK
6
CONTINUOUS
10
0.1921812598425197
20
-0.1971288582677165
11
0.1920697244094488
21
-0.1932185826771654
0
LINE
8
BLACK
6
CONTINUOUS
10
0.1920697244094488
20
-0.1932185826771654
11
0.192097874015748
21
-0.193076968503937
0
LINE
8
BLACK
6
CONTINUOUS
10
0.192097874015748
20
-0.193076968503937
11
0.1906286614173228
21
-0.1876967716535433
0
LINE
8
BLACK
6
CONTINUOUS
10
0.1906286614173228
20
-0.1876967716535433
11
0.190621968503937
21
-0.1875596456692913
0
LINE
8
BLACK
6
CONTINUOUS
10
0.190621968503937
20
-0.1875596456692913
11
0.1892779133858268
21
-0.1851
0
LINE
8
BLACK
6
CONTINUOUS
10
0.1892779133858268
20
-0.1851
11
0.189274094488189
21
-0.1850860236220472
0
LINE
8
BLACK
6
CONTINUOUS
10
0.189274094488189
20
-0.1850860236220472
11
0.1868148031496063
21
-0.1827699606299213
0
LINE
8
BLACK
6
CONTINUOUS
10
0.1868148031496063
20
-0.1827699606299213
11
0.182934842519685
21
-0.1815931496062992
0
LINE
8
BLACK
6
CONTINUOUS
10
0.182934842519685
20
-0.1815931496062992
11
0.1805398818897638
21
-0.181688779527559
0
LINE
8
BLACK
6
CONTINUOUS
10
0.1805398818897638
20
-0.181688779527559
11
0.1805184645669291
21
-0.1816844881889764
0
LINE
8
BLACK
6
CONTINUOUS
10
0.1805184645669291
20
-0.1816844881889764
11
0.1769491732283464
21
-0.1829833858267716
0
LINE
8
BLACK
6
CONTINUOUS
10
0.1769491732283464
20
-0.1829833858267716
11
0.1759325590551181
21
-0.1841118503937008
0
LINE
8
BLACK
6
CONTINUOUS
10
0.1759325590551181
20
-0.1841118503937008
11
0.175293937007874
21
-0.1845385433070866
0
LINE
8
BLACK
6
CONTINUOUS
10
0.175293937007874
20
-0.1845385433070866
11
0.1737872834645669
21
-0.1845385433070866
0
LINE
8
BLACK
6
CONTINUOUS
10
0.1737872834645669
20
-0.1845385433070866
11
0.172721968503937
21
-0.183473188976378
0
LINE
8
BLACK
6
CONTINUOUS
10
0.172721968503937
20
-0.183473188976378
11
0.172721968503937
21
-0.1819665354330709
0
LINE
8
BLACK
6
CONTINUOUS
10
0.172721968503937
20
-0.1819665354330709
11
0.1746485433070866
21
-0.1798281102362205
0
LINE
8
BLACK
6
CONTINUOUS
10
0.1746485433070866
20
-0.1798281102362205
11
0.1747305118110236
21
-0.1797733070866142
0
LINE
8
BLACK
6
CONTINUOUS
10
0.1747305118110236
20
-0.1797733070866142
11
0.1747507086614173
21
-0.1797329527559055
0
LINE
8
BLACK
6
CONTINUOUS
10
0.1747507086614173
20
-0.1797329527559055
11
0.174839094488189
21
-0.179700748031496
0
LINE
8
BLACK
6
CONTINUOUS
10
0.174839094488189
20
-0.179700748031496
11
0.1752871653543307
21
-0.1794014173228347
0
LINE
8
BLACK
6
CONTINUOUS
10
0.1752871653543307
20
-0.1794014173228347
11
0.1756617322834646
21
-0.1794014173228347
0
LINE
8
BLACK
6
CONTINUOUS
10
0.1756617322834646
20
-0.1794014173228347
11
0.1799174015748032
21
-0.1778527952755906
0
LINE
8
BLACK
6
CONTINUOUS
10
0.1799174015748032
20
-0.1778527952755906
11
0.1806794094488189
21
-0.1777567322834646
0
LINE
8
BLACK
6
CONTINUOUS
10
0.1806794094488189
20
-0.1777567322834646
11
0.1808816929133858
21
-0.177857874015748
0
LINE
8
BLACK
6
CONTINUOUS
10
0.1808816929133858
20
-0.177857874015748
11
0.1833986614173228
21
-0.1777573622047244
0
LINE
8
BLACK
6
CONTINUOUS
10
0.1833986614173228
20
-0.1777573622047244
11
0.1834
21
-0.1777567322834646
0
LINE
8
BLACK
6
CONTINUOUS
10
0.1834
20
-0.1777567322834646
11
0.1834017716535433
21
-0.1777572440944882
0
LINE
8
BLACK
6
CONTINUOUS
10
0.1834017716535433
20
-0.1777572440944882
11
0.1835395275590551
21
-0.1777517716535433
0
LINE
8
BLACK
6
CONTINUOUS
10
0.1835395275590551
20
-0.1777517716535433
11
0.1842928346456693
21
-0.1779016141732283
0
LINE
8
BLACK
6
CONTINUOUS
10
-0.7675427952755906
20
-0.1832357874015748
11
-0.7674177952755905
21
-0.2041959842519685
0
LINE
8
BLACK
6
CONTINUOUS
10
-0.7674177952755905
20
-0.2041959842519685
11
-0.7556596062992126
21
-0.193756220472441
0
LINE
8
BLACK
6
CONTINUOUS
10
-0.7556596062992126
20
-0.193756220472441
11
-0.7551745669291339
21
-0.1934768897637795
0
LINE
8
BLACK
6
CONTINUOUS
10
-0.7551745669291339
20
-0.1934768897637795
11
-0.755116653543307
21
-0.1934190157480315
0
LINE
8
BLACK
6
CONTINUOUS
10
-0.755116653543307
20
-0.1934190157480315
11
-0.7550740157480315
21
-0.1934190157480315
0
LINE
8
BLACK
6
CONTINUOUS
10
-0.7550740157480315
20
-0.1934190157480315
11
-0.7549940157480315
21
-0.1933729527559055
0
LINE
8
BLACK
6
CONTINUOUS
10
-0.7549940157480315
20
-0.1933729527559055
11
-0.7543029133858268
21
-0.1934190157480315
0
LINE
8
BLACK
6
CONTINUOUS
10
-0.7543029133858268
20
-0.1934190157480315
11
-0.7536100393700788
21
-0.1934190157480315
0
LINE
8
BLACK
6
CONTINUOUS
10
-0.7536100393700788
20
-0.1934190157480315
11
-0.7535605905511811
21
-0.1934684645669291
0
LINE
8
BLACK
6
CONTINUOUS
10
-0.7535605905511811
20
-0.1934684645669291
11
-0.7534907086614173
21
-0.1934731496062992
0
LINE
8
BLACK
6
CONTINUOUS
10
-0.7534907086614173
20
-0.1934731496062992
11
-0.7530344881889763
21
-0.1939945669291339
0
LINE
8
BLACK
6
CONTINUOUS
10
-0.7530344881889763
20
-0.1939945669291339
11
-0.7525446850393701
21
-0.1944843700787401
0
LINE
8
BLACK
6
CONTINUOUS
10
-0.7525446850393701
20
-0.1944843700787401
11
-0.7525430314960629
21
-0.1945562598425197
0
LINE
8
BLACK
6
CONTINUOUS
10
-0.7525430314960629
20
-0.1945562598425197
11
-0.752498622047244
21
-0.1946070078740157
0
LINE
8
BLACK
6
CONTINUOUS
10
-0.752498622047244
20
-0.1946070078740157
11
-0.7525305511811023
21
-0.1950860236220472
0
LINE
8
BLACK
6
CONTINUOUS
10
-0.7525305511811023
20
-0.1950860236220472
11
-0.7524004330708661
21
-0.200625
0
LINE
8
BLACK
6
CONTINUOUS
10
-0.7524004330708661
20
-0.200625
11
-0.7507448031496062
21
-0.2036998031496063
0
LINE
8
BLACK
6
CONTINUOUS
10
-0.7507448031496062
20
-0.2036998031496063
11
-0.7492218897637795
21
-0.2050942913385827
0
LINE
8
BLACK
6
CONTINUOUS
10
-0.7492218897637795
20
-0.2050942913385827
11
-0.7492142913385826
21
-0.2051056692913386
0
LINE
8
BLACK
6
CONTINUOUS
10
-0.7492142913385826
20
-0.2051056692913386
11
-0.7461559842519685
21
-0.2065207086614173
0
LINE
8
BLACK
6
CONTINUOUS
10
-0.7461559842519685
20
-0.2065207086614173
11
-0.7377235039370078
21
-0.2063959448818898
0
LINE
8
BLACK
6
CONTINUOUS
10
-0.7377235039370078
20
-0.2063959448818898
11
-0.7346526771653543
21
-0.2047424409448819
0
LINE
8
BLACK
6
CONTINUOUS
10
-0.7346526771653543
20
-0.2047424409448819
11
-0.7332580708661417
21
-0.2032195275590551
0
LINE
8
BLACK
6
CONTINUOUS
10
-0.7332580708661417
20
-0.2032195275590551
11
-0.7332467322834646
21
-0.2032118897637795
0
LINE
8
BLACK
6
CONTINUOUS
10
-0.7332467322834646
20
-0.2032118897637795
11
-0.7318283858267717
21
-0.2001465354330709
0
LINE
8
BLACK
6
CONTINUOUS
10
-0.7318283858267717
20
-0.2001465354330709
11
-0.7319570078740157
21
-0.1898453149606299
0
LINE
8
BLACK
6
CONTINUOUS
10
-0.7319570078740157
20
-0.1898453149606299
11
-0.7336099606299212
21
-0.1867755511811024
0
LINE
8
BLACK
6
CONTINUOUS
10
-0.7336099606299212
20
-0.1867755511811024
11
-0.735132874015748
21
-0.185381062992126
0
LINE
8
BLACK
6
CONTINUOUS
10
-0.735132874015748
20
-0.185381062992126
11
-0.7355596062992126
21
-0.1847424409448819
0
LINE
8
BLACK
6
CONTINUOUS
10
-0.7355596062992126
20
-0.1847424409448819
11
-0.7355596062992126
21
-0.1832357874015748
0
LINE
8
BLACK
6
CONTINUOUS
10
-0.7355596062992126
20
-0.1832357874015748
11
-0.7344942913385827
21
-0.1821704330708661
0
LINE
8
BLACK
6
CONTINUOUS
10
-0.7344942913385827
20
-0.1821704330708661
11
-0.7329876377952755
21
-0.1821704330708661
0
LINE
8
BLACK
6
CONTINUOUS
10
-0.7329876377952755
20
-0.1821704330708661
11
-0.7305791732283464
21
-0.1843757874015748
0
LINE
8
BLACK
6
CONTINUOUS
10
-0.7305791732283464
20
-0.1843757874015748
11
-0.7305763779527559
21
-0.1843767322834646
0
LINE
8
BLACK
6
CONTINUOUS
10
-0.7305763779527559
20
-0.1843767322834646
11
-0.7305746850393701
21
-0.1843798818897638
0
LINE
8
BLACK
6
CONTINUOUS
10
-0.7305746850393701
20
-0.1843798818897638
11
-0.7304742125984252
21
-0.1844718897637795
0
LINE
8
BLACK
6
CONTINUOUS
10
-0.7304742125984252
20
-0.1844718897637795
11
-0.7300474803149606
21
-0.1851105118110236
0
LINE
8
BLACK
6
CONTINUOUS
10
-0.7300474803149606
20
-0.1851105118110236
11
-0.7300474803149606
21
-0.1853589763779528
0
LINE
8
BLACK
6
CONTINUOUS
10
-0.7300474803149606
20
-0.1853589763779528
11
-0.7282307086614173
21
-0.188733031496063
0
LINE
8
BLACK
6
CONTINUOUS
10
-0.7282307086614173
20
-0.188733031496063
11
-0.7282046850393701
21
-0.1888281102362205
0
LINE
8
BLACK
6
CONTINUOUS
10
-0.7282046850393701
20
-0.1888281102362205
11
-0.728172716535433
21
-0.1888600787401575
0
LINE
8
BLACK
6
CONTINUOUS
10
-0.728172716535433
20
-0.1888600787401575
11
-0.7281716141732283
21
-0.1889488188976378
0
LINE
8
BLACK
6
CONTINUOUS
10
-0.7281716141732283
20
-0.1889488188976378
11
-0.7280278346456692
21
-0.1894738188976378
0
LINE
8
BLACK
6
CONTINUOUS
10
-0.7280278346456692
20
-0.1894738188976378
11
-0.7281601181102362
21
-0.1898705905511811
0
LINE
8
BLACK
6
CONTINUOUS
10
-0.7281601181102362
20
-0.1898705905511811
11
-0.7280228740157481
21
-0.200861968503937
0
LINE
8
BLACK
6
CONTINUOUS
10
-0.7280228740157481
20
-0.200861968503937
11
-0.728042125984252
21
-0.2009586614173228
0
LINE
8
BLACK
6
CONTINUOUS
10
-0.728042125984252
20
-0.2009586614173228
11
-0.7280278346456692
21
-0.2010015354330709
0
LINE
8
BLACK
6
CONTINUOUS
10
-0.7280278346456692
20
-0.2010015354330709
11
-0.7280678346456693
21
-0.2010879527559055
0
LINE
8
BLACK
6
CONTINUOUS
10
-0.7280678346456693
20
-0.2010879527559055
11
-0.728172716535433
21
-0.2016152755905512
0
LINE
8
BLACK
6
CONTINUOUS
10
-0.728172716535433
20
-0.2016152755905512
11
-0.7284316141732283
21
-0.2018741338582677
0
LINE
8
BLACK
6
CONTINUOUS
10
-0.7284316141732283
20
-0.2018741338582677
11
-0.7301054724409448
21
-0.2054918503937008
0
LINE
8
BLACK
6
CONTINUOUS
10
-0.7301054724409448
20
-0.2054918503937008
11
-0.7305763779527559
21
-0.2060986220472441
0
LINE
8
BLACK
6
CONTINUOUS
10
-0.7305763779527559
20
-0.2060986220472441
11
-0.7307822834645669
21
-0.2061672047244094
0
LINE
8
BLACK
6
CONTINUOUS
10
-0.7307822834645669
20
-0.2061672047244094
11
-0.7322529921259843
21
-0.2077733070866142
0
LINE
8
BLACK
6
CONTINUOUS
10
-0.7322529921259843
20
-0.2077733070866142
11
-0.7322538582677165
21
-0.2077760236220473
0
LINE
8
BLACK
6
CONTINUOUS
10
-0.7322538582677165
20
-0.2077760236220473
11
-0.732256968503937
21
-0.2077776771653543
0
LINE
8
BLACK
6
CONTINUOUS
10
-0.732256968503937
20
-0.2077776771653543
11
-0.7323490157480315
21
-0.2078782283464567
0
LINE
8
BLACK
6
CONTINUOUS
10
-0.7323490157480315
20
-0.2078782283464567
11
-0.7329876377952755
21
-0.2083049212598425
0
LINE
8
BLACK
6
CONTINUOUS
10
-0.7329876377952755
20
-0.2083049212598425
11
-0.7332361023622047
21
-0.2083049212598425
0
LINE
8
BLACK
6
CONTINUOUS
10
-0.7332361023622047
20
-0.2083049212598425
11
-0.7366101181102362
21
-0.2101216929133858
0
LINE
8
BLACK
6
CONTINUOUS
10
-0.7366101181102362
20
-0.2101216929133858
11
-0.7367052362204725
21
-0.2101477165354331
0
LINE
8
BLACK
6
CONTINUOUS
10
-0.7367052362204725
20
-0.2101477165354331
11
-0.7367371653543306
21
-0.2101796850393701
0
LINE
8
BLACK
6
CONTINUOUS
10
-0.7367371653543306
20
-0.2101796850393701
11
-0.7368267322834645
21
-0.2101809842519685
0
LINE
8
BLACK
6
CONTINUOUS
10
-0.7368267322834645
20
-0.2101809842519685
11
-0.737350905511811
21
-0.2103245669291338
0
LINE
8
BLACK
6
CONTINUOUS
10
-0.737350905511811
20
-0.2103245669291338
11
-0.7377410236220472
21
-0.2101945275590551
0
LINE
8
BLACK
6
CONTINUOUS
10
-0.7377410236220472
20
-0.2101945275590551
11
-0.7468642913385827
21
-0.2103295275590551
0
LINE
8
BLACK
6
CONTINUOUS
10
-0.7468642913385827
20
-0.2103295275590551
11
-0.7469610236220472
21
-0.2103102755905512
0
LINE
8
BLACK
6
CONTINUOUS
10
-0.7469610236220472
20
-0.2103102755905512
11
-0.7470038582677165
21
-0.2103245669291338
0
LINE
8
BLACK
6
CONTINUOUS
10
-0.7470038582677165
20
-0.2103245669291338
11
-0.7470903149606299
21
-0.2102845669291339
0
LINE
8
BLACK
6
CONTINUOUS
10
-0.7470903149606299
20
-0.2102845669291339
11
-0.7476175984251968
21
-0.2101796850393701
0
LINE
8
BLACK
6
CONTINUOUS
10
-0.7476175984251968
20
-0.2101796850393701
11
-0.7478764960629921
21
-0.2099207874015748
0
LINE
8
BLACK
6
CONTINUOUS
10
-0.7478764960629921
20
-0.2099207874015748
11
-0.7514941732283464
21
-0.2082469291338583
0
LINE
8
BLACK
6
CONTINUOUS
10
-0.7514941732283464
20
-0.2082469291338583
11
-0.7521009448818897
21
-0.2077760236220473
0
LINE
8
BLACK
6
CONTINUOUS
10
-0.7521009448818897
20
-0.2077760236220473
11
-0.7521695669291338
21
-0.207570157480315
0
LINE
8
BLACK
6
CONTINUOUS
10
-0.7521695669291338
20
-0.207570157480315
11
-0.7537756299212598
21
-0.2060994881889764
0
LINE
8
BLACK
6
CONTINUOUS
10
-0.7537756299212598
20
-0.2060994881889764
11
-0.7537783464566929
21
-0.2060985826771654
0
LINE
8
BLACK
6
CONTINUOUS
10
-0.7537783464566929
20
-0.2060985826771654
11
-0.7537800787401575
21
-0.2060953937007874
0
LINE
8
BLACK
6
CONTINUOUS
10
-0.7537800787401575
20
-0.2060953937007874
11
-0.7538805118110236
21
-0.2060034251968504
0
LINE
8
BLACK
6
CONTINUOUS
10
-0.7538805118110236
20
-0.2060034251968504
11
-0.7543072440944881
21
-0.2053648031496063
0
LINE
8
BLACK
6
CONTINUOUS
10
-0.7543072440944881
20
-0.2053648031496063
11
-0.7543072440944881
21
-0.2051163385826772
0
LINE
8
BLACK
6
CONTINUOUS
10
-0.7543072440944881
20
-0.2051163385826772
11
-0.7561240157480315
21
-0.2017423228346457
0
LINE
8
BLACK
6
CONTINUOUS
10
-0.7561240157480315
20
-0.2017423228346457
11
-0.7561500787401575
21
-0.2016472047244094
0
LINE
8
BLACK
6
CONTINUOUS
10
-0.7561500787401575
20
-0.2016472047244094
11
-0.7561820078740157
21
-0.2016152755905512
0
LINE
8
BLACK
6
CONTINUOUS
10
-0.7561820078740157
20
-0.2016152755905512
11
-0.7561842125984252
21
-0.2015225984251968
0
LINE
8
BLACK
6
CONTINUOUS
10
-0.7561842125984252
20
-0.2015225984251968
11
-0.7563268897637795
21
-0.2010015354330709
0
LINE
8
BLACK
6
CONTINUOUS
10
-0.7563268897637795
20
-0.2010015354330709
11
-0.7562050393700788
21
-0.2006358661417323
0
LINE
8
BLACK
6
CONTINUOUS
10
-0.7562050393700788
20
-0.2006358661417323
11
-0.7562355118110236
21
-0.1993391732283465
0
LINE
8
BLACK
6
CONTINUOUS
10
-0.7562355118110236
20
-0.1993391732283465
11
-0.7680651968503936
21
-0.2098424803149606
0
LINE
8
BLACK
6
CONTINUOUS
10
-0.7680651968503936
20
-0.2098424803149606
11
-0.7685502755905511
21
-0.2101217716535433
0
LINE
8
BLACK
6
CONTINUOUS
10
-0.7685502755905511
20
-0.2101217716535433
11
-0.7686081496062992
21
-0.2101796850393701
0
LINE
8
BLACK
6
CONTINUOUS
10
-0.7686081496062992
20
-0.2101796850393701
11
-0.7686507874015748
21
-0.2101796850393701
0
LINE
8
BLACK
6
CONTINUOUS
10
-0.7686507874015748
20
-0.2101796850393701
11
-0.7687307874015747
21
-0.210225748031496
0
LINE
8
BLACK
6
CONTINUOUS
10
-0.7687307874015747
20
-0.210225748031496
11
-0.7694218897637796
21
-0.2101796850393701
0
LINE
8
BLACK
6
CONTINUOUS
10
-0.7694218897637796
20
-0.2101796850393701
11
-0.7701147637795276
21
-0.2101796850393701
0
LINE
8
BLACK
6
CONTINUOUS
10
-0.7701147637795276
20
-0.2101796850393701
11
-0.7701642519685039
21
-0.2101301968503937
0
LINE
8
BLACK
6
CONTINUOUS
10
-0.7701642519685039
20
-0.2101301968503937
11
-0.7702340944881889
21
-0.2101255511811023
0
LINE
8
BLACK
6
CONTINUOUS
10
-0.7702340944881889
20
-0.2101255511811023
11
-0.7706903543307086
21
-0.209604094488189
0
LINE
8
BLACK
6
CONTINUOUS
10
-0.7706903543307086
20
-0.209604094488189
11
-0.7711801181102362
21
-0.2091143307086614
0
LINE
8
BLACK
6
CONTINUOUS
10
-0.7711801181102362
20
-0.2091143307086614
11
-0.7711805511811023
21
-0.2090438188976378
0
LINE
8
BLACK
6
CONTINUOUS
10
-0.7711805511811023
20
-0.2090438188976378
11
-0.7712261811023622
21
-0.2089916929133858
0
LINE
8
BLACK
6
CONTINUOUS
10
-0.7712261811023622
20
-0.2089916929133858
11
-0.7711846062992126
21
-0.2083674015748032
0
LINE
8
BLACK
6
CONTINUOUS
10
-0.7711846062992126
20
-0.2083674015748032
11
-0.7713299606299212
21
-0.183989094488189
0
LINE
8
BLACK
6
CONTINUOUS
10
-0.7713299606299212
20
-0.183989094488189
11
-0.7711801181102362
21
-0.1832357874015748
0
LINE
8
BLACK
6
CONTINUOUS
10
-0.7711801181102362
20
-0.1832357874015748
11
-0.7701147637795276
21
-0.1821704330708661
0
LINE
8
BLACK
6
CONTINUOUS
10
-0.7701147637795276
20
-0.1821704330708661
11
-0.7686081496062992
21
-0.1821704330708661
0
LINE
8
BLACK
6
CONTINUOUS
10
-0.7686081496062992
20
-0.1821704330708661
11
-0.7675427952755906
21
-0.1832357874015748
0
LINE
8
BLACK
6
CONTINUOUS
10
0.2679407086614173
20
-0.168908937007874
11
0.2679835826771653
21
-0.1688946850393701
0
LINE
8
BLACK
6
CONTINUOUS
10
0.2679835826771653
20
-0.1688946850393701
11
0.2680725196850394
21
-0.168935157480315
0
LINE
8
BLACK
6
CONTINUOUS
10
0.2680725196850394
20
-0.168935157480315
11
0.2685973228346457
21
-0.1690395669291339
0
LINE
8
BLACK
6
CONTINUOUS
10
0.2685973228346457
20
-0.1690395669291339
11
0.2688441732283465
21
-0.1692864173228346
0
LINE
8
BLACK
6
CONTINUOUS
10
0.2688441732283465
20
-0.1692864173228346
11
0.2715965748031496
21
-0.1705393700787401
0
LINE
8
BLACK
6
CONTINUOUS
10
0.2715965748031496
20
-0.1705393700787401
11
0.2715969291338582
21
-0.1705393700787401
0
LINE
8
BLACK
6
CONTINUOUS
10
0.2715969291338582
20
-0.1705393700787401
11
0.2715972834645669
21
-0.1705396850393701
0
LINE
8
BLACK
6
CONTINUOUS
10
0.2715972834645669
20
-0.1705396850393701
11
0.2717239763779528
21
-0.1705973622047244
0
LINE
8
BLACK
6
CONTINUOUS
10
0.2717239763779528
20
-0.1705973622047244
11
0.272330748031496
21
-0.1710682677165354
0
LINE
8
BLACK
6
CONTINUOUS
10
0.272330748031496
20
-0.1710682677165354
11
0.2723937007874015
21
-0.1712571653543307
0
LINE
8
BLACK
6
CONTINUOUS
10
0.2723937007874015
20
-0.1712571653543307
11
0.2737353937007874
21
-0.1724658661417323
0
LINE
8
BLACK
6
CONTINUOUS
10
0.2737353937007874
20
-0.1724658661417323
11
0.2741620866141732
21
-0.1731044881889764
0
LINE
8
BLACK
6
CONTINUOUS
10
0.2741620866141732
20
-0.1731044881889764
11
0.2741621259842519
21
-0.1746111417322835
0
LINE
8
BLACK
6
CONTINUOUS
10
0.2741621259842519
20
-0.1746111417322835
11
0.273096811023622
21
-0.1756764566929134
0
LINE
8
BLACK
6
CONTINUOUS
10
0.273096811023622
20
-0.1756764566929134
11
0.271590157480315
21
-0.1756764960629921
0
LINE
8
BLACK
6
CONTINUOUS
10
0.271590157480315
20
-0.1756764960629921
11
0.269455
21
-0.1737529921259842
0
LINE
8
BLACK
6
CONTINUOUS
10
0.269455
20
-0.1737529921259842
11
0.2671488188976378
21
-0.172703188976378
0
LINE
8
BLACK
6
CONTINUOUS
10
0.2671488188976378
20
-0.172703188976378
11
0.2605983464566929
21
-0.172822125984252
0
LINE
8
BLACK
6
CONTINUOUS
10
0.2605983464566929
20
-0.172822125984252
11
0.2582862992125984
21
-0.1740855118110236
0
LINE
8
BLACK
6
CONTINUOUS
10
0.2582862992125984
20
-0.1740855118110236
11
0.2572404724409449
21
-0.1752463385826772
0
LINE
8
BLACK
6
CONTINUOUS
10
0.2572404724409449
20
-0.1752463385826772
11
0.2562196456692913
21
-0.177488937007874
0
LINE
8
BLACK
6
CONTINUOUS
10
0.2562196456692913
20
-0.177488937007874
11
0.2563142125984252
21
-0.1798570866141732
0
LINE
8
BLACK
6
CONTINUOUS
10
0.2563142125984252
20
-0.1798570866141732
11
0.2563099212598425
21
-0.1798784645669291
0
LINE
8
BLACK
6
CONTINUOUS
10
0.2563099212598425
20
-0.1798784645669291
11
0.2576591732283465
21
-0.1835861417322835
0
LINE
8
BLACK
6
CONTINUOUS
10
0.2576591732283465
20
-0.1835861417322835
11
0.2752351968503937
21
-0.2009623622047244
0
LINE
8
BLACK
6
CONTINUOUS
10
0.2752351968503937
20
-0.2009623622047244
11
0.2756619291338583
21
-0.2016009842519685
0
LINE
8
BLACK
6
CONTINUOUS
10
0.2756619291338583
20
-0.2016009842519685
11
0.2756619291338583
21
-0.2031075984251969
0
LINE
8
BLACK
6
CONTINUOUS
10
0.2756619291338583
20
-0.2031075984251969
11
0.2745965748031496
21
-0.2041729527559055
0
LINE
8
BLACK
6
CONTINUOUS
10
0.2745965748031496
20
-0.2041729527559055
11
0.2543457086614173
21
-0.2043227952755906
0
LINE
8
BLACK
6
CONTINUOUS
10
0.2543457086614173
20
-0.2043227952755906
11
0.2535924015748031
21
-0.2041729527559055
0
LINE
8
BLACK
6
CONTINUOUS
10
0.2535924015748031
20
-0.2041729527559055
11
0.2525270472440945
21
-0.2031075984251969
0
LINE
8
BLACK
6
CONTINUOUS
10
0.2525270472440945
20
-0.2031075984251969
11
0.2525270472440945
21
-0.2016009842519685
0
LINE
8
BLACK
6
CONTINUOUS
10
0.2525270472440945
20
-0.2016009842519685
11
0.2535924015748031
21
-0.2005356299212598
0
LINE
8
BLACK
6
CONTINUOUS
10
0.2535924015748031
20
-0.2005356299212598
11
0.2692932677165354
21
-0.2004194488188976
0
LINE
8
BLACK
6
CONTINUOUS
10
0.2692932677165354
20
-0.2004194488188976
11
0.2544535826771653
21
-0.1857484645669291
0
LINE
8
BLACK
6
CONTINUOUS
10
0.2544535826771653
20
-0.1857484645669291
11
0.2543988188976378
21
-0.1856664960629921
0
LINE
8
BLACK
6
CONTINUOUS
10
0.2543988188976378
20
-0.1856664960629921
11
0.2543583858267717
21
-0.1856462992125984
0
LINE
8
BLACK
6
CONTINUOUS
10
0.2543583858267717
20
-0.1856462992125984
11
0.2543261811023622
21
-0.1855577952755905
0
LINE
8
BLACK
6
CONTINUOUS
10
0.2543261811023622
20
-0.1855577952755905
11
0.2540268503937008
21
-0.185109842519685
0
LINE
8
BLACK
6
CONTINUOUS
10
0.2540268503937008
20
-0.185109842519685
11
0.2540268503937008
21
-0.1847351968503937
0
LINE
8
BLACK
6
CONTINUOUS
10
0.2540268503937008
20
-0.1847351968503937
11
0.2524782283464567
21
-0.1804795669291339
0
LINE
8
BLACK
6
CONTINUOUS
10
0.2524782283464567
20
-0.1804795669291339
11
0.2523821653543307
21
-0.1797175590551181
0
LINE
8
BLACK
6
CONTINUOUS
10
0.2523821653543307
20
-0.1797175590551181
11
0.2524833070866142
21
-0.1795152362204724
0
LINE
8
BLACK
6
CONTINUOUS
10
0.2524833070866142
20
-0.1795152362204724
11
0.2523772047244094
21
-0.1768574803149606
0
LINE
8
BLACK
6
CONTINUOUS
10
0.2523772047244094
20
-0.1768574803149606
11
0.2523964173228346
21
-0.1767607480314961
0
LINE
8
BLACK
6
CONTINUOUS
10
0.2523964173228346
20
-0.1767607480314961
11
0.2523821653543307
21
-0.1767179527559055
0
LINE
8
BLACK
6
CONTINUOUS
10
0.2523821653543307
20
-0.1767179527559055
11
0.2524226377952756
21
-0.1766290157480315
0
LINE
8
BLACK
6
CONTINUOUS
10
0.2524226377952756
20
-0.1766290157480315
11
0.2525270472440945
21
-0.1761041732283465
0
LINE
8
BLACK
6
CONTINUOUS
10
0.2525270472440945
20
-0.1761041732283465
11
0.252773937007874
21
-0.1758572440944882
0
LINE
8
BLACK
6
CONTINUOUS
10
0.252773937007874
20
-0.1758572440944882
11
0.2540268503937008
21
-0.173104842519685
0
LINE
8
BLACK
6
CONTINUOUS
10
0.2540268503937008
20
-0.173104842519685
11
0.2540268503937008
21
-0.1731045275590551
0
LINE
8
BLACK
6
CONTINUOUS
10
0.2540268503937008
20
-0.1731045275590551
11
0.2540271653543307
21
-0.1731041338582677
0
LINE
8
BLACK
6
CONTINUOUS
10
0.2540271653543307
20
-0.1731041338582677
11
0.2540848425196851
21
-0.1729774803149606
0
LINE
8
BLACK
6
CONTINUOUS
10
0.2540848425196851
20
-0.1729774803149606
11
0.2545557480314961
21
-0.172370748031496
0
LINE
8
BLACK
6
CONTINUOUS
10
0.2545557480314961
20
-0.172370748031496
11
0.2547446062992126
21
-0.1723077559055118
0
LINE
8
BLACK
6
CONTINUOUS
10
0.2547446062992126
20
-0.1723077559055118
11
0.2558564173228347
21
-0.1710736614173228
0
LINE
8
BLACK
6
CONTINUOUS
10
0.2558564173228347
20
-0.1710736614173228
11
0.2558582283464567
21
-0.1710682677165354
0
LINE
8
BLACK
6
CONTINUOUS
10
0.2558582283464567
20
-0.1710682677165354
11
0.2558642519685039
21
-0.1710649212598425
0
LINE
8
BLACK
6
CONTINUOUS
10
0.2558642519685039
20
-0.1710649212598425
11
0.2559533464566929
21
-0.1709661023622047
0
LINE
8
BLACK
6
CONTINUOUS
10
0.2559533464566929
20
-0.1709661023622047
11
0.256591968503937
21
-0.1705393700787401
0
LINE
8
BLACK
6
CONTINUOUS
10
0.256591968503937
20
-0.1705393700787401
11
0.2568261023622047
21
-0.1705393700787401
0
LINE
8
BLACK
6
CONTINUOUS
10
0.2568261023622047
20
-0.1705393700787401
11
0.2594646456692913
21
-0.1690975196850394
0
LINE
8
BLACK
6
CONTINUOUS
10
0.2594646456692913
20
-0.1690975196850394
11
0.2595597244094488
21
-0.1690714566929134
0
LINE
8
BLACK
6
CONTINUOUS
10
0.2595597244094488
20
-0.1690714566929134
11
0.2595916535433071
21
-0.1690395669291339
0
LINE
8
BLACK
6
CONTINUOUS
10
0.2595916535433071
20
-0.1690395669291339
11
0.2596822834645669
21
-0.1690379133858268
0
LINE
8
BLACK
6
CONTINUOUS
10
0.2596822834645669
20
-0.1690379133858268
11
0.2602054330708661
21
-0.1688946850393701
0
LINE
8
BLACK
6
CONTINUOUS
10
0.2602054330708661
20
-0.1688946850393701
11
0.2605858661417323
21
-0.1690214960629921
0
LINE
8
BLACK
6
CONTINUOUS
10
0.2605858661417323
20
-0.1690214960629921
11
0.2678440157480315
21
-0.1688897244094488
0
LINE
8
BLACK
6
CONTINUOUS
10
0.2678440157480315
20
-0.1688897244094488
11
0.2679407086614173
21
-0.168908937007874
0
LINE
8
BLACK
6
CONTINUOUS
10
0.2876603937007874
20
-0.1701049212598425
11
0.2878088188976378
21
-0.1961073622047244
0
LINE
8
BLACK
6
CONTINUOUS
10
0.2878088188976378
20
-0.1961073622047244
11
0.2890691338582677
21
-0.1984137007874016
0
LINE
8
BLACK
6
CONTINUOUS
10
0.2890691338582677
20
-0.1984137007874016
11
0.2902299606299212
21
-0.1994594881889764
0
LINE
8
BLACK
6
CONTINUOUS
10
0.2902299606299212
20
-0.1994594881889764
11
0.2925238976377953
21
-0.2005037401574803
0
LINE
8
BLACK
6
CONTINUOUS
10
0.2925238976377953
20
-0.2005037401574803
11
0.297584842519685
21
-0.2003914173228346
0
LINE
8
BLACK
6
CONTINUOUS
10
0.297584842519685
20
-0.2003914173228346
11
0.2998988976377953
21
-0.1991269291338583
0
LINE
8
BLACK
6
CONTINUOUS
10
0.2998988976377953
20
-0.1991269291338583
11
0.3009446850393701
21
-0.1979660236220472
0
LINE
8
BLACK
6
CONTINUOUS
10
0.3009446850393701
20
-0.1979660236220472
11
0.3020123228346457
21
-0.1956207086614173
0
LINE
8
BLACK
6
CONTINUOUS
10
0.3020123228346457
20
-0.1956207086614173
11
0.3018709842519685
21
-0.1708582283464567
0
LINE
8
BLACK
6
CONTINUOUS
10
0.3018709842519685
20
-0.1708582283464567
11
0.3020208267716535
21
-0.1701049212598425
0
LINE
8
BLACK
6
CONTINUOUS
10
0.3020208267716535
20
-0.1701049212598425
11
0.3030861811023622
21
-0.1690395669291339
0
LINE
8
BLACK
6
CONTINUOUS
10
0.3030861811023622
20
-0.1690395669291339
11
0.3045927952755905
21
-0.1690395669291339
0
LINE
8
BLACK
6
CONTINUOUS
10
0.3045927952755905
20
-0.1690395669291339
11
0.3056581496062992
21
-0.1701049212598425
0
LINE
8
BLACK
6
CONTINUOUS
10
0.3056581496062992
20
-0.1701049212598425
11
0.3058079921259843
21
-0.1963550393700787
0
LINE
8
BLACK
6
CONTINUOUS
10
0.3058079921259843
20
-0.1963550393700787
11
0.3057887401574803
21
-0.1964517322834646
0
LINE
8
BLACK
6
CONTINUOUS
10
0.3057887401574803
20
-0.1964517322834646
11
0.305803031496063
21
-0.1964946062992126
0
LINE
8
BLACK
6
CONTINUOUS
10
0.305803031496063
20
-0.1964946062992126
11
0.3057625196850394
21
-0.1965835433070866
0
LINE
8
BLACK
6
CONTINUOUS
10
0.3057625196850394
20
-0.1965835433070866
11
0.3056581496062992
21
-0.1971083464566929
0
LINE
8
BLACK
6
CONTINUOUS
10
0.3056581496062992
20
-0.1971083464566929
11
0.3054112598425197
21
-0.1973551968503937
0
LINE
8
BLACK
6
CONTINUOUS
10
0.3054112598425197
20
-0.1973551968503937
11
0.3041583070866142
21
-0.2001075984251968
0
LINE
8
BLACK
6
CONTINUOUS
10
0.3041583070866142
20
-0.2001075984251968
11
0.3041583464566929
21
-0.2001079527559055
0
LINE
8
BLACK
6
CONTINUOUS
10
0.3041583464566929
20
-0.2001079527559055
11
0.3041579921259843
21
-0.2001083070866142
0
LINE
8
BLACK
6
CONTINUOUS
10
0.3041579921259843
20
-0.2001083070866142
11
0.3041003543307086
21
-0.200235
0
LINE
8
BLACK
6
CONTINUOUS
10
0.3041003543307086
20
-0.200235
11
0.3036294488188976
21
-0.2008417716535433
0
LINE
8
BLACK
6
CONTINUOUS
10
0.3036294488188976
20
-0.2008417716535433
11
0.3034405118110236
21
-0.2009047244094488
0
LINE
8
BLACK
6
CONTINUOUS
10
0.3034405118110236
20
-0.2009047244094488
11
0.3023287401574803
21
-0.2021388188976378
0
LINE
8
BLACK
6
CONTINUOUS
10
0.3023287401574803
20
-0.2021388188976378
11
0.302326968503937
21
-0.2021442519685039
0
LINE
8
BLACK
6
CONTINUOUS
10
0.302326968503937
20
-0.2021442519685039
11
0.3023208661417323
21
-0.2021475590551181
0
LINE
8
BLACK
6
CONTINUOUS
10
0.3023208661417323
20
-0.2021475590551181
11
0.3022318503937008
21
-0.2022464173228346
0
LINE
8
BLACK
6
CONTINUOUS
10
0.3022318503937008
20
-0.2022464173228346
11
0.3015932283464567
21
-0.2026731496062992
0
LINE
8
BLACK
6
CONTINUOUS
10
0.3015932283464567
20
-0.2026731496062992
11
0.301359094488189
21
-0.2026731496062992
0
LINE
8
BLACK
6
CONTINUOUS
10
0.301359094488189
20
-0.2026731496062992
11
0.2987205511811024
21
-0.2041149606299213
0
LINE
8
BLACK
6
CONTINUOUS
10
0.2987205511811024
20
-0.2041149606299213
11
0.2986254724409449
21
-0.2041409842519685
0
LINE
8
BLACK
6
CONTINUOUS
10
0.2986254724409449
20
-0.2041409842519685
11
0.2985935433070866
21
-0.2041729527559055
0
LINE
8
BLACK
6
CONTINUOUS
10
0.2985935433070866
20
-0.2041729527559055
11
0.2985012992125984
21
-0.2041749606299212
0
LINE
8
BLACK
6
CONTINUOUS
10
0.2985012992125984
20
-0.2041749606299212
11
0.2979797637795276
21
-0.2043178346456693
0
LINE
8
BLACK
6
CONTINUOUS
10
0.2979797637795276
20
-0.2043178346456693
11
0.2976105511811024
21
-0.2041947637795276
0
LINE
8
BLACK
6
CONTINUOUS
10
0.2976105511811024
20
-0.2041947637795276
11
0.2918409842519685
21
-0.2043227952755906
0
LINE
8
BLACK
6
CONTINUOUS
10
0.2918409842519685
20
-0.2043227952755906
11
0.291744251968504
21
-0.2043035433070866
0
LINE
8
BLACK
6
CONTINUOUS
10
0.291744251968504
20
-0.2043035433070866
11
0.2917014173228347
21
-0.2043178346456693
0
LINE
8
BLACK
6
CONTINUOUS
10
0.2917014173228347
20
-0.2043178346456693
11
0.2916124409448819
21
-0.2042773228346457
0
LINE
8
BLACK
6
CONTINUOUS
10
0.2916124409448819
20
-0.2042773228346457
11
0.2910876771653543
21
-0.2041729527559055
0
LINE
8
BLACK
6
CONTINUOUS
10
0.2910876771653543
20
-0.2041729527559055
11
0.2908407874015748
21
-0.203926062992126
0
LINE
8
BLACK
6
CONTINUOUS
10
0.2908407874015748
20
-0.203926062992126
11
0.2880883070866141
21
-0.2026731102362205
0
LINE
8
BLACK
6
CONTINUOUS
10
0.2880883070866141
20
-0.2026731102362205
11
0.288088031496063
21
-0.2026731102362205
0
LINE
8
BLACK
6
CONTINUOUS
10
0.288088031496063
20
-0.2026731102362205
11
0.2880877165354331
21
-0.2026727952755905
0
LINE
8
BLACK
6
CONTINUOUS
10
0.2880877165354331
20
-0.2026727952755905
11
0.2879610236220472
21
-0.2026151574803149
0
LINE
8
BLACK
6
CONTINUOUS
10
0.2879610236220472
20
-0.2026151574803149
11
0.2873542519685039
21
-0.2021442519685039
0
LINE
8
BLACK
6
CONTINUOUS
10
0.2873542519685039
20
-0.2021442519685039
11
0.2872912598425197
21
-0.2019552755905512
0
LINE
8
BLACK
6
CONTINUOUS
10
0.2872912598425197
20
-0.2019552755905512
11
0.2860572047244094
21
-0.2008435039370079
0
LINE
8
BLACK
6
CONTINUOUS
10
0.2860572047244094
20
-0.2008435039370079
11
0.286051811023622
21
-0.2008417322834646
0
LINE
8
BLACK
6
CONTINUOUS
10
0.286051811023622
20
-0.2008417322834646
11
0.2860484645669291
21
-0.2008356299212598
0
LINE
8
BLACK
6
CONTINUOUS
10
0.2860484645669291
20
-0.2008356299212598
11
0.2859496062992126
21
-0.2007465748031496
0
LINE
8
BLACK
6
CONTINUOUS
10
0.2859496062992126
20
-0.2007465748031496
11
0.2855229133858267
21
-0.2001079527559055
0
LINE
8
BLACK
6
CONTINUOUS
10
0.2855229133858267
20
-0.2001079527559055
11
0.2855229133858267
21
-0.1998738582677165
0
LINE
8
BLACK
6
CONTINUOUS
10
0.2855229133858267
20
-0.1998738582677165
11
0.284081062992126
21
-0.1972353937007874
0
LINE
8
BLACK
6
CONTINUOUS
10
0.284081062992126
20
-0.1972353937007874
11
0.284055
21
-0.1971402755905512
0
LINE
8
BLACK
6
CONTINUOUS
10
0.284055
20
-0.1971402755905512
11
0.2840230708661417
21
-0.1971083464566929
0
LINE
8
BLACK
6
CONTINUOUS
10
0.2840230708661417
20
-0.1971083464566929
11
0.2840225590551181
21
-0.197021811023622
0
LINE
8
BLACK
6
CONTINUOUS
10
0.2840225590551181
20
-0.197021811023622
11
0.283878188976378
21
-0.1964946062992126
0
LINE
8
BLACK
6
CONTINUOUS
10
0.283878188976378
20
-0.1964946062992126
11
0.2840171653543307
21
-0.1960775590551181
0
LINE
8
BLACK
6
CONTINUOUS
10
0.2840171653543307
20
-0.1960775590551181
11
0.2838732283464567
21
-0.1708582283464567
0
LINE
8
BLACK
6
CONTINUOUS
10
0.2838732283464567
20
-0.1708582283464567
11
0.2840230708661417
21
-0.1701049212598425
0
LINE
8
BLACK
6
CONTINUOUS
10
0.2840230708661417
20
-0.1701049212598425
11
0.2850884251968504
21
-0.1690395669291339
0
LINE
8
BLACK
6
CONTINUOUS
10
0.2850884251968504
20
-0.1690395669291339
11
0.2865950393700787
21
-0.1690395669291339
0
LINE
8
BLACK
6
CONTINUOUS
10
0.2865950393700787
20
-0.1690395669291339
11
0.2876603937007874
21
-0.1701049212598425
0
LINE
8
BLACK
6
CONTINUOUS
10
0.3421814173228346
20
-0.1651655511811023
11
0.3427547637795276
21
-0.1651655511811023
0
LINE
8
BLACK
6
CONTINUOUS
10
0.3427547637795276
20
-0.1651655511811023
11
0.3428980708661417
21
-0.1653088582677165
0
LINE
8
BLACK
6
CONTINUOUS
10
0.3428980708661417
20
-0.1653088582677165
11
0.3430968110236221
21
-0.1653486220472441
0
LINE
8
BLACK
6
CONTINUOUS
10
0.3430968110236221
20
-0.1653486220472441
11
0.343471968503937
21
-0.1658827559055118
0
LINE
8
BLACK
6
CONTINUOUS
10
0.343471968503937
20
-0.1658827559055118
11
0.3438201181102362
21
-0.166230905511811
0
LINE
8
BLACK
6
CONTINUOUS
10
0.3438201181102362
20
-0.166230905511811
11
0.3438207874015748
21
-0.1663793700787402
0
LINE
8
BLACK
6
CONTINUOUS
10
0.3438207874015748
20
-0.1663793700787402
11
0.3466389763779528
21
-0.1703916929133858
0
LINE
8
BLACK
6
CONTINUOUS
10
0.3466389763779528
20
-0.1703916929133858
11
0.3467107874015748
21
-0.1705656299212598
0
LINE
8
BLACK
6
CONTINUOUS
10
0.3467107874015748
20
-0.1705656299212598
11
0.3493895669291339
21
-0.1730884251968504
0
LINE
8
BLACK
6
CONTINUOUS
10
0.3493895669291339
20
-0.1730884251968504
11
0.3518807086614173
21
-0.1742224015748031
0
LINE
8
BLACK
6
CONTINUOUS
10
0.3518807086614173
20
-0.1742224015748031
11
0.3524874409448819
21
-0.1746933070866142
0
LINE
8
BLACK
6
CONTINUOUS
10
0.3524874409448819
20
-0.1746933070866142
11
0.3529638976377953
21
-0.1761225984251968
0
LINE
8
BLACK
6
CONTINUOUS
10
0.3529638976377953
20
-0.1761225984251968
11
0.3522901181102362
21
-0.1774701574803149
0
LINE
8
BLACK
6
CONTINUOUS
10
0.3522901181102362
20
-0.1774701574803149
11
0.3508608267716535
21
-0.1779466141732284
0
LINE
8
BLACK
6
CONTINUOUS
10
0.3508608267716535
20
-0.1779466141732284
11
0.3472477952755905
21
-0.1763019291338583
0
LINE
8
BLACK
6
CONTINUOUS
10
0.3472477952755905
20
-0.1763019291338583
11
0.3472474015748032
21
-0.1763019291338583
0
LINE
8
BLACK
6
CONTINUOUS
10
0.3472474015748032
20
-0.1763019291338583
11
0.3472470078740157
21
-0.1763015748031496
0
LINE
8
BLACK
6
CONTINUOUS
10
0.3472470078740157
20
-0.1763015748031496
11
0.3471203937007874
21
-0.176243937007874
0
LINE
8
BLACK
6
CONTINUOUS
10
0.3471203937007874
20
-0.176243937007874
11
0.3465136220472441
21
-0.175773031496063
0
LINE
8
BLACK
6
CONTINUOUS
10
0.3465136220472441
20
-0.175773031496063
11
0.3464348031496063
21
-0.1755366535433071
0
LINE
8
BLACK
6
CONTINUOUS
10
0.3464348031496063
20
-0.1755366535433071
11
0.3438520472440945
21
-0.1731042913385827
0
LINE
8
BLACK
6
CONTINUOUS
10
0.3438520472440945
20
-0.1731042913385827
11
0.343961062992126
21
-0.1965679921259842
0
LINE
8
BLACK
6
CONTINUOUS
10
0.343961062992126
20
-0.1965679921259842
11
0.3510003543307086
21
-0.1965117716535433
0
LINE
8
BLACK
6
CONTINUOUS
10
0.3510003543307086
20
-0.1965117716535433
11
0.3517536614173228
21
-0.1966616141732283
0
LINE
8
BLACK
6
CONTINUOUS
10
0.3517536614173228
20
-0.1966616141732283
11
0.3528190157480315
21
-0.197726968503937
0
LINE
8
BLACK
6
CONTINUOUS
10
0.3528190157480315
20
-0.197726968503937
11
0.3528190157480315
21
-0.1992335826771653
0
LINE
8
BLACK
6
CONTINUOUS
10
0.3528190157480315
20
-0.1992335826771653
11
0.3517536614173228
21
-0.200298937007874
0
LINE
8
BLACK
6
CONTINUOUS
10
0.3517536614173228
20
-0.200298937007874
11
0.3330025984251969
21
-0.200448779527559
0
LINE
8
BLACK
6
CONTINUOUS
10
0.3330025984251969
20
-0.200448779527559
11
0.3322492913385827
21
-0.200298937007874
0
LINE
8
BLACK
6
CONTINUOUS
10
0.3322492913385827
20
-0.200298937007874
11
0.331183937007874
21
-0.1992335826771653
0
LINE
8
BLACK
6
CONTINUOUS
10
0.331183937007874
20
-0.1992335826771653
11
0.331183937007874
21
-0.197726968503937
0
LINE
8
BLACK
6
CONTINUOUS
10
0.331183937007874
20
-0.197726968503937
11
0.3322492913385827
21
-0.1966616141732283
0
LINE
8
BLACK
6
CONTINUOUS
10
0.3322492913385827
20
-0.1966616141732283
11
0.3401705118110236
21
-0.1965983070866142
0
LINE
8
BLACK
6
CONTINUOUS
10
0.3401705118110236
20
-0.1965983070866142
11
0.3400329527559055
21
-0.1669842125984252
0
LINE
8
BLACK
6
CONTINUOUS
10
0.3400329527559055
20
-0.1669842125984252
11
0.3401827952755905
21
-0.166230905511811
0
LINE
8
BLACK
6
CONTINUOUS
10
0.3401827952755905
20
-0.166230905511811
11
0.3403261023622047
21
-0.1660875590551181
0
LINE
8
BLACK
6
CONTINUOUS
10
0.3403261023622047
20
-0.1660875590551181
11
0.3403658661417323
21
-0.1658888582677165
0
LINE
8
BLACK
6
CONTINUOUS
10
0.3403658661417323
20
-0.1658888582677165
11
0.3408427952755905
21
-0.1655708661417323
0
LINE
8
BLACK
6
CONTINUOUS
10
0.3408427952755905
20
-0.1655708661417323
11
0.3412481496062992
21
-0.1651655511811023
0
LINE
8
BLACK
6
CONTINUOUS
10
0.3412481496062992
20
-0.1651655511811023
11
0.3414508267716536
21
-0.1651655511811023
0
LINE
8
BLACK
6
CONTINUOUS
10
0.3414508267716536
20
-0.1651655511811023
11
0.3416194094488189
21
-0.1650531496062992
0
LINE
8
BLACK
6
CONTINUOUS
10
0.3416194094488189
20
-0.1650531496062992
11
0.3421814173228346
21
-0.1651655511811023
0
LINE
8
BLACK
6
CONTINUOUS
10
0.3663173228346457
20
-0.166230905511811
11
0.3664671653543307
21
-0.1894813779527559
0
LINE
8
BLACK
6
CONTINUOUS
10
0.3664671653543307
20
-0.1894813779527559
11
0.366462874015748
21
-0.1895027559055118
0
LINE
8
BLACK
6
CONTINUOUS
10
0.366462874015748
20
-0.1895027559055118
11
0.3677846062992126
21
-0.193134842519685
0
LINE
8
BLACK
6
CONTINUOUS
10
0.3677846062992126
20
-0.193134842519685
11
0.3702223228346457
21
-0.1954305511811024
0
LINE
8
BLACK
6
CONTINUOUS
10
0.3702223228346457
20
-0.1954305511811024
11
0.3741021653543307
21
-0.1966073622047244
0
LINE
8
BLACK
6
CONTINUOUS
10
0.3741021653543307
20
-0.1966073622047244
11
0.3764971653543307
21
-0.1965117716535433
0
LINE
8
BLACK
6
CONTINUOUS
10
0.3764971653543307
20
-0.1965117716535433
11
0.3772504724409449
21
-0.1966616141732283
0
LINE
8
BLACK
6
CONTINUOUS
10
0.3772504724409449
20
-0.1966616141732283
11
0.3783158267716535
21
-0.197726968503937
0
LINE
8
BLACK
6
CONTINUOUS
10
0.3783158267716535
20
-0.197726968503937
11
0.3783158267716535
21
-0.1992335826771653
0
LINE
8
BLACK
6
CONTINUOUS
10
0.3783158267716535
20
-0.1992335826771653
11
0.3772504724409449
21
-0.200298937007874
0
LINE
8
BLACK
6
CONTINUOUS
10
0.3772504724409449
20
-0.200298937007874
11
0.3736383464566929
21
-0.2004431496062992
0
LINE
8
BLACK
6
CONTINUOUS
10
0.3736383464566929
20
-0.2004431496062992
11
0.3736370472440945
21
-0.2004438188976378
0
LINE
8
BLACK
6
CONTINUOUS
10
0.3736370472440945
20
-0.2004438188976378
11
0.3736352362204725
21
-0.2004432677165354
0
LINE
8
BLACK
6
CONTINUOUS
10
0.3736352362204725
20
-0.2004432677165354
11
0.3734975196850394
21
-0.200448779527559
0
LINE
8
BLACK
6
CONTINUOUS
10
0.3734975196850394
20
-0.200448779527559
11
0.3727442125984252
21
-0.200298937007874
0
LINE
8
BLACK
6
CONTINUOUS
10
0.3727442125984252
20
-0.200298937007874
11
0.3725634251968504
21
-0.2001181496062992
0
LINE
8
BLACK
6
CONTINUOUS
10
0.3725634251968504
20
-0.2001181496062992
11
0.3683756299212598
21
-0.1988479527559055
0
LINE
8
BLACK
6
CONTINUOUS
10
0.3683756299212598
20
-0.1988479527559055
11
0.36829
21
-0.1987991338582677
0
LINE
8
BLACK
6
CONTINUOUS
10
0.36829
20
-0.1987991338582677
11
0.3682447637795275
21
-0.1987991338582677
0
LINE
8
BLACK
6
CONTINUOUS
10
0.3682447637795275
20
-0.1987991338582677
11
0.3681753937007874
21
-0.1987338188976378
0
LINE
8
BLACK
6
CONTINUOUS
10
0.3681753937007874
20
-0.1987338188976378
11
0.3677083464566929
21
-0.1984675984251968
0
LINE
8
BLACK
6
CONTINUOUS
10
0.3677083464566929
20
-0.1984675984251968
11
0.3675442519685039
21
-0.1981394094488189
0
LINE
8
BLACK
6
CONTINUOUS
10
0.3675442519685039
20
-0.1981394094488189
11
0.3646065354330709
21
-0.1953727559055118
0
LINE
8
BLACK
6
CONTINUOUS
10
0.3646065354330709
20
-0.1953727559055118
11
0.3645517716535433
21
-0.1952907874015748
0
LINE
8
BLACK
6
CONTINUOUS
10
0.3645517716535433
20
-0.1952907874015748
11
0.3645113385826771
21
-0.1952705905511811
0
LINE
8
BLACK
6
CONTINUOUS
10
0.3645113385826771
20
-0.1952705905511811
11
0.3644791338582677
21
-0.1951820866141732
0
LINE
8
BLACK
6
CONTINUOUS
10
0.3644791338582677
20
-0.1951820866141732
11
0.3641798031496063
21
-0.1947341338582677
0
LINE
8
BLACK
6
CONTINUOUS
10
0.3641798031496063
20
-0.1947341338582677
11
0.3641798031496063
21
-0.1943594881889764
0
LINE
8
BLACK
6
CONTINUOUS
10
0.3641798031496063
20
-0.1943594881889764
11
0.3626311811023622
21
-0.1901038582677165
0
LINE
8
BLACK
6
CONTINUOUS
10
0.3626311811023622
20
-0.1901038582677165
11
0.3625351181102362
21
-0.1893418503937008
0
LINE
8
BLACK
6
CONTINUOUS
10
0.3625351181102362
20
-0.1893418503937008
11
0.3626724409448819
21
-0.189067125984252
0
LINE
8
BLACK
6
CONTINUOUS
10
0.3626724409448819
20
-0.189067125984252
11
0.362530157480315
21
-0.1669842125984252
0
LINE
8
BLACK
6
CONTINUOUS
10
0.362530157480315
20
-0.1669842125984252
11
0.36268
21
-0.166230905511811
0
LINE
8
BLACK
6
CONTINUOUS
10
0.36268
20
-0.166230905511811
11
0.3637453543307086
21
-0.1651655511811023
0
LINE
8
BLACK
6
CONTINUOUS
10
0.3637453543307086
20
-0.1651655511811023
11
0.365251968503937
21
-0.1651655511811023
0
LINE
8
BLACK
6
CONTINUOUS
10
0.365251968503937
20
-0.1651655511811023
11
0.3663173228346457
21
-0.166230905511811
0
LINE
8
BLACK
6
CONTINUOUS
10
-0.728172716535433
20
-0.1532395275590551
11
-0.7280228740157481
21
-0.1577423622047244
0
LINE
8
BLACK
6
CONTINUOUS
10
-0.7280228740157481
20
-0.1577423622047244
11
-0.728172716535433
21
-0.1584956692913386
0
LINE
8
BLACK
6
CONTINUOUS
10
-0.728172716535433
20
-0.1584956692913386
11
-0.7283616929133858
21
-0.1586846062992126
0
LINE
8
BLACK
6
CONTINUOUS
10
-0.7283616929133858
20
-0.1586846062992126
11
-0.7299986614173228
21
-0.1639891338582677
0
LINE
8
BLACK
6
CONTINUOUS
10
-0.7299986614173228
20
-0.1639891338582677
11
-0.7300474803149606
21
-0.1640747637795276
0
LINE
8
BLACK
6
CONTINUOUS
10
-0.7300474803149606
20
-0.1640747637795276
11
-0.7300474803149606
21
-0.1641199606299213
0
LINE
8
BLACK
6
CONTINUOUS
10
-0.7300474803149606
20
-0.1641199606299213
11
-0.7301116929133858
21
-0.1641874015748031
0
LINE
8
BLACK
6
CONTINUOUS
10
-0.7301116929133858
20
-0.1641874015748031
11
-0.7303790157480314
21
-0.1646564173228346
0
LINE
8
BLACK
6
CONTINUOUS
10
-0.7303790157480314
20
-0.1646564173228346
11
-0.7307205511811024
21
-0.1648271653543307
0
LINE
8
BLACK
6
CONTINUOUS
10
-0.7307205511811024
20
-0.1648271653543307
11
-0.734223779527559
21
-0.1685081496062992
0
LINE
8
BLACK
6
CONTINUOUS
10
-0.734223779527559
20
-0.1685081496062992
11
-0.7343058267716536
21
-0.1685629527559055
0
LINE
8
BLACK
6
CONTINUOUS
10
-0.7343058267716536
20
-0.1685629527559055
11
-0.7343259842519685
21
-0.1686033070866142
0
LINE
8
BLACK
6
CONTINUOUS
10
-0.7343259842519685
20
-0.1686033070866142
11
-0.7344127559055118
21
-0.1686343700787402
0
LINE
8
BLACK
6
CONTINUOUS
10
-0.7344127559055118
20
-0.1686343700787402
11
-0.7348624015748031
21
-0.168934842519685
0
LINE
8
BLACK
6
CONTINUOUS
10
-0.7348624015748031
20
-0.168934842519685
11
-0.7352509448818898
21
-0.168934842519685
0
LINE
8
BLACK
6
CONTINUOUS
10
-0.7352509448818898
20
-0.168934842519685
11
-0.7406175196850393
21
-0.1708584251968504
0
LINE
8
BLACK
6
CONTINUOUS
10
-0.7406175196850393
20
-0.1708584251968504
11
-0.7413795275590551
21
-0.1709544881889764
0
LINE
8
BLACK
6
CONTINUOUS
10
-0.7413795275590551
20
-0.1709544881889764
11
-0.7416571653543307
21
-0.1708156692913386
0
LINE
8
BLACK
6
CONTINUOUS
10
-0.7416571653543307
20
-0.1708156692913386
11
-0.7693614566929133
21
-0.1709594488188976
0
LINE
8
BLACK
6
CONTINUOUS
10
-0.7693614566929133
20
-0.1709594488188976
11
-0.7701147637795276
21
-0.1708096062992126
0
LINE
8
BLACK
6
CONTINUOUS
10
-0.7701147637795276
20
-0.1708096062992126
11
-0.7711801181102362
21
-0.1697442519685039
0
LINE
8
BLACK
6
CONTINUOUS
10
-0.7711801181102362
20
-0.1697442519685039
11
-0.7711801181102362
21
-0.1682376377952756
0
LINE
8
BLACK
6
CONTINUOUS
10
-0.7711801181102362
20
-0.1682376377952756
11
-0.7701147637795276
21
-0.1671722834645669
0
LINE
8
BLACK
6
CONTINUOUS
10
-0.7701147637795276
20
-0.1671722834645669
11
-0.74124
21
-0.1670224409448819
0
LINE
8
BLACK
6
CONTINUOUS
10
-0.74124
20
-0.1670224409448819
11
-0.7412057874015748
21
-0.1670292125984252
0
LINE
8
BLACK
6
CONTINUOUS
10
-0.7412057874015748
20
-0.1670292125984252
11
-0.7364443700787402
21
-0.1653225590551181
0
LINE
8
BLACK
6
CONTINUOUS
10
-0.7364443700787402
20
-0.1653225590551181
11
-0.7334045669291338
21
-0.1621285826771653
0
LINE
8
BLACK
6
CONTINUOUS
10
-0.7334045669291338
20
-0.1621285826771653
11
-0.7318588582677166
21
-0.1571198818897638
0
LINE
8
BLACK
6
CONTINUOUS
10
-0.7318588582677166
20
-0.1571198818897638
11
-0.7318560236220473
21
-0.157114842519685
0
LINE
8
BLACK
6
CONTINUOUS
10
-0.7318560236220473
20
-0.157114842519685
11
-0.7319598818897638
21
-0.1539928346456693
0
LINE
8
BLACK
6
CONTINUOUS
10
-0.7319598818897638
20
-0.1539928346456693
11
-0.7318100393700787
21
-0.1532395275590551
0
LINE
8
BLACK
6
CONTINUOUS
10
-0.7318100393700787
20
-0.1532395275590551
11
-0.7307446850393701
21
-0.1521741732283464
0
LINE
8
BLACK
6
CONTINUOUS
10
-0.7307446850393701
20
-0.1521741732283464
11
-0.7292380708661417
21
-0.1521741732283464
0
LINE
8
BLACK
6
CONTINUOUS
10
-0.7292380708661417
20
-0.1521741732283464
11
-0.728172716535433
21
-0.1532395275590551
0
LINE
8
BLACK
6
CONTINUOUS
10
-0.5183801968503937
20
-0.1290142913385827
11
-0.5178068897637795
21
-0.1290142913385827
0
LINE
8
BLACK
6
CONTINUOUS
10
-0.5178068897637795
20
-0.1290142913385827
11
-0.5176635826771654
21
-0.1291575984251968
0
LINE
8
BLACK
6
CONTINUOUS
10
-0.5176635826771654
20
-0.1291575984251968
11
-0.5174648425196851
21
-0.1291973622047244
0
LINE
8
BLACK
6
CONTINUOUS
10
-0.5174648425196851
20
-0.1291973622047244
11
-0.5170960236220472
21
-0.129725157480315
0
LINE
8
BLACK
6
CONTINUOUS
10
-0.5170960236220472
20
-0.129725157480315
11
-0.5167415354330709
21
-0.1300796456692913
0
LINE
8
BLACK
6
CONTINUOUS
10
-0.5167415354330709
20
-0.1300796456692913
11
-0.5167409055118111
21
-0.1302333464566929
0
LINE
8
BLACK
6
CONTINUOUS
10
-0.5167409055118111
20
-0.1302333464566929
11
-0.5135477559055118
21
-0.134802874015748
0
LINE
8
BLACK
6
CONTINUOUS
10
-0.5135477559055118
20
-0.134802874015748
11
-0.5134724015748031
21
-0.1349853937007874
0
LINE
8
BLACK
6
CONTINUOUS
10
-0.5134724015748031
20
-0.1349853937007874
11
-0.510419094488189
21
-0.1378774409448819
0
LINE
8
BLACK
6
CONTINUOUS
10
-0.510419094488189
20
-0.1378774409448819
11
-0.5104156299212599
21
-0.1378825984251968
0
LINE
8
BLACK
6
CONTINUOUS
10
-0.5104156299212599
20
-0.1378825984251968
11
-0.5075561023622047
21
-0.1391960236220472
0
LINE
8
BLACK
6
CONTINUOUS
10
-0.5075561023622047
20
-0.1391960236220472
11
-0.5069493307086614
21
-0.1396669291338583
0
LINE
8
BLACK
6
CONTINUOUS
10
-0.5069493307086614
20
-0.1396669291338583
11
-0.5064729133858268
21
-0.1410962598425197
0
LINE
8
BLACK
6
CONTINUOUS
10
-0.5064729133858268
20
-0.1410962598425197
11
-0.5071466929133858
21
-0.1424438188976378
0
LINE
8
BLACK
6
CONTINUOUS
10
-0.5071466929133858
20
-0.1424438188976378
11
-0.5085760236220472
21
-0.1429202362204724
0
LINE
8
BLACK
6
CONTINUOUS
10
-0.5085760236220472
20
-0.1429202362204724
11
-0.5126913779527559
21
-0.1410300393700787
0
LINE
8
BLACK
6
CONTINUOUS
10
-0.5126913779527559
20
-0.1410300393700787
11
-0.5132981496062992
21
-0.1405591338582677
0
LINE
8
BLACK
6
CONTINUOUS
10
-0.5132981496062992
20
-0.1405591338582677
11
-0.513379094488189
21
-0.1403162992125984
0
LINE
8
BLACK
6
CONTINUOUS
10
-0.513379094488189
20
-0.1403162992125984
11
-0.5165775590551182
21
-0.1372867716535433
0
LINE
8
BLACK
6
CONTINUOUS
10
-0.5165775590551182
20
-0.1372867716535433
11
-0.5167125590551181
21
-0.1370847637795276
0
LINE
8
BLACK
6
CONTINUOUS
10
-0.5167125590551181
20
-0.1370847637795276
11
-0.5165996062992125
21
-0.1643557480314961
0
LINE
8
BLACK
6
CONTINUOUS
10
-0.5165996062992125
20
-0.1643557480314961
11
-0.5084364566929134
21
-0.1642975196850394
0
LINE
8
BLACK
6
CONTINUOUS
10
-0.5084364566929134
20
-0.1642975196850394
11
-0.5076831496062992
21
-0.1644473622047244
0
LINE
8
BLACK
6
CONTINUOUS
10
-0.5076831496062992
20
-0.1644473622047244
11
-0.5066177952755906
21
-0.1655127165354331
0
LINE
8
BLACK
6
CONTINUOUS
10
-0.5066177952755906
20
-0.1655127165354331
11
-0.5066177952755906
21
-0.1670193307086614
0
LINE
8
BLACK
6
CONTINUOUS
10
-0.5066177952755906
20
-0.1670193307086614
11
-0.5076831496062992
21
-0.1680846850393701
0
LINE
8
BLACK
6
CONTINUOUS
10
-0.5076831496062992
20
-0.1680846850393701
11
-0.528683937007874
21
-0.1682345275590551
0
LINE
8
BLACK
6
CONTINUOUS
10
-0.528683937007874
20
-0.1682345275590551
11
-0.5294372440944882
21
-0.1680846850393701
0
LINE
8
BLACK
6
CONTINUOUS
10
-0.5294372440944882
20
-0.1680846850393701
11
-0.5305025984251969
21
-0.1670193307086614
0
LINE
8
BLACK
6
CONTINUOUS
10
-0.5305025984251969
20
-0.1670193307086614
11
-0.5305025984251969
21
-0.1655127165354331
0
LINE
8
BLACK
6
CONTINUOUS
10
-0.5305025984251969
20
-0.1655127165354331
11
-0.5294372440944882
21
-0.1644473622047244
0
LINE
8
BLACK
6
CONTINUOUS
10
-0.5294372440944882
20
-0.1644473622047244
11
-0.5203898031496063
21
-0.1643827952755905
0
LINE
8
BLACK
6
CONTINUOUS
10
-0.5203898031496063
20
-0.1643827952755905
11
-0.5205287007874015
21
-0.1308329527559055
0
LINE
8
BLACK
6
CONTINUOUS
10
-0.5205287007874015
20
-0.1308329527559055
11
-0.5203788582677166
21
-0.1300796456692913
0
LINE
8
BLACK
6
CONTINUOUS
10
-0.5203788582677166
20
-0.1300796456692913
11
-0.5202355511811023
21
-0.1299362992125984
0
LINE
8
BLACK
6
CONTINUOUS
10
-0.5202355511811023
20
-0.1299362992125984
11
-0.5201957874015748
21
-0.1297375984251969
0
LINE
8
BLACK
6
CONTINUOUS
10
-0.5201957874015748
20
-0.1297375984251969
11
-0.5197188976377952
21
-0.1294196456692913
0
LINE
8
BLACK
6
CONTINUOUS
10
-0.5197188976377952
20
-0.1294196456692913
11
-0.5193135039370078
21
-0.1290142913385827
0
LINE
8
BLACK
6
CONTINUOUS
10
-0.5193135039370078
20
-0.1290142913385827
11
-0.5191108267716535
21
-0.1290142913385827
0
LINE
8
BLACK
6
CONTINUOUS
10
-0.5191108267716535
20
-0.1290142913385827
11
-0.5189422047244094
21
-0.1289018897637795
0
LINE
8
BLACK
6
CONTINUOUS
10
-0.5189422047244094
20
-0.1289018897637795
11
-0.5183801968503937
21
-0.1290142913385827
0
LINE
8
BLACK
6
CONTINUOUS
10
-0.4914322047244095
20
-0.1300796456692913
11
-0.4912835826771653
21
-0.1592796062992126
0
LINE
8
BLACK
6
CONTINUOUS
10
-0.4912835826771653
20
-0.1592796062992126
11
-0.4898272440944882
21
-0.1619662204724409
0
LINE
8
BLACK
6
CONTINUOUS
10
-0.4898272440944882
20
-0.1619662204724409
11
-0.4884843307086614
21
-0.163186811023622
0
LINE
8
BLACK
6
CONTINUOUS
10
-0.4884843307086614
20
-0.163186811023622
11
-0.4884808661417323
21
-0.1631920078740157
0
LINE
8
BLACK
6
CONTINUOUS
10
-0.4884808661417323
20
-0.1631920078740157
11
-0.4858104724409449
21
-0.1644185039370079
0
LINE
8
BLACK
6
CONTINUOUS
10
-0.4858104724409449
20
-0.1644185039370079
11
-0.4799965354330709
21
-0.1643023622047244
0
LINE
8
BLACK
6
CONTINUOUS
10
-0.4799965354330709
20
-0.1643023622047244
11
-0.4773031496062992
21
-0.1628423622047244
0
LINE
8
BLACK
6
CONTINUOUS
10
-0.4773031496062992
20
-0.1628423622047244
11
-0.4760826377952756
21
-0.1614994881889764
0
LINE
8
BLACK
6
CONTINUOUS
10
-0.4760826377952756
20
-0.1614994881889764
11
-0.4760774409448819
21
-0.1614959842519685
0
LINE
8
BLACK
6
CONTINUOUS
10
-0.4760774409448819
20
-0.1614959842519685
11
-0.4748296456692913
21
-0.1587792519685039
0
LINE
8
BLACK
6
CONTINUOUS
10
-0.4748296456692913
20
-0.1587792519685039
11
-0.4749718897637795
21
-0.1308329527559055
0
LINE
8
BLACK
6
CONTINUOUS
10
-0.4749718897637795
20
-0.1308329527559055
11
-0.4748220472440945
21
-0.1300796456692913
0
LINE
8
BLACK
6
CONTINUOUS
10
-0.4748220472440945
20
-0.1300796456692913
11
-0.4737566929133858
21
-0.1290142913385827
0
LINE
8
BLACK
6
CONTINUOUS
10
-0.4737566929133858
20
-0.1290142913385827
11
-0.4722500787401575
21
-0.1290142913385827
0
LINE
8
BLACK
6
CONTINUOUS
10
-0.4722500787401575
20
-0.1290142913385827
11
-0.4711847244094488
21
-0.1300796456692913
0
LINE
8
BLACK
6
CONTINUOUS
10
-0.4711847244094488
20
-0.1300796456692913
11
-0.4710348818897638
21
-0.1595168503937008
0
LINE
8
BLACK
6
CONTINUOUS
10
-0.4710348818897638
20
-0.1595168503937008
11
-0.4710541338582677
21
-0.1596135433070866
0
LINE
8
BLACK
6
CONTINUOUS
10
-0.4710541338582677
20
-0.1596135433070866
11
-0.471039842519685
21
-0.1596564173228346
0
LINE
8
BLACK
6
CONTINUOUS
10
-0.471039842519685
20
-0.1596564173228346
11
-0.4710800787401574
21
-0.1597439763779528
0
LINE
8
BLACK
6
CONTINUOUS
10
-0.4710800787401574
20
-0.1597439763779528
11
-0.4711847244094488
21
-0.160270157480315
0
LINE
8
BLACK
6
CONTINUOUS
10
-0.4711847244094488
20
-0.160270157480315
11
-0.4714381102362205
21
-0.1605235039370079
0
LINE
8
BLACK
6
CONTINUOUS
10
-0.4714381102362205
20
-0.1605235039370079
11
-0.47293
21
-0.1637717716535433
0
LINE
8
BLACK
6
CONTINUOUS
10
-0.47293
20
-0.1637717716535433
11
-0.473400905511811
21
-0.1643785433070866
0
LINE
8
BLACK
6
CONTINUOUS
10
-0.473400905511811
20
-0.1643785433070866
11
-0.4735989763779527
21
-0.1644445275590551
0
LINE
8
BLACK
6
CONTINUOUS
10
-0.4735989763779527
20
-0.1644445275590551
11
-0.4748895669291339
21
-0.1658645669291338
0
LINE
8
BLACK
6
CONTINUOUS
10
-0.4748895669291339
20
-0.1658645669291338
11
-0.4748908661417323
21
-0.1658685039370079
0
LINE
8
BLACK
6
CONTINUOUS
10
-0.4748908661417323
20
-0.1658685039370079
11
-0.4748953543307087
21
-0.165870905511811
0
LINE
8
BLACK
6
CONTINUOUS
10
-0.4748953543307087
20
-0.165870905511811
11
-0.4749859842519685
21
-0.1659706692913386
0
LINE
8
BLACK
6
CONTINUOUS
10
-0.4749859842519685
20
-0.1659706692913386
11
-0.4756246062992126
21
-0.1663974015748031
0
LINE
8
BLACK
6
CONTINUOUS
10
-0.4756246062992126
20
-0.1663974015748031
11
-0.4758665748031496
21
-0.1663974015748031
0
LINE
8
BLACK
6
CONTINUOUS
10
-0.4758665748031496
20
-0.1663974015748031
11
-0.4788722440944882
21
-0.1680266929133858
0
LINE
8
BLACK
6
CONTINUOUS
10
-0.4788722440944882
20
-0.1680266929133858
11
-0.4789673228346457
21
-0.1680527165354331
0
LINE
8
BLACK
6
CONTINUOUS
10
-0.4789673228346457
20
-0.1680527165354331
11
-0.4789992519685039
21
-0.1680846850393701
0
LINE
8
BLACK
6
CONTINUOUS
10
-0.4789992519685039
20
-0.1680846850393701
11
-0.4790906692913386
21
-0.1680864960629921
0
LINE
8
BLACK
6
CONTINUOUS
10
-0.4790906692913386
20
-0.1680864960629921
11
-0.479613031496063
21
-0.1682295669291339
0
LINE
8
BLACK
6
CONTINUOUS
10
-0.479613031496063
20
-0.1682295669291339
11
-0.4799884251968504
21
-0.1681044094488189
0
LINE
8
BLACK
6
CONTINUOUS
10
-0.4799884251968504
20
-0.1681044094488189
11
-0.4865016929133858
21
-0.1682345275590551
0
LINE
8
BLACK
6
CONTINUOUS
10
-0.4865016929133858
20
-0.1682345275590551
11
-0.4865984251968504
21
-0.1682152755905512
0
LINE
8
BLACK
6
CONTINUOUS
10
-0.4865984251968504
20
-0.1682152755905512
11
-0.486641220472441
21
-0.1682295669291339
0
LINE
8
BLACK
6
CONTINUOUS
10
-0.486641220472441
20
-0.1682295669291339
11
-0.4867287795275591
21
-0.1681893307086614
0
LINE
8
BLACK
6
CONTINUOUS
10
-0.4867287795275591
20
-0.1681893307086614
11
-0.487255
21
-0.1680846850393701
0
LINE
8
BLACK
6
CONTINUOUS
10
-0.487255
20
-0.1680846850393701
11
-0.4875084251968504
21
-0.1678312598425197
0
LINE
8
BLACK
6
CONTINUOUS
10
-0.4875084251968504
20
-0.1678312598425197
11
-0.4907566141732284
21
-0.1663394094488189
0
LINE
8
BLACK
6
CONTINUOUS
10
-0.4907566141732284
20
-0.1663394094488189
11
-0.4913633858267716
21
-0.1658685039370079
0
LINE
8
BLACK
6
CONTINUOUS
10
-0.4913633858267716
20
-0.1658685039370079
11
-0.4914294094488189
21
-0.1656704724409449
0
LINE
8
BLACK
6
CONTINUOUS
10
-0.4914294094488189
20
-0.1656704724409449
11
-0.4928494488188976
21
-0.1643798031496063
0
LINE
8
BLACK
6
CONTINUOUS
10
-0.4928494488188976
20
-0.1643798031496063
11
-0.4928533464566929
21
-0.1643785039370079
0
LINE
8
BLACK
6
CONTINUOUS
10
-0.4928533464566929
20
-0.1643785039370079
11
-0.4928557874015748
21
-0.1643740157480315
0
LINE
8
BLACK
6
CONTINUOUS
10
-0.4928557874015748
20
-0.1643740157480315
11
-0.4929555511811023
21
-0.1642833464566929
0
LINE
8
BLACK
6
CONTINUOUS
10
-0.4929555511811023
20
-0.1642833464566929
11
-0.4933822440944882
21
-0.1636447244094488
0
LINE
8
BLACK
6
CONTINUOUS
10
-0.4933822440944882
20
-0.1636447244094488
11
-0.4933822440944882
21
-0.1634027952755905
0
LINE
8
BLACK
6
CONTINUOUS
10
-0.4933822440944882
20
-0.1634027952755905
11
-0.4950115354330709
21
-0.1603972047244094
0
LINE
8
BLACK
6
CONTINUOUS
10
-0.4950115354330709
20
-0.1603972047244094
11
-0.4950375984251968
21
-0.1603020866141732
0
LINE
8
BLACK
6
CONTINUOUS
10
-0.4950375984251968
20
-0.1603020866141732
11
-0.4950695275590551
21
-0.160270157480315
0
LINE
8
BLACK
6
CONTINUOUS
10
-0.4950695275590551
20
-0.160270157480315
11
-0.49507
21
-0.1601838188976378
0
LINE
8
BLACK
6
CONTINUOUS
10
-0.49507
20
-0.1601838188976378
11
-0.4952144094488189
21
-0.1596564173228346
0
LINE
8
BLACK
6
CONTINUOUS
10
-0.4952144094488189
20
-0.1596564173228346
11
-0.4950748031496063
21
-0.1592374803149606
0
LINE
8
BLACK
6
CONTINUOUS
10
-0.4950748031496063
20
-0.1592374803149606
11
-0.4952193700787402
21
-0.1308329527559055
0
LINE
8
BLACK
6
CONTINUOUS
10
-0.4952193700787402
20
-0.1308329527559055
11
-0.4950695275590551
21
-0.1300796456692913
0
LINE
8
BLACK
6
CONTINUOUS
10
-0.4950695275590551
20
-0.1300796456692913
11
-0.4940041732283464
21
-0.1290142913385827
0
LINE
8
BLACK
6
CONTINUOUS
10
-0.4940041732283464
20
-0.1290142913385827
11
-0.4924975590551181
21
-0.1290142913385827
0
LINE
8
BLACK
6
CONTINUOUS
10
-0.4924975590551181
20
-0.1290142913385827
11
-0.4914322047244095
21
-0.1300796456692913
0
LINE
8
BLACK
6
CONTINUOUS
10
0.3873212992125984
20
0.1545446062992126
11
0.3885997244094488
21
0.1532661811023622
0
LINE
8
BLACK
6
CONTINUOUS
10
0.3885997244094488
20
0.1532661811023622
11
0.3886209448818898
21
0.1171453937007874
0
LINE
8
BLACK
6
CONTINUOUS
10
0.3886209448818898
20
0.1171453937007874
11
0.6226377952755905
21
0.1173228346456693
0
LINE
8
BLACK
6
CONTINUOUS
10
0.6226377952755905
20
0.1173228346456693
11
0.6235417716535433
21
0.117143031496063
0
LINE
8
BLACK
6
CONTINUOUS
10
0.6235417716535433
20
0.117143031496063
11
0.6248201968503937
21
0.1158646062992126
0
LINE
8
BLACK
6
CONTINUOUS
10
0.6248201968503937
20
0.1158646062992126
11
0.625
21
0.0850393700787402
0
LINE
8
BLACK
6
CONTINUOUS
10
0.625
20
0.0850393700787402
11
0.6248201968503937
21
0.0841353937007874
0
LINE
8
BLACK
6
CONTINUOUS
10
0.6248201968503937
20
0.0841353937007874
11
0.6235417716535433
21
0.082856968503937
0
LINE
8
BLACK
6
CONTINUOUS
10
0.6235417716535433
20
0.082856968503937
11
0.3886412204724409
21
0.0826788582677165
0
LINE
8
BLACK
6
CONTINUOUS
10
0.3886412204724409
20
0.0826788582677165
11
0.3886798031496063
21
0.0171454330708661
0
LINE
8
BLACK
6
CONTINUOUS
10
0.3886798031496063
20
0.0171454330708661
11
0.6226377952755905
21
0.0173228346456693
0
LINE
8
BLACK
6
CONTINUOUS
10
0.6226377952755905
20
0.0173228346456693
11
0.6235417716535433
21
0.017143031496063
0
LINE
8
BLACK
6
CONTINUOUS
10
0.6235417716535433
20
0.017143031496063
11
0.6248201968503937
21
0.0158646062992126
0
LINE
8
BLACK
6
CONTINUOUS
10
0.6248201968503937
20
0.0158646062992126
11
0.625
21
-0.0149606299212598
0
LINE
8
BLACK
6
CONTINUOUS
10
0.625
20
-0.0149606299212598
11
0.6248201968503937
21
-0.0158646062992126
0
LINE
8
BLACK
6
CONTINUOUS
10
0.6248201968503937
20
-0.0158646062992126
11
0.6235417716535433
21
-0.017143031496063
0
LINE
8
BLACK
6
CONTINUOUS
10
0.6235417716535433
20
-0.017143031496063
11
0.3887000787401575
21
-0.0173211023622047
0
LINE
8
BLACK
6
CONTINUOUS
10
0.3887000787401575
20
-0.0173211023622047
11
0.3887386220472441
21
-0.0828544881889764
0
LINE
8
BLACK
6
CONTINUOUS
10
0.3887386220472441
20
-0.0828544881889764
11
0.6226377952755905
21
-0.0826771653543307
0
LINE
8
BLACK
6
CONTINUOUS
10
0.6226377952755905
20
-0.0826771653543307
11
0.6235417716535433
21
-0.082856968503937
0
LINE
8
BLACK
6
CONTINUOUS
10
0.6235417716535433
20
-0.082856968503937
11
0.6248201968503937
21
-0.0841353937007874
0
LINE
8
BLACK
6
CONTINUOUS
10
0.6248201968503937
20
-0.0841353937007874
11
0.625
21
-0.1149606299212598
0
LINE
8
BLACK
6
CONTINUOUS
10
0.625
20
-0.1149606299212598
11
0.6248201968503937
21
-0.1158646062992126
0
LINE
8
BLACK
6
CONTINUOUS
10
0.6248201968503937
20
-0.1158646062992126
11
0.6235417716535433
21
-0.117143031496063
0
LINE
8
BLACK
6
CONTINUOUS
10
0.6235417716535433
20
-0.117143031496063
11
0.3887588976377953
21
-0.1173210236220472
0
LINE
8
BLACK
6
CONTINUOUS
10
0.3887588976377953
20
-0.1173210236220472
11
0.3887795275590551
21
-0.1523622047244095
0
LINE
8
BLACK
6
CONTINUOUS
10
0.3887795275590551
20
-0.1523622047244095
11
0.3885997244094488
21
-0.1532661811023622
0
LINE
8
BLACK
6
CONTINUOUS
10
0.3885997244094488
20
-0.1532661811023622
11
0.3873212992125984
21
-0.1545446062992126
0
LINE
8
BLACK
6
CONTINUOUS
10
0.3873212992125984
20
-0.1545446062992126
11
0.2816929133858267
21
-0.1547244094488189
0
LINE
8
BLACK
6
CONTINUOUS
10
0.2816929133858267
20
-0.1547244094488189
11
0.280788937007874
21
-0.1545446062992126
0
LINE
8
BLACK
6
CONTINUOUS
10
0.280788937007874
20
-0.1545446062992126
11
0.2795105118110236
21
-0.1532661811023622
0
LINE
8
BLACK
6
CONTINUOUS
10
0.2795105118110236
20
-0.1532661811023622
11
0.2795105118110236
21
-0.1532395275590551
0
LINE
8
BLACK
6
CONTINUOUS
10
0.2795105118110236
20
-0.1532395275590551
11
0.2794892519685039
21
-0.1171832283464567
0
LINE
8
BLACK
6
CONTINUOUS
10
0.2794892519685039
20
-0.1171832283464567
11
0.2687007874015748
21
-0.1173228346456693
0
LINE
8
BLACK
6
CONTINUOUS
10
0.2687007874015748
20
-0.1173228346456693
11
0.267796811023622
21
-0.117143031496063
0
LINE
8
BLACK
6
CONTINUOUS
10
0.267796811023622
20
-0.117143031496063
11
0.2665183858267716
21
-0.1158646062992126
0
LINE
8
BLACK
6
CONTINUOUS
10
0.2665183858267716
20
-0.1158646062992126
11
0.2665183858267716
21
-0.1140566535433071
0
LINE
8
BLACK
6
CONTINUOUS
10
0.2665183858267716
20
-0.1140566535433071
11
0.267796811023622
21
-0.1127782283464567
0
LINE
8
BLACK
6
CONTINUOUS
10
0.267796811023622
20
-0.1127782283464567
11
0.2794865748031496
21
-0.112626968503937
0
LINE
8
BLACK
6
CONTINUOUS
10
0.2794865748031496
20
-0.112626968503937
11
0.2794716535433071
21
-0.0872622047244094
0
LINE
8
BLACK
6
CONTINUOUS
10
0.2794716535433071
20
-0.0872622047244094
11
0.2687007874015748
21
-0.0874015748031496
0
LINE
8
BLACK
6
CONTINUOUS
10
0.2687007874015748
20
-0.0874015748031496
11
0.267796811023622
21
-0.0872217716535433
0
LINE
8
BLACK
6
CONTINUOUS
10
0.267796811023622
20
-0.0872217716535433
11
0.2665183858267716
21
-0.0859433464566929
0
LINE
8
BLACK
6
CONTINUOUS
10
0.2665183858267716
20
-0.0859433464566929
11
0.2665183858267716
21
-0.0841353937007874
0
LINE
8
BLACK
6
CONTINUOUS
10
0.2665183858267716
20
-0.0841353937007874
11
0.267796811023622
21
-0.082856968503937
0
LINE
8
BLACK
6
CONTINUOUS
10
0.267796811023622
20
-0.082856968503937
11
0.2794689763779528
21
-0.082705905511811
0
LINE
8
BLACK
6
CONTINUOUS
10
0.2794689763779528
20
-0.082705905511811
11
0.2794304330708661
21
-0.0171774409448819
0
LINE
8
BLACK
6
CONTINUOUS
10
0.2794304330708661
20
-0.0171774409448819
11
0.2660601968503937
21
-0.0173228346456693
0
LINE
8
BLACK
6
CONTINUOUS
10
0.2660601968503937
20
-0.0173228346456693
11
0.2651562204724409
21
-0.017143031496063
0
LINE
8
BLACK
6
CONTINUOUS
10
0.2651562204724409
20
-0.017143031496063
11
0.2638777952755905
21
-0.0158646062992126
0
LINE
8
BLACK
6
CONTINUOUS
10
0.2638777952755905
20
-0.0158646062992126
11
0.2638777952755905
21
-0.0140566535433071
0
LINE
8
BLACK
6
CONTINUOUS
10
0.2638777952755905
20
-0.0140566535433071
11
0.2651562204724409
21
-0.0127782283464567
0
LINE
8
BLACK
6
CONTINUOUS
10
0.2651562204724409
20
-0.0127782283464567
11
0.2794277559055118
21
-0.012623031496063
0
LINE
8
BLACK
6
CONTINUOUS
10
0.2794277559055118
20
-0.012623031496063
11
0.2794128346456693
21
0.0127436220472441
0
LINE
8
BLACK
6
CONTINUOUS
10
0.2794128346456693
20
0.0127436220472441
11
0.2660601968503937
21
0.0125984251968504
0
LINE
8
BLACK
6
CONTINUOUS
10
0.2660601968503937
20
0.0125984251968504
11
0.2651562204724409
21
0.0127782283464567
0
LINE
8
BLACK
6
CONTINUOUS
10
0.2651562204724409
20
0.0127782283464567
11
0.2638777952755905
21
0.0140566535433071
0
LINE
8
BLACK
6
CONTINUOUS
10
0.2638777952755905
20
0.0140566535433071
11
0.2638777952755905
21
0.0158646062992126
0
LINE
8
BLACK
6
CONTINUOUS
10
0.2638777952755905
20
0.0158646062992126
11
0.2651562204724409
21
0.017143031496063
0
LINE
8
BLACK
6
CONTINUOUS
10
0.2651562204724409
20
0.017143031496063
11
0.2794101574803149
21
0.017298031496063
0
LINE
8
BLACK
6
CONTINUOUS
10
0.2794101574803149
20
0.017298031496063
11
0.2793716141732284
21
0.0828219291338583
0
LINE
8
BLACK
6
CONTINUOUS
10
0.2793716141732284
20
0.0828219291338583
11
0.2660601968503937
21
0.0826771653543307
0
LINE
8
BLACK
6
CONTINUOUS
10
0.2660601968503937
20
0.0826771653543307
11
0.2651562204724409
21
0.082856968503937
0
LINE
8
BLACK
6
CONTINUOUS
10
0.2651562204724409
20
0.082856968503937
11
0.2638777952755905
21
0.0841353937007874
0
LINE
8
BLACK
6
CONTINUOUS
10
0.2638777952755905
20
0.0841353937007874
11
0.2638777952755905
21
0.0859433464566929
0
LINE
8
BLACK
6
CONTINUOUS
10
0.2638777952755905
20
0.0859433464566929
11
0.2651562204724409
21
0.0872217716535433
0
LINE
8
BLACK
6
CONTINUOUS
10
0.2651562204724409
20
0.0872217716535433
11
0.279368937007874
21
0.0873763385826772
0
LINE
8
BLACK
6
CONTINUOUS
10
0.279368937007874
20
0.0873763385826772
11
0.2793540157480315
21
0.1127429921259843
0
LINE
8
BLACK
6
CONTINUOUS
10
0.2793540157480315
20
0.1127429921259843
11
0.2660601968503937
21
0.1125984251968504
0
LINE
8
BLACK
6
CONTINUOUS
10
0.2660601968503937
20
0.1125984251968504
11
0.2651562204724409
21
0.1127782283464567
0
LINE
8
BLACK
6
CONTINUOUS
10
0.2651562204724409
20
0.1127782283464567
11
0.2638777952755905
21
0.1140566535433071
0
LINE
8
BLACK
6
CONTINUOUS
10
0.2638777952755905
20
0.1140566535433071
11
0.2638777952755905
21
0.1158646062992126
0
LINE
8
BLACK
6
CONTINUOUS
10
0.2638777952755905
20
0.1158646062992126
11
0.2651562204724409
21
0.117143031496063
0
LINE
8
BLACK
6
CONTINUOUS
10
0.2651562204724409
20
0.117143031496063
11
0.2793512992125984
21
0.1172974015748031
0
LINE
8
BLACK
6
CONTINUOUS
10
0.2793512992125984
20
0.1172974015748031
11
0.2793307086614173
21
0.1523622047244095
0
LINE
8
BLACK
6
CONTINUOUS
10
0.2793307086614173
20
0.1523622047244095
11
0.2795105118110236
21
0.1532661811023622
0
LINE
8
BLACK
6
CONTINUOUS
10
0.2795105118110236
20
0.1532661811023622
11
0.280788937007874
21
0.1545446062992126
0
LINE
8
BLACK
6
CONTINUOUS
10
0.280788937007874
20
0.1545446062992126
11
0.3864173228346456
21
0.1547244094488189
0
LINE
8
BLACK
6
CONTINUOUS
10
0.3864173228346456
20
0.1547244094488189
11
0.3873212992125984
21
0.1545446062992126
0
LINE
8
BLACK
6
CONTINUOUS
10
0.2839962598425197
20
-0.0523582677165354
11
0.2840538188976378
21
-0.1501742125984252
0
LINE
8
BLACK
6
CONTINUOUS
10
0.2840538188976378
20
-0.1501742125984252
11
0.3842329921259842
21
-0.1500037007874016
0
LINE
8
BLACK
6
CONTINUOUS
10
0.3842329921259842
20
-0.1500037007874016
11
0.3841754330708662
21
-0.0521877559055118
0
LINE
8
BLACK
6
CONTINUOUS
10
0.3841754330708662
20
-0.0521877559055118
11
0.2839962598425197
21
-0.0523582677165354
0
LINE
8
BLACK
6
CONTINUOUS
10
0.3887547244094488
20
-0.1102344094488189
11
0.388754842519685
21
-0.1104135433070866
0
LINE
8
BLACK
6
CONTINUOUS
10
0.388754842519685
20
-0.1104135433070866
11
0.6204225590551181
21
-0.110237874015748
0
LINE
8
BLACK
6
CONTINUOUS
10
0.6204225590551181
20
-0.110237874015748
11
0.6204214960629921
21
-0.110058779527559
0
LINE
8
BLACK
6
CONTINUOUS
10
0.6204214960629921
20
-0.110058779527559
11
0.3887547244094488
21
-0.1102344094488189
0
LINE
8
BLACK
6
CONTINUOUS
10
0.3887519291338583
20
-0.1055100393700787
11
0.3887520472440945
21
-0.1056891338582677
0
LINE
8
BLACK
6
CONTINUOUS
10
0.3887520472440945
20
-0.1056891338582677
11
0.620395
21
-0.1055135039370079
0
LINE
8
BLACK
6
CONTINUOUS
10
0.620395
20
-0.1055135039370079
11
0.620393937007874
21
-0.1053343700787401
0
LINE
8
BLACK
6
CONTINUOUS
10
0.620393937007874
20
-0.1053343700787401
11
0.3887519291338583
21
-0.1055100393700787
0
LINE
8
BLACK
6
CONTINUOUS
10
0.3887491732283465
20
-0.1007856299212598
11
0.3887492519685039
21
-0.1009647244094488
0
LINE
8
BLACK
6
CONTINUOUS
10
0.3887492519685039
20
-0.1009647244094488
11
0.6203674409448818
21
-0.100789094488189
0
LINE
8
BLACK
6
CONTINUOUS
10
0.6203674409448818
20
-0.100789094488189
11
0.6203663779527558
21
-0.10061
0
LINE
8
BLACK
6
CONTINUOUS
10
0.6203663779527558
20
-0.10061
11
0.3887491732283465
21
-0.1007856299212598
0
LINE
8
BLACK
6
CONTINUOUS
10
0.3887463779527559
20
-0.0960612204724409
11
0.3887464960629921
21
-0.0962403149606299
0
LINE
8
BLACK
6
CONTINUOUS
10
0.3887464960629921
20
-0.0962403149606299
11
0.6203398818897637
21
-0.0960647244094488
0
LINE
8
BLACK
6
CONTINUOUS
10
0.6203398818897637
20
-0.0960647244094488
11
0.6203388188976378
21
-0.0958855905511811
0
LINE
8
BLACK
6
CONTINUOUS
10
0.6203388188976378
20
-0.0958855905511811
11
0.3887463779527559
21
-0.0960612204724409
0
LINE
8
BLACK
6
CONTINUOUS
10
0.3887436220472441
20
-0.091336811023622
11
0.3887437007874016
21
-0.091515905511811
0
LINE
8
BLACK
6
CONTINUOUS
10
0.3887437007874016
20
-0.091515905511811
11
0.6203123228346457
21
-0.0913403149606299
0
LINE
8
BLACK
6
CONTINUOUS
10
0.6203123228346457
20
-0.0913403149606299
11
0.6203112992125984
21
-0.0911612204724409
0
LINE
8
BLACK
6
CONTINUOUS
10
0.6203112992125984
20
-0.0911612204724409
11
0.3887436220472441
21
-0.091336811023622
0
LINE
8
BLACK
6
CONTINUOUS
10
0.2839374409448819
20
0.0476416535433071
11
0.2839935826771653
21
-0.047812125984252
0
LINE
8
BLACK
6
CONTINUOUS
10
0.2839935826771653
20
-0.047812125984252
11
0.3841727559055118
21
-0.0476416141732283
0
LINE
8
BLACK
6
CONTINUOUS
10
0.3841727559055118
20
-0.0476416141732283
11
0.3841166141732283
21
0.0478121653543307
0
LINE
8
BLACK
6
CONTINUOUS
10
0.3841166141732283
20
0.0478121653543307
11
0.2839374409448819
21
0.0476416535433071
0
LINE
8
BLACK
6
CONTINUOUS
10
0.3886824409448819
20
0.012600157480315
11
0.3886974015748031
21
-0.0127757874015748
0
LINE
8
BLACK
6
CONTINUOUS
10
0.3886974015748031
20
-0.0127757874015748
11
0.6204363385826771
21
-0.0126000787401575
0
LINE
8
BLACK
6
CONTINUOUS
10
0.6204363385826771
20
-0.0126000787401575
11
0.6202883070866142
21
0.0127757874015748
0
LINE
8
BLACK
6
CONTINUOUS
10
0.6202883070866142
20
0.0127757874015748
11
0.3886824409448819
21
0.012600157480315
0
LINE
8
BLACK
6
CONTINUOUS
10
0.2838772047244094
20
0.1500037401574803
11
0.2839347637795275
21
0.0521877952755906
0
LINE
8
BLACK
6
CONTINUOUS
10
0.2839347637795275
20
0.0521877952755906
11
0.384113937007874
21
0.0523583070866142
0
LINE
8
BLACK
6
CONTINUOUS
10
0.384113937007874
20
0.0523583070866142
11
0.3840563779527559
21
0.1501742519685039
0
LINE
8
BLACK
6
CONTINUOUS
10
0.3840563779527559
20
0.1501742519685039
11
0.2838772047244094
21
0.1500037401574803
0
LINE
8
BLACK
6
CONTINUOUS
10
0.3886236220472441
20
0.1126001181102362
11
0.3886385433070866
21
0.0872241732283465
0
LINE
8
BLACK
6
CONTINUOUS
10
0.3886385433070866
20
0.0872241732283465
11
0.6204363385826771
21
0.0873999212598425
0
LINE
8
BLACK
6
CONTINUOUS
10
0.6204363385826771
20
0.0873999212598425
11
0.6202883070866142
21
0.1127757874015748
0
LINE
8
BLACK
6
CONTINUOUS
10
0.6202883070866142
20
0.1127757874015748
11
0.3886236220472441
21
0.1126001181102362
0
LINE
8
BLACK
6
CONTINUOUS
10
0.1771824015748031
20
-0.0990960236220472
11
0.1773544488188976
21
-0.147806062992126
0
LINE
8
BLACK
6
CONTINUOUS
10
0.1773544488188976
20
-0.147806062992126
11
0.225
21
-0.1476377952755905
0
LINE
8
BLACK
6
CONTINUOUS
10
0.225
20
-0.1476377952755905
11
0.2259039763779528
21
-0.1478175984251968
0
LINE
8
BLACK
6
CONTINUOUS
10
0.2259039763779528
20
-0.1478175984251968
11
0.2271824015748032
21
-0.1490960236220472
0
LINE
8
BLACK
6
CONTINUOUS
10
0.2271824015748032
20
-0.1490960236220472
11
0.2271824015748032
21
-0.1509039763779527
0
LINE
8
BLACK
6
CONTINUOUS
10
0.2271824015748032
20
-0.1509039763779527
11
0.2259039763779528
21
-0.1521824015748031
0
LINE
8
BLACK
6
CONTINUOUS
10
0.2259039763779528
20
-0.1521824015748031
11
0.175
21
-0.1523622047244095
0
LINE
8
BLACK
6
CONTINUOUS
10
0.175
20
-0.1523622047244095
11
0.1740960236220472
21
-0.1521824015748031
0
LINE
8
BLACK
6
CONTINUOUS
10
0.1740960236220472
20
-0.1521824015748031
11
0.1728175984251968
21
-0.1509039763779527
0
LINE
8
BLACK
6
CONTINUOUS
10
0.1728175984251968
20
-0.1509039763779527
11
0.1726377952755906
21
-0.1
0
LINE
8
BLACK
6
CONTINUOUS
10
0.1726377952755906
20
-0.1
11
0.1728175984251968
21
-0.0990960236220472
0
LINE
8
BLACK
6
CONTINUOUS
10
0.1728175984251968
20
-0.0990960236220472
11
0.1740960236220472
21
-0.0978175984251968
0
LINE
8
BLACK
6
CONTINUOUS
10
0.1740960236220472
20
-0.0978175984251968
11
0.1759039763779527
21
-0.0978175984251968
0
LINE
8
BLACK
6
CONTINUOUS
10
0.1759039763779527
20
-0.0978175984251968
11
0.1771824015748031
21
-0.0990960236220472
0
LINE
8
BLACK
6
CONTINUOUS
10
-0.4652507086614173
20
0.1844708267716536
11
-0.4641862992125984
21
0.1840299212598425
0
LINE
8
BLACK
6
CONTINUOUS
10
-0.4641862992125984
20
0.1840299212598425
11
-0.4633716535433071
21
0.1832152755905512
0
LINE
8
BLACK
6
CONTINUOUS
10
-0.4633716535433071
20
0.1832152755905512
11
-0.462930748031496
21
0.1821508661417323
0
LINE
8
BLACK
6
CONTINUOUS
10
-0.462930748031496
20
0.1821508661417323
11
-0.462930748031496
21
0.1809987401574803
0
LINE
8
BLACK
6
CONTINUOUS
10
-0.462930748031496
20
0.1809987401574803
11
-0.4633716535433071
21
0.1799343307086614
0
LINE
8
BLACK
6
CONTINUOUS
10
-0.4633716535433071
20
0.1799343307086614
11
-0.4641862992125984
21
0.1791196850393701
0
LINE
8
BLACK
6
CONTINUOUS
10
-0.4641862992125984
20
0.1791196850393701
11
-0.4652507086614173
21
0.1786787795275591
0
LINE
8
BLACK
6
CONTINUOUS
10
-0.4652507086614173
20
0.1786787795275591
11
-0.5145049212598425
21
0.1786252362204724
0
LINE
8
BLACK
6
CONTINUOUS
10
-0.5145049212598425
20
0.1786252362204724
11
-0.5144541732283464
21
-0.0930843700787402
0
LINE
8
BLACK
6
CONTINUOUS
10
-0.5144541732283464
20
-0.0930843700787402
11
-0.4658267716535433
21
-0.0930314960629921
0
LINE
8
BLACK
6
CONTINUOUS
10
-0.4658267716535433
20
-0.0930314960629921
11
-0.4652507086614173
21
-0.0930882283464567
0
LINE
8
BLACK
6
CONTINUOUS
10
-0.4652507086614173
20
-0.0930882283464567
11
-0.4641862992125984
21
-0.0935291338582677
0
LINE
8
BLACK
6
CONTINUOUS
10
-0.4641862992125984
20
-0.0935291338582677
11
-0.4633716535433071
21
-0.0943437795275591
0
LINE
8
BLACK
6
CONTINUOUS
10
-0.4633716535433071
20
-0.0943437795275591
11
-0.462930748031496
21
-0.095408188976378
0
LINE
8
BLACK
6
CONTINUOUS
10
-0.462930748031496
20
-0.095408188976378
11
-0.462930748031496
21
-0.0965603149606299
0
LINE
8
BLACK
6
CONTINUOUS
10
-0.462930748031496
20
-0.0965603149606299
11
-0.4633716535433071
21
-0.0976247244094488
0
LINE
8
BLACK
6
CONTINUOUS
10
-0.4633716535433071
20
-0.0976247244094488
11
-0.4641862992125984
21
-0.0984393700787402
0
LINE
8
BLACK
6
CONTINUOUS
10
-0.4641862992125984
20
-0.0984393700787402
11
-0.4652507086614173
21
-0.0988802755905512
0
LINE
8
BLACK
6
CONTINUOUS
10
-0.4652507086614173
20
-0.0988802755905512
11
-0.5144530708661417
21
-0.0989337795275591
0
LINE
8
BLACK
6
CONTINUOUS
10
-0.5144530708661417
20
-0.0989337795275591
11
-0.5144493700787401
21
-0.1186749212598425
0
LINE
8
BLACK
6
CONTINUOUS
10
-0.5144493700787401
20
-0.1186749212598425
11
-0.4658267716535433
21
-0.1186220472440945
0
LINE
8
BLACK
6
CONTINUOUS
10
-0.4658267716535433
20
-0.1186220472440945
11
-0.4652507086614173
21
-0.1186787795275591
0
LINE
8
BLACK
6
CONTINUOUS
10
-0.4652507086614173
20
-0.1186787795275591
11
-0.4641862992125984
21
-0.1191196850393701
0
LINE
8
BLACK
6
CONTINUOUS
10
-0.4641862992125984
20
-0.1191196850393701
11
-0.4633716535433071
21
-0.1199343307086614
0
LINE
8
BLACK
6
CONTINUOUS
10
-0.4633716535433071
20
-0.1199343307086614
11
-0.462930748031496
21
-0.1209987401574803
0
LINE
8
BLACK
6
CONTINUOUS
10
-0.462930748031496
20
-0.1209987401574803
11
-0.462930748031496
21
-0.1221508661417323
0
LINE
8
BLACK
6
CONTINUOUS
10
-0.462930748031496
20
-0.1221508661417323
11
-0.4633716535433071
21
-0.1232152755905512
0
LINE
8
BLACK
6
CONTINUOUS
10
-0.4633716535433071
20
-0.1232152755905512
11
-0.4641862992125984
21
-0.1240299212598425
0
LINE
8
BLACK
6
CONTINUOUS
10
-0.4641862992125984
20
-0.1240299212598425
11
-0.4652507086614173
21
-0.1244708267716535
0
LINE
8
BLACK
6
CONTINUOUS
10
-0.4652507086614173
20
-0.1244708267716535
11
-0.5174015748031496
21
-0.1245275590551181
0
LINE
8
BLACK
6
CONTINUOUS
10
-0.5174015748031496
20
-0.1245275590551181
11
-0.5179776377952756
21
-0.1244708267716535
0
LINE
8
BLACK
6
CONTINUOUS
10
-0.5179776377952756
20
-0.1244708267716535
11
-0.5190420472440945
21
-0.1240299212598425
0
LINE
8
BLACK
6
CONTINUOUS
10
-0.5190420472440945
20
-0.1240299212598425
11
-0.5198566929133858
21
-0.1232152755905512
0
LINE
8
BLACK
6
CONTINUOUS
10
-0.5198566929133858
20
-0.1232152755905512
11
-0.5202975984251968
21
-0.1221508661417323
0
LINE
8
BLACK
6
CONTINUOUS
10
-0.5202975984251968
20
-0.1221508661417323
11
-0.5203543307086614
21
0.1815748031496063
0
LINE
8
BLACK
6
CONTINUOUS
10
-0.5203543307086614
20
0.1815748031496063
11
-0.5202975984251968
21
0.1821508661417323
0
LINE
8
BLACK
6
CONTINUOUS
10
-0.5202975984251968
20
0.1821508661417323
11
-0.5198566929133858
21
0.1832152755905512
0
LINE
8
BLACK
6
CONTINUOUS
10
-0.5198566929133858
20
0.1832152755905512
11
-0.5190420472440945
21
0.1840299212598425
0
LINE
8
BLACK
6
CONTINUOUS
10
-0.5190420472440945
20
0.1840299212598425
11
-0.5179776377952756
21
0.1844708267716536
0
LINE
8
BLACK
6
CONTINUOUS
10
-0.5179776377952756
20
0.1844708267716536
11
-0.4658267716535433
21
0.1845275590551181
0
LINE
8
BLACK
6
CONTINUOUS
10
-0.4658267716535433
20
0.1845275590551181
11
-0.4652507086614173
21
0.1844708267716536
0
LINE
8
BLACK
6
CONTINUOUS
10
-0.213675905511811
20
0.1844708267716536
11
-0.2126114960629921
21
0.1840299212598425
0
LINE
8
BLACK
6
CONTINUOUS
10
-0.2126114960629921
20
0.1840299212598425
11
-0.2117968503937008
21
0.1832152755905512
0
LINE
8
BLACK
6
CONTINUOUS
10
-0.2117968503937008
20
0.1832152755905512
11
-0.2113559448818897
21
0.1821508661417323
0
LINE
8
BLACK
6
CONTINUOUS
10
-0.2113559448818897
20
0.1821508661417323
11
-0.2112992125984252
21
-0.1215748031496063
0
LINE
8
BLACK
6
CONTINUOUS
10
-0.2112992125984252
20
-0.1215748031496063
11
-0.2113559448818897
21
-0.1221508661417323
0
LINE
8
BLACK
6
CONTINUOUS
10
-0.2113559448818897
20
-0.1221508661417323
11
-0.2117968503937008
21
-0.1232152755905512
0
LINE
8
BLACK
6
CONTINUOUS
10
-0.2117968503937008
20
-0.1232152755905512
11
-0.2126114960629921
21
-0.1240299212598425
0
LINE
8
BLACK
6
CONTINUOUS
10
-0.2126114960629921
20
-0.1240299212598425
11
-0.213675905511811
21
-0.1244708267716535
0
LINE
8
BLACK
6
CONTINUOUS
10
-0.213675905511811
20
-0.1244708267716535
11
-0.2658267716535433
21
-0.1245275590551181
0
LINE
8
BLACK
6
CONTINUOUS
10
-0.2658267716535433
20
-0.1245275590551181
11
-0.2664028346456693
21
-0.1244708267716535
0
LINE
8
BLACK
6
CONTINUOUS
10
-0.2664028346456693
20
-0.1244708267716535
11
-0.2674672440944882
21
-0.1240299212598425
0
LINE
8
BLACK
6
CONTINUOUS
10
-0.2674672440944882
20
-0.1240299212598425
11
-0.2682818897637795
21
-0.1232152755905512
0
LINE
8
BLACK
6
CONTINUOUS
10
-0.2682818897637795
20
-0.1232152755905512
11
-0.2687227952755906
21
-0.1221508661417323
0
LINE
8
BLACK
6
CONTINUOUS
10
-0.2687227952755906
20
-0.1221508661417323
11
-0.2687227952755906
21
-0.1209987401574803
0
LINE
8
BLACK
6
CONTINUOUS
10
-0.2687227952755906
20
-0.1209987401574803
11
-0.2682818897637795
21
-0.1199343307086614
0
LINE
8
BLACK
6
CONTINUOUS
10
-0.2682818897637795
20
-0.1199343307086614
11
-0.2674672440944882
21
-0.1191196850393701
0
LINE
8
BLACK
6
CONTINUOUS
10
-0.2674672440944882
20
-0.1191196850393701
11
-0.2664028346456693
21
-0.1186787795275591
0
LINE
8
BLACK
6
CONTINUOUS
10
-0.2664028346456693
20
-0.1186787795275591
11
-0.2171486614173228
21
-0.1186251968503937
0
LINE
8
BLACK
6
CONTINUOUS
10
-0.2171486614173228
20
-0.1186251968503937
11
-0.2171523622047244
21
-0.0988840551181102
0
LINE
8
BLACK
6
CONTINUOUS
10
-0.2171523622047244
20
-0.0988840551181102
11
-0.2658267716535433
21
-0.0989370078740157
0
LINE
8
BLACK
6
CONTINUOUS
10
-0.2658267716535433
20
-0.0989370078740157
11
-0.2664028346456693
21
-0.0988802755905512
0
LINE
8
BLACK
6
CONTINUOUS
10
-0.2664028346456693
20
-0.0988802755905512
11
-0.2674672440944882
21
-0.0984393700787402
0
LINE
8
BLACK
6
CONTINUOUS
10
-0.2674672440944882
20
-0.0984393700787402
11
-0.2682818897637795
21
-0.0976247244094488
0
LINE
8
BLACK
6
CONTINUOUS
10
-0.2682818897637795
20
-0.0976247244094488
11
-0.2687227952755906
21
-0.0965603149606299
0
LINE
8
BLACK
6
CONTINUOUS
10
-0.2687227952755906
20
-0.0965603149606299
11
-0.2687227952755906
21
-0.095408188976378
0
LINE
8
BLACK
6
CONTINUOUS
10
-0.2687227952755906
20
-0.095408188976378
11
-0.2682818897637795
21
-0.0943437795275591
0
LINE
8
BLACK
6
CONTINUOUS
10
-0.2682818897637795
20
-0.0943437795275591
11
-0.2674672440944882
21
-0.0935291338582677
0
LINE
8
BLACK
6
CONTINUOUS
10
-0.2674672440944882
20
-0.0935291338582677
11
-0.2664028346456693
21
-0.0930882283464567
0
LINE
8
BLACK
6
CONTINUOUS
10
-0.2664028346456693
20
-0.0930882283464567
11
-0.2171534645669291
21
-0.0930346456692913
0
LINE
8
BLACK
6
CONTINUOUS
10
-0.2171534645669291
20
-0.0930346456692913
11
-0.2172042125984252
21
0.1786749606299212
0
LINE
8
BLACK
6
CONTINUOUS
10
-0.2172042125984252
20
0.1786749606299212
11
-0.2658267716535433
21
0.1786220472440945
0
LINE
8
BLACK
6
CONTINUOUS
10
-0.2658267716535433
20
0.1786220472440945
11
-0.2664028346456693
21
0.1786787795275591
0
LINE
8
BLACK
6
CONTINUOUS
10
-0.2664028346456693
20
0.1786787795275591
11
-0.2674672440944882
21
0.1791196850393701
0
LINE
8
BLACK
6
CONTINUOUS
10
-0.2674672440944882
20
0.1791196850393701
11
-0.2682818897637795
21
0.1799343307086614
0
LINE
8
BLACK
6
CONTINUOUS
10
-0.2682818897637795
20
0.1799343307086614
11
-0.2687227952755906
21
0.1809987401574803
0
LINE
8
BLACK
6
CONTINUOUS
10
-0.2687227952755906
20
0.1809987401574803
11
-0.2687227952755906
21
0.1821508661417323
0
LINE
8
BLACK
6
CONTINUOUS
10
-0.2687227952755906
20
0.1821508661417323
11
-0.2682818897637795
21
0.1832152755905512
0
LINE
8
BLACK
6
CONTINUOUS
10
-0.2682818897637795
20
0.1832152755905512
11
-0.2674672440944882
21
0.1840299212598425
0
LINE
8
BLACK
6
CONTINUOUS
10
-0.2674672440944882
20
0.1840299212598425
11
-0.2664028346456693
21
0.1844708267716536
0
LINE
8
BLACK
6
CONTINUOUS
10
-0.2664028346456693
20
0.1844708267716536
11
-0.214251968503937
21
0.1845275590551181
0
LINE
8
BLACK
6
CONTINUOUS
10
-0.214251968503937
20
0.1845275590551181
11
-0.213675905511811
21
0.1844708267716536
0
LINE
8
BLACK
6
CONTINUOUS
10
-0.5785602362204725
20
-0.0716024015748031
11
-0.5779868897637795
21
-0.0716024015748031
0
LINE
8
BLACK
6
CONTINUOUS
10
-0.5779868897637795
20
-0.0716024015748031
11
-0.5778435826771653
21
-0.0717457086614173
0
LINE
8
BLACK
6
CONTINUOUS
10
-0.5778435826771653
20
-0.0717457086614173
11
-0.5776448425196851
21
-0.0717854724409449
0
LINE
8
BLACK
6
CONTINUOUS
10
-0.5776448425196851
20
-0.0717854724409449
11
-0.57726968503937
21
-0.0723196062992126
0
LINE
8
BLACK
6
CONTINUOUS
10
-0.57726968503937
20
-0.0723196062992126
11
-0.5769215354330709
21
-0.0726677559055118
0
LINE
8
BLACK
6
CONTINUOUS
10
-0.5769215354330709
20
-0.0726677559055118
11
-0.5769208661417323
21
-0.0728162204724409
0
LINE
8
BLACK
6
CONTINUOUS
10
-0.5769208661417323
20
-0.0728162204724409
11
-0.5741026771653543
21
-0.0768285433070866
0
LINE
8
BLACK
6
CONTINUOUS
10
-0.5741026771653543
20
-0.0768285433070866
11
-0.5740308661417323
21
-0.0770024803149606
0
LINE
8
BLACK
6
CONTINUOUS
10
-0.5740308661417323
20
-0.0770024803149606
11
-0.5713520866141732
21
-0.0795252755905512
0
LINE
8
BLACK
6
CONTINUOUS
10
-0.5713520866141732
20
-0.0795252755905512
11
-0.5688609448818898
21
-0.0806592519685039
0
LINE
8
BLACK
6
CONTINUOUS
10
-0.5688609448818898
20
-0.0806592519685039
11
-0.5682542125984252
21
-0.081130157480315
0
LINE
8
BLACK
6
CONTINUOUS
10
-0.5682542125984252
20
-0.081130157480315
11
-0.5677777559055118
21
-0.0825594488188976
0
LINE
8
BLACK
6
CONTINUOUS
10
-0.5677777559055118
20
-0.0825594488188976
11
-0.5684515354330708
21
-0.0839070078740157
0
LINE
8
BLACK
6
CONTINUOUS
10
-0.5684515354330708
20
-0.0839070078740157
11
-0.5698808267716535
21
-0.0843834645669291
0
LINE
8
BLACK
6
CONTINUOUS
10
-0.5698808267716535
20
-0.0843834645669291
11
-0.5734938582677165
21
-0.0827387795275591
0
LINE
8
BLACK
6
CONTINUOUS
10
-0.5734938582677165
20
-0.0827387795275591
11
-0.5734942519685039
21
-0.0827387795275591
0
LINE
8
BLACK
6
CONTINUOUS
10
-0.5734942519685039
20
-0.0827387795275591
11
-0.5734946456692913
21
-0.0827384251968504
0
LINE
8
BLACK
6
CONTINUOUS
10
-0.5734946456692913
20
-0.0827384251968504
11
-0.5736212598425197
21
-0.0826807874015748
0
LINE
8
BLACK
6
CONTINUOUS
10
-0.5736212598425197
20
-0.0826807874015748
11
-0.5742280314960629
21
-0.0822098818897638
0
LINE
8
BLACK
6
CONTINUOUS
10
-0.5742280314960629
20
-0.0822098818897638
11
-0.5743068503937008
21
-0.0819735039370079
0
LINE
8
BLACK
6
CONTINUOUS
10
-0.5743068503937008
20
-0.0819735039370079
11
-0.5768896062992126
21
-0.0795411417322835
0
LINE
8
BLACK
6
CONTINUOUS
10
-0.5768896062992126
20
-0.0795411417322835
11
-0.5767805905511811
21
-0.103004842519685
0
LINE
8
BLACK
6
CONTINUOUS
10
-0.5767805905511811
20
-0.103004842519685
11
-0.5697412992125984
21
-0.1029486220472441
0
LINE
8
BLACK
6
CONTINUOUS
10
-0.5697412992125984
20
-0.1029486220472441
11
-0.5689879921259843
21
-0.1030984645669291
0
LINE
8
BLACK
6
CONTINUOUS
10
-0.5689879921259843
20
-0.1030984645669291
11
-0.5679226377952756
21
-0.1041638188976378
0
LINE
8
BLACK
6
CONTINUOUS
10
-0.5679226377952756
20
-0.1041638188976378
11
-0.5679226377952756
21
-0.1056704330708661
0
LINE
8
BLACK
6
CONTINUOUS
10
-0.5679226377952756
20
-0.1056704330708661
11
-0.5689879921259843
21
-0.1067357874015748
0
LINE
8
BLACK
6
CONTINUOUS
10
-0.5689879921259843
20
-0.1067357874015748
11
-0.5877390551181102
21
-0.1068856299212598
0
LINE
8
BLACK
6
CONTINUOUS
10
-0.5877390551181102
20
-0.1068856299212598
11
-0.5884923622047245
21
-0.1067357874015748
0
LINE
8
BLACK
6
CONTINUOUS
10
-0.5884923622047245
20
-0.1067357874015748
11
-0.5895577165354331
21
-0.1056704330708661
0
LINE
8
BLACK
6
CONTINUOUS
10
-0.5895577165354331
20
-0.1056704330708661
11
-0.5895577165354331
21
-0.1041638188976378
0
LINE
8
BLACK
6
CONTINUOUS
10
-0.5895577165354331
20
-0.1041638188976378
11
-0.5884923622047245
21
-0.1030984645669291
0
LINE
8
BLACK
6
CONTINUOUS
10
-0.5884923622047245
20
-0.1030984645669291
11
-0.5805711417322834
21
-0.103035157480315
0
LINE
8
BLACK
6
CONTINUOUS
10
-0.5805711417322834
20
-0.103035157480315
11
-0.5807087007874016
21
-0.073421062992126
0
LINE
8
BLACK
6
CONTINUOUS
10
-0.5807087007874016
20
-0.073421062992126
11
-0.5805588582677165
21
-0.0726677559055118
0
LINE
8
BLACK
6
CONTINUOUS
10
-0.5805588582677165
20
-0.0726677559055118
11
-0.5804155511811023
21
-0.0725244094488189
0
LINE
8
BLACK
6
CONTINUOUS
10
-0.5804155511811023
20
-0.0725244094488189
11
-0.5803757874015748
21
-0.0723257086614173
0
LINE
8
BLACK
6
CONTINUOUS
10
-0.5803757874015748
20
-0.0723257086614173
11
-0.5798988582677165
21
-0.0720077165354331
0
LINE
8
BLACK
6
CONTINUOUS
10
-0.5798988582677165
20
-0.0720077165354331
11
-0.5794935039370078
21
-0.0716024015748031
0
LINE
8
BLACK
6
CONTINUOUS
10
-0.5794935039370078
20
-0.0716024015748031
11
-0.5792908267716536
21
-0.0716024015748031
0
LINE
8
BLACK
6
CONTINUOUS
10
-0.5792908267716536
20
-0.0716024015748031
11
-0.5791222440944882
21
-0.07149
0
LINE
8
BLACK
6
CONTINUOUS
10
-0.5791222440944882
20
-0.07149
11
-0.5785602362204725
21
-0.0716024015748031
0
LINE
8
BLACK
6
CONTINUOUS
10
-0.5389917716535433
20
-0.0716024015748031
11
-0.5379264173228346
21
-0.0726677559055118
0
LINE
8
BLACK
6
CONTINUOUS
10
-0.5379264173228346
20
-0.0726677559055118
11
-0.5377765748031496
21
-0.104917125984252
0
LINE
8
BLACK
6
CONTINUOUS
10
-0.5377765748031496
20
-0.104917125984252
11
-0.5379264173228346
21
-0.1056704330708661
0
LINE
8
BLACK
6
CONTINUOUS
10
-0.5379264173228346
20
-0.1056704330708661
11
-0.5389917716535433
21
-0.1067357874015748
0
LINE
8
BLACK
6
CONTINUOUS
10
-0.5389917716535433
20
-0.1067357874015748
11
-0.5472441338582678
21
-0.1068856299212598
0
LINE
8
BLACK
6
CONTINUOUS
10
-0.5472441338582678
20
-0.1068856299212598
11
-0.5479974409448819
21
-0.1067357874015748
0
LINE
8
BLACK
6
CONTINUOUS
10
-0.5479974409448819
20
-0.1067357874015748
11
-0.5481782283464567
21
-0.106555
0
LINE
8
BLACK
6
CONTINUOUS
10
-0.5481782283464567
20
-0.106555
11
-0.552366062992126
21
-0.1052848031496063
0
LINE
8
BLACK
6
CONTINUOUS
10
-0.552366062992126
20
-0.1052848031496063
11
-0.5524516929133858
21
-0.1052359842519685
0
LINE
8
BLACK
6
CONTINUOUS
10
-0.5524516929133858
20
-0.1052359842519685
11
-0.5524968897637795
21
-0.1052359842519685
0
LINE
8
BLACK
6
CONTINUOUS
10
-0.5524968897637795
20
-0.1052359842519685
11
-0.5525661811023622
21
-0.1051707086614173
0
LINE
8
BLACK
6
CONTINUOUS
10
-0.5525661811023622
20
-0.1051707086614173
11
-0.5530333464566929
21
-0.1049044488188976
0
LINE
8
BLACK
6
CONTINUOUS
10
-0.5530333464566929
20
-0.1049044488188976
11
-0.5531974803149606
21
-0.1045761811023622
0
LINE
8
BLACK
6
CONTINUOUS
10
-0.5531974803149606
20
-0.1045761811023622
11
-0.5561351574803149
21
-0.1018096062992126
0
LINE
8
BLACK
6
CONTINUOUS
10
-0.5561351574803149
20
-0.1018096062992126
11
-0.5565618503937008
21
-0.1011709842519685
0
LINE
8
BLACK
6
CONTINUOUS
10
-0.5565618503937008
20
-0.1011709842519685
11
-0.5565618503937008
21
-0.1009368897637795
0
LINE
8
BLACK
6
CONTINUOUS
10
-0.5565618503937008
20
-0.1009368897637795
11
-0.5580036614173228
21
-0.0982984251968504
0
LINE
8
BLACK
6
CONTINUOUS
10
-0.5580036614173228
20
-0.0982984251968504
11
-0.5582065354330709
21
-0.0975576377952756
0
LINE
8
BLACK
6
CONTINUOUS
10
-0.5582065354330709
20
-0.0975576377952756
11
-0.5581516141732283
21
-0.0973927559055118
0
LINE
8
BLACK
6
CONTINUOUS
10
-0.5581516141732283
20
-0.0973927559055118
11
-0.5596525590551181
21
-0.0918962598425197
0
LINE
8
BLACK
6
CONTINUOUS
10
-0.5596525590551181
20
-0.0918962598425197
11
-0.5596898818897638
21
-0.091129094488189
0
LINE
8
BLACK
6
CONTINUOUS
10
-0.5596898818897638
20
-0.091129094488189
11
-0.559595748031496
21
-0.090972125984252
0
LINE
8
BLACK
6
CONTINUOUS
10
-0.559595748031496
20
-0.090972125984252
11
-0.5597113385826772
21
-0.0869193700787401
0
LINE
8
BLACK
6
CONTINUOUS
10
-0.5597113385826772
20
-0.0869193700787401
11
-0.5595614960629921
21
-0.086166062992126
0
LINE
8
BLACK
6
CONTINUOUS
10
-0.5595614960629921
20
-0.086166062992126
11
-0.5594210236220473
21
-0.0860255511811024
0
LINE
8
BLACK
6
CONTINUOUS
10
-0.5594210236220473
20
-0.0860255511811024
11
-0.5581527165354331
21
-0.0804426771653543
0
LINE
8
BLACK
6
CONTINUOUS
10
-0.5581527165354331
20
-0.0804426771653543
11
-0.5578246456692914
21
-0.0797481889763779
0
LINE
8
BLACK
6
CONTINUOUS
10
-0.5578246456692914
20
-0.0797481889763779
11
-0.5577035039370078
21
-0.0796754724409449
0
LINE
8
BLACK
6
CONTINUOUS
10
-0.5577035039370078
20
-0.0796754724409449
11
-0.5565618503937008
21
-0.0771674803149606
0
LINE
8
BLACK
6
CONTINUOUS
10
-0.5565618503937008
20
-0.0771674803149606
11
-0.5565618503937008
21
-0.0771671653543307
0
LINE
8
BLACK
6
CONTINUOUS
10
-0.5565618503937008
20
-0.0771671653543307
11
-0.5565615748031496
21
-0.0771668110236221
0
LINE
8
BLACK
6
CONTINUOUS
10
-0.5565615748031496
20
-0.0771668110236221
11
-0.5565038582677165
21
-0.0770401181102362
0
LINE
8
BLACK
6
CONTINUOUS
10
-0.5565038582677165
20
-0.0770401181102362
11
-0.5560329527559055
21
-0.0764333858267717
0
LINE
8
BLACK
6
CONTINUOUS
10
-0.5560329527559055
20
-0.0764333858267717
11
-0.5557966141732283
21
-0.0763545669291339
0
LINE
8
BLACK
6
CONTINUOUS
10
-0.5557966141732283
20
-0.0763545669291339
11
-0.5531355118110236
21
-0.073528937007874
0
LINE
8
BLACK
6
CONTINUOUS
10
-0.5531355118110236
20
-0.073528937007874
11
-0.5530535826771653
21
-0.0734741732283465
0
LINE
8
BLACK
6
CONTINUOUS
10
-0.5530535826771653
20
-0.0734741732283465
11
-0.5530333464566929
21
-0.0734337401574803
0
LINE
8
BLACK
6
CONTINUOUS
10
-0.5530333464566929
20
-0.0734337401574803
11
-0.5529448818897638
21
-0.0734015354330709
0
LINE
8
BLACK
6
CONTINUOUS
10
-0.5529448818897638
20
-0.0734015354330709
11
-0.5524968897637795
21
-0.0731022047244095
0
LINE
8
BLACK
6
CONTINUOUS
10
-0.5524968897637795
20
-0.0731022047244095
11
-0.5521222834645669
21
-0.0731022047244095
0
LINE
8
BLACK
6
CONTINUOUS
10
-0.5521222834645669
20
-0.0731022047244095
11
-0.5478666141732284
21
-0.0715535826771654
0
LINE
8
BLACK
6
CONTINUOUS
10
-0.5478666141732284
20
-0.0715535826771654
11
-0.5471046062992125
21
-0.0714575196850394
0
LINE
8
BLACK
6
CONTINUOUS
10
-0.5471046062992125
20
-0.0714575196850394
11
-0.5468562992125984
21
-0.0715816535433071
0
LINE
8
BLACK
6
CONTINUOUS
10
-0.5468562992125984
20
-0.0715816535433071
11
-0.5397450787401574
21
-0.0714525590551181
0
LINE
8
BLACK
6
CONTINUOUS
10
-0.5397450787401574
20
-0.0714525590551181
11
-0.5389917716535433
21
-0.0716024015748031
0
LINE
8
BLACK
6
CONTINUOUS
10
-0.5472441338582678
20
-0.0753895669291339
11
-0.5472655511811023
21
-0.0753852755905512
0
LINE
8
BLACK
6
CONTINUOUS
10
-0.5472655511811023
20
-0.0753852755905512
11
-0.5508976377952756
21
-0.0767070078740157
0
LINE
8
BLACK
6
CONTINUOUS
10
-0.5508976377952756
20
-0.0767070078740157
11
-0.553348346456693
21
-0.0793092913385827
0
LINE
8
BLACK
6
CONTINUOUS
10
-0.553348346456693
20
-0.0793092913385827
11
-0.5544823228346456
21
-0.0818004330708661
0
LINE
8
BLACK
6
CONTINUOUS
10
-0.5544823228346456
20
-0.0818004330708661
11
-0.5545946456692913
21
-0.0819451181102362
0
LINE
8
BLACK
6
CONTINUOUS
10
-0.5545946456692913
20
-0.0819451181102362
11
-0.5558331102362205
21
-0.087396811023622
0
LINE
8
BLACK
6
CONTINUOUS
10
-0.5558331102362205
20
-0.087396811023622
11
-0.5558859055118111
21
-0.0875085039370079
0
LINE
8
BLACK
6
CONTINUOUS
10
-0.5558859055118111
20
-0.0875085039370079
11
-0.5557743307086614
21
-0.0914188188976378
0
LINE
8
BLACK
6
CONTINUOUS
10
-0.5557743307086614
20
-0.0914188188976378
11
-0.5558025196850394
21
-0.0915603937007874
0
LINE
8
BLACK
6
CONTINUOUS
10
-0.5558025196850394
20
-0.0915603937007874
11
-0.5543332677165355
21
-0.0969406299212598
0
LINE
8
BLACK
6
CONTINUOUS
10
-0.5543332677165355
20
-0.0969406299212598
11
-0.5543266141732284
21
-0.0970776377952756
0
LINE
8
BLACK
6
CONTINUOUS
10
-0.5543266141732284
20
-0.0970776377952756
11
-0.5529825196850393
21
-0.0995373228346457
0
LINE
8
BLACK
6
CONTINUOUS
10
-0.5529825196850393
20
-0.0995373228346457
11
-0.5529787007874015
21
-0.0995512598425197
0
LINE
8
BLACK
6
CONTINUOUS
10
-0.5529787007874015
20
-0.0995512598425197
11
-0.5505193700787402
21
-0.1018674015748031
0
LINE
8
BLACK
6
CONTINUOUS
10
-0.5505193700787402
20
-0.1018674015748031
11
-0.5466216535433071
21
-0.1030496456692913
0
LINE
8
BLACK
6
CONTINUOUS
10
-0.5466216535433071
20
-0.1030496456692913
11
-0.5465811417322834
21
-0.1030727165354331
0
LINE
8
BLACK
6
CONTINUOUS
10
-0.5465811417322834
20
-0.1030727165354331
11
-0.5415762598425197
21
-0.1029818503937008
0
LINE
8
BLACK
6
CONTINUOUS
10
-0.5415762598425197
20
-0.1029818503937008
11
-0.5417049212598425
21
-0.0752889763779528
0
LINE
8
BLACK
6
CONTINUOUS
10
-0.5417049212598425
20
-0.0752889763779528
11
-0.5472441338582678
21
-0.0753895669291339
0
LINE
8
BLACK
6
CONTINUOUS
10
-0.6576787007874015
20
-0.0188374409448819
11
-0.6564002755905511
21
-0.0201158661417323
0
LINE
8
BLACK
6
CONTINUOUS
10
-0.6564002755905511
20
-0.0201158661417323
11
-0.6562204724409448
21
-0.0918859842519685
0
LINE
8
BLACK
6
CONTINUOUS
10
-0.6562204724409448
20
-0.0918859842519685
11
-0.6564002755905511
21
-0.0927899606299213
0
LINE
8
BLACK
6
CONTINUOUS
10
-0.6564002755905511
20
-0.0927899606299213
11
-0.6576787007874015
21
-0.0940683858267717
0
LINE
8
BLACK
6
CONTINUOUS
10
-0.6576787007874015
20
-0.0940683858267717
11
-0.659486653543307
21
-0.0940683858267717
0
LINE
8
BLACK
6
CONTINUOUS
10
-0.659486653543307
20
-0.0940683858267717
11
-0.6607650787401574
21
-0.0927899606299213
0
LINE
8
BLACK
6
CONTINUOUS
10
-0.6607650787401574
20
-0.0927899606299213
11
-0.6609394094488189
21
-0.0232123228346457
0
LINE
8
BLACK
6
CONTINUOUS
10
-0.6609394094488189
20
-0.0232123228346457
11
-0.7156692913385827
21
-0.0233820472440945
0
LINE
8
BLACK
6
CONTINUOUS
10
-0.7156692913385827
20
-0.0233820472440945
11
-0.7165732677165354
21
-0.0232022440944882
0
LINE
8
BLACK
6
CONTINUOUS
10
-0.7165732677165354
20
-0.0232022440944882
11
-0.7178516929133858
21
-0.0219238188976378
0
LINE
8
BLACK
6
CONTINUOUS
10
-0.7178516929133858
20
-0.0219238188976378
11
-0.7178516929133858
21
-0.0201158661417323
0
LINE
8
BLACK
6
CONTINUOUS
10
-0.7178516929133858
20
-0.0201158661417323
11
-0.7165732677165354
21
-0.0188374409448819
0
LINE
8
BLACK
6
CONTINUOUS
10
-0.7165732677165354
20
-0.0188374409448819
11
-0.6585826771653543
21
-0.0186576377952756
0
LINE
8
BLACK
6
CONTINUOUS
10
-0.6585826771653543
20
-0.0186576377952756
11
-0.6576787007874015
21
-0.0188374409448819
0
LINE
8
BLACK
6
CONTINUOUS
10
0.5693022047244094
20
-0.0337072440944882
11
0.5696948818897638
21
-0.0337072440944882
0
LINE
8
BLACK
6
CONTINUOUS
10
0.5696948818897638
20
-0.0337072440944882
11
0.5698687007874016
21
-0.0337792519685039
0
LINE
8
BLACK
6
CONTINUOUS
10
0.5698687007874016
20
-0.0337792519685039
11
0.5700554724409449
21
-0.0338029921259842
0
LINE
8
BLACK
6
CONTINUOUS
10
0.5700554724409449
20
-0.0338029921259842
11
0.5703965748031496
21
-0.033997874015748
0
LINE
8
BLACK
6
CONTINUOUS
10
0.5703965748031496
20
-0.033997874015748
11
0.5707592913385827
21
-0.0341481496062992
0
LINE
8
BLACK
6
CONTINUOUS
10
0.5707592913385827
20
-0.0341481496062992
11
0.5708922834645669
21
-0.0342811417322835
0
LINE
8
BLACK
6
CONTINUOUS
10
0.5708922834645669
20
-0.0342811417322835
11
0.5710558267716536
21
-0.0343746062992126
0
LINE
8
BLACK
6
CONTINUOUS
10
0.5710558267716536
20
-0.0343746062992126
11
0.5712963385826771
21
-0.0346851968503937
0
LINE
8
BLACK
6
CONTINUOUS
10
0.5712963385826771
20
-0.0346851968503937
11
0.571573937007874
21
-0.0349627952755905
0
LINE
8
BLACK
6
CONTINUOUS
10
0.571573937007874
20
-0.0349627952755905
11
0.5716459448818898
21
-0.0351366535433071
0
LINE
8
BLACK
6
CONTINUOUS
10
0.5716459448818898
20
-0.0351366535433071
11
0.5717612204724409
21
-0.0352855118110236
0
LINE
8
BLACK
6
CONTINUOUS
10
0.5717612204724409
20
-0.0352855118110236
11
0.5718645275590551
21
-0.0356643700787402
0
LINE
8
BLACK
6
CONTINUOUS
10
0.5718645275590551
20
-0.0356643700787402
11
0.572014842519685
21
-0.0360272047244094
0
LINE
8
BLACK
6
CONTINUOUS
10
0.572014842519685
20
-0.0360272047244094
11
0.5720150787401574
21
-0.0362163779527559
0
LINE
8
BLACK
6
CONTINUOUS
10
0.5720150787401574
20
-0.0362163779527559
11
0.5720643700787401
21
-0.0363970078740157
0
LINE
8
BLACK
6
CONTINUOUS
10
0.5720643700787401
20
-0.0363970078740157
11
0.572015905511811
21
-0.0367782283464567
0
LINE
8
BLACK
6
CONTINUOUS
10
0.572015905511811
20
-0.0367782283464567
11
0.5720715748031496
21
-0.0759733464566929
0
LINE
8
BLACK
6
CONTINUOUS
10
0.5720715748031496
20
-0.0759733464566929
11
0.572014842519685
21
-0.0765494094488189
0
LINE
8
BLACK
6
CONTINUOUS
10
0.572014842519685
20
-0.0765494094488189
11
0.571573937007874
21
-0.0776138188976378
0
LINE
8
BLACK
6
CONTINUOUS
10
0.571573937007874
20
-0.0776138188976378
11
0.5707592913385827
21
-0.0784284645669291
0
LINE
8
BLACK
6
CONTINUOUS
10
0.5707592913385827
20
-0.0784284645669291
11
0.5696948818897638
21
-0.0788693700787402
0
LINE
8
BLACK
6
CONTINUOUS
10
0.5696948818897638
20
-0.0788693700787402
11
0.5685427559055118
21
-0.0788693700787402
0
LINE
8
BLACK
6
CONTINUOUS
10
0.5685427559055118
20
-0.0788693700787402
11
0.5674783464566929
21
-0.0784284645669291
0
LINE
8
BLACK
6
CONTINUOUS
10
0.5674783464566929
20
-0.0784284645669291
11
0.5666637007874016
21
-0.0776138188976378
0
LINE
8
BLACK
6
CONTINUOUS
10
0.5666637007874016
20
-0.0776138188976378
11
0.5662227952755905
21
-0.0765494094488189
0
LINE
8
BLACK
6
CONTINUOUS
10
0.5662227952755905
20
-0.0765494094488189
11
0.5661816929133858
21
-0.0476092125984252
0
LINE
8
BLACK
6
CONTINUOUS
10
0.5661816929133858
20
-0.0476092125984252
11
0.5491853543307087
21
-0.0774383070866142
0
LINE
8
BLACK
6
CONTINUOUS
10
0.5491853543307087
20
-0.0774383070866142
11
0.5490991732283464
21
-0.0775596850393701
0
LINE
8
BLACK
6
CONTINUOUS
10
0.5490991732283464
20
-0.0775596850393701
11
0.5490767716535433
21
-0.0776138188976378
0
LINE
8
BLACK
6
CONTINUOUS
10
0.5490767716535433
20
-0.0776138188976378
11
0.5490216535433071
21
-0.0776688976377953
0
LINE
8
BLACK
6
CONTINUOUS
10
0.5490216535433071
20
-0.0776688976377953
11
0.5488503149606299
21
-0.0779103543307087
0
LINE
8
BLACK
6
CONTINUOUS
10
0.5488503149606299
20
-0.0779103543307087
11
0.5485396850393701
21
-0.0781508661417323
0
LINE
8
BLACK
6
CONTINUOUS
10
0.5485396850393701
20
-0.0781508661417323
11
0.5482621259842519
21
-0.0784284645669291
0
LINE
8
BLACK
6
CONTINUOUS
10
0.5482621259842519
20
-0.0784284645669291
11
0.5480882283464567
21
-0.0785004724409449
0
LINE
8
BLACK
6
CONTINUOUS
10
0.5480882283464567
20
-0.0785004724409449
11
0.5479394094488189
21
-0.0786157480314961
0
LINE
8
BLACK
6
CONTINUOUS
10
0.5479394094488189
20
-0.0786157480314961
11
0.5475605118110236
21
-0.0787190551181102
0
LINE
8
BLACK
6
CONTINUOUS
10
0.5475605118110236
20
-0.0787190551181102
11
0.547197716535433
21
-0.0788693700787402
0
LINE
8
BLACK
6
CONTINUOUS
10
0.547197716535433
20
-0.0788693700787402
11
0.5470094881889763
21
-0.0788693700787402
0
LINE
8
BLACK
6
CONTINUOUS
10
0.5470094881889763
20
-0.0788693700787402
11
0.5468279133858268
21
-0.0789188976377953
0
LINE
8
BLACK
6
CONTINUOUS
10
0.5468279133858268
20
-0.0789188976377953
11
0.5464382677165355
21
-0.0788693700787402
0
LINE
8
BLACK
6
CONTINUOUS
10
0.5464382677165355
20
-0.0788693700787402
11
0.5460455905511811
21
-0.0788693700787402
0
LINE
8
BLACK
6
CONTINUOUS
10
0.5460455905511811
20
-0.0788693700787402
11
0.5458717322834645
21
-0.0787973228346457
0
LINE
8
BLACK
6
CONTINUOUS
10
0.5458717322834645
20
-0.0787973228346457
11
0.545685
21
-0.0787736220472441
0
LINE
8
BLACK
6
CONTINUOUS
10
0.545685
20
-0.0787736220472441
11
0.5453438582677165
21
-0.0785787007874016
0
LINE
8
BLACK
6
CONTINUOUS
10
0.5453438582677165
20
-0.0785787007874016
11
0.5449811811023622
21
-0.0784284645669291
0
LINE
8
BLACK
6
CONTINUOUS
10
0.5449811811023622
20
-0.0784284645669291
11
0.5448481496062992
21
-0.0782954330708661
0
LINE
8
BLACK
6
CONTINUOUS
10
0.5448481496062992
20
-0.0782954330708661
11
0.5446846456692913
21
-0.0782020078740158
0
LINE
8
BLACK
6
CONTINUOUS
10
0.5446846456692913
20
-0.0782020078740158
11
0.544444094488189
21
-0.0778913779527559
0
LINE
8
BLACK
6
CONTINUOUS
10
0.544444094488189
20
-0.0778913779527559
11
0.5441665354330708
21
-0.0776138188976378
0
LINE
8
BLACK
6
CONTINUOUS
10
0.5441665354330708
20
-0.0776138188976378
11
0.5440944881889763
21
-0.0774399212598425
0
LINE
8
BLACK
6
CONTINUOUS
10
0.5440944881889763
20
-0.0774399212598425
11
0.5439792519685039
21
-0.0772911023622047
0
LINE
8
BLACK
6
CONTINUOUS
10
0.5439792519685039
20
-0.0772911023622047
11
0.543875905511811
21
-0.0769122047244094
0
LINE
8
BLACK
6
CONTINUOUS
10
0.543875905511811
20
-0.0769122047244094
11
0.5437256299212598
21
-0.0765494094488189
0
LINE
8
BLACK
6
CONTINUOUS
10
0.5437256299212598
20
-0.0765494094488189
11
0.5437253543307087
21
-0.0763601968503937
0
LINE
8
BLACK
6
CONTINUOUS
10
0.5437253543307087
20
-0.0763601968503937
11
0.5436761023622048
21
-0.0761796062992126
0
LINE
8
BLACK
6
CONTINUOUS
10
0.5436761023622048
20
-0.0761796062992126
11
0.5437245275590551
21
-0.0757983464566929
0
LINE
8
BLACK
6
CONTINUOUS
10
0.5437245275590551
20
-0.0757983464566929
11
0.5436688976377952
21
-0.0366032677165354
0
LINE
8
BLACK
6
CONTINUOUS
10
0.5436688976377952
20
-0.0366032677165354
11
0.5437256299212598
21
-0.0360272047244094
0
LINE
8
BLACK
6
CONTINUOUS
10
0.5437256299212598
20
-0.0360272047244094
11
0.5441665354330708
21
-0.0349627952755905
0
LINE
8
BLACK
6
CONTINUOUS
10
0.5441665354330708
20
-0.0349627952755905
11
0.5449811811023622
21
-0.0341481496062992
0
LINE
8
BLACK
6
CONTINUOUS
10
0.5449811811023622
20
-0.0341481496062992
11
0.5460455905511811
21
-0.0337072440944882
0
LINE
8
BLACK
6
CONTINUOUS
10
0.5460455905511811
20
-0.0337072440944882
11
0.547197716535433
21
-0.0337072440944882
0
LINE
8
BLACK
6
CONTINUOUS
10
0.547197716535433
20
-0.0337072440944882
11
0.5482621259842519
21
-0.0341481496062992
0
LINE
8
BLACK
6
CONTINUOUS
10
0.5482621259842519
20
-0.0341481496062992
11
0.5490767716535433
21
-0.0349627952755905
0
LINE
8
BLACK
6
CONTINUOUS
10
0.5490767716535433
20
-0.0349627952755905
11
0.5495176771653543
21
-0.0360272047244094
0
LINE
8
BLACK
6
CONTINUOUS
10
0.5495176771653543
20
-0.0360272047244094
11
0.5495587401574803
21
-0.0649673622047244
0
LINE
8
BLACK
6
CONTINUOUS
10
0.5495587401574803
20
-0.0649673622047244
11
0.5665551181102362
21
-0.0351382677165354
0
LINE
8
BLACK
6
CONTINUOUS
10
0.5665551181102362
20
-0.0351382677165354
11
0.5666412992125984
21
-0.035016811023622
0
LINE
8
BLACK
6
CONTINUOUS
10
0.5666412992125984
20
-0.035016811023622
11
0.5666637007874016
21
-0.0349627952755905
0
LINE
8
BLACK
6
CONTINUOUS
10
0.5666637007874016
20
-0.0349627952755905
11
0.5667187007874016
21
-0.0349077559055118
0
LINE
8
BLACK
6
CONTINUOUS
10
0.5667187007874016
20
-0.0349077559055118
11
0.5668901574803149
21
-0.0346662598425197
0
LINE
8
BLACK
6
CONTINUOUS
10
0.5668901574803149
20
-0.0346662598425197
11
0.5672007086614174
21
-0.0344257480314961
0
LINE
8
BLACK
6
CONTINUOUS
10
0.5672007086614174
20
-0.0344257480314961
11
0.5674783464566929
21
-0.0341481496062992
0
LINE
8
BLACK
6
CONTINUOUS
10
0.5674783464566929
20
-0.0341481496062992
11
0.5676522834645669
21
-0.034076062992126
0
LINE
8
BLACK
6
CONTINUOUS
10
0.5676522834645669
20
-0.034076062992126
11
0.5678011023622047
21
-0.0339608661417323
0
LINE
8
BLACK
6
CONTINUOUS
10
0.5678011023622047
20
-0.0339608661417323
11
0.5681798818897638
21
-0.0338575196850394
0
LINE
8
BLACK
6
CONTINUOUS
10
0.5681798818897638
20
-0.0338575196850394
11
0.5685427559055118
21
-0.0337072440944882
0
LINE
8
BLACK
6
CONTINUOUS
10
0.5685427559055118
20
-0.0337072440944882
11
0.5687309842519684
21
-0.0337072440944882
0
LINE
8
BLACK
6
CONTINUOUS
10
0.5687309842519684
20
-0.0337072440944882
11
0.5689125590551181
21
-0.0336577165354331
0
LINE
8
BLACK
6
CONTINUOUS
10
0.5689125590551181
20
-0.0336577165354331
11
0.5693022047244094
21
-0.0337072440944882
0
LINE
8
BLACK
6
CONTINUOUS
10
0.5895069291338583
20
-0.0341481496062992
11
0.5903215748031496
21
-0.0349627952755905
0
LINE
8
BLACK
6
CONTINUOUS
10
0.5903215748031496
20
-0.0349627952755905
11
0.5907624803149606
21
-0.0360272047244094
0
LINE
8
BLACK
6
CONTINUOUS
10
0.5907624803149606
20
-0.0360272047244094
11
0.5908192125984252
21
-0.0759733464566929
0
LINE
8
BLACK
6
CONTINUOUS
10
0.5908192125984252
20
-0.0759733464566929
11
0.5907624803149606
21
-0.0765494094488189
0
LINE
8
BLACK
6
CONTINUOUS
10
0.5907624803149606
20
-0.0765494094488189
11
0.5903215748031496
21
-0.0776138188976378
0
LINE
8
BLACK
6
CONTINUOUS
10
0.5903215748031496
20
-0.0776138188976378
11
0.5895069291338583
21
-0.0784284645669291
0
LINE
8
BLACK
6
CONTINUOUS
10
0.5895069291338583
20
-0.0784284645669291
11
0.5884425196850394
21
-0.0788693700787402
0
LINE
8
BLACK
6
CONTINUOUS
10
0.5884425196850394
20
-0.0788693700787402
11
0.5872903937007874
21
-0.0788693700787402
0
LINE
8
BLACK
6
CONTINUOUS
10
0.5872903937007874
20
-0.0788693700787402
11
0.5862259842519685
21
-0.0784284645669291
0
LINE
8
BLACK
6
CONTINUOUS
10
0.5862259842519685
20
-0.0784284645669291
11
0.5854113385826771
21
-0.0776138188976378
0
LINE
8
BLACK
6
CONTINUOUS
10
0.5854113385826771
20
-0.0776138188976378
11
0.5849704330708662
21
-0.0765494094488189
0
LINE
8
BLACK
6
CONTINUOUS
10
0.5849704330708662
20
-0.0765494094488189
11
0.5849137007874016
21
-0.0366032677165354
0
LINE
8
BLACK
6
CONTINUOUS
10
0.5849137007874016
20
-0.0366032677165354
11
0.5849704330708662
21
-0.0360272047244094
0
LINE
8
BLACK
6
CONTINUOUS
10
0.5849704330708662
20
-0.0360272047244094
11
0.5854113385826771
21
-0.0349627952755905
0
LINE
8
BLACK
6
CONTINUOUS
10
0.5854113385826771
20
-0.0349627952755905
11
0.5862259842519685
21
-0.0341481496062992
0
LINE
8
BLACK
6
CONTINUOUS
10
0.5862259842519685
20
-0.0341481496062992
11
0.5872903937007874
21
-0.0337072440944882
0
LINE
8
BLACK
6
CONTINUOUS
10
0.5872903937007874
20
-0.0337072440944882
11
0.5884425196850394
21
-0.0337072440944882
0
LINE
8
BLACK
6
CONTINUOUS
10
0.5884425196850394
20
-0.0337072440944882
11
0.5895069291338583
21
-0.0341481496062992
0
LINE
8
BLACK
6
CONTINUOUS
10
-0.2608683070866142
20
-0.0637822834645669
11
-0.2586615748031496
21
-0.0665494094488189
0
LINE
8
BLACK
6
CONTINUOUS
10
-0.2586615748031496
20
-0.0665494094488189
11
-0.2578740157480315
21
-0.07
0
LINE
8
BLACK
6
CONTINUOUS
10
-0.2578740157480315
20
-0.07
11
-0.2586615748031496
21
-0.0734505905511811
0
LINE
8
BLACK
6
CONTINUOUS
10
-0.2586615748031496
20
-0.0734505905511811
11
-0.2608683070866142
21
-0.0762177165354331
0
LINE
8
BLACK
6
CONTINUOUS
10
-0.2608683070866142
20
-0.0762177165354331
11
-0.264057125984252
21
-0.0777533464566929
0
LINE
8
BLACK
6
CONTINUOUS
10
-0.264057125984252
20
-0.0777533464566929
11
-0.2675964173228346
21
-0.0777533464566929
0
LINE
8
BLACK
6
CONTINUOUS
10
-0.2675964173228346
20
-0.0777533464566929
11
-0.2707852362204725
21
-0.0762177165354331
0
LINE
8
BLACK
6
CONTINUOUS
10
-0.2707852362204725
20
-0.0762177165354331
11
-0.272991968503937
21
-0.0734505905511811
0
LINE
8
BLACK
6
CONTINUOUS
10
-0.272991968503937
20
-0.0734505905511811
11
-0.2737795275590551
21
-0.07
0
LINE
8
BLACK
6
CONTINUOUS
10
-0.2737795275590551
20
-0.07
11
-0.272991968503937
21
-0.0665494094488189
0
LINE
8
BLACK
6
CONTINUOUS
10
-0.272991968503937
20
-0.0665494094488189
11
-0.2707852362204725
21
-0.0637822834645669
0
LINE
8
BLACK
6
CONTINUOUS
10
-0.2707852362204725
20
-0.0637822834645669
11
-0.2675964173228346
21
-0.0622466535433071
0
LINE
8
BLACK
6
CONTINUOUS
10
-0.2675964173228346
20
-0.0622466535433071
11
-0.264057125984252
21
-0.0622466535433071
0
LINE
8
BLACK
6
CONTINUOUS
10
-0.264057125984252
20
-0.0622466535433071
11
-0.2608683070866142
21
-0.0637822834645669
0
LINE
8
BLACK
6
CONTINUOUS
10
-0.2673936614173228
20
-0.0715668897637795
11
-0.2658267716535433
21
-0.072215905511811
0
LINE
8
BLACK
6
CONTINUOUS
10
-0.2658267716535433
20
-0.072215905511811
11
-0.2642598818897638
21
-0.0715668897637795
0
LINE
8
BLACK
6
CONTINUOUS
10
-0.2642598818897638
20
-0.0715668897637795
11
-0.2636108661417323
21
-0.07
0
LINE
8
BLACK
6
CONTINUOUS
10
-0.2636108661417323
20
-0.07
11
-0.2642598818897638
21
-0.0684331102362205
0
LINE
8
BLACK
6
CONTINUOUS
10
-0.2642598818897638
20
-0.0684331102362205
11
-0.2658267716535433
21
-0.067784094488189
0
LINE
8
BLACK
6
CONTINUOUS
10
-0.2658267716535433
20
-0.067784094488189
11
-0.2673936614173228
21
-0.0684331102362205
0
LINE
8
BLACK
6
CONTINUOUS
10
-0.2673936614173228
20
-0.0684331102362205
11
-0.2680426771653543
21
-0.07
0
LINE
8
BLACK
6
CONTINUOUS
10
-0.2680426771653543
20
-0.07
11
-0.2673936614173228
21
-0.0715668897637795
0
LINE
8
BLACK
6
CONTINUOUS
10
0.505812283464567
20
-0.0354860236220472
11
0.5068766929133858
21
-0.0359269291338583
0
LINE
8
BLACK
6
CONTINUOUS
10
0.5068766929133858
20
-0.0359269291338583
11
0.5076913385826771
21
-0.0367415748031496
0
LINE
8
BLACK
6
CONTINUOUS
10
0.5076913385826771
20
-0.0367415748031496
11
0.5081322440944882
21
-0.0378059842519685
0
LINE
8
BLACK
6
CONTINUOUS
10
0.5081322440944882
20
-0.0378059842519685
11
0.5081843700787402
21
-0.0709111811023622
0
LINE
8
BLACK
6
CONTINUOUS
10
0.5081843700787402
20
-0.0709111811023622
11
0.53
21
-0.0708623622047244
0
LINE
8
BLACK
6
CONTINUOUS
10
0.53
20
-0.0708623622047244
11
0.530576062992126
21
-0.070919094488189
0
LINE
8
BLACK
6
CONTINUOUS
10
0.530576062992126
20
-0.070919094488189
11
0.5316404724409449
21
-0.07136
0
LINE
8
BLACK
6
CONTINUOUS
10
0.5316404724409449
20
-0.07136
11
0.5324551181102362
21
-0.0721746456692913
0
LINE
8
BLACK
6
CONTINUOUS
10
0.5324551181102362
20
-0.0721746456692913
11
0.5328960236220472
21
-0.0732390551181102
0
LINE
8
BLACK
6
CONTINUOUS
10
0.5328960236220472
20
-0.0732390551181102
11
0.5328960236220472
21
-0.0743911811023622
0
LINE
8
BLACK
6
CONTINUOUS
10
0.5328960236220472
20
-0.0743911811023622
11
0.5324551181102362
21
-0.0754555905511811
0
LINE
8
BLACK
6
CONTINUOUS
10
0.5324551181102362
20
-0.0754555905511811
11
0.5316404724409449
21
-0.0762702362204724
0
LINE
8
BLACK
6
CONTINUOUS
10
0.5316404724409449
20
-0.0762702362204724
11
0.530576062992126
21
-0.0767111417322835
0
LINE
8
BLACK
6
CONTINUOUS
10
0.530576062992126
20
-0.0767111417322835
11
0.505236220472441
21
-0.076767874015748
0
LINE
8
BLACK
6
CONTINUOUS
10
0.505236220472441
20
-0.076767874015748
11
0.5046601574803149
21
-0.0767111417322835
0
LINE
8
BLACK
6
CONTINUOUS
10
0.5046601574803149
20
-0.0767111417322835
11
0.5035957480314961
21
-0.0762702362204724
0
LINE
8
BLACK
6
CONTINUOUS
10
0.5035957480314961
20
-0.0762702362204724
11
0.5027811023622047
21
-0.0754555905511811
0
LINE
8
BLACK
6
CONTINUOUS
10
0.5027811023622047
20
-0.0754555905511811
11
0.5023401968503937
21
-0.0743911811023622
0
LINE
8
BLACK
6
CONTINUOUS
10
0.5023401968503937
20
-0.0743911811023622
11
0.5022880314960629
21
-0.0412846850393701
0
LINE
8
BLACK
6
CONTINUOUS
10
0.5022880314960629
20
-0.0412846850393701
11
0.4786101968503937
21
-0.0413293307086614
0
LINE
8
BLACK
6
CONTINUOUS
10
0.4786101968503937
20
-0.0413293307086614
11
0.4786614173228346
21
-0.0738151181102362
0
LINE
8
BLACK
6
CONTINUOUS
10
0.4786614173228346
20
-0.0738151181102362
11
0.4786046850393701
21
-0.0743911811023622
0
LINE
8
BLACK
6
CONTINUOUS
10
0.4786046850393701
20
-0.0743911811023622
11
0.4781637795275591
21
-0.0754555905511811
0
LINE
8
BLACK
6
CONTINUOUS
10
0.4781637795275591
20
-0.0754555905511811
11
0.4773491338582677
21
-0.0762702362204724
0
LINE
8
BLACK
6
CONTINUOUS
10
0.4773491338582677
20
-0.0762702362204724
11
0.4762847244094488
21
-0.0767111417322835
0
LINE
8
BLACK
6
CONTINUOUS
10
0.4762847244094488
20
-0.0767111417322835
11
0.4501181102362204
21
-0.076767874015748
0
LINE
8
BLACK
6
CONTINUOUS
10
0.4501181102362204
20
-0.076767874015748
11
0.4495420472440945
21
-0.0767111417322835
0
LINE
8
BLACK
6
CONTINUOUS
10
0.4495420472440945
20
-0.0767111417322835
11
0.4484776377952756
21
-0.0762702362204724
0
LINE
8
BLACK
6
CONTINUOUS
10
0.4484776377952756
20
-0.0762702362204724
11
0.4476629921259843
21
-0.0754555905511811
0
LINE
8
BLACK
6
CONTINUOUS
10
0.4476629921259843
20
-0.0754555905511811
11
0.4472220866141732
21
-0.0743911811023622
0
LINE
8
BLACK
6
CONTINUOUS
10
0.4472220866141732
20
-0.0743911811023622
11
0.4472220866141732
21
-0.0732390551181102
0
LINE
8
BLACK
6
CONTINUOUS
10
0.4472220866141732
20
-0.0732390551181102
11
0.4476629921259843
21
-0.0721746456692913
0
LINE
8
BLACK
6
CONTINUOUS
10
0.4476629921259843
20
-0.0721746456692913
11
0.4484776377952756
21
-0.07136
0
LINE
8
BLACK
6
CONTINUOUS
10
0.4484776377952756
20
-0.07136
11
0.4495420472440945
21
-0.070919094488189
0
LINE
8
BLACK
6
CONTINUOUS
10
0.4495420472440945
20
-0.070919094488189
11
0.4728070866141732
21
-0.0708686220472441
0
LINE
8
BLACK
6
CONTINUOUS
10
0.4728070866141732
20
-0.0708686220472441
11
0.472755905511811
21
-0.0383820472440945
0
LINE
8
BLACK
6
CONTINUOUS
10
0.472755905511811
20
-0.0383820472440945
11
0.4728126377952756
21
-0.0378059842519685
0
LINE
8
BLACK
6
CONTINUOUS
10
0.4728126377952756
20
-0.0378059842519685
11
0.4732535433070866
21
-0.0367415748031496
0
LINE
8
BLACK
6
CONTINUOUS
10
0.4732535433070866
20
-0.0367415748031496
11
0.4740681889763779
21
-0.0359269291338583
0
LINE
8
BLACK
6
CONTINUOUS
10
0.4740681889763779
20
-0.0359269291338583
11
0.4751325984251968
21
-0.0354860236220472
0
LINE
8
BLACK
6
CONTINUOUS
10
0.4751325984251968
20
-0.0354860236220472
11
0.505236220472441
21
-0.0354292913385827
0
LINE
8
BLACK
6
CONTINUOUS
10
0.505236220472441
20
-0.0354292913385827
11
0.505812283464567
21
-0.0354860236220472
0
LINE
8
BLACK
6
CONTINUOUS
10
-0.5438204330708661
20
-0.0141955511811024
11
-0.5425420078740157
21
-0.0154739763779528
0
LINE
8
BLACK
6
CONTINUOUS
10
-0.5425420078740157
20
-0.0154739763779528
11
-0.5423622047244094
21
-0.0636220472440945
0
LINE
8
BLACK
6
CONTINUOUS
10
-0.5423622047244094
20
-0.0636220472440945
11
-0.5425420078740157
21
-0.0645260236220472
0
LINE
8
BLACK
6
CONTINUOUS
10
-0.5425420078740157
20
-0.0645260236220472
11
-0.5438204330708661
21
-0.0658044488188976
0
LINE
8
BLACK
6
CONTINUOUS
10
-0.5438204330708661
20
-0.0658044488188976
11
-0.6175590551181103
21
-0.0659842519685039
0
LINE
8
BLACK
6
CONTINUOUS
10
-0.6175590551181103
20
-0.0659842519685039
11
-0.618463031496063
21
-0.0658044488188976
0
LINE
8
BLACK
6
CONTINUOUS
10
-0.618463031496063
20
-0.0658044488188976
11
-0.6197414566929134
21
-0.0645260236220472
0
LINE
8
BLACK
6
CONTINUOUS
10
-0.6197414566929134
20
-0.0645260236220472
11
-0.6197414566929134
21
-0.0627180708661417
0
LINE
8
BLACK
6
CONTINUOUS
10
-0.6197414566929134
20
-0.0627180708661417
11
-0.618463031496063
21
-0.0614396456692913
0
LINE
8
BLACK
6
CONTINUOUS
10
-0.618463031496063
20
-0.0614396456692913
11
-0.5469190157480315
21
-0.061265157480315
0
LINE
8
BLACK
6
CONTINUOUS
10
-0.5469190157480315
20
-0.061265157480315
11
-0.5470784645669291
21
-0.0185682677165354
0
LINE
8
BLACK
6
CONTINUOUS
10
-0.5470784645669291
20
-0.0185682677165354
11
-0.6175590551181103
21
-0.018740157480315
0
LINE
8
BLACK
6
CONTINUOUS
10
-0.6175590551181103
20
-0.018740157480315
11
-0.618463031496063
21
-0.0185603543307087
0
LINE
8
BLACK
6
CONTINUOUS
10
-0.618463031496063
20
-0.0185603543307087
11
-0.6197414566929134
21
-0.0172819291338583
0
LINE
8
BLACK
6
CONTINUOUS
10
-0.6197414566929134
20
-0.0172819291338583
11
-0.6197414566929134
21
-0.0154739763779528
0
LINE
8
BLACK
6
CONTINUOUS
10
-0.6197414566929134
20
-0.0154739763779528
11
-0.618463031496063
21
-0.0141955511811024
0
LINE
8
BLACK
6
CONTINUOUS
10
-0.618463031496063
20
-0.0141955511811024
11
-0.5447244094488188
21
-0.0140157480314961
0
LINE
8
BLACK
6
CONTINUOUS
10
-0.5447244094488188
20
-0.0140157480314961
11
-0.5438204330708661
21
-0.0141955511811024
0
LINE
8
BLACK
6
CONTINUOUS
10
-0.6187023228346457
20
0.0955326377952756
11
-0.6174238976377953
21
0.0942542125984252
0
LINE
8
BLACK
6
CONTINUOUS
10
-0.6174238976377953
20
0.0942542125984252
11
-0.6174238976377953
21
0.0924462598425197
0
LINE
8
BLACK
6
CONTINUOUS
10
-0.6174238976377953
20
0.0924462598425197
11
-0.6187023228346457
21
0.0911678346456693
0
LINE
8
BLACK
6
CONTINUOUS
10
-0.6187023228346457
20
0.0911678346456693
11
-0.656392125984252
21
0.0909979133858268
0
LINE
8
BLACK
6
CONTINUOUS
10
-0.656392125984252
20
0.0909979133858268
11
-0.6562204724409448
21
0.022484094488189
0
LINE
8
BLACK
6
CONTINUOUS
10
-0.6562204724409448
20
0.022484094488189
11
-0.6564002755905511
21
0.0215801181102362
0
LINE
8
BLACK
6
CONTINUOUS
10
-0.6564002755905511
20
0.0215801181102362
11
-0.6576787007874015
21
0.0203016929133858
0
LINE
8
BLACK
6
CONTINUOUS
10
-0.6576787007874015
20
0.0203016929133858
11
-0.7156692913385827
21
0.0201218897637795
0
LINE
8
BLACK
6
CONTINUOUS
10
-0.7156692913385827
20
0.0201218897637795
11
-0.7165732677165354
21
0.0203016929133858
0
LINE
8
BLACK
6
CONTINUOUS
10
-0.7165732677165354
20
0.0203016929133858
11
-0.7178516929133858
21
0.0215801181102362
0
LINE
8
BLACK
6
CONTINUOUS
10
-0.7178516929133858
20
0.0215801181102362
11
-0.7178516929133858
21
0.0233880708661417
0
LINE
8
BLACK
6
CONTINUOUS
10
-0.7178516929133858
20
0.0233880708661417
11
-0.7165732677165354
21
0.0246664960629921
0
LINE
8
BLACK
6
CONTINUOUS
10
-0.7165732677165354
20
0.0246664960629921
11
-0.6607732677165354
21
0.0248395275590551
0
LINE
8
BLACK
6
CONTINUOUS
10
-0.6607732677165354
20
0.0248395275590551
11
-0.6609448818897637
21
0.0933502362204724
0
LINE
8
BLACK
6
CONTINUOUS
10
-0.6609448818897637
20
0.0933502362204724
11
-0.6607650787401574
21
0.0942542125984252
0
LINE
8
BLACK
6
CONTINUOUS
10
-0.6607650787401574
20
0.0942542125984252
11
-0.659486653543307
21
0.0955326377952756
0
LINE
8
BLACK
6
CONTINUOUS
10
-0.659486653543307
20
0.0955326377952756
11
-0.6196062992125985
21
0.0957124409448819
0
LINE
8
BLACK
6
CONTINUOUS
10
-0.6196062992125985
20
0.0957124409448819
11
-0.6187023228346457
21
0.0955326377952756
0
LINE
8
BLACK
6
CONTINUOUS
10
0.5877983070866142
20
0.0686907480314961
11
0.5878703149606299
21
0.0686979133858268
0
LINE
8
BLACK
6
CONTINUOUS
10
0.5878703149606299
20
0.0686979133858268
11
0.5879406299212598
21
0.0686767322834646
0
LINE
8
BLACK
6
CONTINUOUS
10
0.5879406299212598
20
0.0686767322834646
11
0.5881613385826772
21
0.0686549606299213
0
LINE
8
BLACK
6
CONTINUOUS
10
0.5881613385826772
20
0.0686549606299213
11
0.58856
21
0.068489842519685
0
LINE
8
BLACK
6
CONTINUOUS
10
0.58856
20
0.068489842519685
11
0.5889733070866141
21
0.0683651181102362
0
LINE
8
BLACK
6
CONTINUOUS
10
0.5889733070866141
20
0.0683651181102362
11
0.5890883858267716
21
0.0682709842519685
0
LINE
8
BLACK
6
CONTINUOUS
10
0.5890883858267716
20
0.0682709842519685
11
0.5892257480314961
21
0.0682140551181102
0
LINE
8
BLACK
6
CONTINUOUS
10
0.5892257480314961
20
0.0682140551181102
11
0.5895309842519685
21
0.0679088188976378
0
LINE
8
BLACK
6
CONTINUOUS
10
0.5895309842519685
20
0.0679088188976378
11
0.5898649606299212
21
0.0676355511811024
0
LINE
8
BLACK
6
CONTINUOUS
10
0.5898649606299212
20
0.0676355511811024
11
0.5899351968503936
21
0.0675046062992126
0
LINE
8
BLACK
6
CONTINUOUS
10
0.5899351968503936
20
0.0675046062992126
11
0.5900403937007874
21
0.0673994094488189
0
LINE
8
BLACK
6
CONTINUOUS
10
0.5900403937007874
20
0.0673994094488189
11
0.5902055511811023
21
0.0670006299212598
0
LINE
8
BLACK
6
CONTINUOUS
10
0.5902055511811023
20
0.0670006299212598
11
0.5904096062992126
21
0.0666203149606299
0
LINE
8
BLACK
6
CONTINUOUS
10
0.5904096062992126
20
0.0666203149606299
11
0.5904249606299212
21
0.0664709842519685
0
LINE
8
BLACK
6
CONTINUOUS
10
0.5904249606299212
20
0.0664709842519685
11
0.5904812992125984
21
0.066335
0
LINE
8
BLACK
6
CONTINUOUS
10
0.5904812992125984
20
0.066335
11
0.5904812992125984
21
0.0659239763779527
0
LINE
8
BLACK
6
CONTINUOUS
10
0.5904812992125984
20
0.0659239763779527
11
0.5923981496062992
21
0.0473051181102362
0
LINE
8
BLACK
6
CONTINUOUS
10
0.5923981496062992
20
0.0473051181102362
11
0.5923990157480314
21
0.0467262598425197
0
LINE
8
BLACK
6
CONTINUOUS
10
0.5923990157480314
20
0.0467262598425197
11
0.592356062992126
21
0.046583937007874
0
LINE
8
BLACK
6
CONTINUOUS
10
0.592356062992126
20
0.046583937007874
11
0.592356062992126
21
0.0464352755905512
0
LINE
8
BLACK
6
CONTINUOUS
10
0.592356062992126
20
0.0464352755905512
11
0.5921909448818897
21
0.0460366929133858
0
LINE
8
BLACK
6
CONTINUOUS
10
0.5921909448818897
20
0.0460366929133858
11
0.592066220472441
21
0.0456232677165354
0
LINE
8
BLACK
6
CONTINUOUS
10
0.592066220472441
20
0.0456232677165354
11
0.5919720078740157
21
0.0455081496062992
0
LINE
8
BLACK
6
CONTINUOUS
10
0.5919720078740157
20
0.0455081496062992
11
0.591915157480315
21
0.0453708661417323
0
LINE
8
BLACK
6
CONTINUOUS
10
0.591915157480315
20
0.0453708661417323
11
0.5916100787401575
21
0.0450658267716535
0
LINE
8
BLACK
6
CONTINUOUS
10
0.5916100787401575
20
0.0450658267716535
11
0.5913366535433071
21
0.0447316141732283
0
LINE
8
BLACK
6
CONTINUOUS
10
0.5913366535433071
20
0.0447316141732283
11
0.591205590551181
21
0.0446613385826772
0
LINE
8
BLACK
6
CONTINUOUS
10
0.591205590551181
20
0.0446613385826772
11
0.5911004724409449
21
0.0445561811023622
0
LINE
8
BLACK
6
CONTINUOUS
10
0.5911004724409449
20
0.0445561811023622
11
0.5907018503937008
21
0.0443911023622047
0
LINE
8
BLACK
6
CONTINUOUS
10
0.5907018503937008
20
0.0443911023622047
11
0.5903214173228346
21
0.044186968503937
0
LINE
8
BLACK
6
CONTINUOUS
10
0.5903214173228346
20
0.044186968503937
11
0.5901733858267716
21
0.0441722047244094
0
LINE
8
BLACK
6
CONTINUOUS
10
0.5901733858267716
20
0.0441722047244094
11
0.590036062992126
21
0.0441152755905512
0
LINE
8
BLACK
6
CONTINUOUS
10
0.590036062992126
20
0.0441152755905512
11
0.5896045275590551
21
0.0441152755905512
0
LINE
8
BLACK
6
CONTINUOUS
10
0.5896045275590551
20
0.0441152755905512
11
0.589175
21
0.0440723228346457
0
LINE
8
BLACK
6
CONTINUOUS
10
0.589175
20
0.0440723228346457
11
0.5890326377952756
21
0.0441152755905512
0
LINE
8
BLACK
6
CONTINUOUS
10
0.5890326377952756
20
0.0441152755905512
11
0.5888839763779528
21
0.0441152755905512
0
LINE
8
BLACK
6
CONTINUOUS
10
0.5888839763779528
20
0.0441152755905512
11
0.5884852755905512
21
0.0442804330708661
0
LINE
8
BLACK
6
CONTINUOUS
10
0.5884852755905512
20
0.0442804330708661
11
0.5880720078740157
21
0.0444051181102362
0
LINE
8
BLACK
6
CONTINUOUS
10
0.5880720078740157
20
0.0444051181102362
11
0.5879568897637795
21
0.0444992913385827
0
LINE
8
BLACK
6
CONTINUOUS
10
0.5879568897637795
20
0.0444992913385827
11
0.5878195669291338
21
0.0445561811023622
0
LINE
8
BLACK
6
CONTINUOUS
10
0.5878195669291338
20
0.0445561811023622
11
0.5874426771653544
21
0.0449200787401575
0
LINE
8
BLACK
6
CONTINUOUS
10
0.5874426771653544
20
0.0449200787401575
11
0.5871803543307087
21
0.0451346850393701
0
LINE
8
BLACK
6
CONTINUOUS
10
0.5871803543307087
20
0.0451346850393701
11
0.5871373622047243
21
0.045214842519685
0
LINE
8
BLACK
6
CONTINUOUS
10
0.5871373622047243
20
0.045214842519685
11
0.5857583464566929
21
0.0465461811023622
0
LINE
8
BLACK
6
CONTINUOUS
10
0.5857583464566929
20
0.0465461811023622
11
0.5830566929133858
21
0.0478570866141732
0
LINE
8
BLACK
6
CONTINUOUS
10
0.5830566929133858
20
0.0478570866141732
11
0.5750749606299213
21
0.0478115748031496
0
LINE
8
BLACK
6
CONTINUOUS
10
0.5750749606299213
20
0.0478115748031496
11
0.5723682283464567
21
0.0464177559055118
0
LINE
8
BLACK
6
CONTINUOUS
10
0.5723682283464567
20
0.0464177559055118
11
0.5711775196850394
21
0.0451844094488189
0
LINE
8
BLACK
6
CONTINUOUS
10
0.5711775196850394
20
0.0451844094488189
11
0.5698666141732284
21
0.0424827559055118
0
LINE
8
BLACK
6
CONTINUOUS
10
0.5698666141732284
20
0.0424827559055118
11
0.569912125984252
21
0.0345010236220472
0
LINE
8
BLACK
6
CONTINUOUS
10
0.569912125984252
20
0.0345010236220472
11
0.5713059842519685
21
0.0317942913385827
0
LINE
8
BLACK
6
CONTINUOUS
10
0.5713059842519685
20
0.0317942913385827
11
0.5725393307086614
21
0.0306035039370079
0
LINE
8
BLACK
6
CONTINUOUS
10
0.5725393307086614
20
0.0306035039370079
11
0.5752409448818897
21
0.0292926377952756
0
LINE
8
BLACK
6
CONTINUOUS
10
0.5752409448818897
20
0.0292926377952756
11
0.5832226771653544
21
0.0293381496062992
0
LINE
8
BLACK
6
CONTINUOUS
10
0.5832226771653544
20
0.0293381496062992
11
0.5859293700787401
21
0.030731968503937
0
LINE
8
BLACK
6
CONTINUOUS
10
0.5859293700787401
20
0.030731968503937
11
0.5873720866141732
21
0.0322262992125984
0
LINE
8
BLACK
6
CONTINUOUS
10
0.5873720866141732
20
0.0322262992125984
11
0.5878195669291338
21
0.0325935433070866
0
LINE
8
BLACK
6
CONTINUOUS
10
0.5878195669291338
20
0.0325935433070866
11
0.5888839763779528
21
0.0330344488188976
0
LINE
8
BLACK
6
CONTINUOUS
10
0.5888839763779528
20
0.0330344488188976
11
0.590036062992126
21
0.0330344488188976
0
LINE
8
BLACK
6
CONTINUOUS
10
0.590036062992126
20
0.0330344488188976
11
0.5911004724409449
21
0.0325935826771654
0
LINE
8
BLACK
6
CONTINUOUS
10
0.5911004724409449
20
0.0325935826771654
11
0.591915157480315
21
0.0317788976377953
0
LINE
8
BLACK
6
CONTINUOUS
10
0.591915157480315
20
0.0317788976377953
11
0.592356062992126
21
0.0307144881889764
0
LINE
8
BLACK
6
CONTINUOUS
10
0.592356062992126
20
0.0307144881889764
11
0.592356062992126
21
0.0295624015748031
0
LINE
8
BLACK
6
CONTINUOUS
10
0.592356062992126
20
0.0295624015748031
11
0.5919151968503937
21
0.0284979921259843
0
LINE
8
BLACK
6
CONTINUOUS
10
0.5919151968503937
20
0.0284979921259843
11
0.5896732283464566
21
0.0261757480314961
0
LINE
8
BLACK
6
CONTINUOUS
10
0.5896732283464566
20
0.0261757480314961
11
0.5894468503937008
21
0.02599
0
LINE
8
BLACK
6
CONTINUOUS
10
0.5894468503937008
20
0.02599
11
0.5893956692913386
21
0.0259309448818898
0
LINE
8
BLACK
6
CONTINUOUS
10
0.5893956692913386
20
0.0259309448818898
11
0.58934
21
0.0259023228346457
0
LINE
8
BLACK
6
CONTINUOUS
10
0.58934
20
0.0259023228346457
11
0.5892257480314961
21
0.0258085039370079
0
LINE
8
BLACK
6
CONTINUOUS
10
0.5892257480314961
20
0.0258085039370079
11
0.5888788582677166
21
0.025664842519685
0
LINE
8
BLACK
6
CONTINUOUS
10
0.5888788582677166
20
0.025664842519685
11
0.5851562598425196
21
0.0237478346456693
0
LINE
8
BLACK
6
CONTINUOUS
10
0.5851562598425196
20
0.0237478346456693
11
0.5846156299212598
21
0.0235409448818898
0
LINE
8
BLACK
6
CONTINUOUS
10
0.5846156299212598
20
0.0235409448818898
11
0.5845098031496063
21
0.0235334645669291
0
LINE
8
BLACK
6
CONTINUOUS
10
0.5845098031496063
20
0.0235334645669291
11
0.5844118110236221
21
0.0234928346456693
0
LINE
8
BLACK
6
CONTINUOUS
10
0.5844118110236221
20
0.0234928346456693
11
0.5838972047244094
21
0.0234899212598425
0
LINE
8
BLACK
6
CONTINUOUS
10
0.5838972047244094
20
0.0234899212598425
11
0.5834664173228347
21
0.0234592913385827
0
LINE
8
BLACK
6
CONTINUOUS
10
0.5834664173228347
20
0.0234592913385827
11
0.5833833464566929
21
0.0234870078740157
0
LINE
8
BLACK
6
CONTINUOUS
10
0.5833833464566929
20
0.0234870078740157
11
0.5744619291338583
21
0.0234361023622047
0
LINE
8
BLACK
6
CONTINUOUS
10
0.5744619291338583
20
0.0234361023622047
11
0.5738858661417323
21
0.0234928346456693
0
LINE
8
BLACK
6
CONTINUOUS
10
0.5738858661417323
20
0.0234928346456693
11
0.573787874015748
21
0.0235334251968504
0
LINE
8
BLACK
6
CONTINUOUS
10
0.573787874015748
20
0.0235334251968504
11
0.5736820078740157
21
0.0235409448818898
0
LINE
8
BLACK
6
CONTINUOUS
10
0.5736820078740157
20
0.0235409448818898
11
0.5731702362204725
21
0.0237892913385827
0
LINE
8
BLACK
6
CONTINUOUS
10
0.5731702362204725
20
0.0237892913385827
11
0.5728214566929134
21
0.0239337401574803
0
LINE
8
BLACK
6
CONTINUOUS
10
0.5728214566929134
20
0.0239337401574803
11
0.5727733464566929
21
0.0239818503937008
0
LINE
8
BLACK
6
CONTINUOUS
10
0.5727733464566929
20
0.0239818503937008
11
0.5693918897637795
21
0.0256225984251968
0
LINE
8
BLACK
6
CONTINUOUS
10
0.5693918897637795
20
0.0256225984251968
11
0.5691438582677165
21
0.0257787007874016
0
LINE
8
BLACK
6
CONTINUOUS
10
0.5691438582677165
20
0.0257787007874016
11
0.5690719291338583
21
0.0258085039370079
0
LINE
8
BLACK
6
CONTINUOUS
10
0.5690719291338583
20
0.0258085039370079
11
0.5690258267716535
21
0.025853031496063
0
LINE
8
BLACK
6
CONTINUOUS
10
0.5690258267716535
20
0.025853031496063
11
0.5689020078740157
21
0.0259309448818898
0
LINE
8
BLACK
6
CONTINUOUS
10
0.5689020078740157
20
0.0259309448818898
11
0.5686801968503937
21
0.0261867322834646
0
LINE
8
BLACK
6
CONTINUOUS
10
0.5686801968503937
20
0.0261867322834646
11
0.5667496850393701
21
0.0280505511811024
0
LINE
8
BLACK
6
CONTINUOUS
10
0.5667496850393701
20
0.0280505511811024
11
0.566563937007874
21
0.0282768897637795
0
LINE
8
BLACK
6
CONTINUOUS
10
0.566563937007874
20
0.0282768897637795
11
0.5665049606299213
21
0.028328031496063
0
LINE
8
BLACK
6
CONTINUOUS
10
0.5665049606299213
20
0.028328031496063
11
0.5664762992125985
21
0.0283836614173228
0
LINE
8
BLACK
6
CONTINUOUS
10
0.5664762992125985
20
0.0283836614173228
11
0.5663824803149606
21
0.0284979921259843
0
LINE
8
BLACK
6
CONTINUOUS
10
0.5663824803149606
20
0.0284979921259843
11
0.5662387795275591
21
0.0288449212598425
0
LINE
8
BLACK
6
CONTINUOUS
10
0.5662387795275591
20
0.0288449212598425
11
0.5643218503937008
21
0.0325674409448819
0
LINE
8
BLACK
6
CONTINUOUS
10
0.5643218503937008
20
0.0325674409448819
11
0.5641149606299213
21
0.0331080708661417
0
LINE
8
BLACK
6
CONTINUOUS
10
0.5641149606299213
20
0.0331080708661417
11
0.5641074409448819
21
0.0332138976377953
0
LINE
8
BLACK
6
CONTINUOUS
10
0.5641074409448819
20
0.0332138976377953
11
0.5640668503937007
21
0.0333118897637795
0
LINE
8
BLACK
6
CONTINUOUS
10
0.5640668503937007
20
0.0333118897637795
11
0.5640638976377953
21
0.0338264960629921
0
LINE
8
BLACK
6
CONTINUOUS
10
0.5640638976377953
20
0.0338264960629921
11
0.5640333070866141
21
0.0342572834645669
0
LINE
8
BLACK
6
CONTINUOUS
10
0.5640333070866141
20
0.0342572834645669
11
0.5640609842519685
21
0.0343403543307087
0
LINE
8
BLACK
6
CONTINUOUS
10
0.5640609842519685
20
0.0343403543307087
11
0.5640101181102362
21
0.0432617716535433
0
LINE
8
BLACK
6
CONTINUOUS
10
0.5640101181102362
20
0.0432617716535433
11
0.5640668503937007
21
0.0438378346456693
0
LINE
8
BLACK
6
CONTINUOUS
10
0.5640668503937007
20
0.0438378346456693
11
0.5641074409448819
21
0.0439358661417323
0
LINE
8
BLACK
6
CONTINUOUS
10
0.5641074409448819
20
0.0439358661417323
11
0.5641149606299213
21
0.0440416535433071
0
LINE
8
BLACK
6
CONTINUOUS
10
0.5641149606299213
20
0.0440416535433071
11
0.5643631496062992
21
0.0445532283464567
0
LINE
8
BLACK
6
CONTINUOUS
10
0.5643631496062992
20
0.0445532283464567
11
0.5645077559055118
21
0.0449022440944882
0
LINE
8
BLACK
6
CONTINUOUS
10
0.5645077559055118
20
0.0449022440944882
11
0.5645558661417323
21
0.0449503937007874
0
LINE
8
BLACK
6
CONTINUOUS
10
0.5645558661417323
20
0.0449503937007874
11
0.5661966141732283
21
0.048331811023622
0
LINE
8
BLACK
6
CONTINUOUS
10
0.5661966141732283
20
0.048331811023622
11
0.5663526771653543
21
0.048579842519685
0
LINE
8
BLACK
6
CONTINUOUS
10
0.5663526771653543
20
0.048579842519685
11
0.5663825196850394
21
0.0486517716535433
0
LINE
8
BLACK
6
CONTINUOUS
10
0.5663825196850394
20
0.0486517716535433
11
0.5664270078740158
21
0.048697874015748
0
LINE
8
BLACK
6
CONTINUOUS
10
0.5664270078740158
20
0.048697874015748
11
0.5665049606299213
21
0.0488216929133858
0
LINE
8
BLACK
6
CONTINUOUS
10
0.5665049606299213
20
0.0488216929133858
11
0.5667606299212599
21
0.0490434645669291
0
LINE
8
BLACK
6
CONTINUOUS
10
0.5667606299212599
20
0.0490434645669291
11
0.5686244881889764
21
0.0509739763779528
0
LINE
8
BLACK
6
CONTINUOUS
10
0.5686244881889764
20
0.0509739763779528
11
0.5688508267716536
21
0.0511597637795276
0
LINE
8
BLACK
6
CONTINUOUS
10
0.5688508267716536
20
0.0511597637795276
11
0.5689020078740157
21
0.0512187401574803
0
LINE
8
BLACK
6
CONTINUOUS
10
0.5689020078740157
20
0.0512187401574803
11
0.5689576377952755
21
0.0512474015748031
0
LINE
8
BLACK
6
CONTINUOUS
10
0.5689576377952755
20
0.0512474015748031
11
0.5690719291338583
21
0.0513411811023622
0
LINE
8
BLACK
6
CONTINUOUS
10
0.5690719291338583
20
0.0513411811023622
11
0.569418779527559
21
0.0514848818897638
0
LINE
8
BLACK
6
CONTINUOUS
10
0.569418779527559
20
0.0514848818897638
11
0.5731414173228346
21
0.0534018503937008
0
LINE
8
BLACK
6
CONTINUOUS
10
0.5731414173228346
20
0.0534018503937008
11
0.5736820078740157
21
0.0536087401574803
0
LINE
8
BLACK
6
CONTINUOUS
10
0.5736820078740157
20
0.0536087401574803
11
0.573787874015748
21
0.0536162992125984
0
LINE
8
BLACK
6
CONTINUOUS
10
0.573787874015748
20
0.0536162992125984
11
0.5738858661417323
21
0.0536568503937008
0
LINE
8
BLACK
6
CONTINUOUS
10
0.5738858661417323
20
0.0536568503937008
11
0.5744003937007874
21
0.0536598031496063
0
LINE
8
BLACK
6
CONTINUOUS
10
0.5744003937007874
20
0.0536598031496063
11
0.574831220472441
21
0.0536903937007874
0
LINE
8
BLACK
6
CONTINUOUS
10
0.574831220472441
20
0.0536903937007874
11
0.5749142519685039
21
0.0536627165354331
0
LINE
8
BLACK
6
CONTINUOUS
10
0.5749142519685039
20
0.0536627165354331
11
0.5838357480314961
21
0.0537135826771654
0
LINE
8
BLACK
6
CONTINUOUS
10
0.5838357480314961
20
0.0537135826771654
11
0.5844118110236221
21
0.0536568503937008
0
LINE
8
BLACK
6
CONTINUOUS
10
0.5844118110236221
20
0.0536568503937008
11
0.5845098031496063
21
0.0536162598425197
0
LINE
8
BLACK
6
CONTINUOUS
10
0.5845098031496063
20
0.0536162598425197
11
0.5846156299212598
21
0.0536087401574803
0
LINE
8
BLACK
6
CONTINUOUS
10
0.5846156299212598
20
0.0536087401574803
11
0.5851271653543307
21
0.0533605511811024
0
LINE
8
BLACK
6
CONTINUOUS
10
0.5851271653543307
20
0.0533605511811024
11
0.585476220472441
21
0.0532159448818898
0
LINE
8
BLACK
6
CONTINUOUS
10
0.585476220472441
20
0.0532159448818898
11
0.5855243307086614
21
0.0531678346456693
0
LINE
8
BLACK
6
CONTINUOUS
10
0.5855243307086614
20
0.0531678346456693
11
0.5859336220472441
21
0.0529692519685039
0
LINE
8
BLACK
6
CONTINUOUS
10
0.5859336220472441
20
0.0529692519685039
11
0.5849160236220472
21
0.0628533858267716
0
LINE
8
BLACK
6
CONTINUOUS
10
0.5849160236220472
20
0.0628533858267716
11
0.5688376377952756
21
0.0628061811023622
0
LINE
8
BLACK
6
CONTINUOUS
10
0.5688376377952756
20
0.0628061811023622
11
0.5682615748031495
21
0.0628629133858268
0
LINE
8
BLACK
6
CONTINUOUS
10
0.5682615748031495
20
0.0628629133858268
11
0.5671971653543307
21
0.0633038188976378
0
LINE
8
BLACK
6
CONTINUOUS
10
0.5671971653543307
20
0.0633038188976378
11
0.5663825196850394
21
0.0641184645669291
0
LINE
8
BLACK
6
CONTINUOUS
10
0.5663825196850394
20
0.0641184645669291
11
0.5659416141732283
21
0.065182874015748
0
LINE
8
BLACK
6
CONTINUOUS
10
0.5659416141732283
20
0.065182874015748
11
0.5659416141732283
21
0.066335
0
LINE
8
BLACK
6
CONTINUOUS
10
0.5659416141732283
20
0.066335
11
0.5663825196850394
21
0.0673994094488189
0
LINE
8
BLACK
6
CONTINUOUS
10
0.5663825196850394
20
0.0673994094488189
11
0.5671971653543307
21
0.0682140551181102
0
LINE
8
BLACK
6
CONTINUOUS
10
0.5671971653543307
20
0.0682140551181102
11
0.5682615748031495
21
0.0686549606299213
0
LINE
8
BLACK
6
CONTINUOUS
10
0.5682615748031495
20
0.0686549606299213
11
0.5875852755905512
21
0.0687116929133858
0
LINE
8
BLACK
6
CONTINUOUS
10
0.5875852755905512
20
0.0687116929133858
11
0.5877983070866142
21
0.0686907480314961
0
LINE
8
BLACK
6
CONTINUOUS
10
0.5571765354330709
20
0.0683241732283465
11
0.5580469291338582
21
0.0675692913385827
0
LINE
8
BLACK
6
CONTINUOUS
10
0.5580469291338582
20
0.0675692913385827
11
0.5585621259842519
21
0.0665388188976378
0
LINE
8
BLACK
6
CONTINUOUS
10
0.5585621259842519
20
0.0665388188976378
11
0.5586438188976378
21
0.0653896062992126
0
LINE
8
BLACK
6
CONTINUOUS
10
0.5586438188976378
20
0.0653896062992126
11
0.5453921259842519
21
0.0254551181102362
0
LINE
8
BLACK
6
CONTINUOUS
10
0.5453921259842519
20
0.0254551181102362
11
0.5451561417322834
21
0.0249265354330709
0
LINE
8
BLACK
6
CONTINUOUS
10
0.5451561417322834
20
0.0249265354330709
11
0.545017874015748
21
0.0247671653543307
0
LINE
8
BLACK
6
CONTINUOUS
10
0.545017874015748
20
0.0247671653543307
11
0.5449235826771653
21
0.0245785039370079
0
LINE
8
BLACK
6
CONTINUOUS
10
0.5449235826771653
20
0.0245785039370079
11
0.5446438976377953
21
0.0243359448818898
0
LINE
8
BLACK
6
CONTINUOUS
10
0.5446438976377953
20
0.0243359448818898
11
0.5444012598425196
21
0.0240561811023622
0
LINE
8
BLACK
6
CONTINUOUS
10
0.5444012598425196
20
0.0240561811023622
11
0.5442125196850394
21
0.0239618503937008
0
LINE
8
BLACK
6
CONTINUOUS
10
0.5442125196850394
20
0.0239618503937008
11
0.5440531889763779
21
0.0238236220472441
0
LINE
8
BLACK
6
CONTINUOUS
10
0.5440531889763779
20
0.0238236220472441
11
0.5437019291338583
21
0.0237065748031496
0
LINE
8
BLACK
6
CONTINUOUS
10
0.5437019291338583
20
0.0237065748031496
11
0.5433708267716535
21
0.0235409842519685
0
LINE
8
BLACK
6
CONTINUOUS
10
0.5433708267716535
20
0.0235409842519685
11
0.5431603937007874
21
0.023526062992126
0
LINE
8
BLACK
6
CONTINUOUS
10
0.5431603937007874
20
0.023526062992126
11
0.5429601968503937
21
0.0234592913385827
0
LINE
8
BLACK
6
CONTINUOUS
10
0.5429601968503937
20
0.0234592913385827
11
0.542590905511811
21
0.0234855511811024
0
LINE
8
BLACK
6
CONTINUOUS
10
0.542590905511811
20
0.0234855511811024
11
0.5422216141732283
21
0.0234592913385827
0
LINE
8
BLACK
6
CONTINUOUS
10
0.5422216141732283
20
0.0234592913385827
11
0.5420213779527558
21
0.023526062992126
0
LINE
8
BLACK
6
CONTINUOUS
10
0.5420213779527558
20
0.023526062992126
11
0.5418109842519685
21
0.0235409842519685
0
LINE
8
BLACK
6
CONTINUOUS
10
0.5418109842519685
20
0.0235409842519685
11
0.5414799606299212
21
0.0237065354330709
0
LINE
8
BLACK
6
CONTINUOUS
10
0.5414799606299212
20
0.0237065354330709
11
0.5411285826771653
21
0.0238236220472441
0
LINE
8
BLACK
6
CONTINUOUS
10
0.5411285826771653
20
0.0238236220472441
11
0.540969094488189
21
0.023961968503937
0
LINE
8
BLACK
6
CONTINUOUS
10
0.540969094488189
20
0.023961968503937
11
0.5407805511811024
21
0.0240562204724409
0
LINE
8
BLACK
6
CONTINUOUS
10
0.5407805511811024
20
0.0240562204724409
11
0.5405380708661417
21
0.0243357874015748
0
LINE
8
BLACK
6
CONTINUOUS
10
0.5405380708661417
20
0.0243357874015748
11
0.5402582283464566
21
0.0245785039370079
0
LINE
8
BLACK
6
CONTINUOUS
10
0.5402582283464566
20
0.0245785039370079
11
0.5401638582677165
21
0.0247672440944882
0
LINE
8
BLACK
6
CONTINUOUS
10
0.5401638582677165
20
0.0247672440944882
11
0.5400256692913386
21
0.0249265748031496
0
LINE
8
BLACK
6
CONTINUOUS
10
0.5400256692913386
20
0.0249265748031496
11
0.539906968503937
21
0.0252809842519685
0
LINE
8
BLACK
6
CONTINUOUS
10
0.539906968503937
20
0.0252809842519685
11
0.539743031496063
21
0.025608937007874
0
LINE
8
BLACK
6
CONTINUOUS
10
0.539743031496063
20
0.025608937007874
11
0.5397284251968504
21
0.0258142913385827
0
LINE
8
BLACK
6
CONTINUOUS
10
0.5397284251968504
20
0.0258142913385827
11
0.5266663385826772
21
0.0648251968503937
0
LINE
8
BLACK
6
CONTINUOUS
10
0.5266663385826772
20
0.0648251968503937
11
0.5265379921259843
21
0.0653896456692913
0
LINE
8
BLACK
6
CONTINUOUS
10
0.5265379921259843
20
0.0653896456692913
11
0.5266196850393701
21
0.0665388582677165
0
LINE
8
BLACK
6
CONTINUOUS
10
0.5266196850393701
20
0.0665388582677165
11
0.5271348818897638
21
0.0675692913385827
0
LINE
8
BLACK
6
CONTINUOUS
10
0.5271348818897638
20
0.0675692913385827
11
0.5280052362204725
21
0.0683241732283465
0
LINE
8
BLACK
6
CONTINUOUS
10
0.5280052362204725
20
0.0683241732283465
11
0.5290982677165355
21
0.0686885039370079
0
LINE
8
BLACK
6
CONTINUOUS
10
0.5290982677165355
20
0.0686885039370079
11
0.5302474803149606
21
0.0686068110236221
0
LINE
8
BLACK
6
CONTINUOUS
10
0.5302474803149606
20
0.0686068110236221
11
0.5312779133858267
21
0.0680916141732283
0
LINE
8
BLACK
6
CONTINUOUS
10
0.5312779133858267
20
0.0680916141732283
11
0.5320327952755906
21
0.0672212598425197
0
LINE
8
BLACK
6
CONTINUOUS
10
0.5320327952755906
20
0.0672212598425197
11
0.5426079133858268
21
0.0356378346456693
0
LINE
8
BLACK
6
CONTINUOUS
10
0.5426079133858268
20
0.0356378346456693
11
0.552913031496063
21
0.0666926771653543
0
LINE
8
BLACK
6
CONTINUOUS
10
0.552913031496063
20
0.0666926771653543
11
0.5531490157480314
21
0.0672212204724409
0
LINE
8
BLACK
6
CONTINUOUS
10
0.5531490157480314
20
0.0672212204724409
11
0.5539038976377952
21
0.0680915748031496
0
LINE
8
BLACK
6
CONTINUOUS
10
0.5539038976377952
20
0.0680915748031496
11
0.5549343307086614
21
0.0686068110236221
0
LINE
8
BLACK
6
CONTINUOUS
10
0.5549343307086614
20
0.0686068110236221
11
0.5560835433070866
21
0.0686885039370079
0
LINE
8
BLACK
6
CONTINUOUS
10
0.5560835433070866
20
0.0686885039370079
11
0.5571765354330709
21
0.0683241732283465
0
LINE
8
BLACK
6
CONTINUOUS
10
-0.5835613779527559
20
0.0321036614173228
11
-0.5822829527559055
21
0.0308252362204724
0
LINE
8
BLACK
6
CONTINUOUS
10
-0.5822829527559055
20
0.0308252362204724
11
-0.5822829527559055
21
0.0290172834645669
0
LINE
8
BLACK
6
CONTINUOUS
10
-0.5822829527559055
20
0.0290172834645669
11
-0.5835613779527559
21
0.0277388582677165
0
LINE
8
BLACK
6
CONTINUOUS
10
-0.5835613779527559
20
0.0277388582677165
11
-0.5955346456692914
21
0.0275590551181102
0
LINE
8
BLACK
6
CONTINUOUS
10
-0.5955346456692914
20
0.0275590551181102
11
-0.5964386220472441
21
0.0277388582677165
0
LINE
8
BLACK
6
CONTINUOUS
10
-0.5964386220472441
20
0.0277388582677165
11
-0.5977170472440945
21
0.0290172834645669
0
LINE
8
BLACK
6
CONTINUOUS
10
-0.5977170472440945
20
0.0290172834645669
11
-0.5977170472440945
21
0.0308252362204724
0
LINE
8
BLACK
6
CONTINUOUS
10
-0.5977170472440945
20
0.0308252362204724
11
-0.5964386220472441
21
0.0321036614173228
0
LINE
8
BLACK
6
CONTINUOUS
10
-0.5964386220472441
20
0.0321036614173228
11
-0.5844653543307087
21
0.0322834645669291
0
LINE
8
BLACK
6
CONTINUOUS
10
-0.5844653543307087
20
0.0322834645669291
11
-0.5835613779527559
21
0.0321036614173228
0
LINE
8
BLACK
6
CONTINUOUS
10
-0.1780104330708661
20
0.0713750393700787
11
-0.1779127165354331
21
0.0713848031496063
0
LINE
8
BLACK
6
CONTINUOUS
10
-0.1779127165354331
20
0.0713848031496063
11
-0.1778655905511811
21
0.0713462598425197
0
LINE
8
BLACK
6
CONTINUOUS
10
-0.1778655905511811
20
0.0713462598425197
11
-0.1777279921259843
21
0.0713188582677165
0
LINE
8
BLACK
6
CONTINUOUS
10
-0.1777279921259843
20
0.0713188582677165
11
-0.1772595275590551
21
0.0708503937007874
0
LINE
8
BLACK
6
CONTINUOUS
10
-0.1772595275590551
20
0.0708503937007874
11
-0.1767466141732283
21
0.0704307480314961
0
LINE
8
BLACK
6
CONTINUOUS
10
-0.1767466141732283
20
0.0704307480314961
11
-0.176735157480315
21
0.0703260236220472
0
LINE
8
BLACK
6
CONTINUOUS
10
-0.176735157480315
20
0.0703260236220472
11
-0.1766626377952756
21
0.0702535039370079
0
LINE
8
BLACK
6
CONTINUOUS
10
-0.1766626377952756
20
0.0702535039370079
11
-0.1766626377952756
21
0.0696643700787402
0
LINE
8
BLACK
6
CONTINUOUS
10
-0.1766626377952756
20
0.0696643700787402
11
-0.1750227165354331
21
0.0546979527559055
0
LINE
8
BLACK
6
CONTINUOUS
10
-0.1750227165354331
20
0.0546979527559055
11
-0.1750968503937008
21
0.0539335039370079
0
LINE
8
BLACK
6
CONTINUOUS
10
-0.1750968503937008
20
0.0539335039370079
11
-0.1751628346456693
21
0.0538529133858268
0
LINE
8
BLACK
6
CONTINUOUS
10
-0.1751628346456693
20
0.0538529133858268
11
-0.1751627952755906
21
0.0537487795275591
0
LINE
8
BLACK
6
CONTINUOUS
10
-0.1751627952755906
20
0.0537487795275591
11
-0.1756312992125984
21
0.0532803149606299
0
LINE
8
BLACK
6
CONTINUOUS
10
-0.1756312992125984
20
0.0532803149606299
11
-0.176050905511811
21
0.0527674015748031
0
LINE
8
BLACK
6
CONTINUOUS
10
-0.176050905511811
20
0.0527674015748031
11
-0.1761545669291339
21
0.0527570472440945
0
LINE
8
BLACK
6
CONTINUOUS
10
-0.1761545669291339
20
0.0527570472440945
11
-0.1762281102362205
21
0.0526834645669291
0
LINE
8
BLACK
6
CONTINUOUS
10
-0.1762281102362205
20
0.0526834645669291
11
-0.1768904330708661
21
0.0526834645669291
0
LINE
8
BLACK
6
CONTINUOUS
10
-0.1768904330708661
20
0.0526834645669291
11
-0.1775500393700787
21
0.0526174803149606
0
LINE
8
BLACK
6
CONTINUOUS
10
-0.1775500393700787
20
0.0526174803149606
11
-0.1776306692913386
21
0.0526834645669291
0
LINE
8
BLACK
6
CONTINUOUS
10
-0.1776306692913386
20
0.0526834645669291
11
-0.1777347637795275
21
0.0526834251968504
0
LINE
8
BLACK
6
CONTINUOUS
10
-0.1777347637795275
20
0.0526834251968504
11
-0.1798699212598425
21
0.0546069291338583
0
LINE
8
BLACK
6
CONTINUOUS
10
-0.1798699212598425
20
0.0546069291338583
11
-0.1821761023622047
21
0.0556567322834646
0
LINE
8
BLACK
6
CONTINUOUS
10
-0.1821761023622047
20
0.0556567322834646
11
-0.1887265748031496
21
0.0555377952755906
0
LINE
8
BLACK
6
CONTINUOUS
10
-0.1887265748031496
20
0.0555377952755906
11
-0.1910386220472441
21
0.0542744094488189
0
LINE
8
BLACK
6
CONTINUOUS
10
-0.1910386220472441
20
0.0542744094488189
11
-0.1920844488188976
21
0.0531135826771654
0
LINE
8
BLACK
6
CONTINUOUS
10
-0.1920844488188976
20
0.0531135826771654
11
-0.1931342519685039
21
0.0508073228346457
0
LINE
8
BLACK
6
CONTINUOUS
10
-0.1931342519685039
20
0.0508073228346457
11
-0.1930153149606299
21
0.0442568503937008
0
LINE
8
BLACK
6
CONTINUOUS
10
-0.1930153149606299
20
0.0442568503937008
11
-0.1917518897637795
21
0.0419447637795276
0
LINE
8
BLACK
6
CONTINUOUS
10
-0.1917518897637795
20
0.0419447637795276
11
-0.1905910236220472
21
0.0408988976377953
0
LINE
8
BLACK
6
CONTINUOUS
10
-0.1905910236220472
20
0.0408988976377953
11
-0.1882848031496063
21
0.0398491338582677
0
LINE
8
BLACK
6
CONTINUOUS
10
-0.1882848031496063
20
0.0398491338582677
11
-0.1817343700787402
21
0.0399680708661417
0
LINE
8
BLACK
6
CONTINUOUS
10
-0.1817343700787402
20
0.0399680708661417
11
-0.1794222440944882
21
0.0412315354330709
0
LINE
8
BLACK
6
CONTINUOUS
10
-0.1794222440944882
20
0.0412315354330709
11
-0.1783733858267716
21
0.0423957086614173
0
LINE
8
BLACK
6
CONTINUOUS
10
-0.1783733858267716
20
0.0423957086614173
11
-0.1777347637795275
21
0.0428224409448819
0
LINE
8
BLACK
6
CONTINUOUS
10
-0.1777347637795275
20
0.0428224409448819
11
-0.1762281496062992
21
0.0428224409448819
0
LINE
8
BLACK
6
CONTINUOUS
10
-0.1762281496062992
20
0.0428224409448819
11
-0.1751627952755906
21
0.0417570866141732
0
LINE
8
BLACK
6
CONTINUOUS
10
-0.1751627952755906
20
0.0417570866141732
11
-0.1751627952755906
21
0.0402504724409449
0
LINE
8
BLACK
6
CONTINUOUS
10
-0.1751627952755906
20
0.0402504724409449
11
-0.1769923228346457
21
0.0382197637795276
0
LINE
8
BLACK
6
CONTINUOUS
10
-0.1769923228346457
20
0.0382197637795276
11
-0.1769941732283465
21
0.0382141732283465
0
LINE
8
BLACK
6
CONTINUOUS
10
-0.1769941732283465
20
0.0382141732283465
11
-0.1770003937007874
21
0.0382107874015748
0
LINE
8
BLACK
6
CONTINUOUS
10
-0.1770003937007874
20
0.0382107874015748
11
-0.1770893700787401
21
0.0381120078740157
0
LINE
8
BLACK
6
CONTINUOUS
10
-0.1770893700787401
20
0.0381120078740157
11
-0.1777279921259843
21
0.0376852755905512
0
LINE
8
BLACK
6
CONTINUOUS
10
-0.1777279921259843
20
0.0376852755905512
11
-0.1779620472440945
21
0.0376852755905512
0
LINE
8
BLACK
6
CONTINUOUS
10
-0.1779620472440945
20
0.0376852755905512
11
-0.1806005511811024
21
0.0362434645669291
0
LINE
8
BLACK
6
CONTINUOUS
10
-0.1806005511811024
20
0.0362434645669291
11
-0.1806956692913386
21
0.0362174409448819
0
LINE
8
BLACK
6
CONTINUOUS
10
-0.1806956692913386
20
0.0362174409448819
11
-0.1807275984251968
21
0.0361854724409449
0
LINE
8
BLACK
6
CONTINUOUS
10
-0.1807275984251968
20
0.0361854724409449
11
-0.1808183464566929
21
0.0361838582677165
0
LINE
8
BLACK
6
CONTINUOUS
10
-0.1808183464566929
20
0.0361838582677165
11
-0.1813413385826772
21
0.0360405905511811
0
LINE
8
BLACK
6
CONTINUOUS
10
-0.1813413385826772
20
0.0360405905511811
11
-0.1817218503937008
21
0.0361674409448819
0
LINE
8
BLACK
6
CONTINUOUS
10
-0.1817218503937008
20
0.0361674409448819
11
-0.1889799606299213
21
0.0360356299212598
0
LINE
8
BLACK
6
CONTINUOUS
10
-0.1889799606299213
20
0.0360356299212598
11
-0.1890766929133858
21
0.0360548818897638
0
LINE
8
BLACK
6
CONTINUOUS
10
-0.1890766929133858
20
0.0360548818897638
11
-0.1891194881889764
21
0.0360405905511811
0
LINE
8
BLACK
6
CONTINUOUS
10
-0.1891194881889764
20
0.0360405905511811
11
-0.1892084251968504
21
0.0360811023622047
0
LINE
8
BLACK
6
CONTINUOUS
10
-0.1892084251968504
20
0.0360811023622047
11
-0.1897332677165354
21
0.0361854724409449
0
LINE
8
BLACK
6
CONTINUOUS
10
-0.1897332677165354
20
0.0361854724409449
11
-0.1899801968503937
21
0.0364324015748031
0
LINE
8
BLACK
6
CONTINUOUS
10
-0.1899801968503937
20
0.0364324015748031
11
-0.1927326377952756
21
0.0376853149606299
0
LINE
8
BLACK
6
CONTINUOUS
10
-0.1927326377952756
20
0.0376853149606299
11
-0.1927329527559055
21
0.0376853149606299
0
LINE
8
BLACK
6
CONTINUOUS
10
-0.1927329527559055
20
0.0376853149606299
11
-0.1927333070866142
21
0.0376856299212598
0
LINE
8
BLACK
6
CONTINUOUS
10
-0.1927333070866142
20
0.0376856299212598
11
-0.1928599212598425
21
0.0377432677165354
0
LINE
8
BLACK
6
CONTINUOUS
10
-0.1928599212598425
20
0.0377432677165354
11
-0.1934666929133858
21
0.0382141732283465
0
LINE
8
BLACK
6
CONTINUOUS
10
-0.1934666929133858
20
0.0382141732283465
11
-0.1935296850393701
21
0.0384031102362205
0
LINE
8
BLACK
6
CONTINUOUS
10
-0.1935296850393701
20
0.0384031102362205
11
-0.1947637007874016
21
0.039514842519685
0
LINE
8
BLACK
6
CONTINUOUS
10
-0.1947637007874016
20
0.039514842519685
11
-0.1947691732283464
21
0.0395166535433071
0
LINE
8
BLACK
6
CONTINUOUS
10
-0.1947691732283464
20
0.0395166535433071
11
-0.1947725590551181
21
0.0395228346456693
0
LINE
8
BLACK
6
CONTINUOUS
10
-0.1947725590551181
20
0.0395228346456693
11
-0.1948713779527559
21
0.0396118503937008
0
LINE
8
BLACK
6
CONTINUOUS
10
-0.1948713779527559
20
0.0396118503937008
11
-0.1952980708661417
21
0.0402504724409449
0
LINE
8
BLACK
6
CONTINUOUS
10
-0.1952980708661417
20
0.0402504724409449
11
-0.1952980708661417
21
0.0404845669291339
0
LINE
8
BLACK
6
CONTINUOUS
10
-0.1952980708661417
20
0.0404845669291339
11
-0.1967398818897638
21
0.043123031496063
0
LINE
8
BLACK
6
CONTINUOUS
10
-0.1967398818897638
20
0.043123031496063
11
-0.1967659448818898
21
0.0432181496062992
0
LINE
8
BLACK
6
CONTINUOUS
10
-0.1967659448818898
20
0.0432181496062992
11
-0.196797874015748
21
0.0432500787401575
0
LINE
8
BLACK
6
CONTINUOUS
10
-0.196797874015748
20
0.0432500787401575
11
-0.1967995275590551
21
0.0433408267716535
0
LINE
8
BLACK
6
CONTINUOUS
10
-0.1967995275590551
20
0.0433408267716535
11
-0.1969427559055118
21
0.0438638188976378
0
LINE
8
BLACK
6
CONTINUOUS
10
-0.1969427559055118
20
0.0438638188976378
11
-0.1968159448818897
21
0.0442443307086614
0
LINE
8
BLACK
6
CONTINUOUS
10
-0.1968159448818897
20
0.0442443307086614
11
-0.1969477165354331
21
0.0515024409448819
0
LINE
8
BLACK
6
CONTINUOUS
10
-0.1969477165354331
20
0.0515024409448819
11
-0.1969285039370079
21
0.0515991732283465
0
LINE
8
BLACK
6
CONTINUOUS
10
-0.1969285039370079
20
0.0515991732283465
11
-0.1969427559055118
21
0.051641968503937
0
LINE
8
BLACK
6
CONTINUOUS
10
-0.1969427559055118
20
0.051641968503937
11
-0.1969022834645669
21
0.051730905511811
0
LINE
8
BLACK
6
CONTINUOUS
10
-0.1969022834645669
20
0.051730905511811
11
-0.196797874015748
21
0.0522557480314961
0
LINE
8
BLACK
6
CONTINUOUS
10
-0.196797874015748
20
0.0522557480314961
11
-0.1965509842519685
21
0.0525026771653543
0
LINE
8
BLACK
6
CONTINUOUS
10
-0.1965509842519685
20
0.0525026771653543
11
-0.1952980708661417
21
0.0552550787401575
0
LINE
8
BLACK
6
CONTINUOUS
10
-0.1952980708661417
20
0.0552550787401575
11
-0.1952980708661417
21
0.0552553937007874
0
LINE
8
BLACK
6
CONTINUOUS
10
-0.1952980708661417
20
0.0552553937007874
11
-0.1952977559055118
21
0.0552557874015748
0
LINE
8
BLACK
6
CONTINUOUS
10
-0.1952977559055118
20
0.0552557874015748
11
-0.1952400787401575
21
0.0553824409448819
0
LINE
8
BLACK
6
CONTINUOUS
10
-0.1952400787401575
20
0.0553824409448819
11
-0.1947691732283464
21
0.0559891732283465
0
LINE
8
BLACK
6
CONTINUOUS
10
-0.1947691732283464
20
0.0559891732283465
11
-0.1945803149606299
21
0.0560521653543307
0
LINE
8
BLACK
6
CONTINUOUS
10
-0.1945803149606299
20
0.0560521653543307
11
-0.1934685039370079
21
0.0572862598425197
0
LINE
8
BLACK
6
CONTINUOUS
10
-0.1934685039370079
20
0.0572862598425197
11
-0.1934666929133858
21
0.0572916535433071
0
LINE
8
BLACK
6
CONTINUOUS
10
-0.1934666929133858
20
0.0572916535433071
11
-0.1934606692913386
21
0.057295
0
LINE
8
BLACK
6
CONTINUOUS
10
-0.1934606692913386
20
0.057295
11
-0.1933715748031496
21
0.0573938188976378
0
LINE
8
BLACK
6
CONTINUOUS
10
-0.1933715748031496
20
0.0573938188976378
11
-0.1927329527559055
21
0.0578205511811024
0
LINE
8
BLACK
6
CONTINUOUS
10
-0.1927329527559055
20
0.0578205511811024
11
-0.1924988188976378
21
0.0578205511811024
0
LINE
8
BLACK
6
CONTINUOUS
10
-0.1924988188976378
20
0.0578205511811024
11
-0.1898602755905512
21
0.0592624015748031
0
LINE
8
BLACK
6
CONTINUOUS
10
-0.1898602755905512
20
0.0592624015748031
11
-0.1897651968503937
21
0.0592884645669291
0
LINE
8
BLACK
6
CONTINUOUS
10
-0.1897651968503937
20
0.0592884645669291
11
-0.1897332677165354
21
0.0593203543307087
0
LINE
8
BLACK
6
CONTINUOUS
10
-0.1897332677165354
20
0.0593203543307087
11
-0.1896426377952756
21
0.0593220078740157
0
LINE
8
BLACK
6
CONTINUOUS
10
-0.1896426377952756
20
0.0593220078740157
11
-0.1891194881889764
21
0.0594652362204724
0
LINE
8
BLACK
6
CONTINUOUS
10
-0.1891194881889764
20
0.0594652362204724
11
-0.1887390551181102
21
0.0593384251968504
0
LINE
8
BLACK
6
CONTINUOUS
10
-0.1887390551181102
20
0.0593384251968504
11
-0.181480905511811
21
0.0594701968503937
0
LINE
8
BLACK
6
CONTINUOUS
10
-0.181480905511811
20
0.0594701968503937
11
-0.1813842125984252
21
0.0594509842519685
0
LINE
8
BLACK
6
CONTINUOUS
10
-0.1813842125984252
20
0.0594509842519685
11
-0.1813413385826772
21
0.0594652362204724
0
LINE
8
BLACK
6
CONTINUOUS
10
-0.1813413385826772
20
0.0594652362204724
11
-0.1812524015748032
21
0.0594247637795276
0
LINE
8
BLACK
6
CONTINUOUS
10
-0.1812524015748032
20
0.0594247637795276
11
-0.1807275984251968
21
0.0593203543307087
0
LINE
8
BLACK
6
CONTINUOUS
10
-0.1807275984251968
20
0.0593203543307087
11
-0.1804807480314961
21
0.0590735039370079
0
LINE
8
BLACK
6
CONTINUOUS
10
-0.1804807480314961
20
0.0590735039370079
11
-0.179258031496063
21
0.0585168897637795
0
LINE
8
BLACK
6
CONTINUOUS
10
-0.179258031496063
20
0.0585168897637795
11
-0.1802596062992126
21
0.0676574803149606
0
LINE
8
BLACK
6
CONTINUOUS
10
-0.1802596062992126
20
0.0676574803149606
11
-0.1934794094488189
21
0.0675316929133858
0
LINE
8
BLACK
6
CONTINUOUS
10
-0.1934794094488189
20
0.0675316929133858
11
-0.1942327165354331
21
0.0676815354330709
0
LINE
8
BLACK
6
CONTINUOUS
10
-0.1942327165354331
20
0.0676815354330709
11
-0.1952980708661417
21
0.0687468897637795
0
LINE
8
BLACK
6
CONTINUOUS
10
-0.1952980708661417
20
0.0687468897637795
11
-0.1952980708661417
21
0.0702535039370079
0
LINE
8
BLACK
6
CONTINUOUS
10
-0.1952980708661417
20
0.0702535039370079
11
-0.1942327165354331
21
0.0713188582677165
0
LINE
8
BLACK
6
CONTINUOUS
10
-0.1942327165354331
20
0.0713188582677165
11
-0.1784812992125984
21
0.0714687007874016
0
LINE
8
BLACK
6
CONTINUOUS
10
-0.1784812992125984
20
0.0714687007874016
11
-0.1780104330708661
21
0.0713750393700787
0
LINE
8
BLACK
6
CONTINUOUS
10
-0.1552307874015748
20
0.0713188582677165
11
-0.1550500393700787
21
0.0711381102362205
0
LINE
8
BLACK
6
CONTINUOUS
10
-0.1550500393700787
20
0.0711381102362205
11
-0.1508621653543307
21
0.069867874015748
0
LINE
8
BLACK
6
CONTINUOUS
10
-0.1508621653543307
20
0.069867874015748
11
-0.1507765354330709
21
0.0698190551181102
0
LINE
8
BLACK
6
CONTINUOUS
10
-0.1507765354330709
20
0.0698190551181102
11
-0.1507313385826771
21
0.0698190551181102
0
LINE
8
BLACK
6
CONTINUOUS
10
-0.1507313385826771
20
0.0698190551181102
11
-0.1506620866141732
21
0.0697538188976378
0
LINE
8
BLACK
6
CONTINUOUS
10
-0.1506620866141732
20
0.0697538188976378
11
-0.1501948818897638
21
0.0694875196850394
0
LINE
8
BLACK
6
CONTINUOUS
10
-0.1501948818897638
20
0.0694875196850394
11
-0.1500307874015748
21
0.0691592913385827
0
LINE
8
BLACK
6
CONTINUOUS
10
-0.1500307874015748
20
0.0691592913385827
11
-0.1470931102362205
21
0.0663927165354331
0
LINE
8
BLACK
6
CONTINUOUS
10
-0.1470931102362205
20
0.0663927165354331
11
-0.1466663779527559
21
0.065754094488189
0
LINE
8
BLACK
6
CONTINUOUS
10
-0.1466663779527559
20
0.065754094488189
11
-0.1466663779527559
21
0.0655200393700787
0
LINE
8
BLACK
6
CONTINUOUS
10
-0.1466663779527559
20
0.0655200393700787
11
-0.1452245275590551
21
0.0628814566929134
0
LINE
8
BLACK
6
CONTINUOUS
10
-0.1452245275590551
20
0.0628814566929134
11
-0.1450216929133858
21
0.0621406692913386
0
LINE
8
BLACK
6
CONTINUOUS
10
-0.1450216929133858
20
0.0621406692913386
11
-0.1450766535433071
21
0.0619758661417323
0
LINE
8
BLACK
6
CONTINUOUS
10
-0.1450766535433071
20
0.0619758661417323
11
-0.1435756692913386
21
0.0564793307086614
0
LINE
8
BLACK
6
CONTINUOUS
10
-0.1435756692913386
20
0.0564793307086614
11
-0.1435383464566929
21
0.0557121653543307
0
LINE
8
BLACK
6
CONTINUOUS
10
-0.1435383464566929
20
0.0557121653543307
11
-0.1436325196850394
21
0.0555552362204724
0
LINE
8
BLACK
6
CONTINUOUS
10
-0.1436325196850394
20
0.0555552362204724
11
-0.1435168897637795
21
0.0515024409448819
0
LINE
8
BLACK
6
CONTINUOUS
10
-0.1435168897637795
20
0.0515024409448819
11
-0.1436667322834646
21
0.0507491338582677
0
LINE
8
BLACK
6
CONTINUOUS
10
-0.1436667322834646
20
0.0507491338582677
11
-0.1438072440944882
21
0.0506086614173228
0
LINE
8
BLACK
6
CONTINUOUS
10
-0.1438072440944882
20
0.0506086614173228
11
-0.1450755118110236
21
0.0450257480314961
0
LINE
8
BLACK
6
CONTINUOUS
10
-0.1450755118110236
20
0.0450257480314961
11
-0.1454035826771654
21
0.0443312598425197
0
LINE
8
BLACK
6
CONTINUOUS
10
-0.1454035826771654
20
0.0443312598425197
11
-0.1455247244094488
21
0.0442585826771654
0
LINE
8
BLACK
6
CONTINUOUS
10
-0.1455247244094488
20
0.0442585826771654
11
-0.1466663779527559
21
0.0417506299212598
0
LINE
8
BLACK
6
CONTINUOUS
10
-0.1466663779527559
20
0.0417506299212598
11
-0.1466663779527559
21
0.0417502755905512
0
LINE
8
BLACK
6
CONTINUOUS
10
-0.1466663779527559
20
0.0417502755905512
11
-0.1466666929133858
21
0.0417499606299213
0
LINE
8
BLACK
6
CONTINUOUS
10
-0.1466666929133858
20
0.0417499606299213
11
-0.1467243700787401
21
0.0416232283464567
0
LINE
8
BLACK
6
CONTINUOUS
10
-0.1467243700787401
20
0.0416232283464567
11
-0.1471952755905512
21
0.0410164566929134
0
LINE
8
BLACK
6
CONTINUOUS
10
-0.1471952755905512
20
0.0410164566929134
11
-0.1474316535433071
21
0.0409376771653543
0
LINE
8
BLACK
6
CONTINUOUS
10
-0.1474316535433071
20
0.0409376771653543
11
-0.1500926771653543
21
0.0381120078740157
0
LINE
8
BLACK
6
CONTINUOUS
10
-0.1500926771653543
20
0.0381120078740157
11
-0.1501746850393701
21
0.0380572440944882
0
LINE
8
BLACK
6
CONTINUOUS
10
-0.1501746850393701
20
0.0380572440944882
11
-0.1501948818897638
21
0.038016811023622
0
LINE
8
BLACK
6
CONTINUOUS
10
-0.1501948818897638
20
0.038016811023622
11
-0.1502833070866142
21
0.0379846456692913
0
LINE
8
BLACK
6
CONTINUOUS
10
-0.1502833070866142
20
0.0379846456692913
11
-0.1507312992125984
21
0.0376852755905512
0
LINE
8
BLACK
6
CONTINUOUS
10
-0.1507312992125984
20
0.0376852755905512
11
-0.1511059448818897
21
0.0376852755905512
0
LINE
8
BLACK
6
CONTINUOUS
10
-0.1511059448818897
20
0.0376852755905512
11
-0.1553616141732283
21
0.0361366535433071
0
LINE
8
BLACK
6
CONTINUOUS
10
-0.1553616141732283
20
0.0361366535433071
11
-0.1561236220472441
21
0.0360405905511811
0
LINE
8
BLACK
6
CONTINUOUS
10
-0.1561236220472441
20
0.0360405905511811
11
-0.1563259448818898
21
0.0361417716535433
0
LINE
8
BLACK
6
CONTINUOUS
10
-0.1563259448818898
20
0.0361417716535433
11
-0.1588429133858268
21
0.0360412598425197
0
LINE
8
BLACK
6
CONTINUOUS
10
-0.1588429133858268
20
0.0360412598425197
11
-0.1588442125984252
21
0.0360405905511811
0
LINE
8
BLACK
6
CONTINUOUS
10
-0.1588442125984252
20
0.0360405905511811
11
-0.1588460236220472
21
0.0360411417322835
0
LINE
8
BLACK
6
CONTINUOUS
10
-0.1588460236220472
20
0.0360411417322835
11
-0.1589837401574803
21
0.0360356299212598
0
LINE
8
BLACK
6
CONTINUOUS
10
-0.1589837401574803
20
0.0360356299212598
11
-0.1597370472440945
21
0.0361854724409449
0
LINE
8
BLACK
6
CONTINUOUS
10
-0.1597370472440945
20
0.0361854724409449
11
-0.1599178346456693
21
0.0363662598425197
0
LINE
8
BLACK
6
CONTINUOUS
10
-0.1599178346456693
20
0.0363662598425197
11
-0.1641056299212598
21
0.0376364566929134
0
LINE
8
BLACK
6
CONTINUOUS
10
-0.1641056299212598
20
0.0376364566929134
11
-0.1641912598425197
21
0.0376852755905512
0
LINE
8
BLACK
6
CONTINUOUS
10
-0.1641912598425197
20
0.0376852755905512
11
-0.1642364566929134
21
0.0376852755905512
0
LINE
8
BLACK
6
CONTINUOUS
10
-0.1642364566929134
20
0.0376852755905512
11
-0.1643142913385827
21
0.0377553937007874
0
LINE
8
BLACK
6
CONTINUOUS
10
-0.1643142913385827
20
0.0377553937007874
11
-0.1647729133858268
21
0.038016811023622
0
LINE
8
BLACK
6
CONTINUOUS
10
-0.1647729133858268
20
0.038016811023622
11
-0.1649110236220472
21
0.0382929921259842
0
LINE
8
BLACK
6
CONTINUOUS
10
-0.1649110236220472
20
0.0382929921259842
11
-0.1663749212598425
21
0.0396118503937008
0
LINE
8
BLACK
6
CONTINUOUS
10
-0.1663749212598425
20
0.0396118503937008
11
-0.1668016535433071
21
0.0402504724409449
0
LINE
8
BLACK
6
CONTINUOUS
10
-0.1668016535433071
20
0.0402504724409449
11
-0.1668016535433071
21
0.0417570866141732
0
LINE
8
BLACK
6
CONTINUOUS
10
-0.1668016535433071
20
0.0417570866141732
11
-0.1657362992125984
21
0.0428224409448819
0
LINE
8
BLACK
6
CONTINUOUS
10
-0.1657362992125984
20
0.0428224409448819
11
-0.1642296850393701
21
0.0428224409448819
0
LINE
8
BLACK
6
CONTINUOUS
10
-0.1642296850393701
20
0.0428224409448819
11
-0.1622704724409449
21
0.0410573622047244
0
LINE
8
BLACK
6
CONTINUOUS
10
-0.1622704724409449
20
0.0410573622047244
11
-0.158379094488189
21
0.0398770472440945
0
LINE
8
BLACK
6
CONTINUOUS
10
-0.158379094488189
20
0.0398770472440945
11
-0.155984094488189
21
0.0399726377952756
0
LINE
8
BLACK
6
CONTINUOUS
10
-0.155984094488189
20
0.0399726377952756
11
-0.1559627165354331
21
0.0399683858267717
0
LINE
8
BLACK
6
CONTINUOUS
10
-0.1559627165354331
20
0.0399683858267717
11
-0.1523306299212598
21
0.0412901181102362
0
LINE
8
BLACK
6
CONTINUOUS
10
-0.1523306299212598
20
0.0412901181102362
11
-0.1498799212598425
21
0.0438924015748031
0
LINE
8
BLACK
6
CONTINUOUS
10
-0.1498799212598425
20
0.0438924015748031
11
-0.148745905511811
21
0.0463835433070866
0
LINE
8
BLACK
6
CONTINUOUS
10
-0.148745905511811
20
0.0463835433070866
11
-0.1486336220472441
21
0.0465282677165354
0
LINE
8
BLACK
6
CONTINUOUS
10
-0.1486336220472441
20
0.0465282677165354
11
-0.1473951181102362
21
0.0519798818897638
0
LINE
8
BLACK
6
CONTINUOUS
10
-0.1473951181102362
20
0.0519798818897638
11
-0.1473423622047244
21
0.0520916141732283
0
LINE
8
BLACK
6
CONTINUOUS
10
-0.1473423622047244
20
0.0520916141732283
11
-0.1474538976377953
21
0.0560018897637795
0
LINE
8
BLACK
6
CONTINUOUS
10
-0.1474538976377953
20
0.0560018897637795
11
-0.1474257480314961
21
0.0561435039370079
0
LINE
8
BLACK
6
CONTINUOUS
10
-0.1474257480314961
20
0.0561435039370079
11
-0.1488949606299212
21
0.0615237007874016
0
LINE
8
BLACK
6
CONTINUOUS
10
-0.1488949606299212
20
0.0615237007874016
11
-0.1489016535433071
21
0.0616608267716535
0
LINE
8
BLACK
6
CONTINUOUS
10
-0.1489016535433071
20
0.0616608267716535
11
-0.1502457086614173
21
0.0641204724409449
0
LINE
8
BLACK
6
CONTINUOUS
10
-0.1502457086614173
20
0.0641204724409449
11
-0.1502495275590551
21
0.0641344488188976
0
LINE
8
BLACK
6
CONTINUOUS
10
-0.1502495275590551
20
0.0641344488188976
11
-0.1527088188976378
21
0.0664505118110236
0
LINE
8
BLACK
6
CONTINUOUS
10
-0.1527088188976378
20
0.0664505118110236
11
-0.1565887795275591
21
0.0676273228346457
0
LINE
8
BLACK
6
CONTINUOUS
10
-0.1565887795275591
20
0.0676273228346457
11
-0.1589837401574803
21
0.0675316929133858
0
LINE
8
BLACK
6
CONTINUOUS
10
-0.1589837401574803
20
0.0675316929133858
11
-0.159005157480315
21
0.0675359842519685
0
LINE
8
BLACK
6
CONTINUOUS
10
-0.159005157480315
20
0.0675359842519685
11
-0.1625744488188976
21
0.0662370866141732
0
LINE
8
BLACK
6
CONTINUOUS
10
-0.1625744488188976
20
0.0662370866141732
11
-0.163591062992126
21
0.0651086220472441
0
LINE
8
BLACK
6
CONTINUOUS
10
-0.163591062992126
20
0.0651086220472441
11
-0.1642296850393701
21
0.0646819291338583
0
LINE
8
BLACK
6
CONTINUOUS
10
-0.1642296850393701
20
0.0646819291338583
11
-0.1657363385826772
21
0.0646819291338583
0
LINE
8
BLACK
6
CONTINUOUS
10
-0.1657363385826772
20
0.0646819291338583
11
-0.1668016535433071
21
0.0657472834645669
0
LINE
8
BLACK
6
CONTINUOUS
10
-0.1668016535433071
20
0.0657472834645669
11
-0.1668016535433071
21
0.067253937007874
0
LINE
8
BLACK
6
CONTINUOUS
10
-0.1668016535433071
20
0.067253937007874
11
-0.1648750787401575
21
0.0693923622047244
0
LINE
8
BLACK
6
CONTINUOUS
10
-0.1648750787401575
20
0.0693923622047244
11
-0.1647931102362205
21
0.0694471653543307
0
LINE
8
BLACK
6
CONTINUOUS
10
-0.1647931102362205
20
0.0694471653543307
11
-0.1647729133858268
21
0.0694875196850394
0
LINE
8
BLACK
6
CONTINUOUS
10
-0.1647729133858268
20
0.0694875196850394
11
-0.1646845275590551
21
0.0695197244094488
0
LINE
8
BLACK
6
CONTINUOUS
10
-0.1646845275590551
20
0.0695197244094488
11
-0.1642364566929134
21
0.0698190551181102
0
LINE
8
BLACK
6
CONTINUOUS
10
-0.1642364566929134
20
0.0698190551181102
11
-0.1638618897637795
21
0.0698190551181102
0
LINE
8
BLACK
6
CONTINUOUS
10
-0.1638618897637795
20
0.0698190551181102
11
-0.1596062204724409
21
0.0713676771653543
0
LINE
8
BLACK
6
CONTINUOUS
10
-0.1596062204724409
20
0.0713676771653543
11
-0.1588442125984252
21
0.0714637401574803
0
LINE
8
BLACK
6
CONTINUOUS
10
-0.1588442125984252
20
0.0714637401574803
11
-0.1586419291338583
21
0.0713625984251968
0
LINE
8
BLACK
6
CONTINUOUS
10
-0.1586419291338583
20
0.0713625984251968
11
-0.1561249606299213
21
0.0714631102362205
0
LINE
8
BLACK
6
CONTINUOUS
10
-0.1561249606299213
20
0.0714631102362205
11
-0.1561236220472441
21
0.0714637401574803
0
LINE
8
BLACK
6
CONTINUOUS
10
-0.1561236220472441
20
0.0714637401574803
11
-0.1561218503937008
21
0.0714632283464567
0
LINE
8
BLACK
6
CONTINUOUS
10
-0.1561218503937008
20
0.0714632283464567
11
-0.155984094488189
21
0.0714687007874016
0
LINE
8
BLACK
6
CONTINUOUS
10
-0.155984094488189
20
0.0714687007874016
11
-0.1552307874015748
21
0.0713188582677165
0
LINE
8
BLACK
6
CONTINUOUS
10
-0.5835613779527559
20
0.0722611417322835
11
-0.5822829527559055
21
0.0709827165354331
0
LINE
8
BLACK
6
CONTINUOUS
10
-0.5822829527559055
20
0.0709827165354331
11
-0.5822829527559055
21
0.0691747637795276
0
LINE
8
BLACK
6
CONTINUOUS
10
-0.5822829527559055
20
0.0691747637795276
11
-0.5835613779527559
21
0.0678963385826772
0
LINE
8
BLACK
6
CONTINUOUS
10
-0.5835613779527559
20
0.0678963385826772
11
-0.5955346456692914
21
0.0677165354330709
0
LINE
8
BLACK
6
CONTINUOUS
10
-0.5955346456692914
20
0.0677165354330709
11
-0.5964386220472441
21
0.0678963385826772
0
LINE
8
BLACK
6
CONTINUOUS
10
-0.5964386220472441
20
0.0678963385826772
11
-0.5977170472440945
21
0.0691747637795276
0
LINE
8
BLACK
6
CONTINUOUS
10
-0.5977170472440945
20
0.0691747637795276
11
-0.5977170472440945
21
0.0709827165354331
0
LINE
8
BLACK
6
CONTINUOUS
10
-0.5977170472440945
20
0.0709827165354331
11
-0.5964386220472441
21
0.0722611417322835
0
LINE
8
BLACK
6
CONTINUOUS
10
-0.5964386220472441
20
0.0722611417322835
11
-0.5844653543307087
21
0.0724409448818898
0
LINE
8
BLACK
6
CONTINUOUS
10
-0.5844653543307087
20
0.0724409448818898
11
-0.5835613779527559
21
0.0722611417322835
0
LINE
8
BLACK
6
CONTINUOUS
10
-0.8245105118110236
20
0.3068526377952756
11
-0.8243307086614173
21
0.072484094488189
0
LINE
8
BLACK
6
CONTINUOUS
10
-0.8243307086614173
20
0.072484094488189
11
-0.8245105118110236
21
0.0715801181102362
0
LINE
8
BLACK
6
CONTINUOUS
10
-0.8245105118110236
20
0.0715801181102362
11
-0.825788937007874
21
0.0703016929133858
0
LINE
8
BLACK
6
CONTINUOUS
10
-0.825788937007874
20
0.0703016929133858
11
-0.8275968897637795
21
0.0703016929133858
0
LINE
8
BLACK
6
CONTINUOUS
10
-0.8275968897637795
20
0.0703016929133858
11
-0.8288753149606299
21
0.0715801181102362
0
LINE
8
BLACK
6
CONTINUOUS
10
-0.8288753149606299
20
0.0715801181102362
11
-0.8290551181102362
21
0.3059486614173229
0
LINE
8
BLACK
6
CONTINUOUS
10
-0.8290551181102362
20
0.3059486614173229
11
-0.8288753149606299
21
0.3068526377952756
0
LINE
8
BLACK
6
CONTINUOUS
10
-0.8288753149606299
20
0.3068526377952756
11
-0.8275968897637795
21
0.308131062992126
0
LINE
8
BLACK
6
CONTINUOUS
10
-0.8275968897637795
20
0.308131062992126
11
-0.825788937007874
21
0.308131062992126
0
LINE
8
BLACK
6
CONTINUOUS
10
-0.825788937007874
20
0.308131062992126
11
-0.8245105118110236
21
0.3068526377952756
0
LINE
8
BLACK
6
CONTINUOUS
10
-0.5635511811023622
20
0.1173739763779528
11
-0.5624858267716535
21
0.1163086220472441
0
LINE
8
BLACK
6
CONTINUOUS
10
-0.5624858267716535
20
0.1163086220472441
11
-0.5624858267716535
21
0.1148020078740157
0
LINE
8
BLACK
6
CONTINUOUS
10
-0.5624858267716535
20
0.1148020078740157
11
-0.5635511811023622
21
0.1137366535433071
0
LINE
8
BLACK
6
CONTINUOUS
10
-0.5635511811023622
20
0.1137366535433071
11
-0.579630905511811
21
0.1136176771653543
0
LINE
8
BLACK
6
CONTINUOUS
10
-0.579630905511811
20
0.1136176771653543
11
-0.5718219291338582
21
0.1048530708661417
0
LINE
8
BLACK
6
CONTINUOUS
10
-0.5718219291338582
20
0.1048530708661417
11
-0.5715425590551181
21
0.1043679527559055
0
LINE
8
BLACK
6
CONTINUOUS
10
-0.5715425590551181
20
0.1043679527559055
11
-0.5714847244094488
21
0.1043101181102362
0
LINE
8
BLACK
6
CONTINUOUS
10
-0.5714847244094488
20
0.1043101181102362
11
-0.5714847244094488
21
0.1042675590551181
0
LINE
8
BLACK
6
CONTINUOUS
10
-0.5714847244094488
20
0.1042675590551181
11
-0.571438622047244
21
0.1041874803149606
0
LINE
8
BLACK
6
CONTINUOUS
10
-0.571438622047244
20
0.1041874803149606
11
-0.5714847244094488
21
0.103496062992126
0
LINE
8
BLACK
6
CONTINUOUS
10
-0.5714847244094488
20
0.103496062992126
11
-0.5714847244094488
21
0.1028035039370079
0
LINE
8
BLACK
6
CONTINUOUS
10
-0.5714847244094488
20
0.1028035039370079
11
-0.5715342125984252
21
0.1027540551181102
0
LINE
8
BLACK
6
CONTINUOUS
10
-0.5715342125984252
20
0.1027540551181102
11
-0.5715388582677166
21
0.1026841732283465
0
LINE
8
BLACK
6
CONTINUOUS
10
-0.5715388582677166
20
0.1026841732283465
11
-0.5720604330708662
21
0.1022277952755905
0
LINE
8
BLACK
6
CONTINUOUS
10
-0.5720604330708662
20
0.1022277952755905
11
-0.5725500787401575
21
0.1017381496062992
0
LINE
8
BLACK
6
CONTINUOUS
10
-0.5725500787401575
20
0.1017381496062992
11
-0.5726224015748032
21
0.1017361023622047
0
LINE
8
BLACK
6
CONTINUOUS
10
-0.5726224015748032
20
0.1017361023622047
11
-0.5726727165354331
21
0.1016920472440945
0
LINE
8
BLACK
6
CONTINUOUS
10
-0.5726727165354331
20
0.1016920472440945
11
-0.5731202362204725
21
0.1017218897637795
0
LINE
8
BLACK
6
CONTINUOUS
10
-0.5731202362204725
20
0.1017218897637795
11
-0.5775443307086614
21
0.1015957086614173
0
LINE
8
BLACK
6
CONTINUOUS
10
-0.5775443307086614
20
0.1015957086614173
11
-0.5798614566929133
21
0.1003295275590551
0
LINE
8
BLACK
6
CONTINUOUS
10
-0.5798614566929133
20
0.1003295275590551
11
-0.5809072834645669
21
0.0991687007874016
0
LINE
8
BLACK
6
CONTINUOUS
10
-0.5809072834645669
20
0.0991687007874016
11
-0.5819570866141732
21
0.0968624409448819
0
LINE
8
BLACK
6
CONTINUOUS
10
-0.5819570866141732
20
0.0968624409448819
11
-0.5818381496062992
21
0.090311968503937
0
LINE
8
BLACK
6
CONTINUOUS
10
-0.5818381496062992
20
0.090311968503937
11
-0.5805747244094488
21
0.0879998818897638
0
LINE
8
BLACK
6
CONTINUOUS
10
-0.5805747244094488
20
0.0879998818897638
11
-0.5794138582677165
21
0.0869540157480315
0
LINE
8
BLACK
6
CONTINUOUS
10
-0.5794138582677165
20
0.0869540157480315
11
-0.5770990551181102
21
0.0859003149606299
0
LINE
8
BLACK
6
CONTINUOUS
10
-0.5770990551181102
20
0.0859003149606299
11
-0.569056062992126
21
0.0860238976377953
0
LINE
8
BLACK
6
CONTINUOUS
10
-0.569056062992126
20
0.0860238976377953
11
-0.5667452755905512
21
0.0872866141732283
0
LINE
8
BLACK
6
CONTINUOUS
10
-0.5667452755905512
20
0.0872866141732283
11
-0.5656964566929134
21
0.0884508267716535
0
LINE
8
BLACK
6
CONTINUOUS
10
-0.5656964566929134
20
0.0884508267716535
11
-0.5650578346456693
21
0.0888775196850394
0
LINE
8
BLACK
6
CONTINUOUS
10
-0.5650578346456693
20
0.0888775196850394
11
-0.5635511811023622
21
0.0888775590551181
0
LINE
8
BLACK
6
CONTINUOUS
10
-0.5635511811023622
20
0.0888775590551181
11
-0.5624858661417322
21
0.0878122440944882
0
LINE
8
BLACK
6
CONTINUOUS
10
-0.5624858661417322
20
0.0878122440944882
11
-0.5624858267716535
21
0.0863055905511811
0
LINE
8
BLACK
6
CONTINUOUS
10
-0.5624858267716535
20
0.0863055905511811
11
-0.5643154330708662
21
0.0842747244094488
0
LINE
8
BLACK
6
CONTINUOUS
10
-0.5643154330708662
20
0.0842747244094488
11
-0.5643172047244094
21
0.0842692913385827
0
LINE
8
BLACK
6
CONTINUOUS
10
-0.5643172047244094
20
0.0842692913385827
11
-0.5643233070866142
21
0.0842659842519685
0
LINE
8
BLACK
6
CONTINUOUS
10
-0.5643233070866142
20
0.0842659842519685
11
-0.5644123228346457
21
0.084167125984252
0
LINE
8
BLACK
6
CONTINUOUS
10
-0.5644123228346457
20
0.084167125984252
11
-0.5650509448818898
21
0.0837403937007874
0
LINE
8
BLACK
6
CONTINUOUS
10
-0.5650509448818898
20
0.0837403937007874
11
-0.5652850787401574
21
0.0837403937007874
0
LINE
8
BLACK
6
CONTINUOUS
10
-0.5652850787401574
20
0.0837403937007874
11
-0.5679236220472441
21
0.0822985826771653
0
LINE
8
BLACK
6
CONTINUOUS
10
-0.5679236220472441
20
0.0822985826771653
11
-0.5680187007874016
21
0.0822725590551181
0
LINE
8
BLACK
6
CONTINUOUS
10
-0.5680187007874016
20
0.0822725590551181
11
-0.5680506299212599
21
0.0822405905511811
0
LINE
8
BLACK
6
CONTINUOUS
10
-0.5680506299212599
20
0.0822405905511811
11
-0.5681404330708661
21
0.0822392125984252
0
LINE
8
BLACK
6
CONTINUOUS
10
-0.5681404330708661
20
0.0822392125984252
11
-0.5686644094488189
21
0.0820957086614173
0
LINE
8
BLACK
6
CONTINUOUS
10
-0.5686644094488189
20
0.0820957086614173
11
-0.569052874015748
21
0.0822251968503937
0
LINE
8
BLACK
6
CONTINUOUS
10
-0.569052874015748
20
0.0822251968503937
11
-0.5778027952755905
21
0.0820907480314961
0
LINE
8
BLACK
6
CONTINUOUS
10
-0.5778027952755905
20
0.0820907480314961
11
-0.5778995275590552
21
0.08211
0
LINE
8
BLACK
6
CONTINUOUS
10
-0.5778995275590552
20
0.08211
11
-0.5779423228346456
21
0.0820957086614173
0
LINE
8
BLACK
6
CONTINUOUS
10
-0.5779423228346456
20
0.0820957086614173
11
-0.5780312598425197
21
0.0821362204724409
0
LINE
8
BLACK
6
CONTINUOUS
10
-0.5780312598425197
20
0.0821362204724409
11
-0.5785561023622047
21
0.0822405905511811
0
LINE
8
BLACK
6
CONTINUOUS
10
-0.5785561023622047
20
0.0822405905511811
11
-0.5788030314960629
21
0.0824875196850394
0
LINE
8
BLACK
6
CONTINUOUS
10
-0.5788030314960629
20
0.0824875196850394
11
-0.5815554724409449
21
0.0837404330708661
0
LINE
8
BLACK
6
CONTINUOUS
10
-0.5815554724409449
20
0.0837404330708661
11
-0.5815557874015748
21
0.0837404330708661
0
LINE
8
BLACK
6
CONTINUOUS
10
-0.5815557874015748
20
0.0837404330708661
11
-0.5815561417322834
21
0.0837407480314961
0
LINE
8
BLACK
6
CONTINUOUS
10
-0.5815561417322834
20
0.0837407480314961
11
-0.5816827559055118
21
0.0837983858267717
0
LINE
8
BLACK
6
CONTINUOUS
10
-0.5816827559055118
20
0.0837983858267717
11
-0.5822895275590551
21
0.0842692913385827
0
LINE
8
BLACK
6
CONTINUOUS
10
-0.5822895275590551
20
0.0842692913385827
11
-0.5823525196850393
21
0.0844582283464567
0
LINE
8
BLACK
6
CONTINUOUS
10
-0.5823525196850393
20
0.0844582283464567
11
-0.5835865354330708
21
0.0855699606299213
0
LINE
8
BLACK
6
CONTINUOUS
10
-0.5835865354330708
20
0.0855699606299213
11
-0.5835920078740158
21
0.0855717716535433
0
LINE
8
BLACK
6
CONTINUOUS
10
-0.5835920078740158
20
0.0855717716535433
11
-0.5835953937007874
21
0.0855779527559055
0
LINE
8
BLACK
6
CONTINUOUS
10
-0.5835953937007874
20
0.0855779527559055
11
-0.5836942125984251
21
0.085666968503937
0
LINE
8
BLACK
6
CONTINUOUS
10
-0.5836942125984251
20
0.085666968503937
11
-0.5841209055118111
21
0.0863055905511811
0
LINE
8
BLACK
6
CONTINUOUS
10
-0.5841209055118111
20
0.0863055905511811
11
-0.5841209055118111
21
0.0865396850393701
0
LINE
8
BLACK
6
CONTINUOUS
10
-0.5841209055118111
20
0.0865396850393701
11
-0.585562716535433
21
0.0891781496062992
0
LINE
8
BLACK
6
CONTINUOUS
10
-0.585562716535433
20
0.0891781496062992
11
-0.5855887795275591
21
0.0892732677165354
0
LINE
8
BLACK
6
CONTINUOUS
10
-0.5855887795275591
20
0.0892732677165354
11
-0.5856207086614174
21
0.0893051968503937
0
LINE
8
BLACK
6
CONTINUOUS
10
-0.5856207086614174
20
0.0893051968503937
11
-0.5856223622047244
21
0.0893959448818898
0
LINE
8
BLACK
6
CONTINUOUS
10
-0.5856223622047244
20
0.0893959448818898
11
-0.585765590551181
21
0.089918937007874
0
LINE
8
BLACK
6
CONTINUOUS
10
-0.585765590551181
20
0.089918937007874
11
-0.5856387795275591
21
0.0902994488188976
0
LINE
8
BLACK
6
CONTINUOUS
10
-0.5856387795275591
20
0.0902994488188976
11
-0.5857705511811023
21
0.0975575590551181
0
LINE
8
BLACK
6
CONTINUOUS
10
-0.5857705511811023
20
0.0975575590551181
11
-0.5857513385826771
21
0.0976542913385827
0
LINE
8
BLACK
6
CONTINUOUS
10
-0.5857513385826771
20
0.0976542913385827
11
-0.585765590551181
21
0.0976970866141732
0
LINE
8
BLACK
6
CONTINUOUS
10
-0.585765590551181
20
0.0976970866141732
11
-0.5857251181102362
21
0.0977860236220472
0
LINE
8
BLACK
6
CONTINUOUS
10
-0.5857251181102362
20
0.0977860236220472
11
-0.5856207086614174
21
0.0983108661417323
0
LINE
8
BLACK
6
CONTINUOUS
10
-0.5856207086614174
20
0.0983108661417323
11
-0.5853738188976377
21
0.0985577952755906
0
LINE
8
BLACK
6
CONTINUOUS
10
-0.5853738188976377
20
0.0985577952755906
11
-0.5841209055118111
21
0.1013101968503937
0
LINE
8
BLACK
6
CONTINUOUS
10
-0.5841209055118111
20
0.1013101968503937
11
-0.5841209055118111
21
0.1013105118110236
0
LINE
8
BLACK
6
CONTINUOUS
10
-0.5841209055118111
20
0.1013105118110236
11
-0.584120590551181
21
0.101310905511811
0
LINE
8
BLACK
6
CONTINUOUS
10
-0.584120590551181
20
0.101310905511811
11
-0.5840629133858267
21
0.1014375590551181
0
LINE
8
BLACK
6
CONTINUOUS
10
-0.5840629133858267
20
0.1014375590551181
11
-0.5835920078740158
21
0.1020442913385827
0
LINE
8
BLACK
6
CONTINUOUS
10
-0.5835920078740158
20
0.1020442913385827
11
-0.5834031496062992
21
0.1021072834645669
0
LINE
8
BLACK
6
CONTINUOUS
10
-0.5834031496062992
20
0.1021072834645669
11
-0.5822913385826771
21
0.1033413779527559
0
LINE
8
BLACK
6
CONTINUOUS
10
-0.5822913385826771
20
0.1033413779527559
11
-0.5822895275590551
21
0.1033467716535433
0
LINE
8
BLACK
6
CONTINUOUS
10
-0.5822895275590551
20
0.1033467716535433
11
-0.5822835039370079
21
0.1033501181102362
0
LINE
8
BLACK
6
CONTINUOUS
10
-0.5822835039370079
20
0.1033501181102362
11
-0.5821944094488188
21
0.103448937007874
0
LINE
8
BLACK
6
CONTINUOUS
10
-0.5821944094488188
20
0.103448937007874
11
-0.5815557874015748
21
0.1038756692913386
0
LINE
8
BLACK
6
CONTINUOUS
10
-0.5815557874015748
20
0.1038756692913386
11
-0.5813216535433071
21
0.1038756692913386
0
LINE
8
BLACK
6
CONTINUOUS
10
-0.5813216535433071
20
0.1038756692913386
11
-0.5786831102362204
21
0.1053175196850394
0
LINE
8
BLACK
6
CONTINUOUS
10
-0.5786831102362204
20
0.1053175196850394
11
-0.578588031496063
21
0.1053435826771654
0
LINE
8
BLACK
6
CONTINUOUS
10
-0.578588031496063
20
0.1053435826771654
11
-0.5785561023622047
21
0.1053754724409449
0
LINE
8
BLACK
6
CONTINUOUS
10
-0.5785561023622047
20
0.1053754724409449
11
-0.5784616141732283
21
0.1053781889763779
0
LINE
8
BLACK
6
CONTINUOUS
10
-0.5784616141732283
20
0.1053781889763779
11
-0.5779423228346456
21
0.1055203543307087
0
LINE
8
BLACK
6
CONTINUOUS
10
-0.5779423228346456
20
0.1055203543307087
11
-0.5775903543307086
21
0.105403031496063
0
LINE
8
BLACK
6
CONTINUOUS
10
-0.5775903543307086
20
0.105403031496063
11
-0.5773979527559056
21
0.1054085433070866
0
LINE
8
BLACK
6
CONTINUOUS
10
-0.5773979527559056
20
0.1054085433070866
11
-0.5852835039370079
21
0.1142590551181102
0
LINE
8
BLACK
6
CONTINUOUS
10
-0.5852835039370079
20
0.1142590551181102
11
-0.5855628346456693
21
0.1147441338582677
0
LINE
8
BLACK
6
CONTINUOUS
10
-0.5855628346456693
20
0.1147441338582677
11
-0.5856207086614174
21
0.1148020078740157
0
LINE
8
BLACK
6
CONTINUOUS
10
-0.5856207086614174
20
0.1148020078740157
11
-0.5856207086614174
21
0.1148446850393701
0
LINE
8
BLACK
6
CONTINUOUS
10
-0.5856207086614174
20
0.1148446850393701
11
-0.5856667716535433
21
0.1149246456692913
0
LINE
8
BLACK
6
CONTINUOUS
10
-0.5856667716535433
20
0.1149246456692913
11
-0.5856207086614174
21
0.1156157874015748
0
LINE
8
BLACK
6
CONTINUOUS
10
-0.5856207086614174
20
0.1156157874015748
11
-0.5856207086614174
21
0.1163086220472441
0
LINE
8
BLACK
6
CONTINUOUS
10
-0.5856207086614174
20
0.1163086220472441
11
-0.5855712598425197
21
0.1163581102362205
0
LINE
8
BLACK
6
CONTINUOUS
10
-0.5855712598425197
20
0.1163581102362205
11
-0.5855665748031496
21
0.1164279527559055
0
LINE
8
BLACK
6
CONTINUOUS
10
-0.5855665748031496
20
0.1164279527559055
11
-0.5850451574803149
21
0.1168842125984252
0
LINE
8
BLACK
6
CONTINUOUS
10
-0.5850451574803149
20
0.1168842125984252
11
-0.5845553543307086
21
0.1173739763779528
0
LINE
8
BLACK
6
CONTINUOUS
10
-0.5845553543307086
20
0.1173739763779528
11
-0.5844848031496063
21
0.1173745275590551
0
LINE
8
BLACK
6
CONTINUOUS
10
-0.5844848031496063
20
0.1173745275590551
11
-0.584432716535433
21
0.1174200393700787
0
LINE
8
BLACK
6
CONTINUOUS
10
-0.584432716535433
20
0.1174200393700787
11
-0.5838229527559055
21
0.1173794094488189
0
LINE
8
BLACK
6
CONTINUOUS
10
-0.5838229527559055
20
0.1173794094488189
11
-0.5643044881889764
21
0.1175238188976378
0
LINE
8
BLACK
6
CONTINUOUS
10
-0.5643044881889764
20
0.1175238188976378
11
-0.5635511811023622
21
0.1173739763779528
0
LINE
8
BLACK
6
CONTINUOUS
10
-0.5440536220472441
20
0.1173739763779528
11
-0.543872874015748
21
0.1171932283464567
0
LINE
8
BLACK
6
CONTINUOUS
10
-0.543872874015748
20
0.1171932283464567
11
-0.539685
21
0.1159229921259843
0
LINE
8
BLACK
6
CONTINUOUS
10
-0.539685
20
0.1159229921259843
11
-0.5395993700787401
21
0.1158741732283464
0
LINE
8
BLACK
6
CONTINUOUS
10
-0.5395993700787401
20
0.1158741732283464
11
-0.5395541732283464
21
0.1158741732283464
0
LINE
8
BLACK
6
CONTINUOUS
10
-0.5395541732283464
20
0.1158741732283464
11
-0.5394849212598425
21
0.115808937007874
0
LINE
8
BLACK
6
CONTINUOUS
10
-0.5394849212598425
20
0.115808937007874
11
-0.5390177165354331
21
0.1155426377952756
0
LINE
8
BLACK
6
CONTINUOUS
10
-0.5390177165354331
20
0.1155426377952756
11
-0.5388536220472441
21
0.1152144094488189
0
LINE
8
BLACK
6
CONTINUOUS
10
-0.5388536220472441
20
0.1152144094488189
11
-0.5359159448818898
21
0.1124478346456693
0
LINE
8
BLACK
6
CONTINUOUS
10
-0.5359159448818898
20
0.1124478346456693
11
-0.5354892125984252
21
0.1118092125984252
0
LINE
8
BLACK
6
CONTINUOUS
10
-0.5354892125984252
20
0.1118092125984252
11
-0.5354892125984252
21
0.111575157480315
0
LINE
8
BLACK
6
CONTINUOUS
10
-0.5354892125984252
20
0.111575157480315
11
-0.5340473622047244
21
0.1089365748031496
0
LINE
8
BLACK
6
CONTINUOUS
10
-0.5340473622047244
20
0.1089365748031496
11
-0.5338445275590551
21
0.1081957874015748
0
LINE
8
BLACK
6
CONTINUOUS
10
-0.5338445275590551
20
0.1081957874015748
11
-0.5338994881889764
21
0.1080309842519685
0
LINE
8
BLACK
6
CONTINUOUS
10
-0.5338994881889764
20
0.1080309842519685
11
-0.5323985039370078
21
0.1025344488188976
0
LINE
8
BLACK
6
CONTINUOUS
10
-0.5323985039370078
20
0.1025344488188976
11
-0.5323611811023622
21
0.1017672834645669
0
LINE
8
BLACK
6
CONTINUOUS
10
-0.5323611811023622
20
0.1017672834645669
11
-0.5324553543307087
21
0.1016103543307087
0
LINE
8
BLACK
6
CONTINUOUS
10
-0.5324553543307087
20
0.1016103543307087
11
-0.5323397244094488
21
0.0975575590551181
0
LINE
8
BLACK
6
CONTINUOUS
10
-0.5323397244094488
20
0.0975575590551181
11
-0.5324895669291339
21
0.0968042519685039
0
LINE
8
BLACK
6
CONTINUOUS
10
-0.5324895669291339
20
0.0968042519685039
11
-0.5326300787401574
21
0.0966637795275591
0
LINE
8
BLACK
6
CONTINUOUS
10
-0.5326300787401574
20
0.0966637795275591
11
-0.5338983464566929
21
0.0910808661417323
0
LINE
8
BLACK
6
CONTINUOUS
10
-0.5338983464566929
20
0.0910808661417323
11
-0.5342264173228346
21
0.0903863779527559
0
LINE
8
BLACK
6
CONTINUOUS
10
-0.5342264173228346
20
0.0903863779527559
11
-0.5343475590551181
21
0.0903137007874016
0
LINE
8
BLACK
6
CONTINUOUS
10
-0.5343475590551181
20
0.0903137007874016
11
-0.5354892125984252
21
0.0878057480314961
0
LINE
8
BLACK
6
CONTINUOUS
10
-0.5354892125984252
20
0.0878057480314961
11
-0.5354892125984252
21
0.0878053937007874
0
LINE
8
BLACK
6
CONTINUOUS
10
-0.5354892125984252
20
0.0878053937007874
11
-0.5354895275590551
21
0.0878050787401575
0
LINE
8
BLACK
6
CONTINUOUS
10
-0.5354895275590551
20
0.0878050787401575
11
-0.5355472047244094
21
0.0876783464566929
0
LINE
8
BLACK
6
CONTINUOUS
10
-0.5355472047244094
20
0.0876783464566929
11
-0.5360181102362205
21
0.0870715748031496
0
LINE
8
BLACK
6
CONTINUOUS
10
-0.5360181102362205
20
0.0870715748031496
11
-0.5362544881889764
21
0.0869927952755905
0
LINE
8
BLACK
6
CONTINUOUS
10
-0.5362544881889764
20
0.0869927952755905
11
-0.5389155118110236
21
0.084167125984252
0
LINE
8
BLACK
6
CONTINUOUS
10
-0.5389155118110236
20
0.084167125984252
11
-0.5389975196850394
21
0.0841123622047244
0
LINE
8
BLACK
6
CONTINUOUS
10
-0.5389975196850394
20
0.0841123622047244
11
-0.5390177165354331
21
0.0840719291338583
0
LINE
8
BLACK
6
CONTINUOUS
10
-0.5390177165354331
20
0.0840719291338583
11
-0.5391061417322834
21
0.0840397637795276
0
LINE
8
BLACK
6
CONTINUOUS
10
-0.5391061417322834
20
0.0840397637795276
11
-0.5395541338582677
21
0.0837403937007874
0
LINE
8
BLACK
6
CONTINUOUS
10
-0.5395541338582677
20
0.0837403937007874
11
-0.539928779527559
21
0.0837403937007874
0
LINE
8
BLACK
6
CONTINUOUS
10
-0.539928779527559
20
0.0837403937007874
11
-0.5441844488188976
21
0.0821917716535433
0
LINE
8
BLACK
6
CONTINUOUS
10
-0.5441844488188976
20
0.0821917716535433
11
-0.5449464566929134
21
0.0820957086614173
0
LINE
8
BLACK
6
CONTINUOUS
10
-0.5449464566929134
20
0.0820957086614173
11
-0.545148779527559
21
0.0821968897637795
0
LINE
8
BLACK
6
CONTINUOUS
10
-0.545148779527559
20
0.0821968897637795
11
-0.547665748031496
21
0.0820963779527559
0
LINE
8
BLACK
6
CONTINUOUS
10
-0.547665748031496
20
0.0820963779527559
11
-0.5476670472440944
21
0.0820957086614173
0
LINE
8
BLACK
6
CONTINUOUS
10
-0.5476670472440944
20
0.0820957086614173
11
-0.5476688582677165
21
0.0820962598425197
0
LINE
8
BLACK
6
CONTINUOUS
10
-0.5476688582677165
20
0.0820962598425197
11
-0.5478065748031496
21
0.0820907480314961
0
LINE
8
BLACK
6
CONTINUOUS
10
-0.5478065748031496
20
0.0820907480314961
11
-0.5485598818897638
21
0.0822405905511811
0
LINE
8
BLACK
6
CONTINUOUS
10
-0.5485598818897638
20
0.0822405905511811
11
-0.5487406692913386
21
0.0824213779527559
0
LINE
8
BLACK
6
CONTINUOUS
10
-0.5487406692913386
20
0.0824213779527559
11
-0.5529284645669291
21
0.0836915748031496
0
LINE
8
BLACK
6
CONTINUOUS
10
-0.5529284645669291
20
0.0836915748031496
11
-0.5530140944881889
21
0.0837403937007874
0
LINE
8
BLACK
6
CONTINUOUS
10
-0.5530140944881889
20
0.0837403937007874
11
-0.5530592913385827
21
0.0837403937007874
0
LINE
8
BLACK
6
CONTINUOUS
10
-0.5530592913385827
20
0.0837403937007874
11
-0.5531371259842519
21
0.0838105118110236
0
LINE
8
BLACK
6
CONTINUOUS
10
-0.5531371259842519
20
0.0838105118110236
11
-0.553595748031496
21
0.0840719291338583
0
LINE
8
BLACK
6
CONTINUOUS
10
-0.553595748031496
20
0.0840719291338583
11
-0.5537338582677165
21
0.0843481102362205
0
LINE
8
BLACK
6
CONTINUOUS
10
-0.5537338582677165
20
0.0843481102362205
11
-0.5551977559055118
21
0.085666968503937
0
LINE
8
BLACK
6
CONTINUOUS
10
-0.5551977559055118
20
0.085666968503937
11
-0.5556244881889764
21
0.0863055905511811
0
LINE
8
BLACK
6
CONTINUOUS
10
-0.5556244881889764
20
0.0863055905511811
11
-0.5556244881889764
21
0.0878122047244094
0
LINE
8
BLACK
6
CONTINUOUS
10
-0.5556244881889764
20
0.0878122047244094
11
-0.5545591338582677
21
0.0888775590551181
0
LINE
8
BLACK
6
CONTINUOUS
10
-0.5545591338582677
20
0.0888775590551181
11
-0.5530525196850393
21
0.0888775590551181
0
LINE
8
BLACK
6
CONTINUOUS
10
-0.5530525196850393
20
0.0888775590551181
11
-0.5510933070866142
21
0.0871124803149606
0
LINE
8
BLACK
6
CONTINUOUS
10
-0.5510933070866142
20
0.0871124803149606
11
-0.5472019291338582
21
0.0859321653543307
0
LINE
8
BLACK
6
CONTINUOUS
10
-0.5472019291338582
20
0.0859321653543307
11
-0.5448069291338583
21
0.0860277559055118
0
LINE
8
BLACK
6
CONTINUOUS
10
-0.5448069291338583
20
0.0860277559055118
11
-0.5447855511811024
21
0.0860235039370079
0
LINE
8
BLACK
6
CONTINUOUS
10
-0.5447855511811024
20
0.0860235039370079
11
-0.5411534645669291
21
0.0873452362204724
0
LINE
8
BLACK
6
CONTINUOUS
10
-0.5411534645669291
20
0.0873452362204724
11
-0.5387027559055118
21
0.0899475196850394
0
LINE
8
BLACK
6
CONTINUOUS
10
-0.5387027559055118
20
0.0899475196850394
11
-0.5375687401574804
21
0.0924386614173228
0
LINE
8
BLACK
6
CONTINUOUS
10
-0.5375687401574804
20
0.0924386614173228
11
-0.5374564566929134
21
0.0925833858267717
0
LINE
8
BLACK
6
CONTINUOUS
10
-0.5374564566929134
20
0.0925833858267717
11
-0.5362179527559054
21
0.098035
0
LINE
8
BLACK
6
CONTINUOUS
10
-0.5362179527559054
20
0.098035
11
-0.5361651968503937
21
0.0981467322834646
0
LINE
8
BLACK
6
CONTINUOUS
10
-0.5361651968503937
20
0.0981467322834646
11
-0.5362767322834645
21
0.1020570078740157
0
LINE
8
BLACK
6
CONTINUOUS
10
-0.5362767322834645
20
0.1020570078740157
11
-0.5362485826771654
21
0.1021986220472441
0
LINE
8
BLACK
6
CONTINUOUS
10
-0.5362485826771654
20
0.1021986220472441
11
-0.5377177952755905
21
0.1075788188976378
0
LINE
8
BLACK
6
CONTINUOUS
10
-0.5377177952755905
20
0.1075788188976378
11
-0.5377244881889763
21
0.1077159448818898
0
LINE
8
BLACK
6
CONTINUOUS
10
-0.5377244881889763
20
0.1077159448818898
11
-0.5390685433070866
21
0.1101755905511811
0
LINE
8
BLACK
6
CONTINUOUS
10
-0.5390685433070866
20
0.1101755905511811
11
-0.5390723622047244
21
0.1101895669291339
0
LINE
8
BLACK
6
CONTINUOUS
10
-0.5390723622047244
20
0.1101895669291339
11
-0.5415316535433071
21
0.1125056299212598
0
LINE
8
BLACK
6
CONTINUOUS
10
-0.5415316535433071
20
0.1125056299212598
11
-0.5454116141732284
21
0.1136824409448819
0
LINE
8
BLACK
6
CONTINUOUS
10
-0.5454116141732284
20
0.1136824409448819
11
-0.5478065748031496
21
0.113586811023622
0
LINE
8
BLACK
6
CONTINUOUS
10
-0.5478065748031496
20
0.113586811023622
11
-0.5478279921259842
21
0.1135911023622047
0
LINE
8
BLACK
6
CONTINUOUS
10
-0.5478279921259842
20
0.1135911023622047
11
-0.551397283464567
21
0.1122922047244094
0
LINE
8
BLACK
6
CONTINUOUS
10
-0.551397283464567
20
0.1122922047244094
11
-0.5524138976377952
21
0.1111637401574803
0
LINE
8
BLACK
6
CONTINUOUS
10
-0.5524138976377952
20
0.1111637401574803
11
-0.5530525196850393
21
0.1107370472440945
0
LINE
8
BLACK
6
CONTINUOUS
10
-0.5530525196850393
20
0.1107370472440945
11
-0.5545591732283465
21
0.1107370472440945
0
LINE
8
BLACK
6
CONTINUOUS
10
-0.5545591732283465
20
0.1107370472440945
11
-0.5556244881889764
21
0.1118024015748031
0
LINE
8
BLACK
6
CONTINUOUS
10
-0.5556244881889764
20
0.1118024015748031
11
-0.5556244881889764
21
0.1133090551181102
0
LINE
8
BLACK
6
CONTINUOUS
10
-0.5556244881889764
20
0.1133090551181102
11
-0.5536979133858267
21
0.1154474803149606
0
LINE
8
BLACK
6
CONTINUOUS
10
-0.5536979133858267
20
0.1154474803149606
11
-0.5536159448818897
21
0.1155022834645669
0
LINE
8
BLACK
6
CONTINUOUS
10
-0.5536159448818897
20
0.1155022834645669
11
-0.553595748031496
21
0.1155426377952756
0
LINE
8
BLACK
6
CONTINUOUS
10
-0.553595748031496
20
0.1155426377952756
11
-0.5535073622047244
21
0.115574842519685
0
LINE
8
BLACK
6
CONTINUOUS
10
-0.5535073622047244
20
0.115574842519685
11
-0.5530592913385827
21
0.1158741732283464
0
LINE
8
BLACK
6
CONTINUOUS
10
-0.5530592913385827
20
0.1158741732283464
11
-0.5526847244094488
21
0.1158741732283464
0
LINE
8
BLACK
6
CONTINUOUS
10
-0.5526847244094488
20
0.1158741732283464
11
-0.5484290551181102
21
0.1174227952755905
0
LINE
8
BLACK
6
CONTINUOUS
10
-0.5484290551181102
20
0.1174227952755905
11
-0.5476670472440944
21
0.1175188582677165
0
LINE
8
BLACK
6
CONTINUOUS
10
-0.5476670472440944
20
0.1175188582677165
11
-0.5474647637795276
21
0.1174177165354331
0
LINE
8
BLACK
6
CONTINUOUS
10
-0.5474647637795276
20
0.1174177165354331
11
-0.5449477952755906
21
0.1175182283464567
0
LINE
8
BLACK
6
CONTINUOUS
10
-0.5449477952755906
20
0.1175182283464567
11
-0.5449464566929134
21
0.1175188582677165
0
LINE
8
BLACK
6
CONTINUOUS
10
-0.5449464566929134
20
0.1175188582677165
11
-0.5449446850393701
21
0.1175183464566929
0
LINE
8
BLACK
6
CONTINUOUS
10
-0.5449446850393701
20
0.1175183464566929
11
-0.5448069291338583
21
0.1175238188976378
0
LINE
8
BLACK
6
CONTINUOUS
10
-0.5448069291338583
20
0.1175238188976378
11
-0.5440536220472441
21
0.1173739763779528
0
LINE
8
BLACK
6
CONTINUOUS
10
-0.723172716535433
20
0.1457642125984252
11
-0.7230228740157481
21
0.1206389763779527
0
LINE
8
BLACK
6
CONTINUOUS
10
-0.7230228740157481
20
0.1206389763779527
11
-0.723172716535433
21
0.1198856692913386
0
LINE
8
BLACK
6
CONTINUOUS
10
-0.723172716535433
20
0.1198856692913386
11
-0.7242380708661417
21
0.1188203149606299
0
LINE
8
BLACK
6
CONTINUOUS
10
-0.7242380708661417
20
0.1188203149606299
11
-0.7257446850393701
21
0.1188203149606299
0
LINE
8
BLACK
6
CONTINUOUS
10
-0.7257446850393701
20
0.1188203149606299
11
-0.7268100393700787
21
0.1198856692913386
0
LINE
8
BLACK
6
CONTINUOUS
10
-0.7268100393700787
20
0.1198856692913386
11
-0.7269327952755905
21
0.1404628346456693
0
LINE
8
BLACK
6
CONTINUOUS
10
-0.7269327952755905
20
0.1404628346456693
11
-0.7460966535433071
21
0.121121811023622
0
LINE
8
BLACK
6
CONTINUOUS
10
-0.7460966535433071
20
0.121121811023622
11
-0.7461786614173228
21
0.1210670472440945
0
LINE
8
BLACK
6
CONTINUOUS
10
-0.7461786614173228
20
0.1210670472440945
11
-0.7461988582677165
21
0.1210266141732283
0
LINE
8
BLACK
6
CONTINUOUS
10
-0.7461988582677165
20
0.1210266141732283
11
-0.7462857086614173
21
0.1209955118110236
0
LINE
8
BLACK
6
CONTINUOUS
10
-0.7462857086614173
20
0.1209955118110236
11
-0.7467352755905512
21
0.1206950787401575
0
LINE
8
BLACK
6
CONTINUOUS
10
-0.7467352755905512
20
0.1206950787401575
11
-0.7471238188976378
21
0.1206950787401575
0
LINE
8
BLACK
6
CONTINUOUS
10
-0.7471238188976378
20
0.1206950787401575
11
-0.7524903937007874
21
0.1187714960629921
0
LINE
8
BLACK
6
CONTINUOUS
10
-0.7524903937007874
20
0.1187714960629921
11
-0.7532524015748031
21
0.1186754330708661
0
LINE
8
BLACK
6
CONTINUOUS
10
-0.7532524015748031
20
0.1186754330708661
11
-0.7534683858267717
21
0.1187834251968504
0
LINE
8
BLACK
6
CONTINUOUS
10
-0.7534683858267717
20
0.1187834251968504
11
-0.7568624015748031
21
0.1186704724409449
0
LINE
8
BLACK
6
CONTINUOUS
10
-0.7568624015748031
20
0.1186704724409449
11
-0.7569591338582677
21
0.1186897244094488
0
LINE
8
BLACK
6
CONTINUOUS
10
-0.7569591338582677
20
0.1186897244094488
11
-0.757001968503937
21
0.1186754330708661
0
LINE
8
BLACK
6
CONTINUOUS
10
-0.757001968503937
20
0.1186754330708661
11
-0.7570884251968504
21
0.1187154330708661
0
LINE
8
BLACK
6
CONTINUOUS
10
-0.7570884251968504
20
0.1187154330708661
11
-0.7576157086614173
21
0.1188203149606299
0
LINE
8
BLACK
6
CONTINUOUS
10
-0.7576157086614173
20
0.1188203149606299
11
-0.7578746062992125
21
0.1190792125984252
0
LINE
8
BLACK
6
CONTINUOUS
10
-0.7578746062992125
20
0.1190792125984252
11
-0.7614922834645669
21
0.1207530708661417
0
LINE
8
BLACK
6
CONTINUOUS
10
-0.7614922834645669
20
0.1207530708661417
11
-0.7620990551181103
21
0.1212239763779527
0
LINE
8
BLACK
6
CONTINUOUS
10
-0.7620990551181103
20
0.1212239763779527
11
-0.7621676771653543
21
0.121429842519685
0
LINE
8
BLACK
6
CONTINUOUS
10
-0.7621676771653543
20
0.121429842519685
11
-0.7637737401574803
21
0.1229005118110236
0
LINE
8
BLACK
6
CONTINUOUS
10
-0.7637737401574803
20
0.1229005118110236
11
-0.7637764566929134
21
0.1229014173228346
0
LINE
8
BLACK
6
CONTINUOUS
10
-0.7637764566929134
20
0.1229014173228346
11
-0.7637781889763779
21
0.1229046062992126
0
LINE
8
BLACK
6
CONTINUOUS
10
-0.7637781889763779
20
0.1229046062992126
11
-0.7638786220472441
21
0.1229965748031496
0
LINE
8
BLACK
6
CONTINUOUS
10
-0.7638786220472441
20
0.1229965748031496
11
-0.7643053543307087
21
0.1236351968503937
0
LINE
8
BLACK
6
CONTINUOUS
10
-0.7643053543307087
20
0.1236351968503937
11
-0.7643053543307087
21
0.1238836614173228
0
LINE
8
BLACK
6
CONTINUOUS
10
-0.7643053543307087
20
0.1238836614173228
11
-0.766122125984252
21
0.1272576771653543
0
LINE
8
BLACK
6
CONTINUOUS
10
-0.766122125984252
20
0.1272576771653543
11
-0.7661481889763779
21
0.1273527952755905
0
LINE
8
BLACK
6
CONTINUOUS
10
-0.7661481889763779
20
0.1273527952755905
11
-0.7661801181102362
21
0.1273847244094488
0
LINE
8
BLACK
6
CONTINUOUS
10
-0.7661801181102362
20
0.1273847244094488
11
-0.7661814566929134
21
0.1274742913385827
0
LINE
8
BLACK
6
CONTINUOUS
10
-0.7661814566929134
20
0.1274742913385827
11
-0.766325
21
0.1279984645669291
0
LINE
8
BLACK
6
CONTINUOUS
10
-0.766325
20
0.1279984645669291
11
-0.766195
21
0.1283885826771654
0
LINE
8
BLACK
6
CONTINUOUS
10
-0.766195
20
0.1283885826771654
11
-0.7663299606299212
21
0.1375118503937008
0
LINE
8
BLACK
6
CONTINUOUS
10
-0.7663299606299212
20
0.1375118503937008
11
-0.766310748031496
21
0.1376085826771654
0
LINE
8
BLACK
6
CONTINUOUS
10
-0.766310748031496
20
0.1376085826771654
11
-0.766325
21
0.1376514173228346
0
LINE
8
BLACK
6
CONTINUOUS
10
-0.766325
20
0.1376514173228346
11
-0.7662850393700787
21
0.137737874015748
0
LINE
8
BLACK
6
CONTINUOUS
10
-0.7662850393700787
20
0.137737874015748
11
-0.7661801181102362
21
0.138265157480315
0
LINE
8
BLACK
6
CONTINUOUS
10
-0.7661801181102362
20
0.138265157480315
11
-0.7659212598425197
21
0.1385240551181102
0
LINE
8
BLACK
6
CONTINUOUS
10
-0.7659212598425197
20
0.1385240551181102
11
-0.7642474015748031
21
0.1421416929133858
0
LINE
8
BLACK
6
CONTINUOUS
10
-0.7642474015748031
20
0.1421416929133858
11
-0.7637764566929134
21
0.1427484645669291
0
LINE
8
BLACK
6
CONTINUOUS
10
-0.7637764566929134
20
0.1427484645669291
11
-0.7635706299212598
21
0.1428170866141732
0
LINE
8
BLACK
6
CONTINUOUS
10
-0.7635706299212598
20
0.1428170866141732
11
-0.7620038976377953
21
0.1445280708661417
0
LINE
8
BLACK
6
CONTINUOUS
10
-0.7620038976377953
20
0.1445280708661417
11
-0.7613652755905511
21
0.1449548031496063
0
LINE
8
BLACK
6
CONTINUOUS
10
-0.7613652755905511
20
0.1449548031496063
11
-0.7598586220472441
21
0.1449548031496063
0
LINE
8
BLACK
6
CONTINUOUS
10
-0.7598586220472441
20
0.1449548031496063
11
-0.7587932677165354
21
0.1438894488188976
0
LINE
8
BLACK
6
CONTINUOUS
10
-0.7587932677165354
20
0.1438894488188976
11
-0.7587932677165354
21
0.1423827952755906
0
LINE
8
BLACK
6
CONTINUOUS
10
-0.7587932677165354
20
0.1423827952755906
11
-0.7610947637795276
21
0.1398694488188976
0
LINE
8
BLACK
6
CONTINUOUS
10
-0.7610947637795276
20
0.1398694488188976
11
-0.7611061417322834
21
0.1398618897637795
0
LINE
8
BLACK
6
CONTINUOUS
10
-0.7611061417322834
20
0.1398618897637795
11
-0.7625211811023622
21
0.1368035826771654
0
LINE
8
BLACK
6
CONTINUOUS
10
-0.7625211811023622
20
0.1368035826771654
11
-0.7623964173228346
21
0.128371062992126
0
LINE
8
BLACK
6
CONTINUOUS
10
-0.7623964173228346
20
0.128371062992126
11
-0.7607429133858268
21
0.1253001968503937
0
LINE
8
BLACK
6
CONTINUOUS
10
-0.7607429133858268
20
0.1253001968503937
11
-0.75922
21
0.1239057086614173
0
LINE
8
BLACK
6
CONTINUOUS
10
-0.75922
20
0.1239057086614173
11
-0.7592124015748032
21
0.1238943307086614
0
LINE
8
BLACK
6
CONTINUOUS
10
-0.7592124015748032
20
0.1238943307086614
11
-0.7562085826771653
21
0.1225044881889764
0
LINE
8
BLACK
6
CONTINUOUS
10
-0.7562085826771653
20
0.1225044881889764
11
-0.753112874015748
21
0.1226074803149606
0
LINE
8
BLACK
6
CONTINUOUS
10
-0.753112874015748
20
0.1226074803149606
11
-0.7530786614173228
21
0.1226007086614173
0
LINE
8
BLACK
6
CONTINUOUS
10
-0.7530786614173228
20
0.1226007086614173
11
-0.7482540551181103
21
0.12433
0
LINE
8
BLACK
6
CONTINUOUS
10
-0.7482540551181103
20
0.12433
11
-0.7263833070866141
21
0.1464028346456693
0
LINE
8
BLACK
6
CONTINUOUS
10
-0.7263833070866141
20
0.1464028346456693
11
-0.7257446850393701
21
0.1468295669291338
0
LINE
8
BLACK
6
CONTINUOUS
10
-0.7257446850393701
20
0.1468295669291338
11
-0.7242380708661417
21
0.1468295669291338
0
LINE
8
BLACK
6
CONTINUOUS
10
-0.7242380708661417
20
0.1468295669291338
11
-0.723172716535433
21
0.1457642125984252
0
LINE
8
BLACK
6
CONTINUOUS
10
0.5122333070866142
20
0.167080157480315
11
0.5132977165354331
21
0.1666392519685039
0
LINE
8
BLACK
6
CONTINUOUS
10
0.5132977165354331
20
0.1666392519685039
11
0.5141123622047244
21
0.1658246062992126
0
LINE
8
BLACK
6
CONTINUOUS
10
0.5141123622047244
20
0.1658246062992126
11
0.5145532677165354
21
0.1647601968503937
0
LINE
8
BLACK
6
CONTINUOUS
10
0.5145532677165354
20
0.1647601968503937
11
0.51461
21
0.1248140551181102
0
LINE
8
BLACK
6
CONTINUOUS
10
0.51461
20
0.1248140551181102
11
0.5145532677165354
21
0.1242379921259842
0
LINE
8
BLACK
6
CONTINUOUS
10
0.5145532677165354
20
0.1242379921259842
11
0.5141123622047244
21
0.1231735826771654
0
LINE
8
BLACK
6
CONTINUOUS
10
0.5141123622047244
20
0.1231735826771654
11
0.5132977165354331
21
0.122358937007874
0
LINE
8
BLACK
6
CONTINUOUS
10
0.5132977165354331
20
0.122358937007874
11
0.5122333070866142
21
0.121918031496063
0
LINE
8
BLACK
6
CONTINUOUS
10
0.5122333070866142
20
0.121918031496063
11
0.5022834251968504
21
0.1218612992125984
0
LINE
8
BLACK
6
CONTINUOUS
10
0.5022834251968504
20
0.1218612992125984
11
0.501991811023622
21
0.1218900393700787
0
LINE
8
BLACK
6
CONTINUOUS
10
0.501991811023622
20
0.1218900393700787
11
0.5019140944881889
21
0.1218844881889764
0
LINE
8
BLACK
6
CONTINUOUS
10
0.5019140944881889
20
0.1218844881889764
11
0.5018555118110236
21
0.1219034645669291
0
LINE
8
BLACK
6
CONTINUOUS
10
0.5018555118110236
20
0.1219034645669291
11
0.5017073622047244
21
0.121918031496063
0
LINE
8
BLACK
6
CONTINUOUS
10
0.5017073622047244
20
0.121918031496063
11
0.5013388188976378
21
0.1220707086614173
0
LINE
8
BLACK
6
CONTINUOUS
10
0.5013388188976378
20
0.1220707086614173
11
0.4957253937007874
21
0.1238875984251969
0
LINE
8
BLACK
6
CONTINUOUS
10
0.4957253937007874
20
0.1238875984251969
11
0.4951968110236221
21
0.1241235826771653
0
LINE
8
BLACK
6
CONTINUOUS
10
0.4951968110236221
20
0.1241235826771653
11
0.4951166929133858
21
0.1241930708661417
0
LINE
8
BLACK
6
CONTINUOUS
10
0.4951166929133858
20
0.1241930708661417
11
0.4950186614173228
21
0.1242336614173228
0
LINE
8
BLACK
6
CONTINUOUS
10
0.4950186614173228
20
0.1242336614173228
11
0.4946274015748031
21
0.1246174409448819
0
LINE
8
BLACK
6
CONTINUOUS
10
0.4946274015748031
20
0.1246174409448819
11
0.4943264566929134
21
0.1248784645669291
0
LINE
8
BLACK
6
CONTINUOUS
10
0.4943264566929134
20
0.1248784645669291
11
0.4942929133858268
21
0.1249455511811024
0
LINE
8
BLACK
6
CONTINUOUS
10
0.4942929133858268
20
0.1249455511811024
11
0.4908216929133858
21
0.1283504724409449
0
LINE
8
BLACK
6
CONTINUOUS
10
0.4908216929133858
20
0.1283504724409449
11
0.490635905511811
21
0.1285768503937008
0
LINE
8
BLACK
6
CONTINUOUS
10
0.490635905511811
20
0.1285768503937008
11
0.4905769291338583
21
0.1286279921259842
0
LINE
8
BLACK
6
CONTINUOUS
10
0.4905769291338583
20
0.1286279921259842
11
0.4905482677165354
21
0.1286836220472441
0
LINE
8
BLACK
6
CONTINUOUS
10
0.4905482677165354
20
0.1286836220472441
11
0.4904544488188976
21
0.1287979527559055
0
LINE
8
BLACK
6
CONTINUOUS
10
0.4904544488188976
20
0.1287979527559055
11
0.490310748031496
21
0.1291448818897638
0
LINE
8
BLACK
6
CONTINUOUS
10
0.490310748031496
20
0.1291448818897638
11
0.4883938188976378
21
0.1328674015748031
0
LINE
8
BLACK
6
CONTINUOUS
10
0.4883938188976378
20
0.1328674015748031
11
0.4883776771653543
21
0.1329095275590551
0
LINE
8
BLACK
6
CONTINUOUS
10
0.4883776771653543
20
0.1329095275590551
11
0.488365
21
0.1329266535433071
0
LINE
8
BLACK
6
CONTINUOUS
10
0.488365
20
0.1329266535433071
11
0.4883523622047244
21
0.1329756692913386
0
LINE
8
BLACK
6
CONTINUOUS
10
0.4883523622047244
20
0.1329756692913386
11
0.4881869291338582
21
0.133408031496063
0
LINE
8
BLACK
6
CONTINUOUS
10
0.4881869291338582
20
0.133408031496063
11
0.488166220472441
21
0.1336992519685039
0
LINE
8
BLACK
6
CONTINUOUS
10
0.488166220472441
20
0.1336992519685039
11
0.4862954724409449
21
0.1409708267716535
0
LINE
8
BLACK
6
CONTINUOUS
10
0.4862954724409449
20
0.1409708267716535
11
0.4862806692913386
21
0.1410707086614173
0
LINE
8
BLACK
6
CONTINUOUS
10
0.4862806692913386
20
0.1410707086614173
11
0.4862640551181102
21
0.141110905511811
0
LINE
8
BLACK
6
CONTINUOUS
10
0.4862640551181102
20
0.141110905511811
11
0.4862633464566929
21
0.1411881496062992
0
LINE
8
BLACK
6
CONTINUOUS
10
0.4862633464566929
20
0.1411881496062992
11
0.4862108267716536
21
0.1415434251968504
0
LINE
8
BLACK
6
CONTINUOUS
10
0.4862108267716536
20
0.1415434251968504
11
0.4862572047244094
21
0.1418553937007874
0
LINE
8
BLACK
6
CONTINUOUS
10
0.4862572047244094
20
0.1418553937007874
11
0.4862073228346457
21
0.1473112598425197
0
LINE
8
BLACK
6
CONTINUOUS
10
0.4862073228346457
20
0.1473112598425197
11
0.4862172047244094
21
0.1474118110236221
0
LINE
8
BLACK
6
CONTINUOUS
10
0.4862172047244094
20
0.1474118110236221
11
0.4862108267716536
21
0.1474548031496063
0
LINE
8
BLACK
6
CONTINUOUS
10
0.4862108267716536
20
0.1474548031496063
11
0.4862287007874015
21
0.1475285039370079
0
LINE
8
BLACK
6
CONTINUOUS
10
0.4862287007874015
20
0.1475285039370079
11
0.4862640551181102
21
0.1478873228346457
0
LINE
8
BLACK
6
CONTINUOUS
10
0.4862640551181102
20
0.1478873228346457
11
0.486389094488189
21
0.1481892519685039
0
LINE
8
BLACK
6
CONTINUOUS
10
0.486389094488189
20
0.1481892519685039
11
0.4881702362204725
21
0.1555264566929134
0
LINE
8
BLACK
6
CONTINUOUS
10
0.4881702362204725
20
0.1555264566929134
11
0.4881853937007874
21
0.1555689763779528
0
LINE
8
BLACK
6
CONTINUOUS
10
0.4881853937007874
20
0.1555689763779528
11
0.4881869291338582
21
0.1555901968503937
0
LINE
8
BLACK
6
CONTINUOUS
10
0.4881869291338582
20
0.1555901968503937
11
0.4882099606299212
21
0.1556377559055118
0
LINE
8
BLACK
6
CONTINUOUS
10
0.4882099606299212
20
0.1556377559055118
11
0.488365
21
0.1560715748031496
0
LINE
8
BLACK
6
CONTINUOUS
10
0.488365
20
0.1560715748031496
11
0.4885257874015748
21
0.1562885826771654
0
LINE
8
BLACK
6
CONTINUOUS
10
0.4885257874015748
20
0.1562885826771654
11
0.4902685826771653
21
0.1598803543307087
0
LINE
8
BLACK
6
CONTINUOUS
10
0.4902685826771653
20
0.1598803543307087
11
0.4904246456692913
21
0.1601283858267717
0
LINE
8
BLACK
6
CONTINUOUS
10
0.4904246456692913
20
0.1601283858267717
11
0.4904544881889764
21
0.1602003149606299
0
LINE
8
BLACK
6
CONTINUOUS
10
0.4904544881889764
20
0.1602003149606299
11
0.4904976771653543
21
0.1602444094488189
0
LINE
8
BLACK
6
CONTINUOUS
10
0.4904976771653543
20
0.1602444094488189
11
0.4905769291338583
21
0.1603702362204724
0
LINE
8
BLACK
6
CONTINUOUS
10
0.4905769291338583
20
0.1603702362204724
11
0.4908731102362205
21
0.160627125984252
0
LINE
8
BLACK
6
CONTINUOUS
10
0.4908731102362205
20
0.160627125984252
11
0.494571220472441
21
0.1643972834645669
0
LINE
8
BLACK
6
CONTINUOUS
10
0.494571220472441
20
0.1643972834645669
11
0.4950186614173228
21
0.1647645275590551
0
LINE
8
BLACK
6
CONTINUOUS
10
0.4950186614173228
20
0.1647645275590551
11
0.4951166929133858
21
0.164805157480315
0
LINE
8
BLACK
6
CONTINUOUS
10
0.4951166929133858
20
0.164805157480315
11
0.4951968110236221
21
0.1648746062992126
0
LINE
8
BLACK
6
CONTINUOUS
10
0.4951968110236221
20
0.1648746062992126
11
0.495707125984252
21
0.1650496850393701
0
LINE
8
BLACK
6
CONTINUOUS
10
0.495707125984252
20
0.1650496850393701
11
0.4960831102362205
21
0.1652053937007874
0
LINE
8
BLACK
6
CONTINUOUS
10
0.4960831102362205
20
0.1652053937007874
11
0.496161062992126
21
0.1652053937007874
0
LINE
8
BLACK
6
CONTINUOUS
10
0.496161062992126
20
0.1652053937007874
11
0.5013496456692913
21
0.1669853543307087
0
LINE
8
BLACK
6
CONTINUOUS
10
0.5013496456692913
20
0.1669853543307087
11
0.5016352755905512
21
0.1670503149606299
0
LINE
8
BLACK
6
CONTINUOUS
10
0.5016352755905512
20
0.1670503149606299
11
0.5017073622047244
21
0.167080157480315
0
LINE
8
BLACK
6
CONTINUOUS
10
0.5017073622047244
20
0.167080157480315
11
0.5017680708661417
21
0.1670805118110236
0
LINE
8
BLACK
6
CONTINUOUS
10
0.5017680708661417
20
0.1670805118110236
11
0.5019140944881889
21
0.1671137007874016
0
LINE
8
BLACK
6
CONTINUOUS
10
0.5019140944881889
20
0.1671137007874016
11
0.5023355511811024
21
0.1670837401574803
0
LINE
8
BLACK
6
CONTINUOUS
10
0.5023355511811024
20
0.1670837401574803
11
0.5116572440944882
21
0.1671368897637795
0
LINE
8
BLACK
6
CONTINUOUS
10
0.5116572440944882
20
0.1671368897637795
11
0.5122333070866142
21
0.167080157480315
0
LINE
8
BLACK
6
CONTINUOUS
10
0.5026216929133858
20
0.1612333070866142
11
0.4981698818897637
21
0.1597061023622047
0
LINE
8
BLACK
6
CONTINUOUS
10
0.4981698818897637
20
0.1597061023622047
11
0.4952455118110236
21
0.1567248031496063
0
LINE
8
BLACK
6
CONTINUOUS
10
0.4952455118110236
20
0.1567248031496063
11
0.493720905511811
21
0.1535826771653543
0
LINE
8
BLACK
6
CONTINUOUS
10
0.493720905511811
20
0.1535826771653543
11
0.4920663385826772
21
0.146766811023622
0
LINE
8
BLACK
6
CONTINUOUS
10
0.4920663385826772
20
0.146766811023622
11
0.4921112992125984
21
0.1418545275590551
0
LINE
8
BLACK
6
CONTINUOUS
10
0.4921112992125984
20
0.1418545275590551
11
0.4938679133858268
21
0.1350265748031496
0
LINE
8
BLACK
6
CONTINUOUS
10
0.4938679133858268
20
0.1350265748031496
11
0.4953912204724409
21
0.1320684251968504
0
LINE
8
BLACK
6
CONTINUOUS
10
0.4953912204724409
20
0.1320684251968504
11
0.4983127952755905
21
0.1292026771653543
0
LINE
8
BLACK
6
CONTINUOUS
10
0.4983127952755905
20
0.1292026771653543
11
0.502903188976378
21
0.1277169291338583
0
LINE
8
BLACK
6
CONTINUOUS
10
0.502903188976378
20
0.1277169291338583
11
0.508756220472441
21
0.1277502755905512
0
LINE
8
BLACK
6
CONTINUOUS
10
0.508756220472441
20
0.1277502755905512
11
0.5087086220472441
21
0.161268031496063
0
LINE
8
BLACK
6
CONTINUOUS
10
0.5087086220472441
20
0.161268031496063
11
0.5026216929133858
21
0.1612333070866142
0
LINE
8
BLACK
6
CONTINUOUS
10
0.5813151181102362
20
0.1671081889763779
11
0.581392874015748
21
0.1671137007874016
0
LINE
8
BLACK
6
CONTINUOUS
10
0.581392874015748
20
0.1671137007874016
11
0.5814513779527559
21
0.1670947637795276
0
LINE
8
BLACK
6
CONTINUOUS
10
0.5814513779527559
20
0.1670947637795276
11
0.5815996456692913
21
0.167080157480315
0
LINE
8
BLACK
6
CONTINUOUS
10
0.5815996456692913
20
0.167080157480315
11
0.5819682677165354
21
0.1669274803149606
0
LINE
8
BLACK
6
CONTINUOUS
10
0.5819682677165354
20
0.1669274803149606
11
0.5875816141732283
21
0.1651105905511811
0
LINE
8
BLACK
6
CONTINUOUS
10
0.5875816141732283
20
0.1651105905511811
11
0.5881101574803149
21
0.1648746062992126
0
LINE
8
BLACK
6
CONTINUOUS
10
0.5881101574803149
20
0.1648746062992126
11
0.5881902755905511
21
0.1648051181102362
0
LINE
8
BLACK
6
CONTINUOUS
10
0.5881902755905511
20
0.1648051181102362
11
0.5882883464566929
21
0.1647644881889764
0
LINE
8
BLACK
6
CONTINUOUS
10
0.5882883464566929
20
0.1647644881889764
11
0.5886796062992126
21
0.1643807086614173
0
LINE
8
BLACK
6
CONTINUOUS
10
0.5886796062992126
20
0.1643807086614173
11
0.5889805118110236
21
0.1641197244094488
0
LINE
8
BLACK
6
CONTINUOUS
10
0.5889805118110236
20
0.1641197244094488
11
0.5890140157480315
21
0.1640526771653543
0
LINE
8
BLACK
6
CONTINUOUS
10
0.5890140157480315
20
0.1640526771653543
11
0.5924853149606299
21
0.1606477559055118
0
LINE
8
BLACK
6
CONTINUOUS
10
0.5924853149606299
20
0.1606477559055118
11
0.5926711417322834
21
0.1604213779527559
0
LINE
8
BLACK
6
CONTINUOUS
10
0.5926711417322834
20
0.1604213779527559
11
0.5927300787401575
21
0.1603702362204724
0
LINE
8
BLACK
6
CONTINUOUS
10
0.5927300787401575
20
0.1603702362204724
11
0.5927586614173228
21
0.1603147244094488
0
LINE
8
BLACK
6
CONTINUOUS
10
0.5927586614173228
20
0.1603147244094488
11
0.5928525590551181
21
0.1602003149606299
0
LINE
8
BLACK
6
CONTINUOUS
10
0.5928525590551181
20
0.1602003149606299
11
0.5929962992125984
21
0.1598532677165354
0
LINE
8
BLACK
6
CONTINUOUS
10
0.5929962992125984
20
0.1598532677165354
11
0.5949131889763779
21
0.1561308267716535
0
LINE
8
BLACK
6
CONTINUOUS
10
0.5949131889763779
20
0.1561308267716535
11
0.5949292913385826
21
0.1560887401574803
0
LINE
8
BLACK
6
CONTINUOUS
10
0.5949292913385826
20
0.1560887401574803
11
0.5949420078740157
21
0.1560715748031496
0
LINE
8
BLACK
6
CONTINUOUS
10
0.5949420078740157
20
0.1560715748031496
11
0.5949545669291338
21
0.1560226377952756
0
LINE
8
BLACK
6
CONTINUOUS
10
0.5949545669291338
20
0.1560226377952756
11
0.5951200787401575
21
0.1555902362204724
0
LINE
8
BLACK
6
CONTINUOUS
10
0.5951200787401575
20
0.1555902362204724
11
0.5951407480314961
21
0.1552990157480315
0
LINE
8
BLACK
6
CONTINUOUS
10
0.5951407480314961
20
0.1552990157480315
11
0.5970115354330708
21
0.1480274015748032
0
LINE
8
BLACK
6
CONTINUOUS
10
0.5970115354330708
20
0.1480274015748032
11
0.5970262992125984
21
0.1479275590551181
0
LINE
8
BLACK
6
CONTINUOUS
10
0.5970262992125984
20
0.1479275590551181
11
0.5970429527559055
21
0.1478873228346457
0
LINE
8
BLACK
6
CONTINUOUS
10
0.5970429527559055
20
0.1478873228346457
11
0.597043622047244
21
0.1478101181102362
0
LINE
8
BLACK
6
CONTINUOUS
10
0.597043622047244
20
0.1478101181102362
11
0.5970961811023622
21
0.1474548031496063
0
LINE
8
BLACK
6
CONTINUOUS
10
0.5970961811023622
20
0.1474548031496063
11
0.5970497637795276
21
0.147142874015748
0
LINE
8
BLACK
6
CONTINUOUS
10
0.5970497637795276
20
0.147142874015748
11
0.5970996850393701
21
0.141686968503937
0
LINE
8
BLACK
6
CONTINUOUS
10
0.5970996850393701
20
0.141686968503937
11
0.5970897637795275
21
0.1415864566929134
0
LINE
8
BLACK
6
CONTINUOUS
10
0.5970897637795275
20
0.1415864566929134
11
0.5970961811023622
21
0.1415434251968504
0
LINE
8
BLACK
6
CONTINUOUS
10
0.5970961811023622
20
0.1415434251968504
11
0.5970782677165354
21
0.1414697637795276
0
LINE
8
BLACK
6
CONTINUOUS
10
0.5970782677165354
20
0.1414697637795276
11
0.5970429527559055
21
0.141110905511811
0
LINE
8
BLACK
6
CONTINUOUS
10
0.5970429527559055
20
0.141110905511811
11
0.596917874015748
21
0.1408090157480315
0
LINE
8
BLACK
6
CONTINUOUS
10
0.596917874015748
20
0.1408090157480315
11
0.5951367716535433
21
0.1334717716535433
0
LINE
8
BLACK
6
CONTINUOUS
10
0.5951367716535433
20
0.1334717716535433
11
0.5951215748031496
21
0.1334292913385827
0
LINE
8
BLACK
6
CONTINUOUS
10
0.5951215748031496
20
0.1334292913385827
11
0.5951200787401575
21
0.1334079921259843
0
LINE
8
BLACK
6
CONTINUOUS
10
0.5951200787401575
20
0.1334079921259843
11
0.5950969291338583
21
0.1333603543307087
0
LINE
8
BLACK
6
CONTINUOUS
10
0.5950969291338583
20
0.1333603543307087
11
0.5949420078740157
21
0.1329266535433071
0
LINE
8
BLACK
6
CONTINUOUS
10
0.5949420078740157
20
0.1329266535433071
11
0.5947812598425196
21
0.1327097244094488
0
LINE
8
BLACK
6
CONTINUOUS
10
0.5947812598425196
20
0.1327097244094488
11
0.5930384251968503
21
0.129117874015748
0
LINE
8
BLACK
6
CONTINUOUS
10
0.5930384251968503
20
0.129117874015748
11
0.5928823622047243
21
0.12887
0
LINE
8
BLACK
6
CONTINUOUS
10
0.5928823622047243
20
0.12887
11
0.5928525590551181
21
0.1287979527559055
0
LINE
8
BLACK
6
CONTINUOUS
10
0.5928525590551181
20
0.1287979527559055
11
0.5928092913385826
21
0.1287538582677165
0
LINE
8
BLACK
6
CONTINUOUS
10
0.5928092913385826
20
0.1287538582677165
11
0.5927300787401575
21
0.1286279921259842
0
LINE
8
BLACK
6
CONTINUOUS
10
0.5927300787401575
20
0.1286279921259842
11
0.5924338976377953
21
0.1283711811023622
0
LINE
8
BLACK
6
CONTINUOUS
10
0.5924338976377953
20
0.1283711811023622
11
0.5887357874015748
21
0.124600905511811
0
LINE
8
BLACK
6
CONTINUOUS
10
0.5887357874015748
20
0.124600905511811
11
0.5882883464566929
21
0.1242337007874016
0
LINE
8
BLACK
6
CONTINUOUS
10
0.5882883464566929
20
0.1242337007874016
11
0.5881902755905511
21
0.1241931102362205
0
LINE
8
BLACK
6
CONTINUOUS
10
0.5881902755905511
20
0.1241931102362205
11
0.5881101574803149
21
0.1241235826771653
0
LINE
8
BLACK
6
CONTINUOUS
10
0.5881101574803149
20
0.1241235826771653
11
0.5876
21
0.1239485826771654
0
LINE
8
BLACK
6
CONTINUOUS
10
0.5876
20
0.1239485826771654
11
0.587223937007874
21
0.1237927952755905
0
LINE
8
BLACK
6
CONTINUOUS
10
0.587223937007874
20
0.1237927952755905
11
0.587145905511811
21
0.1237927952755905
0
LINE
8
BLACK
6
CONTINUOUS
10
0.587145905511811
20
0.1237927952755905
11
0.5819573228346456
21
0.1220128346456693
0
LINE
8
BLACK
6
CONTINUOUS
10
0.5819573228346456
20
0.1220128346456693
11
0.5816717322834646
21
0.1219479133858268
0
LINE
8
BLACK
6
CONTINUOUS
10
0.5816717322834646
20
0.1219479133858268
11
0.5815996456692913
21
0.121918031496063
0
LINE
8
BLACK
6
CONTINUOUS
10
0.5815996456692913
20
0.121918031496063
11
0.5815367322834646
21
0.1219172440944882
0
LINE
8
BLACK
6
CONTINUOUS
10
0.5815367322834646
20
0.1219172440944882
11
0.581392874015748
21
0.1218844881889764
0
LINE
8
BLACK
6
CONTINUOUS
10
0.581392874015748
20
0.1218844881889764
11
0.5810266929133858
21
0.1219105511811024
0
LINE
8
BLACK
6
CONTINUOUS
10
0.5810266929133858
20
0.1219105511811024
11
0.5772740551181103
21
0.1218612992125984
0
LINE
8
BLACK
6
CONTINUOUS
10
0.5772740551181103
20
0.1218612992125984
11
0.5769824409448818
21
0.1218900393700787
0
LINE
8
BLACK
6
CONTINUOUS
10
0.5769824409448818
20
0.1218900393700787
11
0.5769047244094488
21
0.1218844881889764
0
LINE
8
BLACK
6
CONTINUOUS
10
0.5769047244094488
20
0.1218844881889764
11
0.5768461417322834
21
0.1219034645669291
0
LINE
8
BLACK
6
CONTINUOUS
10
0.5768461417322834
20
0.1219034645669291
11
0.5766979921259843
21
0.121918031496063
0
LINE
8
BLACK
6
CONTINUOUS
10
0.5766979921259843
20
0.121918031496063
11
0.5763294488188976
21
0.1220707086614173
0
LINE
8
BLACK
6
CONTINUOUS
10
0.5763294488188976
20
0.1220707086614173
11
0.5707160236220472
21
0.1238875984251969
0
LINE
8
BLACK
6
CONTINUOUS
10
0.5707160236220472
20
0.1238875984251969
11
0.5701874409448818
21
0.1241235826771653
0
LINE
8
BLACK
6
CONTINUOUS
10
0.5701874409448818
20
0.1241235826771653
11
0.5701072440944882
21
0.1241931496062992
0
LINE
8
BLACK
6
CONTINUOUS
10
0.5701072440944882
20
0.1241931496062992
11
0.5700092913385827
21
0.1242337007874016
0
LINE
8
BLACK
6
CONTINUOUS
10
0.5700092913385827
20
0.1242337007874016
11
0.5695568897637795
21
0.1246704724409449
0
LINE
8
BLACK
6
CONTINUOUS
10
0.5695568897637795
20
0.1246704724409449
11
0.5693170866141732
21
0.1248784645669291
0
LINE
8
BLACK
6
CONTINUOUS
10
0.5693170866141732
20
0.1248784645669291
11
0.5692943307086614
21
0.1249239763779528
0
LINE
8
BLACK
6
CONTINUOUS
10
0.5692943307086614
20
0.1249239763779528
11
0.5676870472440945
21
0.1264757480314961
0
LINE
8
BLACK
6
CONTINUOUS
10
0.5676870472440945
20
0.1264757480314961
11
0.567319842519685
21
0.1269231889763779
0
LINE
8
BLACK
6
CONTINUOUS
10
0.567319842519685
20
0.1269231889763779
11
0.5670331889763779
21
0.1276152755905512
0
LINE
8
BLACK
6
CONTINUOUS
10
0.5670331889763779
20
0.1276152755905512
11
0.5668789763779527
21
0.1279875590551181
0
LINE
8
BLACK
6
CONTINUOUS
10
0.5668789763779527
20
0.1279875590551181
11
0.5668222440944882
21
0.141686968503937
0
LINE
8
BLACK
6
CONTINUOUS
10
0.5668222440944882
20
0.141686968503937
11
0.5668789763779527
21
0.142263031496063
0
LINE
8
BLACK
6
CONTINUOUS
10
0.5668789763779527
20
0.142263031496063
11
0.5673198818897638
21
0.1433274409448819
0
LINE
8
BLACK
6
CONTINUOUS
10
0.5673198818897638
20
0.1433274409448819
11
0.5681345275590551
21
0.1441420866141732
0
LINE
8
BLACK
6
CONTINUOUS
10
0.5681345275590551
20
0.1441420866141732
11
0.5691989370078741
21
0.1445829921259842
0
LINE
8
BLACK
6
CONTINUOUS
10
0.5691989370078741
20
0.1445829921259842
11
0.5772740551181103
21
0.1446397244094488
0
LINE
8
BLACK
6
CONTINUOUS
10
0.5772740551181103
20
0.1446397244094488
11
0.5778501181102362
21
0.1445829921259842
0
LINE
8
BLACK
6
CONTINUOUS
10
0.5778501181102362
20
0.1445829921259842
11
0.5789145275590551
21
0.1441420866141732
0
LINE
8
BLACK
6
CONTINUOUS
10
0.5789145275590551
20
0.1441420866141732
11
0.5797291732283465
21
0.1433274409448819
0
LINE
8
BLACK
6
CONTINUOUS
10
0.5797291732283465
20
0.1433274409448819
11
0.5801700787401575
21
0.142263031496063
0
LINE
8
BLACK
6
CONTINUOUS
10
0.5801700787401575
20
0.142263031496063
11
0.5801700787401575
21
0.141110905511811
0
LINE
8
BLACK
6
CONTINUOUS
10
0.5801700787401575
20
0.141110905511811
11
0.5797291732283465
21
0.1400464960629921
0
LINE
8
BLACK
6
CONTINUOUS
10
0.5797291732283465
20
0.1400464960629921
11
0.5789145275590551
21
0.1392318503937008
0
LINE
8
BLACK
6
CONTINUOUS
10
0.5789145275590551
20
0.1392318503937008
11
0.5778501181102362
21
0.1387909448818898
0
LINE
8
BLACK
6
CONTINUOUS
10
0.5778501181102362
20
0.1387909448818898
11
0.5726855511811023
21
0.1387546850393701
0
LINE
8
BLACK
6
CONTINUOUS
10
0.5726855511811023
20
0.1387546850393701
11
0.5727227952755906
21
0.1297565748031496
0
LINE
8
BLACK
6
CONTINUOUS
10
0.5727227952755906
20
0.1297565748031496
11
0.5732929921259843
21
0.129206062992126
0
LINE
8
BLACK
6
CONTINUOUS
10
0.5732929921259843
20
0.129206062992126
11
0.5778674803149606
21
0.1277254330708661
0
LINE
8
BLACK
6
CONTINUOUS
10
0.5778674803149606
20
0.1277254330708661
11
0.5806776377952756
21
0.1277622834645669
0
LINE
8
BLACK
6
CONTINUOUS
10
0.5806776377952756
20
0.1277622834645669
11
0.5851371653543307
21
0.129292125984252
0
LINE
8
BLACK
6
CONTINUOUS
10
0.5851371653543307
20
0.129292125984252
11
0.5880614566929133
21
0.1322734645669291
0
LINE
8
BLACK
6
CONTINUOUS
10
0.5880614566929133
20
0.1322734645669291
11
0.589586062992126
21
0.1354155905511811
0
LINE
8
BLACK
6
CONTINUOUS
10
0.589586062992126
20
0.1354155905511811
11
0.5912406299212598
21
0.1422314566929134
0
LINE
8
BLACK
6
CONTINUOUS
10
0.5912406299212598
20
0.1422314566929134
11
0.5911956692913386
21
0.1471437401574803
0
LINE
8
BLACK
6
CONTINUOUS
10
0.5911956692913386
20
0.1471437401574803
11
0.5894390551181102
21
0.1539716929133858
0
LINE
8
BLACK
6
CONTINUOUS
10
0.5894390551181102
20
0.1539716929133858
11
0.5879157874015748
21
0.1569297637795276
0
LINE
8
BLACK
6
CONTINUOUS
10
0.5879157874015748
20
0.1569297637795276
11
0.5849941732283465
21
0.1597955118110236
0
LINE
8
BLACK
6
CONTINUOUS
10
0.5849941732283465
20
0.1597955118110236
11
0.5804161811023621
21
0.1612772834645669
0
LINE
8
BLACK
6
CONTINUOUS
10
0.5804161811023621
20
0.1612772834645669
11
0.5760164960629921
21
0.1612370472440945
0
LINE
8
BLACK
6
CONTINUOUS
10
0.5760164960629921
20
0.1612370472440945
11
0.5729702755905511
21
0.1596683464566929
0
LINE
8
BLACK
6
CONTINUOUS
10
0.5729702755905511
20
0.1596683464566929
11
0.5724296456692913
21
0.1594614566929134
0
LINE
8
BLACK
6
CONTINUOUS
10
0.5724296456692913
20
0.1594614566929134
11
0.5712804330708662
21
0.1593798031496063
0
LINE
8
BLACK
6
CONTINUOUS
10
0.5712804330708662
20
0.1593798031496063
11
0.5701874803149606
21
0.1597441338582677
0
LINE
8
BLACK
6
CONTINUOUS
10
0.5701874803149606
20
0.1597441338582677
11
0.5693170866141732
21
0.1604989763779527
0
LINE
8
BLACK
6
CONTINUOUS
10
0.5693170866141732
20
0.1604989763779527
11
0.5688018503937008
21
0.1615294881889764
0
LINE
8
BLACK
6
CONTINUOUS
10
0.5688018503937008
20
0.1615294881889764
11
0.5687201968503937
21
0.1626787007874016
0
LINE
8
BLACK
6
CONTINUOUS
10
0.5687201968503937
20
0.1626787007874016
11
0.5690845275590551
21
0.1637716535433071
0
LINE
8
BLACK
6
CONTINUOUS
10
0.5690845275590551
20
0.1637716535433071
11
0.5698393700787402
21
0.1646420472440945
0
LINE
8
BLACK
6
CONTINUOUS
10
0.5698393700787402
20
0.1646420472440945
11
0.574078779527559
21
0.166825157480315
0
LINE
8
BLACK
6
CONTINUOUS
10
0.574078779527559
20
0.166825157480315
11
0.5746193700787402
21
0.1670320472440945
0
LINE
8
BLACK
6
CONTINUOUS
10
0.5746193700787402
20
0.1670320472440945
11
0.5747252362204724
21
0.1670396062992126
0
LINE
8
BLACK
6
CONTINUOUS
10
0.5747252362204724
20
0.1670396062992126
11
0.5748232283464567
21
0.167080157480315
0
LINE
8
BLACK
6
CONTINUOUS
10
0.5748232283464567
20
0.167080157480315
11
0.5753664173228347
21
0.167085157480315
0
LINE
8
BLACK
6
CONTINUOUS
10
0.5753664173228347
20
0.167085157480315
11
0.5757685826771654
21
0.1671137007874016
0
LINE
8
BLACK
6
CONTINUOUS
10
0.5757685826771654
20
0.1671137007874016
11
0.5758412598425197
21
0.1670894881889764
0
LINE
8
BLACK
6
CONTINUOUS
10
0.5758412598425197
20
0.1670894881889764
11
0.5810235826771654
21
0.1671368897637795
0
LINE
8
BLACK
6
CONTINUOUS
10
0.5810235826771654
20
0.1671368897637795
11
0.5813151181102362
21
0.1671081889763779
0
LINE
8
BLACK
6
CONTINUOUS
10
0.5530854724409449
20
0.167080157480315
11
0.5534781496062992
21
0.167080157480315
0
LINE
8
BLACK
6
CONTINUOUS
10
0.5534781496062992
20
0.167080157480315
11
0.5536519685039369
21
0.1670081496062992
0
LINE
8
BLACK
6
CONTINUOUS
10
0.5536519685039369
20
0.1670081496062992
11
0.5538387401574802
21
0.1669844094488189
0
LINE
8
BLACK
6
CONTINUOUS
10
0.5538387401574802
20
0.1669844094488189
11
0.554179842519685
21
0.1667895275590551
0
LINE
8
BLACK
6
CONTINUOUS
10
0.554179842519685
20
0.1667895275590551
11
0.5545425590551181
21
0.1666392519685039
0
LINE
8
BLACK
6
CONTINUOUS
10
0.5545425590551181
20
0.1666392519685039
11
0.5546755511811023
21
0.1665062598425197
0
LINE
8
BLACK
6
CONTINUOUS
10
0.5546755511811023
20
0.1665062598425197
11
0.5548390944881889
21
0.1664127952755906
0
LINE
8
BLACK
6
CONTINUOUS
10
0.5548390944881889
20
0.1664127952755906
11
0.5550796062992126
21
0.1661022047244095
0
LINE
8
BLACK
6
CONTINUOUS
10
0.5550796062992126
20
0.1661022047244095
11
0.5553572047244094
21
0.1658246062992126
0
LINE
8
BLACK
6
CONTINUOUS
10
0.5553572047244094
20
0.1658246062992126
11
0.5554292125984251
21
0.1656507480314961
0
LINE
8
BLACK
6
CONTINUOUS
10
0.5554292125984251
20
0.1656507480314961
11
0.5555444881889764
21
0.1655018897637795
0
LINE
8
BLACK
6
CONTINUOUS
10
0.5555444881889764
20
0.1655018897637795
11
0.5556477952755905
21
0.165123031496063
0
LINE
8
BLACK
6
CONTINUOUS
10
0.5556477952755905
20
0.165123031496063
11
0.5557981102362205
21
0.1647601968503937
0
LINE
8
BLACK
6
CONTINUOUS
10
0.5557981102362205
20
0.1647601968503937
11
0.5557983464566929
21
0.1645710236220472
0
LINE
8
BLACK
6
CONTINUOUS
10
0.5557983464566929
20
0.1645710236220472
11
0.5558476377952756
21
0.1643903937007874
0
LINE
8
BLACK
6
CONTINUOUS
10
0.5558476377952756
20
0.1643903937007874
11
0.5557991732283465
21
0.1640091732283465
0
LINE
8
BLACK
6
CONTINUOUS
10
0.5557991732283465
20
0.1640091732283465
11
0.555854842519685
21
0.1248140551181102
0
LINE
8
BLACK
6
CONTINUOUS
10
0.555854842519685
20
0.1248140551181102
11
0.5557981102362205
21
0.1242379921259842
0
LINE
8
BLACK
6
CONTINUOUS
10
0.5557981102362205
20
0.1242379921259842
11
0.5553572047244094
21
0.1231735826771654
0
LINE
8
BLACK
6
CONTINUOUS
10
0.5553572047244094
20
0.1231735826771654
11
0.5545425590551181
21
0.122358937007874
0
LINE
8
BLACK
6
CONTINUOUS
10
0.5545425590551181
20
0.122358937007874
11
0.5534781496062992
21
0.121918031496063
0
LINE
8
BLACK
6
CONTINUOUS
10
0.5534781496062992
20
0.121918031496063
11
0.5523260236220472
21
0.121918031496063
0
LINE
8
BLACK
6
CONTINUOUS
10
0.5523260236220472
20
0.121918031496063
11
0.5512616141732284
21
0.122358937007874
0
LINE
8
BLACK
6
CONTINUOUS
10
0.5512616141732284
20
0.122358937007874
11
0.550446968503937
21
0.1231735826771654
0
LINE
8
BLACK
6
CONTINUOUS
10
0.550446968503937
20
0.1231735826771654
11
0.550006062992126
21
0.1242379921259842
0
LINE
8
BLACK
6
CONTINUOUS
10
0.550006062992126
20
0.1242379921259842
11
0.5499649606299213
21
0.1531781889763779
0
LINE
8
BLACK
6
CONTINUOUS
10
0.5499649606299213
20
0.1531781889763779
11
0.532968622047244
21
0.123349094488189
0
LINE
8
BLACK
6
CONTINUOUS
10
0.532968622047244
20
0.123349094488189
11
0.5328824409448819
21
0.1232277165354331
0
LINE
8
BLACK
6
CONTINUOUS
10
0.5328824409448819
20
0.1232277165354331
11
0.5328600393700788
21
0.1231735826771654
0
LINE
8
BLACK
6
CONTINUOUS
10
0.5328600393700788
20
0.1231735826771654
11
0.5328049212598425
21
0.1231185039370079
0
LINE
8
BLACK
6
CONTINUOUS
10
0.5328049212598425
20
0.1231185039370079
11
0.5326335826771653
21
0.1228770472440945
0
LINE
8
BLACK
6
CONTINUOUS
10
0.5326335826771653
20
0.1228770472440945
11
0.5323229527559055
21
0.1226365354330709
0
LINE
8
BLACK
6
CONTINUOUS
10
0.5323229527559055
20
0.1226365354330709
11
0.5320453937007874
21
0.122358937007874
0
LINE
8
BLACK
6
CONTINUOUS
10
0.5320453937007874
20
0.122358937007874
11
0.5318714960629921
21
0.1222869291338583
0
LINE
8
BLACK
6
CONTINUOUS
10
0.5318714960629921
20
0.1222869291338583
11
0.5317226771653544
21
0.1221716535433071
0
LINE
8
BLACK
6
CONTINUOUS
10
0.5317226771653544
20
0.1221716535433071
11
0.5313437795275591
21
0.1220683464566929
0
LINE
8
BLACK
6
CONTINUOUS
10
0.5313437795275591
20
0.1220683464566929
11
0.5309809842519685
21
0.121918031496063
0
LINE
8
BLACK
6
CONTINUOUS
10
0.5309809842519685
20
0.121918031496063
11
0.5307927559055118
21
0.121918031496063
0
LINE
8
BLACK
6
CONTINUOUS
10
0.5307927559055118
20
0.121918031496063
11
0.5306111811023622
21
0.1218685039370079
0
LINE
8
BLACK
6
CONTINUOUS
10
0.5306111811023622
20
0.1218685039370079
11
0.5302215354330708
21
0.121918031496063
0
LINE
8
BLACK
6
CONTINUOUS
10
0.5302215354330708
20
0.121918031496063
11
0.5298288582677165
21
0.121918031496063
0
LINE
8
BLACK
6
CONTINUOUS
10
0.5298288582677165
20
0.121918031496063
11
0.529655
21
0.1219900787401575
0
LINE
8
BLACK
6
CONTINUOUS
10
0.529655
20
0.1219900787401575
11
0.5294682677165354
21
0.1220137795275591
0
LINE
8
BLACK
6
CONTINUOUS
10
0.5294682677165354
20
0.1220137795275591
11
0.5291271259842519
21
0.1222087007874016
0
LINE
8
BLACK
6
CONTINUOUS
10
0.5291271259842519
20
0.1222087007874016
11
0.5287644488188976
21
0.122358937007874
0
LINE
8
BLACK
6
CONTINUOUS
10
0.5287644488188976
20
0.122358937007874
11
0.5286314173228346
21
0.122491968503937
0
LINE
8
BLACK
6
CONTINUOUS
10
0.5286314173228346
20
0.122491968503937
11
0.5284679133858268
21
0.1225853937007874
0
LINE
8
BLACK
6
CONTINUOUS
10
0.5284679133858268
20
0.1225853937007874
11
0.5282273622047244
21
0.1228960236220472
0
LINE
8
BLACK
6
CONTINUOUS
10
0.5282273622047244
20
0.1228960236220472
11
0.5279498031496063
21
0.1231735826771654
0
LINE
8
BLACK
6
CONTINUOUS
10
0.5279498031496063
20
0.1231735826771654
11
0.5278777559055118
21
0.1233474803149606
0
LINE
8
BLACK
6
CONTINUOUS
10
0.5278777559055118
20
0.1233474803149606
11
0.5277625196850394
21
0.1234962992125984
0
LINE
8
BLACK
6
CONTINUOUS
10
0.5277625196850394
20
0.1234962992125984
11
0.5276591732283464
21
0.1238751968503937
0
LINE
8
BLACK
6
CONTINUOUS
10
0.5276591732283464
20
0.1238751968503937
11
0.5275088976377953
21
0.1242379921259842
0
LINE
8
BLACK
6
CONTINUOUS
10
0.5275088976377953
20
0.1242379921259842
11
0.5275086220472441
21
0.1244272047244094
0
LINE
8
BLACK
6
CONTINUOUS
10
0.5275086220472441
20
0.1244272047244094
11
0.5274593700787401
21
0.1246077952755905
0
LINE
8
BLACK
6
CONTINUOUS
10
0.5274593700787401
20
0.1246077952755905
11
0.5275077952755906
21
0.1249890551181102
0
LINE
8
BLACK
6
CONTINUOUS
10
0.5275077952755906
20
0.1249890551181102
11
0.5274521653543307
21
0.1641841338582677
0
LINE
8
BLACK
6
CONTINUOUS
10
0.5274521653543307
20
0.1641841338582677
11
0.5275088976377953
21
0.1647601968503937
0
LINE
8
BLACK
6
CONTINUOUS
10
0.5275088976377953
20
0.1647601968503937
11
0.5279498031496063
21
0.1658246062992126
0
LINE
8
BLACK
6
CONTINUOUS
10
0.5279498031496063
20
0.1658246062992126
11
0.5287644488188976
21
0.1666392519685039
0
LINE
8
BLACK
6
CONTINUOUS
10
0.5287644488188976
20
0.1666392519685039
11
0.5298288582677165
21
0.167080157480315
0
LINE
8
BLACK
6
CONTINUOUS
10
0.5298288582677165
20
0.167080157480315
11
0.5309809842519685
21
0.167080157480315
0
LINE
8
BLACK
6
CONTINUOUS
10
0.5309809842519685
20
0.167080157480315
11
0.5320453937007874
21
0.1666392519685039
0
LINE
8
BLACK
6
CONTINUOUS
10
0.5320453937007874
20
0.1666392519685039
11
0.5328600393700788
21
0.1658246062992126
0
LINE
8
BLACK
6
CONTINUOUS
10
0.5328600393700788
20
0.1658246062992126
11
0.5333009448818897
21
0.1647601968503937
0
LINE
8
BLACK
6
CONTINUOUS
10
0.5333009448818897
20
0.1647601968503937
11
0.5333420078740158
21
0.1358200393700787
0
LINE
8
BLACK
6
CONTINUOUS
10
0.5333420078740158
20
0.1358200393700787
11
0.5503383858267716
21
0.1656491338582677
0
LINE
8
BLACK
6
CONTINUOUS
10
0.5503383858267716
20
0.1656491338582677
11
0.5504245669291339
21
0.1657705905511811
0
LINE
8
BLACK
6
CONTINUOUS
10
0.5504245669291339
20
0.1657705905511811
11
0.550446968503937
21
0.1658246062992126
0
LINE
8
BLACK
6
CONTINUOUS
10
0.550446968503937
20
0.1658246062992126
11
0.550501968503937
21
0.1658796456692913
0
LINE
8
BLACK
6
CONTINUOUS
10
0.550501968503937
20
0.1658796456692913
11
0.5506734251968504
21
0.1661211417322835
0
LINE
8
BLACK
6
CONTINUOUS
10
0.5506734251968504
20
0.1661211417322835
11
0.5509839763779527
21
0.1663616535433071
0
LINE
8
BLACK
6
CONTINUOUS
10
0.5509839763779527
20
0.1663616535433071
11
0.5512616141732284
21
0.1666392519685039
0
LINE
8
BLACK
6
CONTINUOUS
10
0.5512616141732284
20
0.1666392519685039
11
0.5514355511811023
21
0.1667113385826772
0
LINE
8
BLACK
6
CONTINUOUS
10
0.5514355511811023
20
0.1667113385826772
11
0.5515843700787402
21
0.1668265354330709
0
LINE
8
BLACK
6
CONTINUOUS
10
0.5515843700787402
20
0.1668265354330709
11
0.5519631496062992
21
0.1669298818897638
0
LINE
8
BLACK
6
CONTINUOUS
10
0.5519631496062992
20
0.1669298818897638
11
0.5523260236220472
21
0.167080157480315
0
LINE
8
BLACK
6
CONTINUOUS
10
0.5523260236220472
20
0.167080157480315
11
0.5525142519685039
21
0.167080157480315
0
LINE
8
BLACK
6
CONTINUOUS
10
0.5525142519685039
20
0.167080157480315
11
0.5526958267716535
21
0.1671296850393701
0
LINE
8
BLACK
6
CONTINUOUS
10
0.5526958267716535
20
0.1671296850393701
11
0.5530854724409449
21
0.167080157480315
0
LINE
8
BLACK
6
CONTINUOUS
10
-0.1888963385826772
20
0.1393242913385827
11
-0.1887165354330709
21
0.1273510236220473
0
LINE
8
BLACK
6
CONTINUOUS
10
-0.1887165354330709
20
0.1273510236220473
11
-0.1888963385826772
21
0.1264470472440945
0
LINE
8
BLACK
6
CONTINUOUS
10
-0.1888963385826772
20
0.1264470472440945
11
-0.1901747637795276
21
0.1251686220472441
0
LINE
8
BLACK
6
CONTINUOUS
10
-0.1901747637795276
20
0.1251686220472441
11
-0.1919827165354331
21
0.1251686220472441
0
LINE
8
BLACK
6
CONTINUOUS
10
-0.1919827165354331
20
0.1251686220472441
11
-0.1932611417322835
21
0.1264470472440945
0
LINE
8
BLACK
6
CONTINUOUS
10
-0.1932611417322835
20
0.1264470472440945
11
-0.1934409448818898
21
0.1384203149606299
0
LINE
8
BLACK
6
CONTINUOUS
10
-0.1934409448818898
20
0.1384203149606299
11
-0.1932611417322835
21
0.1393242913385827
0
LINE
8
BLACK
6
CONTINUOUS
10
-0.1932611417322835
20
0.1393242913385827
11
-0.1919827165354331
21
0.1406027165354331
0
LINE
8
BLACK
6
CONTINUOUS
10
-0.1919827165354331
20
0.1406027165354331
11
-0.1901747637795276
21
0.1406027165354331
0
LINE
8
BLACK
6
CONTINUOUS
10
-0.1901747637795276
20
0.1406027165354331
11
-0.1888963385826772
21
0.1393242913385827
0
LINE
8
BLACK
6
CONTINUOUS
10
-0.1487388582677165
20
0.1393242913385827
11
-0.1485590551181102
21
0.1273510236220473
0
LINE
8
BLACK
6
CONTINUOUS
10
-0.1485590551181102
20
0.1273510236220473
11
-0.1487388582677165
21
0.1264470472440945
0
LINE
8
BLACK
6
CONTINUOUS
10
-0.1487388582677165
20
0.1264470472440945
11
-0.1500172834645669
21
0.1251686220472441
0
LINE
8
BLACK
6
CONTINUOUS
10
-0.1500172834645669
20
0.1251686220472441
11
-0.1518252362204724
21
0.1251686220472441
0
LINE
8
BLACK
6
CONTINUOUS
10
-0.1518252362204724
20
0.1251686220472441
11
-0.1531036614173228
21
0.1264470472440945
0
LINE
8
BLACK
6
CONTINUOUS
10
-0.1531036614173228
20
0.1264470472440945
11
-0.1532834645669291
21
0.1384203149606299
0
LINE
8
BLACK
6
CONTINUOUS
10
-0.1532834645669291
20
0.1384203149606299
11
-0.1531036614173228
21
0.1393242913385827
0
LINE
8
BLACK
6
CONTINUOUS
10
-0.1531036614173228
20
0.1393242913385827
11
-0.1518252362204724
21
0.1406027165354331
0
LINE
8
BLACK
6
CONTINUOUS
10
-0.1518252362204724
20
0.1406027165354331
11
-0.1500172834645669
21
0.1406027165354331
0
LINE
8
BLACK
6
CONTINUOUS
10
-0.1500172834645669
20
0.1406027165354331
11
-0.1487388582677165
21
0.1393242913385827
0
LINE
8
BLACK
6
CONTINUOUS
10
0.0588495669291339
20
0.1609650787401575
11
0.0588924409448819
21
0.1609793307086614
0
LINE
8
BLACK
6
CONTINUOUS
10
0.0588924409448819
20
0.1609793307086614
11
0.0589813779527559
21
0.1609388582677165
0
LINE
8
BLACK
6
CONTINUOUS
10
0.0589813779527559
20
0.1609388582677165
11
0.0595061811023622
21
0.1608344488188976
0
LINE
8
BLACK
6
CONTINUOUS
10
0.0595061811023622
20
0.1608344488188976
11
0.059753031496063
21
0.1605875984251968
0
LINE
8
BLACK
6
CONTINUOUS
10
0.059753031496063
20
0.1605875984251968
11
0.0625054330708661
21
0.1593346456692913
0
LINE
8
BLACK
6
CONTINUOUS
10
0.0625054330708661
20
0.1593346456692913
11
0.0625057874015748
21
0.1593346456692913
0
LINE
8
BLACK
6
CONTINUOUS
10
0.0625057874015748
20
0.1593346456692913
11
0.0625061417322835
21
0.1593343307086614
0
LINE
8
BLACK
6
CONTINUOUS
10
0.0625061417322835
20
0.1593343307086614
11
0.0626328346456693
21
0.1592766535433071
0
LINE
8
BLACK
6
CONTINUOUS
10
0.0626328346456693
20
0.1592766535433071
11
0.0632396062992126
21
0.1588057480314961
0
LINE
8
BLACK
6
CONTINUOUS
10
0.0632396062992126
20
0.1588057480314961
11
0.0633025590551181
21
0.1586168503937008
0
LINE
8
BLACK
6
CONTINUOUS
10
0.0633025590551181
20
0.1586168503937008
11
0.0646442519685039
21
0.1574081496062992
0
LINE
8
BLACK
6
CONTINUOUS
10
0.0646442519685039
20
0.1574081496062992
11
0.0650709448818898
21
0.1567695275590551
0
LINE
8
BLACK
6
CONTINUOUS
10
0.0650709448818898
20
0.1567695275590551
11
0.0650709842519685
21
0.155262874015748
0
LINE
8
BLACK
6
CONTINUOUS
10
0.0650709842519685
20
0.155262874015748
11
0.0640056692913386
21
0.1541975590551181
0
LINE
8
BLACK
6
CONTINUOUS
10
0.0640056692913386
20
0.1541975590551181
11
0.0624990157480315
21
0.1541975196850394
0
LINE
8
BLACK
6
CONTINUOUS
10
0.0624990157480315
20
0.1541975196850394
11
0.0603638582677165
21
0.1561210236220472
0
LINE
8
BLACK
6
CONTINUOUS
10
0.0603638582677165
20
0.1561210236220472
11
0.0580576771653543
21
0.1571708267716535
0
LINE
8
BLACK
6
CONTINUOUS
10
0.0580576771653543
20
0.1571708267716535
11
0.0515072047244094
21
0.1570518897637795
0
LINE
8
BLACK
6
CONTINUOUS
10
0.0515072047244094
20
0.1570518897637795
11
0.049195157480315
21
0.1557885039370079
0
LINE
8
BLACK
6
CONTINUOUS
10
0.049195157480315
20
0.1557885039370079
11
0.0481493307086614
21
0.1546276771653543
0
LINE
8
BLACK
6
CONTINUOUS
10
0.0481493307086614
20
0.1546276771653543
11
0.0471285039370079
21
0.1523850787401575
0
LINE
8
BLACK
6
CONTINUOUS
10
0.0471285039370079
20
0.1523850787401575
11
0.0472230708661417
21
0.1500169291338583
0
LINE
8
BLACK
6
CONTINUOUS
10
0.0472230708661417
20
0.1500169291338583
11
0.0472187795275591
21
0.1499955511811024
0
LINE
8
BLACK
6
CONTINUOUS
10
0.0472187795275591
20
0.1499955511811024
11
0.048568031496063
21
0.146287874015748
0
LINE
8
BLACK
6
CONTINUOUS
10
0.048568031496063
20
0.146287874015748
11
0.0661440551181102
21
0.1289116535433071
0
LINE
8
BLACK
6
CONTINUOUS
10
0.0661440551181102
20
0.1289116535433071
11
0.0665707874015748
21
0.128273031496063
0
LINE
8
BLACK
6
CONTINUOUS
10
0.0665707874015748
20
0.128273031496063
11
0.0665707874015748
21
0.1267664173228346
0
LINE
8
BLACK
6
CONTINUOUS
10
0.0665707874015748
20
0.1267664173228346
11
0.0655054330708661
21
0.125701062992126
0
LINE
8
BLACK
6
CONTINUOUS
10
0.0655054330708661
20
0.125701062992126
11
0.0452545669291339
21
0.1255512204724409
0
LINE
8
BLACK
6
CONTINUOUS
10
0.0452545669291339
20
0.1255512204724409
11
0.0445012598425197
21
0.125701062992126
0
LINE
8
BLACK
6
CONTINUOUS
10
0.0445012598425197
20
0.125701062992126
11
0.043435905511811
21
0.1267664173228346
0
LINE
8
BLACK
6
CONTINUOUS
10
0.043435905511811
20
0.1267664173228346
11
0.043435905511811
21
0.128273031496063
0
LINE
8
BLACK
6
CONTINUOUS
10
0.043435905511811
20
0.128273031496063
11
0.0445012598425197
21
0.1293383858267717
0
LINE
8
BLACK
6
CONTINUOUS
10
0.0445012598425197
20
0.1293383858267717
11
0.060202125984252
21
0.1294545669291338
0
LINE
8
BLACK
6
CONTINUOUS
10
0.060202125984252
20
0.1294545669291338
11
0.0453624409448819
21
0.1441255511811023
0
LINE
8
BLACK
6
CONTINUOUS
10
0.0453624409448819
20
0.1441255511811023
11
0.0453076771653543
21
0.1442075196850394
0
LINE
8
BLACK
6
CONTINUOUS
10
0.0453076771653543
20
0.1442075196850394
11
0.0452672440944882
21
0.1442277165354331
0
LINE
8
BLACK
6
CONTINUOUS
10
0.0452672440944882
20
0.1442277165354331
11
0.0452350393700787
21
0.1443162204724409
0
LINE
8
BLACK
6
CONTINUOUS
10
0.0452350393700787
20
0.1443162204724409
11
0.0449357086614173
21
0.1447641732283464
0
LINE
8
BLACK
6
CONTINUOUS
10
0.0449357086614173
20
0.1447641732283464
11
0.0449357086614173
21
0.1451388188976378
0
LINE
8
BLACK
6
CONTINUOUS
10
0.0449357086614173
20
0.1451388188976378
11
0.0433870866141732
21
0.1493944488188976
0
LINE
8
BLACK
6
CONTINUOUS
10
0.0433870866141732
20
0.1493944488188976
11
0.0432910236220472
21
0.1501564566929134
0
LINE
8
BLACK
6
CONTINUOUS
10
0.0432910236220472
20
0.1501564566929134
11
0.0433921653543307
21
0.150358779527559
0
LINE
8
BLACK
6
CONTINUOUS
10
0.0433921653543307
20
0.150358779527559
11
0.043286062992126
21
0.1530165354330709
0
LINE
8
BLACK
6
CONTINUOUS
10
0.043286062992126
20
0.1530165354330709
11
0.0433052755905512
21
0.1531132677165354
0
LINE
8
BLACK
6
CONTINUOUS
10
0.0433052755905512
20
0.1531132677165354
11
0.0432910236220472
21
0.153156062992126
0
LINE
8
BLACK
6
CONTINUOUS
10
0.0432910236220472
20
0.153156062992126
11
0.0433314960629921
21
0.153245
0
LINE
8
BLACK
6
CONTINUOUS
10
0.0433314960629921
20
0.153245
11
0.043435905511811
21
0.153769842519685
0
LINE
8
BLACK
6
CONTINUOUS
10
0.043435905511811
20
0.153769842519685
11
0.0436827952755905
21
0.1540167716535433
0
LINE
8
BLACK
6
CONTINUOUS
10
0.0436827952755905
20
0.1540167716535433
11
0.0449357086614173
21
0.1567691732283465
0
LINE
8
BLACK
6
CONTINUOUS
10
0.0449357086614173
20
0.1567691732283465
11
0.0449357086614173
21
0.1567694881889764
0
LINE
8
BLACK
6
CONTINUOUS
10
0.0449357086614173
20
0.1567694881889764
11
0.0449360236220472
21
0.1567698818897638
0
LINE
8
BLACK
6
CONTINUOUS
10
0.0449360236220472
20
0.1567698818897638
11
0.0449937007874016
21
0.1568965354330709
0
LINE
8
BLACK
6
CONTINUOUS
10
0.0449937007874016
20
0.1568965354330709
11
0.0454646062992126
21
0.1575032677165354
0
LINE
8
BLACK
6
CONTINUOUS
10
0.0454646062992126
20
0.1575032677165354
11
0.0456534645669291
21
0.1575662598425197
0
LINE
8
BLACK
6
CONTINUOUS
10
0.0456534645669291
20
0.1575662598425197
11
0.0467652755905512
21
0.1588003543307087
0
LINE
8
BLACK
6
CONTINUOUS
10
0.0467652755905512
20
0.1588003543307087
11
0.0467670866141732
21
0.1588057480314961
0
LINE
8
BLACK
6
CONTINUOUS
10
0.0467670866141732
20
0.1588057480314961
11
0.0467731102362205
21
0.158809094488189
0
LINE
8
BLACK
6
CONTINUOUS
10
0.0467731102362205
20
0.158809094488189
11
0.0468622047244094
21
0.1589079133858268
0
LINE
8
BLACK
6
CONTINUOUS
10
0.0468622047244094
20
0.1589079133858268
11
0.0475008267716535
21
0.1593346456692913
0
LINE
8
BLACK
6
CONTINUOUS
10
0.0475008267716535
20
0.1593346456692913
11
0.0477349606299213
21
0.1593346456692913
0
LINE
8
BLACK
6
CONTINUOUS
10
0.0477349606299213
20
0.1593346456692913
11
0.0503735039370079
21
0.1607764960629921
0
LINE
8
BLACK
6
CONTINUOUS
10
0.0503735039370079
20
0.1607764960629921
11
0.0504685826771654
21
0.1608025590551181
0
LINE
8
BLACK
6
CONTINUOUS
10
0.0504685826771654
20
0.1608025590551181
11
0.0505005118110236
21
0.1608344488188976
0
LINE
8
BLACK
6
CONTINUOUS
10
0.0505005118110236
20
0.1608344488188976
11
0.0505911417322835
21
0.1608361023622047
0
LINE
8
BLACK
6
CONTINUOUS
10
0.0505911417322835
20
0.1608361023622047
11
0.0511142913385827
21
0.1609793307086614
0
LINE
8
BLACK
6
CONTINUOUS
10
0.0511142913385827
20
0.1609793307086614
11
0.0514947244094488
21
0.1608525196850394
0
LINE
8
BLACK
6
CONTINUOUS
10
0.0514947244094488
20
0.1608525196850394
11
0.058752874015748
21
0.1609842913385827
0
LINE
8
BLACK
6
CONTINUOUS
10
0.058752874015748
20
0.1609842913385827
11
0.0588495669291339
21
0.1609650787401575
0
LINE
8
BLACK
6
CONTINUOUS
10
0.1100653543307087
20
0.159769094488189
11
0.1102151968503937
21
0.1365186220472441
0
LINE
8
BLACK
6
CONTINUOUS
10
0.1102151968503937
20
0.1365186220472441
11
0.110210905511811
21
0.1364972440944882
0
LINE
8
BLACK
6
CONTINUOUS
10
0.110210905511811
20
0.1364972440944882
11
0.1115326377952756
21
0.132865157480315
0
LINE
8
BLACK
6
CONTINUOUS
10
0.1115326377952756
20
0.132865157480315
11
0.1139703543307087
21
0.1305694488188976
0
LINE
8
BLACK
6
CONTINUOUS
10
0.1139703543307087
20
0.1305694488188976
11
0.1178501968503937
21
0.1293926377952756
0
LINE
8
BLACK
6
CONTINUOUS
10
0.1178501968503937
20
0.1293926377952756
11
0.1202451968503937
21
0.1294882283464567
0
LINE
8
BLACK
6
CONTINUOUS
10
0.1202451968503937
20
0.1294882283464567
11
0.1209985039370079
21
0.1293383858267717
0
LINE
8
BLACK
6
CONTINUOUS
10
0.1209985039370079
20
0.1293383858267717
11
0.1220638582677165
21
0.128273031496063
0
LINE
8
BLACK
6
CONTINUOUS
10
0.1220638582677165
20
0.128273031496063
11
0.1220638582677165
21
0.1267664173228346
0
LINE
8
BLACK
6
CONTINUOUS
10
0.1220638582677165
20
0.1267664173228346
11
0.1209985039370079
21
0.125701062992126
0
LINE
8
BLACK
6
CONTINUOUS
10
0.1209985039370079
20
0.125701062992126
11
0.1173863779527559
21
0.1255568503937008
0
LINE
8
BLACK
6
CONTINUOUS
10
0.1173863779527559
20
0.1255568503937008
11
0.1173850787401575
21
0.1255561811023622
0
LINE
8
BLACK
6
CONTINUOUS
10
0.1173850787401575
20
0.1255561811023622
11
0.1173832677165354
21
0.1255567322834646
0
LINE
8
BLACK
6
CONTINUOUS
10
0.1173832677165354
20
0.1255567322834646
11
0.1172455511811024
21
0.1255512204724409
0
LINE
8
BLACK
6
CONTINUOUS
10
0.1172455511811024
20
0.1255512204724409
11
0.1164922440944882
21
0.125701062992126
0
LINE
8
BLACK
6
CONTINUOUS
10
0.1164922440944882
20
0.125701062992126
11
0.1163114566929134
21
0.1258818503937008
0
LINE
8
BLACK
6
CONTINUOUS
10
0.1163114566929134
20
0.1258818503937008
11
0.1121236614173228
21
0.1271520472440945
0
LINE
8
BLACK
6
CONTINUOUS
10
0.1121236614173228
20
0.1271520472440945
11
0.112038031496063
21
0.1272008661417323
0
LINE
8
BLACK
6
CONTINUOUS
10
0.112038031496063
20
0.1272008661417323
11
0.1119927952755905
21
0.1272008661417323
0
LINE
8
BLACK
6
CONTINUOUS
10
0.1119927952755905
20
0.1272008661417323
11
0.1119234251968504
21
0.1272661811023622
0
LINE
8
BLACK
6
CONTINUOUS
10
0.1119234251968504
20
0.1272661811023622
11
0.1114563779527559
21
0.1275324015748031
0
LINE
8
BLACK
6
CONTINUOUS
10
0.1114563779527559
20
0.1275324015748031
11
0.1112922834645669
21
0.1278605905511811
0
LINE
8
BLACK
6
CONTINUOUS
10
0.1112922834645669
20
0.1278605905511811
11
0.1083545669291339
21
0.1306272440944882
0
LINE
8
BLACK
6
CONTINUOUS
10
0.1083545669291339
20
0.1306272440944882
11
0.1082998031496063
21
0.1307092125984252
0
LINE
8
BLACK
6
CONTINUOUS
10
0.1082998031496063
20
0.1307092125984252
11
0.1082593700787402
21
0.1307294094488189
0
LINE
8
BLACK
6
CONTINUOUS
10
0.1082593700787402
20
0.1307294094488189
11
0.1082271653543307
21
0.1308179133858268
0
LINE
8
BLACK
6
CONTINUOUS
10
0.1082271653543307
20
0.1308179133858268
11
0.1079278346456693
21
0.1312658661417323
0
LINE
8
BLACK
6
CONTINUOUS
10
0.1079278346456693
20
0.1312658661417323
11
0.1079278346456693
21
0.1316405118110236
0
LINE
8
BLACK
6
CONTINUOUS
10
0.1079278346456693
20
0.1316405118110236
11
0.1063792125984252
21
0.1358961417322835
0
LINE
8
BLACK
6
CONTINUOUS
10
0.1063792125984252
20
0.1358961417322835
11
0.1062831496062992
21
0.1366581496062992
0
LINE
8
BLACK
6
CONTINUOUS
10
0.1062831496062992
20
0.1366581496062992
11
0.1064204724409449
21
0.136932874015748
0
LINE
8
BLACK
6
CONTINUOUS
10
0.1064204724409449
20
0.136932874015748
11
0.1062781889763779
21
0.1590157874015748
0
LINE
8
BLACK
6
CONTINUOUS
10
0.1062781889763779
20
0.1590157874015748
11
0.106428031496063
21
0.159769094488189
0
LINE
8
BLACK
6
CONTINUOUS
10
0.106428031496063
20
0.159769094488189
11
0.1074933858267716
21
0.1608344488188976
0
LINE
8
BLACK
6
CONTINUOUS
10
0.1074933858267716
20
0.1608344488188976
11
0.109
21
0.1608344488188976
0
LINE
8
BLACK
6
CONTINUOUS
10
0.109
20
0.1608344488188976
11
0.1100653543307087
21
0.159769094488189
0
LINE
8
BLACK
6
CONTINUOUS
10
0.0940018503937008
20
0.1608344488188976
11
0.0950672047244095
21
0.159769094488189
0
LINE
8
BLACK
6
CONTINUOUS
10
0.0950672047244095
20
0.159769094488189
11
0.0952170472440945
21
0.1275197244094488
0
LINE
8
BLACK
6
CONTINUOUS
10
0.0952170472440945
20
0.1275197244094488
11
0.0950672047244095
21
0.1267664173228346
0
LINE
8
BLACK
6
CONTINUOUS
10
0.0950672047244095
20
0.1267664173228346
11
0.0940018503937008
21
0.125701062992126
0
LINE
8
BLACK
6
CONTINUOUS
10
0.0940018503937008
20
0.125701062992126
11
0.0924952362204724
21
0.125701062992126
0
LINE
8
BLACK
6
CONTINUOUS
10
0.0924952362204724
20
0.125701062992126
11
0.0914298818897638
21
0.1267664173228346
0
LINE
8
BLACK
6
CONTINUOUS
10
0.0914298818897638
20
0.1267664173228346
11
0.0913652755905512
21
0.1406682677165354
0
LINE
8
BLACK
6
CONTINUOUS
10
0.0913652755905512
20
0.1406682677165354
11
0.0812500393700787
21
0.1405493700787402
0
LINE
8
BLACK
6
CONTINUOUS
10
0.0812500393700787
20
0.1405493700787402
11
0.0811533070866142
21
0.1405686220472441
0
LINE
8
BLACK
6
CONTINUOUS
10
0.0811533070866142
20
0.1405686220472441
11
0.0811104724409449
21
0.1405543307086614
0
LINE
8
BLACK
6
CONTINUOUS
10
0.0811104724409449
20
0.1405543307086614
11
0.0810214960629921
21
0.140594842519685
0
LINE
8
BLACK
6
CONTINUOUS
10
0.0810214960629921
20
0.140594842519685
11
0.0804967322834646
21
0.1406992125984252
0
LINE
8
BLACK
6
CONTINUOUS
10
0.0804967322834646
20
0.1406992125984252
11
0.080249842519685
21
0.1409461023622047
0
LINE
8
BLACK
6
CONTINUOUS
10
0.080249842519685
20
0.1409461023622047
11
0.0774974803149606
21
0.1421990157480315
0
LINE
8
BLACK
6
CONTINUOUS
10
0.0774974803149606
20
0.1421990157480315
11
0.0774970866141732
21
0.1421990157480315
0
LINE
8
BLACK
6
CONTINUOUS
10
0.0774970866141732
20
0.1421990157480315
11
0.0774966535433071
21
0.1421994094488189
0
LINE
8
BLACK
6
CONTINUOUS
10
0.0774966535433071
20
0.1421994094488189
11
0.0773700787401575
21
0.1422570078740157
0
LINE
8
BLACK
6
CONTINUOUS
10
0.0773700787401575
20
0.1422570078740157
11
0.0767633070866142
21
0.1427279133858268
0
LINE
8
BLACK
6
CONTINUOUS
10
0.0767633070866142
20
0.1427279133858268
11
0.0767003149606299
21
0.1429168503937008
0
LINE
8
BLACK
6
CONTINUOUS
10
0.0767003149606299
20
0.1429168503937008
11
0.0754663385826772
21
0.1440285826771653
0
LINE
8
BLACK
6
CONTINUOUS
10
0.0754663385826772
20
0.1440285826771653
11
0.0754608661417323
21
0.1440303937007874
0
LINE
8
BLACK
6
CONTINUOUS
10
0.0754608661417323
20
0.1440303937007874
11
0.0754574803149606
21
0.1440365354330709
0
LINE
8
BLACK
6
CONTINUOUS
10
0.0754574803149606
20
0.1440365354330709
11
0.0753587007874016
21
0.1441255511811023
0
LINE
8
BLACK
6
CONTINUOUS
10
0.0753587007874016
20
0.1441255511811023
11
0.074931968503937
21
0.1447641732283464
0
LINE
8
BLACK
6
CONTINUOUS
10
0.074931968503937
20
0.1447641732283464
11
0.074931968503937
21
0.1449982677165354
0
LINE
8
BLACK
6
CONTINUOUS
10
0.074931968503937
20
0.1449982677165354
11
0.0734901181102362
21
0.1476367716535433
0
LINE
8
BLACK
6
CONTINUOUS
10
0.0734901181102362
20
0.1476367716535433
11
0.0734640551181102
21
0.1477318897637795
0
LINE
8
BLACK
6
CONTINUOUS
10
0.0734640551181102
20
0.1477318897637795
11
0.073432125984252
21
0.1477638188976378
0
LINE
8
BLACK
6
CONTINUOUS
10
0.073432125984252
20
0.1477638188976378
11
0.0734294094488189
21
0.1478583858267717
0
LINE
8
BLACK
6
CONTINUOUS
10
0.0734294094488189
20
0.1478583858267717
11
0.0732872440944882
21
0.1483775590551181
0
LINE
8
BLACK
6
CONTINUOUS
10
0.0732872440944882
20
0.1483775590551181
11
0.0734045669291339
21
0.1487296062992126
0
LINE
8
BLACK
6
CONTINUOUS
10
0.0734045669291339
20
0.1487296062992126
11
0.0732822834645669
21
0.1530165354330709
0
LINE
8
BLACK
6
CONTINUOUS
10
0.0732822834645669
20
0.1530165354330709
11
0.0733014960629921
21
0.1531132677165354
0
LINE
8
BLACK
6
CONTINUOUS
10
0.0733014960629921
20
0.1531132677165354
11
0.0732872440944882
21
0.1531561023622047
0
LINE
8
BLACK
6
CONTINUOUS
10
0.0732872440944882
20
0.1531561023622047
11
0.0733277165354331
21
0.1532450787401575
0
LINE
8
BLACK
6
CONTINUOUS
10
0.0733277165354331
20
0.1532450787401575
11
0.073432125984252
21
0.153769842519685
0
LINE
8
BLACK
6
CONTINUOUS
10
0.073432125984252
20
0.153769842519685
11
0.0736790157480315
21
0.1540167716535433
0
LINE
8
BLACK
6
CONTINUOUS
10
0.0736790157480315
20
0.1540167716535433
11
0.074931968503937
21
0.1567691732283465
0
LINE
8
BLACK
6
CONTINUOUS
10
0.074931968503937
20
0.1567691732283465
11
0.074931968503937
21
0.1567694881889764
0
LINE
8
BLACK
6
CONTINUOUS
10
0.074931968503937
20
0.1567694881889764
11
0.0749322834645669
21
0.156769842519685
0
LINE
8
BLACK
6
CONTINUOUS
10
0.0749322834645669
20
0.156769842519685
11
0.0749899606299213
21
0.1568965354330709
0
LINE
8
BLACK
6
CONTINUOUS
10
0.0749899606299213
20
0.1568965354330709
11
0.0754608661417323
21
0.1575032677165354
0
LINE
8
BLACK
6
CONTINUOUS
10
0.0754608661417323
20
0.1575032677165354
11
0.0756497244094488
21
0.1575662598425197
0
LINE
8
BLACK
6
CONTINUOUS
10
0.0756497244094488
20
0.1575662598425197
11
0.0767614566929134
21
0.1588002755905512
0
LINE
8
BLACK
6
CONTINUOUS
10
0.0767614566929134
20
0.1588002755905512
11
0.0767633070866142
21
0.1588057480314961
0
LINE
8
BLACK
6
CONTINUOUS
10
0.0767633070866142
20
0.1588057480314961
11
0.0767694094488189
21
0.1588091338582677
0
LINE
8
BLACK
6
CONTINUOUS
10
0.0767694094488189
20
0.1588091338582677
11
0.0768584645669291
21
0.1589079133858268
0
LINE
8
BLACK
6
CONTINUOUS
10
0.0768584645669291
20
0.1589079133858268
11
0.0774970866141732
21
0.1593346456692913
0
LINE
8
BLACK
6
CONTINUOUS
10
0.0774970866141732
20
0.1593346456692913
11
0.0777311811023622
21
0.1593346456692913
0
LINE
8
BLACK
6
CONTINUOUS
10
0.0777311811023622
20
0.1593346456692913
11
0.0803696850393701
21
0.1607764566929134
0
LINE
8
BLACK
6
CONTINUOUS
10
0.0803696850393701
20
0.1607764566929134
11
0.0804647637795276
21
0.1608025196850394
0
LINE
8
BLACK
6
CONTINUOUS
10
0.0804647637795276
20
0.1608025196850394
11
0.0804967322834646
21
0.1608344488188976
0
LINE
8
BLACK
6
CONTINUOUS
10
0.0804967322834646
20
0.1608344488188976
11
0.0805852362204724
21
0.1608355118110236
0
LINE
8
BLACK
6
CONTINUOUS
10
0.0805852362204724
20
0.1608355118110236
11
0.0811104724409449
21
0.1609793307086614
0
LINE
8
BLACK
6
CONTINUOUS
10
0.0811104724409449
20
0.1609793307086614
11
0.0815094094488189
21
0.1608463779527559
0
LINE
8
BLACK
6
CONTINUOUS
10
0.0815094094488189
20
0.1608463779527559
11
0.0932485433070866
21
0.1609842913385827
0
LINE
8
BLACK
6
CONTINUOUS
10
0.0932485433070866
20
0.1609842913385827
11
0.0940018503937008
21
0.1608344488188976
0
LINE
8
BLACK
6
CONTINUOUS
10
0.0815004330708661
20
0.1570502362204724
11
0.0791913779527559
21
0.1557884645669291
0
LINE
8
BLACK
6
CONTINUOUS
10
0.0791913779527559
20
0.1557884645669291
11
0.0781455905511811
21
0.1546276771653543
0
LINE
8
BLACK
6
CONTINUOUS
10
0.0781455905511811
20
0.1546276771653543
11
0.0771098818897638
21
0.1523524015748031
0
LINE
8
BLACK
6
CONTINUOUS
10
0.0771098818897638
20
0.1523524015748031
11
0.0772118897637795
21
0.1487757086614173
0
LINE
8
BLACK
6
CONTINUOUS
10
0.0772118897637795
20
0.1487757086614173
11
0.0784781496062992
21
0.1464584645669291
0
LINE
8
BLACK
6
CONTINUOUS
10
0.0784781496062992
20
0.1464584645669291
11
0.0796390157480315
21
0.1454126771653543
0
LINE
8
BLACK
6
CONTINUOUS
10
0.0796390157480315
20
0.1454126771653543
11
0.0819650787401575
21
0.1443538188976378
0
LINE
8
BLACK
6
CONTINUOUS
10
0.0819650787401575
20
0.1443538188976378
11
0.0913476377952756
21
0.1444640551181102
0
LINE
8
BLACK
6
CONTINUOUS
10
0.0913476377952756
20
0.1444640551181102
11
0.0912886220472441
21
0.1571652755905512
0
LINE
8
BLACK
6
CONTINUOUS
10
0.0912886220472441
20
0.1571652755905512
11
0.0815004330708661
21
0.1570502362204724
0
LINE
8
BLACK
6
CONTINUOUS
10
0.1660134251968504
20
0.1883707480314961
11
0.1660562992125984
21
0.188385
0
LINE
8
BLACK
6
CONTINUOUS
10
0.1660562992125984
20
0.188385
11
0.1661452362204724
21
0.1883445275590551
0
LINE
8
BLACK
6
CONTINUOUS
10
0.1661452362204724
20
0.1883445275590551
11
0.1666700393700787
21
0.1882401181102362
0
LINE
8
BLACK
6
CONTINUOUS
10
0.1666700393700787
20
0.1882401181102362
11
0.1669168897637795
21
0.1879932677165354
0
LINE
8
BLACK
6
CONTINUOUS
10
0.1669168897637795
20
0.1879932677165354
11
0.1696692913385827
21
0.1867403149606299
0
LINE
8
BLACK
6
CONTINUOUS
10
0.1696692913385827
20
0.1867403149606299
11
0.1696696456692913
21
0.1867403149606299
0
LINE
8
BLACK
6
CONTINUOUS
10
0.1696696456692913
20
0.1867403149606299
11
0.16967
21
0.18674
0
LINE
8
BLACK
6
CONTINUOUS
10
0.16967
20
0.18674
11
0.1697966929133858
21
0.1866823228346457
0
LINE
8
BLACK
6
CONTINUOUS
10
0.1697966929133858
20
0.1866823228346457
11
0.1704034645669291
21
0.1862114173228346
0
LINE
8
BLACK
6
CONTINUOUS
10
0.1704034645669291
20
0.1862114173228346
11
0.1704664173228346
21
0.1860225196850394
0
LINE
8
BLACK
6
CONTINUOUS
10
0.1704664173228346
20
0.1860225196850394
11
0.1718081102362205
21
0.1848138188976378
0
LINE
8
BLACK
6
CONTINUOUS
10
0.1718081102362205
20
0.1848138188976378
11
0.1722348031496063
21
0.1841751968503937
0
LINE
8
BLACK
6
CONTINUOUS
10
0.1722348031496063
20
0.1841751968503937
11
0.172234842519685
21
0.1826685433070866
0
LINE
8
BLACK
6
CONTINUOUS
10
0.172234842519685
20
0.1826685433070866
11
0.1711695275590551
21
0.1816032283464567
0
LINE
8
BLACK
6
CONTINUOUS
10
0.1711695275590551
20
0.1816032283464567
11
0.169662874015748
21
0.1816031889763779
0
LINE
8
BLACK
6
CONTINUOUS
10
0.169662874015748
20
0.1816031889763779
11
0.1675277165354331
21
0.1835266929133858
0
LINE
8
BLACK
6
CONTINUOUS
10
0.1675277165354331
20
0.1835266929133858
11
0.1652215354330709
21
0.1845764960629921
0
LINE
8
BLACK
6
CONTINUOUS
10
0.1652215354330709
20
0.1845764960629921
11
0.158671062992126
21
0.1844575590551181
0
LINE
8
BLACK
6
CONTINUOUS
10
0.158671062992126
20
0.1844575590551181
11
0.1563590157480315
21
0.1831941732283464
0
LINE
8
BLACK
6
CONTINUOUS
10
0.1563590157480315
20
0.1831941732283464
11
0.1553131889763779
21
0.1820333464566929
0
LINE
8
BLACK
6
CONTINUOUS
10
0.1553131889763779
20
0.1820333464566929
11
0.1542923622047244
21
0.1797907480314961
0
LINE
8
BLACK
6
CONTINUOUS
10
0.1542923622047244
20
0.1797907480314961
11
0.1543869291338583
21
0.1774225984251968
0
LINE
8
BLACK
6
CONTINUOUS
10
0.1543869291338583
20
0.1774225984251968
11
0.1543826377952756
21
0.1774012204724409
0
LINE
8
BLACK
6
CONTINUOUS
10
0.1543826377952756
20
0.1774012204724409
11
0.1557318897637795
21
0.1736935433070866
0
LINE
8
BLACK
6
CONTINUOUS
10
0.1557318897637795
20
0.1736935433070866
11
0.1733079133858268
21
0.1563173228346457
0
LINE
8
BLACK
6
CONTINUOUS
10
0.1733079133858268
20
0.1563173228346457
11
0.1737346456692913
21
0.1556787007874016
0
LINE
8
BLACK
6
CONTINUOUS
10
0.1737346456692913
20
0.1556787007874016
11
0.1737346456692913
21
0.1541720866141732
0
LINE
8
BLACK
6
CONTINUOUS
10
0.1737346456692913
20
0.1541720866141732
11
0.1726692913385827
21
0.1531067322834646
0
LINE
8
BLACK
6
CONTINUOUS
10
0.1726692913385827
20
0.1531067322834646
11
0.1524184251968504
21
0.1529568897637795
0
LINE
8
BLACK
6
CONTINUOUS
10
0.1524184251968504
20
0.1529568897637795
11
0.1516651181102362
21
0.1531067322834646
0
LINE
8
BLACK
6
CONTINUOUS
10
0.1516651181102362
20
0.1531067322834646
11
0.1505997637795276
21
0.1541720866141732
0
LINE
8
BLACK
6
CONTINUOUS
10
0.1505997637795276
20
0.1541720866141732
11
0.1505997637795276
21
0.1556787007874016
0
LINE
8
BLACK
6
CONTINUOUS
10
0.1505997637795276
20
0.1556787007874016
11
0.1516651181102362
21
0.1567440551181102
0
LINE
8
BLACK
6
CONTINUOUS
10
0.1516651181102362
20
0.1567440551181102
11
0.1673659842519685
21
0.1568602362204724
0
LINE
8
BLACK
6
CONTINUOUS
10
0.1673659842519685
20
0.1568602362204724
11
0.1525262992125984
21
0.1715312204724409
0
LINE
8
BLACK
6
CONTINUOUS
10
0.1525262992125984
20
0.1715312204724409
11
0.1524715354330709
21
0.171613188976378
0
LINE
8
BLACK
6
CONTINUOUS
10
0.1524715354330709
20
0.171613188976378
11
0.1524311023622047
21
0.1716333858267717
0
LINE
8
BLACK
6
CONTINUOUS
10
0.1524311023622047
20
0.1716333858267717
11
0.1523988976377953
21
0.1717218897637795
0
LINE
8
BLACK
6
CONTINUOUS
10
0.1523988976377953
20
0.1717218897637795
11
0.1520995669291338
21
0.172169842519685
0
LINE
8
BLACK
6
CONTINUOUS
10
0.1520995669291338
20
0.172169842519685
11
0.1520995669291338
21
0.1725444881889764
0
LINE
8
BLACK
6
CONTINUOUS
10
0.1520995669291338
20
0.1725444881889764
11
0.1505509448818897
21
0.1768001181102362
0
LINE
8
BLACK
6
CONTINUOUS
10
0.1505509448818897
20
0.1768001181102362
11
0.1504548818897638
21
0.177562125984252
0
LINE
8
BLACK
6
CONTINUOUS
10
0.1504548818897638
20
0.177562125984252
11
0.1505560236220472
21
0.1777644488188976
0
LINE
8
BLACK
6
CONTINUOUS
10
0.1505560236220472
20
0.1777644488188976
11
0.1504499212598425
21
0.1804222047244095
0
LINE
8
BLACK
6
CONTINUOUS
10
0.1504499212598425
20
0.1804222047244095
11
0.1504691338582677
21
0.180518937007874
0
LINE
8
BLACK
6
CONTINUOUS
10
0.1504691338582677
20
0.180518937007874
11
0.1504548818897638
21
0.1805617322834646
0
LINE
8
BLACK
6
CONTINUOUS
10
0.1504548818897638
20
0.1805617322834646
11
0.1504953543307087
21
0.1806506692913386
0
LINE
8
BLACK
6
CONTINUOUS
10
0.1504953543307087
20
0.1806506692913386
11
0.1505997637795276
21
0.1811755118110236
0
LINE
8
BLACK
6
CONTINUOUS
10
0.1505997637795276
20
0.1811755118110236
11
0.1508466535433071
21
0.1814224409448819
0
LINE
8
BLACK
6
CONTINUOUS
10
0.1508466535433071
20
0.1814224409448819
11
0.1520995669291338
21
0.184174842519685
0
LINE
8
BLACK
6
CONTINUOUS
10
0.1520995669291338
20
0.184174842519685
11
0.1520995669291338
21
0.184175157480315
0
LINE
8
BLACK
6
CONTINUOUS
10
0.1520995669291338
20
0.184175157480315
11
0.1520998818897638
21
0.1841755511811023
0
LINE
8
BLACK
6
CONTINUOUS
10
0.1520998818897638
20
0.1841755511811023
11
0.1521575590551181
21
0.1843022047244094
0
LINE
8
BLACK
6
CONTINUOUS
10
0.1521575590551181
20
0.1843022047244094
11
0.1526284645669291
21
0.184908937007874
0
LINE
8
BLACK
6
CONTINUOUS
10
0.1526284645669291
20
0.184908937007874
11
0.1528173228346457
21
0.1849719291338583
0
LINE
8
BLACK
6
CONTINUOUS
10
0.1528173228346457
20
0.1849719291338583
11
0.1539291338582677
21
0.1862060236220472
0
LINE
8
BLACK
6
CONTINUOUS
10
0.1539291338582677
20
0.1862060236220472
11
0.1539309448818898
21
0.1862114173228346
0
LINE
8
BLACK
6
CONTINUOUS
10
0.1539309448818898
20
0.1862114173228346
11
0.153936968503937
21
0.1862147637795276
0
LINE
8
BLACK
6
CONTINUOUS
10
0.153936968503937
20
0.1862147637795276
11
0.154026062992126
21
0.1863135826771654
0
LINE
8
BLACK
6
CONTINUOUS
10
0.154026062992126
20
0.1863135826771654
11
0.1546646850393701
21
0.1867403149606299
0
LINE
8
BLACK
6
CONTINUOUS
10
0.1546646850393701
20
0.1867403149606299
11
0.1548988188976378
21
0.1867403149606299
0
LINE
8
BLACK
6
CONTINUOUS
10
0.1548988188976378
20
0.1867403149606299
11
0.1575373622047244
21
0.1881821653543307
0
LINE
8
BLACK
6
CONTINUOUS
10
0.1575373622047244
20
0.1881821653543307
11
0.1576324409448819
21
0.1882082283464567
0
LINE
8
BLACK
6
CONTINUOUS
10
0.1576324409448819
20
0.1882082283464567
11
0.1576643700787402
21
0.1882401181102362
0
LINE
8
BLACK
6
CONTINUOUS
10
0.1576643700787402
20
0.1882401181102362
11
0.157755
21
0.1882417716535433
0
LINE
8
BLACK
6
CONTINUOUS
10
0.157755
20
0.1882417716535433
11
0.1582781496062992
21
0.188385
0
LINE
8
BLACK
6
CONTINUOUS
10
0.1582781496062992
20
0.188385
11
0.1586585826771653
21
0.1882581889763779
0
LINE
8
BLACK
6
CONTINUOUS
10
0.1586585826771653
20
0.1882581889763779
11
0.1659167322834646
21
0.1883899606299212
0
LINE
8
BLACK
6
CONTINUOUS
10
0.1659167322834646
20
0.1883899606299212
11
0.1660134251968504
21
0.1883707480314961
0
LINE
8
BLACK
6
CONTINUOUS
10
0.2011657086614173
20
0.1882401181102362
11
0.202231062992126
21
0.1871747637795275
0
LINE
8
BLACK
6
CONTINUOUS
10
0.202231062992126
20
0.1871747637795275
11
0.202380905511811
21
0.1549253937007874
0
LINE
8
BLACK
6
CONTINUOUS
10
0.202380905511811
20
0.1549253937007874
11
0.202231062992126
21
0.1541720866141732
0
LINE
8
BLACK
6
CONTINUOUS
10
0.202231062992126
20
0.1541720866141732
11
0.2011657086614173
21
0.1531067322834646
0
LINE
8
BLACK
6
CONTINUOUS
10
0.2011657086614173
20
0.1531067322834646
11
0.199659094488189
21
0.1531067322834646
0
LINE
8
BLACK
6
CONTINUOUS
10
0.199659094488189
20
0.1531067322834646
11
0.1985937401574803
21
0.1541720866141732
0
LINE
8
BLACK
6
CONTINUOUS
10
0.1985937401574803
20
0.1541720866141732
11
0.1985291338582677
21
0.168073937007874
0
LINE
8
BLACK
6
CONTINUOUS
10
0.1985291338582677
20
0.168073937007874
11
0.1938170078740157
21
0.1680185433070866
0
LINE
8
BLACK
6
CONTINUOUS
10
0.1938170078740157
20
0.1680185433070866
11
0.1840273228346457
21
0.1537965354330709
0
LINE
8
BLACK
6
CONTINUOUS
10
0.1840273228346457
20
0.1537965354330709
11
0.1834725590551181
21
0.1532653149606299
0
LINE
8
BLACK
6
CONTINUOUS
10
0.1834725590551181
20
0.1532653149606299
11
0.1819888582677165
21
0.1530035039370079
0
LINE
8
BLACK
6
CONTINUOUS
10
0.1819888582677165
20
0.1530035039370079
11
0.1807545669291339
21
0.1538674803149606
0
LINE
8
BLACK
6
CONTINUOUS
10
0.1807545669291339
20
0.1538674803149606
11
0.1804927559055118
21
0.1553511811023622
0
LINE
8
BLACK
6
CONTINUOUS
10
0.1804927559055118
20
0.1553511811023622
11
0.1891747244094488
21
0.1679640157480315
0
LINE
8
BLACK
6
CONTINUOUS
10
0.1891747244094488
20
0.1679640157480315
11
0.1884138976377953
21
0.1679550393700787
0
LINE
8
BLACK
6
CONTINUOUS
10
0.1884138976377953
20
0.1679550393700787
11
0.1883171653543307
21
0.1679742913385827
0
LINE
8
BLACK
6
CONTINUOUS
10
0.1883171653543307
20
0.1679742913385827
11
0.1882743307086614
21
0.16796
0
LINE
8
BLACK
6
CONTINUOUS
10
0.1882743307086614
20
0.16796
11
0.1881853543307087
21
0.1680005118110236
0
LINE
8
BLACK
6
CONTINUOUS
10
0.1881853543307087
20
0.1680005118110236
11
0.1876605905511811
21
0.1681048818897638
0
LINE
8
BLACK
6
CONTINUOUS
10
0.1876605905511811
20
0.1681048818897638
11
0.1874137007874016
21
0.1683517716535433
0
LINE
8
BLACK
6
CONTINUOUS
10
0.1874137007874016
20
0.1683517716535433
11
0.1846613385826772
21
0.1696046850393701
0
LINE
8
BLACK
6
CONTINUOUS
10
0.1846613385826772
20
0.1696046850393701
11
0.1846609448818897
21
0.1696046850393701
0
LINE
8
BLACK
6
CONTINUOUS
10
0.1846609448818897
20
0.1696046850393701
11
0.1846605118110236
21
0.1696050787401575
0
LINE
8
BLACK
6
CONTINUOUS
10
0.1846605118110236
20
0.1696050787401575
11
0.184533937007874
21
0.1696626771653543
0
LINE
8
BLACK
6
CONTINUOUS
10
0.184533937007874
20
0.1696626771653543
11
0.1839271653543307
21
0.1701335826771654
0
LINE
8
BLACK
6
CONTINUOUS
10
0.1839271653543307
20
0.1701335826771654
11
0.1838641732283464
21
0.1703225196850394
0
LINE
8
BLACK
6
CONTINUOUS
10
0.1838641732283464
20
0.1703225196850394
11
0.1826301968503937
21
0.1714342519685039
0
LINE
8
BLACK
6
CONTINUOUS
10
0.1826301968503937
20
0.1714342519685039
11
0.1826247244094488
21
0.171436062992126
0
LINE
8
BLACK
6
CONTINUOUS
10
0.1826247244094488
20
0.171436062992126
11
0.1826213385826772
21
0.1714422047244094
0
LINE
8
BLACK
6
CONTINUOUS
10
0.1826213385826772
20
0.1714422047244094
11
0.1825225590551181
21
0.1715312204724409
0
LINE
8
BLACK
6
CONTINUOUS
10
0.1825225590551181
20
0.1715312204724409
11
0.1820958267716535
21
0.172169842519685
0
LINE
8
BLACK
6
CONTINUOUS
10
0.1820958267716535
20
0.172169842519685
11
0.1820958267716535
21
0.172403937007874
0
LINE
8
BLACK
6
CONTINUOUS
10
0.1820958267716535
20
0.172403937007874
11
0.1806539763779527
21
0.1750424409448819
0
LINE
8
BLACK
6
CONTINUOUS
10
0.1806539763779527
20
0.1750424409448819
11
0.1806279133858268
21
0.1751375590551181
0
LINE
8
BLACK
6
CONTINUOUS
10
0.1806279133858268
20
0.1751375590551181
11
0.1805959842519685
21
0.1751694881889764
0
LINE
8
BLACK
6
CONTINUOUS
10
0.1805959842519685
20
0.1751694881889764
11
0.1805932677165354
21
0.1752640551181102
0
LINE
8
BLACK
6
CONTINUOUS
10
0.1805932677165354
20
0.1752640551181102
11
0.1804511023622047
21
0.1757832283464567
0
LINE
8
BLACK
6
CONTINUOUS
10
0.1804511023622047
20
0.1757832283464567
11
0.1805684251968504
21
0.1761352755905512
0
LINE
8
BLACK
6
CONTINUOUS
10
0.1805684251968504
20
0.1761352755905512
11
0.1804461417322835
21
0.1804222047244095
0
LINE
8
BLACK
6
CONTINUOUS
10
0.1804461417322835
20
0.1804222047244095
11
0.1804653543307086
21
0.180518937007874
0
LINE
8
BLACK
6
CONTINUOUS
10
0.1804653543307086
20
0.180518937007874
11
0.1804511023622047
21
0.1805617716535433
0
LINE
8
BLACK
6
CONTINUOUS
10
0.1804511023622047
20
0.1805617716535433
11
0.1804915748031496
21
0.1806507480314961
0
LINE
8
BLACK
6
CONTINUOUS
10
0.1804915748031496
20
0.1806507480314961
11
0.1805959842519685
21
0.1811755118110236
0
LINE
8
BLACK
6
CONTINUOUS
10
0.1805959842519685
20
0.1811755118110236
11
0.180842874015748
21
0.1814224409448819
0
LINE
8
BLACK
6
CONTINUOUS
10
0.180842874015748
20
0.1814224409448819
11
0.1820958267716535
21
0.184174842519685
0
LINE
8
BLACK
6
CONTINUOUS
10
0.1820958267716535
20
0.184174842519685
11
0.1820958267716535
21
0.184175157480315
0
LINE
8
BLACK
6
CONTINUOUS
10
0.1820958267716535
20
0.184175157480315
11
0.1820961417322835
21
0.1841755118110236
0
LINE
8
BLACK
6
CONTINUOUS
10
0.1820961417322835
20
0.1841755118110236
11
0.1821538188976378
21
0.1843022047244094
0
LINE
8
BLACK
6
CONTINUOUS
10
0.1821538188976378
20
0.1843022047244094
11
0.1826247244094488
21
0.184908937007874
0
LINE
8
BLACK
6
CONTINUOUS
10
0.1826247244094488
20
0.184908937007874
11
0.1828135826771654
21
0.1849719291338583
0
LINE
8
BLACK
6
CONTINUOUS
10
0.1828135826771654
20
0.1849719291338583
11
0.1839253149606299
21
0.1862059448818898
0
LINE
8
BLACK
6
CONTINUOUS
10
0.1839253149606299
20
0.1862059448818898
11
0.1839271653543307
21
0.1862114173228346
0
LINE
8
BLACK
6
CONTINUOUS
10
0.1839271653543307
20
0.1862114173228346
11
0.1839332677165354
21
0.1862148031496063
0
LINE
8
BLACK
6
CONTINUOUS
10
0.1839332677165354
20
0.1862148031496063
11
0.1840223228346457
21
0.1863135826771654
0
LINE
8
BLACK
6
CONTINUOUS
10
0.1840223228346457
20
0.1863135826771654
11
0.1846609448818897
21
0.1867403149606299
0
LINE
8
BLACK
6
CONTINUOUS
10
0.1846609448818897
20
0.1867403149606299
11
0.1848950393700787
21
0.1867403149606299
0
LINE
8
BLACK
6
CONTINUOUS
10
0.1848950393700787
20
0.1867403149606299
11
0.1875335433070866
21
0.188182125984252
0
LINE
8
BLACK
6
CONTINUOUS
10
0.1875335433070866
20
0.188182125984252
11
0.1876286220472441
21
0.1882081889763779
0
LINE
8
BLACK
6
CONTINUOUS
10
0.1876286220472441
20
0.1882081889763779
11
0.1876605905511811
21
0.1882401181102362
0
LINE
8
BLACK
6
CONTINUOUS
10
0.1876605905511811
20
0.1882401181102362
11
0.187749094488189
21
0.1882411811023622
0
LINE
8
BLACK
6
CONTINUOUS
10
0.187749094488189
20
0.1882411811023622
11
0.1882743307086614
21
0.188385
0
LINE
8
BLACK
6
CONTINUOUS
10
0.1882743307086614
20
0.188385
11
0.1886732677165354
21
0.1882520472440945
0
LINE
8
BLACK
6
CONTINUOUS
10
0.1886732677165354
20
0.1882520472440945
11
0.2004124015748031
21
0.1883899606299212
0
LINE
8
BLACK
6
CONTINUOUS
10
0.2004124015748031
20
0.1883899606299212
11
0.2011657086614173
21
0.1882401181102362
0
LINE
8
BLACK
6
CONTINUOUS
10
0.1886642913385827
20
0.184455905511811
11
0.1863552362204724
21
0.1831941338582677
0
LINE
8
BLACK
6
CONTINUOUS
10
0.1863552362204724
20
0.1831941338582677
11
0.1853094488188976
21
0.1820333464566929
0
LINE
8
BLACK
6
CONTINUOUS
10
0.1853094488188976
20
0.1820333464566929
11
0.1842737401574803
21
0.1797580708661417
0
LINE
8
BLACK
6
CONTINUOUS
10
0.1842737401574803
20
0.1797580708661417
11
0.1843757480314961
21
0.1761813779527559
0
LINE
8
BLACK
6
CONTINUOUS
10
0.1843757480314961
20
0.1761813779527559
11
0.1856420078740157
21
0.1738641338582677
0
LINE
8
BLACK
6
CONTINUOUS
10
0.1856420078740157
20
0.1738641338582677
11
0.186802874015748
21
0.1728183464566929
0
LINE
8
BLACK
6
CONTINUOUS
10
0.186802874015748
20
0.1728183464566929
11
0.189128937007874
21
0.1717594881889764
0
LINE
8
BLACK
6
CONTINUOUS
10
0.189128937007874
20
0.1717594881889764
11
0.1931175196850394
21
0.1718063385826772
0
LINE
8
BLACK
6
CONTINUOUS
10
0.1931175196850394
20
0.1718063385826772
11
0.1933391338582677
21
0.1718454330708661
0
LINE
8
BLACK
6
CONTINUOUS
10
0.1933391338582677
20
0.1718454330708661
11
0.1933903937007874
21
0.1718095669291339
0
LINE
8
BLACK
6
CONTINUOUS
10
0.1933903937007874
20
0.1718095669291339
11
0.1985114960629921
21
0.1718697244094488
0
LINE
8
BLACK
6
CONTINUOUS
10
0.1985114960629921
20
0.1718697244094488
11
0.1984524803149606
21
0.1845709448818898
0
LINE
8
BLACK
6
CONTINUOUS
10
0.1984524803149606
20
0.1845709448818898
11
0.1886642913385827
21
0.184455905511811
0
LINE
8
BLACK
6
CONTINUOUS
10
-0.0972459448818898
20
0.1899487795275591
11
-0.0961805905511811
21
0.1888834251968504
0
LINE
8
BLACK
6
CONTINUOUS
10
-0.0961805905511811
20
0.1888834251968504
11
-0.0961805905511811
21
0.1873768110236221
0
LINE
8
BLACK
6
CONTINUOUS
10
-0.0961805905511811
20
0.1873768110236221
11
-0.0972459448818898
21
0.1863114566929134
0
LINE
8
BLACK
6
CONTINUOUS
10
-0.0972459448818898
20
0.1863114566929134
11
-0.1133256692913386
21
0.1861924803149606
0
LINE
8
BLACK
6
CONTINUOUS
10
-0.1133256692913386
20
0.1861924803149606
11
-0.1055166929133858
21
0.177427874015748
0
LINE
8
BLACK
6
CONTINUOUS
10
-0.1055166929133858
20
0.177427874015748
11
-0.1052373228346457
21
0.1769427559055118
0
LINE
8
BLACK
6
CONTINUOUS
10
-0.1052373228346457
20
0.1769427559055118
11
-0.1051794881889764
21
0.1768849212598425
0
LINE
8
BLACK
6
CONTINUOUS
10
-0.1051794881889764
20
0.1768849212598425
11
-0.1051794881889764
21
0.1768423622047244
0
LINE
8
BLACK
6
CONTINUOUS
10
-0.1051794881889764
20
0.1768423622047244
11
-0.1051333858267716
21
0.1767622834645669
0
LINE
8
BLACK
6
CONTINUOUS
10
-0.1051333858267716
20
0.1767622834645669
11
-0.1051794881889764
21
0.1760708661417323
0
LINE
8
BLACK
6
CONTINUOUS
10
-0.1051794881889764
20
0.1760708661417323
11
-0.1051794881889764
21
0.1753783070866142
0
LINE
8
BLACK
6
CONTINUOUS
10
-0.1051794881889764
20
0.1753783070866142
11
-0.1052289763779528
21
0.1753288582677165
0
LINE
8
BLACK
6
CONTINUOUS
10
-0.1052289763779528
20
0.1753288582677165
11
-0.1052336220472441
21
0.1752589763779528
0
LINE
8
BLACK
6
CONTINUOUS
10
-0.1052336220472441
20
0.1752589763779528
11
-0.1057551968503937
21
0.1748025984251969
0
LINE
8
BLACK
6
CONTINUOUS
10
-0.1057551968503937
20
0.1748025984251969
11
-0.106244842519685
21
0.1743129527559055
0
LINE
8
BLACK
6
CONTINUOUS
10
-0.106244842519685
20
0.1743129527559055
11
-0.1063171653543307
21
0.174310905511811
0
LINE
8
BLACK
6
CONTINUOUS
10
-0.1063171653543307
20
0.174310905511811
11
-0.1063674803149606
21
0.1742668503937008
0
LINE
8
BLACK
6
CONTINUOUS
10
-0.1063674803149606
20
0.1742668503937008
11
-0.106815
21
0.1742966929133858
0
LINE
8
BLACK
6
CONTINUOUS
10
-0.106815
20
0.1742966929133858
11
-0.111239094488189
21
0.1741705118110236
0
LINE
8
BLACK
6
CONTINUOUS
10
-0.111239094488189
20
0.1741705118110236
11
-0.1135562204724409
21
0.1729043307086614
0
LINE
8
BLACK
6
CONTINUOUS
10
-0.1135562204724409
20
0.1729043307086614
11
-0.1146020472440945
21
0.1717435039370079
0
LINE
8
BLACK
6
CONTINUOUS
10
-0.1146020472440945
20
0.1717435039370079
11
-0.1156518503937008
21
0.1694372440944882
0
LINE
8
BLACK
6
CONTINUOUS
10
-0.1156518503937008
20
0.1694372440944882
11
-0.1155329133858268
21
0.1628867716535433
0
LINE
8
BLACK
6
CONTINUOUS
10
-0.1155329133858268
20
0.1628867716535433
11
-0.1142694881889764
21
0.1605746850393701
0
LINE
8
BLACK
6
CONTINUOUS
10
-0.1142694881889764
20
0.1605746850393701
11
-0.1131086220472441
21
0.1595288188976378
0
LINE
8
BLACK
6
CONTINUOUS
10
-0.1131086220472441
20
0.1595288188976378
11
-0.1107938188976378
21
0.1584751181102362
0
LINE
8
BLACK
6
CONTINUOUS
10
-0.1107938188976378
20
0.1584751181102362
11
-0.1027508267716535
21
0.1585987007874016
0
LINE
8
BLACK
6
CONTINUOUS
10
-0.1027508267716535
20
0.1585987007874016
11
-0.1004400393700787
21
0.1598614173228347
0
LINE
8
BLACK
6
CONTINUOUS
10
-0.1004400393700787
20
0.1598614173228347
11
-0.0993912204724409
21
0.1610256299212598
0
LINE
8
BLACK
6
CONTINUOUS
10
-0.0993912204724409
20
0.1610256299212598
11
-0.0987525984251968
21
0.1614523228346457
0
LINE
8
BLACK
6
CONTINUOUS
10
-0.0987525984251968
20
0.1614523228346457
11
-0.0972459448818898
21
0.1614523622047244
0
LINE
8
BLACK
6
CONTINUOUS
10
-0.0972459448818898
20
0.1614523622047244
11
-0.0961806299212598
21
0.1603870472440945
0
LINE
8
BLACK
6
CONTINUOUS
10
-0.0961806299212598
20
0.1603870472440945
11
-0.0961805905511811
21
0.1588803937007874
0
LINE
8
BLACK
6
CONTINUOUS
10
-0.0961805905511811
20
0.1588803937007874
11
-0.0980101968503937
21
0.1568495275590551
0
LINE
8
BLACK
6
CONTINUOUS
10
-0.0980101968503937
20
0.1568495275590551
11
-0.098011968503937
21
0.156844094488189
0
LINE
8
BLACK
6
CONTINUOUS
10
-0.098011968503937
20
0.156844094488189
11
-0.0980180708661417
21
0.1568407874015748
0
LINE
8
BLACK
6
CONTINUOUS
10
-0.0980180708661417
20
0.1568407874015748
11
-0.0981070866141732
21
0.1567419291338583
0
LINE
8
BLACK
6
CONTINUOUS
10
-0.0981070866141732
20
0.1567419291338583
11
-0.0987457086614173
21
0.1563151968503937
0
LINE
8
BLACK
6
CONTINUOUS
10
-0.0987457086614173
20
0.1563151968503937
11
-0.098979842519685
21
0.1563151968503937
0
LINE
8
BLACK
6
CONTINUOUS
10
-0.098979842519685
20
0.1563151968503937
11
-0.1016183858267717
21
0.1548733858267717
0
LINE
8
BLACK
6
CONTINUOUS
10
-0.1016183858267717
20
0.1548733858267717
11
-0.1017134645669291
21
0.1548473622047244
0
LINE
8
BLACK
6
CONTINUOUS
10
-0.1017134645669291
20
0.1548473622047244
11
-0.1017453937007874
21
0.1548153937007874
0
LINE
8
BLACK
6
CONTINUOUS
10
-0.1017453937007874
20
0.1548153937007874
11
-0.1018351968503937
21
0.1548140157480315
0
LINE
8
BLACK
6
CONTINUOUS
10
-0.1018351968503937
20
0.1548140157480315
11
-0.1023591732283465
21
0.1546705118110236
0
LINE
8
BLACK
6
CONTINUOUS
10
-0.1023591732283465
20
0.1546705118110236
11
-0.1027476377952756
21
0.1548
0
LINE
8
BLACK
6
CONTINUOUS
10
-0.1027476377952756
20
0.1548
11
-0.1114975590551181
21
0.1546655511811024
0
LINE
8
BLACK
6
CONTINUOUS
10
-0.1114975590551181
20
0.1546655511811024
11
-0.1115942913385827
21
0.1546848031496063
0
LINE
8
BLACK
6
CONTINUOUS
10
-0.1115942913385827
20
0.1546848031496063
11
-0.1116370866141732
21
0.1546705118110236
0
LINE
8
BLACK
6
CONTINUOUS
10
-0.1116370866141732
20
0.1546705118110236
11
-0.1117260236220472
21
0.1547110236220473
0
LINE
8
BLACK
6
CONTINUOUS
10
-0.1117260236220472
20
0.1547110236220473
11
-0.1122508661417323
21
0.1548153937007874
0
LINE
8
BLACK
6
CONTINUOUS
10
-0.1122508661417323
20
0.1548153937007874
11
-0.1124977952755905
21
0.1550623228346457
0
LINE
8
BLACK
6
CONTINUOUS
10
-0.1124977952755905
20
0.1550623228346457
11
-0.1152502362204724
21
0.1563152362204724
0
LINE
8
BLACK
6
CONTINUOUS
10
-0.1152502362204724
20
0.1563152362204724
11
-0.1152505511811024
21
0.1563152362204724
0
LINE
8
BLACK
6
CONTINUOUS
10
-0.1152505511811024
20
0.1563152362204724
11
-0.115250905511811
21
0.1563155511811024
0
LINE
8
BLACK
6
CONTINUOUS
10
-0.115250905511811
20
0.1563155511811024
11
-0.1153775196850394
21
0.1563731889763779
0
LINE
8
BLACK
6
CONTINUOUS
10
-0.1153775196850394
20
0.1563731889763779
11
-0.1159842913385827
21
0.156844094488189
0
LINE
8
BLACK
6
CONTINUOUS
10
-0.1159842913385827
20
0.156844094488189
11
-0.1160472834645669
21
0.157033031496063
0
LINE
8
BLACK
6
CONTINUOUS
10
-0.1160472834645669
20
0.157033031496063
11
-0.1172812992125984
21
0.1581447637795275
0
LINE
8
BLACK
6
CONTINUOUS
10
-0.1172812992125984
20
0.1581447637795275
11
-0.1172867716535433
21
0.1581465748031496
0
LINE
8
BLACK
6
CONTINUOUS
10
-0.1172867716535433
20
0.1581465748031496
11
-0.117290157480315
21
0.1581527559055118
0
LINE
8
BLACK
6
CONTINUOUS
10
-0.117290157480315
20
0.1581527559055118
11
-0.1173889763779528
21
0.1582417716535433
0
LINE
8
BLACK
6
CONTINUOUS
10
-0.1173889763779528
20
0.1582417716535433
11
-0.1178156692913386
21
0.1588803937007874
0
LINE
8
BLACK
6
CONTINUOUS
10
-0.1178156692913386
20
0.1588803937007874
11
-0.1178156692913386
21
0.1591144881889764
0
LINE
8
BLACK
6
CONTINUOUS
10
-0.1178156692913386
20
0.1591144881889764
11
-0.1192574803149606
21
0.1617529527559055
0
LINE
8
BLACK
6
CONTINUOUS
10
-0.1192574803149606
20
0.1617529527559055
11
-0.1192835433070866
21
0.1618480708661417
0
LINE
8
BLACK
6
CONTINUOUS
10
-0.1192835433070866
20
0.1618480708661417
11
-0.1193154724409449
21
0.16188
0
LINE
8
BLACK
6
CONTINUOUS
10
-0.1193154724409449
20
0.16188
11
-0.119317125984252
21
0.1619707480314961
0
LINE
8
BLACK
6
CONTINUOUS
10
-0.119317125984252
20
0.1619707480314961
11
-0.1194603543307087
21
0.1624937401574803
0
LINE
8
BLACK
6
CONTINUOUS
10
-0.1194603543307087
20
0.1624937401574803
11
-0.1193335433070866
21
0.1628742519685039
0
LINE
8
BLACK
6
CONTINUOUS
10
-0.1193335433070866
20
0.1628742519685039
11
-0.1194653149606299
21
0.1701323622047244
0
LINE
8
BLACK
6
CONTINUOUS
10
-0.1194653149606299
20
0.1701323622047244
11
-0.1194461023622047
21
0.170229094488189
0
LINE
8
BLACK
6
CONTINUOUS
10
-0.1194461023622047
20
0.170229094488189
11
-0.1194603543307087
21
0.1702718897637795
0
LINE
8
BLACK
6
CONTINUOUS
10
-0.1194603543307087
20
0.1702718897637795
11
-0.1194198818897638
21
0.1703608267716535
0
LINE
8
BLACK
6
CONTINUOUS
10
-0.1194198818897638
20
0.1703608267716535
11
-0.1193154724409449
21
0.1708856692913386
0
LINE
8
BLACK
6
CONTINUOUS
10
-0.1193154724409449
20
0.1708856692913386
11
-0.1190685826771654
21
0.1711325984251968
0
LINE
8
BLACK
6
CONTINUOUS
10
-0.1190685826771654
20
0.1711325984251968
11
-0.1178156692913386
21
0.173885
0
LINE
8
BLACK
6
CONTINUOUS
10
-0.1178156692913386
20
0.173885
11
-0.1178156692913386
21
0.1738853149606299
0
LINE
8
BLACK
6
CONTINUOUS
10
-0.1178156692913386
20
0.1738853149606299
11
-0.1178153543307087
21
0.1738857086614173
0
LINE
8
BLACK
6
CONTINUOUS
10
-0.1178153543307087
20
0.1738857086614173
11
-0.1177576771653543
21
0.1740123622047244
0
LINE
8
BLACK
6
CONTINUOUS
10
-0.1177576771653543
20
0.1740123622047244
11
-0.1172867716535433
21
0.174619094488189
0
LINE
8
BLACK
6
CONTINUOUS
10
-0.1172867716535433
20
0.174619094488189
11
-0.1170979133858268
21
0.1746820866141732
0
LINE
8
BLACK
6
CONTINUOUS
10
-0.1170979133858268
20
0.1746820866141732
11
-0.1159861023622047
21
0.1759161811023622
0
LINE
8
BLACK
6
CONTINUOUS
10
-0.1159861023622047
20
0.1759161811023622
11
-0.1159842913385827
21
0.1759215748031496
0
LINE
8
BLACK
6
CONTINUOUS
10
-0.1159842913385827
20
0.1759215748031496
11
-0.1159782677165354
21
0.1759249212598425
0
LINE
8
BLACK
6
CONTINUOUS
10
-0.1159782677165354
20
0.1759249212598425
11
-0.1158891732283465
21
0.1760237401574803
0
LINE
8
BLACK
6
CONTINUOUS
10
-0.1158891732283465
20
0.1760237401574803
11
-0.1152505511811024
21
0.1764504724409449
0
LINE
8
BLACK
6
CONTINUOUS
10
-0.1152505511811024
20
0.1764504724409449
11
-0.1150164173228346
21
0.1764504724409449
0
LINE
8
BLACK
6
CONTINUOUS
10
-0.1150164173228346
20
0.1764504724409449
11
-0.112377874015748
21
0.1778923228346457
0
LINE
8
BLACK
6
CONTINUOUS
10
-0.112377874015748
20
0.1778923228346457
11
-0.1122827952755906
21
0.1779183858267717
0
LINE
8
BLACK
6
CONTINUOUS
10
-0.1122827952755906
20
0.1779183858267717
11
-0.1122508661417323
21
0.1779502755905512
0
LINE
8
BLACK
6
CONTINUOUS
10
-0.1122508661417323
20
0.1779502755905512
11
-0.1121563779527559
21
0.1779529921259843
0
LINE
8
BLACK
6
CONTINUOUS
10
-0.1121563779527559
20
0.1779529921259843
11
-0.1116370866141732
21
0.178095157480315
0
LINE
8
BLACK
6
CONTINUOUS
10
-0.1116370866141732
20
0.178095157480315
11
-0.1112851181102362
21
0.1779778346456693
0
LINE
8
BLACK
6
CONTINUOUS
10
-0.1112851181102362
20
0.1779778346456693
11
-0.1110927165354331
21
0.1779833464566929
0
LINE
8
BLACK
6
CONTINUOUS
10
-0.1110927165354331
20
0.1779833464566929
11
-0.1189782677165354
21
0.1868338582677165
0
LINE
8
BLACK
6
CONTINUOUS
10
-0.1189782677165354
20
0.1868338582677165
11
-0.1192575984251968
21
0.187318937007874
0
LINE
8
BLACK
6
CONTINUOUS
10
-0.1192575984251968
20
0.187318937007874
11
-0.1193154724409449
21
0.1873768110236221
0
LINE
8
BLACK
6
CONTINUOUS
10
-0.1193154724409449
20
0.1873768110236221
11
-0.1193154724409449
21
0.1874194881889764
0
LINE
8
BLACK
6
CONTINUOUS
10
-0.1193154724409449
20
0.1874194881889764
11
-0.1193615354330709
21
0.1874994488188976
0
LINE
8
BLACK
6
CONTINUOUS
10
-0.1193615354330709
20
0.1874994488188976
11
-0.1193154724409449
21
0.1881905905511811
0
LINE
8
BLACK
6
CONTINUOUS
10
-0.1193154724409449
20
0.1881905905511811
11
-0.1193154724409449
21
0.1888834251968504
0
LINE
8
BLACK
6
CONTINUOUS
10
-0.1193154724409449
20
0.1888834251968504
11
-0.1192660236220472
21
0.1889329133858268
0
LINE
8
BLACK
6
CONTINUOUS
10
-0.1192660236220472
20
0.1889329133858268
11
-0.1192613385826772
21
0.1890027559055118
0
LINE
8
BLACK
6
CONTINUOUS
10
-0.1192613385826772
20
0.1890027559055118
11
-0.1187399212598425
21
0.1894590157480315
0
LINE
8
BLACK
6
CONTINUOUS
10
-0.1187399212598425
20
0.1894590157480315
11
-0.1182501181102362
21
0.1899487795275591
0
LINE
8
BLACK
6
CONTINUOUS
10
-0.1182501181102362
20
0.1899487795275591
11
-0.1181795669291339
21
0.1899493307086614
0
LINE
8
BLACK
6
CONTINUOUS
10
-0.1181795669291339
20
0.1899493307086614
11
-0.1181274803149606
21
0.189994842519685
0
LINE
8
BLACK
6
CONTINUOUS
10
-0.1181274803149606
20
0.189994842519685
11
-0.1175177165354331
21
0.1899542125984252
0
LINE
8
BLACK
6
CONTINUOUS
10
-0.1175177165354331
20
0.1899542125984252
11
-0.0979992519685039
21
0.1900986220472441
0
LINE
8
BLACK
6
CONTINUOUS
10
-0.0979992519685039
20
0.1900986220472441
11
-0.0972459448818898
21
0.1899487795275591
0
LINE
8
BLACK
6
CONTINUOUS
10
-0.084182125984252
20
0.1888834251968504
11
-0.0840337007874016
21
0.1628809842519685
0
LINE
8
BLACK
6
CONTINUOUS
10
-0.0840337007874016
20
0.1628809842519685
11
-0.0827733858267717
21
0.1605746456692913
0
LINE
8
BLACK
6
CONTINUOUS
10
-0.0827733858267717
20
0.1605746456692913
11
-0.0816125590551181
21
0.1595288582677165
0
LINE
8
BLACK
6
CONTINUOUS
10
-0.0816125590551181
20
0.1595288582677165
11
-0.0793186220472441
21
0.1584846062992126
0
LINE
8
BLACK
6
CONTINUOUS
10
-0.0793186220472441
20
0.1584846062992126
11
-0.0742576771653543
21
0.1585969291338583
0
LINE
8
BLACK
6
CONTINUOUS
10
-0.0742576771653543
20
0.1585969291338583
11
-0.0719436220472441
21
0.1598614173228347
0
LINE
8
BLACK
6
CONTINUOUS
10
-0.0719436220472441
20
0.1598614173228347
11
-0.0708978346456693
21
0.1610223228346457
0
LINE
8
BLACK
6
CONTINUOUS
10
-0.0708978346456693
20
0.1610223228346457
11
-0.0698301968503937
21
0.1633676377952756
0
LINE
8
BLACK
6
CONTINUOUS
10
-0.0698301968503937
20
0.1633676377952756
11
-0.0699715354330709
21
0.1881301181102362
0
LINE
8
BLACK
6
CONTINUOUS
10
-0.0699715354330709
20
0.1881301181102362
11
-0.0698216929133858
21
0.1888834251968504
0
LINE
8
BLACK
6
CONTINUOUS
10
-0.0698216929133858
20
0.1888834251968504
11
-0.0687563385826772
21
0.1899487795275591
0
LINE
8
BLACK
6
CONTINUOUS
10
-0.0687563385826772
20
0.1899487795275591
11
-0.0672497244094488
21
0.1899487795275591
0
LINE
8
BLACK
6
CONTINUOUS
10
-0.0672497244094488
20
0.1899487795275591
11
-0.0661843700787402
21
0.1888834251968504
0
LINE
8
BLACK
6
CONTINUOUS
10
-0.0661843700787402
20
0.1888834251968504
11
-0.0660345275590551
21
0.1626333070866142
0
LINE
8
BLACK
6
CONTINUOUS
10
-0.0660345275590551
20
0.1626333070866142
11
-0.0660537795275591
21
0.1625366141732283
0
LINE
8
BLACK
6
CONTINUOUS
10
-0.0660537795275591
20
0.1625366141732283
11
-0.0660394881889764
21
0.1624937401574803
0
LINE
8
BLACK
6
CONTINUOUS
10
-0.0660394881889764
20
0.1624937401574803
11
-0.06608
21
0.1624048031496063
0
LINE
8
BLACK
6
CONTINUOUS
10
-0.06608
20
0.1624048031496063
11
-0.0661843700787402
21
0.16188
0
LINE
8
BLACK
6
CONTINUOUS
10
-0.0661843700787402
20
0.16188
11
-0.0664312598425197
21
0.1616331496062992
0
LINE
8
BLACK
6
CONTINUOUS
10
-0.0664312598425197
20
0.1616331496062992
11
-0.0676842125984252
21
0.1588807480314961
0
LINE
8
BLACK
6
CONTINUOUS
10
-0.0676842125984252
20
0.1588807480314961
11
-0.0676841732283465
21
0.1588803937007874
0
LINE
8
BLACK
6
CONTINUOUS
10
-0.0676841732283465
20
0.1588803937007874
11
-0.0676845275590551
21
0.1588800393700787
0
LINE
8
BLACK
6
CONTINUOUS
10
-0.0676845275590551
20
0.1588800393700787
11
-0.0677421653543307
21
0.1587533464566929
0
LINE
8
BLACK
6
CONTINUOUS
10
-0.0677421653543307
20
0.1587533464566929
11
-0.0682130708661417
21
0.1581465748031496
0
LINE
8
BLACK
6
CONTINUOUS
10
-0.0682130708661417
20
0.1581465748031496
11
-0.0684020078740157
21
0.1580836220472441
0
LINE
8
BLACK
6
CONTINUOUS
10
-0.0684020078740157
20
0.1580836220472441
11
-0.069513779527559
21
0.1568495275590551
0
LINE
8
BLACK
6
CONTINUOUS
10
-0.069513779527559
20
0.1568495275590551
11
-0.0695155511811024
21
0.156844094488189
0
LINE
8
BLACK
6
CONTINUOUS
10
-0.0695155511811024
20
0.156844094488189
11
-0.0695216535433071
21
0.1568407874015748
0
LINE
8
BLACK
6
CONTINUOUS
10
-0.0695216535433071
20
0.1568407874015748
11
-0.0696106692913386
21
0.1567419291338583
0
LINE
8
BLACK
6
CONTINUOUS
10
-0.0696106692913386
20
0.1567419291338583
11
-0.0702492913385827
21
0.1563151968503937
0
LINE
8
BLACK
6
CONTINUOUS
10
-0.0702492913385827
20
0.1563151968503937
11
-0.0704834251968504
21
0.1563151968503937
0
LINE
8
BLACK
6
CONTINUOUS
10
-0.0704834251968504
20
0.1563151968503937
11
-0.073121968503937
21
0.1548733858267717
0
LINE
8
BLACK
6
CONTINUOUS
10
-0.073121968503937
20
0.1548733858267717
11
-0.0732170472440945
21
0.1548473622047244
0
LINE
8
BLACK
6
CONTINUOUS
10
-0.0732170472440945
20
0.1548473622047244
11
-0.0732489763779528
21
0.1548153937007874
0
LINE
8
BLACK
6
CONTINUOUS
10
-0.0732489763779528
20
0.1548153937007874
11
-0.0733412204724409
21
0.1548133858267716
0
LINE
8
BLACK
6
CONTINUOUS
10
-0.0733412204724409
20
0.1548133858267716
11
-0.0738627559055118
21
0.1546705118110236
0
LINE
8
BLACK
6
CONTINUOUS
10
-0.0738627559055118
20
0.1546705118110236
11
-0.074231968503937
21
0.1547935826771654
0
LINE
8
BLACK
6
CONTINUOUS
10
-0.074231968503937
20
0.1547935826771654
11
-0.0800015354330709
21
0.1546655511811024
0
LINE
8
BLACK
6
CONTINUOUS
10
-0.0800015354330709
20
0.1546655511811024
11
-0.0800982677165354
21
0.1546848031496063
0
LINE
8
BLACK
6
CONTINUOUS
10
-0.0800982677165354
20
0.1546848031496063
11
-0.0801411023622047
21
0.1546705118110236
0
LINE
8
BLACK
6
CONTINUOUS
10
-0.0801411023622047
20
0.1546705118110236
11
-0.0802300787401575
21
0.1547110236220473
0
LINE
8
BLACK
6
CONTINUOUS
10
-0.0802300787401575
20
0.1547110236220473
11
-0.080754842519685
21
0.1548153937007874
0
LINE
8
BLACK
6
CONTINUOUS
10
-0.080754842519685
20
0.1548153937007874
11
-0.0810017322834646
21
0.1550622834645669
0
LINE
8
BLACK
6
CONTINUOUS
10
-0.0810017322834646
20
0.1550622834645669
11
-0.0837542125984252
21
0.1563152362204724
0
LINE
8
BLACK
6
CONTINUOUS
10
-0.0837542125984252
20
0.1563152362204724
11
-0.0837544881889764
21
0.1563152362204724
0
LINE
8
BLACK
6
CONTINUOUS
10
-0.0837544881889764
20
0.1563152362204724
11
-0.0837548031496063
21
0.1563155511811024
0
LINE
8
BLACK
6
CONTINUOUS
10
-0.0837548031496063
20
0.1563155511811024
11
-0.0838814960629921
21
0.1563731889763779
0
LINE
8
BLACK
6
CONTINUOUS
10
-0.0838814960629921
20
0.1563731889763779
11
-0.0844882677165354
21
0.156844094488189
0
LINE
8
BLACK
6
CONTINUOUS
10
-0.0844882677165354
20
0.156844094488189
11
-0.0845512598425197
21
0.1570330708661417
0
LINE
8
BLACK
6
CONTINUOUS
10
-0.0845512598425197
20
0.1570330708661417
11
-0.0857853149606299
21
0.158144842519685
0
LINE
8
BLACK
6
CONTINUOUS
10
-0.0857853149606299
20
0.158144842519685
11
-0.0857907086614173
21
0.1581466141732283
0
LINE
8
BLACK
6
CONTINUOUS
10
-0.0857907086614173
20
0.1581466141732283
11
-0.0857940551181102
21
0.1581527165354331
0
LINE
8
BLACK
6
CONTINUOUS
10
-0.0857940551181102
20
0.1581527165354331
11
-0.0858929133858268
21
0.1582417716535433
0
LINE
8
BLACK
6
CONTINUOUS
10
-0.0858929133858268
20
0.1582417716535433
11
-0.0863196062992126
21
0.1588803937007874
0
LINE
8
BLACK
6
CONTINUOUS
10
-0.0863196062992126
20
0.1588803937007874
11
-0.0863196062992126
21
0.1591144881889764
0
LINE
8
BLACK
6
CONTINUOUS
10
-0.0863196062992126
20
0.1591144881889764
11
-0.0877614566929134
21
0.1617529527559055
0
LINE
8
BLACK
6
CONTINUOUS
10
-0.0877614566929134
20
0.1617529527559055
11
-0.0877875196850394
21
0.1618480708661417
0
LINE
8
BLACK
6
CONTINUOUS
10
-0.0877875196850394
20
0.1618480708661417
11
-0.0878194488188976
21
0.16188
0
LINE
8
BLACK
6
CONTINUOUS
10
-0.0878194488188976
20
0.16188
11
-0.0878199606299213
21
0.1619665354330709
0
LINE
8
BLACK
6
CONTINUOUS
10
-0.0878199606299213
20
0.1619665354330709
11
-0.0879643307086614
21
0.1624937401574803
0
LINE
8
BLACK
6
CONTINUOUS
10
-0.0879643307086614
20
0.1624937401574803
11
-0.0878253543307087
21
0.1629107874015748
0
LINE
8
BLACK
6
CONTINUOUS
10
-0.0878253543307087
20
0.1629107874015748
11
-0.0879692913385827
21
0.1881301181102362
0
LINE
8
BLACK
6
CONTINUOUS
10
-0.0879692913385827
20
0.1881301181102362
11
-0.0878194488188976
21
0.1888834251968504
0
LINE
8
BLACK
6
CONTINUOUS
10
-0.0878194488188976
20
0.1888834251968504
11
-0.086754094488189
21
0.1899487795275591
0
LINE
8
BLACK
6
CONTINUOUS
10
-0.086754094488189
20
0.1899487795275591
11
-0.0852474803149606
21
0.1899487795275591
0
LINE
8
BLACK
6
CONTINUOUS
10
-0.0852474803149606
20
0.1899487795275591
11
-0.084182125984252
21
0.1888834251968504
0
LINE
8
BLACK
6
CONTINUOUS
10
-0.723172716535433
20
0.1757604724409449
11
-0.7230228740157481
21
0.1712576377952756
0
LINE
8
BLACK
6
CONTINUOUS
10
-0.7230228740157481
20
0.1712576377952756
11
-0.723172716535433
21
0.1705043307086614
0
LINE
8
BLACK
6
CONTINUOUS
10
-0.723172716535433
20
0.1705043307086614
11
-0.7233616929133858
21
0.1703153937007874
0
LINE
8
BLACK
6
CONTINUOUS
10
-0.7233616929133858
20
0.1703153937007874
11
-0.7249986614173228
21
0.1650108661417323
0
LINE
8
BLACK
6
CONTINUOUS
10
-0.7249986614173228
20
0.1650108661417323
11
-0.7250474803149606
21
0.1649252362204724
0
LINE
8
BLACK
6
CONTINUOUS
10
-0.7250474803149606
20
0.1649252362204724
11
-0.7250474803149606
21
0.1648800393700787
0
LINE
8
BLACK
6
CONTINUOUS
10
-0.7250474803149606
20
0.1648800393700787
11
-0.7251116929133858
21
0.1648125984251969
0
LINE
8
BLACK
6
CONTINUOUS
10
-0.7251116929133858
20
0.1648125984251969
11
-0.7253790157480314
21
0.1643435826771653
0
LINE
8
BLACK
6
CONTINUOUS
10
-0.7253790157480314
20
0.1643435826771653
11
-0.7257205511811023
21
0.1641728346456693
0
LINE
8
BLACK
6
CONTINUOUS
10
-0.7257205511811023
20
0.1641728346456693
11
-0.729223779527559
21
0.1604918503937008
0
LINE
8
BLACK
6
CONTINUOUS
10
-0.729223779527559
20
0.1604918503937008
11
-0.7293058267716536
21
0.1604370472440945
0
LINE
8
BLACK
6
CONTINUOUS
10
-0.7293058267716536
20
0.1604370472440945
11
-0.7293259842519685
21
0.1603966929133858
0
LINE
8
BLACK
6
CONTINUOUS
10
-0.7293259842519685
20
0.1603966929133858
11
-0.7294127559055118
21
0.1603656299212598
0
LINE
8
BLACK
6
CONTINUOUS
10
-0.7294127559055118
20
0.1603656299212598
11
-0.7298624015748031
21
0.160065157480315
0
LINE
8
BLACK
6
CONTINUOUS
10
-0.7298624015748031
20
0.160065157480315
11
-0.7302509448818898
21
0.160065157480315
0
LINE
8
BLACK
6
CONTINUOUS
10
-0.7302509448818898
20
0.160065157480315
11
-0.7356175196850393
21
0.1581415748031496
0
LINE
8
BLACK
6
CONTINUOUS
10
-0.7356175196850393
20
0.1581415748031496
11
-0.7363795275590551
21
0.1580455118110236
0
LINE
8
BLACK
6
CONTINUOUS
10
-0.7363795275590551
20
0.1580455118110236
11
-0.7366571653543307
21
0.1581843307086614
0
LINE
8
BLACK
6
CONTINUOUS
10
-0.7366571653543307
20
0.1581843307086614
11
-0.7643614566929133
21
0.1580405511811024
0
LINE
8
BLACK
6
CONTINUOUS
10
-0.7643614566929133
20
0.1580405511811024
11
-0.7651147637795276
21
0.1581903937007874
0
LINE
8
BLACK
6
CONTINUOUS
10
-0.7651147637795276
20
0.1581903937007874
11
-0.7661801181102362
21
0.1592557480314961
0
LINE
8
BLACK
6
CONTINUOUS
10
-0.7661801181102362
20
0.1592557480314961
11
-0.7661801181102362
21
0.1607623622047244
0
LINE
8
BLACK
6
CONTINUOUS
10
-0.7661801181102362
20
0.1607623622047244
11
-0.7651147637795276
21
0.1618277165354331
0
LINE
8
BLACK
6
CONTINUOUS
10
-0.7651147637795276
20
0.1618277165354331
11
-0.73624
21
0.1619775590551181
0
LINE
8
BLACK
6
CONTINUOUS
10
-0.73624
20
0.1619775590551181
11
-0.7362057874015748
21
0.1619707874015748
0
LINE
8
BLACK
6
CONTINUOUS
10
-0.7362057874015748
20
0.1619707874015748
11
-0.7314443700787402
21
0.1636774409448819
0
LINE
8
BLACK
6
CONTINUOUS
10
-0.7314443700787402
20
0.1636774409448819
11
-0.7284045669291338
21
0.1668714173228346
0
LINE
8
BLACK
6
CONTINUOUS
10
-0.7284045669291338
20
0.1668714173228346
11
-0.7268588582677166
21
0.1718801181102362
0
LINE
8
BLACK
6
CONTINUOUS
10
-0.7268588582677166
20
0.1718801181102362
11
-0.7268560236220473
21
0.171885157480315
0
LINE
8
BLACK
6
CONTINUOUS
10
-0.7268560236220473
20
0.171885157480315
11
-0.7269598818897638
21
0.1750071653543307
0
LINE
8
BLACK
6
CONTINUOUS
10
-0.7269598818897638
20
0.1750071653543307
11
-0.7268100393700787
21
0.1757604724409449
0
LINE
8
BLACK
6
CONTINUOUS
10
-0.7268100393700787
20
0.1757604724409449
11
-0.7257446850393701
21
0.1768258267716535
0
LINE
8
BLACK
6
CONTINUOUS
10
-0.7257446850393701
20
0.1768258267716535
11
-0.7242380708661417
21
0.1768258267716535
0
LINE
8
BLACK
6
CONTINUOUS
10
-0.7242380708661417
20
0.1768258267716535
11
-0.723172716535433
21
0.1757604724409449
0
LINE
8
BLACK
6
CONTINUOUS
10
0.2648480708661417
20
0.1959650787401575
11
0.2648909448818897
21
0.1959793307086614
0
LINE
8
BLACK
6
CONTINUOUS
10
0.2648909448818897
20
0.1959793307086614
11
0.2649798818897638
21
0.1959388582677165
0
LINE
8
BLACK
6
CONTINUOUS
10
0.2649798818897638
20
0.1959388582677165
11
0.2655046850393701
21
0.1958344488188976
0
LINE
8
BLACK
6
CONTINUOUS
10
0.2655046850393701
20
0.1958344488188976
11
0.2657515354330708
21
0.1955875984251969
0
LINE
8
BLACK
6
CONTINUOUS
10
0.2657515354330708
20
0.1955875984251969
11
0.268503937007874
21
0.1943346456692913
0
LINE
8
BLACK
6
CONTINUOUS
10
0.268503937007874
20
0.1943346456692913
11
0.2685042913385827
21
0.1943346456692913
0
LINE
8
BLACK
6
CONTINUOUS
10
0.2685042913385827
20
0.1943346456692913
11
0.2685046456692913
21
0.1943343307086614
0
LINE
8
BLACK
6
CONTINUOUS
10
0.2685046456692913
20
0.1943343307086614
11
0.2686313385826772
21
0.1942766535433071
0
LINE
8
BLACK
6
CONTINUOUS
10
0.2686313385826772
20
0.1942766535433071
11
0.2692381102362205
21
0.1938057480314961
0
LINE
8
BLACK
6
CONTINUOUS
10
0.2692381102362205
20
0.1938057480314961
11
0.269301062992126
21
0.1936168503937008
0
LINE
8
BLACK
6
CONTINUOUS
10
0.269301062992126
20
0.1936168503937008
11
0.2706427559055118
21
0.1924081496062992
0
LINE
8
BLACK
6
CONTINUOUS
10
0.2706427559055118
20
0.1924081496062992
11
0.2710694488188976
21
0.1917695275590551
0
LINE
8
BLACK
6
CONTINUOUS
10
0.2710694488188976
20
0.1917695275590551
11
0.2710694881889764
21
0.190262874015748
0
LINE
8
BLACK
6
CONTINUOUS
10
0.2710694881889764
20
0.190262874015748
11
0.2700041732283465
21
0.1891975590551181
0
LINE
8
BLACK
6
CONTINUOUS
10
0.2700041732283465
20
0.1891975590551181
11
0.2684975196850394
21
0.1891975196850394
0
LINE
8
BLACK
6
CONTINUOUS
10
0.2684975196850394
20
0.1891975196850394
11
0.2663623622047244
21
0.1911210236220472
0
LINE
8
BLACK
6
CONTINUOUS
10
0.2663623622047244
20
0.1911210236220472
11
0.2640561811023622
21
0.1921708267716535
0
LINE
8
BLACK
6
CONTINUOUS
10
0.2640561811023622
20
0.1921708267716535
11
0.2575057086614173
21
0.1920518897637795
0
LINE
8
BLACK
6
CONTINUOUS
10
0.2575057086614173
20
0.1920518897637795
11
0.2551936614173228
21
0.1907885039370079
0
LINE
8
BLACK
6
CONTINUOUS
10
0.2551936614173228
20
0.1907885039370079
11
0.2541478346456693
21
0.1896276771653543
0
LINE
8
BLACK
6
CONTINUOUS
10
0.2541478346456693
20
0.1896276771653543
11
0.2531270078740158
21
0.1873850787401575
0
LINE
8
BLACK
6
CONTINUOUS
10
0.2531270078740158
20
0.1873850787401575
11
0.2532215748031496
21
0.1850169291338583
0
LINE
8
BLACK
6
CONTINUOUS
10
0.2532215748031496
20
0.1850169291338583
11
0.2532172834645669
21
0.1849955511811024
0
LINE
8
BLACK
6
CONTINUOUS
10
0.2532172834645669
20
0.1849955511811024
11
0.2545665354330708
21
0.181287874015748
0
LINE
8
BLACK
6
CONTINUOUS
10
0.2545665354330708
20
0.181287874015748
11
0.2721425590551181
21
0.1639116535433071
0
LINE
8
BLACK
6
CONTINUOUS
10
0.2721425590551181
20
0.1639116535433071
11
0.2725692913385827
21
0.163273031496063
0
LINE
8
BLACK
6
CONTINUOUS
10
0.2725692913385827
20
0.163273031496063
11
0.2725692913385827
21
0.1617664173228346
0
LINE
8
BLACK
6
CONTINUOUS
10
0.2725692913385827
20
0.1617664173228346
11
0.271503937007874
21
0.160701062992126
0
LINE
8
BLACK
6
CONTINUOUS
10
0.271503937007874
20
0.160701062992126
11
0.2512530708661417
21
0.1605512204724409
0
LINE
8
BLACK
6
CONTINUOUS
10
0.2512530708661417
20
0.1605512204724409
11
0.2504997637795275
21
0.160701062992126
0
LINE
8
BLACK
6
CONTINUOUS
10
0.2504997637795275
20
0.160701062992126
11
0.2494344094488189
21
0.1617664173228346
0
LINE
8
BLACK
6
CONTINUOUS
10
0.2494344094488189
20
0.1617664173228346
11
0.2494344094488189
21
0.163273031496063
0
LINE
8
BLACK
6
CONTINUOUS
10
0.2494344094488189
20
0.163273031496063
11
0.2504997637795275
21
0.1643383858267717
0
LINE
8
BLACK
6
CONTINUOUS
10
0.2504997637795275
20
0.1643383858267717
11
0.2662006299212598
21
0.1644545669291338
0
LINE
8
BLACK
6
CONTINUOUS
10
0.2662006299212598
20
0.1644545669291338
11
0.2513609448818898
21
0.1791255511811023
0
LINE
8
BLACK
6
CONTINUOUS
10
0.2513609448818898
20
0.1791255511811023
11
0.2513061811023622
21
0.1792075196850394
0
LINE
8
BLACK
6
CONTINUOUS
10
0.2513061811023622
20
0.1792075196850394
11
0.251265748031496
21
0.1792277165354331
0
LINE
8
BLACK
6
CONTINUOUS
10
0.251265748031496
20
0.1792277165354331
11
0.2512335433070866
21
0.1793162204724409
0
LINE
8
BLACK
6
CONTINUOUS
10
0.2512335433070866
20
0.1793162204724409
11
0.2509342125984252
21
0.1797641732283465
0
LINE
8
BLACK
6
CONTINUOUS
10
0.2509342125984252
20
0.1797641732283465
11
0.2509342125984252
21
0.1801388188976378
0
LINE
8
BLACK
6
CONTINUOUS
10
0.2509342125984252
20
0.1801388188976378
11
0.2493855905511811
21
0.1843944488188976
0
LINE
8
BLACK
6
CONTINUOUS
10
0.2493855905511811
20
0.1843944488188976
11
0.2492895275590551
21
0.1851564566929134
0
LINE
8
BLACK
6
CONTINUOUS
10
0.2492895275590551
20
0.1851564566929134
11
0.2493906692913386
21
0.1853587795275591
0
LINE
8
BLACK
6
CONTINUOUS
10
0.2493906692913386
20
0.1853587795275591
11
0.2492845669291339
21
0.1880165354330709
0
LINE
8
BLACK
6
CONTINUOUS
10
0.2492845669291339
20
0.1880165354330709
11
0.2493037795275591
21
0.1881132677165354
0
LINE
8
BLACK
6
CONTINUOUS
10
0.2493037795275591
20
0.1881132677165354
11
0.2492895275590551
21
0.188156062992126
0
LINE
8
BLACK
6
CONTINUOUS
10
0.2492895275590551
20
0.188156062992126
11
0.24933
21
0.188245
0
LINE
8
BLACK
6
CONTINUOUS
10
0.24933
20
0.188245
11
0.2494344094488189
21
0.188769842519685
0
LINE
8
BLACK
6
CONTINUOUS
10
0.2494344094488189
20
0.188769842519685
11
0.2496812992125984
21
0.1890167716535433
0
LINE
8
BLACK
6
CONTINUOUS
10
0.2496812992125984
20
0.1890167716535433
11
0.2509342125984252
21
0.1917691732283464
0
LINE
8
BLACK
6
CONTINUOUS
10
0.2509342125984252
20
0.1917691732283464
11
0.2509342125984252
21
0.1917694881889764
0
LINE
8
BLACK
6
CONTINUOUS
10
0.2509342125984252
20
0.1917694881889764
11
0.2509345275590551
21
0.1917698818897638
0
LINE
8
BLACK
6
CONTINUOUS
10
0.2509345275590551
20
0.1917698818897638
11
0.2509922047244094
21
0.1918965354330709
0
LINE
8
BLACK
6
CONTINUOUS
10
0.2509922047244094
20
0.1918965354330709
11
0.2514631102362205
21
0.1925032677165354
0
LINE
8
BLACK
6
CONTINUOUS
10
0.2514631102362205
20
0.1925032677165354
11
0.251651968503937
21
0.1925662598425197
0
LINE
8
BLACK
6
CONTINUOUS
10
0.251651968503937
20
0.1925662598425197
11
0.2527637795275591
21
0.1938003543307087
0
LINE
8
BLACK
6
CONTINUOUS
10
0.2527637795275591
20
0.1938003543307087
11
0.2527655905511811
21
0.1938057480314961
0
LINE
8
BLACK
6
CONTINUOUS
10
0.2527655905511811
20
0.1938057480314961
11
0.2527716141732284
21
0.193809094488189
0
LINE
8
BLACK
6
CONTINUOUS
10
0.2527716141732284
20
0.193809094488189
11
0.2528607086614173
21
0.1939079133858268
0
LINE
8
BLACK
6
CONTINUOUS
10
0.2528607086614173
20
0.1939079133858268
11
0.2534993307086614
21
0.1943346456692913
0
LINE
8
BLACK
6
CONTINUOUS
10
0.2534993307086614
20
0.1943346456692913
11
0.2537334645669291
21
0.1943346456692913
0
LINE
8
BLACK
6
CONTINUOUS
10
0.2537334645669291
20
0.1943346456692913
11
0.2563720078740158
21
0.1957764960629921
0
LINE
8
BLACK
6
CONTINUOUS
10
0.2563720078740158
20
0.1957764960629921
11
0.2564670866141732
21
0.1958025590551181
0
LINE
8
BLACK
6
CONTINUOUS
10
0.2564670866141732
20
0.1958025590551181
11
0.2564990157480315
21
0.1958344488188976
0
LINE
8
BLACK
6
CONTINUOUS
10
0.2564990157480315
20
0.1958344488188976
11
0.2565896456692913
21
0.1958361023622047
0
LINE
8
BLACK
6
CONTINUOUS
10
0.2565896456692913
20
0.1958361023622047
11
0.2571127952755906
21
0.1959793307086614
0
LINE
8
BLACK
6
CONTINUOUS
10
0.2571127952755906
20
0.1959793307086614
11
0.2574932283464567
21
0.1958525196850394
0
LINE
8
BLACK
6
CONTINUOUS
10
0.2574932283464567
20
0.1958525196850394
11
0.2647513779527559
21
0.1959842913385827
0
LINE
8
BLACK
6
CONTINUOUS
10
0.2647513779527559
20
0.1959842913385827
11
0.2648480708661417
21
0.1959650787401575
0
LINE
8
BLACK
6
CONTINUOUS
10
0.2910014960629921
20
0.1958344488188976
11
0.2911822440944882
21
0.1956537007874016
0
LINE
8
BLACK
6
CONTINUOUS
10
0.2911822440944882
20
0.1956537007874016
11
0.2953701181102362
21
0.1943834645669291
0
LINE
8
BLACK
6
CONTINUOUS
10
0.2953701181102362
20
0.1943834645669291
11
0.295455748031496
21
0.1943346456692913
0
LINE
8
BLACK
6
CONTINUOUS
10
0.295455748031496
20
0.1943346456692913
11
0.2955009448818898
21
0.1943346456692913
0
LINE
8
BLACK
6
CONTINUOUS
10
0.2955009448818898
20
0.1943346456692913
11
0.2955701968503937
21
0.1942694094488189
0
LINE
8
BLACK
6
CONTINUOUS
10
0.2955701968503937
20
0.1942694094488189
11
0.2960374015748031
21
0.1940031102362205
0
LINE
8
BLACK
6
CONTINUOUS
10
0.2960374015748031
20
0.1940031102362205
11
0.2962014960629921
21
0.1936748818897638
0
LINE
8
BLACK
6
CONTINUOUS
10
0.2962014960629921
20
0.1936748818897638
11
0.2991391732283464
21
0.1909083070866142
0
LINE
8
BLACK
6
CONTINUOUS
10
0.2991391732283464
20
0.1909083070866142
11
0.299565905511811
21
0.1902696850393701
0
LINE
8
BLACK
6
CONTINUOUS
10
0.299565905511811
20
0.1902696850393701
11
0.299565905511811
21
0.1900356299212598
0
LINE
8
BLACK
6
CONTINUOUS
10
0.299565905511811
20
0.1900356299212598
11
0.3010077559055118
21
0.1873970472440945
0
LINE
8
BLACK
6
CONTINUOUS
10
0.3010077559055118
20
0.1873970472440945
11
0.3012105905511811
21
0.1866562598425197
0
LINE
8
BLACK
6
CONTINUOUS
10
0.3012105905511811
20
0.1866562598425197
11
0.3011556299212598
21
0.1864914566929134
0
LINE
8
BLACK
6
CONTINUOUS
10
0.3011556299212598
20
0.1864914566929134
11
0.3026566141732284
21
0.1809949212598425
0
LINE
8
BLACK
6
CONTINUOUS
10
0.3026566141732284
20
0.1809949212598425
11
0.302693937007874
21
0.1802277559055118
0
LINE
8
BLACK
6
CONTINUOUS
10
0.302693937007874
20
0.1802277559055118
11
0.3025997637795276
21
0.1800708267716535
0
LINE
8
BLACK
6
CONTINUOUS
10
0.3025997637795276
20
0.1800708267716535
11
0.3027153937007874
21
0.176018031496063
0
LINE
8
BLACK
6
CONTINUOUS
10
0.3027153937007874
20
0.176018031496063
11
0.3025655511811023
21
0.1752647244094488
0
LINE
8
BLACK
6
CONTINUOUS
10
0.3025655511811023
20
0.1752647244094488
11
0.3024250393700788
21
0.1751242519685039
0
LINE
8
BLACK
6
CONTINUOUS
10
0.3024250393700788
20
0.1751242519685039
11
0.3011567716535433
21
0.1695413385826772
0
LINE
8
BLACK
6
CONTINUOUS
10
0.3011567716535433
20
0.1695413385826772
11
0.3008287007874016
21
0.1688468503937008
0
LINE
8
BLACK
6
CONTINUOUS
10
0.3008287007874016
20
0.1688468503937008
11
0.3007075590551181
21
0.1687741732283465
0
LINE
8
BLACK
6
CONTINUOUS
10
0.3007075590551181
20
0.1687741732283465
11
0.299565905511811
21
0.1662662204724409
0
LINE
8
BLACK
6
CONTINUOUS
10
0.299565905511811
20
0.1662662204724409
11
0.299565905511811
21
0.1662658661417323
0
LINE
8
BLACK
6
CONTINUOUS
10
0.299565905511811
20
0.1662658661417323
11
0.2995655905511811
21
0.1662655511811024
0
LINE
8
BLACK
6
CONTINUOUS
10
0.2995655905511811
20
0.1662655511811024
11
0.2995079133858268
21
0.1661388188976378
0
LINE
8
BLACK
6
CONTINUOUS
10
0.2995079133858268
20
0.1661388188976378
11
0.2990370078740157
21
0.1655320472440945
0
LINE
8
BLACK
6
CONTINUOUS
10
0.2990370078740157
20
0.1655320472440945
11
0.2988006299212598
21
0.1654532677165354
0
LINE
8
BLACK
6
CONTINUOUS
10
0.2988006299212598
20
0.1654532677165354
11
0.2961396062992126
21
0.1626275984251968
0
LINE
8
BLACK
6
CONTINUOUS
10
0.2961396062992126
20
0.1626275984251968
11
0.2960575984251969
21
0.1625728346456693
0
LINE
8
BLACK
6
CONTINUOUS
10
0.2960575984251969
20
0.1625728346456693
11
0.2960374015748031
21
0.1625324015748031
0
LINE
8
BLACK
6
CONTINUOUS
10
0.2960374015748031
20
0.1625324015748031
11
0.2959489763779528
21
0.1625002362204724
0
LINE
8
BLACK
6
CONTINUOUS
10
0.2959489763779528
20
0.1625002362204724
11
0.2955009842519685
21
0.1622008661417323
0
LINE
8
BLACK
6
CONTINUOUS
10
0.2955009842519685
20
0.1622008661417323
11
0.2951263385826772
21
0.1622008661417323
0
LINE
8
BLACK
6
CONTINUOUS
10
0.2951263385826772
20
0.1622008661417323
11
0.2908706692913386
21
0.1606522440944882
0
LINE
8
BLACK
6
CONTINUOUS
10
0.2908706692913386
20
0.1606522440944882
11
0.2901086614173228
21
0.1605561811023622
0
LINE
8
BLACK
6
CONTINUOUS
10
0.2901086614173228
20
0.1605561811023622
11
0.2899063385826772
21
0.1606573622047244
0
LINE
8
BLACK
6
CONTINUOUS
10
0.2899063385826772
20
0.1606573622047244
11
0.2873893700787402
21
0.1605568503937008
0
LINE
8
BLACK
6
CONTINUOUS
10
0.2873893700787402
20
0.1605568503937008
11
0.2873880708661417
21
0.1605561811023622
0
LINE
8
BLACK
6
CONTINUOUS
10
0.2873880708661417
20
0.1605561811023622
11
0.2873862598425197
21
0.1605567322834646
0
LINE
8
BLACK
6
CONTINUOUS
10
0.2873862598425197
20
0.1605567322834646
11
0.2872485433070866
21
0.1605512204724409
0
LINE
8
BLACK
6
CONTINUOUS
10
0.2872485433070866
20
0.1605512204724409
11
0.2864952362204725
21
0.160701062992126
0
LINE
8
BLACK
6
CONTINUOUS
10
0.2864952362204725
20
0.160701062992126
11
0.2863144488188976
21
0.1608818503937008
0
LINE
8
BLACK
6
CONTINUOUS
10
0.2863144488188976
20
0.1608818503937008
11
0.2821266535433071
21
0.1621520472440945
0
LINE
8
BLACK
6
CONTINUOUS
10
0.2821266535433071
20
0.1621520472440945
11
0.2820410236220472
21
0.1622008661417323
0
LINE
8
BLACK
6
CONTINUOUS
10
0.2820410236220472
20
0.1622008661417323
11
0.2819958267716535
21
0.1622008661417323
0
LINE
8
BLACK
6
CONTINUOUS
10
0.2819958267716535
20
0.1622008661417323
11
0.2819179921259842
21
0.1622709842519685
0
LINE
8
BLACK
6
CONTINUOUS
10
0.2819179921259842
20
0.1622709842519685
11
0.2814593700787402
21
0.1625324015748031
0
LINE
8
BLACK
6
CONTINUOUS
10
0.2814593700787402
20
0.1625324015748031
11
0.2813212598425197
21
0.1628085826771654
0
LINE
8
BLACK
6
CONTINUOUS
10
0.2813212598425197
20
0.1628085826771654
11
0.2798573622047244
21
0.1641274409448819
0
LINE
8
BLACK
6
CONTINUOUS
10
0.2798573622047244
20
0.1641274409448819
11
0.2794306299212598
21
0.164766062992126
0
LINE
8
BLACK
6
CONTINUOUS
10
0.2794306299212598
20
0.164766062992126
11
0.2794306299212598
21
0.1662726771653543
0
LINE
8
BLACK
6
CONTINUOUS
10
0.2794306299212598
20
0.1662726771653543
11
0.2804959842519685
21
0.167338031496063
0
LINE
8
BLACK
6
CONTINUOUS
10
0.2804959842519685
20
0.167338031496063
11
0.2820025984251969
21
0.167338031496063
0
LINE
8
BLACK
6
CONTINUOUS
10
0.2820025984251969
20
0.167338031496063
11
0.2839618110236221
21
0.1655729527559055
0
LINE
8
BLACK
6
CONTINUOUS
10
0.2839618110236221
20
0.1655729527559055
11
0.287853188976378
21
0.1643926377952756
0
LINE
8
BLACK
6
CONTINUOUS
10
0.287853188976378
20
0.1643926377952756
11
0.2902481889763779
21
0.1644882283464567
0
LINE
8
BLACK
6
CONTINUOUS
10
0.2902481889763779
20
0.1644882283464567
11
0.2902695669291339
21
0.1644839763779528
0
LINE
8
BLACK
6
CONTINUOUS
10
0.2902695669291339
20
0.1644839763779528
11
0.2939016535433071
21
0.1658057086614173
0
LINE
8
BLACK
6
CONTINUOUS
10
0.2939016535433071
20
0.1658057086614173
11
0.2963523622047244
21
0.1684079921259843
0
LINE
8
BLACK
6
CONTINUOUS
10
0.2963523622047244
20
0.1684079921259843
11
0.2974863779527559
21
0.1708991338582677
0
LINE
8
BLACK
6
CONTINUOUS
10
0.2974863779527559
20
0.1708991338582677
11
0.2975986614173228
21
0.1710438582677165
0
LINE
8
BLACK
6
CONTINUOUS
10
0.2975986614173228
20
0.1710438582677165
11
0.2988371653543307
21
0.1764954724409449
0
LINE
8
BLACK
6
CONTINUOUS
10
0.2988371653543307
20
0.1764954724409449
11
0.2988899212598425
21
0.1766072047244094
0
LINE
8
BLACK
6
CONTINUOUS
10
0.2988899212598425
20
0.1766072047244094
11
0.2987783858267716
21
0.1805174803149606
0
LINE
8
BLACK
6
CONTINUOUS
10
0.2987783858267716
20
0.1805174803149606
11
0.2988065354330708
21
0.180659094488189
0
LINE
8
BLACK
6
CONTINUOUS
10
0.2988065354330708
20
0.180659094488189
11
0.2973373228346456
21
0.1860392913385827
0
LINE
8
BLACK
6
CONTINUOUS
10
0.2973373228346456
20
0.1860392913385827
11
0.2973306299212599
21
0.1861764173228346
0
LINE
8
BLACK
6
CONTINUOUS
10
0.2973306299212599
20
0.1861764173228346
11
0.2959865748031496
21
0.188636062992126
0
LINE
8
BLACK
6
CONTINUOUS
10
0.2959865748031496
20
0.188636062992126
11
0.2959827559055118
21
0.1886500393700787
0
LINE
8
BLACK
6
CONTINUOUS
10
0.2959827559055118
20
0.1886500393700787
11
0.2935234645669291
21
0.1909661023622047
0
LINE
8
BLACK
6
CONTINUOUS
10
0.2935234645669291
20
0.1909661023622047
11
0.2896435039370079
21
0.1921429133858268
0
LINE
8
BLACK
6
CONTINUOUS
10
0.2896435039370079
20
0.1921429133858268
11
0.2872485433070866
21
0.1920472834645669
0
LINE
8
BLACK
6
CONTINUOUS
10
0.2872485433070866
20
0.1920472834645669
11
0.287227125984252
21
0.1920515748031496
0
LINE
8
BLACK
6
CONTINUOUS
10
0.287227125984252
20
0.1920515748031496
11
0.2836578346456693
21
0.1907526771653543
0
LINE
8
BLACK
6
CONTINUOUS
10
0.2836578346456693
20
0.1907526771653543
11
0.2826412204724409
21
0.1896242125984252
0
LINE
8
BLACK
6
CONTINUOUS
10
0.2826412204724409
20
0.1896242125984252
11
0.2820025984251969
21
0.1891975196850394
0
LINE
8
BLACK
6
CONTINUOUS
10
0.2820025984251969
20
0.1891975196850394
11
0.2804959448818898
21
0.1891975196850394
0
LINE
8
BLACK
6
CONTINUOUS
10
0.2804959448818898
20
0.1891975196850394
11
0.2794306299212598
21
0.190262874015748
0
LINE
8
BLACK
6
CONTINUOUS
10
0.2794306299212598
20
0.190262874015748
11
0.2794306299212598
21
0.1917695275590551
0
LINE
8
BLACK
6
CONTINUOUS
10
0.2794306299212598
20
0.1917695275590551
11
0.2813572047244094
21
0.1939079527559055
0
LINE
8
BLACK
6
CONTINUOUS
10
0.2813572047244094
20
0.1939079527559055
11
0.2814391732283464
21
0.1939627559055118
0
LINE
8
BLACK
6
CONTINUOUS
10
0.2814391732283464
20
0.1939627559055118
11
0.2814593700787402
21
0.1940031102362205
0
LINE
8
BLACK
6
CONTINUOUS
10
0.2814593700787402
20
0.1940031102362205
11
0.2815477559055118
21
0.1940353149606299
0
LINE
8
BLACK
6
CONTINUOUS
10
0.2815477559055118
20
0.1940353149606299
11
0.2819958267716535
21
0.1943346456692913
0
LINE
8
BLACK
6
CONTINUOUS
10
0.2819958267716535
20
0.1943346456692913
11
0.2823703937007874
21
0.1943346456692913
0
LINE
8
BLACK
6
CONTINUOUS
10
0.2823703937007874
20
0.1943346456692913
11
0.286626062992126
21
0.1958832677165354
0
LINE
8
BLACK
6
CONTINUOUS
10
0.286626062992126
20
0.1958832677165354
11
0.2873880708661417
21
0.1959793307086614
0
LINE
8
BLACK
6
CONTINUOUS
10
0.2873880708661417
20
0.1959793307086614
11
0.2875903543307087
21
0.195878188976378
0
LINE
8
BLACK
6
CONTINUOUS
10
0.2875903543307087
20
0.195878188976378
11
0.2901073228346457
21
0.1959787007874016
0
LINE
8
BLACK
6
CONTINUOUS
10
0.2901073228346457
20
0.1959787007874016
11
0.2901086614173228
21
0.1959793307086614
0
LINE
8
BLACK
6
CONTINUOUS
10
0.2901086614173228
20
0.1959793307086614
11
0.2901104330708661
21
0.1959788188976378
0
LINE
8
BLACK
6
CONTINUOUS
10
0.2901104330708661
20
0.1959788188976378
11
0.2902481889763779
21
0.1959842913385827
0
LINE
8
BLACK
6
CONTINUOUS
10
0.2902481889763779
20
0.1959842913385827
11
0.2910014960629921
21
0.1958344488188976
0
LINE
8
BLACK
6
CONTINUOUS
10
-0.0313161417322835
20
0.2039881496062992
11
-0.0307427952755906
21
0.2039881496062992
0
LINE
8
BLACK
6
CONTINUOUS
10
-0.0307427952755906
20
0.2039881496062992
11
-0.0305994881889764
21
0.203844842519685
0
LINE
8
BLACK
6
CONTINUOUS
10
-0.0305994881889764
20
0.203844842519685
11
-0.0304007480314961
21
0.2038050787401575
0
LINE
8
BLACK
6
CONTINUOUS
10
-0.0304007480314961
20
0.2038050787401575
11
-0.0300255905511811
21
0.2032709448818898
0
LINE
8
BLACK
6
CONTINUOUS
10
-0.0300255905511811
20
0.2032709448818898
11
-0.0296774409448819
21
0.2029227952755905
0
LINE
8
BLACK
6
CONTINUOUS
10
-0.0296774409448819
20
0.2029227952755905
11
-0.0296767716535433
21
0.2027743307086614
0
LINE
8
BLACK
6
CONTINUOUS
10
-0.0296767716535433
20
0.2027743307086614
11
-0.0268585826771654
21
0.1987620078740157
0
LINE
8
BLACK
6
CONTINUOUS
10
-0.0268585826771654
20
0.1987620078740157
11
-0.0267867716535433
21
0.1985880708661417
0
LINE
8
BLACK
6
CONTINUOUS
10
-0.0267867716535433
20
0.1985880708661417
11
-0.0241079921259843
21
0.1960652755905512
0
LINE
8
BLACK
6
CONTINUOUS
10
-0.0241079921259843
20
0.1960652755905512
11
-0.0216168503937008
21
0.1949312992125984
0
LINE
8
BLACK
6
CONTINUOUS
10
-0.0216168503937008
20
0.1949312992125984
11
-0.0210101181102362
21
0.1944603937007874
0
LINE
8
BLACK
6
CONTINUOUS
10
-0.0210101181102362
20
0.1944603937007874
11
-0.0205336614173228
21
0.1930311023622047
0
LINE
8
BLACK
6
CONTINUOUS
10
-0.0205336614173228
20
0.1930311023622047
11
-0.0212074409448819
21
0.1916835433070866
0
LINE
8
BLACK
6
CONTINUOUS
10
-0.0212074409448819
20
0.1916835433070866
11
-0.0226367322834646
21
0.1912070866141732
0
LINE
8
BLACK
6
CONTINUOUS
10
-0.0226367322834646
20
0.1912070866141732
11
-0.0262497637795276
21
0.1928517716535433
0
LINE
8
BLACK
6
CONTINUOUS
10
-0.0262497637795276
20
0.1928517716535433
11
-0.026250157480315
21
0.1928517716535433
0
LINE
8
BLACK
6
CONTINUOUS
10
-0.026250157480315
20
0.1928517716535433
11
-0.0262505511811024
21
0.192852125984252
0
LINE
8
BLACK
6
CONTINUOUS
10
-0.0262505511811024
20
0.192852125984252
11
-0.0263771653543307
21
0.1929097637795276
0
LINE
8
BLACK
6
CONTINUOUS
10
-0.0263771653543307
20
0.1929097637795276
11
-0.026983937007874
21
0.1933806692913386
0
LINE
8
BLACK
6
CONTINUOUS
10
-0.026983937007874
20
0.1933806692913386
11
-0.0270627559055118
21
0.1936170472440945
0
LINE
8
BLACK
6
CONTINUOUS
10
-0.0270627559055118
20
0.1936170472440945
11
-0.0296455118110236
21
0.1960494094488189
0
LINE
8
BLACK
6
CONTINUOUS
10
-0.0296455118110236
20
0.1960494094488189
11
-0.0295364960629921
21
0.1725857086614173
0
LINE
8
BLACK
6
CONTINUOUS
10
-0.0295364960629921
20
0.1725857086614173
11
-0.0224972047244094
21
0.1726419291338583
0
LINE
8
BLACK
6
CONTINUOUS
10
-0.0224972047244094
20
0.1726419291338583
11
-0.0217438976377953
21
0.1724920866141732
0
LINE
8
BLACK
6
CONTINUOUS
10
-0.0217438976377953
20
0.1724920866141732
11
-0.0206785433070866
21
0.1714267322834646
0
LINE
8
BLACK
6
CONTINUOUS
10
-0.0206785433070866
20
0.1714267322834646
11
-0.0206785433070866
21
0.1699201181102362
0
LINE
8
BLACK
6
CONTINUOUS
10
-0.0206785433070866
20
0.1699201181102362
11
-0.0217438976377953
21
0.1688547637795275
0
LINE
8
BLACK
6
CONTINUOUS
10
-0.0217438976377953
20
0.1688547637795275
11
-0.0404949606299213
21
0.1687049212598425
0
LINE
8
BLACK
6
CONTINUOUS
10
-0.0404949606299213
20
0.1687049212598425
11
-0.0412482677165354
21
0.1688547637795275
0
LINE
8
BLACK
6
CONTINUOUS
10
-0.0412482677165354
20
0.1688547637795275
11
-0.0423136220472441
21
0.1699201181102362
0
LINE
8
BLACK
6
CONTINUOUS
10
-0.0423136220472441
20
0.1699201181102362
11
-0.0423136220472441
21
0.1714267322834646
0
LINE
8
BLACK
6
CONTINUOUS
10
-0.0423136220472441
20
0.1714267322834646
11
-0.0412482677165354
21
0.1724920866141732
0
LINE
8
BLACK
6
CONTINUOUS
10
-0.0412482677165354
20
0.1724920866141732
11
-0.0333270472440945
21
0.1725553937007874
0
LINE
8
BLACK
6
CONTINUOUS
10
-0.0333270472440945
20
0.1725553937007874
11
-0.0334646062992126
21
0.2021694881889764
0
LINE
8
BLACK
6
CONTINUOUS
10
-0.0334646062992126
20
0.2021694881889764
11
-0.0333147637795276
21
0.2029227952755905
0
LINE
8
BLACK
6
CONTINUOUS
10
-0.0333147637795276
20
0.2029227952755905
11
-0.0331714566929134
21
0.2030661417322835
0
LINE
8
BLACK
6
CONTINUOUS
10
-0.0331714566929134
20
0.2030661417322835
11
-0.0331316929133858
21
0.203264842519685
0
LINE
8
BLACK
6
CONTINUOUS
10
-0.0331316929133858
20
0.203264842519685
11
-0.0326547637795276
21
0.2035828346456693
0
LINE
8
BLACK
6
CONTINUOUS
10
-0.0326547637795276
20
0.2035828346456693
11
-0.0322494094488189
21
0.2039881496062992
0
LINE
8
BLACK
6
CONTINUOUS
10
-0.0322494094488189
20
0.2039881496062992
11
-0.0320467322834646
21
0.2039881496062992
0
LINE
8
BLACK
6
CONTINUOUS
10
-0.0320467322834646
20
0.2039881496062992
11
-0.0318781496062992
21
0.2041005511811023
0
LINE
8
BLACK
6
CONTINUOUS
10
-0.0318781496062992
20
0.2041005511811023
11
-0.0313161417322835
21
0.2039881496062992
0
LINE
8
BLACK
6
CONTINUOUS
10
-0.0007465354330709
20
0.2039881496062992
11
-0.0005657874015748
21
0.2038074015748031
0
LINE
8
BLACK
6
CONTINUOUS
10
-0.0005657874015748
20
0.2038074015748031
11
0.0036220866141732
21
0.2025371653543307
0
LINE
8
BLACK
6
CONTINUOUS
10
0.0036220866141732
20
0.2025371653543307
11
0.0037077165354331
21
0.2024883464566929
0
LINE
8
BLACK
6
CONTINUOUS
10
0.0037077165354331
20
0.2024883464566929
11
0.0037529133858268
21
0.2024883464566929
0
LINE
8
BLACK
6
CONTINUOUS
10
0.0037529133858268
20
0.2024883464566929
11
0.0038221653543307
21
0.2024231102362205
0
LINE
8
BLACK
6
CONTINUOUS
10
0.0038221653543307
20
0.2024231102362205
11
0.0042893700787402
21
0.202156811023622
0
LINE
8
BLACK
6
CONTINUOUS
10
0.0042893700787402
20
0.202156811023622
11
0.0044534645669291
21
0.2018285826771654
0
LINE
8
BLACK
6
CONTINUOUS
10
0.0044534645669291
20
0.2018285826771654
11
0.0073911417322835
21
0.1990620078740157
0
LINE
8
BLACK
6
CONTINUOUS
10
0.0073911417322835
20
0.1990620078740157
11
0.007817874015748
21
0.1984233858267717
0
LINE
8
BLACK
6
CONTINUOUS
10
0.007817874015748
20
0.1984233858267717
11
0.007817874015748
21
0.1981893307086614
0
LINE
8
BLACK
6
CONTINUOUS
10
0.007817874015748
20
0.1981893307086614
11
0.0092597244094488
21
0.1955507480314961
0
LINE
8
BLACK
6
CONTINUOUS
10
0.0092597244094488
20
0.1955507480314961
11
0.0094625590551181
21
0.1948099606299213
0
LINE
8
BLACK
6
CONTINUOUS
10
0.0094625590551181
20
0.1948099606299213
11
0.0094075984251968
21
0.194645157480315
0
LINE
8
BLACK
6
CONTINUOUS
10
0.0094075984251968
20
0.194645157480315
11
0.0109085826771654
21
0.1891486220472441
0
LINE
8
BLACK
6
CONTINUOUS
10
0.0109085826771654
20
0.1891486220472441
11
0.010945905511811
21
0.1883814566929134
0
LINE
8
BLACK
6
CONTINUOUS
10
0.010945905511811
20
0.1883814566929134
11
0.0108517322834646
21
0.1882245275590551
0
LINE
8
BLACK
6
CONTINUOUS
10
0.0108517322834646
20
0.1882245275590551
11
0.0109673622047244
21
0.1841717322834646
0
LINE
8
BLACK
6
CONTINUOUS
10
0.0109673622047244
20
0.1841717322834646
11
0.0108175196850394
21
0.1834184251968504
0
LINE
8
BLACK
6
CONTINUOUS
10
0.0108175196850394
20
0.1834184251968504
11
0.0106770078740157
21
0.1832779527559055
0
LINE
8
BLACK
6
CONTINUOUS
10
0.0106770078740157
20
0.1832779527559055
11
0.0094087401574803
21
0.1776950393700787
0
LINE
8
BLACK
6
CONTINUOUS
10
0.0094087401574803
20
0.1776950393700787
11
0.0090806692913386
21
0.1770005511811024
0
LINE
8
BLACK
6
CONTINUOUS
10
0.0090806692913386
20
0.1770005511811024
11
0.0089595275590551
21
0.176927874015748
0
LINE
8
BLACK
6
CONTINUOUS
10
0.0089595275590551
20
0.176927874015748
11
0.007817874015748
21
0.1744199212598425
0
LINE
8
BLACK
6
CONTINUOUS
10
0.007817874015748
20
0.1744199212598425
11
0.007817874015748
21
0.1744195669291339
0
LINE
8
BLACK
6
CONTINUOUS
10
0.007817874015748
20
0.1744195669291339
11
0.0078175590551181
21
0.1744192519685039
0
LINE
8
BLACK
6
CONTINUOUS
10
0.0078175590551181
20
0.1744192519685039
11
0.0077598818897638
21
0.1742925196850394
0
LINE
8
BLACK
6
CONTINUOUS
10
0.0077598818897638
20
0.1742925196850394
11
0.0072889763779528
21
0.1736857480314961
0
LINE
8
BLACK
6
CONTINUOUS
10
0.0072889763779528
20
0.1736857480314961
11
0.0070525984251969
21
0.173606968503937
0
LINE
8
BLACK
6
CONTINUOUS
10
0.0070525984251969
20
0.173606968503937
11
0.0043915748031496
21
0.1707812992125984
0
LINE
8
BLACK
6
CONTINUOUS
10
0.0043915748031496
20
0.1707812992125984
11
0.0043095669291339
21
0.1707265354330709
0
LINE
8
BLACK
6
CONTINUOUS
10
0.0043095669291339
20
0.1707265354330709
11
0.0042893700787402
21
0.1706861023622047
0
LINE
8
BLACK
6
CONTINUOUS
10
0.0042893700787402
20
0.1706861023622047
11
0.0042009448818898
21
0.170653937007874
0
LINE
8
BLACK
6
CONTINUOUS
10
0.0042009448818898
20
0.170653937007874
11
0.0037529527559055
21
0.1703545669291339
0
LINE
8
BLACK
6
CONTINUOUS
10
0.0037529527559055
20
0.1703545669291339
11
0.0033783070866142
21
0.1703545669291339
0
LINE
8
BLACK
6
CONTINUOUS
10
0.0033783070866142
20
0.1703545669291339
11
-0.0008773622047244
21
0.1688059448818898
0
LINE
8
BLACK
6
CONTINUOUS
10
-0.0008773622047244
20
0.1688059448818898
11
-0.0016393700787402
21
0.1687098818897638
0
LINE
8
BLACK
6
CONTINUOUS
10
-0.0016393700787402
20
0.1687098818897638
11
-0.0018416929133858
21
0.168811062992126
0
LINE
8
BLACK
6
CONTINUOUS
10
-0.0018416929133858
20
0.168811062992126
11
-0.0043586614173228
21
0.1687105511811024
0
LINE
8
BLACK
6
CONTINUOUS
10
-0.0043586614173228
20
0.1687105511811024
11
-0.0043599606299213
21
0.1687098818897638
0
LINE
8
BLACK
6
CONTINUOUS
10
-0.0043599606299213
20
0.1687098818897638
11
-0.0043617716535433
21
0.1687104330708661
0
LINE
8
BLACK
6
CONTINUOUS
10
-0.0043617716535433
20
0.1687104330708661
11
-0.0044994881889764
21
0.1687049212598425
0
LINE
8
BLACK
6
CONTINUOUS
10
-0.0044994881889764
20
0.1687049212598425
11
-0.0052527952755906
21
0.1688547637795275
0
LINE
8
BLACK
6
CONTINUOUS
10
-0.0052527952755906
20
0.1688547637795275
11
-0.0054335826771654
21
0.1690355511811024
0
LINE
8
BLACK
6
CONTINUOUS
10
-0.0054335826771654
20
0.1690355511811024
11
-0.0096213779527559
21
0.1703057480314961
0
LINE
8
BLACK
6
CONTINUOUS
10
-0.0096213779527559
20
0.1703057480314961
11
-0.0097070078740157
21
0.1703545669291339
0
LINE
8
BLACK
6
CONTINUOUS
10
-0.0097070078740157
20
0.1703545669291339
11
-0.0097522047244094
21
0.1703545669291339
0
LINE
8
BLACK
6
CONTINUOUS
10
-0.0097522047244094
20
0.1703545669291339
11
-0.0098300393700787
21
0.1704246850393701
0
LINE
8
BLACK
6
CONTINUOUS
10
-0.0098300393700787
20
0.1704246850393701
11
-0.0102886614173228
21
0.1706861023622047
0
LINE
8
BLACK
6
CONTINUOUS
10
-0.0102886614173228
20
0.1706861023622047
11
-0.0104267716535433
21
0.1709622834645669
0
LINE
8
BLACK
6
CONTINUOUS
10
-0.0104267716535433
20
0.1709622834645669
11
-0.0118906692913386
21
0.1722811417322835
0
LINE
8
BLACK
6
CONTINUOUS
10
-0.0118906692913386
20
0.1722811417322835
11
-0.0123174015748031
21
0.1729197637795276
0
LINE
8
BLACK
6
CONTINUOUS
10
-0.0123174015748031
20
0.1729197637795276
11
-0.0123174015748031
21
0.1744263779527559
0
LINE
8
BLACK
6
CONTINUOUS
10
-0.0123174015748031
20
0.1744263779527559
11
-0.0112520472440945
21
0.1754917322834646
0
LINE
8
BLACK
6
CONTINUOUS
10
-0.0112520472440945
20
0.1754917322834646
11
-0.0097454330708661
21
0.1754917322834646
0
LINE
8
BLACK
6
CONTINUOUS
10
-0.0097454330708661
20
0.1754917322834646
11
-0.0077862204724409
21
0.1737266535433071
0
LINE
8
BLACK
6
CONTINUOUS
10
-0.0077862204724409
20
0.1737266535433071
11
-0.003894842519685
21
0.1725463385826772
0
LINE
8
BLACK
6
CONTINUOUS
10
-0.003894842519685
20
0.1725463385826772
11
-0.001499842519685
21
0.1726419291338583
0
LINE
8
BLACK
6
CONTINUOUS
10
-0.001499842519685
20
0.1726419291338583
11
-0.0014784645669291
21
0.1726376771653543
0
LINE
8
BLACK
6
CONTINUOUS
10
-0.0014784645669291
20
0.1726376771653543
11
0.0021536220472441
21
0.1739594094488189
0
LINE
8
BLACK
6
CONTINUOUS
10
0.0021536220472441
20
0.1739594094488189
11
0.0046043307086614
21
0.1765616929133858
0
LINE
8
BLACK
6
CONTINUOUS
10
0.0046043307086614
20
0.1765616929133858
11
0.0057383464566929
21
0.1790528346456693
0
LINE
8
BLACK
6
CONTINUOUS
10
0.0057383464566929
20
0.1790528346456693
11
0.0058506299212598
21
0.1791975590551181
0
LINE
8
BLACK
6
CONTINUOUS
10
0.0058506299212598
20
0.1791975590551181
11
0.0070891338582677
21
0.1846491732283465
0
LINE
8
BLACK
6
CONTINUOUS
10
0.0070891338582677
20
0.1846491732283465
11
0.0071418897637795
21
0.184760905511811
0
LINE
8
BLACK
6
CONTINUOUS
10
0.0071418897637795
20
0.184760905511811
11
0.0070303543307087
21
0.1886711811023622
0
LINE
8
BLACK
6
CONTINUOUS
10
0.0070303543307087
20
0.1886711811023622
11
0.0070585039370079
21
0.1888127952755906
0
LINE
8
BLACK
6
CONTINUOUS
10
0.0070585039370079
20
0.1888127952755906
11
0.0055892913385827
21
0.1941929921259843
0
LINE
8
BLACK
6
CONTINUOUS
10
0.0055892913385827
20
0.1941929921259843
11
0.0055825984251969
21
0.1943301181102362
0
LINE
8
BLACK
6
CONTINUOUS
10
0.0055825984251969
20
0.1943301181102362
11
0.0042385433070866
21
0.1967897637795276
0
LINE
8
BLACK
6
CONTINUOUS
10
0.0042385433070866
20
0.1967897637795276
11
0.0042347244094488
21
0.1968037401574803
0
LINE
8
BLACK
6
CONTINUOUS
10
0.0042347244094488
20
0.1968037401574803
11
0.0017754330708661
21
0.1991198031496063
0
LINE
8
BLACK
6
CONTINUOUS
10
0.0017754330708661
20
0.1991198031496063
11
-0.0021045275590551
21
0.2002966141732283
0
LINE
8
BLACK
6
CONTINUOUS
10
-0.0021045275590551
20
0.2002966141732283
11
-0.0044994881889764
21
0.2002009842519685
0
LINE
8
BLACK
6
CONTINUOUS
10
-0.0044994881889764
20
0.2002009842519685
11
-0.004520905511811
21
0.2002052755905512
0
LINE
8
BLACK
6
CONTINUOUS
10
-0.004520905511811
20
0.2002052755905512
11
-0.0080901968503937
21
0.1989063779527559
0
LINE
8
BLACK
6
CONTINUOUS
10
-0.0080901968503937
20
0.1989063779527559
11
-0.009106811023622
21
0.1977779133858268
0
LINE
8
BLACK
6
CONTINUOUS
10
-0.009106811023622
20
0.1977779133858268
11
-0.0097454330708661
21
0.1973512204724409
0
LINE
8
BLACK
6
CONTINUOUS
10
-0.0097454330708661
20
0.1973512204724409
11
-0.0112520866141732
21
0.1973512204724409
0
LINE
8
BLACK
6
CONTINUOUS
10
-0.0112520866141732
20
0.1973512204724409
11
-0.0123174015748031
21
0.1984165748031496
0
LINE
8
BLACK
6
CONTINUOUS
10
-0.0123174015748031
20
0.1984165748031496
11
-0.0123174015748031
21
0.1999232283464567
0
LINE
8
BLACK
6
CONTINUOUS
10
-0.0123174015748031
20
0.1999232283464567
11
-0.0103908267716535
21
0.2020616535433071
0
LINE
8
BLACK
6
CONTINUOUS
10
-0.0103908267716535
20
0.2020616535433071
11
-0.0103088582677165
21
0.2021164566929134
0
LINE
8
BLACK
6
CONTINUOUS
10
-0.0103088582677165
20
0.2021164566929134
11
-0.0102886614173228
21
0.202156811023622
0
LINE
8
BLACK
6
CONTINUOUS
10
-0.0102886614173228
20
0.202156811023622
11
-0.0102002755905512
21
0.2021890157480315
0
LINE
8
BLACK
6
CONTINUOUS
10
-0.0102002755905512
20
0.2021890157480315
11
-0.0097522047244094
21
0.2024883464566929
0
LINE
8
BLACK
6
CONTINUOUS
10
-0.0097522047244094
20
0.2024883464566929
11
-0.0093776377952756
21
0.2024883464566929
0
LINE
8
BLACK
6
CONTINUOUS
10
-0.0093776377952756
20
0.2024883464566929
11
-0.005121968503937
21
0.204036968503937
0
LINE
8
BLACK
6
CONTINUOUS
10
-0.005121968503937
20
0.204036968503937
11
-0.0043599606299213
21
0.204133031496063
0
LINE
8
BLACK
6
CONTINUOUS
10
-0.0043599606299213
20
0.204133031496063
11
-0.0041576771653543
21
0.2040318897637795
0
LINE
8
BLACK
6
CONTINUOUS
10
-0.0041576771653543
20
0.2040318897637795
11
-0.0016407086614173
21
0.2041324015748031
0
LINE
8
BLACK
6
CONTINUOUS
10
-0.0016407086614173
20
0.2041324015748031
11
-0.0016393700787402
21
0.204133031496063
0
LINE
8
BLACK
6
CONTINUOUS
10
-0.0016393700787402
20
0.204133031496063
11
-0.0016375984251969
21
0.2041325196850394
0
LINE
8
BLACK
6
CONTINUOUS
10
-0.0016375984251969
20
0.2041325196850394
11
-0.001499842519685
21
0.2041379921259842
0
LINE
8
BLACK
6
CONTINUOUS
10
-0.001499842519685
20
0.2041379921259842
11
-0.0007465354330709
21
0.2039881496062992
0
LINE
8
BLACK
6
CONTINUOUS
10
0.0919594094488189
20
0.3354524803149606
11
0.0975724015748032
21
0.3337497637795275
0
LINE
8
BLACK
6
CONTINUOUS
10
0.0975724015748032
20
0.3337497637795275
11
0.1027453937007874
21
0.3309847637795276
0
LINE
8
BLACK
6
CONTINUOUS
10
0.1027453937007874
20
0.3309847637795276
11
0.1072795669291339
21
0.3272636614173228
0
LINE
8
BLACK
6
CONTINUOUS
10
0.1072795669291339
20
0.3272636614173228
11
0.1110006692913386
21
0.3227294881889763
0
LINE
8
BLACK
6
CONTINUOUS
10
0.1110006692913386
20
0.3227294881889763
11
0.1137656692913386
21
0.3175564960629921
0
LINE
8
BLACK
6
CONTINUOUS
10
0.1137656692913386
20
0.3175564960629921
11
0.1154683858267717
21
0.3119435039370079
0
LINE
8
BLACK
6
CONTINUOUS
10
0.1154683858267717
20
0.3119435039370079
11
0.115749094488189
21
0.309093031496063
0
LINE
8
BLACK
6
CONTINUOUS
10
0.115749094488189
20
0.309093031496063
11
0.1158635039370079
21
0.3089786220472441
0
LINE
8
BLACK
6
CONTINUOUS
10
0.1158635039370079
20
0.3089786220472441
11
0.1158651968503937
21
0.3079142913385827
0
LINE
8
BLACK
6
CONTINUOUS
10
0.1158651968503937
20
0.3079142913385827
11
0.1160433070866142
21
0.3061061417322835
0
LINE
8
BLACK
6
CONTINUOUS
10
0.1160433070866142
20
0.3061061417322835
11
0.1158690157480315
21
0.3055697637795275
0
LINE
8
BLACK
6
CONTINUOUS
10
0.1158690157480315
20
0.3055697637795275
11
0.1160400787401575
21
0.199816811023622
0
LINE
8
BLACK
6
CONTINUOUS
10
0.1160400787401575
20
0.199816811023622
11
0.1160433070866142
21
0.1998069291338583
0
LINE
8
BLACK
6
CONTINUOUS
10
0.1160433070866142
20
0.1998069291338583
11
0.116040157480315
21
0.1997751181102362
0
LINE
8
BLACK
6
CONTINUOUS
10
0.116040157480315
20
0.1997751181102362
11
0.1160433070866142
21
0.1978384251968504
0
LINE
8
BLACK
6
CONTINUOUS
10
0.1160433070866142
20
0.1978384251968504
11
0.1158635039370079
21
0.1969344488188976
0
LINE
8
BLACK
6
CONTINUOUS
10
0.1158635039370079
20
0.1969344488188976
11
0.115749094488189
21
0.1968200787401575
0
LINE
8
BLACK
6
CONTINUOUS
10
0.115749094488189
20
0.1968200787401575
11
0.1154683858267717
21
0.1939695669291339
0
LINE
8
BLACK
6
CONTINUOUS
10
0.1154683858267717
20
0.1939695669291339
11
0.1137656692913386
21
0.1883565748031496
0
LINE
8
BLACK
6
CONTINUOUS
10
0.1137656692913386
20
0.1883565748031496
11
0.1110006692913386
21
0.1831835826771654
0
LINE
8
BLACK
6
CONTINUOUS
10
0.1110006692913386
20
0.1831835826771654
11
0.1072795669291339
21
0.1786494094488189
0
LINE
8
BLACK
6
CONTINUOUS
10
0.1072795669291339
20
0.1786494094488189
11
0.1027453937007874
21
0.1749283070866142
0
LINE
8
BLACK
6
CONTINUOUS
10
0.1027453937007874
20
0.1749283070866142
11
0.0975724015748032
21
0.1721633070866142
0
LINE
8
BLACK
6
CONTINUOUS
10
0.0975724015748032
20
0.1721633070866142
11
0.0919594094488189
21
0.1704605905511811
0
LINE
8
BLACK
6
CONTINUOUS
10
0.0919594094488189
20
0.1704605905511811
11
0.0861220472440945
21
0.1698856692913386
0
LINE
8
BLACK
6
CONTINUOUS
10
0.0861220472440945
20
0.1698856692913386
11
0.0856008267716535
21
0.1700550393700787
0
LINE
8
BLACK
6
CONTINUOUS
10
0.0856008267716535
20
0.1700550393700787
11
0.0625
21
0.1698856692913386
0
LINE
8
BLACK
6
CONTINUOUS
10
0.0625
20
0.1698856692913386
11
0.0566626377952756
21
0.1704605905511811
0
LINE
8
BLACK
6
CONTINUOUS
10
0.0566626377952756
20
0.1704605905511811
11
0.0510496456692913
21
0.1721633070866142
0
LINE
8
BLACK
6
CONTINUOUS
10
0.0510496456692913
20
0.1721633070866142
11
0.0458766535433071
21
0.1749283070866142
0
LINE
8
BLACK
6
CONTINUOUS
10
0.0458766535433071
20
0.1749283070866142
11
0.0413424803149606
21
0.1786494094488189
0
LINE
8
BLACK
6
CONTINUOUS
10
0.0413424803149606
20
0.1786494094488189
11
0.0376213779527559
21
0.1831835826771654
0
LINE
8
BLACK
6
CONTINUOUS
10
0.0376213779527559
20
0.1831835826771654
11
0.0348563779527559
21
0.1883565748031496
0
LINE
8
BLACK
6
CONTINUOUS
10
0.0348563779527559
20
0.1883565748031496
11
0.0331536614173228
21
0.1939695669291339
0
LINE
8
BLACK
6
CONTINUOUS
10
0.0331536614173228
20
0.1939695669291339
11
0.0328729133858268
21
0.1968200787401575
0
LINE
8
BLACK
6
CONTINUOUS
10
0.0328729133858268
20
0.1968200787401575
11
0.0327585433070866
21
0.1969344488188976
0
LINE
8
BLACK
6
CONTINUOUS
10
0.0327585433070866
20
0.1969344488188976
11
0.032756811023622
21
0.1979988188976378
0
LINE
8
BLACK
6
CONTINUOUS
10
0.032756811023622
20
0.1979988188976378
11
0.0325787401574803
21
0.1998069291338583
0
LINE
8
BLACK
6
CONTINUOUS
10
0.0325787401574803
20
0.1998069291338583
11
0.0327529921259843
21
0.2003433464566929
0
LINE
8
BLACK
6
CONTINUOUS
10
0.0327529921259843
20
0.2003433464566929
11
0.0325819291338583
21
0.3060962992125984
0
LINE
8
BLACK
6
CONTINUOUS
10
0.0325819291338583
20
0.3060962992125984
11
0.0325787401574803
21
0.3061061417322835
0
LINE
8
BLACK
6
CONTINUOUS
10
0.0325787401574803
20
0.3061061417322835
11
0.0325818503937008
21
0.3061379921259842
0
LINE
8
BLACK
6
CONTINUOUS
10
0.0325818503937008
20
0.3061379921259842
11
0.0325787401574803
21
0.3080746456692913
0
LINE
8
BLACK
6
CONTINUOUS
10
0.0325787401574803
20
0.3080746456692913
11
0.0327585433070866
21
0.3089786220472441
0
LINE
8
BLACK
6
CONTINUOUS
10
0.0327585433070866
20
0.3089786220472441
11
0.0328729133858268
21
0.309093031496063
0
LINE
8
BLACK
6
CONTINUOUS
10
0.0328729133858268
20
0.309093031496063
11
0.0331536614173228
21
0.3119435039370079
0
LINE
8
BLACK
6
CONTINUOUS
10
0.0331536614173228
20
0.3119435039370079
11
0.0348563779527559
21
0.3175564960629921
0
LINE
8
BLACK
6
CONTINUOUS
10
0.0348563779527559
20
0.3175564960629921
11
0.0376213779527559
21
0.3227294881889763
0
LINE
8
BLACK
6
CONTINUOUS
10
0.0376213779527559
20
0.3227294881889763
11
0.0413424803149606
21
0.3272636614173228
0
LINE
8
BLACK
6
CONTINUOUS
10
0.0413424803149606
20
0.3272636614173228
11
0.0458766535433071
21
0.3309847637795276
0
LINE
8
BLACK
6
CONTINUOUS
10
0.0458766535433071
20
0.3309847637795276
11
0.0510496456692913
21
0.3337497637795275
0
LINE
8
BLACK
6
CONTINUOUS
10
0.0510496456692913
20
0.3337497637795275
11
0.0566626377952756
21
0.3354524803149606
0
LINE
8
BLACK
6
CONTINUOUS
10
0.0566626377952756
20
0.3354524803149606
11
0.0625
21
0.3360274015748032
0
LINE
8
BLACK
6
CONTINUOUS
10
0.0625
20
0.3360274015748032
11
0.0630211811023622
21
0.3358580708661417
0
LINE
8
BLACK
6
CONTINUOUS
10
0.0630211811023622
20
0.3358580708661417
11
0.0861220472440945
21
0.3360274015748032
0
LINE
8
BLACK
6
CONTINUOUS
10
0.0861220472440945
20
0.3360274015748032
11
0.0919594094488189
21
0.3354524803149606
0
LINE
8
BLACK
6
CONTINUOUS
10
0.0625
20
0.3313029921259842
11
0.0596609842519685
21
0.3313029921259842
0
LINE
8
BLACK
6
CONTINUOUS
10
0.0596609842519685
20
0.3313029921259842
11
0.0541253543307087
21
0.3300395275590551
0
LINE
8
BLACK
6
CONTINUOUS
10
0.0541253543307087
20
0.3300395275590551
11
0.0490096456692913
21
0.3275759448818897
0
LINE
8
BLACK
6
CONTINUOUS
10
0.0490096456692913
20
0.3275759448818897
11
0.0445703937007874
21
0.324035748031496
0
LINE
8
BLACK
6
CONTINUOUS
10
0.0445703937007874
20
0.324035748031496
11
0.0410301968503937
21
0.3195964960629921
0
LINE
8
BLACK
6
CONTINUOUS
10
0.0410301968503937
20
0.3195964960629921
11
0.0385666141732283
21
0.3144807874015748
0
LINE
8
BLACK
6
CONTINUOUS
10
0.0385666141732283
20
0.3144807874015748
11
0.0373031496062992
21
0.308945157480315
0
LINE
8
BLACK
6
CONTINUOUS
10
0.0373031496062992
20
0.308945157480315
11
0.0373031496062992
21
0.3061061417322835
0
LINE
8
BLACK
6
CONTINUOUS
10
0.0373031496062992
20
0.3061061417322835
11
0.0371288582677165
21
0.3055697637795275
0
LINE
8
BLACK
6
CONTINUOUS
10
0.0371288582677165
20
0.3055697637795275
11
0.0372999212598425
21
0.199816811023622
0
LINE
8
BLACK
6
CONTINUOUS
10
0.0372999212598425
20
0.199816811023622
11
0.0373031496062992
21
0.1998069291338583
0
LINE
8
BLACK
6
CONTINUOUS
10
0.0373031496062992
20
0.1998069291338583
11
0.0373031496062992
21
0.1969679133858268
0
LINE
8
BLACK
6
CONTINUOUS
10
0.0373031496062992
20
0.1969679133858268
11
0.0385666141732283
21
0.1914322834645669
0
LINE
8
BLACK
6
CONTINUOUS
10
0.0385666141732283
20
0.1914322834645669
11
0.0410301968503937
21
0.1863165748031496
0
LINE
8
BLACK
6
CONTINUOUS
10
0.0410301968503937
20
0.1863165748031496
11
0.0445703937007874
21
0.1818773228346457
0
LINE
8
BLACK
6
CONTINUOUS
10
0.0445703937007874
20
0.1818773228346457
11
0.0490096456692913
21
0.178337125984252
0
LINE
8
BLACK
6
CONTINUOUS
10
0.0490096456692913
20
0.178337125984252
11
0.0541253543307087
21
0.1758735433070866
0
LINE
8
BLACK
6
CONTINUOUS
10
0.0541253543307087
20
0.1758735433070866
11
0.0596609842519685
21
0.1746100787401575
0
LINE
8
BLACK
6
CONTINUOUS
10
0.0596609842519685
20
0.1746100787401575
11
0.0625
21
0.1746100787401575
0
LINE
8
BLACK
6
CONTINUOUS
10
0.0625
20
0.1746100787401575
11
0.0630211811023622
21
0.1744407480314961
0
LINE
8
BLACK
6
CONTINUOUS
10
0.0630211811023622
20
0.1744407480314961
11
0.0861220472440945
21
0.1746100787401575
0
LINE
8
BLACK
6
CONTINUOUS
10
0.0861220472440945
20
0.1746100787401575
11
0.088961062992126
21
0.1746100787401575
0
LINE
8
BLACK
6
CONTINUOUS
10
0.088961062992126
20
0.1746100787401575
11
0.0944966929133858
21
0.1758735433070866
0
LINE
8
BLACK
6
CONTINUOUS
10
0.0944966929133858
20
0.1758735433070866
11
0.0996124015748032
21
0.178337125984252
0
LINE
8
BLACK
6
CONTINUOUS
10
0.0996124015748032
20
0.178337125984252
11
0.1040516535433071
21
0.1818773228346457
0
LINE
8
BLACK
6
CONTINUOUS
10
0.1040516535433071
20
0.1818773228346457
11
0.1075918503937008
21
0.1863165748031496
0
LINE
8
BLACK
6
CONTINUOUS
10
0.1075918503937008
20
0.1863165748031496
11
0.1100554330708661
21
0.1914322834645669
0
LINE
8
BLACK
6
CONTINUOUS
10
0.1100554330708661
20
0.1914322834645669
11
0.1113188976377953
21
0.1969679133858268
0
LINE
8
BLACK
6
CONTINUOUS
10
0.1113188976377953
20
0.1969679133858268
11
0.1113188976377953
21
0.1998069291338583
0
LINE
8
BLACK
6
CONTINUOUS
10
0.1113188976377953
20
0.1998069291338583
11
0.1114931496062992
21
0.2003433464566929
0
LINE
8
BLACK
6
CONTINUOUS
10
0.1114931496062992
20
0.2003433464566929
11
0.1113220866141732
21
0.3060962992125984
0
LINE
8
BLACK
6
CONTINUOUS
10
0.1113220866141732
20
0.3060962992125984
11
0.1113188976377953
21
0.3061061417322835
0
LINE
8
BLACK
6
CONTINUOUS
10
0.1113188976377953
20
0.3061061417322835
11
0.1113188976377953
21
0.308945157480315
0
LINE
8
BLACK
6
CONTINUOUS
10
0.1113188976377953
20
0.308945157480315
11
0.1100554330708661
21
0.3144807874015748
0
LINE
8
BLACK
6
CONTINUOUS
10
0.1100554330708661
20
0.3144807874015748
11
0.1075918503937008
21
0.3195964960629921
0
LINE
8
BLACK
6
CONTINUOUS
10
0.1075918503937008
20
0.3195964960629921
11
0.1040516535433071
21
0.324035748031496
0
LINE
8
BLACK
6
CONTINUOUS
10
0.1040516535433071
20
0.324035748031496
11
0.0996124015748032
21
0.3275759448818897
0
LINE
8
BLACK
6
CONTINUOUS
10
0.0996124015748032
20
0.3275759448818897
11
0.0944966929133858
21
0.3300395275590551
0
LINE
8
BLACK
6
CONTINUOUS
10
0.0944966929133858
20
0.3300395275590551
11
0.088961062992126
21
0.3313029921259842
0
LINE
8
BLACK
6
CONTINUOUS
10
0.088961062992126
20
0.3313029921259842
11
0.0861220472440945
21
0.3313029921259842
0
LINE
8
BLACK
6
CONTINUOUS
10
0.0861220472440945
20
0.3313029921259842
11
0.0856008267716535
21
0.3314723622047244
0
LINE
8
BLACK
6
CONTINUOUS
10
0.0856008267716535
20
0.3314723622047244
11
0.0625
21
0.3313029921259842
0
LINE
8
BLACK
6
CONTINUOUS
10
-0.107048779527559
20
0.2035641338582677
11
-0.1057703543307087
21
0.2022857086614173
0
LINE
8
BLACK
6
CONTINUOUS
10
-0.1057703543307087
20
0.2022857086614173
11
-0.1057703543307087
21
0.2004777559055118
0
LINE
8
BLACK
6
CONTINUOUS
10
-0.1057703543307087
20
0.2004777559055118
11
-0.107048779527559
21
0.1991993307086614
0
LINE
8
BLACK
6
CONTINUOUS
10
-0.107048779527559
20
0.1991993307086614
11
-0.1394488188976378
21
0.1990195275590551
0
LINE
8
BLACK
6
CONTINUOUS
10
-0.1394488188976378
20
0.1990195275590551
11
-0.1403303149606299
21
0.1991948818897638
0
LINE
8
BLACK
6
CONTINUOUS
10
-0.1403303149606299
20
0.1991948818897638
11
-0.2103149606299212
21
0.1990195275590551
0
LINE
8
BLACK
6
CONTINUOUS
10
-0.2103149606299212
20
0.1990195275590551
11
-0.211218937007874
21
0.1991993307086614
0
LINE
8
BLACK
6
CONTINUOUS
10
-0.211218937007874
20
0.1991993307086614
11
-0.2124973622047244
21
0.2004777559055118
0
LINE
8
BLACK
6
CONTINUOUS
10
-0.2124973622047244
20
0.2004777559055118
11
-0.2124973622047244
21
0.2022857086614173
0
LINE
8
BLACK
6
CONTINUOUS
10
-0.2124973622047244
20
0.2022857086614173
11
-0.211218937007874
21
0.2035641338582677
0
LINE
8
BLACK
6
CONTINUOUS
10
-0.211218937007874
20
0.2035641338582677
11
-0.1394488188976378
21
0.203743937007874
0
LINE
8
BLACK
6
CONTINUOUS
10
-0.1394488188976378
20
0.203743937007874
11
-0.138593937007874
21
0.2035738976377953
0
LINE
8
BLACK
6
CONTINUOUS
10
-0.138593937007874
20
0.2035738976377953
11
-0.1079527559055118
21
0.203743937007874
0
LINE
8
BLACK
6
CONTINUOUS
10
-0.1079527559055118
20
0.203743937007874
11
-0.107048779527559
21
0.2035641338582677
0
LINE
8
BLACK
6
CONTINUOUS
10
0.4063558267716535
20
0.2454262992125984
11
0.4068322834645669
21
0.2439970078740157
0
LINE
8
BLACK
6
CONTINUOUS
10
0.4068322834645669
20
0.2439970078740157
11
0.4051875984251969
21
0.2403839763779528
0
LINE
8
BLACK
6
CONTINUOUS
10
0.4051875984251969
20
0.2403839763779528
11
0.4051875984251969
21
0.2403835826771653
0
LINE
8
BLACK
6
CONTINUOUS
10
0.4051875984251969
20
0.2403835826771653
11
0.4051872440944882
21
0.2403832283464567
0
LINE
8
BLACK
6
CONTINUOUS
10
0.4051872440944882
20
0.2403832283464567
11
0.4051296062992126
21
0.2402565748031496
0
LINE
8
BLACK
6
CONTINUOUS
10
0.4051296062992126
20
0.2402565748031496
11
0.4046587007874016
21
0.2396498031496063
0
LINE
8
BLACK
6
CONTINUOUS
10
0.4046587007874016
20
0.2396498031496063
11
0.4044223228346457
21
0.2395710236220472
0
LINE
8
BLACK
6
CONTINUOUS
10
0.4044223228346457
20
0.2395710236220472
11
0.4019899606299213
21
0.2369882677165354
0
LINE
8
BLACK
6
CONTINUOUS
10
0.4019899606299213
20
0.2369882677165354
11
0.4254536614173228
21
0.2370972834645669
0
LINE
8
BLACK
6
CONTINUOUS
10
0.4254536614173228
20
0.2370972834645669
11
0.4253974409448819
21
0.2441365354330709
0
LINE
8
BLACK
6
CONTINUOUS
10
0.4253974409448819
20
0.2441365354330709
11
0.4255472834645669
21
0.244889842519685
0
LINE
8
BLACK
6
CONTINUOUS
10
0.4255472834645669
20
0.244889842519685
11
0.4266126377952756
21
0.2459551968503937
0
LINE
8
BLACK
6
CONTINUOUS
10
0.4266126377952756
20
0.2459551968503937
11
0.4281192519685039
21
0.2459551968503937
0
LINE
8
BLACK
6
CONTINUOUS
10
0.4281192519685039
20
0.2459551968503937
11
0.4291846062992126
21
0.244889842519685
0
LINE
8
BLACK
6
CONTINUOUS
10
0.4291846062992126
20
0.244889842519685
11
0.4293344488188977
21
0.226138779527559
0
LINE
8
BLACK
6
CONTINUOUS
10
0.4293344488188977
20
0.226138779527559
11
0.4291846062992126
21
0.2253854724409449
0
LINE
8
BLACK
6
CONTINUOUS
10
0.4291846062992126
20
0.2253854724409449
11
0.4281192519685039
21
0.2243201181102362
0
LINE
8
BLACK
6
CONTINUOUS
10
0.4281192519685039
20
0.2243201181102362
11
0.4266126377952756
21
0.2243201181102362
0
LINE
8
BLACK
6
CONTINUOUS
10
0.4266126377952756
20
0.2243201181102362
11
0.4255472834645669
21
0.2253854724409449
0
LINE
8
BLACK
6
CONTINUOUS
10
0.4255472834645669
20
0.2253854724409449
11
0.4254839763779528
21
0.2333067322834646
0
LINE
8
BLACK
6
CONTINUOUS
10
0.4254839763779528
20
0.2333067322834646
11
0.3958698818897638
21
0.2331691338582677
0
LINE
8
BLACK
6
CONTINUOUS
10
0.3958698818897638
20
0.2331691338582677
11
0.3951165748031496
21
0.2333189763779528
0
LINE
8
BLACK
6
CONTINUOUS
10
0.3951165748031496
20
0.2333189763779528
11
0.3949732283464567
21
0.2334623228346457
0
LINE
8
BLACK
6
CONTINUOUS
10
0.3949732283464567
20
0.2334623228346457
11
0.3947745275590551
21
0.2335020472440945
0
LINE
8
BLACK
6
CONTINUOUS
10
0.3947745275590551
20
0.2335020472440945
11
0.3944565354330709
21
0.2339790157480315
0
LINE
8
BLACK
6
CONTINUOUS
10
0.3944565354330709
20
0.2339790157480315
11
0.394051220472441
21
0.2343843307086614
0
LINE
8
BLACK
6
CONTINUOUS
10
0.394051220472441
20
0.2343843307086614
11
0.394051220472441
21
0.2345870078740157
0
LINE
8
BLACK
6
CONTINUOUS
10
0.394051220472441
20
0.2345870078740157
11
0.3939388188976378
21
0.2347555905511811
0
LINE
8
BLACK
6
CONTINUOUS
10
0.3939388188976378
20
0.2347555905511811
11
0.394051220472441
21
0.2353176377952756
0
LINE
8
BLACK
6
CONTINUOUS
10
0.394051220472441
20
0.2353176377952756
11
0.394051220472441
21
0.2358909448818897
0
LINE
8
BLACK
6
CONTINUOUS
10
0.394051220472441
20
0.2358909448818897
11
0.3941945275590551
21
0.2360342913385827
0
LINE
8
BLACK
6
CONTINUOUS
10
0.3941945275590551
20
0.2360342913385827
11
0.3942342913385827
21
0.2362329921259843
0
LINE
8
BLACK
6
CONTINUOUS
10
0.3942342913385827
20
0.2362329921259843
11
0.3947684251968504
21
0.2366081889763779
0
LINE
8
BLACK
6
CONTINUOUS
10
0.3947684251968504
20
0.2366081889763779
11
0.3951165748031496
21
0.2369562992125984
0
LINE
8
BLACK
6
CONTINUOUS
10
0.3951165748031496
20
0.2369562992125984
11
0.3952650393700787
21
0.2369570078740157
0
LINE
8
BLACK
6
CONTINUOUS
10
0.3952650393700787
20
0.2369570078740157
11
0.3992773622047244
21
0.2397751574803149
0
LINE
8
BLACK
6
CONTINUOUS
10
0.3992773622047244
20
0.2397751574803149
11
0.3994512992125984
21
0.2398470078740157
0
LINE
8
BLACK
6
CONTINUOUS
10
0.3994512992125984
20
0.2398470078740157
11
0.401974094488189
21
0.2425257874015748
0
LINE
8
BLACK
6
CONTINUOUS
10
0.401974094488189
20
0.2425257874015748
11
0.4031080708661417
21
0.2450168897637795
0
LINE
8
BLACK
6
CONTINUOUS
10
0.4031080708661417
20
0.2450168897637795
11
0.4035789763779528
21
0.2456236220472441
0
LINE
8
BLACK
6
CONTINUOUS
10
0.4035789763779528
20
0.2456236220472441
11
0.4050082677165354
21
0.2461000787401575
0
LINE
8
BLACK
6
CONTINUOUS
10
0.4050082677165354
20
0.2461000787401575
11
0.4063558267716535
21
0.2454262992125984
0
LINE
8
BLACK
6
CONTINUOUS
10
0.1532453937007874
20
0.2667370472440945
11
0.1534251968503937
21
0.2479540157480315
0
LINE
8
BLACK
6
CONTINUOUS
10
0.1534251968503937
20
0.2479540157480315
11
0.1532453937007874
21
0.2470500393700787
0
LINE
8
BLACK
6
CONTINUOUS
10
0.1532453937007874
20
0.2470500393700787
11
0.151966968503937
21
0.2457716141732283
0
LINE
8
BLACK
6
CONTINUOUS
10
0.151966968503937
20
0.2457716141732283
11
0.1501590157480315
21
0.2457716141732283
0
LINE
8
BLACK
6
CONTINUOUS
10
0.1501590157480315
20
0.2457716141732283
11
0.1488805905511811
21
0.2470500393700787
0
LINE
8
BLACK
6
CONTINUOUS
10
0.1488805905511811
20
0.2470500393700787
11
0.1487007874015748
21
0.2658330708661417
0
LINE
8
BLACK
6
CONTINUOUS
10
0.1487007874015748
20
0.2658330708661417
11
0.1488805905511811
21
0.2667370472440945
0
LINE
8
BLACK
6
CONTINUOUS
10
0.1488805905511811
20
0.2667370472440945
11
0.1501590157480315
21
0.2680154724409449
0
LINE
8
BLACK
6
CONTINUOUS
10
0.1501590157480315
20
0.2680154724409449
11
0.151966968503937
21
0.2680154724409449
0
LINE
8
BLACK
6
CONTINUOUS
10
0.151966968503937
20
0.2680154724409449
11
0.1532453937007874
21
0.2667370472440945
0
LINE
8
BLACK
6
CONTINUOUS
10
0.2111194094488189
20
0.2667370472440945
11
0.2112992125984252
21
0.2479540157480315
0
LINE
8
BLACK
6
CONTINUOUS
10
0.2112992125984252
20
0.2479540157480315
11
0.2111194094488189
21
0.2470500393700787
0
LINE
8
BLACK
6
CONTINUOUS
10
0.2111194094488189
20
0.2470500393700787
11
0.2098409842519685
21
0.2457716141732283
0
LINE
8
BLACK
6
CONTINUOUS
10
0.2098409842519685
20
0.2457716141732283
11
0.208033031496063
21
0.2457716141732283
0
LINE
8
BLACK
6
CONTINUOUS
10
0.208033031496063
20
0.2457716141732283
11
0.2067546062992126
21
0.2470500393700787
0
LINE
8
BLACK
6
CONTINUOUS
10
0.2067546062992126
20
0.2470500393700787
11
0.2065748031496063
21
0.2658330708661417
0
LINE
8
BLACK
6
CONTINUOUS
10
0.2065748031496063
20
0.2658330708661417
11
0.2067546062992126
21
0.2667370472440945
0
LINE
8
BLACK
6
CONTINUOUS
10
0.2067546062992126
20
0.2667370472440945
11
0.208033031496063
21
0.2680154724409449
0
LINE
8
BLACK
6
CONTINUOUS
10
0.208033031496063
20
0.2680154724409449
11
0.2098409842519685
21
0.2680154724409449
0
LINE
8
BLACK
6
CONTINUOUS
10
0.2098409842519685
20
0.2680154724409449
11
0.2111194094488189
21
0.2667370472440945
0
LINE
8
BLACK
6
CONTINUOUS
10
0.327891062992126
20
0.2667370472440945
11
0.3280708661417323
21
0.2479540157480315
0
LINE
8
BLACK
6
CONTINUOUS
10
0.3280708661417323
20
0.2479540157480315
11
0.327891062992126
21
0.2470500393700787
0
LINE
8
BLACK
6
CONTINUOUS
10
0.327891062992126
20
0.2470500393700787
11
0.3266126377952756
21
0.2457716141732283
0
LINE
8
BLACK
6
CONTINUOUS
10
0.3266126377952756
20
0.2457716141732283
11
0.32480468503937
21
0.2457716141732283
0
LINE
8
BLACK
6
CONTINUOUS
10
0.32480468503937
20
0.2457716141732283
11
0.3235262598425197
21
0.2470500393700787
0
LINE
8
BLACK
6
CONTINUOUS
10
0.3235262598425197
20
0.2470500393700787
11
0.3233464566929134
21
0.2658330708661417
0
LINE
8
BLACK
6
CONTINUOUS
10
0.3233464566929134
20
0.2658330708661417
11
0.3235262598425197
21
0.2667370472440945
0
LINE
8
BLACK
6
CONTINUOUS
10
0.3235262598425197
20
0.2667370472440945
11
0.32480468503937
21
0.2680154724409449
0
LINE
8
BLACK
6
CONTINUOUS
10
0.32480468503937
20
0.2680154724409449
11
0.3266126377952756
21
0.2680154724409449
0
LINE
8
BLACK
6
CONTINUOUS
10
0.3266126377952756
20
0.2680154724409449
11
0.327891062992126
21
0.2667370472440945
0
LINE
8
BLACK
6
CONTINUOUS
10
0.3857650787401575
20
0.2667370472440945
11
0.3859448818897638
21
0.2479540157480315
0
LINE
8
BLACK
6
CONTINUOUS
10
0.3859448818897638
20
0.2479540157480315
11
0.3857650787401575
21
0.2470500393700787
0
LINE
8
BLACK
6
CONTINUOUS
10
0.3857650787401575
20
0.2470500393700787
11
0.3844866535433071
21
0.2457716141732283
0
LINE
8
BLACK
6
CONTINUOUS
10
0.3844866535433071
20
0.2457716141732283
11
0.3826787007874016
21
0.2457716141732283
0
LINE
8
BLACK
6
CONTINUOUS
10
0.3826787007874016
20
0.2457716141732283
11
0.3814002755905512
21
0.2470500393700787
0
LINE
8
BLACK
6
CONTINUOUS
10
0.3814002755905512
20
0.2470500393700787
11
0.3812204724409449
21
0.2658330708661417
0
LINE
8
BLACK
6
CONTINUOUS
10
0.3812204724409449
20
0.2658330708661417
11
0.3814002755905512
21
0.2667370472440945
0
LINE
8
BLACK
6
CONTINUOUS
10
0.3814002755905512
20
0.2667370472440945
11
0.3826787007874016
21
0.2680154724409449
0
LINE
8
BLACK
6
CONTINUOUS
10
0.3826787007874016
20
0.2680154724409449
11
0.3844866535433071
21
0.2680154724409449
0
LINE
8
BLACK
6
CONTINUOUS
10
0.3844866535433071
20
0.2680154724409449
11
0.3857650787401575
21
0.2667370472440945
0
LINE
8
BLACK
6
CONTINUOUS
10
0.2494264960629921
20
0.2633321653543307
11
0.2496062992125984
21
0.2513588976377953
0
LINE
8
BLACK
6
CONTINUOUS
10
0.2496062992125984
20
0.2513588976377953
11
0.2494264960629921
21
0.2504549212598425
0
LINE
8
BLACK
6
CONTINUOUS
10
0.2494264960629921
20
0.2504549212598425
11
0.2481480708661417
21
0.2491764960629921
0
LINE
8
BLACK
6
CONTINUOUS
10
0.2481480708661417
20
0.2491764960629921
11
0.2463401181102362
21
0.2491764960629921
0
LINE
8
BLACK
6
CONTINUOUS
10
0.2463401181102362
20
0.2491764960629921
11
0.2450616929133858
21
0.2504549212598425
0
LINE
8
BLACK
6
CONTINUOUS
10
0.2450616929133858
20
0.2504549212598425
11
0.2448818897637795
21
0.2624281889763779
0
LINE
8
BLACK
6
CONTINUOUS
10
0.2448818897637795
20
0.2624281889763779
11
0.2450616929133858
21
0.2633321653543307
0
LINE
8
BLACK
6
CONTINUOUS
10
0.2450616929133858
20
0.2633321653543307
11
0.2463401181102362
21
0.2646105905511811
0
LINE
8
BLACK
6
CONTINUOUS
10
0.2463401181102362
20
0.2646105905511811
11
0.2481480708661417
21
0.2646105905511811
0
LINE
8
BLACK
6
CONTINUOUS
10
0.2481480708661417
20
0.2646105905511811
11
0.2494264960629921
21
0.2633321653543307
0
LINE
8
BLACK
6
CONTINUOUS
10
0.2895839763779527
20
0.2633321653543307
11
0.2897637795275591
21
0.2513588976377953
0
LINE
8
BLACK
6
CONTINUOUS
10
0.2897637795275591
20
0.2513588976377953
11
0.2895839763779527
21
0.2504549212598425
0
LINE
8
BLACK
6
CONTINUOUS
10
0.2895839763779527
20
0.2504549212598425
11
0.2883055511811023
21
0.2491764960629921
0
LINE
8
BLACK
6
CONTINUOUS
10
0.2883055511811023
20
0.2491764960629921
11
0.2864975984251968
21
0.2491764960629921
0
LINE
8
BLACK
6
CONTINUOUS
10
0.2864975984251968
20
0.2491764960629921
11
0.2852191732283464
21
0.2504549212598425
0
LINE
8
BLACK
6
CONTINUOUS
10
0.2852191732283464
20
0.2504549212598425
11
0.2850393700787401
21
0.2624281889763779
0
LINE
8
BLACK
6
CONTINUOUS
10
0.2850393700787401
20
0.2624281889763779
11
0.2852191732283464
21
0.2633321653543307
0
LINE
8
BLACK
6
CONTINUOUS
10
0.2852191732283464
20
0.2633321653543307
11
0.2864975984251968
21
0.2646105905511811
0
LINE
8
BLACK
6
CONTINUOUS
10
0.2864975984251968
20
0.2646105905511811
11
0.2883055511811023
21
0.2646105905511811
0
LINE
8
BLACK
6
CONTINUOUS
10
0.2883055511811023
20
0.2646105905511811
11
0.2895839763779527
21
0.2633321653543307
0
LINE
8
BLACK
6
CONTINUOUS
10
0.4281192519685039
20
0.2759514173228346
11
0.4291846062992126
21
0.274886062992126
0
LINE
8
BLACK
6
CONTINUOUS
10
0.4291846062992126
20
0.274886062992126
11
0.4291846062992126
21
0.2733794488188976
0
LINE
8
BLACK
6
CONTINUOUS
10
0.4291846062992126
20
0.2733794488188976
11
0.4281192519685039
21
0.272314094488189
0
LINE
8
BLACK
6
CONTINUOUS
10
0.4281192519685039
20
0.272314094488189
11
0.4142174015748031
21
0.2722495275590551
0
LINE
8
BLACK
6
CONTINUOUS
10
0.4142174015748031
20
0.2722495275590551
11
0.4142727952755905
21
0.2675374015748032
0
LINE
8
BLACK
6
CONTINUOUS
10
0.4142727952755905
20
0.2675374015748032
11
0.4284948031496063
21
0.2577476771653543
0
LINE
8
BLACK
6
CONTINUOUS
10
0.4284948031496063
20
0.2577476771653543
11
0.4290259842519685
21
0.2571929133858268
0
LINE
8
BLACK
6
CONTINUOUS
10
0.4290259842519685
20
0.2571929133858268
11
0.4292878346456693
21
0.2557092125984252
0
LINE
8
BLACK
6
CONTINUOUS
10
0.4292878346456693
20
0.2557092125984252
11
0.4284238582677165
21
0.2544749212598425
0
LINE
8
BLACK
6
CONTINUOUS
10
0.4284238582677165
20
0.2544749212598425
11
0.4269401181102362
21
0.2542131102362205
0
LINE
8
BLACK
6
CONTINUOUS
10
0.4269401181102362
20
0.2542131102362205
11
0.4143273228346457
21
0.2628951181102362
0
LINE
8
BLACK
6
CONTINUOUS
10
0.4143273228346457
20
0.2628951181102362
11
0.4143362992125984
21
0.2621342519685039
0
LINE
8
BLACK
6
CONTINUOUS
10
0.4143362992125984
20
0.2621342519685039
11
0.4143170472440945
21
0.2620375590551181
0
LINE
8
BLACK
6
CONTINUOUS
10
0.4143170472440945
20
0.2620375590551181
11
0.4143313385826772
21
0.2619946850393701
0
LINE
8
BLACK
6
CONTINUOUS
10
0.4143313385826772
20
0.2619946850393701
11
0.4142908267716535
21
0.2619057480314961
0
LINE
8
BLACK
6
CONTINUOUS
10
0.4142908267716535
20
0.2619057480314961
11
0.4141864566929134
21
0.2613809448818897
0
LINE
8
BLACK
6
CONTINUOUS
10
0.4141864566929134
20
0.2613809448818897
11
0.4139395669291339
21
0.261134094488189
0
LINE
8
BLACK
6
CONTINUOUS
10
0.4139395669291339
20
0.261134094488189
11
0.4126866535433071
21
0.2583816929133858
0
LINE
8
BLACK
6
CONTINUOUS
10
0.4126866535433071
20
0.2583816929133858
11
0.4126866535433071
21
0.2583812992125984
0
LINE
8
BLACK
6
CONTINUOUS
10
0.4126866535433071
20
0.2583812992125984
11
0.4126862598425197
21
0.258380905511811
0
LINE
8
BLACK
6
CONTINUOUS
10
0.4126862598425197
20
0.258380905511811
11
0.4126286614173229
21
0.2582542913385827
0
LINE
8
BLACK
6
CONTINUOUS
10
0.4126286614173229
20
0.2582542913385827
11
0.4121577559055118
21
0.2576475196850394
0
LINE
8
BLACK
6
CONTINUOUS
10
0.4121577559055118
20
0.2576475196850394
11
0.4119688188976378
21
0.2575845669291338
0
LINE
8
BLACK
6
CONTINUOUS
10
0.4119688188976378
20
0.2575845669291338
11
0.4108570866141732
21
0.2563505905511811
0
LINE
8
BLACK
6
CONTINUOUS
10
0.4108570866141732
20
0.2563505905511811
11
0.4108552755905512
21
0.2563450787401575
0
LINE
8
BLACK
6
CONTINUOUS
10
0.4108552755905512
20
0.2563450787401575
11
0.4108491338582677
21
0.2563417322834646
0
LINE
8
BLACK
6
CONTINUOUS
10
0.4108491338582677
20
0.2563417322834646
11
0.4107601181102362
21
0.2562429133858268
0
LINE
8
BLACK
6
CONTINUOUS
10
0.4107601181102362
20
0.2562429133858268
11
0.4101214960629921
21
0.2558161811023622
0
LINE
8
BLACK
6
CONTINUOUS
10
0.4101214960629921
20
0.2558161811023622
11
0.4098874015748031
21
0.2558161811023622
0
LINE
8
BLACK
6
CONTINUOUS
10
0.4098874015748031
20
0.2558161811023622
11
0.4072488976377953
21
0.2543743307086614
0
LINE
8
BLACK
6
CONTINUOUS
10
0.4072488976377953
20
0.2543743307086614
11
0.407153779527559
21
0.2543483070866142
0
LINE
8
BLACK
6
CONTINUOUS
10
0.407153779527559
20
0.2543483070866142
11
0.4071218503937008
21
0.2543163385826772
0
LINE
8
BLACK
6
CONTINUOUS
10
0.4071218503937008
20
0.2543163385826772
11
0.4070272834645669
21
0.2543136614173228
0
LINE
8
BLACK
6
CONTINUOUS
10
0.4070272834645669
20
0.2543136614173228
11
0.4065081102362205
21
0.2541714566929134
0
LINE
8
BLACK
6
CONTINUOUS
10
0.4065081102362205
20
0.2541714566929134
11
0.406156062992126
21
0.2542888188976378
0
LINE
8
BLACK
6
CONTINUOUS
10
0.406156062992126
20
0.2542888188976378
11
0.4018691338582677
21
0.2541664960629921
0
LINE
8
BLACK
6
CONTINUOUS
10
0.4018691338582677
20
0.2541664960629921
11
0.4017724015748032
21
0.2541857480314961
0
LINE
8
BLACK
6
CONTINUOUS
10
0.4017724015748032
20
0.2541857480314961
11
0.4017295669291339
21
0.2541714566929134
0
LINE
8
BLACK
6
CONTINUOUS
10
0.4017295669291339
20
0.2541714566929134
11
0.4016405905511811
21
0.254211968503937
0
LINE
8
BLACK
6
CONTINUOUS
10
0.4016405905511811
20
0.254211968503937
11
0.4011158267716535
21
0.2543163385826772
0
LINE
8
BLACK
6
CONTINUOUS
10
0.4011158267716535
20
0.2543163385826772
11
0.4008688976377953
21
0.2545632677165354
0
LINE
8
BLACK
6
CONTINUOUS
10
0.4008688976377953
20
0.2545632677165354
11
0.3981165354330709
21
0.2558161811023622
0
LINE
8
BLACK
6
CONTINUOUS
10
0.3981165354330709
20
0.2558161811023622
11
0.3981161417322834
21
0.2558161811023622
0
LINE
8
BLACK
6
CONTINUOUS
10
0.3981161417322834
20
0.2558161811023622
11
0.3981157086614173
21
0.2558165748031496
0
LINE
8
BLACK
6
CONTINUOUS
10
0.3981157086614173
20
0.2558165748031496
11
0.3979891338582677
21
0.2558741732283464
0
LINE
8
BLACK
6
CONTINUOUS
10
0.3979891338582677
20
0.2558741732283464
11
0.3973823622047244
21
0.2563450787401575
0
LINE
8
BLACK
6
CONTINUOUS
10
0.3973823622047244
20
0.2563450787401575
11
0.3973193700787401
21
0.2565340157480315
0
LINE
8
BLACK
6
CONTINUOUS
10
0.3973193700787401
20
0.2565340157480315
11
0.3960854724409449
21
0.2576456692913386
0
LINE
8
BLACK
6
CONTINUOUS
10
0.3960854724409449
20
0.2576456692913386
11
0.3960799212598425
21
0.2576475196850394
0
LINE
8
BLACK
6
CONTINUOUS
10
0.3960799212598425
20
0.2576475196850394
11
0.3960764960629921
21
0.2576537401574803
0
LINE
8
BLACK
6
CONTINUOUS
10
0.3960764960629921
20
0.2576537401574803
11
0.3959777559055118
21
0.2577427165354331
0
LINE
8
BLACK
6
CONTINUOUS
10
0.3959777559055118
20
0.2577427165354331
11
0.3955510236220472
21
0.2583813385826771
0
LINE
8
BLACK
6
CONTINUOUS
10
0.3955510236220472
20
0.2583813385826771
11
0.3955510236220472
21
0.2586154330708662
0
LINE
8
BLACK
6
CONTINUOUS
10
0.3955510236220472
20
0.2586154330708662
11
0.3941092125984252
21
0.2612538976377953
0
LINE
8
BLACK
6
CONTINUOUS
10
0.3941092125984252
20
0.2612538976377953
11
0.3940831496062992
21
0.2613490157480315
0
LINE
8
BLACK
6
CONTINUOUS
10
0.3940831496062992
20
0.2613490157480315
11
0.394051220472441
21
0.2613809448818897
0
LINE
8
BLACK
6
CONTINUOUS
10
0.394051220472441
20
0.2613809448818897
11
0.394050157480315
21
0.2614694881889764
0
LINE
8
BLACK
6
CONTINUOUS
10
0.394050157480315
20
0.2614694881889764
11
0.3939063385826772
21
0.2619946850393701
0
LINE
8
BLACK
6
CONTINUOUS
10
0.3939063385826772
20
0.2619946850393701
11
0.3940392913385827
21
0.2623936614173228
0
LINE
8
BLACK
6
CONTINUOUS
10
0.3940392913385827
20
0.2623936614173228
11
0.3939013779527559
21
0.2741327559055118
0
LINE
8
BLACK
6
CONTINUOUS
10
0.3939013779527559
20
0.2741327559055118
11
0.394051220472441
21
0.274886062992126
0
LINE
8
BLACK
6
CONTINUOUS
10
0.394051220472441
20
0.274886062992126
11
0.3951165748031496
21
0.2759514173228346
0
LINE
8
BLACK
6
CONTINUOUS
10
0.3951165748031496
20
0.2759514173228346
11
0.4273659448818898
21
0.2761012598425197
0
LINE
8
BLACK
6
CONTINUOUS
10
0.4273659448818898
20
0.2761012598425197
11
0.4281192519685039
21
0.2759514173228346
0
LINE
8
BLACK
6
CONTINUOUS
10
0.3977203937007874
20
0.272172874015748
11
0.3978354330708661
21
0.2623846850393701
0
LINE
8
BLACK
6
CONTINUOUS
10
0.3978354330708661
20
0.2623846850393701
11
0.3990972047244095
21
0.2600756299212598
0
LINE
8
BLACK
6
CONTINUOUS
10
0.3990972047244095
20
0.2600756299212598
11
0.4002580708661417
21
0.2590298031496063
0
LINE
8
BLACK
6
CONTINUOUS
10
0.4002580708661417
20
0.2590298031496063
11
0.4025332677165354
21
0.2579941338582677
0
LINE
8
BLACK
6
CONTINUOUS
10
0.4025332677165354
20
0.2579941338582677
11
0.4061099606299213
21
0.2580961417322835
0
LINE
8
BLACK
6
CONTINUOUS
10
0.4061099606299213
20
0.2580961417322835
11
0.4084272047244095
21
0.2593624015748032
0
LINE
8
BLACK
6
CONTINUOUS
10
0.4084272047244095
20
0.2593624015748032
11
0.4094729921259843
21
0.2605232677165354
0
LINE
8
BLACK
6
CONTINUOUS
10
0.4094729921259843
20
0.2605232677165354
11
0.4105318503937008
21
0.2628493307086614
0
LINE
8
BLACK
6
CONTINUOUS
10
0.4105318503937008
20
0.2628493307086614
11
0.410485
21
0.266837874015748
0
LINE
8
BLACK
6
CONTINUOUS
10
0.410485
20
0.266837874015748
11
0.410445905511811
21
0.2670594881889763
0
LINE
8
BLACK
6
CONTINUOUS
10
0.410445905511811
20
0.2670594881889763
11
0.4104817716535433
21
0.2671107874015748
0
LINE
8
BLACK
6
CONTINUOUS
10
0.4104817716535433
20
0.2671107874015748
11
0.4104216141732283
21
0.2722318897637795
0
LINE
8
BLACK
6
CONTINUOUS
10
0.4104216141732283
20
0.2722318897637795
11
0.3977203937007874
21
0.272172874015748
0
LINE
8
BLACK
6
CONTINUOUS
10
-0.0293924015748031
20
0.2731746850393701
11
-0.0292125984251968
21
0.2612014173228346
0
LINE
8
BLACK
6
CONTINUOUS
10
-0.0292125984251968
20
0.2612014173228346
11
-0.0293924015748031
21
0.2602974409448819
0
LINE
8
BLACK
6
CONTINUOUS
10
-0.0293924015748031
20
0.2602974409448819
11
-0.0306708267716535
21
0.2590190157480315
0
LINE
8
BLACK
6
CONTINUOUS
10
-0.0306708267716535
20
0.2590190157480315
11
-0.0324787795275591
21
0.2590190157480315
0
LINE
8
BLACK
6
CONTINUOUS
10
-0.0324787795275591
20
0.2590190157480315
11
-0.0337572047244094
21
0.2602974409448819
0
LINE
8
BLACK
6
CONTINUOUS
10
-0.0337572047244094
20
0.2602974409448819
11
-0.0339370078740157
21
0.2722707086614173
0
LINE
8
BLACK
6
CONTINUOUS
10
-0.0339370078740157
20
0.2722707086614173
11
-0.0337572047244094
21
0.2731746850393701
0
LINE
8
BLACK
6
CONTINUOUS
10
-0.0337572047244094
20
0.2731746850393701
11
-0.0324787795275591
21
0.2744531102362205
0
LINE
8
BLACK
6
CONTINUOUS
10
-0.0324787795275591
20
0.2744531102362205
11
-0.0306708267716535
21
0.2744531102362205
0
LINE
8
BLACK
6
CONTINUOUS
10
-0.0306708267716535
20
0.2744531102362205
11
-0.0293924015748031
21
0.2731746850393701
0
LINE
8
BLACK
6
CONTINUOUS
10
0.0107650787401575
20
0.2731746850393701
11
0.0109448818897638
21
0.2612014173228346
0
LINE
8
BLACK
6
CONTINUOUS
10
0.0109448818897638
20
0.2612014173228346
11
0.0107650787401575
21
0.2602974409448819
0
LINE
8
BLACK
6
CONTINUOUS
10
0.0107650787401575
20
0.2602974409448819
11
0.0094866535433071
21
0.2590190157480315
0
LINE
8
BLACK
6
CONTINUOUS
10
0.0094866535433071
20
0.2590190157480315
11
0.0076787007874016
21
0.2590190157480315
0
LINE
8
BLACK
6
CONTINUOUS
10
0.0076787007874016
20
0.2590190157480315
11
0.0064002755905512
21
0.2602974409448819
0
LINE
8
BLACK
6
CONTINUOUS
10
0.0064002755905512
20
0.2602974409448819
11
0.0062204724409449
21
0.2722707086614173
0
LINE
8
BLACK
6
CONTINUOUS
10
0.0062204724409449
20
0.2722707086614173
11
0.0064002755905512
21
0.2731746850393701
0
LINE
8
BLACK
6
CONTINUOUS
10
0.0064002755905512
20
0.2731746850393701
11
0.0076787007874016
21
0.2744531102362205
0
LINE
8
BLACK
6
CONTINUOUS
10
0.0076787007874016
20
0.2744531102362205
11
0.0094866535433071
21
0.2744531102362205
0
LINE
8
BLACK
6
CONTINUOUS
10
0.0094866535433071
20
0.2744531102362205
11
0.0107650787401575
21
0.2731746850393701
0
LINE
8
BLACK
6
CONTINUOUS
10
-0.4126685433070866
20
0.2739381496062992
11
-0.4113901181102362
21
0.2726597244094488
0
LINE
8
BLACK
6
CONTINUOUS
10
-0.4113901181102362
20
0.2726597244094488
11
-0.4113901181102362
21
0.2708517716535433
0
LINE
8
BLACK
6
CONTINUOUS
10
-0.4113901181102362
20
0.2708517716535433
11
-0.4126685433070866
21
0.2695733464566929
0
LINE
8
BLACK
6
CONTINUOUS
10
-0.4126685433070866
20
0.2695733464566929
11
-0.4322542519685039
21
0.2693935433070866
0
LINE
8
BLACK
6
CONTINUOUS
10
-0.4322542519685039
20
0.2693935433070866
11
-0.4331582283464567
21
0.2695733464566929
0
LINE
8
BLACK
6
CONTINUOUS
10
-0.4331582283464567
20
0.2695733464566929
11
-0.4344366535433071
21
0.2708517716535433
0
LINE
8
BLACK
6
CONTINUOUS
10
-0.4344366535433071
20
0.2708517716535433
11
-0.4344366535433071
21
0.2726597244094488
0
LINE
8
BLACK
6
CONTINUOUS
10
-0.4344366535433071
20
0.2726597244094488
11
-0.4331582283464567
21
0.2739381496062992
0
LINE
8
BLACK
6
CONTINUOUS
10
-0.4331582283464567
20
0.2739381496062992
11
-0.4135725196850394
21
0.2741179527559055
0
LINE
8
BLACK
6
CONTINUOUS
10
-0.4135725196850394
20
0.2741179527559055
11
-0.4126685433070866
21
0.2739381496062992
0
LINE
8
BLACK
6
CONTINUOUS
10
-0.2827472834645669
20
0.2739381496062992
11
-0.2814688582677165
21
0.2726597244094488
0
LINE
8
BLACK
6
CONTINUOUS
10
-0.2814688582677165
20
0.2726597244094488
11
-0.2814688582677165
21
0.2708517716535433
0
LINE
8
BLACK
6
CONTINUOUS
10
-0.2814688582677165
20
0.2708517716535433
11
-0.2827472834645669
21
0.2695733464566929
0
LINE
8
BLACK
6
CONTINUOUS
10
-0.2827472834645669
20
0.2695733464566929
11
-0.3023329921259842
21
0.2693935433070866
0
LINE
8
BLACK
6
CONTINUOUS
10
-0.3023329921259842
20
0.2693935433070866
11
-0.303236968503937
21
0.2695733464566929
0
LINE
8
BLACK
6
CONTINUOUS
10
-0.303236968503937
20
0.2695733464566929
11
-0.3045153937007874
21
0.2708517716535433
0
LINE
8
BLACK
6
CONTINUOUS
10
-0.3045153937007874
20
0.2708517716535433
11
-0.3045153937007874
21
0.2726597244094488
0
LINE
8
BLACK
6
CONTINUOUS
10
-0.3045153937007874
20
0.2726597244094488
11
-0.303236968503937
21
0.2739381496062992
0
LINE
8
BLACK
6
CONTINUOUS
10
-0.303236968503937
20
0.2739381496062992
11
-0.2836512598425197
21
0.2741179527559055
0
LINE
8
BLACK
6
CONTINUOUS
10
-0.2836512598425197
20
0.2741179527559055
11
-0.2827472834645669
21
0.2739381496062992
0
LINE
8
BLACK
6
CONTINUOUS
10
-0.5463960236220472
20
0.2744302755905512
11
-0.5451175984251968
21
0.2731518503937008
0
LINE
8
BLACK
6
CONTINUOUS
10
-0.5451175984251968
20
0.2731518503937008
11
-0.5451175984251968
21
0.2713438976377953
0
LINE
8
BLACK
6
CONTINUOUS
10
-0.5451175984251968
20
0.2713438976377953
11
-0.5463960236220472
21
0.2700654724409449
0
LINE
8
BLACK
6
CONTINUOUS
10
-0.5463960236220472
20
0.2700654724409449
11
-0.5583692913385827
21
0.2698856692913386
0
LINE
8
BLACK
6
CONTINUOUS
10
-0.5583692913385827
20
0.2698856692913386
11
-0.5592732677165354
21
0.2700654724409449
0
LINE
8
BLACK
6
CONTINUOUS
10
-0.5592732677165354
20
0.2700654724409449
11
-0.5605516929133858
21
0.2713438976377953
0
LINE
8
BLACK
6
CONTINUOUS
10
-0.5605516929133858
20
0.2713438976377953
11
-0.5605516929133858
21
0.2731518503937008
0
LINE
8
BLACK
6
CONTINUOUS
10
-0.5605516929133858
20
0.2731518503937008
11
-0.5592732677165354
21
0.2744302755905512
0
LINE
8
BLACK
6
CONTINUOUS
10
-0.5592732677165354
20
0.2744302755905512
11
-0.5473
21
0.2746100787401575
0
LINE
8
BLACK
6
CONTINUOUS
10
-0.5473
20
0.2746100787401575
11
-0.5463960236220472
21
0.2744302755905512
0
LINE
8
BLACK
6
CONTINUOUS
10
-0.6576787007874015
20
0.358131062992126
11
-0.6564002755905511
21
0.3568526377952756
0
LINE
8
BLACK
6
CONTINUOUS
10
-0.6564002755905511
20
0.3568526377952756
11
-0.6562204724409448
21
0.2850825196850393
0
LINE
8
BLACK
6
CONTINUOUS
10
-0.6562204724409448
20
0.2850825196850393
11
-0.6564002755905511
21
0.2841785433070866
0
LINE
8
BLACK
6
CONTINUOUS
10
-0.6564002755905511
20
0.2841785433070866
11
-0.6576787007874015
21
0.2829001181102362
0
LINE
8
BLACK
6
CONTINUOUS
10
-0.6576787007874015
20
0.2829001181102362
11
-0.659486653543307
21
0.2829001181102362
0
LINE
8
BLACK
6
CONTINUOUS
10
-0.659486653543307
20
0.2829001181102362
11
-0.6607650787401574
21
0.2841785433070866
0
LINE
8
BLACK
6
CONTINUOUS
10
-0.6607650787401574
20
0.2841785433070866
11
-0.6609394094488189
21
0.3537561811023622
0
LINE
8
BLACK
6
CONTINUOUS
10
-0.6609394094488189
20
0.3537561811023622
11
-0.7156692913385827
21
0.3535864566929134
0
LINE
8
BLACK
6
CONTINUOUS
10
-0.7156692913385827
20
0.3535864566929134
11
-0.7165732677165354
21
0.3537662598425197
0
LINE
8
BLACK
6
CONTINUOUS
10
-0.7165732677165354
20
0.3537662598425197
11
-0.7178516929133858
21
0.3550446850393701
0
LINE
8
BLACK
6
CONTINUOUS
10
-0.7178516929133858
20
0.3550446850393701
11
-0.7178516929133858
21
0.3568526377952756
0
LINE
8
BLACK
6
CONTINUOUS
10
-0.7178516929133858
20
0.3568526377952756
11
-0.7165732677165354
21
0.358131062992126
0
LINE
8
BLACK
6
CONTINUOUS
10
-0.7165732677165354
20
0.358131062992126
11
-0.6585826771653543
21
0.3583108661417323
0
LINE
8
BLACK
6
CONTINUOUS
10
-0.6585826771653543
20
0.3583108661417323
11
-0.6576787007874015
21
0.358131062992126
0
LINE
8
BLACK
6
CONTINUOUS
10
0.1342701181102362
20
0.3141940551181102
11
0.1355485433070866
21
0.3129156299212598
0
LINE
8
BLACK
6
CONTINUOUS
10
0.1355485433070866
20
0.3129156299212598
11
0.1357283464566929
21
0.2883896062992126
0
LINE
8
BLACK
6
CONTINUOUS
10
0.1357283464566929
20
0.2883896062992126
11
0.1355485433070866
21
0.2874856299212598
0
LINE
8
BLACK
6
CONTINUOUS
10
0.1355485433070866
20
0.2874856299212598
11
0.1342701181102362
21
0.2862072047244095
0
LINE
8
BLACK
6
CONTINUOUS
10
0.1342701181102362
20
0.2862072047244095
11
0.1324621653543307
21
0.2862072047244095
0
LINE
8
BLACK
6
CONTINUOUS
10
0.1324621653543307
20
0.2862072047244095
11
0.1198848031496063
21
0.2985303149606299
0
LINE
8
BLACK
6
CONTINUOUS
10
0.1198848031496063
20
0.2985303149606299
11
0.1193727165354331
21
0.2992966535433071
0
LINE
8
BLACK
6
CONTINUOUS
10
0.1193727165354331
20
0.2992966535433071
11
0.1193727165354331
21
0.3011046062992126
0
LINE
8
BLACK
6
CONTINUOUS
10
0.1193727165354331
20
0.3011046062992126
11
0.1316958267716535
21
0.313681968503937
0
LINE
8
BLACK
6
CONTINUOUS
10
0.1316958267716535
20
0.313681968503937
11
0.1324621653543307
21
0.3141940551181102
0
LINE
8
BLACK
6
CONTINUOUS
10
0.1324621653543307
20
0.3141940551181102
11
0.1342701181102362
21
0.3141940551181102
0
LINE
8
BLACK
6
CONTINUOUS
10
0.1247760236220472
20
0.3001129527559055
11
0.1311368503937008
21
0.2938807086614173
0
LINE
8
BLACK
6
CONTINUOUS
10
0.1311368503937008
20
0.2938807086614173
11
0.1310442519685039
21
0.3065104724409449
0
LINE
8
BLACK
6
CONTINUOUS
10
0.1310442519685039
20
0.3065104724409449
11
0.1247760236220472
21
0.3001129527559055
0
LINE
8
BLACK
6
CONTINUOUS
10
-0.5463960236220472
20
0.3145877559055118
11
-0.5451175984251968
21
0.3133093307086614
0
LINE
8
BLACK
6
CONTINUOUS
10
-0.5451175984251968
20
0.3133093307086614
11
-0.5451175984251968
21
0.3115013779527559
0
LINE
8
BLACK
6
CONTINUOUS
10
-0.5451175984251968
20
0.3115013779527559
11
-0.5463960236220472
21
0.3102229527559055
0
LINE
8
BLACK
6
CONTINUOUS
10
-0.5463960236220472
20
0.3102229527559055
11
-0.5583692913385827
21
0.3100431496062992
0
LINE
8
BLACK
6
CONTINUOUS
10
-0.5583692913385827
20
0.3100431496062992
11
-0.5592732677165354
21
0.3102229527559055
0
LINE
8
BLACK
6
CONTINUOUS
10
-0.5592732677165354
20
0.3102229527559055
11
-0.5605516929133858
21
0.3115013779527559
0
LINE
8
BLACK
6
CONTINUOUS
10
-0.5605516929133858
20
0.3115013779527559
11
-0.5605516929133858
21
0.3133093307086614
0
LINE
8
BLACK
6
CONTINUOUS
10
-0.5605516929133858
20
0.3133093307086614
11
-0.5592732677165354
21
0.3145877559055118
0
LINE
8
BLACK
6
CONTINUOUS
10
-0.5592732677165354
20
0.3145877559055118
11
-0.5473
21
0.3147675590551181
0
LINE
8
BLACK
6
CONTINUOUS
10
-0.5473
20
0.3147675590551181
11
-0.5463960236220472
21
0.3145877559055118
0
LINE
8
BLACK
6
CONTINUOUS
10
-0.4126685433070866
20
0.3150798818897638
11
-0.4113901181102362
21
0.3138014566929134
0
LINE
8
BLACK
6
CONTINUOUS
10
-0.4113901181102362
20
0.3138014566929134
11
-0.4113901181102362
21
0.3119935039370079
0
LINE
8
BLACK
6
CONTINUOUS
10
-0.4113901181102362
20
0.3119935039370079
11
-0.4126685433070866
21
0.3107150787401575
0
LINE
8
BLACK
6
CONTINUOUS
10
-0.4126685433070866
20
0.3107150787401575
11
-0.4322542519685039
21
0.3105352755905512
0
LINE
8
BLACK
6
CONTINUOUS
10
-0.4322542519685039
20
0.3105352755905512
11
-0.4331582283464567
21
0.3107150787401575
0
LINE
8
BLACK
6
CONTINUOUS
10
-0.4331582283464567
20
0.3107150787401575
11
-0.4344366535433071
21
0.3119935039370079
0
LINE
8
BLACK
6
CONTINUOUS
10
-0.4344366535433071
20
0.3119935039370079
11
-0.4344366535433071
21
0.3138014566929134
0
LINE
8
BLACK
6
CONTINUOUS
10
-0.4344366535433071
20
0.3138014566929134
11
-0.4331582283464567
21
0.3150798818897638
0
LINE
8
BLACK
6
CONTINUOUS
10
-0.4331582283464567
20
0.3150798818897638
11
-0.4135725196850394
21
0.3152596850393701
0
LINE
8
BLACK
6
CONTINUOUS
10
-0.4135725196850394
20
0.3152596850393701
11
-0.4126685433070866
21
0.3150798818897638
0
LINE
8
BLACK
6
CONTINUOUS
10
-0.2827472834645669
20
0.3150798818897638
11
-0.2814688582677165
21
0.3138014566929134
0
LINE
8
BLACK
6
CONTINUOUS
10
-0.2814688582677165
20
0.3138014566929134
11
-0.2814688582677165
21
0.3119935039370079
0
LINE
8
BLACK
6
CONTINUOUS
10
-0.2814688582677165
20
0.3119935039370079
11
-0.2827472834645669
21
0.3107150787401575
0
LINE
8
BLACK
6
CONTINUOUS
10
-0.2827472834645669
20
0.3107150787401575
11
-0.3023329921259842
21
0.3105352755905512
0
LINE
8
BLACK
6
CONTINUOUS
10
-0.3023329921259842
20
0.3105352755905512
11
-0.303236968503937
21
0.3107150787401575
0
LINE
8
BLACK
6
CONTINUOUS
10
-0.303236968503937
20
0.3107150787401575
11
-0.3045153937007874
21
0.3119935039370079
0
LINE
8
BLACK
6
CONTINUOUS
10
-0.3045153937007874
20
0.3119935039370079
11
-0.3045153937007874
21
0.3138014566929134
0
LINE
8
BLACK
6
CONTINUOUS
10
-0.3045153937007874
20
0.3138014566929134
11
-0.303236968503937
21
0.3150798818897638
0
LINE
8
BLACK
6
CONTINUOUS
10
-0.303236968503937
20
0.3150798818897638
11
-0.2836512598425197
21
0.3152596850393701
0
LINE
8
BLACK
6
CONTINUOUS
10
-0.2836512598425197
20
0.3152596850393701
11
-0.2827472834645669
21
0.3150798818897638
0
LINE
8
BLACK
6
CONTINUOUS
10
-0.107048779527559
20
0.326398779527559
11
-0.1057703543307087
21
0.3251203543307086
0
LINE
8
BLACK
6
CONTINUOUS
10
-0.1057703543307087
20
0.3251203543307086
11
-0.1057703543307087
21
0.3233124015748031
0
LINE
8
BLACK
6
CONTINUOUS
10
-0.1057703543307087
20
0.3233124015748031
11
-0.107048779527559
21
0.3220339763779527
0
LINE
8
BLACK
6
CONTINUOUS
10
-0.107048779527559
20
0.3220339763779527
11
-0.1394488188976378
21
0.3218541732283465
0
LINE
8
BLACK
6
CONTINUOUS
10
-0.1394488188976378
20
0.3218541732283465
11
-0.1403037401574803
21
0.3220242519685039
0
LINE
8
BLACK
6
CONTINUOUS
10
-0.1403037401574803
20
0.3220242519685039
11
-0.1709448818897638
21
0.3218541732283465
0
LINE
8
BLACK
6
CONTINUOUS
10
-0.1709448818897638
20
0.3218541732283465
11
-0.1718488582677165
21
0.3220339763779527
0
LINE
8
BLACK
6
CONTINUOUS
10
-0.1718488582677165
20
0.3220339763779527
11
-0.1731272834645669
21
0.3233124015748031
0
LINE
8
BLACK
6
CONTINUOUS
10
-0.1731272834645669
20
0.3233124015748031
11
-0.1731272834645669
21
0.3251203543307086
0
LINE
8
BLACK
6
CONTINUOUS
10
-0.1731272834645669
20
0.3251203543307086
11
-0.1718488582677165
21
0.326398779527559
0
LINE
8
BLACK
6
CONTINUOUS
10
-0.1718488582677165
20
0.326398779527559
11
-0.1394488188976378
21
0.3265785826771653
0
LINE
8
BLACK
6
CONTINUOUS
10
-0.1394488188976378
20
0.3265785826771653
11
-0.138593937007874
21
0.3264085433070866
0
LINE
8
BLACK
6
CONTINUOUS
10
-0.138593937007874
20
0.3264085433070866
11
-0.1079527559055118
21
0.3265785826771653
0
LINE
8
BLACK
6
CONTINUOUS
10
-0.1079527559055118
20
0.3265785826771653
11
-0.107048779527559
21
0.326398779527559
0
LINE
8
BLACK
6
CONTINUOUS
10
-0.5378331496062992
20
0.3575314566929134
11
-0.5376524015748031
21
0.3573507086614173
0
LINE
8
BLACK
6
CONTINUOUS
10
-0.5376524015748031
20
0.3573507086614173
11
-0.5334645275590552
21
0.3560804724409449
0
LINE
8
BLACK
6
CONTINUOUS
10
-0.5334645275590552
20
0.3560804724409449
11
-0.5333788976377952
21
0.3560316535433071
0
LINE
8
BLACK
6
CONTINUOUS
10
-0.5333788976377952
20
0.3560316535433071
11
-0.5333337007874016
21
0.3560316535433071
0
LINE
8
BLACK
6
CONTINUOUS
10
-0.5333337007874016
20
0.3560316535433071
11
-0.5332644488188977
21
0.3559664173228346
0
LINE
8
BLACK
6
CONTINUOUS
10
-0.5332644488188977
20
0.3559664173228346
11
-0.5327972440944881
21
0.3557001181102362
0
LINE
8
BLACK
6
CONTINUOUS
10
-0.5327972440944881
20
0.3557001181102362
11
-0.5326331496062991
21
0.3553718897637795
0
LINE
8
BLACK
6
CONTINUOUS
10
-0.5326331496062991
20
0.3553718897637795
11
-0.5296954724409448
21
0.3526053149606299
0
LINE
8
BLACK
6
CONTINUOUS
10
-0.5296954724409448
20
0.3526053149606299
11
-0.5292687401574803
21
0.3519666929133858
0
LINE
8
BLACK
6
CONTINUOUS
10
-0.5292687401574803
20
0.3519666929133858
11
-0.5292687401574803
21
0.3517326377952756
0
LINE
8
BLACK
6
CONTINUOUS
10
-0.5292687401574803
20
0.3517326377952756
11
-0.5278268897637796
21
0.3490940551181102
0
LINE
8
BLACK
6
CONTINUOUS
10
-0.5278268897637796
20
0.3490940551181102
11
-0.5276240551181102
21
0.3483532677165354
0
LINE
8
BLACK
6
CONTINUOUS
10
-0.5276240551181102
20
0.3483532677165354
11
-0.5276790157480314
21
0.3481884645669291
0
LINE
8
BLACK
6
CONTINUOUS
10
-0.5276790157480314
20
0.3481884645669291
11
-0.526178031496063
21
0.3426919291338583
0
LINE
8
BLACK
6
CONTINUOUS
10
-0.526178031496063
20
0.3426919291338583
11
-0.5261407086614173
21
0.3419247637795276
0
LINE
8
BLACK
6
CONTINUOUS
10
-0.5261407086614173
20
0.3419247637795276
11
-0.5262348818897638
21
0.3417678346456693
0
LINE
8
BLACK
6
CONTINUOUS
10
-0.5262348818897638
20
0.3417678346456693
11
-0.526119251968504
21
0.3377150393700787
0
LINE
8
BLACK
6
CONTINUOUS
10
-0.526119251968504
20
0.3377150393700787
11
-0.5262690944881889
21
0.3369617322834645
0
LINE
8
BLACK
6
CONTINUOUS
10
-0.5262690944881889
20
0.3369617322834645
11
-0.5264096062992126
21
0.3368212598425197
0
LINE
8
BLACK
6
CONTINUOUS
10
-0.5264096062992126
20
0.3368212598425197
11
-0.5276778740157481
21
0.3312383464566929
0
LINE
8
BLACK
6
CONTINUOUS
10
-0.5276778740157481
20
0.3312383464566929
11
-0.5280059448818898
21
0.3305438582677165
0
LINE
8
BLACK
6
CONTINUOUS
10
-0.5280059448818898
20
0.3305438582677165
11
-0.5281270866141732
21
0.3304711811023622
0
LINE
8
BLACK
6
CONTINUOUS
10
-0.5281270866141732
20
0.3304711811023622
11
-0.5292687401574803
21
0.3279632283464567
0
LINE
8
BLACK
6
CONTINUOUS
10
-0.5292687401574803
20
0.3279632283464567
11
-0.5292687401574803
21
0.327962874015748
0
LINE
8
BLACK
6
CONTINUOUS
10
-0.5292687401574803
20
0.327962874015748
11
-0.5292690551181102
21
0.3279625590551181
0
LINE
8
BLACK
6
CONTINUOUS
10
-0.5292690551181102
20
0.3279625590551181
11
-0.5293267322834646
21
0.3278358267716535
0
LINE
8
BLACK
6
CONTINUOUS
10
-0.5293267322834646
20
0.3278358267716535
11
-0.5297976377952756
21
0.3272290551181102
0
LINE
8
BLACK
6
CONTINUOUS
10
-0.5297976377952756
20
0.3272290551181102
11
-0.5300340157480314
21
0.3271502755905512
0
LINE
8
BLACK
6
CONTINUOUS
10
-0.5300340157480314
20
0.3271502755905512
11
-0.5326950393700788
21
0.3243246062992126
0
LINE
8
BLACK
6
CONTINUOUS
10
-0.5326950393700788
20
0.3243246062992126
11
-0.5327770472440945
21
0.324269842519685
0
LINE
8
BLACK
6
CONTINUOUS
10
-0.5327770472440945
20
0.324269842519685
11
-0.5327972440944881
21
0.3242294094488189
0
LINE
8
BLACK
6
CONTINUOUS
10
-0.5327972440944881
20
0.3242294094488189
11
-0.5328856692913385
21
0.3241972440944882
0
LINE
8
BLACK
6
CONTINUOUS
10
-0.5328856692913385
20
0.3241972440944882
11
-0.5333336614173229
21
0.323897874015748
0
LINE
8
BLACK
6
CONTINUOUS
10
-0.5333336614173229
20
0.323897874015748
11
-0.5337083070866142
21
0.323897874015748
0
LINE
8
BLACK
6
CONTINUOUS
10
-0.5337083070866142
20
0.323897874015748
11
-0.5379639763779528
21
0.3223492519685039
0
LINE
8
BLACK
6
CONTINUOUS
10
-0.5379639763779528
20
0.3223492519685039
11
-0.5387259842519685
21
0.3222531889763779
0
LINE
8
BLACK
6
CONTINUOUS
10
-0.5387259842519685
20
0.3222531889763779
11
-0.5389283070866142
21
0.3223543700787401
0
LINE
8
BLACK
6
CONTINUOUS
10
-0.5389283070866142
20
0.3223543700787401
11
-0.5414452755905512
21
0.3222538582677165
0
LINE
8
BLACK
6
CONTINUOUS
10
-0.5414452755905512
20
0.3222538582677165
11
-0.5414465748031496
21
0.3222531889763779
0
LINE
8
BLACK
6
CONTINUOUS
10
-0.5414465748031496
20
0.3222531889763779
11
-0.5414483858267717
21
0.3222537401574803
0
LINE
8
BLACK
6
CONTINUOUS
10
-0.5414483858267717
20
0.3222537401574803
11
-0.5415861023622047
21
0.3222482283464567
0
LINE
8
BLACK
6
CONTINUOUS
10
-0.5415861023622047
20
0.3222482283464567
11
-0.5423394094488189
21
0.3223980708661418
0
LINE
8
BLACK
6
CONTINUOUS
10
-0.5423394094488189
20
0.3223980708661418
11
-0.5425201968503937
21
0.3225788582677165
0
LINE
8
BLACK
6
CONTINUOUS
10
-0.5425201968503937
20
0.3225788582677165
11
-0.5467079921259842
21
0.3238490551181102
0
LINE
8
BLACK
6
CONTINUOUS
10
-0.5467079921259842
20
0.3238490551181102
11
-0.5467936220472441
21
0.323897874015748
0
LINE
8
BLACK
6
CONTINUOUS
10
-0.5467936220472441
20
0.323897874015748
11
-0.5468388188976377
21
0.323897874015748
0
LINE
8
BLACK
6
CONTINUOUS
10
-0.5468388188976377
20
0.323897874015748
11
-0.5469166535433071
21
0.3239679921259843
0
LINE
8
BLACK
6
CONTINUOUS
10
-0.5469166535433071
20
0.3239679921259843
11
-0.5473752755905512
21
0.3242294094488189
0
LINE
8
BLACK
6
CONTINUOUS
10
-0.5473752755905512
20
0.3242294094488189
11
-0.5475133858267717
21
0.3245055905511811
0
LINE
8
BLACK
6
CONTINUOUS
10
-0.5475133858267717
20
0.3245055905511811
11
-0.5489772834645669
21
0.3258244488188976
0
LINE
8
BLACK
6
CONTINUOUS
10
-0.5489772834645669
20
0.3258244488188976
11
-0.5494040157480314
21
0.3264630708661417
0
LINE
8
BLACK
6
CONTINUOUS
10
-0.5494040157480314
20
0.3264630708661417
11
-0.5494040157480314
21
0.3279696850393701
0
LINE
8
BLACK
6
CONTINUOUS
10
-0.5494040157480314
20
0.3279696850393701
11
-0.5483386614173228
21
0.3290350393700787
0
LINE
8
BLACK
6
CONTINUOUS
10
-0.5483386614173228
20
0.3290350393700787
11
-0.5468320472440945
21
0.3290350393700787
0
LINE
8
BLACK
6
CONTINUOUS
10
-0.5468320472440945
20
0.3290350393700787
11
-0.5448728346456693
21
0.3272699606299213
0
LINE
8
BLACK
6
CONTINUOUS
10
-0.5448728346456693
20
0.3272699606299213
11
-0.5409814566929134
21
0.3260896456692913
0
LINE
8
BLACK
6
CONTINUOUS
10
-0.5409814566929134
20
0.3260896456692913
11
-0.5385864566929134
21
0.3261852362204724
0
LINE
8
BLACK
6
CONTINUOUS
10
-0.5385864566929134
20
0.3261852362204724
11
-0.5385650787401575
21
0.3261809842519685
0
LINE
8
BLACK
6
CONTINUOUS
10
-0.5385650787401575
20
0.3261809842519685
11
-0.5349329921259842
21
0.3275027165354331
0
LINE
8
BLACK
6
CONTINUOUS
10
-0.5349329921259842
20
0.3275027165354331
11
-0.5324822834645669
21
0.330105
0
LINE
8
BLACK
6
CONTINUOUS
10
-0.5324822834645669
20
0.330105
11
-0.5313482677165354
21
0.3325961417322835
0
LINE
8
BLACK
6
CONTINUOUS
10
-0.5313482677165354
20
0.3325961417322835
11
-0.5312359842519685
21
0.3327408661417323
0
LINE
8
BLACK
6
CONTINUOUS
10
-0.5312359842519685
20
0.3327408661417323
11
-0.5299974803149606
21
0.3381924803149606
0
LINE
8
BLACK
6
CONTINUOUS
10
-0.5299974803149606
20
0.3381924803149606
11
-0.5299447244094488
21
0.3383042125984252
0
LINE
8
BLACK
6
CONTINUOUS
10
-0.5299447244094488
20
0.3383042125984252
11
-0.5300562598425197
21
0.3422144881889764
0
LINE
8
BLACK
6
CONTINUOUS
10
-0.5300562598425197
20
0.3422144881889764
11
-0.5300281102362204
21
0.3423561023622047
0
LINE
8
BLACK
6
CONTINUOUS
10
-0.5300281102362204
20
0.3423561023622047
11
-0.5314973228346457
21
0.3477362992125984
0
LINE
8
BLACK
6
CONTINUOUS
10
-0.5314973228346457
20
0.3477362992125984
11
-0.5315040157480315
21
0.3478734251968504
0
LINE
8
BLACK
6
CONTINUOUS
10
-0.5315040157480315
20
0.3478734251968504
11
-0.5328480708661417
21
0.3503330708661417
0
LINE
8
BLACK
6
CONTINUOUS
10
-0.5328480708661417
20
0.3503330708661417
11
-0.5328518897637795
21
0.3503470472440945
0
LINE
8
BLACK
6
CONTINUOUS
10
-0.5328518897637795
20
0.3503470472440945
11
-0.5353111811023622
21
0.3526631102362205
0
LINE
8
BLACK
6
CONTINUOUS
10
-0.5353111811023622
20
0.3526631102362205
11
-0.5391911417322834
21
0.3538399212598425
0
LINE
8
BLACK
6
CONTINUOUS
10
-0.5391911417322834
20
0.3538399212598425
11
-0.5415861023622047
21
0.3537442913385827
0
LINE
8
BLACK
6
CONTINUOUS
10
-0.5415861023622047
20
0.3537442913385827
11
-0.5416075196850394
21
0.3537485826771654
0
LINE
8
BLACK
6
CONTINUOUS
10
-0.5416075196850394
20
0.3537485826771654
11
-0.545176811023622
21
0.3524496850393701
0
LINE
8
BLACK
6
CONTINUOUS
10
-0.545176811023622
20
0.3524496850393701
11
-0.5461934251968504
21
0.3513212204724409
0
LINE
8
BLACK
6
CONTINUOUS
10
-0.5461934251968504
20
0.3513212204724409
11
-0.5468320472440945
21
0.3508945275590551
0
LINE
8
BLACK
6
CONTINUOUS
10
-0.5468320472440945
20
0.3508945275590551
11
-0.5483387007874015
21
0.3508945275590551
0
LINE
8
BLACK
6
CONTINUOUS
10
-0.5483387007874015
20
0.3508945275590551
11
-0.5494040157480314
21
0.3519598818897638
0
LINE
8
BLACK
6
CONTINUOUS
10
-0.5494040157480314
20
0.3519598818897638
11
-0.5494040157480314
21
0.3534665354330709
0
LINE
8
BLACK
6
CONTINUOUS
10
-0.5494040157480314
20
0.3534665354330709
11
-0.5474774409448819
21
0.3556049606299213
0
LINE
8
BLACK
6
CONTINUOUS
10
-0.5474774409448819
20
0.3556049606299213
11
-0.5473954724409449
21
0.3556597637795276
0
LINE
8
BLACK
6
CONTINUOUS
10
-0.5473954724409449
20
0.3556597637795276
11
-0.5473752755905512
21
0.3557001181102362
0
LINE
8
BLACK
6
CONTINUOUS
10
-0.5473752755905512
20
0.3557001181102362
11
-0.5472868897637795
21
0.3557323228346457
0
LINE
8
BLACK
6
CONTINUOUS
10
-0.5472868897637795
20
0.3557323228346457
11
-0.5468388188976377
21
0.3560316535433071
0
LINE
8
BLACK
6
CONTINUOUS
10
-0.5468388188976377
20
0.3560316535433071
11
-0.5464642519685039
21
0.3560316535433071
0
LINE
8
BLACK
6
CONTINUOUS
10
-0.5464642519685039
20
0.3560316535433071
11
-0.5422085826771653
21
0.3575802755905512
0
LINE
8
BLACK
6
CONTINUOUS
10
-0.5422085826771653
20
0.3575802755905512
11
-0.5414465748031496
21
0.3576763385826772
0
LINE
8
BLACK
6
CONTINUOUS
10
-0.5414465748031496
20
0.3576763385826772
11
-0.5412442913385827
21
0.3575751968503937
0
LINE
8
BLACK
6
CONTINUOUS
10
-0.5412442913385827
20
0.3575751968503937
11
-0.5387273228346456
21
0.3576757086614173
0
LINE
8
BLACK
6
CONTINUOUS
10
-0.5387273228346456
20
0.3576757086614173
11
-0.5387259842519685
21
0.3576763385826772
0
LINE
8
BLACK
6
CONTINUOUS
10
-0.5387259842519685
20
0.3576763385826772
11
-0.5387242125984252
21
0.3576758267716535
0
LINE
8
BLACK
6
CONTINUOUS
10
-0.5387242125984252
20
0.3576758267716535
11
-0.5385864566929134
21
0.3576812992125984
0
LINE
8
BLACK
6
CONTINUOUS
10
-0.5385864566929134
20
0.3576812992125984
11
-0.5378331496062992
21
0.3575314566929134
0
LINE
8
BLACK
6
CONTINUOUS
10
-0.4274094488188976
20
0.3575314566929134
11
-0.4263440944881889
21
0.3564661023622047
0
LINE
8
BLACK
6
CONTINUOUS
10
-0.4263440944881889
20
0.3564661023622047
11
-0.4263440944881889
21
0.3549594881889764
0
LINE
8
BLACK
6
CONTINUOUS
10
-0.4263440944881889
20
0.3549594881889764
11
-0.4274094488188976
21
0.3538941338582677
0
LINE
8
BLACK
6
CONTINUOUS
10
-0.4274094488188976
20
0.3538941338582677
11
-0.4434891732283465
21
0.353775157480315
0
LINE
8
BLACK
6
CONTINUOUS
10
-0.4434891732283465
20
0.353775157480315
11
-0.4356801968503937
21
0.3450105511811024
0
LINE
8
BLACK
6
CONTINUOUS
10
-0.4356801968503937
20
0.3450105511811024
11
-0.4354008267716535
21
0.3445254330708661
0
LINE
8
BLACK
6
CONTINUOUS
10
-0.4354008267716535
20
0.3445254330708661
11
-0.4353429921259843
21
0.3444675984251969
0
LINE
8
BLACK
6
CONTINUOUS
10
-0.4353429921259843
20
0.3444675984251969
11
-0.4353429921259843
21
0.3444250393700787
0
LINE
8
BLACK
6
CONTINUOUS
10
-0.4353429921259843
20
0.3444250393700787
11
-0.4352968897637795
21
0.3443449606299213
0
LINE
8
BLACK
6
CONTINUOUS
10
-0.4352968897637795
20
0.3443449606299213
11
-0.4353429921259843
21
0.3436535433070866
0
LINE
8
BLACK
6
CONTINUOUS
10
-0.4353429921259843
20
0.3436535433070866
11
-0.4353429921259843
21
0.3429609842519685
0
LINE
8
BLACK
6
CONTINUOUS
10
-0.4353429921259843
20
0.3429609842519685
11
-0.4353924803149606
21
0.3429115354330708
0
LINE
8
BLACK
6
CONTINUOUS
10
-0.4353924803149606
20
0.3429115354330708
11
-0.435397125984252
21
0.3428416535433071
0
LINE
8
BLACK
6
CONTINUOUS
10
-0.435397125984252
20
0.3428416535433071
11
-0.4359187007874016
21
0.3423852755905512
0
LINE
8
BLACK
6
CONTINUOUS
10
-0.4359187007874016
20
0.3423852755905512
11
-0.4364083464566929
21
0.3418956299212598
0
LINE
8
BLACK
6
CONTINUOUS
10
-0.4364083464566929
20
0.3418956299212598
11
-0.4364806692913386
21
0.3418935826771654
0
LINE
8
BLACK
6
CONTINUOUS
10
-0.4364806692913386
20
0.3418935826771654
11
-0.4365309842519685
21
0.3418495275590551
0
LINE
8
BLACK
6
CONTINUOUS
10
-0.4365309842519685
20
0.3418495275590551
11
-0.4369785039370079
21
0.3418793700787401
0
LINE
8
BLACK
6
CONTINUOUS
10
-0.4369785039370079
20
0.3418793700787401
11
-0.4414025984251969
21
0.341753188976378
0
LINE
8
BLACK
6
CONTINUOUS
10
-0.4414025984251969
20
0.341753188976378
11
-0.4437197244094488
21
0.3404870078740158
0
LINE
8
BLACK
6
CONTINUOUS
10
-0.4437197244094488
20
0.3404870078740158
11
-0.4447655511811023
21
0.3393261811023622
0
LINE
8
BLACK
6
CONTINUOUS
10
-0.4447655511811023
20
0.3393261811023622
11
-0.4458153543307086
21
0.3370199212598425
0
LINE
8
BLACK
6
CONTINUOUS
10
-0.4458153543307086
20
0.3370199212598425
11
-0.4456964173228347
21
0.3304694488188976
0
LINE
8
BLACK
6
CONTINUOUS
10
-0.4456964173228347
20
0.3304694488188976
11
-0.4444329921259842
21
0.3281573622047244
0
LINE
8
BLACK
6
CONTINUOUS
10
-0.4444329921259842
20
0.3281573622047244
11
-0.443272125984252
21
0.3271114960629921
0
LINE
8
BLACK
6
CONTINUOUS
10
-0.443272125984252
20
0.3271114960629921
11
-0.4409573228346457
21
0.3260577952755905
0
LINE
8
BLACK
6
CONTINUOUS
10
-0.4409573228346457
20
0.3260577952755905
11
-0.4329143307086614
21
0.3261813779527559
0
LINE
8
BLACK
6
CONTINUOUS
10
-0.4329143307086614
20
0.3261813779527559
11
-0.4306035433070866
21
0.327444094488189
0
LINE
8
BLACK
6
CONTINUOUS
10
-0.4306035433070866
20
0.327444094488189
11
-0.4295547244094488
21
0.3286083070866141
0
LINE
8
BLACK
6
CONTINUOUS
10
-0.4295547244094488
20
0.3286083070866141
11
-0.4289161023622047
21
0.329035
0
LINE
8
BLACK
6
CONTINUOUS
10
-0.4289161023622047
20
0.329035
11
-0.4274094488188976
21
0.3290350393700787
0
LINE
8
BLACK
6
CONTINUOUS
10
-0.4274094488188976
20
0.3290350393700787
11
-0.4263441338582677
21
0.3279697244094488
0
LINE
8
BLACK
6
CONTINUOUS
10
-0.4263441338582677
20
0.3279697244094488
11
-0.4263440944881889
21
0.3264630708661417
0
LINE
8
BLACK
6
CONTINUOUS
10
-0.4263440944881889
20
0.3264630708661417
11
-0.4281737007874016
21
0.3244322047244094
0
LINE
8
BLACK
6
CONTINUOUS
10
-0.4281737007874016
20
0.3244322047244094
11
-0.4281754724409449
21
0.3244267716535433
0
LINE
8
BLACK
6
CONTINUOUS
10
-0.4281754724409449
20
0.3244267716535433
11
-0.4281815748031496
21
0.3244234645669291
0
LINE
8
BLACK
6
CONTINUOUS
10
-0.4281815748031496
20
0.3244234645669291
11
-0.4282705905511811
21
0.3243246062992126
0
LINE
8
BLACK
6
CONTINUOUS
10
-0.4282705905511811
20
0.3243246062992126
11
-0.4289092125984252
21
0.323897874015748
0
LINE
8
BLACK
6
CONTINUOUS
10
-0.4289092125984252
20
0.323897874015748
11
-0.4291433464566929
21
0.323897874015748
0
LINE
8
BLACK
6
CONTINUOUS
10
-0.4291433464566929
20
0.323897874015748
11
-0.4317818897637795
21
0.322456062992126
0
LINE
8
BLACK
6
CONTINUOUS
10
-0.4317818897637795
20
0.322456062992126
11
-0.431876968503937
21
0.3224300393700787
0
LINE
8
BLACK
6
CONTINUOUS
10
-0.431876968503937
20
0.3224300393700787
11
-0.4319088976377953
21
0.3223980708661418
0
LINE
8
BLACK
6
CONTINUOUS
10
-0.4319088976377953
20
0.3223980708661418
11
-0.4319987007874015
21
0.3223966929133858
0
LINE
8
BLACK
6
CONTINUOUS
10
-0.4319987007874015
20
0.3223966929133858
11
-0.4325226771653543
21
0.3222531889763779
0
LINE
8
BLACK
6
CONTINUOUS
10
-0.4325226771653543
20
0.3222531889763779
11
-0.4329111417322835
21
0.3223826771653543
0
LINE
8
BLACK
6
CONTINUOUS
10
-0.4329111417322835
20
0.3223826771653543
11
-0.441661062992126
21
0.3222482283464567
0
LINE
8
BLACK
6
CONTINUOUS
10
-0.441661062992126
20
0.3222482283464567
11
-0.4417577952755906
21
0.3222674803149606
0
LINE
8
BLACK
6
CONTINUOUS
10
-0.4417577952755906
20
0.3222674803149606
11
-0.4418005905511811
21
0.3222531889763779
0
LINE
8
BLACK
6
CONTINUOUS
10
-0.4418005905511811
20
0.3222531889763779
11
-0.4418895275590551
21
0.3222937007874015
0
LINE
8
BLACK
6
CONTINUOUS
10
-0.4418895275590551
20
0.3222937007874015
11
-0.4424143700787401
21
0.3223980708661418
0
LINE
8
BLACK
6
CONTINUOUS
10
-0.4424143700787401
20
0.3223980708661418
11
-0.4426612992125984
21
0.322645
0
LINE
8
BLACK
6
CONTINUOUS
10
-0.4426612992125984
20
0.322645
11
-0.4454137401574803
21
0.3238979133858267
0
LINE
8
BLACK
6
CONTINUOUS
10
-0.4454137401574803
20
0.3238979133858267
11
-0.4454140551181102
21
0.3238979133858267
0
LINE
8
BLACK
6
CONTINUOUS
10
-0.4454140551181102
20
0.3238979133858267
11
-0.4454144094488189
21
0.3238982283464567
0
LINE
8
BLACK
6
CONTINUOUS
10
-0.4454144094488189
20
0.3238982283464567
11
-0.4455410236220472
21
0.3239558661417323
0
LINE
8
BLACK
6
CONTINUOUS
10
-0.4455410236220472
20
0.3239558661417323
11
-0.4461477952755906
21
0.3244267716535433
0
LINE
8
BLACK
6
CONTINUOUS
10
-0.4461477952755906
20
0.3244267716535433
11
-0.4462107874015748
21
0.3246157086614173
0
LINE
8
BLACK
6
CONTINUOUS
10
-0.4462107874015748
20
0.3246157086614173
11
-0.4474448031496063
21
0.3257274409448819
0
LINE
8
BLACK
6
CONTINUOUS
10
-0.4474448031496063
20
0.3257274409448819
11
-0.4474502755905512
21
0.3257292519685039
0
LINE
8
BLACK
6
CONTINUOUS
10
-0.4474502755905512
20
0.3257292519685039
11
-0.4474536614173228
21
0.3257354330708661
0
LINE
8
BLACK
6
CONTINUOUS
10
-0.4474536614173228
20
0.3257354330708661
11
-0.4475524803149606
21
0.3258244488188976
0
LINE
8
BLACK
6
CONTINUOUS
10
-0.4475524803149606
20
0.3258244488188976
11
-0.4479791732283465
21
0.3264630708661417
0
LINE
8
BLACK
6
CONTINUOUS
10
-0.4479791732283465
20
0.3264630708661417
11
-0.4479791732283465
21
0.3266971653543307
0
LINE
8
BLACK
6
CONTINUOUS
10
-0.4479791732283465
20
0.3266971653543307
11
-0.4494209842519685
21
0.3293356299212598
0
LINE
8
BLACK
6
CONTINUOUS
10
-0.4494209842519685
20
0.3293356299212598
11
-0.4494470472440945
21
0.3294307480314961
0
LINE
8
BLACK
6
CONTINUOUS
10
-0.4494470472440945
20
0.3294307480314961
11
-0.4494789763779528
21
0.3294626771653543
0
LINE
8
BLACK
6
CONTINUOUS
10
-0.4494789763779528
20
0.3294626771653543
11
-0.4494806299212598
21
0.3295534251968504
0
LINE
8
BLACK
6
CONTINUOUS
10
-0.4494806299212598
20
0.3295534251968504
11
-0.4496238582677165
21
0.3300764173228347
0
LINE
8
BLACK
6
CONTINUOUS
10
-0.4496238582677165
20
0.3300764173228347
11
-0.4494970472440945
21
0.3304569291338583
0
LINE
8
BLACK
6
CONTINUOUS
10
-0.4494970472440945
20
0.3304569291338583
11
-0.4496288188976378
21
0.3377150393700787
0
LINE
8
BLACK
6
CONTINUOUS
10
-0.4496288188976378
20
0.3377150393700787
11
-0.4496096062992126
21
0.3378117716535433
0
LINE
8
BLACK
6
CONTINUOUS
10
-0.4496096062992126
20
0.3378117716535433
11
-0.4496238582677165
21
0.3378545669291338
0
LINE
8
BLACK
6
CONTINUOUS
10
-0.4496238582677165
20
0.3378545669291338
11
-0.4495833858267717
21
0.3379435039370078
0
LINE
8
BLACK
6
CONTINUOUS
10
-0.4495833858267717
20
0.3379435039370078
11
-0.4494789763779528
21
0.3384683464566929
0
LINE
8
BLACK
6
CONTINUOUS
10
-0.4494789763779528
20
0.3384683464566929
11
-0.4492320866141732
21
0.3387152755905511
0
LINE
8
BLACK
6
CONTINUOUS
10
-0.4492320866141732
20
0.3387152755905511
11
-0.4479791732283465
21
0.3414676771653543
0
LINE
8
BLACK
6
CONTINUOUS
10
-0.4479791732283465
20
0.3414676771653543
11
-0.4479791732283465
21
0.3414679921259842
0
LINE
8
BLACK
6
CONTINUOUS
10
-0.4479791732283465
20
0.3414679921259842
11
-0.4479788582677166
21
0.3414683858267716
0
LINE
8
BLACK
6
CONTINUOUS
10
-0.4479788582677166
20
0.3414683858267716
11
-0.4479211811023622
21
0.3415950393700787
0
LINE
8
BLACK
6
CONTINUOUS
10
-0.4479211811023622
20
0.3415950393700787
11
-0.4474502755905512
21
0.3422017716535433
0
LINE
8
BLACK
6
CONTINUOUS
10
-0.4474502755905512
20
0.3422017716535433
11
-0.4472614173228346
21
0.3422647637795275
0
LINE
8
BLACK
6
CONTINUOUS
10
-0.4472614173228346
20
0.3422647637795275
11
-0.4461496062992126
21
0.3434988582677165
0
LINE
8
BLACK
6
CONTINUOUS
10
-0.4461496062992126
20
0.3434988582677165
11
-0.4461477952755906
21
0.3435042519685039
0
LINE
8
BLACK
6
CONTINUOUS
10
-0.4461477952755906
20
0.3435042519685039
11
-0.4461417716535433
21
0.3435075984251968
0
LINE
8
BLACK
6
CONTINUOUS
10
-0.4461417716535433
20
0.3435075984251968
11
-0.4460526771653543
21
0.3436064173228346
0
LINE
8
BLACK
6
CONTINUOUS
10
-0.4460526771653543
20
0.3436064173228346
11
-0.4454140551181102
21
0.3440331496062992
0
LINE
8
BLACK
6
CONTINUOUS
10
-0.4454140551181102
20
0.3440331496062992
11
-0.4451799212598425
21
0.3440331496062992
0
LINE
8
BLACK
6
CONTINUOUS
10
-0.4451799212598425
20
0.3440331496062992
11
-0.4425413779527559
21
0.345475
0
LINE
8
BLACK
6
CONTINUOUS
10
-0.4425413779527559
20
0.345475
11
-0.4424462992125984
21
0.345501062992126
0
LINE
8
BLACK
6
CONTINUOUS
10
-0.4424462992125984
20
0.345501062992126
11
-0.4424143700787401
21
0.3455329527559055
0
LINE
8
BLACK
6
CONTINUOUS
10
-0.4424143700787401
20
0.3455329527559055
11
-0.4423198818897638
21
0.3455356692913386
0
LINE
8
BLACK
6
CONTINUOUS
10
-0.4423198818897638
20
0.3455356692913386
11
-0.4418005905511811
21
0.3456778346456693
0
LINE
8
BLACK
6
CONTINUOUS
10
-0.4418005905511811
20
0.3456778346456693
11
-0.4414486220472441
21
0.3455605118110236
0
LINE
8
BLACK
6
CONTINUOUS
10
-0.4414486220472441
20
0.3455605118110236
11
-0.441256220472441
21
0.3455660236220472
0
LINE
8
BLACK
6
CONTINUOUS
10
-0.441256220472441
20
0.3455660236220472
11
-0.4491417716535433
21
0.3544165354330708
0
LINE
8
BLACK
6
CONTINUOUS
10
-0.4491417716535433
20
0.3544165354330708
11
-0.4494211023622047
21
0.3549016141732284
0
LINE
8
BLACK
6
CONTINUOUS
10
-0.4494211023622047
20
0.3549016141732284
11
-0.4494789763779528
21
0.3549594881889764
0
LINE
8
BLACK
6
CONTINUOUS
10
-0.4494789763779528
20
0.3549594881889764
11
-0.4494789763779528
21
0.3550021653543307
0
LINE
8
BLACK
6
CONTINUOUS
10
-0.4494789763779528
20
0.3550021653543307
11
-0.4495250393700787
21
0.355082125984252
0
LINE
8
BLACK
6
CONTINUOUS
10
-0.4495250393700787
20
0.355082125984252
11
-0.4494789763779528
21
0.3557732677165354
0
LINE
8
BLACK
6
CONTINUOUS
10
-0.4494789763779528
20
0.3557732677165354
11
-0.4494789763779528
21
0.3564661023622047
0
LINE
8
BLACK
6
CONTINUOUS
10
-0.4494789763779528
20
0.3564661023622047
11
-0.4494295275590551
21
0.3565155905511811
0
LINE
8
BLACK
6
CONTINUOUS
10
-0.4494295275590551
20
0.3565155905511811
11
-0.449424842519685
21
0.3565854330708662
0
LINE
8
BLACK
6
CONTINUOUS
10
-0.449424842519685
20
0.3565854330708662
11
-0.4489034251968504
21
0.3570416929133858
0
LINE
8
BLACK
6
CONTINUOUS
10
-0.4489034251968504
20
0.3570416929133858
11
-0.4484136220472441
21
0.3575314566929134
0
LINE
8
BLACK
6
CONTINUOUS
10
-0.4484136220472441
20
0.3575314566929134
11
-0.4483430708661417
21
0.3575320078740157
0
LINE
8
BLACK
6
CONTINUOUS
10
-0.4483430708661417
20
0.3575320078740157
11
-0.4482909842519685
21
0.3575775196850394
0
LINE
8
BLACK
6
CONTINUOUS
10
-0.4482909842519685
20
0.3575775196850394
11
-0.4476812204724409
21
0.3575368897637795
0
LINE
8
BLACK
6
CONTINUOUS
10
-0.4476812204724409
20
0.3575368897637795
11
-0.4281627559055118
21
0.3576812992125984
0
LINE
8
BLACK
6
CONTINUOUS
10
-0.4281627559055118
20
0.3576812992125984
11
-0.4274094488188976
21
0.3575314566929134
0
LINE
8
BLACK
6
CONTINUOUS
10
-0.322141811023622
20
0.3576620866141732
11
-0.3220989763779528
21
0.3576763385826772
0
LINE
8
BLACK
6
CONTINUOUS
10
-0.3220989763779528
20
0.3576763385826772
11
-0.3220100787401575
21
0.3576358661417323
0
LINE
8
BLACK
6
CONTINUOUS
10
-0.3220100787401575
20
0.3576358661417323
11
-0.3214851968503937
21
0.3575314566929134
0
LINE
8
BLACK
6
CONTINUOUS
10
-0.3214851968503937
20
0.3575314566929134
11
-0.3212383070866142
21
0.3572845669291339
0
LINE
8
BLACK
6
CONTINUOUS
10
-0.3212383070866142
20
0.3572845669291339
11
-0.318485905511811
21
0.3560316535433071
0
LINE
8
BLACK
6
CONTINUOUS
10
-0.318485905511811
20
0.3560316535433071
11
-0.3184855511811023
21
0.3560316535433071
0
LINE
8
BLACK
6
CONTINUOUS
10
-0.3184855511811023
20
0.3560316535433071
11
-0.3184851968503937
21
0.3560313385826772
0
LINE
8
BLACK
6
CONTINUOUS
10
-0.3184851968503937
20
0.3560313385826772
11
-0.3183585039370079
21
0.3559736614173228
0
LINE
8
BLACK
6
CONTINUOUS
10
-0.3183585039370079
20
0.3559736614173228
11
-0.3177517716535433
21
0.3555027559055118
0
LINE
8
BLACK
6
CONTINUOUS
10
-0.3177517716535433
20
0.3555027559055118
11
-0.3176888188976378
21
0.3553138976377953
0
LINE
8
BLACK
6
CONTINUOUS
10
-0.3176888188976378
20
0.3553138976377953
11
-0.3164547244094488
21
0.3542020866141732
0
LINE
8
BLACK
6
CONTINUOUS
10
-0.3164547244094488
20
0.3542020866141732
11
-0.3164492913385827
21
0.3542002755905512
0
LINE
8
BLACK
6
CONTINUOUS
10
-0.3164492913385827
20
0.3542002755905512
11
-0.3164459842519685
21
0.3541942519685039
0
LINE
8
BLACK
6
CONTINUOUS
10
-0.3164459842519685
20
0.3541942519685039
11
-0.316347125984252
21
0.354105157480315
0
LINE
8
BLACK
6
CONTINUOUS
10
-0.316347125984252
20
0.354105157480315
11
-0.3159203937007874
21
0.3534665354330709
0
LINE
8
BLACK
6
CONTINUOUS
10
-0.3159203937007874
20
0.3534665354330709
11
-0.3159203937007874
21
0.3532324409448819
0
LINE
8
BLACK
6
CONTINUOUS
10
-0.3159203937007874
20
0.3532324409448819
11
-0.3144785433070866
21
0.3505938582677166
0
LINE
8
BLACK
6
CONTINUOUS
10
-0.3144785433070866
20
0.3505938582677166
11
-0.3142757086614173
21
0.3498530708661417
0
LINE
8
BLACK
6
CONTINUOUS
10
-0.3142757086614173
20
0.3498530708661417
11
-0.3143306692913386
21
0.3496882677165354
0
LINE
8
BLACK
6
CONTINUOUS
10
-0.3143306692913386
20
0.3496882677165354
11
-0.3128296850393701
21
0.3441917322834646
0
LINE
8
BLACK
6
CONTINUOUS
10
-0.3128296850393701
20
0.3441917322834646
11
-0.3127923622047244
21
0.3434245669291339
0
LINE
8
BLACK
6
CONTINUOUS
10
-0.3127923622047244
20
0.3434245669291339
11
-0.3128986220472441
21
0.3432475196850394
0
LINE
8
BLACK
6
CONTINUOUS
10
-0.3128986220472441
20
0.3432475196850394
11
-0.312770905511811
21
0.3362152362204724
0
LINE
8
BLACK
6
CONTINUOUS
10
-0.312770905511811
20
0.3362152362204724
11
-0.3129207480314961
21
0.3354619291338582
0
LINE
8
BLACK
6
CONTINUOUS
10
-0.3129207480314961
20
0.3354619291338582
11
-0.3130612598425197
21
0.3353214566929134
0
LINE
8
BLACK
6
CONTINUOUS
10
-0.3130612598425197
20
0.3353214566929134
11
-0.3143295275590551
21
0.3297385433070866
0
LINE
8
BLACK
6
CONTINUOUS
10
-0.3143295275590551
20
0.3297385433070866
11
-0.3146575984251969
21
0.3290440551181102
0
LINE
8
BLACK
6
CONTINUOUS
10
-0.3146575984251969
20
0.3290440551181102
11
-0.3147787401574803
21
0.3289713779527559
0
LINE
8
BLACK
6
CONTINUOUS
10
-0.3147787401574803
20
0.3289713779527559
11
-0.3159204330708661
21
0.3264634251968504
0
LINE
8
BLACK
6
CONTINUOUS
10
-0.3159204330708661
20
0.3264634251968504
11
-0.3159203937007874
21
0.3264630708661417
0
LINE
8
BLACK
6
CONTINUOUS
10
-0.3159203937007874
20
0.3264630708661417
11
-0.3159207480314961
21
0.3264627165354331
0
LINE
8
BLACK
6
CONTINUOUS
10
-0.3159207480314961
20
0.3264627165354331
11
-0.3159783858267716
21
0.3263360236220472
0
LINE
8
BLACK
6
CONTINUOUS
10
-0.3159783858267716
20
0.3263360236220472
11
-0.3164492913385827
21
0.3257292519685039
0
LINE
8
BLACK
6
CONTINUOUS
10
-0.3164492913385827
20
0.3257292519685039
11
-0.3166382283464567
21
0.3256662992125984
0
LINE
8
BLACK
6
CONTINUOUS
10
-0.3166382283464567
20
0.3256662992125984
11
-0.31775
21
0.3244322047244094
0
LINE
8
BLACK
6
CONTINUOUS
10
-0.31775
20
0.3244322047244094
11
-0.3177517716535433
21
0.3244267716535433
0
LINE
8
BLACK
6
CONTINUOUS
10
-0.3177517716535433
20
0.3244267716535433
11
-0.317757874015748
21
0.3244234645669291
0
LINE
8
BLACK
6
CONTINUOUS
10
-0.317757874015748
20
0.3244234645669291
11
-0.3178468897637795
21
0.3243246062992126
0
LINE
8
BLACK
6
CONTINUOUS
10
-0.3178468897637795
20
0.3243246062992126
11
-0.3184855118110236
21
0.323897874015748
0
LINE
8
BLACK
6
CONTINUOUS
10
-0.3184855118110236
20
0.323897874015748
11
-0.3187196456692913
21
0.323897874015748
0
LINE
8
BLACK
6
CONTINUOUS
10
-0.3187196456692913
20
0.323897874015748
11
-0.321358188976378
21
0.322456062992126
0
LINE
8
BLACK
6
CONTINUOUS
10
-0.321358188976378
20
0.322456062992126
11
-0.3214532677165354
21
0.3224300393700787
0
LINE
8
BLACK
6
CONTINUOUS
10
-0.3214532677165354
20
0.3224300393700787
11
-0.3214851968503937
21
0.3223980708661418
0
LINE
8
BLACK
6
CONTINUOUS
10
-0.3214851968503937
20
0.3223980708661418
11
-0.3215844488188976
21
0.3223941338582677
0
LINE
8
BLACK
6
CONTINUOUS
10
-0.3215844488188976
20
0.3223941338582677
11
-0.3220989763779528
21
0.3222531889763779
0
LINE
8
BLACK
6
CONTINUOUS
10
-0.3220989763779528
20
0.3222531889763779
11
-0.3224214960629921
21
0.3223607086614173
0
LINE
8
BLACK
6
CONTINUOUS
10
-0.3224214960629921
20
0.3223607086614173
11
-0.3252381102362205
21
0.3222482283464567
0
LINE
8
BLACK
6
CONTINUOUS
10
-0.3252381102362205
20
0.3222482283464567
11
-0.325334842519685
21
0.3222674803149606
0
LINE
8
BLACK
6
CONTINUOUS
10
-0.325334842519685
20
0.3222674803149606
11
-0.3253776377952756
21
0.3222531889763779
0
LINE
8
BLACK
6
CONTINUOUS
10
-0.3253776377952756
20
0.3222531889763779
11
-0.3254665748031496
21
0.3222937007874015
0
LINE
8
BLACK
6
CONTINUOUS
10
-0.3254665748031496
20
0.3222937007874015
11
-0.3259914173228347
21
0.3223980708661418
0
LINE
8
BLACK
6
CONTINUOUS
10
-0.3259914173228347
20
0.3223980708661418
11
-0.3262383464566929
21
0.322645
0
LINE
8
BLACK
6
CONTINUOUS
10
-0.3262383464566929
20
0.322645
11
-0.3289907874015748
21
0.3238979133858267
0
LINE
8
BLACK
6
CONTINUOUS
10
-0.3289907874015748
20
0.3238979133858267
11
-0.3289911023622047
21
0.3238979133858267
0
LINE
8
BLACK
6
CONTINUOUS
10
-0.3289911023622047
20
0.3238979133858267
11
-0.3289914566929134
21
0.3238982283464567
0
LINE
8
BLACK
6
CONTINUOUS
10
-0.3289914566929134
20
0.3238982283464567
11
-0.3291180708661417
21
0.3239558661417323
0
LINE
8
BLACK
6
CONTINUOUS
10
-0.3291180708661417
20
0.3239558661417323
11
-0.329724842519685
21
0.3244267716535433
0
LINE
8
BLACK
6
CONTINUOUS
10
-0.329724842519685
20
0.3244267716535433
11
-0.3297878346456693
21
0.3246157086614173
0
LINE
8
BLACK
6
CONTINUOUS
10
-0.3297878346456693
20
0.3246157086614173
11
-0.3310218503937008
21
0.3257274409448819
0
LINE
8
BLACK
6
CONTINUOUS
10
-0.3310218503937008
20
0.3257274409448819
11
-0.3310273228346456
21
0.3257292519685039
0
LINE
8
BLACK
6
CONTINUOUS
10
-0.3310273228346456
20
0.3257292519685039
11
-0.3310307086614173
21
0.3257354330708661
0
LINE
8
BLACK
6
CONTINUOUS
10
-0.3310307086614173
20
0.3257354330708661
11
-0.3311295275590551
21
0.3258244488188976
0
LINE
8
BLACK
6
CONTINUOUS
10
-0.3311295275590551
20
0.3258244488188976
11
-0.3315562204724409
21
0.3264630708661417
0
LINE
8
BLACK
6
CONTINUOUS
10
-0.3315562204724409
20
0.3264630708661417
11
-0.3315562204724409
21
0.3266971653543307
0
LINE
8
BLACK
6
CONTINUOUS
10
-0.3315562204724409
20
0.3266971653543307
11
-0.332998031496063
21
0.3293356299212598
0
LINE
8
BLACK
6
CONTINUOUS
10
-0.332998031496063
20
0.3293356299212598
11
-0.333200905511811
21
0.3300764173228347
0
LINE
8
BLACK
6
CONTINUOUS
10
-0.333200905511811
20
0.3300764173228347
11
-0.3331459842519685
21
0.3302412992125984
0
LINE
8
BLACK
6
CONTINUOUS
10
-0.3331459842519685
20
0.3302412992125984
11
-0.3346468897637795
21
0.3357377952755906
0
LINE
8
BLACK
6
CONTINUOUS
10
-0.3346468897637795
20
0.3357377952755906
11
-0.3346842125984252
21
0.3365049606299212
0
LINE
8
BLACK
6
CONTINUOUS
10
-0.3346842125984252
20
0.3365049606299212
11
-0.3345779921259843
21
0.3366820472440945
0
LINE
8
BLACK
6
CONTINUOUS
10
-0.3345779921259843
20
0.3366820472440945
11
-0.3347056692913385
21
0.3437142913385827
0
LINE
8
BLACK
6
CONTINUOUS
10
-0.3347056692913385
20
0.3437142913385827
11
-0.3345558267716535
21
0.3444675984251969
0
LINE
8
BLACK
6
CONTINUOUS
10
-0.3345558267716535
20
0.3444675984251969
11
-0.3344153937007874
21
0.3446080708661417
0
LINE
8
BLACK
6
CONTINUOUS
10
-0.3344153937007874
20
0.3446080708661417
11
-0.3331470866141732
21
0.3501909842519685
0
LINE
8
BLACK
6
CONTINUOUS
10
-0.3331470866141732
20
0.3501909842519685
11
-0.3328190157480315
21
0.3508854724409449
0
LINE
8
BLACK
6
CONTINUOUS
10
-0.3328190157480315
20
0.3508854724409449
11
-0.332697874015748
21
0.3509581889763779
0
LINE
8
BLACK
6
CONTINUOUS
10
-0.332697874015748
20
0.3509581889763779
11
-0.3315562204724409
21
0.3534661811023622
0
LINE
8
BLACK
6
CONTINUOUS
10
-0.3315562204724409
20
0.3534661811023622
11
-0.3315562204724409
21
0.3534664960629921
0
LINE
8
BLACK
6
CONTINUOUS
10
-0.3315562204724409
20
0.3534664960629921
11
-0.331555905511811
21
0.3534668897637795
0
LINE
8
BLACK
6
CONTINUOUS
10
-0.331555905511811
20
0.3534668897637795
11
-0.3314982283464567
21
0.3535935433070866
0
LINE
8
BLACK
6
CONTINUOUS
10
-0.3314982283464567
20
0.3535935433070866
11
-0.3310273228346456
21
0.3542002755905512
0
LINE
8
BLACK
6
CONTINUOUS
10
-0.3310273228346456
20
0.3542002755905512
11
-0.3308384645669291
21
0.3542632677165354
0
LINE
8
BLACK
6
CONTINUOUS
10
-0.3308384645669291
20
0.3542632677165354
11
-0.3297266535433071
21
0.3554973622047244
0
LINE
8
BLACK
6
CONTINUOUS
10
-0.3297266535433071
20
0.3554973622047244
11
-0.329724842519685
21
0.3555027559055118
0
LINE
8
BLACK
6
CONTINUOUS
10
-0.329724842519685
20
0.3555027559055118
11
-0.3297188188976378
21
0.3555061023622047
0
LINE
8
BLACK
6
CONTINUOUS
10
-0.3297188188976378
20
0.3555061023622047
11
-0.3296297244094488
21
0.3556049212598425
0
LINE
8
BLACK
6
CONTINUOUS
10
-0.3296297244094488
20
0.3556049212598425
11
-0.3289911023622047
21
0.3560316535433071
0
LINE
8
BLACK
6
CONTINUOUS
10
-0.3289911023622047
20
0.3560316535433071
11
-0.328756968503937
21
0.3560316535433071
0
LINE
8
BLACK
6
CONTINUOUS
10
-0.328756968503937
20
0.3560316535433071
11
-0.3261184251968504
21
0.3574735039370079
0
LINE
8
BLACK
6
CONTINUOUS
10
-0.3261184251968504
20
0.3574735039370079
11
-0.3260233464566929
21
0.3574995669291339
0
LINE
8
BLACK
6
CONTINUOUS
10
-0.3260233464566929
20
0.3574995669291339
11
-0.3259914173228347
21
0.3575314566929134
0
LINE
8
BLACK
6
CONTINUOUS
10
-0.3259914173228347
20
0.3575314566929134
11
-0.3258923228346456
21
0.3575354330708662
0
LINE
8
BLACK
6
CONTINUOUS
10
-0.3258923228346456
20
0.3575354330708662
11
-0.3253776377952756
21
0.3576763385826772
0
LINE
8
BLACK
6
CONTINUOUS
10
-0.3253776377952756
20
0.3576763385826772
11
-0.3250551574803149
21
0.3575688582677165
0
LINE
8
BLACK
6
CONTINUOUS
10
-0.3250551574803149
20
0.3575688582677165
11
-0.3222385039370079
21
0.3576812992125984
0
LINE
8
BLACK
6
CONTINUOUS
10
-0.3222385039370079
20
0.3576812992125984
11
-0.322141811023622
21
0.3576620866141732
0
LINE
8
BLACK
6
CONTINUOUS
10
-0.3249738188976378
20
0.3537548818897638
11
-0.3272967716535433
21
0.3524855118110236
0
LINE
8
BLACK
6
CONTINUOUS
10
-0.3272967716535433
20
0.3524855118110236
11
-0.3283425984251969
21
0.3513246850393701
0
LINE
8
BLACK
6
CONTINUOUS
10
-0.3283425984251969
20
0.3513246850393701
11
-0.3294766929133858
21
0.3488332283464567
0
LINE
8
BLACK
6
CONTINUOUS
10
-0.3294766929133858
20
0.3488332283464567
11
-0.329588937007874
21
0.3486886220472441
0
LINE
8
BLACK
6
CONTINUOUS
10
-0.329588937007874
20
0.3486886220472441
11
-0.3308274409448819
21
0.3432368503937008
0
LINE
8
BLACK
6
CONTINUOUS
10
-0.3308274409448819
20
0.3432368503937008
11
-0.3308936220472441
21
0.3430968110236221
0
LINE
8
BLACK
6
CONTINUOUS
10
-0.3308936220472441
20
0.3430968110236221
11
-0.3307686614173228
21
0.3362152362204724
0
LINE
8
BLACK
6
CONTINUOUS
10
-0.3307686614173228
20
0.3362152362204724
11
-0.3307968503937008
21
0.3360736220472441
0
LINE
8
BLACK
6
CONTINUOUS
10
-0.3307968503937008
20
0.3360736220472441
11
-0.3293276377952756
21
0.3306933858267717
0
LINE
8
BLACK
6
CONTINUOUS
10
-0.3293276377952756
20
0.3306933858267717
11
-0.3293209842519685
21
0.3305563779527559
0
LINE
8
BLACK
6
CONTINUOUS
10
-0.3293209842519685
20
0.3305563779527559
11
-0.3280100393700787
21
0.3281573622047244
0
LINE
8
BLACK
6
CONTINUOUS
10
-0.3280100393700787
20
0.3281573622047244
11
-0.3268491732283464
21
0.3271114960629921
0
LINE
8
BLACK
6
CONTINUOUS
10
-0.3268491732283464
20
0.3271114960629921
11
-0.3246066535433071
21
0.3260907086614173
0
LINE
8
BLACK
6
CONTINUOUS
10
-0.3246066535433071
20
0.3260907086614173
11
-0.3225028346456693
21
0.3261746850393701
0
LINE
8
BLACK
6
CONTINUOUS
10
-0.3225028346456693
20
0.3261746850393701
11
-0.320179842519685
21
0.327444094488189
0
LINE
8
BLACK
6
CONTINUOUS
10
-0.320179842519685
20
0.327444094488189
11
-0.3191340551181102
21
0.328605
0
LINE
8
BLACK
6
CONTINUOUS
10
-0.3191340551181102
20
0.328605
11
-0.3179999212598425
21
0.3310963385826772
0
LINE
8
BLACK
6
CONTINUOUS
10
-0.3179999212598425
20
0.3310963385826772
11
-0.3178876377952756
21
0.331241062992126
0
LINE
8
BLACK
6
CONTINUOUS
10
-0.3178876377952756
20
0.331241062992126
11
-0.3166491338582677
21
0.3366926771653543
0
LINE
8
BLACK
6
CONTINUOUS
10
-0.3166491338582677
20
0.3366926771653543
11
-0.3165829921259842
21
0.3368327952755906
0
LINE
8
BLACK
6
CONTINUOUS
10
-0.3165829921259842
20
0.3368327952755906
11
-0.3167079133858268
21
0.3437142913385827
0
LINE
8
BLACK
6
CONTINUOUS
10
-0.3167079133858268
20
0.3437142913385827
11
-0.3166797637795276
21
0.343855905511811
0
LINE
8
BLACK
6
CONTINUOUS
10
-0.3166797637795276
20
0.343855905511811
11
-0.3181489763779528
21
0.3492361023622047
0
LINE
8
BLACK
6
CONTINUOUS
10
-0.3181489763779528
20
0.3492361023622047
11
-0.3181556692913386
21
0.3493732283464567
0
LINE
8
BLACK
6
CONTINUOUS
10
-0.3181556692913386
20
0.3493732283464567
11
-0.3194665748031496
21
0.3517722047244095
0
LINE
8
BLACK
6
CONTINUOUS
10
-0.3194665748031496
20
0.3517722047244095
11
-0.3206274015748031
21
0.352818031496063
0
LINE
8
BLACK
6
CONTINUOUS
10
-0.3206274015748031
20
0.352818031496063
11
-0.32287
21
0.3538388582677165
0
LINE
8
BLACK
6
CONTINUOUS
10
-0.32287
20
0.3538388582677165
11
-0.3249738188976378
21
0.3537548818897638
0
LINE
8
BLACK
6
CONTINUOUS
10
-0.2935620866141732
20
0.3575314566929134
11
-0.2929887401574803
21
0.3575314566929134
0
LINE
8
BLACK
6
CONTINUOUS
10
-0.2929887401574803
20
0.3575314566929134
11
-0.2928454330708661
21
0.3573881496062992
0
LINE
8
BLACK
6
CONTINUOUS
10
-0.2928454330708661
20
0.3573881496062992
11
-0.2926466929133858
21
0.3573483858267716
0
LINE
8
BLACK
6
CONTINUOUS
10
-0.2926466929133858
20
0.3573483858267716
11
-0.2922715354330709
21
0.3568142519685039
0
LINE
8
BLACK
6
CONTINUOUS
10
-0.2922715354330709
20
0.3568142519685039
11
-0.2919233858267716
21
0.3564661023622047
0
LINE
8
BLACK
6
CONTINUOUS
10
-0.2919233858267716
20
0.3564661023622047
11
-0.2919227165354331
21
0.3563176377952756
0
LINE
8
BLACK
6
CONTINUOUS
10
-0.2919227165354331
20
0.3563176377952756
11
-0.2891045275590551
21
0.3523053149606299
0
LINE
8
BLACK
6
CONTINUOUS
10
-0.2891045275590551
20
0.3523053149606299
11
-0.2890327165354331
21
0.3521313779527559
0
LINE
8
BLACK
6
CONTINUOUS
10
-0.2890327165354331
20
0.3521313779527559
11
-0.286353937007874
21
0.3496085826771653
0
LINE
8
BLACK
6
CONTINUOUS
10
-0.286353937007874
20
0.3496085826771653
11
-0.2838627952755906
21
0.3484746062992126
0
LINE
8
BLACK
6
CONTINUOUS
10
-0.2838627952755906
20
0.3484746062992126
11
-0.283256062992126
21
0.3480037007874016
0
LINE
8
BLACK
6
CONTINUOUS
10
-0.283256062992126
20
0.3480037007874016
11
-0.2827796062992126
21
0.3465744094488189
0
LINE
8
BLACK
6
CONTINUOUS
10
-0.2827796062992126
20
0.3465744094488189
11
-0.2834533858267717
21
0.3452268503937008
0
LINE
8
BLACK
6
CONTINUOUS
10
-0.2834533858267717
20
0.3452268503937008
11
-0.2848826771653543
21
0.3447503937007874
0
LINE
8
BLACK
6
CONTINUOUS
10
-0.2848826771653543
20
0.3447503937007874
11
-0.2884957086614173
21
0.3463950787401575
0
LINE
8
BLACK
6
CONTINUOUS
10
-0.2884957086614173
20
0.3463950787401575
11
-0.2884961023622047
21
0.3463950787401575
0
LINE
8
BLACK
6
CONTINUOUS
10
-0.2884961023622047
20
0.3463950787401575
11
-0.2884964960629921
21
0.3463954330708661
0
LINE
8
BLACK
6
CONTINUOUS
10
-0.2884964960629921
20
0.3463954330708661
11
-0.2886231102362204
21
0.3464530708661417
0
LINE
8
BLACK
6
CONTINUOUS
10
-0.2886231102362204
20
0.3464530708661417
11
-0.2892298818897638
21
0.3469239763779527
0
LINE
8
BLACK
6
CONTINUOUS
10
-0.2892298818897638
20
0.3469239763779527
11
-0.2893087007874016
21
0.3471603543307086
0
LINE
8
BLACK
6
CONTINUOUS
10
-0.2893087007874016
20
0.3471603543307086
11
-0.2918914566929134
21
0.3495927165354331
0
LINE
8
BLACK
6
CONTINUOUS
10
-0.2918914566929134
20
0.3495927165354331
11
-0.2917824409448819
21
0.3261290157480315
0
LINE
8
BLACK
6
CONTINUOUS
10
-0.2917824409448819
20
0.3261290157480315
11
-0.2847431496062992
21
0.3261852362204724
0
LINE
8
BLACK
6
CONTINUOUS
10
-0.2847431496062992
20
0.3261852362204724
11
-0.283989842519685
21
0.3260353937007874
0
LINE
8
BLACK
6
CONTINUOUS
10
-0.283989842519685
20
0.3260353937007874
11
-0.2829244881889764
21
0.3249700393700787
0
LINE
8
BLACK
6
CONTINUOUS
10
-0.2829244881889764
20
0.3249700393700787
11
-0.2829244881889764
21
0.3234634251968504
0
LINE
8
BLACK
6
CONTINUOUS
10
-0.2829244881889764
20
0.3234634251968504
11
-0.283989842519685
21
0.3223980708661418
0
LINE
8
BLACK
6
CONTINUOUS
10
-0.283989842519685
20
0.3223980708661418
11
-0.302740905511811
21
0.3222482283464567
0
LINE
8
BLACK
6
CONTINUOUS
10
-0.302740905511811
20
0.3222482283464567
11
-0.3034942125984252
21
0.3223980708661418
0
LINE
8
BLACK
6
CONTINUOUS
10
-0.3034942125984252
20
0.3223980708661418
11
-0.3045595669291338
21
0.3234634251968504
0
LINE
8
BLACK
6
CONTINUOUS
10
-0.3045595669291338
20
0.3234634251968504
11
-0.3045595669291338
21
0.3249700393700787
0
LINE
8
BLACK
6
CONTINUOUS
10
-0.3045595669291338
20
0.3249700393700787
11
-0.3034942125984252
21
0.3260353937007874
0
LINE
8
BLACK
6
CONTINUOUS
10
-0.3034942125984252
20
0.3260353937007874
11
-0.2955729921259843
21
0.3260987007874016
0
LINE
8
BLACK
6
CONTINUOUS
10
-0.2955729921259843
20
0.3260987007874016
11
-0.2957105511811023
21
0.3557127952755905
0
LINE
8
BLACK
6
CONTINUOUS
10
-0.2957105511811023
20
0.3557127952755905
11
-0.2955607086614173
21
0.3564661023622047
0
LINE
8
BLACK
6
CONTINUOUS
10
-0.2955607086614173
20
0.3564661023622047
11
-0.2954174015748031
21
0.3566094488188976
0
LINE
8
BLACK
6
CONTINUOUS
10
-0.2954174015748031
20
0.3566094488188976
11
-0.2953776377952756
21
0.3568081496062992
0
LINE
8
BLACK
6
CONTINUOUS
10
-0.2953776377952756
20
0.3568081496062992
11
-0.2949007086614173
21
0.3571261417322835
0
LINE
8
BLACK
6
CONTINUOUS
10
-0.2949007086614173
20
0.3571261417322835
11
-0.2944953543307087
21
0.3575314566929134
0
LINE
8
BLACK
6
CONTINUOUS
10
-0.2944953543307087
20
0.3575314566929134
11
-0.2942926771653543
21
0.3575314566929134
0
LINE
8
BLACK
6
CONTINUOUS
10
-0.2942926771653543
20
0.3575314566929134
11
-0.294124094488189
21
0.3576438582677166
0
LINE
8
BLACK
6
CONTINUOUS
10
-0.294124094488189
20
0.3576438582677166
11
-0.2935620866141732
21
0.3575314566929134
0
LINE
8
BLACK
6
CONTINUOUS
10
-0.398913031496063
20
0.3575314566929134
11
-0.3978476771653543
21
0.3564661023622047
0
LINE
8
BLACK
6
CONTINUOUS
10
-0.3978476771653543
20
0.3564661023622047
11
-0.3976978346456693
21
0.3242167322834645
0
LINE
8
BLACK
6
CONTINUOUS
10
-0.3976978346456693
20
0.3242167322834645
11
-0.3978476771653543
21
0.3234634251968504
0
LINE
8
BLACK
6
CONTINUOUS
10
-0.3978476771653543
20
0.3234634251968504
11
-0.398913031496063
21
0.3223980708661418
0
LINE
8
BLACK
6
CONTINUOUS
10
-0.398913031496063
20
0.3223980708661418
11
-0.4004196456692913
21
0.3223980708661418
0
LINE
8
BLACK
6
CONTINUOUS
10
-0.4004196456692913
20
0.3223980708661418
11
-0.401485
21
0.3234634251968504
0
LINE
8
BLACK
6
CONTINUOUS
10
-0.401485
20
0.3234634251968504
11
-0.4015496062992126
21
0.3373652755905512
0
LINE
8
BLACK
6
CONTINUOUS
10
-0.4015496062992126
20
0.3373652755905512
11
-0.4062617322834646
21
0.3373098818897638
0
LINE
8
BLACK
6
CONTINUOUS
10
-0.4062617322834646
20
0.3373098818897638
11
-0.4160514173228346
21
0.323087874015748
0
LINE
8
BLACK
6
CONTINUOUS
10
-0.4160514173228346
20
0.323087874015748
11
-0.4166061811023622
21
0.3225566535433071
0
LINE
8
BLACK
6
CONTINUOUS
10
-0.4166061811023622
20
0.3225566535433071
11
-0.4180898818897638
21
0.322294842519685
0
LINE
8
BLACK
6
CONTINUOUS
10
-0.4180898818897638
20
0.322294842519685
11
-0.4193241732283464
21
0.3231588188976378
0
LINE
8
BLACK
6
CONTINUOUS
10
-0.4193241732283464
20
0.3231588188976378
11
-0.4195859842519685
21
0.3246425196850394
0
LINE
8
BLACK
6
CONTINUOUS
10
-0.4195859842519685
20
0.3246425196850394
11
-0.4109040157480315
21
0.3372553543307086
0
LINE
8
BLACK
6
CONTINUOUS
10
-0.4109040157480315
20
0.3372553543307086
11
-0.411664842519685
21
0.3372463779527559
0
LINE
8
BLACK
6
CONTINUOUS
10
-0.411664842519685
20
0.3372463779527559
11
-0.4117615748031496
21
0.3372656299212599
0
LINE
8
BLACK
6
CONTINUOUS
10
-0.4117615748031496
20
0.3372656299212599
11
-0.4118044094488189
21
0.3372513385826771
0
LINE
8
BLACK
6
CONTINUOUS
10
-0.4118044094488189
20
0.3372513385826771
11
-0.4118933858267717
21
0.3372918503937008
0
LINE
8
BLACK
6
CONTINUOUS
10
-0.4118933858267717
20
0.3372918503937008
11
-0.4124181496062992
21
0.3373962204724409
0
LINE
8
BLACK
6
CONTINUOUS
10
-0.4124181496062992
20
0.3373962204724409
11
-0.4126650393700788
21
0.3376431102362205
0
LINE
8
BLACK
6
CONTINUOUS
10
-0.4126650393700788
20
0.3376431102362205
11
-0.4154174015748031
21
0.3388960236220472
0
LINE
8
BLACK
6
CONTINUOUS
10
-0.4154174015748031
20
0.3388960236220472
11
-0.4154177952755905
21
0.3388960236220472
0
LINE
8
BLACK
6
CONTINUOUS
10
-0.4154177952755905
20
0.3388960236220472
11
-0.4154182283464567
21
0.3388964173228347
0
LINE
8
BLACK
6
CONTINUOUS
10
-0.4154182283464567
20
0.3388964173228347
11
-0.4155448031496063
21
0.3389540157480315
0
LINE
8
BLACK
6
CONTINUOUS
10
-0.4155448031496063
20
0.3389540157480315
11
-0.4161515748031496
21
0.3394249212598425
0
LINE
8
BLACK
6
CONTINUOUS
10
-0.4161515748031496
20
0.3394249212598425
11
-0.4162145669291338
21
0.3396138582677165
0
LINE
8
BLACK
6
CONTINUOUS
10
-0.4162145669291338
20
0.3396138582677165
11
-0.4174485433070866
21
0.3407255905511811
0
LINE
8
BLACK
6
CONTINUOUS
10
-0.4174485433070866
20
0.3407255905511811
11
-0.4174540157480315
21
0.3407274015748031
0
LINE
8
BLACK
6
CONTINUOUS
10
-0.4174540157480315
20
0.3407274015748031
11
-0.4174574015748032
21
0.3407335433070866
0
LINE
8
BLACK
6
CONTINUOUS
10
-0.4174574015748032
20
0.3407335433070866
11
-0.4175561811023622
21
0.3408225590551181
0
LINE
8
BLACK
6
CONTINUOUS
10
-0.4175561811023622
20
0.3408225590551181
11
-0.4179829133858268
21
0.3414611811023622
0
LINE
8
BLACK
6
CONTINUOUS
10
-0.4179829133858268
20
0.3414611811023622
11
-0.4179829133858268
21
0.3416952755905512
0
LINE
8
BLACK
6
CONTINUOUS
10
-0.4179829133858268
20
0.3416952755905512
11
-0.4194247637795275
21
0.3443337795275591
0
LINE
8
BLACK
6
CONTINUOUS
10
-0.4194247637795275
20
0.3443337795275591
11
-0.4194508267716535
21
0.3444288976377953
0
LINE
8
BLACK
6
CONTINUOUS
10
-0.4194508267716535
20
0.3444288976377953
11
-0.4194827559055118
21
0.3444608267716535
0
LINE
8
BLACK
6
CONTINUOUS
10
-0.4194827559055118
20
0.3444608267716535
11
-0.4194854724409449
21
0.3445553937007874
0
LINE
8
BLACK
6
CONTINUOUS
10
-0.4194854724409449
20
0.3445553937007874
11
-0.4196276377952756
21
0.3450745669291339
0
LINE
8
BLACK
6
CONTINUOUS
10
-0.4196276377952756
20
0.3450745669291339
11
-0.4195103149606299
21
0.3454266141732283
0
LINE
8
BLACK
6
CONTINUOUS
10
-0.4195103149606299
20
0.3454266141732283
11
-0.4196325984251968
21
0.3497135433070866
0
LINE
8
BLACK
6
CONTINUOUS
10
-0.4196325984251968
20
0.3497135433070866
11
-0.4196133858267717
21
0.3498102755905512
0
LINE
8
BLACK
6
CONTINUOUS
10
-0.4196133858267717
20
0.3498102755905512
11
-0.4196276377952756
21
0.3498531102362205
0
LINE
8
BLACK
6
CONTINUOUS
10
-0.4196276377952756
20
0.3498531102362205
11
-0.4195871653543307
21
0.3499420866141732
0
LINE
8
BLACK
6
CONTINUOUS
10
-0.4195871653543307
20
0.3499420866141732
11
-0.4194827559055118
21
0.3504668503937008
0
LINE
8
BLACK
6
CONTINUOUS
10
-0.4194827559055118
20
0.3504668503937008
11
-0.4192358661417322
21
0.3507137795275591
0
LINE
8
BLACK
6
CONTINUOUS
10
-0.4192358661417322
20
0.3507137795275591
11
-0.4179829133858268
21
0.3534661811023622
0
LINE
8
BLACK
6
CONTINUOUS
10
-0.4179829133858268
20
0.3534661811023622
11
-0.4179829133858268
21
0.3534664960629921
0
LINE
8
BLACK
6
CONTINUOUS
10
-0.4179829133858268
20
0.3534664960629921
11
-0.4179825984251969
21
0.3534668503937008
0
LINE
8
BLACK
6
CONTINUOUS
10
-0.4179825984251969
20
0.3534668503937008
11
-0.4179249212598425
21
0.3535935433070866
0
LINE
8
BLACK
6
CONTINUOUS
10
-0.4179249212598425
20
0.3535935433070866
11
-0.4174540157480315
21
0.3542002755905512
0
LINE
8
BLACK
6
CONTINUOUS
10
-0.4174540157480315
20
0.3542002755905512
11
-0.417265157480315
21
0.3542632677165354
0
LINE
8
BLACK
6
CONTINUOUS
10
-0.417265157480315
20
0.3542632677165354
11
-0.4161534251968504
21
0.3554972834645669
0
LINE
8
BLACK
6
CONTINUOUS
10
-0.4161534251968504
20
0.3554972834645669
11
-0.4161515748031496
21
0.3555027559055118
0
LINE
8
BLACK
6
CONTINUOUS
10
-0.4161515748031496
20
0.3555027559055118
11
-0.4161454724409449
21
0.3555061417322835
0
LINE
8
BLACK
6
CONTINUOUS
10
-0.4161454724409449
20
0.3555061417322835
11
-0.4160564173228347
21
0.3556049212598425
0
LINE
8
BLACK
6
CONTINUOUS
10
-0.4160564173228347
20
0.3556049212598425
11
-0.4154177952755905
21
0.3560316535433071
0
LINE
8
BLACK
6
CONTINUOUS
10
-0.4154177952755905
20
0.3560316535433071
11
-0.4151837007874016
21
0.3560316535433071
0
LINE
8
BLACK
6
CONTINUOUS
10
-0.4151837007874016
20
0.3560316535433071
11
-0.4125451968503937
21
0.3574734645669291
0
LINE
8
BLACK
6
CONTINUOUS
10
-0.4125451968503937
20
0.3574734645669291
11
-0.4124501181102362
21
0.3574995275590551
0
LINE
8
BLACK
6
CONTINUOUS
10
-0.4124501181102362
20
0.3574995275590551
11
-0.4124181496062992
21
0.3575314566929134
0
LINE
8
BLACK
6
CONTINUOUS
10
-0.4124181496062992
20
0.3575314566929134
11
-0.4123296456692913
21
0.3575325196850394
0
LINE
8
BLACK
6
CONTINUOUS
10
-0.4123296456692913
20
0.3575325196850394
11
-0.4118044094488189
21
0.3576763385826772
0
LINE
8
BLACK
6
CONTINUOUS
10
-0.4118044094488189
20
0.3576763385826772
11
-0.4114054724409449
21
0.3575433858267716
0
LINE
8
BLACK
6
CONTINUOUS
10
-0.4114054724409449
20
0.3575433858267716
11
-0.3996663385826771
21
0.3576812992125984
0
LINE
8
BLACK
6
CONTINUOUS
10
-0.3996663385826771
20
0.3576812992125984
11
-0.398913031496063
21
0.3575314566929134
0
LINE
8
BLACK
6
CONTINUOUS
10
-0.4114144488188976
20
0.3537472440944882
11
-0.4137235039370079
21
0.3524854724409449
0
LINE
8
BLACK
6
CONTINUOUS
10
-0.4137235039370079
20
0.3524854724409449
11
-0.4147692913385826
21
0.3513246850393701
0
LINE
8
BLACK
6
CONTINUOUS
10
-0.4147692913385826
20
0.3513246850393701
11
-0.415805
21
0.3490494094488189
0
LINE
8
BLACK
6
CONTINUOUS
10
-0.415805
20
0.3490494094488189
11
-0.4157029921259842
21
0.345472716535433
0
LINE
8
BLACK
6
CONTINUOUS
10
-0.4157029921259842
20
0.345472716535433
11
-0.4144367322834646
21
0.3431554724409449
0
LINE
8
BLACK
6
CONTINUOUS
10
-0.4144367322834646
20
0.3431554724409449
11
-0.4132758661417323
21
0.3421096850393701
0
LINE
8
BLACK
6
CONTINUOUS
10
-0.4132758661417323
20
0.3421096850393701
11
-0.4109498031496063
21
0.3410508267716535
0
LINE
8
BLACK
6
CONTINUOUS
10
-0.4109498031496063
20
0.3410508267716535
11
-0.4069612204724409
21
0.3410976771653543
0
LINE
8
BLACK
6
CONTINUOUS
10
-0.4069612204724409
20
0.3410976771653543
11
-0.4067396062992126
21
0.3411367716535433
0
LINE
8
BLACK
6
CONTINUOUS
10
-0.4067396062992126
20
0.3411367716535433
11
-0.4066883464566929
21
0.341100905511811
0
LINE
8
BLACK
6
CONTINUOUS
10
-0.4066883464566929
20
0.341100905511811
11
-0.4015672440944882
21
0.341161062992126
0
LINE
8
BLACK
6
CONTINUOUS
10
-0.4015672440944882
20
0.341161062992126
11
-0.4016262598425197
21
0.3538622834645669
0
LINE
8
BLACK
6
CONTINUOUS
10
-0.4016262598425197
20
0.3538622834645669
11
-0.4114144488188976
21
0.3537472440944882
0
LINE
8
BLACK
6
CONTINUOUS
10
-0.2539936220472441
20
0.3575314566929134
11
-0.2529282677165354
21
0.3564661023622047
0
LINE
8
BLACK
6
CONTINUOUS
10
-0.2529282677165354
20
0.3564661023622047
11
-0.2527784251968504
21
0.3242167322834645
0
LINE
8
BLACK
6
CONTINUOUS
10
-0.2527784251968504
20
0.3242167322834645
11
-0.2529282677165354
21
0.3234634251968504
0
LINE
8
BLACK
6
CONTINUOUS
10
-0.2529282677165354
20
0.3234634251968504
11
-0.2539936220472441
21
0.3223980708661418
0
LINE
8
BLACK
6
CONTINUOUS
10
-0.2539936220472441
20
0.3223980708661418
11
-0.2555002362204724
21
0.3223980708661418
0
LINE
8
BLACK
6
CONTINUOUS
10
-0.2555002362204724
20
0.3223980708661418
11
-0.2565655905511811
21
0.3234634251968504
0
LINE
8
BLACK
6
CONTINUOUS
10
-0.2565655905511811
20
0.3234634251968504
11
-0.2566301968503937
21
0.3373652755905512
0
LINE
8
BLACK
6
CONTINUOUS
10
-0.2566301968503937
20
0.3373652755905512
11
-0.2613423228346456
21
0.3373098818897638
0
LINE
8
BLACK
6
CONTINUOUS
10
-0.2613423228346456
20
0.3373098818897638
11
-0.2711320078740158
21
0.323087874015748
0
LINE
8
BLACK
6
CONTINUOUS
10
-0.2711320078740158
20
0.323087874015748
11
-0.2716867716535433
21
0.3225566535433071
0
LINE
8
BLACK
6
CONTINUOUS
10
-0.2716867716535433
20
0.3225566535433071
11
-0.2731704724409449
21
0.322294842519685
0
LINE
8
BLACK
6
CONTINUOUS
10
-0.2731704724409449
20
0.322294842519685
11
-0.2744047637795275
21
0.3231588188976378
0
LINE
8
BLACK
6
CONTINUOUS
10
-0.2744047637795275
20
0.3231588188976378
11
-0.2746665748031496
21
0.3246425196850394
0
LINE
8
BLACK
6
CONTINUOUS
10
-0.2746665748031496
20
0.3246425196850394
11
-0.2659846062992126
21
0.3372553543307086
0
LINE
8
BLACK
6
CONTINUOUS
10
-0.2659846062992126
20
0.3372553543307086
11
-0.2667454330708661
21
0.3372463779527559
0
LINE
8
BLACK
6
CONTINUOUS
10
-0.2667454330708661
20
0.3372463779527559
11
-0.2668421653543307
21
0.3372656299212599
0
LINE
8
BLACK
6
CONTINUOUS
10
-0.2668421653543307
20
0.3372656299212599
11
-0.266885
21
0.3372513385826771
0
LINE
8
BLACK
6
CONTINUOUS
10
-0.266885
20
0.3372513385826771
11
-0.2669739763779527
21
0.3372918503937008
0
LINE
8
BLACK
6
CONTINUOUS
10
-0.2669739763779527
20
0.3372918503937008
11
-0.2674987401574803
21
0.3373962204724409
0
LINE
8
BLACK
6
CONTINUOUS
10
-0.2674987401574803
20
0.3373962204724409
11
-0.2677456299212598
21
0.3376431102362205
0
LINE
8
BLACK
6
CONTINUOUS
10
-0.2677456299212598
20
0.3376431102362205
11
-0.2704979921259842
21
0.3388960236220472
0
LINE
8
BLACK
6
CONTINUOUS
10
-0.2704979921259842
20
0.3388960236220472
11
-0.2704983858267717
21
0.3388960236220472
0
LINE
8
BLACK
6
CONTINUOUS
10
-0.2704983858267717
20
0.3388960236220472
11
-0.2704988188976378
21
0.3388964173228347
0
LINE
8
BLACK
6
CONTINUOUS
10
-0.2704988188976378
20
0.3388964173228347
11
-0.2706253937007874
21
0.3389540157480315
0
LINE
8
BLACK
6
CONTINUOUS
10
-0.2706253937007874
20
0.3389540157480315
11
-0.2712321653543307
21
0.3394249212598425
0
LINE
8
BLACK
6
CONTINUOUS
10
-0.2712321653543307
20
0.3394249212598425
11
-0.271295157480315
21
0.3396138582677165
0
LINE
8
BLACK
6
CONTINUOUS
10
-0.271295157480315
20
0.3396138582677165
11
-0.2725291338582677
21
0.3407255905511811
0
LINE
8
BLACK
6
CONTINUOUS
10
-0.2725291338582677
20
0.3407255905511811
11
-0.2725346062992126
21
0.3407274015748031
0
LINE
8
BLACK
6
CONTINUOUS
10
-0.2725346062992126
20
0.3407274015748031
11
-0.2725379921259842
21
0.3407335433070866
0
LINE
8
BLACK
6
CONTINUOUS
10
-0.2725379921259842
20
0.3407335433070866
11
-0.2726367716535433
21
0.3408225590551181
0
LINE
8
BLACK
6
CONTINUOUS
10
-0.2726367716535433
20
0.3408225590551181
11
-0.2730635039370078
21
0.3414611811023622
0
LINE
8
BLACK
6
CONTINUOUS
10
-0.2730635039370078
20
0.3414611811023622
11
-0.2730635039370078
21
0.3416952755905512
0
LINE
8
BLACK
6
CONTINUOUS
10
-0.2730635039370078
20
0.3416952755905512
11
-0.2745053543307087
21
0.3443337795275591
0
LINE
8
BLACK
6
CONTINUOUS
10
-0.2745053543307087
20
0.3443337795275591
11
-0.2745314173228346
21
0.3444288976377953
0
LINE
8
BLACK
6
CONTINUOUS
10
-0.2745314173228346
20
0.3444288976377953
11
-0.2745633464566929
21
0.3444608267716535
0
LINE
8
BLACK
6
CONTINUOUS
10
-0.2745633464566929
20
0.3444608267716535
11
-0.274566062992126
21
0.3445553937007874
0
LINE
8
BLACK
6
CONTINUOUS
10
-0.274566062992126
20
0.3445553937007874
11
-0.2747082283464567
21
0.3450745669291339
0
LINE
8
BLACK
6
CONTINUOUS
10
-0.2747082283464567
20
0.3450745669291339
11
-0.274590905511811
21
0.3454266141732283
0
LINE
8
BLACK
6
CONTINUOUS
10
-0.274590905511811
20
0.3454266141732283
11
-0.2747131889763779
21
0.3497135433070866
0
LINE
8
BLACK
6
CONTINUOUS
10
-0.2747131889763779
20
0.3497135433070866
11
-0.2746939763779527
21
0.3498102755905512
0
LINE
8
BLACK
6
CONTINUOUS
10
-0.2746939763779527
20
0.3498102755905512
11
-0.2747082283464567
21
0.3498531102362205
0
LINE
8
BLACK
6
CONTINUOUS
10
-0.2747082283464567
20
0.3498531102362205
11
-0.2746677559055118
21
0.3499420866141732
0
LINE
8
BLACK
6
CONTINUOUS
10
-0.2746677559055118
20
0.3499420866141732
11
-0.2745633464566929
21
0.3504668503937008
0
LINE
8
BLACK
6
CONTINUOUS
10
-0.2745633464566929
20
0.3504668503937008
11
-0.2743164566929134
21
0.3507137795275591
0
LINE
8
BLACK
6
CONTINUOUS
10
-0.2743164566929134
20
0.3507137795275591
11
-0.2730635039370078
21
0.3534661811023622
0
LINE
8
BLACK
6
CONTINUOUS
10
-0.2730635039370078
20
0.3534661811023622
11
-0.2730635039370078
21
0.3534664960629921
0
LINE
8
BLACK
6
CONTINUOUS
10
-0.2730635039370078
20
0.3534664960629921
11
-0.2730631889763779
21
0.3534668503937008
0
LINE
8
BLACK
6
CONTINUOUS
10
-0.2730631889763779
20
0.3534668503937008
11
-0.2730055118110236
21
0.3535935433070866
0
LINE
8
BLACK
6
CONTINUOUS
10
-0.2730055118110236
20
0.3535935433070866
11
-0.2725346062992126
21
0.3542002755905512
0
LINE
8
BLACK
6
CONTINUOUS
10
-0.2725346062992126
20
0.3542002755905512
11
-0.2723457480314961
21
0.3542632677165354
0
LINE
8
BLACK
6
CONTINUOUS
10
-0.2723457480314961
20
0.3542632677165354
11
-0.2712340157480315
21
0.3554972834645669
0
LINE
8
BLACK
6
CONTINUOUS
10
-0.2712340157480315
20
0.3554972834645669
11
-0.2712321653543307
21
0.3555027559055118
0
LINE
8
BLACK
6
CONTINUOUS
10
-0.2712321653543307
20
0.3555027559055118
11
-0.271226062992126
21
0.3555061417322835
0
LINE
8
BLACK
6
CONTINUOUS
10
-0.271226062992126
20
0.3555061417322835
11
-0.2711370078740157
21
0.3556049212598425
0
LINE
8
BLACK
6
CONTINUOUS
10
-0.2711370078740157
20
0.3556049212598425
11
-0.2704983858267717
21
0.3560316535433071
0
LINE
8
BLACK
6
CONTINUOUS
10
-0.2704983858267717
20
0.3560316535433071
11
-0.2702642913385827
21
0.3560316535433071
0
LINE
8
BLACK
6
CONTINUOUS
10
-0.2702642913385827
20
0.3560316535433071
11
-0.2676257874015748
21
0.3574734645669291
0
LINE
8
BLACK
6
CONTINUOUS
10
-0.2676257874015748
20
0.3574734645669291
11
-0.2675307086614173
21
0.3574995275590551
0
LINE
8
BLACK
6
CONTINUOUS
10
-0.2675307086614173
20
0.3574995275590551
11
-0.2674987401574803
21
0.3575314566929134
0
LINE
8
BLACK
6
CONTINUOUS
10
-0.2674987401574803
20
0.3575314566929134
11
-0.2674102362204724
21
0.3575325196850394
0
LINE
8
BLACK
6
CONTINUOUS
10
-0.2674102362204724
20
0.3575325196850394
11
-0.266885
21
0.3576763385826772
0
LINE
8
BLACK
6
CONTINUOUS
10
-0.266885
20
0.3576763385826772
11
-0.266486062992126
21
0.3575433858267716
0
LINE
8
BLACK
6
CONTINUOUS
10
-0.266486062992126
20
0.3575433858267716
11
-0.2547469291338583
21
0.3576812992125984
0
LINE
8
BLACK
6
CONTINUOUS
10
-0.2547469291338583
20
0.3576812992125984
11
-0.2539936220472441
21
0.3575314566929134
0
LINE
8
BLACK
6
CONTINUOUS
10
-0.2664950393700787
20
0.3537472440944882
11
-0.268804094488189
21
0.3524854724409449
0
LINE
8
BLACK
6
CONTINUOUS
10
-0.268804094488189
20
0.3524854724409449
11
-0.2698498818897638
21
0.3513246850393701
0
LINE
8
BLACK
6
CONTINUOUS
10
-0.2698498818897638
20
0.3513246850393701
11
-0.2708855905511811
21
0.3490494094488189
0
LINE
8
BLACK
6
CONTINUOUS
10
-0.2708855905511811
20
0.3490494094488189
11
-0.2707835826771653
21
0.345472716535433
0
LINE
8
BLACK
6
CONTINUOUS
10
-0.2707835826771653
20
0.345472716535433
11
-0.2695173228346457
21
0.3431554724409449
0
LINE
8
BLACK
6
CONTINUOUS
10
-0.2695173228346457
20
0.3431554724409449
11
-0.2683564566929134
21
0.3421096850393701
0
LINE
8
BLACK
6
CONTINUOUS
10
-0.2683564566929134
20
0.3421096850393701
11
-0.2660303937007874
21
0.3410508267716535
0
LINE
8
BLACK
6
CONTINUOUS
10
-0.2660303937007874
20
0.3410508267716535
11
-0.2620418110236221
21
0.3410976771653543
0
LINE
8
BLACK
6
CONTINUOUS
10
-0.2620418110236221
20
0.3410976771653543
11
-0.2618201968503937
21
0.3411367716535433
0
LINE
8
BLACK
6
CONTINUOUS
10
-0.2618201968503937
20
0.3411367716535433
11
-0.261768937007874
21
0.341100905511811
0
LINE
8
BLACK
6
CONTINUOUS
10
-0.261768937007874
20
0.341100905511811
11
-0.2566478346456693
21
0.341161062992126
0
LINE
8
BLACK
6
CONTINUOUS
10
-0.2566478346456693
20
0.341161062992126
11
-0.2567068503937008
21
0.3538622834645669
0
LINE
8
BLACK
6
CONTINUOUS
10
-0.2567068503937008
20
0.3538622834645669
11
-0.2664950393700787
21
0.3537472440944882
0
LINE
8
BLACK
6
CONTINUOUS
10
-0.5655957874015748
20
0.3585023622047244
11
-0.5577163385826771
21
0.3353379527559055
0
LINE
8
BLACK
6
CONTINUOUS
10
-0.5577163385826771
20
0.3353379527559055
11
-0.5576202755905512
21
0.334575905511811
0
LINE
8
BLACK
6
CONTINUOUS
10
-0.5576202755905512
20
0.334575905511811
11
-0.557765157480315
21
0.3342861417322834
0
LINE
8
BLACK
6
CONTINUOUS
10
-0.557765157480315
20
0.3342861417322834
11
-0.557765157480315
21
0.333962125984252
0
LINE
8
BLACK
6
CONTINUOUS
10
-0.557765157480315
20
0.333962125984252
11
-0.5580891732283464
21
0.3336381102362205
0
LINE
8
BLACK
6
CONTINUOUS
10
-0.5580891732283464
20
0.3336381102362205
11
-0.5582940551181103
21
0.3332283464566929
0
LINE
8
BLACK
6
CONTINUOUS
10
-0.5582940551181103
20
0.3332283464566929
11
-0.5586014173228346
21
0.333125905511811
0
LINE
8
BLACK
6
CONTINUOUS
10
-0.5586014173228346
20
0.333125905511811
11
-0.5588305118110236
21
0.3328967716535433
0
LINE
8
BLACK
6
CONTINUOUS
10
-0.5588305118110236
20
0.3328967716535433
11
-0.5592991338582677
21
0.3328933070866142
0
LINE
8
BLACK
6
CONTINUOUS
10
-0.5592991338582677
20
0.3328933070866142
11
-0.5597233464566929
21
0.3327518897637795
0
LINE
8
BLACK
6
CONTINUOUS
10
-0.5597233464566929
20
0.3327518897637795
11
-0.559995905511811
21
0.3328881496062992
0
LINE
8
BLACK
6
CONTINUOUS
10
-0.559995905511811
20
0.3328881496062992
11
-0.572672559055118
21
0.3327943700787401
0
LINE
8
BLACK
6
CONTINUOUS
10
-0.572672559055118
20
0.3327943700787401
11
-0.5726134645669291
21
0.3242167322834645
0
LINE
8
BLACK
6
CONTINUOUS
10
-0.5726134645669291
20
0.3242167322834645
11
-0.5727633070866142
21
0.3234634251968504
0
LINE
8
BLACK
6
CONTINUOUS
10
-0.5727633070866142
20
0.3234634251968504
11
-0.5738286614173228
21
0.3223980708661418
0
LINE
8
BLACK
6
CONTINUOUS
10
-0.5738286614173228
20
0.3223980708661418
11
-0.5753352755905512
21
0.3223980708661418
0
LINE
8
BLACK
6
CONTINUOUS
10
-0.5753352755905512
20
0.3223980708661418
11
-0.5764006299212598
21
0.3234634251968504
0
LINE
8
BLACK
6
CONTINUOUS
10
-0.5764006299212598
20
0.3234634251968504
11
-0.5764647244094488
21
0.3327662992125984
0
LINE
8
BLACK
6
CONTINUOUS
10
-0.5764647244094488
20
0.3327662992125984
11
-0.5790814173228346
21
0.3327469291338583
0
LINE
8
BLACK
6
CONTINUOUS
10
-0.5790814173228346
20
0.3327469291338583
11
-0.5798347244094488
21
0.3328967716535433
0
LINE
8
BLACK
6
CONTINUOUS
10
-0.5798347244094488
20
0.3328967716535433
11
-0.5809000787401575
21
0.333962125984252
0
LINE
8
BLACK
6
CONTINUOUS
10
-0.5809000787401575
20
0.333962125984252
11
-0.5809000787401575
21
0.3354687401574803
0
LINE
8
BLACK
6
CONTINUOUS
10
-0.5809000787401575
20
0.3354687401574803
11
-0.5798347244094488
21
0.336534094488189
0
LINE
8
BLACK
6
CONTINUOUS
10
-0.5798347244094488
20
0.336534094488189
11
-0.5764908661417323
21
0.3365588582677165
0
LINE
8
BLACK
6
CONTINUOUS
10
-0.5764908661417323
20
0.3365588582677165
11
-0.5765504724409448
21
0.3452141338582677
0
LINE
8
BLACK
6
CONTINUOUS
10
-0.5765504724409448
20
0.3452141338582677
11
-0.5764006299212598
21
0.3459674409448819
0
LINE
8
BLACK
6
CONTINUOUS
10
-0.5764006299212598
20
0.3459674409448819
11
-0.5753352755905512
21
0.3470327952755906
0
LINE
8
BLACK
6
CONTINUOUS
10
-0.5753352755905512
20
0.3470327952755906
11
-0.5738286614173228
21
0.3470327952755906
0
LINE
8
BLACK
6
CONTINUOUS
10
-0.5738286614173228
20
0.3470327952755906
11
-0.5727633070866142
21
0.3459674409448819
0
LINE
8
BLACK
6
CONTINUOUS
10
-0.5727633070866142
20
0.3459674409448819
11
-0.5726987007874016
21
0.3365869291338582
0
LINE
8
BLACK
6
CONTINUOUS
10
-0.5726987007874016
20
0.3365869291338582
11
-0.5621727559055117
21
0.3366648031496063
0
LINE
8
BLACK
6
CONTINUOUS
10
-0.5621727559055117
20
0.3366648031496063
11
-0.5689503937007874
21
0.3565901181102362
0
LINE
8
BLACK
6
CONTINUOUS
10
-0.5689503937007874
20
0.3565901181102362
11
-0.5690464566929134
21
0.357352125984252
0
LINE
8
BLACK
6
CONTINUOUS
10
-0.5690464566929134
20
0.357352125984252
11
-0.5683726771653543
21
0.3586997244094488
0
LINE
8
BLACK
6
CONTINUOUS
10
-0.5683726771653543
20
0.3586997244094488
11
-0.5669433858267716
21
0.3591761417322835
0
LINE
8
BLACK
6
CONTINUOUS
10
-0.5669433858267716
20
0.3591761417322835
11
-0.5655957874015748
21
0.3585023622047244
0
CIRCLE
8
BLACK
10
0.
20
0.
40
0.0068897637795276
0
CIRCLE
8
BLACK
10
0.225
20
-0.1
40
0.0068897637795276
0
CIRCLE
8
BLACK
10
0.225
20
0.
40
0.0068897637795276
0
CIRCLE
8
BLACK
10
0.225
20
0.1
40
0.0068897637795276
  0
ENDSEC
  0
EOF
