  0
SECTION
  2
HEADER
  9
$ANGBASE
  50
0.0
  9
$ANGDIR
  70
1
  9
$MEASUREMENT
  70
0
  0
ENDSEC
  0
SECTION
  2
TABLES
  0
TABLE
  2
LTYPE
  70
4
  0
LTYPE
  5
40F
  2
CONTINUOUS
  70
0
  3
Solid line
  72
65
  73
0
  40
0.0
  0
LTYPE
  5
410
  2
DASHDOT
 70
0
  3
Dash Dot ____ _ ____ _
 72
65
 73
4
 40
2.0
 49
1.25
 49
-0.25
 49
0.25
 49
-0.25
  0
LTYPE
  5
411
  2
DASHED
 70
0
  3
Dashed __ __ __ __ __
 72
65
 73
2
 40
0.75
 49
0.5
 49
-0.25
  0
LTYPE
  5
43B
  2
DOTTED
 70
0
  3
Dotted .  .  .  .
 72
65
 73
2
 40
0.2
 49
0.0
 49
-0.2
  0
ENDTAB
  0
TABLE
  2
STYLE
  70
4
  0
STYLE
  2
KICAD
  70
0
  40
0
  41
1
  42
1
  50
0
  71
0
  3
isocp.shx
  0
STYLE
  2
KICADB
  70
0
  40
0
  41
1
  42
1
  50
0
  71
0
  3
isocp.shx
  0
STYLE
  2
KICADI
  70
0
  40
0
  41
1
  42
1
  50
15
  71
0
  3
isocp.shx
  0
STYLE
  2
KICADBI
  70
0
  40
0
  41
1
  42
1
  50
15
  71
0
  3
isocp.shx
  0
ENDTAB
  0
TABLE
  2
LAYER
  70
1
  0
LAYER
  2
BLACK
  70
0
  62
7
  6
CONTINUOUS
  0
ENDTAB
  0
ENDSEC
  0
SECTION
  2
ENTITIES
0
LINE
8
BLACK
6
CONTINUOUS
10
-0.7071335826771653
20
0.2278629527559055
11
-0.7027435433070865
21
0.2256261023622047
0
LINE
8
BLACK
6
CONTINUOUS
10
-0.7027435433070865
20
0.2256261023622047
11
-0.6992595669291338
21
0.222142125984252
0
LINE
8
BLACK
6
CONTINUOUS
10
-0.6992595669291338
20
0.222142125984252
11
-0.6985551574803149
21
0.2207596850393701
0
LINE
8
BLACK
6
CONTINUOUS
10
-0.6985551574803149
20
0.2207596850393701
11
-0.668
21
0.2207596850393701
0
LINE
8
BLACK
6
CONTINUOUS
10
-0.668
20
0.2207596850393701
11
-0.6667120866141732
21
0.220465748031496
0
LINE
8
BLACK
6
CONTINUOUS
10
-0.6667120866141732
20
0.220465748031496
11
-0.6653993700787402
21
0.2203178346456693
0
LINE
8
BLACK
6
CONTINUOUS
10
-0.6653993700787402
20
0.2203178346456693
11
-0.6650201968503937
21
0.2200796062992126
0
LINE
8
BLACK
6
CONTINUOUS
10
-0.6650201968503937
20
0.2200796062992126
11
-0.6645835826771653
21
0.2199799212598425
0
LINE
8
BLACK
6
CONTINUOUS
10
-0.6645835826771653
20
0.2199799212598425
11
-0.6635507086614173
21
0.2191562204724409
0
LINE
8
BLACK
6
CONTINUOUS
10
-0.6635507086614173
20
0.2191562204724409
11
-0.6624322440944882
21
0.2184534251968504
0
LINE
8
BLACK
6
CONTINUOUS
10
-0.6624322440944882
20
0.2184534251968504
11
-0.5495337401574804
21
0.1055549606299213
0
LINE
8
BLACK
6
CONTINUOUS
10
-0.5495337401574804
20
0.1055549606299213
11
-0.4736023228346457
21
0.1055549606299213
0
LINE
8
BLACK
6
CONTINUOUS
10
-0.4736023228346457
20
0.1055549606299213
11
-0.4728979133858268
21
0.1069374015748032
0
LINE
8
BLACK
6
CONTINUOUS
10
-0.4728979133858268
20
0.1069374015748032
11
-0.469413937007874
21
0.1104213779527559
0
LINE
8
BLACK
6
CONTINUOUS
10
-0.469413937007874
20
0.1104213779527559
11
-0.4650238976377953
21
0.1126582283464567
0
LINE
8
BLACK
6
CONTINUOUS
10
-0.4650238976377953
20
0.1126582283464567
11
-0.4601574803149606
21
0.1134289763779528
0
LINE
8
BLACK
6
CONTINUOUS
10
-0.4601574803149606
20
0.1134289763779528
11
-0.455291062992126
21
0.1126582283464567
0
LINE
8
BLACK
6
CONTINUOUS
10
-0.455291062992126
20
0.1126582283464567
11
-0.4509010236220473
21
0.1104213779527559
0
LINE
8
BLACK
6
CONTINUOUS
10
-0.4509010236220473
20
0.1104213779527559
11
-0.4474170472440945
21
0.1069374015748032
0
LINE
8
BLACK
6
CONTINUOUS
10
-0.4474170472440945
20
0.1069374015748032
11
-0.4451801968503937
21
0.1025473622047244
0
LINE
8
BLACK
6
CONTINUOUS
10
-0.4451801968503937
20
0.1025473622047244
11
-0.4444094488188976
21
0.0976809448818898
0
LINE
8
BLACK
6
CONTINUOUS
10
-0.4444094488188976
20
0.0976809448818898
11
-0.4451801968503937
21
0.0928145275590551
0
LINE
8
BLACK
6
CONTINUOUS
10
-0.4451801968503937
20
0.0928145275590551
11
-0.4474170472440945
21
0.0884244881889764
0
LINE
8
BLACK
6
CONTINUOUS
10
-0.4474170472440945
20
0.0884244881889764
11
-0.4509010236220473
21
0.0849405118110236
0
LINE
8
BLACK
6
CONTINUOUS
10
-0.4509010236220473
20
0.0849405118110236
11
-0.455291062992126
21
0.0827036614173228
0
LINE
8
BLACK
6
CONTINUOUS
10
-0.455291062992126
20
0.0827036614173228
11
-0.4601574803149606
21
0.0819329133858268
0
LINE
8
BLACK
6
CONTINUOUS
10
-0.4601574803149606
20
0.0819329133858268
11
-0.4650238976377953
21
0.0827036614173228
0
LINE
8
BLACK
6
CONTINUOUS
10
-0.4650238976377953
20
0.0827036614173228
11
-0.469413937007874
21
0.0849405118110236
0
LINE
8
BLACK
6
CONTINUOUS
10
-0.469413937007874
20
0.0849405118110236
11
-0.4728979133858268
21
0.0884244881889764
0
LINE
8
BLACK
6
CONTINUOUS
10
-0.4728979133858268
20
0.0884244881889764
11
-0.4736023228346457
21
0.0898069291338583
0
LINE
8
BLACK
6
CONTINUOUS
10
-0.4736023228346457
20
0.0898069291338583
11
-0.5495337401574804
21
0.0898069291338583
0
LINE
8
BLACK
6
CONTINUOUS
10
-0.5495337401574804
20
0.0898069291338583
11
-0.6061259842519685
21
0.0332147244094488
0
LINE
8
BLACK
6
CONTINUOUS
10
-0.6061259842519685
20
0.0332147244094488
11
-0.6061259842519685
21
-0.0795888582677165
0
LINE
8
BLACK
6
CONTINUOUS
10
-0.6061259842519685
20
-0.0795888582677165
11
-0.5984700393700787
21
-0.0872448031496063
0
LINE
8
BLACK
6
CONTINUOUS
10
-0.5984700393700787
20
-0.0872448031496063
11
-0.5944881889763779
21
-0.0866141732283465
0
LINE
8
BLACK
6
CONTINUOUS
10
-0.5944881889763779
20
-0.0866141732283465
11
-0.5896217716535433
21
-0.0873849212598425
0
LINE
8
BLACK
6
CONTINUOUS
10
-0.5896217716535433
20
-0.0873849212598425
11
-0.5852317322834646
21
-0.0896217716535433
0
LINE
8
BLACK
6
CONTINUOUS
10
-0.5852317322834646
20
-0.0896217716535433
11
-0.5817477559055118
21
-0.0931057480314961
0
LINE
8
BLACK
6
CONTINUOUS
10
-0.5817477559055118
20
-0.0931057480314961
11
-0.5795109055118111
21
-0.0974957874015748
0
LINE
8
BLACK
6
CONTINUOUS
10
-0.5795109055118111
20
-0.0974957874015748
11
-0.5787401574803149
21
-0.1023622047244094
0
LINE
8
BLACK
6
CONTINUOUS
10
-0.5787401574803149
20
-0.1023622047244094
11
-0.5795109055118111
21
-0.1072286220472441
0
LINE
8
BLACK
6
CONTINUOUS
10
-0.5795109055118111
20
-0.1072286220472441
11
-0.5817477559055118
21
-0.1116186614173228
0
LINE
8
BLACK
6
CONTINUOUS
10
-0.5817477559055118
20
-0.1116186614173228
11
-0.5852317322834646
21
-0.1151026377952756
0
LINE
8
BLACK
6
CONTINUOUS
10
-0.5852317322834646
20
-0.1151026377952756
11
-0.5896217716535433
21
-0.1173394881889764
0
LINE
8
BLACK
6
CONTINUOUS
10
-0.5896217716535433
20
-0.1173394881889764
11
-0.5944881889763779
21
-0.1181102362204724
0
LINE
8
BLACK
6
CONTINUOUS
10
-0.5944881889763779
20
-0.1181102362204724
11
-0.5993546062992126
21
-0.1173394881889764
0
LINE
8
BLACK
6
CONTINUOUS
10
-0.5993546062992126
20
-0.1173394881889764
11
-0.6037446456692913
21
-0.1151026377952756
0
LINE
8
BLACK
6
CONTINUOUS
10
-0.6037446456692913
20
-0.1151026377952756
11
-0.607228622047244
21
-0.1116186614173228
0
LINE
8
BLACK
6
CONTINUOUS
10
-0.607228622047244
20
-0.1116186614173228
11
-0.6094654724409448
21
-0.1072286220472441
0
LINE
8
BLACK
6
CONTINUOUS
10
-0.6094654724409448
20
-0.1072286220472441
11
-0.610236220472441
21
-0.1023622047244094
0
LINE
8
BLACK
6
CONTINUOUS
10
-0.610236220472441
20
-0.1023622047244094
11
-0.6096055905511811
21
-0.0983803543307087
0
LINE
8
BLACK
6
CONTINUOUS
10
-0.6096055905511811
20
-0.0983803543307087
11
-0.6195677559055118
21
-0.0884181496062992
0
LINE
8
BLACK
6
CONTINUOUS
10
-0.6195677559055118
20
-0.0884181496062992
11
-0.6202705511811023
21
-0.0872996850393701
0
LINE
8
BLACK
6
CONTINUOUS
10
-0.6202705511811023
20
-0.0872996850393701
11
-0.6210942519685039
21
-0.086266811023622
0
LINE
8
BLACK
6
CONTINUOUS
10
-0.6210942519685039
20
-0.086266811023622
11
-0.621193937007874
21
-0.0858301968503937
0
LINE
8
BLACK
6
CONTINUOUS
10
-0.621193937007874
20
-0.0858301968503937
11
-0.6214321653543307
21
-0.0854510236220472
0
LINE
8
BLACK
6
CONTINUOUS
10
-0.6214321653543307
20
-0.0854510236220472
11
-0.6215800787401574
21
-0.0841383070866142
0
LINE
8
BLACK
6
CONTINUOUS
10
-0.6215800787401574
20
-0.0841383070866142
11
-0.6218740157480315
21
-0.0828503937007874
0
LINE
8
BLACK
6
CONTINUOUS
10
-0.6218740157480315
20
-0.0828503937007874
11
-0.6218740157480315
21
0.0364762204724409
0
LINE
8
BLACK
6
CONTINUOUS
10
-0.6218740157480315
20
0.0364762204724409
11
-0.6215800787401574
21
0.0377641732283465
0
LINE
8
BLACK
6
CONTINUOUS
10
-0.6215800787401574
20
0.0377641732283465
11
-0.6214321653543307
21
0.0390768503937008
0
LINE
8
BLACK
6
CONTINUOUS
10
-0.6214321653543307
20
0.0390768503937008
11
-0.621193937007874
21
0.039456062992126
0
LINE
8
BLACK
6
CONTINUOUS
10
-0.621193937007874
20
0.039456062992126
11
-0.6210942519685039
21
0.0398926377952756
0
LINE
8
BLACK
6
CONTINUOUS
10
-0.6210942519685039
20
0.0398926377952756
11
-0.6202705511811023
21
0.0409255511811024
0
LINE
8
BLACK
6
CONTINUOUS
10
-0.6202705511811023
20
0.0409255511811024
11
-0.6195677559055118
21
0.0420439763779528
0
LINE
8
BLACK
6
CONTINUOUS
10
-0.6195677559055118
20
0.0420439763779528
11
-0.5639308267716535
21
0.0976809448818898
0
LINE
8
BLACK
6
CONTINUOUS
10
-0.5639308267716535
20
0.0976809448818898
11
-0.6712614960629921
21
0.2050116535433071
0
LINE
8
BLACK
6
CONTINUOUS
10
-0.6712614960629921
20
0.2050116535433071
11
-0.6985551574803149
21
0.2050116535433071
0
LINE
8
BLACK
6
CONTINUOUS
10
-0.6985551574803149
20
0.2050116535433071
11
-0.6992595669291338
21
0.2036292125984252
0
LINE
8
BLACK
6
CONTINUOUS
10
-0.6992595669291338
20
0.2036292125984252
11
-0.7027435433070865
21
0.2001452362204724
0
LINE
8
BLACK
6
CONTINUOUS
10
-0.7027435433070865
20
0.2001452362204724
11
-0.7071335826771653
21
0.1979083858267716
0
LINE
8
BLACK
6
CONTINUOUS
10
-0.7071335826771653
20
0.1979083858267716
11
-0.712
21
0.1971376377952756
0
LINE
8
BLACK
6
CONTINUOUS
10
-0.712
20
0.1971376377952756
11
-0.7168664173228346
21
0.1979083858267716
0
LINE
8
BLACK
6
CONTINUOUS
10
-0.7168664173228346
20
0.1979083858267716
11
-0.7212564566929134
21
0.2001452362204724
0
LINE
8
BLACK
6
CONTINUOUS
10
-0.7212564566929134
20
0.2001452362204724
11
-0.7247404330708661
21
0.2036292125984252
0
LINE
8
BLACK
6
CONTINUOUS
10
-0.7247404330708661
20
0.2036292125984252
11
-0.7269772834645669
21
0.2080192519685039
0
LINE
8
BLACK
6
CONTINUOUS
10
-0.7269772834645669
20
0.2080192519685039
11
-0.7277480314960629
21
0.2128856692913386
0
LINE
8
BLACK
6
CONTINUOUS
10
-0.7277480314960629
20
0.2128856692913386
11
-0.7269772834645669
21
0.2177520866141732
0
LINE
8
BLACK
6
CONTINUOUS
10
-0.7269772834645669
20
0.2177520866141732
11
-0.7247404330708661
21
0.222142125984252
0
LINE
8
BLACK
6
CONTINUOUS
10
-0.7247404330708661
20
0.222142125984252
11
-0.7212564566929134
21
0.2256261023622047
0
LINE
8
BLACK
6
CONTINUOUS
10
-0.7212564566929134
20
0.2256261023622047
11
-0.7168664173228346
21
0.2278629527559055
0
LINE
8
BLACK
6
CONTINUOUS
10
-0.7168664173228346
20
0.2278629527559055
11
-0.712
21
0.2286337007874016
0
LINE
8
BLACK
6
CONTINUOUS
10
-0.712
20
0.2286337007874016
11
-0.7071335826771653
21
0.2278629527559055
0
LINE
8
BLACK
6
CONTINUOUS
10
-0.5551335826771654
20
0.0249772834645669
11
-0.5507435433070866
21
0.0227404330708661
0
LINE
8
BLACK
6
CONTINUOUS
10
-0.5507435433070866
20
0.0227404330708661
11
-0.5472595669291338
21
0.0192564566929134
0
LINE
8
BLACK
6
CONTINUOUS
10
-0.5472595669291338
20
0.0192564566929134
11
-0.5450227165354331
21
0.0148664173228346
0
LINE
8
BLACK
6
CONTINUOUS
10
-0.5450227165354331
20
0.0148664173228346
11
-0.544251968503937
21
0.01
0
LINE
8
BLACK
6
CONTINUOUS
10
-0.544251968503937
20
0.01
11
-0.5445020078740157
21
0.0084214566929134
0
LINE
8
BLACK
6
CONTINUOUS
10
-0.5445020078740157
20
0.0084214566929134
11
-0.5295949606299213
21
-0.0064855905511811
0
LINE
8
BLACK
6
CONTINUOUS
10
-0.5295949606299213
20
-0.0064855905511811
11
-0.5274613779527559
21
-0.0096787401574803
0
LINE
8
BLACK
6
CONTINUOUS
10
-0.5274613779527559
20
-0.0096787401574803
11
-0.526712125984252
21
-0.0134453149606299
0
LINE
8
BLACK
6
CONTINUOUS
10
-0.526712125984252
20
-0.0134453149606299
11
-0.5267121653543307
21
-0.0134455118110236
0
LINE
8
BLACK
6
CONTINUOUS
10
-0.5267121653543307
20
-0.0134455118110236
11
-0.5267121653543307
21
-0.2218178346456693
0
LINE
8
BLACK
6
CONTINUOUS
10
-0.5267121653543307
20
-0.2218178346456693
11
-0.5250227165354331
21
-0.2251335826771654
0
LINE
8
BLACK
6
CONTINUOUS
10
-0.5250227165354331
20
-0.2251335826771654
11
-0.524251968503937
21
-0.23
0
LINE
8
BLACK
6
CONTINUOUS
10
-0.524251968503937
20
-0.23
11
-0.5250227165354331
21
-0.2348664173228346
0
LINE
8
BLACK
6
CONTINUOUS
10
-0.5250227165354331
20
-0.2348664173228346
11
-0.5272595669291339
21
-0.2392564566929134
0
LINE
8
BLACK
6
CONTINUOUS
10
-0.5272595669291339
20
-0.2392564566929134
11
-0.5307435433070866
21
-0.2427404330708661
0
LINE
8
BLACK
6
CONTINUOUS
10
-0.5307435433070866
20
-0.2427404330708661
11
-0.5351335826771654
21
-0.2449772834645669
0
LINE
8
BLACK
6
CONTINUOUS
10
-0.5351335826771654
20
-0.2449772834645669
11
-0.54
21
-0.245748031496063
0
LINE
8
BLACK
6
CONTINUOUS
10
-0.54
20
-0.245748031496063
11
-0.5448664173228346
21
-0.2449772834645669
0
LINE
8
BLACK
6
CONTINUOUS
10
-0.5448664173228346
20
-0.2449772834645669
11
-0.5492564566929133
21
-0.2427404330708661
0
LINE
8
BLACK
6
CONTINUOUS
10
-0.5492564566929133
20
-0.2427404330708661
11
-0.5527404330708662
21
-0.2392564566929134
0
LINE
8
BLACK
6
CONTINUOUS
10
-0.5527404330708662
20
-0.2392564566929134
11
-0.5549772834645669
21
-0.2348664173228346
0
LINE
8
BLACK
6
CONTINUOUS
10
-0.5549772834645669
20
-0.2348664173228346
11
-0.555748031496063
21
-0.23
0
LINE
8
BLACK
6
CONTINUOUS
10
-0.555748031496063
20
-0.23
11
-0.5549772834645669
21
-0.2251335826771654
0
LINE
8
BLACK
6
CONTINUOUS
10
-0.5549772834645669
20
-0.2251335826771654
11
-0.5527404330708662
21
-0.2207435433070866
0
LINE
8
BLACK
6
CONTINUOUS
10
-0.5527404330708662
20
-0.2207435433070866
11
-0.5492564566929133
21
-0.2172595669291338
0
LINE
8
BLACK
6
CONTINUOUS
10
-0.5492564566929133
20
-0.2172595669291338
11
-0.5463972047244094
21
-0.2158026771653543
0
LINE
8
BLACK
6
CONTINUOUS
10
-0.5463972047244094
20
-0.2158026771653543
11
-0.5463972047244094
21
-0.0175222440944882
0
LINE
8
BLACK
6
CONTINUOUS
10
-0.5463972047244094
20
-0.0175222440944882
11
-0.5584214566929133
21
-0.0054979921259843
0
LINE
8
BLACK
6
CONTINUOUS
10
-0.5584214566929133
20
-0.0054979921259843
11
-0.5599999999999999
21
-0.005748031496063
0
LINE
8
BLACK
6
CONTINUOUS
10
-0.5599999999999999
20
-0.005748031496063
11
-0.5648664173228346
21
-0.0049772834645669
0
LINE
8
BLACK
6
CONTINUOUS
10
-0.5648664173228346
20
-0.0049772834645669
11
-0.5692564566929134
21
-0.0027404330708661
0
LINE
8
BLACK
6
CONTINUOUS
10
-0.5692564566929134
20
-0.0027404330708661
11
-0.5727404330708661
21
0.0007435433070866
0
LINE
8
BLACK
6
CONTINUOUS
10
-0.5727404330708661
20
0.0007435433070866
11
-0.5749772834645669
21
0.0051335826771654
0
LINE
8
BLACK
6
CONTINUOUS
10
-0.5749772834645669
20
0.0051335826771654
11
-0.575748031496063
21
0.01
0
LINE
8
BLACK
6
CONTINUOUS
10
-0.575748031496063
20
0.01
11
-0.5749772834645669
21
0.0148664173228346
0
LINE
8
BLACK
6
CONTINUOUS
10
-0.5749772834645669
20
0.0148664173228346
11
-0.5727404330708661
21
0.0192564566929134
0
LINE
8
BLACK
6
CONTINUOUS
10
-0.5727404330708661
20
0.0192564566929134
11
-0.5692564566929134
21
0.0227404330708661
0
LINE
8
BLACK
6
CONTINUOUS
10
-0.5692564566929134
20
0.0227404330708661
11
-0.5648664173228346
21
0.0249772834645669
0
LINE
8
BLACK
6
CONTINUOUS
10
-0.5648664173228346
20
0.0249772834645669
11
-0.5599999999999999
21
0.025748031496063
0
LINE
8
BLACK
6
CONTINUOUS
10
-0.5599999999999999
20
0.025748031496063
11
-0.5551335826771654
21
0.0249772834645669
0
LINE
8
BLACK
6
CONTINUOUS
10
-0.2851335826771653
20
0.1149772834645669
11
-0.2807435433070866
21
0.1127404330708661
0
LINE
8
BLACK
6
CONTINUOUS
10
-0.2807435433070866
20
0.1127404330708661
11
-0.2772595669291338
21
0.1092564566929134
0
LINE
8
BLACK
6
CONTINUOUS
10
-0.2772595669291338
20
0.1092564566929134
11
-0.2750227165354331
21
0.1048664173228346
0
LINE
8
BLACK
6
CONTINUOUS
10
-0.2750227165354331
20
0.1048664173228346
11
-0.274251968503937
21
0.1
0
LINE
8
BLACK
6
CONTINUOUS
10
-0.274251968503937
20
0.1
11
-0.2750227165354331
21
0.0951335826771653
0
LINE
8
BLACK
6
CONTINUOUS
10
-0.2750227165354331
20
0.0951335826771653
11
-0.2772595669291338
21
0.0907435433070866
0
LINE
8
BLACK
6
CONTINUOUS
10
-0.2772595669291338
20
0.0907435433070866
11
-0.2801574803149606
21
0.0878456299212598
0
LINE
8
BLACK
6
CONTINUOUS
10
-0.2801574803149606
20
0.0878456299212598
11
-0.2801574803149606
21
0.0169603937007874
0
LINE
8
BLACK
6
CONTINUOUS
10
-0.2801574803149606
20
0.0169603937007874
11
-0.2756414173228346
21
0.0156343307086614
0
LINE
8
BLACK
6
CONTINUOUS
10
-0.2756414173228346
20
0.0156343307086614
11
-0.2709279527559055
21
0.012605157480315
0
LINE
8
BLACK
6
CONTINUOUS
10
-0.2709279527559055
20
0.012605157480315
11
-0.2672587795275591
21
0.0083707086614173
0
LINE
8
BLACK
6
CONTINUOUS
10
-0.2672587795275591
20
0.0083707086614173
11
-0.2649312598425197
21
0.003274094488189
0
LINE
8
BLACK
6
CONTINUOUS
10
-0.2649312598425197
20
0.003274094488189
11
-0.2641338582677165
21
-0.002271811023622
0
LINE
8
BLACK
6
CONTINUOUS
10
-0.2641338582677165
20
-0.002271811023622
11
-0.2641338582677165
21
-0.0219568503937008
0
LINE
8
BLACK
6
CONTINUOUS
10
-0.2641338582677165
20
-0.0219568503937008
11
-0.2649312598425197
21
-0.0275027559055118
0
LINE
8
BLACK
6
CONTINUOUS
10
-0.2649312598425197
20
-0.0275027559055118
11
-0.2664238582677165
21
-0.0307710236220472
0
LINE
8
BLACK
6
CONTINUOUS
10
-0.2664238582677165
20
-0.0307710236220472
11
-0.1272172440944882
21
-0.1699776377952756
0
LINE
8
BLACK
6
CONTINUOUS
10
-0.1272172440944882
20
-0.1699776377952756
11
0.0827058267716535
21
-0.1699776377952756
0
LINE
8
BLACK
6
CONTINUOUS
10
0.0827058267716535
20
-0.1699776377952756
11
0.0864724015748032
21
-0.1707268503937008
0
LINE
8
BLACK
6
CONTINUOUS
10
0.0864724015748032
20
-0.1707268503937008
11
0.0896655511811024
21
-0.1728604330708661
0
LINE
8
BLACK
6
CONTINUOUS
10
0.0896655511811024
20
-0.1728604330708661
11
0.1114214173228346
21
-0.1946162992125984
0
LINE
8
BLACK
6
CONTINUOUS
10
0.1114214173228346
20
-0.1946162992125984
11
0.113
21
-0.1943662992125984
0
LINE
8
BLACK
6
CONTINUOUS
10
0.113
20
-0.1943662992125984
11
0.1178664173228346
21
-0.1951370472440945
0
LINE
8
BLACK
6
CONTINUOUS
10
0.1178664173228346
20
-0.1951370472440945
11
0.1222564566929134
21
-0.1973738976377953
0
LINE
8
BLACK
6
CONTINUOUS
10
0.1222564566929134
20
-0.1973738976377953
11
0.1257404330708661
21
-0.200857874015748
0
LINE
8
BLACK
6
CONTINUOUS
10
0.1257404330708661
20
-0.200857874015748
11
0.1279772834645669
21
-0.2052479133858268
0
LINE
8
BLACK
6
CONTINUOUS
10
0.1279772834645669
20
-0.2052479133858268
11
0.128748031496063
21
-0.2101143307086614
0
LINE
8
BLACK
6
CONTINUOUS
10
0.128748031496063
20
-0.2101143307086614
11
0.1279772834645669
21
-0.2149807480314961
0
LINE
8
BLACK
6
CONTINUOUS
10
0.1279772834645669
20
-0.2149807480314961
11
0.1257404330708661
21
-0.2193707874015748
0
LINE
8
BLACK
6
CONTINUOUS
10
0.1257404330708661
20
-0.2193707874015748
11
0.1222564566929134
21
-0.2228547637795276
0
LINE
8
BLACK
6
CONTINUOUS
10
0.1222564566929134
20
-0.2228547637795276
11
0.1178664173228346
21
-0.2250916141732283
0
LINE
8
BLACK
6
CONTINUOUS
10
0.1178664173228346
20
-0.2250916141732283
11
0.113
21
-0.2258623622047244
0
LINE
8
BLACK
6
CONTINUOUS
10
0.113
20
-0.2258623622047244
11
0.1081335826771654
21
-0.2250916141732283
0
LINE
8
BLACK
6
CONTINUOUS
10
0.1081335826771654
20
-0.2250916141732283
11
0.1037435433070866
21
-0.2228547637795276
0
LINE
8
BLACK
6
CONTINUOUS
10
0.1037435433070866
20
-0.2228547637795276
11
0.1002595669291339
21
-0.2193707874015748
0
LINE
8
BLACK
6
CONTINUOUS
10
0.1002595669291339
20
-0.2193707874015748
11
0.0980227165354331
21
-0.2149807480314961
0
LINE
8
BLACK
6
CONTINUOUS
10
0.0980227165354331
20
-0.2149807480314961
11
0.097251968503937
21
-0.2101143307086614
0
LINE
8
BLACK
6
CONTINUOUS
10
0.097251968503937
20
-0.2101143307086614
11
0.097501968503937
21
-0.208535748031496
0
LINE
8
BLACK
6
CONTINUOUS
10
0.097501968503937
20
-0.208535748031496
11
0.0786288976377953
21
-0.1896626771653543
0
LINE
8
BLACK
6
CONTINUOUS
10
0.0786288976377953
20
-0.1896626771653543
11
-0.1312939763779528
21
-0.1896626771653543
0
LINE
8
BLACK
6
CONTINUOUS
10
-0.1312939763779528
20
-0.1896626771653543
11
-0.1312941732283465
21
-0.1896627165354331
0
LINE
8
BLACK
6
CONTINUOUS
10
-0.1312941732283465
20
-0.1896627165354331
11
-0.1350607480314961
21
-0.1889134645669291
0
LINE
8
BLACK
6
CONTINUOUS
10
-0.1350607480314961
20
-0.1889134645669291
11
-0.1382538976377953
21
-0.1867798818897638
0
LINE
8
BLACK
6
CONTINUOUS
10
-0.1382538976377953
20
-0.1867798818897638
11
-0.2835922440944882
21
-0.0414415354330709
0
LINE
8
BLACK
6
CONTINUOUS
10
-0.2835922440944882
20
-0.0414415354330709
11
-0.2838188976377953
21
-0.0414415354330709
0
LINE
8
BLACK
6
CONTINUOUS
10
-0.2838188976377953
20
-0.0414415354330709
11
-0.2838188976377953
21
-0.0416418897637795
0
LINE
8
BLACK
6
CONTINUOUS
10
-0.2838188976377953
20
-0.0416418897637795
11
-0.3054724409448819
21
-0.0416418897637795
0
LINE
8
BLACK
6
CONTINUOUS
10
-0.3054724409448819
20
-0.0416418897637795
11
-0.3054724409448819
21
0.0174132283464567
0
LINE
8
BLACK
6
CONTINUOUS
10
-0.3054724409448819
20
0.0174132283464567
11
-0.2998425196850394
21
0.0174132283464567
0
LINE
8
BLACK
6
CONTINUOUS
10
-0.2998425196850394
20
0.0174132283464567
11
-0.2998425196850394
21
0.0878456299212598
0
LINE
8
BLACK
6
CONTINUOUS
10
-0.2998425196850394
20
0.0878456299212598
11
-0.3027404330708661
21
0.0907435433070866
0
LINE
8
BLACK
6
CONTINUOUS
10
-0.3027404330708661
20
0.0907435433070866
11
-0.3049772834645669
21
0.0951335826771653
0
LINE
8
BLACK
6
CONTINUOUS
10
-0.3049772834645669
20
0.0951335826771653
11
-0.305748031496063
21
0.1
0
LINE
8
BLACK
6
CONTINUOUS
10
-0.305748031496063
20
0.1
11
-0.3049772834645669
21
0.1048664173228346
0
LINE
8
BLACK
6
CONTINUOUS
10
-0.3049772834645669
20
0.1048664173228346
11
-0.3027404330708661
21
0.1092564566929134
0
LINE
8
BLACK
6
CONTINUOUS
10
-0.3027404330708661
20
0.1092564566929134
11
-0.2992564566929134
21
0.1127404330708661
0
LINE
8
BLACK
6
CONTINUOUS
10
-0.2992564566929134
20
0.1127404330708661
11
-0.2948664173228346
21
0.1149772834645669
0
LINE
8
BLACK
6
CONTINUOUS
10
-0.2948664173228346
20
0.1149772834645669
11
-0.29
21
0.115748031496063
0
LINE
8
BLACK
6
CONTINUOUS
10
-0.29
20
0.115748031496063
11
-0.2851335826771653
21
0.1149772834645669
0
LINE
8
BLACK
6
CONTINUOUS
10
0.2584645669291338
20
-0.1334645669291339
11
0.1915354330708662
21
-0.1334645669291339
0
LINE
8
BLACK
6
CONTINUOUS
10
0.1915354330708662
20
-0.1334645669291339
11
0.1915354330708662
21
-0.0665354330708661
0
LINE
8
BLACK
6
CONTINUOUS
10
0.1915354330708662
20
-0.0665354330708661
11
0.2584645669291338
21
-0.0665354330708661
0
LINE
8
BLACK
6
CONTINUOUS
10
0.2584645669291338
20
-0.0665354330708661
11
0.2584645669291338
21
-0.1334645669291339
0
LINE
8
BLACK
6
CONTINUOUS
10
0.2353411023622047
20
0.0318266929133858
11
0.2417322834645669
21
0.0289811811023622
0
LINE
8
BLACK
6
CONTINUOUS
10
0.2417322834645669
20
0.0289811811023622
11
0.2473921653543307
21
0.0248690157480315
0
LINE
8
BLACK
6
CONTINUOUS
10
0.2473921653543307
20
0.0248690157480315
11
0.2520733858267716
21
0.0196699606299213
0
LINE
8
BLACK
6
CONTINUOUS
10
0.2520733858267716
20
0.0196699606299213
11
0.2555714173228346
21
0.0136112598425197
0
LINE
8
BLACK
6
CONTINUOUS
10
0.2555714173228346
20
0.0136112598425197
11
0.2577332677165354
21
0.0069576771653543
0
LINE
8
BLACK
6
CONTINUOUS
10
0.2577332677165354
20
0.0069576771653543
11
0.2584645669291338
21
0.
0
LINE
8
BLACK
6
CONTINUOUS
10
0.2584645669291338
20
0.
11
0.2577332677165354
21
-0.0069576771653543
0
LINE
8
BLACK
6
CONTINUOUS
10
0.2577332677165354
20
-0.0069576771653543
11
0.2555714173228346
21
-0.0136112598425197
0
LINE
8
BLACK
6
CONTINUOUS
10
0.2555714173228346
20
-0.0136112598425197
11
0.2520733858267716
21
-0.0196699606299213
0
LINE
8
BLACK
6
CONTINUOUS
10
0.2520733858267716
20
-0.0196699606299213
11
0.2473921653543307
21
-0.0248690157480315
0
LINE
8
BLACK
6
CONTINUOUS
10
0.2473921653543307
20
-0.0248690157480315
11
0.2417322834645669
21
-0.0289811811023622
0
LINE
8
BLACK
6
CONTINUOUS
10
0.2417322834645669
20
-0.0289811811023622
11
0.2353411023622047
21
-0.0318266929133858
0
LINE
8
BLACK
6
CONTINUOUS
10
0.2353411023622047
20
-0.0318266929133858
11
0.2284979921259842
21
-0.0332812598425197
0
LINE
8
BLACK
6
CONTINUOUS
10
0.2284979921259842
20
-0.0332812598425197
11
0.2215020078740157
21
-0.0332812598425197
0
LINE
8
BLACK
6
CONTINUOUS
10
0.2215020078740157
20
-0.0332812598425197
11
0.2146588976377953
21
-0.0318266929133858
0
LINE
8
BLACK
6
CONTINUOUS
10
0.2146588976377953
20
-0.0318266929133858
11
0.2082677165354331
21
-0.0289811811023622
0
LINE
8
BLACK
6
CONTINUOUS
10
0.2082677165354331
20
-0.0289811811023622
11
0.2026078346456693
21
-0.0248690157480315
0
LINE
8
BLACK
6
CONTINUOUS
10
0.2026078346456693
20
-0.0248690157480315
11
0.1979266141732283
21
-0.0196699606299213
0
LINE
8
BLACK
6
CONTINUOUS
10
0.1979266141732283
20
-0.0196699606299213
11
0.1944285826771653
21
-0.0136112598425197
0
LINE
8
BLACK
6
CONTINUOUS
10
0.1944285826771653
20
-0.0136112598425197
11
0.1922667322834646
21
-0.0069576771653543
0
LINE
8
BLACK
6
CONTINUOUS
10
0.1922667322834646
20
-0.0069576771653543
11
0.1915354330708662
21
0.
0
LINE
8
BLACK
6
CONTINUOUS
10
0.1915354330708662
20
0.
11
0.1922667322834646
21
0.0069576771653543
0
LINE
8
BLACK
6
CONTINUOUS
10
0.1922667322834646
20
0.0069576771653543
11
0.1944285826771653
21
0.0136112598425197
0
LINE
8
BLACK
6
CONTINUOUS
10
0.1944285826771653
20
0.0136112598425197
11
0.1979266141732283
21
0.0196699606299213
0
LINE
8
BLACK
6
CONTINUOUS
10
0.1979266141732283
20
0.0196699606299213
11
0.2026078346456693
21
0.0248690157480315
0
LINE
8
BLACK
6
CONTINUOUS
10
0.2026078346456693
20
0.0248690157480315
11
0.2082677165354331
21
0.0289811811023622
0
LINE
8
BLACK
6
CONTINUOUS
10
0.2082677165354331
20
0.0289811811023622
11
0.2146588976377953
21
0.0318266929133858
0
LINE
8
BLACK
6
CONTINUOUS
10
0.2146588976377953
20
0.0318266929133858
11
0.2215020078740157
21
0.0332812598425197
0
LINE
8
BLACK
6
CONTINUOUS
10
0.2215020078740157
20
0.0332812598425197
11
0.2284979921259842
21
0.0332812598425197
0
LINE
8
BLACK
6
CONTINUOUS
10
0.2284979921259842
20
0.0332812598425197
11
0.2353411023622047
21
0.0318266929133858
0
LINE
8
BLACK
6
CONTINUOUS
10
0.1269136614173228
20
0.3141898818897638
11
0.1313037007874016
21
0.311953031496063
0
LINE
8
BLACK
6
CONTINUOUS
10
0.1313037007874016
20
0.311953031496063
11
0.1347876771653543
21
0.3084690551181102
0
LINE
8
BLACK
6
CONTINUOUS
10
0.1347876771653543
20
0.3084690551181102
11
0.1370245275590551
21
0.3040790157480315
0
LINE
8
BLACK
6
CONTINUOUS
10
0.1370245275590551
20
0.3040790157480315
11
0.1377952755905512
21
0.2992125984251968
0
LINE
8
BLACK
6
CONTINUOUS
10
0.1377952755905512
20
0.2992125984251968
11
0.1370245275590551
21
0.2943461811023622
0
LINE
8
BLACK
6
CONTINUOUS
10
0.1370245275590551
20
0.2943461811023622
11
0.1347876771653543
21
0.2899561417322835
0
LINE
8
BLACK
6
CONTINUOUS
10
0.1347876771653543
20
0.2899561417322835
11
0.1313037007874016
21
0.2864721653543307
0
LINE
8
BLACK
6
CONTINUOUS
10
0.1313037007874016
20
0.2864721653543307
11
0.1269136614173228
21
0.2842353149606299
0
LINE
8
BLACK
6
CONTINUOUS
10
0.1269136614173228
20
0.2842353149606299
11
0.1220472440944882
21
0.2834645669291339
0
LINE
8
BLACK
6
CONTINUOUS
10
0.1220472440944882
20
0.2834645669291339
11
0.1204686220472441
21
0.2837146062992126
0
LINE
8
BLACK
6
CONTINUOUS
10
0.1204686220472441
20
0.2837146062992126
11
0.0937943700787402
21
0.2570402755905511
0
LINE
8
BLACK
6
CONTINUOUS
10
0.0937943700787402
20
0.2570402755905511
11
0.0906012204724409
21
0.2549066929133858
0
LINE
8
BLACK
6
CONTINUOUS
10
0.0906012204724409
20
0.2549066929133858
11
0.0868346456692913
21
0.2541574803149606
0
LINE
8
BLACK
6
CONTINUOUS
10
0.0868346456692913
20
0.2541574803149606
11
0.0296261417322835
21
0.2541574803149606
0
LINE
8
BLACK
6
CONTINUOUS
10
0.0296261417322835
20
0.2541574803149606
11
-0.1218456299212598
21
0.2541574803149606
0
LINE
8
BLACK
6
CONTINUOUS
10
-0.1218456299212598
20
0.2541574803149606
11
-0.1247435433070866
21
0.2512595669291339
0
LINE
8
BLACK
6
CONTINUOUS
10
-0.1247435433070866
20
0.2512595669291339
11
-0.1291335826771653
21
0.2490227165354331
0
LINE
8
BLACK
6
CONTINUOUS
10
-0.1291335826771653
20
0.2490227165354331
11
-0.134
21
0.248251968503937
0
LINE
8
BLACK
6
CONTINUOUS
10
-0.134
20
0.248251968503937
11
-0.1388664173228346
21
0.2490227165354331
0
LINE
8
BLACK
6
CONTINUOUS
10
-0.1388664173228346
20
0.2490227165354331
11
-0.1432564566929134
21
0.2512595669291339
0
LINE
8
BLACK
6
CONTINUOUS
10
-0.1432564566929134
20
0.2512595669291339
11
-0.1459338976377953
21
0.2539370078740157
0
LINE
8
BLACK
6
CONTINUOUS
10
-0.1459338976377953
20
0.2539370078740157
11
-0.484785157480315
21
0.2539370078740157
0
LINE
8
BLACK
6
CONTINUOUS
10
-0.484785157480315
20
0.2539370078740157
11
-0.4881240551181102
21
0.2505981496062992
0
LINE
8
BLACK
6
CONTINUOUS
10
-0.4881240551181102
20
0.2505981496062992
11
-0.4878740157480315
21
0.2490195275590551
0
LINE
8
BLACK
6
CONTINUOUS
10
-0.4878740157480315
20
0.2490195275590551
11
-0.4886447637795275
21
0.2441531102362205
0
LINE
8
BLACK
6
CONTINUOUS
10
-0.4886447637795275
20
0.2441531102362205
11
-0.4908816141732283
21
0.2397630708661417
0
LINE
8
BLACK
6
CONTINUOUS
10
-0.4908816141732283
20
0.2397630708661417
11
-0.4943655905511811
21
0.236279094488189
0
LINE
8
BLACK
6
CONTINUOUS
10
-0.4943655905511811
20
0.236279094488189
11
-0.4987556299212598
21
0.2340422440944882
0
LINE
8
BLACK
6
CONTINUOUS
10
-0.4987556299212598
20
0.2340422440944882
11
-0.5036220472440944
21
0.2332714960629921
0
LINE
8
BLACK
6
CONTINUOUS
10
-0.5036220472440944
20
0.2332714960629921
11
-0.5084884645669291
21
0.2340422440944882
0
LINE
8
BLACK
6
CONTINUOUS
10
-0.5084884645669291
20
0.2340422440944882
11
-0.5128785039370078
21
0.236279094488189
0
LINE
8
BLACK
6
CONTINUOUS
10
-0.5128785039370078
20
0.236279094488189
11
-0.5163624803149606
21
0.2397630708661417
0
LINE
8
BLACK
6
CONTINUOUS
10
-0.5163624803149606
20
0.2397630708661417
11
-0.5185993307086614
21
0.2441531102362205
0
LINE
8
BLACK
6
CONTINUOUS
10
-0.5185993307086614
20
0.2441531102362205
11
-0.5193700787401575
21
0.2490195275590551
0
LINE
8
BLACK
6
CONTINUOUS
10
-0.5193700787401575
20
0.2490195275590551
11
-0.5185993307086614
21
0.2538859448818898
0
LINE
8
BLACK
6
CONTINUOUS
10
-0.5185993307086614
20
0.2538859448818898
11
-0.5163624803149606
21
0.2582759842519685
0
LINE
8
BLACK
6
CONTINUOUS
10
-0.5163624803149606
20
0.2582759842519685
11
-0.5128785039370078
21
0.2617599606299212
0
LINE
8
BLACK
6
CONTINUOUS
10
-0.5128785039370078
20
0.2617599606299212
11
-0.5084884645669291
21
0.263996811023622
0
LINE
8
BLACK
6
CONTINUOUS
10
-0.5084884645669291
20
0.263996811023622
11
-0.5036220472440944
21
0.2647675590551181
0
LINE
8
BLACK
6
CONTINUOUS
10
-0.5036220472440944
20
0.2647675590551181
11
-0.5020434645669292
21
0.2645175590551181
0
LINE
8
BLACK
6
CONTINUOUS
10
-0.5020434645669292
20
0.2645175590551181
11
-0.4958218897637795
21
0.2707391338582677
0
LINE
8
BLACK
6
CONTINUOUS
10
-0.4958218897637795
20
0.2707391338582677
11
-0.4958217716535433
21
0.270739251968504
0
LINE
8
BLACK
6
CONTINUOUS
10
-0.4958217716535433
20
0.270739251968504
11
-0.4926286220472441
21
0.2728728346456693
0
LINE
8
BLACK
6
CONTINUOUS
10
-0.4926286220472441
20
0.2728728346456693
11
-0.4888620472440945
21
0.2736220472440945
0
LINE
8
BLACK
6
CONTINUOUS
10
-0.4888620472440945
20
0.2736220472440945
11
-0.146374842519685
21
0.2736220472440945
0
LINE
8
BLACK
6
CONTINUOUS
10
-0.146374842519685
20
0.2736220472440945
11
-0.1432564566929134
21
0.2767404330708662
0
LINE
8
BLACK
6
CONTINUOUS
10
-0.1432564566929134
20
0.2767404330708662
11
-0.1388664173228346
21
0.2789772834645669
0
LINE
8
BLACK
6
CONTINUOUS
10
-0.1388664173228346
20
0.2789772834645669
11
-0.134
21
0.279748031496063
0
LINE
8
BLACK
6
CONTINUOUS
10
-0.134
20
0.279748031496063
11
-0.1291335826771653
21
0.2789772834645669
0
LINE
8
BLACK
6
CONTINUOUS
10
-0.1291335826771653
20
0.2789772834645669
11
-0.1247435433070866
21
0.2767404330708662
0
LINE
8
BLACK
6
CONTINUOUS
10
-0.1247435433070866
20
0.2767404330708662
11
-0.1218456299212598
21
0.2738425196850394
0
LINE
8
BLACK
6
CONTINUOUS
10
-0.1218456299212598
20
0.2738425196850394
11
0.0296261417322835
21
0.2738425196850394
0
LINE
8
BLACK
6
CONTINUOUS
10
0.0296261417322835
20
0.2738425196850394
11
0.0827577165354331
21
0.2738425196850394
0
LINE
8
BLACK
6
CONTINUOUS
10
0.0827577165354331
20
0.2738425196850394
11
0.1065492125984252
21
0.2976340157480315
0
LINE
8
BLACK
6
CONTINUOUS
10
0.1065492125984252
20
0.2976340157480315
11
0.1062992125984252
21
0.2992125984251968
0
LINE
8
BLACK
6
CONTINUOUS
10
0.1062992125984252
20
0.2992125984251968
11
0.1070699606299213
21
0.3040790157480315
0
LINE
8
BLACK
6
CONTINUOUS
10
0.1070699606299213
20
0.3040790157480315
11
0.109306811023622
21
0.3084690551181102
0
LINE
8
BLACK
6
CONTINUOUS
10
0.109306811023622
20
0.3084690551181102
11
0.1127907874015748
21
0.311953031496063
0
LINE
8
BLACK
6
CONTINUOUS
10
0.1127907874015748
20
0.311953031496063
11
0.1171808267716535
21
0.3141898818897638
0
LINE
8
BLACK
6
CONTINUOUS
10
0.1171808267716535
20
0.3141898818897638
11
0.1220472440944882
21
0.3149606299212598
0
LINE
8
BLACK
6
CONTINUOUS
10
0.1220472440944882
20
0.3149606299212598
11
0.1269136614173228
21
0.3141898818897638
0
LINE
8
BLACK
6
CONTINUOUS
10
0.6056325196850394
20
0.3546136614173228
11
0.6066289763779528
21
0.3528877952755906
0
LINE
8
BLACK
6
CONTINUOUS
10
0.6066289763779528
20
0.3528877952755906
11
0.6066732283464566
21
0.3523818897637795
0
LINE
8
BLACK
6
CONTINUOUS
10
0.6066732283464566
20
0.3523818897637795
11
0.6066732283464566
21
0.307863937007874
0
LINE
8
BLACK
6
CONTINUOUS
10
0.6066732283464566
20
0.307863937007874
11
0.6059916141732283
21
0.3059912598425197
0
LINE
8
BLACK
6
CONTINUOUS
10
0.6059916141732283
20
0.3059912598425197
11
0.604265748031496
21
0.3049948031496063
0
LINE
8
BLACK
6
CONTINUOUS
10
0.604265748031496
20
0.3049948031496063
11
0.6037598425196851
21
0.3049505511811024
0
LINE
8
BLACK
6
CONTINUOUS
10
0.6037598425196851
20
0.3049505511811024
11
0.5036431889763779
21
0.3049505511811024
0
LINE
8
BLACK
6
CONTINUOUS
10
0.5036431889763779
20
0.3049505511811024
11
0.5036431889763779
21
-0.3079912992125984
0
LINE
8
BLACK
6
CONTINUOUS
10
0.5036431889763779
20
-0.3079912992125984
11
0.6037598425196851
21
-0.3079912992125984
0
LINE
8
BLACK
6
CONTINUOUS
10
0.6037598425196851
20
-0.3079912992125984
11
0.6056325196850394
21
-0.3086729133858268
0
LINE
8
BLACK
6
CONTINUOUS
10
0.6056325196850394
20
-0.3086729133858268
11
0.6066289763779528
21
-0.3103987795275591
0
LINE
8
BLACK
6
CONTINUOUS
10
0.6066289763779528
20
-0.3103987795275591
11
0.6066732283464566
21
-0.3109046850393701
0
LINE
8
BLACK
6
CONTINUOUS
10
0.6066732283464566
20
-0.3109046850393701
11
0.6066732283464566
21
-0.3504133858267717
0
LINE
8
BLACK
6
CONTINUOUS
10
0.6066732283464566
20
-0.3504133858267717
11
0.6059916141732283
21
-0.352286062992126
0
LINE
8
BLACK
6
CONTINUOUS
10
0.6059916141732283
20
-0.352286062992126
11
0.604265748031496
21
-0.3532825196850394
0
LINE
8
BLACK
6
CONTINUOUS
10
0.604265748031496
20
-0.3532825196850394
11
0.6037598425196851
21
-0.3533267716535433
0
LINE
8
BLACK
6
CONTINUOUS
10
0.6037598425196851
20
-0.3533267716535433
11
-0.8273818897637795
21
-0.3533267716535433
0
LINE
8
BLACK
6
CONTINUOUS
10
-0.8273818897637795
20
-0.3533267716535433
11
-0.8292545669291338
21
-0.3526451574803149
0
LINE
8
BLACK
6
CONTINUOUS
10
-0.8292545669291338
20
-0.3526451574803149
11
-0.8302510236220473
21
-0.3509192913385827
0
LINE
8
BLACK
6
CONTINUOUS
10
-0.8302510236220473
20
-0.3509192913385827
11
-0.8302952755905512
21
-0.3504133858267717
0
LINE
8
BLACK
6
CONTINUOUS
10
-0.8302952755905512
20
-0.3504133858267717
11
-0.8302952755905512
21
0.2128856692913386
0
LINE
8
BLACK
6
CONTINUOUS
10
-0.8302952755905512
20
0.2128856692913386
11
-0.8302952755905512
21
0.2490195275590551
0
LINE
8
BLACK
6
CONTINUOUS
10
-0.8302952755905512
20
0.2490195275590551
11
-0.8302952755905512
21
0.3523818897637795
0
LINE
8
BLACK
6
CONTINUOUS
10
-0.8302952755905512
20
0.3523818897637795
11
-0.8296136614173228
21
0.3542545669291339
0
LINE
8
BLACK
6
CONTINUOUS
10
-0.8296136614173228
20
0.3542545669291339
11
-0.8278877952755905
21
0.3552510236220472
0
LINE
8
BLACK
6
CONTINUOUS
10
-0.8278877952755905
20
0.3552510236220472
11
-0.8273818897637795
21
0.3552952755905512
0
LINE
8
BLACK
6
CONTINUOUS
10
-0.8273818897637795
20
0.3552952755905512
11
0.6037598425196851
21
0.3552952755905512
0
LINE
8
BLACK
6
CONTINUOUS
10
0.6037598425196851
20
0.3552952755905512
11
0.6056325196850394
21
0.3546136614173228
0
LINE
8
BLACK
6
CONTINUOUS
10
-0.7181716929133858
20
0.235918937007874
11
-0.7181717322834645
21
0.235918937007874
0
LINE
8
BLACK
6
CONTINUOUS
10
-0.7181717322834645
20
0.235918937007874
11
-0.7239229133858267
21
0.2335366929133858
0
LINE
8
BLACK
6
CONTINUOUS
10
-0.7239229133858267
20
0.2335366929133858
11
-0.7288614173228346
21
0.2297472834645669
0
LINE
8
BLACK
6
CONTINUOUS
10
-0.7288614173228346
20
0.2297472834645669
11
-0.7288616141732284
21
0.2297470866141732
0
LINE
8
BLACK
6
CONTINUOUS
10
-0.7288616141732284
20
0.2297470866141732
11
-0.7326510236220473
21
0.2248085826771654
0
LINE
8
BLACK
6
CONTINUOUS
10
-0.7326510236220473
20
0.2248085826771654
11
-0.7350332677165354
21
0.2190574015748031
0
LINE
8
BLACK
6
CONTINUOUS
10
-0.7350332677165354
20
0.2190574015748031
11
-0.7350332677165354
21
0.2190573622047244
0
LINE
8
BLACK
6
CONTINUOUS
10
-0.7350332677165354
20
0.2190573622047244
11
-0.735845748031496
21
0.2128856692913386
0
LINE
8
BLACK
6
CONTINUOUS
10
-0.735845748031496
20
0.2128856692913386
11
-0.7350332677165354
21
0.2067140157480315
0
LINE
8
BLACK
6
CONTINUOUS
10
-0.7350332677165354
20
0.2067140157480315
11
-0.7350332677165354
21
0.2067139763779527
0
LINE
8
BLACK
6
CONTINUOUS
10
-0.7350332677165354
20
0.2067139763779527
11
-0.7326510236220473
21
0.2009627952755906
0
LINE
8
BLACK
6
CONTINUOUS
10
-0.7326510236220473
20
0.2009627952755906
11
-0.7288616141732284
21
0.1960242913385827
0
LINE
8
BLACK
6
CONTINUOUS
10
-0.7288616141732284
20
0.1960242913385827
11
-0.7288614173228346
21
0.196024094488189
0
LINE
8
BLACK
6
CONTINUOUS
10
-0.7288614173228346
20
0.196024094488189
11
-0.7288612992125985
21
0.1960240157480315
0
LINE
8
BLACK
6
CONTINUOUS
10
-0.7288612992125985
20
0.1960240157480315
11
-0.7239228740157481
21
0.1922346456692913
0
LINE
8
BLACK
6
CONTINUOUS
10
-0.7239228740157481
20
0.1922346456692913
11
-0.7181717322834645
21
0.1898524409448819
0
LINE
8
BLACK
6
CONTINUOUS
10
-0.7181717322834645
20
0.1898524409448819
11
-0.712
21
0.1890399212598425
0
LINE
8
BLACK
6
CONTINUOUS
10
-0.712
20
0.1890399212598425
11
-0.7058282677165354
21
0.1898524409448819
0
LINE
8
BLACK
6
CONTINUOUS
10
-0.7058282677165354
20
0.1898524409448819
11
-0.700077125984252
21
0.1922346456692913
0
LINE
8
BLACK
6
CONTINUOUS
10
-0.700077125984252
20
0.1922346456692913
11
-0.6951385039370078
21
0.1960241732283464
0
LINE
8
BLACK
6
CONTINUOUS
10
-0.6951385039370078
20
0.1960241732283464
11
-0.6951383858267717
21
0.1960243700787402
0
LINE
8
BLACK
6
CONTINUOUS
10
-0.6951383858267717
20
0.1960243700787402
11
-0.6950036614173228
21
0.1961590551181102
0
LINE
8
BLACK
6
CONTINUOUS
10
-0.6950036614173228
20
0.1961590551181102
11
-0.6949594094488188
21
0.1961148031496063
0
LINE
8
BLACK
6
CONTINUOUS
10
-0.6949594094488188
20
0.1961148031496063
11
-0.693493031496063
21
0.1970488976377953
0
LINE
8
BLACK
6
CONTINUOUS
10
-0.693493031496063
20
0.1970488976377953
11
-0.6928625196850393
21
0.1971179527559055
0
LINE
8
BLACK
6
CONTINUOUS
10
-0.6928625196850393
20
0.1971179527559055
11
-0.6757379921259843
21
0.1971179527559055
0
LINE
8
BLACK
6
CONTINUOUS
10
-0.6757379921259843
20
0.1971179527559055
11
-0.67386531496063
21
0.1964363385826772
0
LINE
8
BLACK
6
CONTINUOUS
10
-0.67386531496063
20
0.1964363385826772
11
-0.6736779133858267
21
0.1962646456692913
0
LINE
8
BLACK
6
CONTINUOUS
10
-0.6736779133858267
20
0.1962646456692913
11
-0.5771542913385826
21
0.0997410236220472
0
LINE
8
BLACK
6
CONTINUOUS
10
-0.5771542913385826
20
0.0997410236220472
11
-0.5763120866141732
21
0.0979348818897638
0
LINE
8
BLACK
6
CONTINUOUS
10
-0.5763120866141732
20
0.0979348818897638
11
-0.576827874015748
21
0.0960098818897638
0
LINE
8
BLACK
6
CONTINUOUS
10
-0.576827874015748
20
0.0960098818897638
11
-0.5771542913385826
21
0.0956208661417323
0
LINE
8
BLACK
6
CONTINUOUS
10
-0.5771542913385826
20
0.0956208661417323
11
-0.6260267716535433
21
0.0467484251968504
0
LINE
8
BLACK
6
CONTINUOUS
10
-0.6260267716535433
20
0.0467484251968504
11
-0.6260268897637795
21
0.0467482677165354
0
LINE
8
BLACK
6
CONTINUOUS
10
-0.6260268897637795
20
0.0467482677165354
11
-0.6260269291338583
21
0.0467482283464567
0
LINE
8
BLACK
6
CONTINUOUS
10
-0.6260269291338583
20
0.0467482283464567
11
-0.6260270472440945
21
0.0467481102362205
0
LINE
8
BLACK
6
CONTINUOUS
10
-0.6260270472440945
20
0.0467481102362205
11
-0.6269153543307087
21
0.0458597637795276
0
LINE
8
BLACK
6
CONTINUOUS
10
-0.6269153543307087
20
0.0458597637795276
11
-0.6269153937007874
21
0.0458597244094488
0
LINE
8
BLACK
6
CONTINUOUS
10
-0.6269153937007874
20
0.0458597244094488
11
-0.6273816141732284
21
0.0449447244094488
0
LINE
8
BLACK
6
CONTINUOUS
10
-0.6273816141732284
20
0.0449447244094488
11
-0.6276203543307086
21
0.0445551181102362
0
LINE
8
BLACK
6
CONTINUOUS
10
-0.6276203543307086
20
0.0445551181102362
11
-0.6282242913385827
21
0.0437238188976378
0
LINE
8
BLACK
6
CONTINUOUS
10
-0.6282242913385827
20
0.0437238188976378
11
-0.6282243307086613
21
0.0437237795275591
0
LINE
8
BLACK
6
CONTINUOUS
10
-0.6282243307086613
20
0.0437237795275591
11
-0.6285416929133858
21
0.0427470078740157
0
LINE
8
BLACK
6
CONTINUOUS
10
-0.6285416929133858
20
0.0427470078740157
11
-0.6287165354330708
21
0.0423248031496063
0
LINE
8
BLACK
6
CONTINUOUS
10
-0.6287165354330708
20
0.0423248031496063
11
-0.6291829921259843
21
0.0414093307086614
0
LINE
8
BLACK
6
CONTINUOUS
10
-0.6291829921259843
20
0.0414093307086614
11
-0.629183031496063
21
0.0414092125984252
0
LINE
8
BLACK
6
CONTINUOUS
10
-0.629183031496063
20
0.0414092125984252
11
-0.6293437007874015
21
0.040394842519685
0
LINE
8
BLACK
6
CONTINUOUS
10
-0.6293437007874015
20
0.040394842519685
11
-0.6294503149606299
21
0.0399505905511811
0
LINE
8
BLACK
6
CONTINUOUS
10
-0.6294503149606299
20
0.0399505905511811
11
-0.6297677165354331
21
0.0389735433070866
0
LINE
8
BLACK
6
CONTINUOUS
10
-0.6297677165354331
20
0.0389735433070866
11
-0.6297677165354331
21
-0.0853477165354331
0
LINE
8
BLACK
6
CONTINUOUS
10
-0.6297677165354331
20
-0.0853477165354331
11
-0.6294503149606299
21
-0.0863247637795276
0
LINE
8
BLACK
6
CONTINUOUS
10
-0.6294503149606299
20
-0.0863247637795276
11
-0.6293437007874015
21
-0.0867690157480315
0
LINE
8
BLACK
6
CONTINUOUS
10
-0.6293437007874015
20
-0.0867690157480315
11
-0.629183031496063
21
-0.0877833070866142
0
LINE
8
BLACK
6
CONTINUOUS
10
-0.629183031496063
20
-0.0877833070866142
11
-0.6291829527559055
21
-0.0877835433070866
0
LINE
8
BLACK
6
CONTINUOUS
10
-0.6291829527559055
20
-0.0877835433070866
11
-0.6287166141732283
21
-0.0886987795275591
0
LINE
8
BLACK
6
CONTINUOUS
10
-0.6287166141732283
20
-0.0886987795275591
11
-0.6285416929133858
21
-0.0891211417322835
0
LINE
8
BLACK
6
CONTINUOUS
10
-0.6285416929133858
20
-0.0891211417322835
11
-0.6282243307086613
21
-0.0900979527559055
0
LINE
8
BLACK
6
CONTINUOUS
10
-0.6282243307086613
20
-0.0900979527559055
11
-0.6282242913385827
21
-0.0900979921259843
0
LINE
8
BLACK
6
CONTINUOUS
10
-0.6282242913385827
20
-0.0900979921259843
11
-0.6276205511811024
21
-0.0909290157480315
0
LINE
8
BLACK
6
CONTINUOUS
10
-0.6276205511811024
20
-0.0909290157480315
11
-0.6273817716535433
21
-0.0913186614173228
0
LINE
8
BLACK
6
CONTINUOUS
10
-0.6273817716535433
20
-0.0913186614173228
11
-0.6269153937007874
21
-0.0922338976377953
0
LINE
8
BLACK
6
CONTINUOUS
10
-0.6269153937007874
20
-0.0922338976377953
11
-0.6261003149606299
21
-0.0930489763779528
0
LINE
8
BLACK
6
CONTINUOUS
10
-0.6261003149606299
20
-0.0930489763779528
11
-0.6261000393700787
21
-0.0930492913385827
0
LINE
8
BLACK
6
CONTINUOUS
10
-0.6261000393700787
20
-0.0930492913385827
11
-0.6191699212598425
21
-0.0999794094488189
0
LINE
8
BLACK
6
CONTINUOUS
10
-0.6191699212598425
20
-0.0999794094488189
11
-0.6183277165354331
21
-0.1017855511811024
0
LINE
8
BLACK
6
CONTINUOUS
10
-0.6183277165354331
20
-0.1017855511811024
11
-0.618336062992126
21
-0.1021712992125984
0
LINE
8
BLACK
6
CONTINUOUS
10
-0.618336062992126
20
-0.1021712992125984
11
-0.618333937007874
21
-0.1021712992125984
0
LINE
8
BLACK
6
CONTINUOUS
10
-0.618333937007874
20
-0.1021712992125984
11
-0.618333937007874
21
-0.1023622047244094
0
LINE
8
BLACK
6
CONTINUOUS
10
-0.618333937007874
20
-0.1023622047244094
11
-0.6175214566929134
21
-0.1085338582677165
0
LINE
8
BLACK
6
CONTINUOUS
10
-0.6175214566929134
20
-0.1085338582677165
11
-0.6175214566929134
21
-0.1085338976377953
0
LINE
8
BLACK
6
CONTINUOUS
10
-0.6175214566929134
20
-0.1085338976377953
11
-0.6151392125984252
21
-0.1142850787401575
0
LINE
8
BLACK
6
CONTINUOUS
10
-0.6151392125984252
20
-0.1142850787401575
11
-0.6113498031496063
21
-0.1192235826771653
0
LINE
8
BLACK
6
CONTINUOUS
10
-0.6113498031496063
20
-0.1192235826771653
11
-0.6113496062992125
21
-0.1192237795275591
0
LINE
8
BLACK
6
CONTINUOUS
10
-0.6113496062992125
20
-0.1192237795275591
11
-0.6080572834645669
21
-0.1217500393700787
0
LINE
8
BLACK
6
CONTINUOUS
10
-0.6080572834645669
20
-0.1217500393700787
11
-0.606411062992126
21
-0.1230132283464567
0
LINE
8
BLACK
6
CONTINUOUS
10
-0.606411062992126
20
-0.1230132283464567
11
-0.6006599212598425
21
-0.1253954330708661
0
LINE
8
BLACK
6
CONTINUOUS
10
-0.6006599212598425
20
-0.1253954330708661
11
-0.5944881889763779
21
-0.1262079527559055
0
LINE
8
BLACK
6
CONTINUOUS
10
-0.5944881889763779
20
-0.1262079527559055
11
-0.5883164566929133
21
-0.1253954330708661
0
LINE
8
BLACK
6
CONTINUOUS
10
-0.5883164566929133
20
-0.1253954330708661
11
-0.5825653149606299
21
-0.1230132283464567
0
LINE
8
BLACK
6
CONTINUOUS
10
-0.5825653149606299
20
-0.1230132283464567
11
-0.5776266929133859
21
-0.1192237007874016
0
LINE
8
BLACK
6
CONTINUOUS
10
-0.5776266929133859
20
-0.1192237007874016
11
-0.5738371653543307
21
-0.1142850787401575
0
LINE
8
BLACK
6
CONTINUOUS
10
-0.5738371653543307
20
-0.1142850787401575
11
-0.5714549606299213
21
-0.108533937007874
0
LINE
8
BLACK
6
CONTINUOUS
10
-0.5714549606299213
20
-0.108533937007874
11
-0.5706424409448819
21
-0.1023622047244094
0
LINE
8
BLACK
6
CONTINUOUS
10
-0.5706424409448819
20
-0.1023622047244094
11
-0.5714549606299213
21
-0.0961904724409449
0
LINE
8
BLACK
6
CONTINUOUS
10
-0.5714549606299213
20
-0.0961904724409449
11
-0.5738371653543307
21
-0.0904393307086614
0
LINE
8
BLACK
6
CONTINUOUS
10
-0.5738371653543307
20
-0.0904393307086614
11
-0.5758890157480315
21
-0.0877653149606299
0
LINE
8
BLACK
6
CONTINUOUS
10
-0.5758890157480315
20
-0.0877653149606299
11
-0.5776266141732284
21
-0.0855007874015748
0
LINE
8
BLACK
6
CONTINUOUS
10
-0.5776266141732284
20
-0.0855007874015748
11
-0.577626811023622
21
-0.0855005905511811
0
LINE
8
BLACK
6
CONTINUOUS
10
-0.577626811023622
20
-0.0855005905511811
11
-0.5825653149606299
21
-0.0817111811023622
0
LINE
8
BLACK
6
CONTINUOUS
10
-0.5825653149606299
20
-0.0817111811023622
11
-0.5883164960629921
21
-0.079328937007874
0
LINE
8
BLACK
6
CONTINUOUS
10
-0.5883164960629921
20
-0.079328937007874
11
-0.5944881889763779
21
-0.0785164566929134
0
LINE
8
BLACK
6
CONTINUOUS
10
-0.5944881889763779
20
-0.0785164566929134
11
-0.594679094488189
21
-0.0785164566929134
0
LINE
8
BLACK
6
CONTINUOUS
10
-0.594679094488189
20
-0.0785164566929134
11
-0.594679094488189
21
-0.078453937007874
0
LINE
8
BLACK
6
CONTINUOUS
10
-0.594679094488189
20
-0.078453937007874
11
-0.5963768110236221
21
-0.0780771653543307
0
LINE
8
BLACK
6
CONTINUOUS
10
-0.5963768110236221
20
-0.0780771653543307
11
-0.5968709842519685
21
-0.0776804724409449
0
LINE
8
BLACK
6
CONTINUOUS
10
-0.5968709842519685
20
-0.0776804724409449
11
-0.5973789763779528
21
-0.0771724803149606
0
LINE
8
BLACK
6
CONTINUOUS
10
-0.5973789763779528
20
-0.0771724803149606
11
-0.5982211811023622
21
-0.0753663385826772
0
LINE
8
BLACK
6
CONTINUOUS
10
-0.5982211811023622
20
-0.0753663385826772
11
-0.5982322834645669
21
-0.0751124015748031
0
LINE
8
BLACK
6
CONTINUOUS
10
-0.5982322834645669
20
-0.0751124015748031
11
-0.5982322834645669
21
0.01
0
LINE
8
BLACK
6
CONTINUOUS
10
-0.5982322834645669
20
0.01
11
-0.5982322834645669
21
0.0287382677165354
0
LINE
8
BLACK
6
CONTINUOUS
10
-0.5982322834645669
20
0.0287382677165354
11
-0.5975506692913386
21
0.0306109448818898
0
LINE
8
BLACK
6
CONTINUOUS
10
-0.5975506692913386
20
0.0306109448818898
11
-0.5973789763779528
21
0.0307983464566929
0
LINE
8
BLACK
6
CONTINUOUS
10
-0.5973789763779528
20
0.0307983464566929
11
-0.5471174015748032
21
0.0810599212598425
0
LINE
8
BLACK
6
CONTINUOUS
10
-0.5471174015748032
20
0.0810599212598425
11
-0.5453112598425197
21
0.081902125984252
0
LINE
8
BLACK
6
CONTINUOUS
10
-0.5453112598425197
20
0.081902125984252
11
-0.5450573228346457
21
0.0819132283464567
0
LINE
8
BLACK
6
CONTINUOUS
10
-0.5450573228346457
20
0.0819132283464567
11
-0.4792949606299213
21
0.0819132283464567
0
LINE
8
BLACK
6
CONTINUOUS
10
-0.4792949606299213
20
0.0819132283464567
11
-0.4774222834645669
21
0.0812316141732283
0
LINE
8
BLACK
6
CONTINUOUS
10
-0.4774222834645669
20
0.0812316141732283
11
-0.4771553543307087
21
0.0809528346456693
0
LINE
8
BLACK
6
CONTINUOUS
10
-0.4771553543307087
20
0.0809528346456693
11
-0.4771538188976378
21
0.0809543307086614
0
LINE
8
BLACK
6
CONTINUOUS
10
-0.4771538188976378
20
0.0809543307086614
11
-0.4770188188976378
21
0.0808192913385827
0
LINE
8
BLACK
6
CONTINUOUS
10
-0.4770188188976378
20
0.0808192913385827
11
-0.4730681102362205
21
0.0777878346456693
0
LINE
8
BLACK
6
CONTINUOUS
10
-0.4730681102362205
20
0.0777878346456693
11
-0.4720803543307087
21
0.0770299212598425
0
LINE
8
BLACK
6
CONTINUOUS
10
-0.4720803543307087
20
0.0770299212598425
11
-0.4663292125984252
21
0.0746477165354331
0
LINE
8
BLACK
6
CONTINUOUS
10
-0.4663292125984252
20
0.0746477165354331
11
-0.4601574803149606
21
0.0738351968503937
0
LINE
8
BLACK
6
CONTINUOUS
10
-0.4601574803149606
20
0.0738351968503937
11
-0.4539857480314961
21
0.0746477165354331
0
LINE
8
BLACK
6
CONTINUOUS
10
-0.4539857480314961
20
0.0746477165354331
11
-0.4482346062992126
21
0.0770299212598425
0
LINE
8
BLACK
6
CONTINUOUS
10
-0.4482346062992126
20
0.0770299212598425
11
-0.4432959842519685
21
0.0808194488188976
0
LINE
8
BLACK
6
CONTINUOUS
10
-0.4432959842519685
20
0.0808194488188976
11
-0.4395064566929134
21
0.0857580708661417
0
LINE
8
BLACK
6
CONTINUOUS
10
-0.4395064566929134
20
0.0857580708661417
11
-0.4371242519685039
21
0.0915092125984252
0
LINE
8
BLACK
6
CONTINUOUS
10
-0.4371242519685039
20
0.0915092125984252
11
-0.4363117322834645
21
0.0976809448818898
0
LINE
8
BLACK
6
CONTINUOUS
10
-0.4363117322834645
20
0.0976809448818898
11
-0.4371242519685039
21
0.1038526771653543
0
LINE
8
BLACK
6
CONTINUOUS
10
-0.4371242519685039
20
0.1038526771653543
11
-0.4395064566929134
21
0.1096038188976378
0
LINE
8
BLACK
6
CONTINUOUS
10
-0.4395064566929134
20
0.1096038188976378
11
-0.4407696456692913
21
0.1112500393700787
0
LINE
8
BLACK
6
CONTINUOUS
10
-0.4407696456692913
20
0.1112500393700787
11
-0.443295905511811
21
0.1145423622047244
0
LINE
8
BLACK
6
CONTINUOUS
10
-0.443295905511811
20
0.1145423622047244
11
-0.4432961023622047
21
0.1145425590551181
0
LINE
8
BLACK
6
CONTINUOUS
10
-0.4432961023622047
20
0.1145425590551181
11
-0.4482346062992126
21
0.118331968503937
0
LINE
8
BLACK
6
CONTINUOUS
10
-0.4482346062992126
20
0.118331968503937
11
-0.4539857874015748
21
0.1207142125984252
0
LINE
8
BLACK
6
CONTINUOUS
10
-0.4539857874015748
20
0.1207142125984252
11
-0.4601574803149606
21
0.1215266929133858
0
LINE
8
BLACK
6
CONTINUOUS
10
-0.4601574803149606
20
0.1215266929133858
11
-0.4663291732283464
21
0.1207142125984252
0
LINE
8
BLACK
6
CONTINUOUS
10
-0.4663291732283464
20
0.1207142125984252
11
-0.4663292125984252
21
0.1207142125984252
0
LINE
8
BLACK
6
CONTINUOUS
10
-0.4663292125984252
20
0.1207142125984252
11
-0.4720803937007874
21
0.118331968503937
0
LINE
8
BLACK
6
CONTINUOUS
10
-0.4720803937007874
20
0.118331968503937
11
-0.4770188188976378
21
0.1145426377952756
0
LINE
8
BLACK
6
CONTINUOUS
10
-0.4770188188976378
20
0.1145426377952756
11
-0.4771538188976378
21
0.1144075590551181
0
LINE
8
BLACK
6
CONTINUOUS
10
-0.4771538188976378
20
0.1144075590551181
11
-0.4771981102362204
21
0.1144518503937008
0
LINE
8
BLACK
6
CONTINUOUS
10
-0.4771981102362204
20
0.1144518503937008
11
-0.4786644488188976
21
0.1135177165354331
0
LINE
8
BLACK
6
CONTINUOUS
10
-0.4786644488188976
20
0.1135177165354331
11
-0.4792949606299213
21
0.1134486614173228
0
LINE
8
BLACK
6
CONTINUOUS
10
-0.4792949606299213
20
0.1134486614173228
11
-0.5450572834645669
21
0.1134486614173228
0
LINE
8
BLACK
6
CONTINUOUS
10
-0.5450572834645669
20
0.1134486614173228
11
-0.5469299606299213
21
0.1141302755905512
0
LINE
8
BLACK
6
CONTINUOUS
10
-0.5469299606299213
20
0.1141302755905512
11
-0.5471173622047244
21
0.114301968503937
0
LINE
8
BLACK
6
CONTINUOUS
10
-0.5471173622047244
20
0.114301968503937
11
-0.6578008267716535
21
0.2249854330708661
0
LINE
8
BLACK
6
CONTINUOUS
10
-0.6578008267716535
20
0.2249854330708661
11
-0.6578014173228346
21
0.2249859842519685
0
LINE
8
BLACK
6
CONTINUOUS
10
-0.6578014173228346
20
0.2249859842519685
11
-0.6586164960629921
21
0.225801062992126
0
LINE
8
BLACK
6
CONTINUOUS
10
-0.6586164960629921
20
0.225801062992126
11
-0.6595317322834645
21
0.2262674409448819
0
LINE
8
BLACK
6
CONTINUOUS
10
-0.6595317322834645
20
0.2262674409448819
11
-0.6599213779527558
21
0.2265062204724409
0
LINE
8
BLACK
6
CONTINUOUS
10
-0.6599213779527558
20
0.2265062204724409
11
-0.6607524015748031
21
0.2271099606299213
0
LINE
8
BLACK
6
CONTINUOUS
10
-0.6607524015748031
20
0.2271099606299213
11
-0.6607524409448818
21
0.22711
0
LINE
8
BLACK
6
CONTINUOUS
10
-0.6607524409448818
20
0.22711
11
-0.661729251968504
21
0.2274273622047244
0
LINE
8
BLACK
6
CONTINUOUS
10
-0.661729251968504
20
0.2274273622047244
11
-0.6621516141732283
21
0.2276022834645669
0
LINE
8
BLACK
6
CONTINUOUS
10
-0.6621516141732283
20
0.2276022834645669
11
-0.6630668503937007
21
0.2280686220472441
0
LINE
8
BLACK
6
CONTINUOUS
10
-0.6630668503937007
20
0.2280686220472441
11
-0.6630670866141732
21
0.2280687007874016
0
LINE
8
BLACK
6
CONTINUOUS
10
-0.6630670866141732
20
0.2280687007874016
11
-0.6640813779527559
21
0.2282293700787401
0
LINE
8
BLACK
6
CONTINUOUS
10
-0.6640813779527559
20
0.2282293700787401
11
-0.6645256299212599
21
0.2283359842519685
0
LINE
8
BLACK
6
CONTINUOUS
10
-0.6645256299212599
20
0.2283359842519685
11
-0.665188622047244
21
0.2285513779527559
0
LINE
8
BLACK
6
CONTINUOUS
10
-0.665188622047244
20
0.2285513779527559
11
-0.6655026377952755
21
0.2286533858267716
0
LINE
8
BLACK
6
CONTINUOUS
10
-0.6655026377952755
20
0.2286533858267716
11
-0.6655026771653543
21
0.2286533858267716
0
LINE
8
BLACK
6
CONTINUOUS
10
-0.6655026771653543
20
0.2286533858267716
11
-0.6928625196850393
21
0.2286533858267716
0
LINE
8
BLACK
6
CONTINUOUS
10
-0.6928625196850393
20
0.2286533858267716
11
-0.6947351968503936
21
0.229335
0
LINE
8
BLACK
6
CONTINUOUS
10
-0.6947351968503936
20
0.229335
11
-0.6950021653543307
21
0.2296138188976378
0
LINE
8
BLACK
6
CONTINUOUS
10
-0.6950021653543307
20
0.2296138188976378
11
-0.6950036614173228
21
0.2296122834645669
0
LINE
8
BLACK
6
CONTINUOUS
10
-0.6950036614173228
20
0.2296122834645669
11
-0.6951387007874016
21
0.2297473622047244
0
LINE
8
BLACK
6
CONTINUOUS
10
-0.6951387007874016
20
0.2297473622047244
11
-0.700077125984252
21
0.2335366929133858
0
LINE
8
BLACK
6
CONTINUOUS
10
-0.700077125984252
20
0.2335366929133858
11
-0.7058283070866141
21
0.235918937007874
0
LINE
8
BLACK
6
CONTINUOUS
10
-0.7058283070866141
20
0.235918937007874
11
-0.712
21
0.2367314173228346
0
LINE
8
BLACK
6
CONTINUOUS
10
-0.712
20
0.2367314173228346
11
-0.7181716929133858
21
0.235918937007874
0
LINE
8
BLACK
6
CONTINUOUS
10
-0.5830332677165354
20
0.0038283464566929
11
-0.5830332677165354
21
0.0038283070866142
0
LINE
8
BLACK
6
CONTINUOUS
10
-0.5830332677165354
20
0.0038283070866142
11
-0.5806510236220472
21
-0.001922874015748
0
LINE
8
BLACK
6
CONTINUOUS
10
-0.5806510236220472
20
-0.001922874015748
11
-0.5768616141732283
21
-0.0068613779527559
0
LINE
8
BLACK
6
CONTINUOUS
10
-0.5768616141732283
20
-0.0068613779527559
11
-0.5768614173228346
21
-0.0068615748031496
0
LINE
8
BLACK
6
CONTINUOUS
10
-0.5768614173228346
20
-0.0068615748031496
11
-0.5751712992125985
21
-0.0081584251968504
0
LINE
8
BLACK
6
CONTINUOUS
10
-0.5751712992125985
20
-0.0081584251968504
11
-0.571922874015748
21
-0.0106510236220472
0
LINE
8
BLACK
6
CONTINUOUS
10
-0.571922874015748
20
-0.0106510236220472
11
-0.5661717322834645
21
-0.0130332283464567
0
LINE
8
BLACK
6
CONTINUOUS
10
-0.5661717322834645
20
-0.0130332283464567
11
-0.5624051574803149
21
-0.013529094488189
0
LINE
8
BLACK
6
CONTINUOUS
10
-0.5624051574803149
20
-0.013529094488189
11
-0.5607253543307087
21
-0.0143574803149606
0
LINE
8
BLACK
6
CONTINUOUS
10
-0.5607253543307087
20
-0.0143574803149606
11
-0.5551442125984252
21
-0.0199385826771654
0
LINE
8
BLACK
6
CONTINUOUS
10
-0.5551442125984252
20
-0.0199385826771654
11
-0.5543020078740157
21
-0.0217447244094488
0
LINE
8
BLACK
6
CONTINUOUS
10
-0.5543020078740157
20
-0.0217447244094488
11
-0.554290905511811
21
-0.0219986614173228
0
LINE
8
BLACK
6
CONTINUOUS
10
-0.554290905511811
20
-0.0219986614173228
11
-0.554290905511811
21
-0.2097292913385827
0
LINE
8
BLACK
6
CONTINUOUS
10
-0.554290905511811
20
-0.2097292913385827
11
-0.5549725196850394
21
-0.211601968503937
0
LINE
8
BLACK
6
CONTINUOUS
10
-0.5549725196850394
20
-0.211601968503937
11
-0.5554307480314961
21
-0.2120406299212598
0
LINE
8
BLACK
6
CONTINUOUS
10
-0.5554307480314961
20
-0.2120406299212598
11
-0.5568614173228347
21
-0.2131383858267716
0
LINE
8
BLACK
6
CONTINUOUS
10
-0.5568614173228347
20
-0.2131383858267716
11
-0.5568616141732283
21
-0.2131385826771653
0
LINE
8
BLACK
6
CONTINUOUS
10
-0.5568616141732283
20
-0.2131385826771653
11
-0.5606510236220472
21
-0.2180770866141732
0
LINE
8
BLACK
6
CONTINUOUS
10
-0.5606510236220472
20
-0.2180770866141732
11
-0.5630332677165354
21
-0.2238282677165354
0
LINE
8
BLACK
6
CONTINUOUS
10
-0.5630332677165354
20
-0.2238282677165354
11
-0.5630332677165354
21
-0.2238283070866142
0
LINE
8
BLACK
6
CONTINUOUS
10
-0.5630332677165354
20
-0.2238283070866142
11
-0.563845748031496
21
-0.23
0
LINE
8
BLACK
6
CONTINUOUS
10
-0.563845748031496
20
-0.23
11
-0.5630332677165354
21
-0.2361716535433071
0
LINE
8
BLACK
6
CONTINUOUS
10
-0.5630332677165354
20
-0.2361716535433071
11
-0.5630332677165354
21
-0.2361716929133858
0
LINE
8
BLACK
6
CONTINUOUS
10
-0.5630332677165354
20
-0.2361716929133858
11
-0.5606510236220472
21
-0.241922874015748
0
LINE
8
BLACK
6
CONTINUOUS
10
-0.5606510236220472
20
-0.241922874015748
11
-0.5568616141732283
21
-0.2468613779527559
0
LINE
8
BLACK
6
CONTINUOUS
10
-0.5568616141732283
20
-0.2468613779527559
11
-0.5568614173228347
21
-0.2468615748031496
0
LINE
8
BLACK
6
CONTINUOUS
10
-0.5568614173228347
20
-0.2468615748031496
11
-0.5553369291338582
21
-0.2480313385826771
0
LINE
8
BLACK
6
CONTINUOUS
10
-0.5553369291338582
20
-0.2480313385826771
11
-0.551922874015748
21
-0.2506510236220472
0
LINE
8
BLACK
6
CONTINUOUS
10
-0.551922874015748
20
-0.2506510236220472
11
-0.5461717322834646
21
-0.2530332283464567
0
LINE
8
BLACK
6
CONTINUOUS
10
-0.5461717322834646
20
-0.2530332283464567
11
-0.54
21
-0.2538457480314961
0
LINE
8
BLACK
6
CONTINUOUS
10
-0.54
20
-0.2538457480314961
11
-0.5338282677165355
21
-0.2530332283464567
0
LINE
8
BLACK
6
CONTINUOUS
10
-0.5338282677165355
20
-0.2530332283464567
11
-0.5285817322834645
21
-0.2508600393700787
0
LINE
8
BLACK
6
CONTINUOUS
10
-0.5285817322834645
20
-0.2508600393700787
11
-0.5280771259842519
21
-0.2506510236220472
0
LINE
8
BLACK
6
CONTINUOUS
10
-0.5280771259842519
20
-0.2506510236220472
11
-0.5231385039370079
21
-0.2468614960629921
0
LINE
8
BLACK
6
CONTINUOUS
10
-0.5231385039370079
20
-0.2468614960629921
11
-0.5193489763779527
21
-0.241922874015748
0
LINE
8
BLACK
6
CONTINUOUS
10
-0.5193489763779527
20
-0.241922874015748
11
-0.5169667716535433
21
-0.2361717322834646
0
LINE
8
BLACK
6
CONTINUOUS
10
-0.5169667716535433
20
-0.2361717322834646
11
-0.516154251968504
21
-0.23
0
LINE
8
BLACK
6
CONTINUOUS
10
-0.516154251968504
20
-0.23
11
-0.5169667716535433
21
-0.2238282677165354
0
LINE
8
BLACK
6
CONTINUOUS
10
-0.5169667716535433
20
-0.2238282677165354
11
-0.5177086614173229
21
-0.2220372047244094
0
LINE
8
BLACK
6
CONTINUOUS
10
-0.5177086614173229
20
-0.2220372047244094
11
-0.5185966929133858
21
-0.2198932283464567
0
LINE
8
BLACK
6
CONTINUOUS
10
-0.5185966929133858
20
-0.2198932283464567
11
-0.5188184645669291
21
-0.2187783464566929
0
LINE
8
BLACK
6
CONTINUOUS
10
-0.5188184645669291
20
-0.2187783464566929
11
-0.5188184645669291
21
-0.0257270472440945
0
LINE
8
BLACK
6
CONTINUOUS
10
-0.5188184645669291
20
-0.0257270472440945
11
-0.5188184645669291
21
-0.0146050787401575
0
LINE
8
BLACK
6
CONTINUOUS
10
-0.5188184645669291
20
-0.0146050787401575
11
-0.5188001574803149
21
-0.0142788582677165
0
LINE
8
BLACK
6
CONTINUOUS
10
-0.5188001574803149
20
-0.0142788582677165
11
-0.5187302362204724
21
-0.013658188976378
0
LINE
8
BLACK
6
CONTINUOUS
10
-0.5187302362204724
20
-0.013658188976378
11
-0.5186306692913386
21
-0.0127746456692913
0
LINE
8
BLACK
6
CONTINUOUS
10
-0.5186306692913386
20
-0.0127746456692913
11
-0.5190561811023622
21
-0.0105257480314961
0
LINE
8
BLACK
6
CONTINUOUS
10
-0.5190561811023622
20
-0.0105257480314961
11
-0.5190739763779527
21
-0.0104211811023622
0
LINE
8
BLACK
6
CONTINUOUS
10
-0.5190739763779527
20
-0.0104211811023622
11
-0.519415
21
-0.0081584251968504
0
LINE
8
BLACK
6
CONTINUOUS
10
-0.519415
20
-0.0081584251968504
11
-0.5194151181102362
21
-0.0081582283464567
0
LINE
8
BLACK
6
CONTINUOUS
10
-0.5194151181102362
20
-0.0081582283464567
11
-0.5194793700787401
21
-0.0079497244094488
0
LINE
8
BLACK
6
CONTINUOUS
10
-0.5194793700787401
20
-0.0079497244094488
11
-0.5194775984251968
21
-0.0079491732283465
0
LINE
8
BLACK
6
CONTINUOUS
10
-0.5194775984251968
20
-0.0079491732283465
11
-0.5195508267716535
21
-0.0077266141732283
0
LINE
8
BLACK
6
CONTINUOUS
10
-0.5195508267716535
20
-0.0077266141732283
11
-0.5195525590551181
21
-0.0077272440944882
0
LINE
8
BLACK
6
CONTINUOUS
10
-0.5195525590551181
20
-0.0077272440944882
11
-0.5196245669291338
21
-0.0075214566929134
0
LINE
8
BLACK
6
CONTINUOUS
10
-0.5196245669291338
20
-0.0075214566929134
11
-0.5196246062992126
21
-0.0075212598425197
0
LINE
8
BLACK
6
CONTINUOUS
10
-0.5196246062992126
20
-0.0075212598425197
11
-0.5206937007874015
21
-0.0054985039370079
0
LINE
8
BLACK
6
CONTINUOUS
10
-0.5206937007874015
20
-0.0054985039370079
11
-0.5207425984251969
21
-0.0054016535433071
0
LINE
8
BLACK
6
CONTINUOUS
10
-0.5207425984251969
20
-0.0054016535433071
11
-0.5211942519685039
21
-0.0044637795275591
0
LINE
8
BLACK
6
CONTINUOUS
10
-0.5211942519685039
20
-0.0044637795275591
11
-0.5217348031496063
21
-0.0033412992125984
0
LINE
8
BLACK
6
CONTINUOUS
10
-0.5217348031496063
20
-0.0033412992125984
11
-0.5217349212598426
21
-0.0033411811023622
0
LINE
8
BLACK
6
CONTINUOUS
10
-0.5217349212598426
20
-0.0033411811023622
11
-0.5217349606299212
21
-0.003341062992126
0
LINE
8
BLACK
6
CONTINUOUS
10
-0.5217349606299212
20
-0.003341062992126
11
-0.5218577559055118
21
-0.003160905511811
0
LINE
8
BLACK
6
CONTINUOUS
10
-0.5218577559055118
20
-0.003160905511811
11
-0.5218562992125985
21
-0.0031598818897638
0
LINE
8
BLACK
6
CONTINUOUS
10
-0.5218562992125985
20
-0.0031598818897638
11
-0.5219918897637795
21
-0.0029688188976378
0
LINE
8
BLACK
6
CONTINUOUS
10
-0.5219918897637795
20
-0.0029688188976378
11
-0.5219933070866142
21
-0.0029698818897638
0
LINE
8
BLACK
6
CONTINUOUS
10
-0.5219933070866142
20
-0.0029698818897638
11
-0.5221229133858267
21
-0.0027942913385827
0
LINE
8
BLACK
6
CONTINUOUS
10
-0.5221229133858267
20
-0.0027942913385827
11
-0.5237398818897637
21
-0.0011773228346457
0
LINE
8
BLACK
6
CONTINUOUS
10
-0.5237398818897637
20
-0.0011773228346457
11
-0.5238154330708661
21
-0.0010988582677165
0
LINE
8
BLACK
6
CONTINUOUS
10
-0.5238154330708661
20
-0.0010988582677165
11
-0.5248350393700787
21
0.
0
LINE
8
BLACK
6
CONTINUOUS
10
-0.5248350393700787
20
0.
11
-0.5253714173228347
21
0.0005780708661417
0
LINE
8
BLACK
6
CONTINUOUS
10
-0.5253714173228347
20
0.0005780708661417
11
-0.5253716929133858
21
0.0005782283464567
0
LINE
8
BLACK
6
CONTINUOUS
10
-0.5253716929133858
20
0.0005782283464567
11
-0.5255422047244095
21
0.0007142519685039
0
LINE
8
BLACK
6
CONTINUOUS
10
-0.5255422047244095
20
0.0007142519685039
11
-0.5255411023622047
21
0.0007156692913386
0
LINE
8
BLACK
6
CONTINUOUS
10
-0.5255411023622047
20
0.0007156692913386
11
-0.5259356692913386
21
0.0010184645669291
0
LINE
8
BLACK
6
CONTINUOUS
10
-0.5259356692913386
20
0.0010184645669291
11
-0.5356425196850394
21
0.0107253149606299
0
LINE
8
BLACK
6
CONTINUOUS
10
-0.5356425196850394
20
0.0107253149606299
11
-0.536470905511811
21
0.0124051181102362
0
LINE
8
BLACK
6
CONTINUOUS
10
-0.536470905511811
20
0.0124051181102362
11
-0.5369667716535433
21
0.0161717322834646
0
LINE
8
BLACK
6
CONTINUOUS
10
-0.5369667716535433
20
0.0161717322834646
11
-0.5393489763779528
21
0.021922874015748
0
LINE
8
BLACK
6
CONTINUOUS
10
-0.5393489763779528
20
0.021922874015748
11
-0.5416025196850394
21
0.0248597637795276
0
LINE
8
BLACK
6
CONTINUOUS
10
-0.5416025196850394
20
0.0248597637795276
11
-0.5431384251968504
21
0.0268614173228346
0
LINE
8
BLACK
6
CONTINUOUS
10
-0.5431384251968504
20
0.0268614173228346
11
-0.5431386220472441
21
0.0268616141732283
0
LINE
8
BLACK
6
CONTINUOUS
10
-0.5431386220472441
20
0.0268616141732283
11
-0.548077125984252
21
0.0306510236220472
0
LINE
8
BLACK
6
CONTINUOUS
10
-0.548077125984252
20
0.0306510236220472
11
-0.5538283070866141
21
0.0330332677165354
0
LINE
8
BLACK
6
CONTINUOUS
10
-0.5538283070866141
20
0.0330332677165354
11
-0.5599999999999999
21
0.0338457480314961
0
LINE
8
BLACK
6
CONTINUOUS
10
-0.5599999999999999
20
0.0338457480314961
11
-0.5661716929133858
21
0.0330332677165354
0
LINE
8
BLACK
6
CONTINUOUS
10
-0.5661716929133858
20
0.0330332677165354
11
-0.5661717322834645
21
0.0330332677165354
0
LINE
8
BLACK
6
CONTINUOUS
10
-0.5661717322834645
20
0.0330332677165354
11
-0.5719229133858268
21
0.0306510236220472
0
LINE
8
BLACK
6
CONTINUOUS
10
-0.5719229133858268
20
0.0306510236220472
11
-0.5768614173228346
21
0.0268616141732283
0
LINE
8
BLACK
6
CONTINUOUS
10
-0.5768614173228346
20
0.0268616141732283
11
-0.5768616141732283
21
0.0268614173228346
0
LINE
8
BLACK
6
CONTINUOUS
10
-0.5768616141732283
20
0.0268614173228346
11
-0.5806510236220472
21
0.0219229133858268
0
LINE
8
BLACK
6
CONTINUOUS
10
-0.5806510236220472
20
0.0219229133858268
11
-0.5830332677165354
21
0.0161717322834646
0
LINE
8
BLACK
6
CONTINUOUS
10
-0.5830332677165354
20
0.0161717322834646
11
-0.5830332677165354
21
0.0161716929133858
0
LINE
8
BLACK
6
CONTINUOUS
10
-0.5830332677165354
20
0.0161716929133858
11
-0.583845748031496
21
0.01
0
LINE
8
BLACK
6
CONTINUOUS
10
-0.583845748031496
20
0.01
11
-0.5830332677165354
21
0.0038283464566929
0
LINE
8
BLACK
6
CONTINUOUS
10
-0.2961716929133858
20
0.1230332677165354
11
-0.2961717322834646
21
0.1230332677165354
0
LINE
8
BLACK
6
CONTINUOUS
10
-0.2961717322834646
20
0.1230332677165354
11
-0.3019229133858268
21
0.1206510236220472
0
LINE
8
BLACK
6
CONTINUOUS
10
-0.3019229133858268
20
0.1206510236220472
11
-0.3068614173228346
21
0.1168616141732283
0
LINE
8
BLACK
6
CONTINUOUS
10
-0.3068614173228346
20
0.1168616141732283
11
-0.3068616141732283
21
0.1168614173228346
0
LINE
8
BLACK
6
CONTINUOUS
10
-0.3068616141732283
20
0.1168614173228346
11
-0.3106510236220472
21
0.1119229133858268
0
LINE
8
BLACK
6
CONTINUOUS
10
-0.3106510236220472
20
0.1119229133858268
11
-0.3130332677165354
21
0.1061717322834646
0
LINE
8
BLACK
6
CONTINUOUS
10
-0.3130332677165354
20
0.1061717322834646
11
-0.3130332677165354
21
0.1061716929133858
0
LINE
8
BLACK
6
CONTINUOUS
10
-0.3130332677165354
20
0.1061716929133858
11
-0.3138457480314961
21
0.1
0
LINE
8
BLACK
6
CONTINUOUS
10
-0.3138457480314961
20
0.1
11
-0.3130332677165354
21
0.0938283464566929
0
LINE
8
BLACK
6
CONTINUOUS
10
-0.3130332677165354
20
0.0938283464566929
11
-0.3130332677165354
21
0.0938283070866142
0
LINE
8
BLACK
6
CONTINUOUS
10
-0.3130332677165354
20
0.0938283070866142
11
-0.3106510236220472
21
0.088077125984252
0
LINE
8
BLACK
6
CONTINUOUS
10
-0.3106510236220472
20
0.088077125984252
11
-0.3083382677165354
21
0.0850631102362205
0
LINE
8
BLACK
6
CONTINUOUS
10
-0.3083382677165354
20
0.0850631102362205
11
-0.3077362204724409
21
0.0832895275590551
0
LINE
8
BLACK
6
CONTINUOUS
10
-0.3077362204724409
20
0.0832895275590551
11
-0.3077362204724409
21
0.0272935433070866
0
LINE
8
BLACK
6
CONTINUOUS
10
-0.3077362204724409
20
0.0272935433070866
11
-0.3084178346456693
21
0.0254208661417323
0
LINE
8
BLACK
6
CONTINUOUS
10
-0.3084178346456693
20
0.0254208661417323
11
-0.3101437007874016
21
0.0244244094488189
0
LINE
8
BLACK
6
CONTINUOUS
10
-0.3101437007874016
20
0.0244244094488189
11
-0.3119670866141732
21
0.0247459448818898
0
LINE
8
BLACK
6
CONTINUOUS
10
-0.3119670866141732
20
0.0247459448818898
11
-0.3119698818897638
21
0.0247391338582677
0
LINE
8
BLACK
6
CONTINUOUS
10
-0.3119698818897638
20
0.0247391338582677
11
-0.3120005118110236
21
0.0247518503937008
0
LINE
8
BLACK
6
CONTINUOUS
10
-0.3120005118110236
20
0.0247518503937008
11
-0.3121062992125984
21
0.0247704724409449
0
LINE
8
BLACK
6
CONTINUOUS
10
-0.3121062992125984
20
0.0247704724409449
11
-0.3122275984251968
21
0.024845905511811
0
LINE
8
BLACK
6
CONTINUOUS
10
-0.3122275984251968
20
0.024845905511811
11
-0.3122349606299212
21
0.024848937007874
0
LINE
8
BLACK
6
CONTINUOUS
10
-0.3122349606299212
20
0.024848937007874
11
-0.3130512598425197
21
0.0250112992125984
0
LINE
8
BLACK
6
CONTINUOUS
10
-0.3130512598425197
20
0.0250112992125984
11
-0.3145374803149606
21
0.0253069291338583
0
LINE
8
BLACK
6
CONTINUOUS
10
-0.3145374803149606
20
0.0253069291338583
11
-0.3554625196850393
21
0.0253069291338583
0
LINE
8
BLACK
6
CONTINUOUS
10
-0.3554625196850393
20
0.0253069291338583
11
-0.3566137795275591
21
0.0250779527559055
0
LINE
8
BLACK
6
CONTINUOUS
10
-0.3566137795275591
20
0.0250779527559055
11
-0.3577650787401574
21
0.024848937007874
0
LINE
8
BLACK
6
CONTINUOUS
10
-0.3577650787401574
20
0.024848937007874
11
-0.3603760236220472
21
0.0231042913385827
0
LINE
8
BLACK
6
CONTINUOUS
10
-0.3603760236220472
20
0.0231042913385827
11
-0.3603761023622047
21
0.0231042125984252
0
LINE
8
BLACK
6
CONTINUOUS
10
-0.3603761023622047
20
0.0231042125984252
11
-0.3621207480314961
21
0.0204932677165354
0
LINE
8
BLACK
6
CONTINUOUS
10
-0.3621207480314961
20
0.0204932677165354
11
-0.3625787401574803
21
0.0181906692913386
0
LINE
8
BLACK
6
CONTINUOUS
10
-0.3625787401574803
20
0.0181906692913386
11
-0.3625787401574803
21
0.0105037795275591
0
LINE
8
BLACK
6
CONTINUOUS
10
-0.3625787401574803
20
0.0105037795275591
11
-0.3632603543307086
21
0.0086311023622047
0
LINE
8
BLACK
6
CONTINUOUS
10
-0.3632603543307086
20
0.0086311023622047
11
-0.3645275590551181
21
0.0078994881889764
0
LINE
8
BLACK
6
CONTINUOUS
10
-0.3645275590551181
20
0.0078994881889764
11
-0.3645275590551181
21
-0.0003033070866142
0
LINE
8
BLACK
6
CONTINUOUS
10
-0.3645275590551181
20
-0.0003033070866142
11
-0.3546850393700787
21
-0.0003033070866142
0
LINE
8
BLACK
6
CONTINUOUS
10
-0.3546850393700787
20
-0.0003033070866142
11
-0.3546850393700787
21
0.0174132283464567
0
LINE
8
BLACK
6
CONTINUOUS
10
-0.3546850393700787
20
0.0174132283464567
11
-0.3153149606299213
21
0.0174132283464567
0
LINE
8
BLACK
6
CONTINUOUS
10
-0.3153149606299213
20
0.0174132283464567
11
-0.3153149606299213
21
-0.0416418897637795
0
LINE
8
BLACK
6
CONTINUOUS
10
-0.3153149606299213
20
-0.0416418897637795
11
-0.3271259842519685
21
-0.0416418897637795
0
LINE
8
BLACK
6
CONTINUOUS
10
-0.3271259842519685
20
-0.0416418897637795
11
-0.3271259842519685
21
-0.0541790157480315
0
LINE
8
BLACK
6
CONTINUOUS
10
-0.3271259842519685
20
-0.0541790157480315
11
-0.3267435433070866
21
-0.0543738976377953
0
LINE
8
BLACK
6
CONTINUOUS
10
-0.3267435433070866
20
-0.0543738976377953
11
-0.3232595669291338
21
-0.057857874015748
0
LINE
8
BLACK
6
CONTINUOUS
10
-0.3232595669291338
20
-0.057857874015748
11
-0.3210227165354331
21
-0.0622479133858268
0
LINE
8
BLACK
6
CONTINUOUS
10
-0.3210227165354331
20
-0.0622479133858268
11
-0.320251968503937
21
-0.0671143307086614
0
LINE
8
BLACK
6
CONTINUOUS
10
-0.320251968503937
20
-0.0671143307086614
11
-0.3210227165354331
21
-0.0719807480314961
0
LINE
8
BLACK
6
CONTINUOUS
10
-0.3210227165354331
20
-0.0719807480314961
11
-0.3232595669291338
21
-0.0763707874015748
0
LINE
8
BLACK
6
CONTINUOUS
10
-0.3232595669291338
20
-0.0763707874015748
11
-0.3267435433070866
21
-0.0798547637795276
0
LINE
8
BLACK
6
CONTINUOUS
10
-0.3267435433070866
20
-0.0798547637795276
11
-0.3311335826771654
21
-0.0820916141732283
0
LINE
8
BLACK
6
CONTINUOUS
10
-0.3311335826771654
20
-0.0820916141732283
11
-0.336
21
-0.0828623622047244
0
LINE
8
BLACK
6
CONTINUOUS
10
-0.336
20
-0.0828623622047244
11
-0.3408664173228346
21
-0.0820916141732283
0
LINE
8
BLACK
6
CONTINUOUS
10
-0.3408664173228346
20
-0.0820916141732283
11
-0.3452564566929134
21
-0.0798547637795276
0
LINE
8
BLACK
6
CONTINUOUS
10
-0.3452564566929134
20
-0.0798547637795276
11
-0.3487404330708661
21
-0.0763707874015748
0
LINE
8
BLACK
6
CONTINUOUS
10
-0.3487404330708661
20
-0.0763707874015748
11
-0.3509772834645669
21
-0.0719807480314961
0
LINE
8
BLACK
6
CONTINUOUS
10
-0.3509772834645669
20
-0.0719807480314961
11
-0.351748031496063
21
-0.0671143307086614
0
LINE
8
BLACK
6
CONTINUOUS
10
-0.351748031496063
20
-0.0671143307086614
11
-0.3509772834645669
21
-0.0622479133858268
0
LINE
8
BLACK
6
CONTINUOUS
10
-0.3509772834645669
20
-0.0622479133858268
11
-0.3487404330708661
21
-0.057857874015748
0
LINE
8
BLACK
6
CONTINUOUS
10
-0.3487404330708661
20
-0.057857874015748
11
-0.3452564566929134
21
-0.0543738976377953
0
LINE
8
BLACK
6
CONTINUOUS
10
-0.3452564566929134
20
-0.0543738976377953
11
-0.3428740157480315
21
-0.0531599606299213
0
LINE
8
BLACK
6
CONTINUOUS
10
-0.3428740157480315
20
-0.0531599606299213
11
-0.3428740157480315
21
-0.0416418897637795
0
LINE
8
BLACK
6
CONTINUOUS
10
-0.3428740157480315
20
-0.0416418897637795
11
-0.3546850393700787
21
-0.0416418897637795
0
LINE
8
BLACK
6
CONTINUOUS
10
-0.3546850393700787
20
-0.0416418897637795
11
-0.3546850393700787
21
-0.0239253543307087
0
LINE
8
BLACK
6
CONTINUOUS
10
-0.3546850393700787
20
-0.0239253543307087
11
-0.3645275590551181
21
-0.0239253543307087
0
LINE
8
BLACK
6
CONTINUOUS
10
-0.3645275590551181
20
-0.0239253543307087
11
-0.3645275590551181
21
-0.0321701181102362
0
LINE
8
BLACK
6
CONTINUOUS
10
-0.3645275590551181
20
-0.0321701181102362
11
-0.3636194488188976
21
-0.0325006692913386
0
LINE
8
BLACK
6
CONTINUOUS
10
-0.3636194488188976
20
-0.0325006692913386
11
-0.3626229921259843
21
-0.0342265354330709
0
LINE
8
BLACK
6
CONTINUOUS
10
-0.3626229921259843
20
-0.0342265354330709
11
-0.3625787401574803
21
-0.0347324409448819
0
LINE
8
BLACK
6
CONTINUOUS
10
-0.3625787401574803
20
-0.0347324409448819
11
-0.3625787401574803
21
-0.0424192913385827
0
LINE
8
BLACK
6
CONTINUOUS
10
-0.3625787401574803
20
-0.0424192913385827
11
-0.3621207480314961
21
-0.0447218897637795
0
LINE
8
BLACK
6
CONTINUOUS
10
-0.3621207480314961
20
-0.0447218897637795
11
-0.3609603149606299
21
-0.0464585433070866
0
LINE
8
BLACK
6
CONTINUOUS
10
-0.3609603149606299
20
-0.0464585433070866
11
-0.360376062992126
21
-0.0473329133858268
0
LINE
8
BLACK
6
CONTINUOUS
10
-0.360376062992126
20
-0.0473329133858268
11
-0.3586965748031496
21
-0.0484551181102362
0
LINE
8
BLACK
6
CONTINUOUS
10
-0.3586965748031496
20
-0.0484551181102362
11
-0.3577650787401574
21
-0.0490775590551181
0
LINE
8
BLACK
6
CONTINUOUS
10
-0.3577650787401574
20
-0.0490775590551181
11
-0.357765
21
-0.0490775984251969
0
LINE
8
BLACK
6
CONTINUOUS
10
-0.357765
20
-0.0490775984251969
11
-0.3573235826771654
21
-0.0491653937007874
0
LINE
8
BLACK
6
CONTINUOUS
10
-0.3573235826771654
20
-0.0491653937007874
11
-0.355619842519685
21
-0.0501991732283465
0
LINE
8
BLACK
6
CONTINUOUS
10
-0.355619842519685
20
-0.0501991732283465
11
-0.3549792125984252
21
-0.0520862992125984
0
LINE
8
BLACK
6
CONTINUOUS
10
-0.3549792125984252
20
-0.0520862992125984
11
-0.3555805118110236
21
-0.0537963385826772
0
LINE
8
BLACK
6
CONTINUOUS
10
-0.3555805118110236
20
-0.0537963385826772
11
-0.356651062992126
21
-0.0551914960629921
0
LINE
8
BLACK
6
CONTINUOUS
10
-0.356651062992126
20
-0.0551914960629921
11
-0.3590332677165354
21
-0.0609425984251969
0
LINE
8
BLACK
6
CONTINUOUS
10
-0.3590332677165354
20
-0.0609425984251969
11
-0.3590332677165354
21
-0.0609426377952756
0
LINE
8
BLACK
6
CONTINUOUS
10
-0.3590332677165354
20
-0.0609426377952756
11
-0.359845748031496
21
-0.0671143307086614
0
LINE
8
BLACK
6
CONTINUOUS
10
-0.359845748031496
20
-0.0671143307086614
11
-0.3590332677165354
21
-0.0732859842519685
0
LINE
8
BLACK
6
CONTINUOUS
10
-0.3590332677165354
20
-0.0732859842519685
11
-0.3590332677165354
21
-0.0732860236220472
0
LINE
8
BLACK
6
CONTINUOUS
10
-0.3590332677165354
20
-0.0732860236220472
11
-0.3566510236220473
21
-0.0790372047244094
0
LINE
8
BLACK
6
CONTINUOUS
10
-0.3566510236220473
20
-0.0790372047244094
11
-0.3528616141732283
21
-0.0839757086614173
0
LINE
8
BLACK
6
CONTINUOUS
10
-0.3528616141732283
20
-0.0839757086614173
11
-0.3528614173228347
21
-0.083975905511811
0
LINE
8
BLACK
6
CONTINUOUS
10
-0.3528614173228347
20
-0.083975905511811
11
-0.3508741338582677
21
-0.0855007874015748
0
LINE
8
BLACK
6
CONTINUOUS
10
-0.3508741338582677
20
-0.0855007874015748
11
-0.347922874015748
21
-0.0877653543307087
0
LINE
8
BLACK
6
CONTINUOUS
10
-0.347922874015748
20
-0.0877653543307087
11
-0.3421717322834645
21
-0.0901475590551181
0
LINE
8
BLACK
6
CONTINUOUS
10
-0.3421717322834645
20
-0.0901475590551181
11
-0.336
21
-0.0909600787401575
0
LINE
8
BLACK
6
CONTINUOUS
10
-0.336
20
-0.0909600787401575
11
-0.3298282677165355
21
-0.0901475590551181
0
LINE
8
BLACK
6
CONTINUOUS
10
-0.3298282677165355
20
-0.0901475590551181
11
-0.324077125984252
21
-0.0877653543307087
0
LINE
8
BLACK
6
CONTINUOUS
10
-0.324077125984252
20
-0.0877653543307087
11
-0.3191385039370079
21
-0.0839758267716535
0
LINE
8
BLACK
6
CONTINUOUS
10
-0.3191385039370079
20
-0.0839758267716535
11
-0.3153489763779527
21
-0.0790372047244094
0
LINE
8
BLACK
6
CONTINUOUS
10
-0.3153489763779527
20
-0.0790372047244094
11
-0.3129667716535433
21
-0.073286062992126
0
LINE
8
BLACK
6
CONTINUOUS
10
-0.3129667716535433
20
-0.073286062992126
11
-0.3121542519685039
21
-0.0671143307086614
0
LINE
8
BLACK
6
CONTINUOUS
10
-0.3121542519685039
20
-0.0671143307086614
11
-0.3129667716535433
21
-0.0609425984251969
0
LINE
8
BLACK
6
CONTINUOUS
10
-0.3129667716535433
20
-0.0609425984251969
11
-0.3153489763779527
21
-0.0551914566929134
0
LINE
8
BLACK
6
CONTINUOUS
10
-0.3153489763779527
20
-0.0551914566929134
11
-0.3161546850393701
21
-0.0541414173228346
0
LINE
8
BLACK
6
CONTINUOUS
10
-0.3161546850393701
20
-0.0541414173228346
11
-0.316753937007874
21
-0.052240905511811
0
LINE
8
BLACK
6
CONTINUOUS
10
-0.316753937007874
20
-0.052240905511811
11
-0.3159912992125984
21
-0.0503997244094488
0
LINE
8
BLACK
6
CONTINUOUS
10
-0.3159912992125984
20
-0.0503997244094488
11
-0.3144116929133858
21
-0.0495105511811024
0
LINE
8
BLACK
6
CONTINUOUS
10
-0.3144116929133858
20
-0.0495105511811024
11
-0.312235
21
-0.0490775984251969
0
LINE
8
BLACK
6
CONTINUOUS
10
-0.312235
20
-0.0490775984251969
11
-0.3122349606299212
21
-0.0490775590551181
0
LINE
8
BLACK
6
CONTINUOUS
10
-0.3122349606299212
20
-0.0490775590551181
11
-0.3122349212598425
21
-0.0490775590551181
0
LINE
8
BLACK
6
CONTINUOUS
10
-0.3122349212598425
20
-0.0490775590551181
11
-0.3120123622047244
21
-0.0489288582677165
0
LINE
8
BLACK
6
CONTINUOUS
10
-0.3120123622047244
20
-0.0489288582677165
11
-0.3100766535433071
21
-0.0484551181102362
0
LINE
8
BLACK
6
CONTINUOUS
10
-0.3100766535433071
20
-0.0484551181102362
11
-0.3087750393700787
21
-0.0489288582677165
0
LINE
8
BLACK
6
CONTINUOUS
10
-0.3087750393700787
20
-0.0489288582677165
11
-0.3085524803149606
21
-0.0490775590551181
0
LINE
8
BLACK
6
CONTINUOUS
10
-0.3085524803149606
20
-0.0490775590551181
11
-0.3085524015748031
21
-0.0490775984251969
0
LINE
8
BLACK
6
CONTINUOUS
10
-0.3085524015748031
20
-0.0490775984251969
11
-0.3054724409448819
21
-0.0496902362204724
0
LINE
8
BLACK
6
CONTINUOUS
10
-0.3054724409448819
20
-0.0496902362204724
11
-0.2877137007874015
21
-0.0496902362204724
0
LINE
8
BLACK
6
CONTINUOUS
10
-0.2877137007874015
20
-0.0496902362204724
11
-0.2858410236220472
21
-0.0503718503937008
0
LINE
8
BLACK
6
CONTINUOUS
10
-0.2858410236220472
20
-0.0503718503937008
11
-0.2856536220472441
21
-0.0505435433070866
0
LINE
8
BLACK
6
CONTINUOUS
10
-0.2856536220472441
20
-0.0505435433070866
11
-0.1446555118110236
21
-0.1915416141732283
0
LINE
8
BLACK
6
CONTINUOUS
10
-0.1446555118110236
20
-0.1915416141732283
11
-0.1444381102362205
21
-0.1917848818897638
0
LINE
8
BLACK
6
CONTINUOUS
10
-0.1444381102362205
20
-0.1917848818897638
11
-0.1434941338582677
21
-0.1929685826771654
0
LINE
8
BLACK
6
CONTINUOUS
10
-0.1434941338582677
20
-0.1929685826771654
11
-0.1416037401574803
21
-0.1942574409448819
0
LINE
8
BLACK
6
CONTINUOUS
10
-0.1416037401574803
20
-0.1942574409448819
11
-0.1415148818897638
21
-0.1943205118110236
0
LINE
8
BLACK
6
CONTINUOUS
10
-0.1415148818897638
20
-0.1943205118110236
11
-0.1396753543307087
21
-0.1956781496062992
0
LINE
8
BLACK
6
CONTINUOUS
10
-0.1396753543307087
20
-0.1956781496062992
11
-0.1394822834645669
21
-0.1957801968503937
0
LINE
8
BLACK
6
CONTINUOUS
10
-0.1394822834645669
20
-0.1957801968503937
11
-0.139483188976378
21
-0.1957818503937008
0
LINE
8
BLACK
6
CONTINUOUS
10
-0.139483188976378
20
-0.1957818503937008
11
-0.139274094488189
21
-0.1958873622047244
0
LINE
8
BLACK
6
CONTINUOUS
10
-0.139274094488189
20
-0.1958873622047244
11
-0.1392733070866142
21
-0.1958857480314961
0
LINE
8
BLACK
6
CONTINUOUS
10
-0.1392733070866142
20
-0.1958857480314961
11
-0.1390767716535433
21
-0.1959803937007874
0
LINE
8
BLACK
6
CONTINUOUS
10
-0.1390767716535433
20
-0.1959803937007874
11
-0.1390766535433071
21
-0.1959804330708661
0
LINE
8
BLACK
6
CONTINUOUS
10
-0.1390766535433071
20
-0.1959804330708661
11
-0.1390765748031496
21
-0.1959804724409449
0
LINE
8
BLACK
6
CONTINUOUS
10
-0.1390765748031496
20
-0.1959804724409449
11
-0.1371459448818897
21
-0.1965759448818898
0
LINE
8
BLACK
6
CONTINUOUS
10
-0.1371459448818897
20
-0.1965759448818898
11
-0.1368899606299213
21
-0.1966549212598425
0
LINE
8
BLACK
6
CONTINUOUS
10
-0.1368899606299213
20
-0.1966549212598425
11
-0.1367864173228346
21
-0.1966890157480315
0
LINE
8
BLACK
6
CONTINUOUS
10
-0.1367864173228346
20
-0.1966890157480315
11
-0.1346288188976378
21
-0.1974440157480315
0
LINE
8
BLACK
6
CONTINUOUS
10
-0.1346288188976378
20
-0.1974440157480315
11
-0.1344142519685039
21
-0.1974846062992126
0
LINE
8
BLACK
6
CONTINUOUS
10
-0.1344142519685039
20
-0.1974846062992126
11
-0.1344146062992126
21
-0.1974863779527559
0
LINE
8
BLACK
6
CONTINUOUS
10
-0.1344146062992126
20
-0.1974863779527559
11
-0.1341836220472441
21
-0.1975256299212598
0
LINE
8
BLACK
6
CONTINUOUS
10
-0.1341836220472441
20
-0.1975256299212598
11
-0.1341833464566929
21
-0.1975238582677165
0
LINE
8
BLACK
6
CONTINUOUS
10
-0.1341833464566929
20
-0.1975238582677165
11
-0.1339675984251968
21
-0.1975563779527559
0
LINE
8
BLACK
6
CONTINUOUS
10
-0.1339675984251968
20
-0.1975563779527559
11
-0.1339674803149606
21
-0.1975563779527559
0
LINE
8
BLACK
6
CONTINUOUS
10
-0.1339674803149606
20
-0.1975563779527559
11
-0.1316801574803149
21
-0.1975563779527559
0
LINE
8
BLACK
6
CONTINUOUS
10
-0.1316801574803149
20
-0.1975563779527559
11
-0.1315711811023622
21
-0.1975584251968504
0
LINE
8
BLACK
6
CONTINUOUS
10
-0.1315711811023622
20
-0.1975584251968504
11
-0.1292861023622047
21
-0.197643937007874
0
LINE
8
BLACK
6
CONTINUOUS
10
-0.1292861023622047
20
-0.197643937007874
11
-0.129286062992126
21
-0.1976438976377953
0
LINE
8
BLACK
6
CONTINUOUS
10
-0.129286062992126
20
-0.1976438976377953
11
-0.129285905511811
21
-0.197643937007874
0
LINE
8
BLACK
6
CONTINUOUS
10
-0.129285905511811
20
-0.197643937007874
11
-0.1292857874015748
21
-0.1976438976377953
0
LINE
8
BLACK
6
CONTINUOUS
10
-0.1292857874015748
20
-0.1976438976377953
11
-0.1290690157480315
21
-0.1976194881889764
0
LINE
8
BLACK
6
CONTINUOUS
10
-0.1290690157480315
20
-0.1976194881889764
11
-0.1290688188976378
21
-0.1976212992125984
0
LINE
8
BLACK
6
CONTINUOUS
10
-0.1290688188976378
20
-0.1976212992125984
11
-0.1285755905511811
21
-0.1975563779527559
0
LINE
8
BLACK
6
CONTINUOUS
10
-0.1285755905511811
20
-0.1975563779527559
11
0.0741524409448819
21
-0.1975563779527559
0
LINE
8
BLACK
6
CONTINUOUS
10
0.0741524409448819
20
-0.1975563779527559
11
0.0760251181102362
21
-0.1982379921259843
0
LINE
8
BLACK
6
CONTINUOUS
10
0.0760251181102362
20
-0.1982379921259843
11
0.0762125196850394
21
-0.1984096850393701
0
LINE
8
BLACK
6
CONTINUOUS
10
0.0762125196850394
20
-0.1984096850393701
11
0.0886424409448819
21
-0.2108396062992126
0
LINE
8
BLACK
6
CONTINUOUS
10
0.0886424409448819
20
-0.2108396062992126
11
0.0894708267716535
21
-0.2125193700787402
0
LINE
8
BLACK
6
CONTINUOUS
10
0.0894708267716535
20
-0.2125193700787402
11
0.0899667322834646
21
-0.2162860236220472
0
LINE
8
BLACK
6
CONTINUOUS
10
0.0899667322834646
20
-0.2162860236220472
11
0.0923489763779528
21
-0.2220372047244094
0
LINE
8
BLACK
6
CONTINUOUS
10
0.0923489763779528
20
-0.2220372047244094
11
0.0961383858267717
21
-0.2269757086614173
0
LINE
8
BLACK
6
CONTINUOUS
10
0.0961383858267717
20
-0.2269757086614173
11
0.0961385826771654
21
-0.226975905511811
0
LINE
8
BLACK
6
CONTINUOUS
10
0.0961385826771654
20
-0.226975905511811
11
0.099430905511811
21
-0.2295021653543307
0
LINE
8
BLACK
6
CONTINUOUS
10
0.099430905511811
20
-0.2295021653543307
11
0.101077125984252
21
-0.2307653543307087
0
LINE
8
BLACK
6
CONTINUOUS
10
0.101077125984252
20
-0.2307653543307087
11
0.1068282677165354
21
-0.2331475590551181
0
LINE
8
BLACK
6
CONTINUOUS
10
0.1068282677165354
20
-0.2331475590551181
11
0.113
21
-0.2339600787401575
0
LINE
8
BLACK
6
CONTINUOUS
10
0.113
20
-0.2339600787401575
11
0.1191717322834646
21
-0.2331475590551181
0
LINE
8
BLACK
6
CONTINUOUS
10
0.1191717322834646
20
-0.2331475590551181
11
0.124922874015748
21
-0.2307653543307087
0
LINE
8
BLACK
6
CONTINUOUS
10
0.124922874015748
20
-0.2307653543307087
11
0.1298614960629921
21
-0.2269758267716535
0
LINE
8
BLACK
6
CONTINUOUS
10
0.1298614960629921
20
-0.2269758267716535
11
0.1336510236220473
21
-0.2220372047244094
0
LINE
8
BLACK
6
CONTINUOUS
10
0.1336510236220473
20
-0.2220372047244094
11
0.1360332283464567
21
-0.216286062992126
0
LINE
8
BLACK
6
CONTINUOUS
10
0.1360332283464567
20
-0.216286062992126
11
0.1368457480314961
21
-0.2101143307086614
0
LINE
8
BLACK
6
CONTINUOUS
10
0.1368457480314961
20
-0.2101143307086614
11
0.1360332283464567
21
-0.2039425984251969
0
LINE
8
BLACK
6
CONTINUOUS
10
0.1360332283464567
20
-0.2039425984251969
11
0.1336510236220473
21
-0.1981914566929134
0
LINE
8
BLACK
6
CONTINUOUS
10
0.1336510236220473
20
-0.1981914566929134
11
0.1318020866141732
21
-0.1957818503937008
0
LINE
8
BLACK
6
CONTINUOUS
10
0.1318020866141732
20
-0.1957818503937008
11
0.1298615748031496
21
-0.1932529133858268
0
LINE
8
BLACK
6
CONTINUOUS
10
0.1298615748031496
20
-0.1932529133858268
11
0.1298613779527559
21
-0.1932527165354331
0
LINE
8
BLACK
6
CONTINUOUS
10
0.1298613779527559
20
-0.1932527165354331
11
0.124922874015748
21
-0.1894633070866142
0
LINE
8
BLACK
6
CONTINUOUS
10
0.124922874015748
20
-0.1894633070866142
11
0.1191716929133858
21
-0.187081062992126
0
LINE
8
BLACK
6
CONTINUOUS
10
0.1191716929133858
20
-0.187081062992126
11
0.115405
21
-0.186585157480315
0
LINE
8
BLACK
6
CONTINUOUS
10
0.115405
20
-0.186585157480315
11
0.1137252362204724
21
-0.1857567716535433
0
LINE
8
BLACK
6
CONTINUOUS
10
0.1137252362204724
20
-0.1857567716535433
11
0.0960672440944882
21
-0.1680987795275591
0
LINE
8
BLACK
6
CONTINUOUS
10
0.0960672440944882
20
-0.1680987795275591
11
0.0958495275590551
21
-0.167855157480315
0
LINE
8
BLACK
6
CONTINUOUS
10
0.0958495275590551
20
-0.167855157480315
11
0.0949057086614173
21
-0.1666716535433071
0
LINE
8
BLACK
6
CONTINUOUS
10
0.0949057086614173
20
-0.1666716535433071
11
0.0930160236220472
21
-0.1653833070866142
0
LINE
8
BLACK
6
CONTINUOUS
10
0.0930160236220472
20
-0.1653833070866142
11
0.092927125984252
21
-0.1653202362204724
0
LINE
8
BLACK
6
CONTINUOUS
10
0.092927125984252
20
-0.1653202362204724
11
0.0910870078740157
21
-0.1639621653543307
0
LINE
8
BLACK
6
CONTINUOUS
10
0.0910870078740157
20
-0.1639621653543307
11
0.0908940551181102
21
-0.1638601968503937
0
LINE
8
BLACK
6
CONTINUOUS
10
0.0908940551181102
20
-0.1638601968503937
11
0.0908948818897638
21
-0.1638585433070866
0
LINE
8
BLACK
6
CONTINUOUS
10
0.0908948818897638
20
-0.1638585433070866
11
0.0906856299212598
21
-0.1637529133858268
0
LINE
8
BLACK
6
CONTINUOUS
10
0.0906856299212598
20
-0.1637529133858268
11
0.0906848818897638
21
-0.1637545275590551
0
LINE
8
BLACK
6
CONTINUOUS
10
0.0906848818897638
20
-0.1637545275590551
11
0.0904881889763779
21
-0.1636598031496063
0
LINE
8
BLACK
6
CONTINUOUS
10
0.0904881889763779
20
-0.1636598031496063
11
0.088301811023622
21
-0.1629853937007874
0
LINE
8
BLACK
6
CONTINUOUS
10
0.088301811023622
20
-0.1629853937007874
11
0.0881983464566929
21
-0.1629513779527559
0
LINE
8
BLACK
6
CONTINUOUS
10
0.0881983464566929
20
-0.1629513779527559
11
0.0860404330708661
21
-0.1621962992125984
0
LINE
8
BLACK
6
CONTINUOUS
10
0.0860404330708661
20
-0.1621962992125984
11
0.0860403543307087
21
-0.1621962598425197
0
LINE
8
BLACK
6
CONTINUOUS
10
0.0860403543307087
20
-0.1621962598425197
11
0.0860402755905512
21
-0.1621962598425197
0
LINE
8
BLACK
6
CONTINUOUS
10
0.0860402755905512
20
-0.1621962598425197
11
0.0858259448818898
21
-0.1621557086614173
0
LINE
8
BLACK
6
CONTINUOUS
10
0.0858259448818898
20
-0.1621557086614173
11
0.0858262598425197
21
-0.162153937007874
0
LINE
8
BLACK
6
CONTINUOUS
10
0.0858262598425197
20
-0.162153937007874
11
0.0855952362204724
21
-0.1621146850393701
0
LINE
8
BLACK
6
CONTINUOUS
10
0.0855952362204724
20
-0.1621146850393701
11
0.085595
21
-0.1621164566929134
0
LINE
8
BLACK
6
CONTINUOUS
10
0.085595
20
-0.1621164566929134
11
0.0853791732283465
21
-0.162083937007874
0
LINE
8
BLACK
6
CONTINUOUS
10
0.0853791732283465
20
-0.162083937007874
11
0.0853791338582677
21
-0.162083937007874
0
LINE
8
BLACK
6
CONTINUOUS
10
0.0853791338582677
20
-0.162083937007874
11
0.0830918110236221
21
-0.162083937007874
0
LINE
8
BLACK
6
CONTINUOUS
10
0.0830918110236221
20
-0.162083937007874
11
0.0829828346456693
21
-0.1620818897637795
0
LINE
8
BLACK
6
CONTINUOUS
10
0.0829828346456693
20
-0.1620818897637795
11
0.0806977165354331
21
-0.1619963385826772
0
LINE
8
BLACK
6
CONTINUOUS
10
0.0806977165354331
20
-0.1619963385826772
11
0.0804806692913386
21
-0.1620208267716536
0
LINE
8
BLACK
6
CONTINUOUS
10
0.0804806692913386
20
-0.1620208267716536
11
0.0804804330708661
21
-0.1620189763779528
0
LINE
8
BLACK
6
CONTINUOUS
10
0.0804804330708661
20
-0.1620189763779528
11
0.0799872440944882
21
-0.162083937007874
0
LINE
8
BLACK
6
CONTINUOUS
10
0.0799872440944882
20
-0.162083937007874
11
-0.1227407874015748
21
-0.162083937007874
0
LINE
8
BLACK
6
CONTINUOUS
10
-0.1227407874015748
20
-0.162083937007874
11
-0.1246134645669291
21
-0.1614023228346457
0
LINE
8
BLACK
6
CONTINUOUS
10
-0.1246134645669291
20
-0.1614023228346457
11
-0.1248008661417323
21
-0.1612306299212598
0
LINE
8
BLACK
6
CONTINUOUS
10
-0.1248008661417323
20
-0.1612306299212598
11
-0.1517895275590551
21
-0.134241968503937
0
LINE
8
BLACK
6
CONTINUOUS
10
-0.1517895275590551
20
-0.134241968503937
11
-0.2558092519685039
21
-0.0302222440944882
0
LINE
8
BLACK
6
CONTINUOUS
10
-0.2558092519685039
20
-0.0302222440944882
11
-0.2566514566929134
21
-0.0284161023622047
0
LINE
8
BLACK
6
CONTINUOUS
10
-0.2566514566929134
20
-0.0284161023622047
11
-0.2566329133858268
21
-0.0277475590551181
0
LINE
8
BLACK
6
CONTINUOUS
10
-0.2566329133858268
20
-0.0277475590551181
11
-0.2565065748031496
21
-0.026868937007874
0
LINE
8
BLACK
6
CONTINUOUS
10
-0.2565065748031496
20
-0.026868937007874
11
-0.255965
21
-0.0231022440944882
0
LINE
8
BLACK
6
CONTINUOUS
10
-0.255965
20
-0.0231022440944882
11
-0.255965
21
-0.0208114566929134
0
LINE
8
BLACK
6
CONTINUOUS
10
-0.255965
20
-0.0208114566929134
11
-0.2560558661417323
21
-0.0201793700787402
0
LINE
8
BLACK
6
CONTINUOUS
10
-0.2560558661417323
20
-0.0201793700787402
11
-0.2560855118110236
21
-0.0197648031496063
0
LINE
8
BLACK
6
CONTINUOUS
10
-0.2560855118110236
20
-0.0197648031496063
11
-0.2560855118110236
21
-0.0044637795275591
0
LINE
8
BLACK
6
CONTINUOUS
10
-0.2560855118110236
20
-0.0044637795275591
11
-0.2560558661417323
21
-0.0040491732283465
0
LINE
8
BLACK
6
CONTINUOUS
10
-0.2560558661417323
20
-0.0040491732283465
11
-0.2559650393700788
21
-0.0034173622047244
0
LINE
8
BLACK
6
CONTINUOUS
10
-0.2559650393700788
20
-0.0034173622047244
11
-0.255965
21
-0.0034172047244094
0
LINE
8
BLACK
6
CONTINUOUS
10
-0.255965
20
-0.0034172047244094
11
-0.255965
21
-0.0011264173228346
0
LINE
8
BLACK
6
CONTINUOUS
10
-0.255965
20
-0.0011264173228346
11
-0.2567705905511811
21
0.0044765354330709
0
LINE
8
BLACK
6
CONTINUOUS
10
-0.2567705905511811
20
0.0044765354330709
11
-0.2574159842519685
21
0.0066745669291339
0
LINE
8
BLACK
6
CONTINUOUS
10
-0.2574159842519685
20
0.0066745669291339
11
-0.2597674803149606
21
0.0118235826771654
0
LINE
8
BLACK
6
CONTINUOUS
10
-0.2597674803149606
20
0.0118235826771654
11
-0.2610059448818898
21
0.0137506692913386
0
LINE
8
BLACK
6
CONTINUOUS
10
-0.2610059448818898
20
0.0137506692913386
11
-0.2647127952755906
21
0.0180286614173228
0
LINE
8
BLACK
6
CONTINUOUS
10
-0.2647127952755906
20
0.0180286614173228
11
-0.266444094488189
21
0.0195288582677165
0
LINE
8
BLACK
6
CONTINUOUS
10
-0.266444094488189
20
0.0195288582677165
11
-0.2664442125984252
21
0.0195289763779528
0
LINE
8
BLACK
6
CONTINUOUS
10
-0.2664442125984252
20
0.0195289763779528
11
-0.2709254724409449
21
0.0224088582677165
0
LINE
8
BLACK
6
CONTINUOUS
10
-0.2709254724409449
20
0.0224088582677165
11
-0.2721324015748031
21
0.0239947244094488
0
LINE
8
BLACK
6
CONTINUOUS
10
-0.2721324015748031
20
0.0239947244094488
11
-0.272263779527559
21
0.0248597637795276
0
LINE
8
BLACK
6
CONTINUOUS
10
-0.272263779527559
20
0.0248597637795276
11
-0.272263779527559
21
0.0832895275590551
0
LINE
8
BLACK
6
CONTINUOUS
10
-0.272263779527559
20
0.0832895275590551
11
-0.2716617322834646
21
0.0850631102362205
0
LINE
8
BLACK
6
CONTINUOUS
10
-0.2716617322834646
20
0.0850631102362205
11
-0.2711284645669291
21
0.0857580708661417
0
LINE
8
BLACK
6
CONTINUOUS
10
-0.2711284645669291
20
0.0857580708661417
11
-0.2693489763779527
21
0.088077125984252
0
LINE
8
BLACK
6
CONTINUOUS
10
-0.2693489763779527
20
0.088077125984252
11
-0.2685524803149607
21
0.09
0
LINE
8
BLACK
6
CONTINUOUS
10
-0.2685524803149607
20
0.09
11
-0.2669667716535433
21
0.0938282677165354
0
LINE
8
BLACK
6
CONTINUOUS
10
-0.2669667716535433
20
0.0938282677165354
11
-0.266154251968504
21
0.1
0
LINE
8
BLACK
6
CONTINUOUS
10
-0.266154251968504
20
0.1
11
-0.2669667716535433
21
0.1061717322834646
0
LINE
8
BLACK
6
CONTINUOUS
10
-0.2669667716535433
20
0.1061717322834646
11
-0.2693489763779527
21
0.111922874015748
0
LINE
8
BLACK
6
CONTINUOUS
10
-0.2693489763779527
20
0.111922874015748
11
-0.2713591732283465
21
0.1145426377952756
0
LINE
8
BLACK
6
CONTINUOUS
10
-0.2713591732283465
20
0.1145426377952756
11
-0.2731384251968504
21
0.1168614173228346
0
LINE
8
BLACK
6
CONTINUOUS
10
-0.2731384251968504
20
0.1168614173228346
11
-0.2731386220472441
21
0.1168616141732283
0
LINE
8
BLACK
6
CONTINUOUS
10
-0.2731386220472441
20
0.1168616141732283
11
-0.2780771259842519
21
0.1206510236220472
0
LINE
8
BLACK
6
CONTINUOUS
10
-0.2780771259842519
20
0.1206510236220472
11
-0.2838283070866142
21
0.1230332677165354
0
LINE
8
BLACK
6
CONTINUOUS
10
-0.2838283070866142
20
0.1230332677165354
11
-0.29
21
0.1238457480314961
0
LINE
8
BLACK
6
CONTINUOUS
10
-0.29
20
0.1238457480314961
11
-0.2961716929133858
21
0.1230332677165354
0
LINE
8
BLACK
6
CONTINUOUS
10
0.1896066929133858
20
-0.0588707086614173
11
0.1884553937007874
21
-0.0590997244094488
0
LINE
8
BLACK
6
CONTINUOUS
10
0.1884553937007874
20
-0.0590997244094488
11
0.1858444488188976
21
-0.0608443700787402
0
LINE
8
BLACK
6
CONTINUOUS
10
0.1858444488188976
20
-0.0608443700787402
11
0.1858443700787402
21
-0.0608444488188976
0
LINE
8
BLACK
6
CONTINUOUS
10
0.1858443700787402
20
-0.0608444488188976
11
0.1840997244094488
21
-0.0634553937007874
0
LINE
8
BLACK
6
CONTINUOUS
10
0.1840997244094488
20
-0.0634553937007874
11
0.1836417322834646
21
-0.0657579921259843
0
LINE
8
BLACK
6
CONTINUOUS
10
0.1836417322834646
20
-0.0657579921259843
11
0.1836417322834646
21
-0.134241968503937
0
LINE
8
BLACK
6
CONTINUOUS
10
0.1836417322834646
20
-0.134241968503937
11
0.1840997244094488
21
-0.1365445669291339
0
LINE
8
BLACK
6
CONTINUOUS
10
0.1840997244094488
20
-0.1365445669291339
11
0.185260157480315
21
-0.1382812204724409
0
LINE
8
BLACK
6
CONTINUOUS
10
0.185260157480315
20
-0.1382812204724409
11
0.1858444094488189
21
-0.1391555905511811
0
LINE
8
BLACK
6
CONTINUOUS
10
0.1858444094488189
20
-0.1391555905511811
11
0.1875811023622047
21
-0.1403160236220472
0
LINE
8
BLACK
6
CONTINUOUS
10
0.1875811023622047
20
-0.1403160236220472
11
0.1884553937007874
21
-0.1409002362204724
0
LINE
8
BLACK
6
CONTINUOUS
10
0.1884553937007874
20
-0.1409002362204724
11
0.1884554330708661
21
-0.1409002362204724
0
LINE
8
BLACK
6
CONTINUOUS
10
0.1884554330708661
20
-0.1409002362204724
11
0.1884554724409449
21
-0.1409002755905512
0
LINE
8
BLACK
6
CONTINUOUS
10
0.1884554724409449
20
-0.1409002755905512
11
0.1907579527559055
21
-0.1413582677165354
0
LINE
8
BLACK
6
CONTINUOUS
10
0.1907579527559055
20
-0.1413582677165354
11
0.190758031496063
21
-0.1413582677165354
0
LINE
8
BLACK
6
CONTINUOUS
10
0.190758031496063
20
-0.1413582677165354
11
0.259241968503937
21
-0.1413582677165354
0
LINE
8
BLACK
6
CONTINUOUS
10
0.259241968503937
20
-0.1413582677165354
11
0.2592420472440945
21
-0.1413582677165354
0
LINE
8
BLACK
6
CONTINUOUS
10
0.2592420472440945
20
-0.1413582677165354
11
0.2615445275590551
21
-0.1409002755905512
0
LINE
8
BLACK
6
CONTINUOUS
10
0.2615445275590551
20
-0.1409002755905512
11
0.2641555905511811
21
-0.1391555905511811
0
LINE
8
BLACK
6
CONTINUOUS
10
0.2641555905511811
20
-0.1391555905511811
11
0.2659002755905512
21
-0.1365445275590551
0
LINE
8
BLACK
6
CONTINUOUS
10
0.2659002755905512
20
-0.1365445275590551
11
0.2663582677165354
21
-0.1342420472440945
0
LINE
8
BLACK
6
CONTINUOUS
10
0.2663582677165354
20
-0.1342420472440945
11
0.2663582677165354
21
-0.0657579527559055
0
LINE
8
BLACK
6
CONTINUOUS
10
0.2663582677165354
20
-0.0657579527559055
11
0.2659002755905512
21
-0.0634554724409449
0
LINE
8
BLACK
6
CONTINUOUS
10
0.2659002755905512
20
-0.0634554724409449
11
0.2641555905511811
21
-0.0608444094488189
0
LINE
8
BLACK
6
CONTINUOUS
10
0.2641555905511811
20
-0.0608444094488189
11
0.263281220472441
21
-0.060260157480315
0
LINE
8
BLACK
6
CONTINUOUS
10
0.263281220472441
20
-0.060260157480315
11
0.2615445669291339
21
-0.0590997244094488
0
LINE
8
BLACK
6
CONTINUOUS
10
0.2615445669291339
20
-0.0590997244094488
11
0.2615446062992126
21
-0.0590997244094488
0
LINE
8
BLACK
6
CONTINUOUS
10
0.2615446062992126
20
-0.0590997244094488
11
0.2603932677165354
21
-0.0588707086614173
0
LINE
8
BLACK
6
CONTINUOUS
10
0.2603932677165354
20
-0.0588707086614173
11
0.2592420472440945
21
-0.0586417322834646
0
LINE
8
BLACK
6
CONTINUOUS
10
0.2592420472440945
20
-0.0586417322834646
11
0.1907579527559055
21
-0.0586417322834646
0
LINE
8
BLACK
6
CONTINUOUS
10
0.1907579527559055
20
-0.0586417322834646
11
0.1896066929133858
21
-0.0588707086614173
0
LINE
8
BLACK
6
CONTINUOUS
10
0.1723801968503937
20
0.09
11
0.1742590551181102
21
0.0825803543307087
0
LINE
8
BLACK
6
CONTINUOUS
10
0.1742590551181102
20
0.0825803543307087
11
0.1778181889763779
21
0.0744664566929134
0
LINE
8
BLACK
6
CONTINUOUS
10
0.1778181889763779
20
0.0744664566929134
11
0.1826642913385827
21
0.0670489763779527
0
LINE
8
BLACK
6
CONTINUOUS
10
0.1826642913385827
20
0.0670489763779527
11
0.1886652755905512
21
0.0605301181102362
0
LINE
8
BLACK
6
CONTINUOUS
10
0.1886652755905512
20
0.0605301181102362
11
0.1956572440944882
21
0.055088031496063
0
LINE
8
BLACK
6
CONTINUOUS
10
0.1956572440944882
20
0.055088031496063
11
0.1956577165354331
21
0.0550877559055118
0
LINE
8
BLACK
6
CONTINUOUS
10
0.1956577165354331
20
0.0550877559055118
11
0.203449842519685
21
0.0508708267716535
0
LINE
8
BLACK
6
CONTINUOUS
10
0.203449842519685
20
0.0508708267716535
11
0.2118303543307087
21
0.0479938188976378
0
LINE
8
BLACK
6
CONTINUOUS
10
0.2118303543307087
20
0.0479938188976378
11
0.2192866929133858
21
0.0467496062992126
0
LINE
8
BLACK
6
CONTINUOUS
10
0.2192866929133858
20
0.0467496062992126
11
0.2210216535433071
21
0.0457690551181102
0
LINE
8
BLACK
6
CONTINUOUS
10
0.2210216535433071
20
0.0457690551181102
11
0.2217204330708661
21
0.0439027165354331
0
LINE
8
BLACK
6
CONTINUOUS
10
0.2217204330708661
20
0.0439027165354331
11
0.221056062992126
21
0.0420238582677165
0
LINE
8
BLACK
6
CONTINUOUS
10
0.221056062992126
20
0.0420238582677165
11
0.2193394094488189
21
0.0410115748031496
0
LINE
8
BLACK
6
CONTINUOUS
10
0.2193394094488189
20
0.0410115748031496
11
0.2190927952755906
21
0.0409765748031496
0
LINE
8
BLACK
6
CONTINUOUS
10
0.2190927952755906
20
0.0409765748031496
11
0.218720748031496
21
0.0409399606299213
0
LINE
8
BLACK
6
CONTINUOUS
10
0.218720748031496
20
0.0409399606299213
11
0.2168923622047244
21
0.040759842519685
0
LINE
8
BLACK
6
CONTINUOUS
10
0.2168923622047244
20
0.040759842519685
11
0.2142246062992126
21
0.0399505905511811
0
LINE
8
BLACK
6
CONTINUOUS
10
0.2142246062992126
20
0.0399505905511811
11
0.2090961811023622
21
0.0383949212598425
0
LINE
8
BLACK
6
CONTINUOUS
10
0.2090961811023622
20
0.0383949212598425
11
0.2019113779527559
21
0.0345545275590551
0
LINE
8
BLACK
6
CONTINUOUS
10
0.2019113779527559
20
0.0345545275590551
11
0.195613779527559
21
0.0293862598425197
0
LINE
8
BLACK
6
CONTINUOUS
10
0.195613779527559
20
0.0293862598425197
11
0.1956137401574803
21
0.0293862204724409
0
LINE
8
BLACK
6
CONTINUOUS
10
0.1956137401574803
20
0.0293862204724409
11
0.1904454724409449
21
0.0230886220472441
0
LINE
8
BLACK
6
CONTINUOUS
10
0.1904454724409449
20
0.0230886220472441
11
0.1866050787401575
21
0.0159038188976378
0
LINE
8
BLACK
6
CONTINUOUS
10
0.1866050787401575
20
0.0159038188976378
11
0.184240157480315
21
0.0081077165354331
0
LINE
8
BLACK
6
CONTINUOUS
10
0.184240157480315
20
0.0081077165354331
11
0.1834416141732284
21
0.
0
LINE
8
BLACK
6
CONTINUOUS
10
0.1834416141732284
20
0.
11
0.184240157480315
21
-0.0081076771653543
0
LINE
8
BLACK
6
CONTINUOUS
10
0.184240157480315
20
-0.0081076771653543
11
0.1852698818897638
21
-0.0115022834645669
0
LINE
8
BLACK
6
CONTINUOUS
10
0.1852698818897638
20
-0.0115022834645669
11
0.1862111023622047
21
-0.0146050787401575
0
LINE
8
BLACK
6
CONTINUOUS
10
0.1862111023622047
20
-0.0146050787401575
11
0.1866050787401575
21
-0.0159037795275591
0
LINE
8
BLACK
6
CONTINUOUS
10
0.1866050787401575
20
-0.0159037795275591
11
0.1904454724409449
21
-0.0230885826771654
0
LINE
8
BLACK
6
CONTINUOUS
10
0.1904454724409449
20
-0.0230885826771654
11
0.1948432283464567
21
-0.0284473228346457
0
LINE
8
BLACK
6
CONTINUOUS
10
0.1948432283464567
20
-0.0284473228346457
11
0.195613779527559
21
-0.0293862204724409
0
LINE
8
BLACK
6
CONTINUOUS
10
0.195613779527559
20
-0.0293862204724409
11
0.2019114173228346
21
-0.0345545275590551
0
LINE
8
BLACK
6
CONTINUOUS
10
0.2019114173228346
20
-0.0345545275590551
11
0.2090962992125984
21
-0.0383949606299213
0
LINE
8
BLACK
6
CONTINUOUS
10
0.2090962992125984
20
-0.0383949606299213
11
0.2168923622047244
21
-0.040759842519685
0
LINE
8
BLACK
6
CONTINUOUS
10
0.2168923622047244
20
-0.040759842519685
11
0.225
21
-0.0415583858267717
0
LINE
8
BLACK
6
CONTINUOUS
10
0.225
20
-0.0415583858267717
11
0.2331076377952756
21
-0.040759842519685
0
LINE
8
BLACK
6
CONTINUOUS
10
0.2331076377952756
20
-0.040759842519685
11
0.2409037007874016
21
-0.0383949606299213
0
LINE
8
BLACK
6
CONTINUOUS
10
0.2409037007874016
20
-0.0383949606299213
11
0.2480885826771654
21
-0.0345545275590551
0
LINE
8
BLACK
6
CONTINUOUS
10
0.2480885826771654
20
-0.0345545275590551
11
0.2543862204724409
21
-0.0293862204724409
0
LINE
8
BLACK
6
CONTINUOUS
10
0.2543862204724409
20
-0.0293862204724409
11
0.2595545275590551
21
-0.0230885826771654
0
LINE
8
BLACK
6
CONTINUOUS
10
0.2595545275590551
20
-0.0230885826771654
11
0.2633949606299212
21
-0.0159037007874016
0
LINE
8
BLACK
6
CONTINUOUS
10
0.2633949606299212
20
-0.0159037007874016
11
0.265759842519685
21
-0.0081076377952756
0
LINE
8
BLACK
6
CONTINUOUS
10
0.265759842519685
20
-0.0081076377952756
11
0.2665583858267717
21
0.
0
LINE
8
BLACK
6
CONTINUOUS
10
0.2665583858267717
20
0.
11
0.265759842519685
21
0.0081076377952756
0
LINE
8
BLACK
6
CONTINUOUS
10
0.265759842519685
20
0.0081076377952756
11
0.2633949606299212
21
0.0159037007874016
0
LINE
8
BLACK
6
CONTINUOUS
10
0.2633949606299212
20
0.0159037007874016
11
0.2595545275590551
21
0.0230885826771654
0
LINE
8
BLACK
6
CONTINUOUS
10
0.2595545275590551
20
0.0230885826771654
11
0.2543862204724409
21
0.0293862204724409
0
LINE
8
BLACK
6
CONTINUOUS
10
0.2543862204724409
20
0.0293862204724409
11
0.2537052755905512
21
0.0299450393700787
0
LINE
8
BLACK
6
CONTINUOUS
10
0.2537052755905512
20
0.0299450393700787
11
0.2480885826771654
21
0.0345545275590551
0
LINE
8
BLACK
6
CONTINUOUS
10
0.2480885826771654
20
0.0345545275590551
11
0.240903779527559
21
0.0383949212598425
0
LINE
8
BLACK
6
CONTINUOUS
10
0.240903779527559
20
0.0383949212598425
11
0.2409037401574803
21
0.0383949606299213
0
LINE
8
BLACK
6
CONTINUOUS
10
0.2409037401574803
20
0.0383949606299213
11
0.2409037007874016
21
0.0383949606299213
0
LINE
8
BLACK
6
CONTINUOUS
10
0.2409037007874016
20
0.0383949606299213
11
0.234310905511811
21
0.040394842519685
0
LINE
8
BLACK
6
CONTINUOUS
10
0.234310905511811
20
0.040394842519685
11
0.2331076771653543
21
0.040759842519685
0
LINE
8
BLACK
6
CONTINUOUS
10
0.2331076771653543
20
0.040759842519685
11
0.2309072047244095
21
0.0409765748031496
0
LINE
8
BLACK
6
CONTINUOUS
10
0.2309072047244095
20
0.0409765748031496
11
0.2291103543307086
21
0.0418385039370079
0
LINE
8
BLACK
6
CONTINUOUS
10
0.2291103543307086
20
0.0418385039370079
11
0.2282879133858268
21
0.0436537401574803
0
LINE
8
BLACK
6
CONTINUOUS
10
0.2282879133858268
20
0.0436537401574803
11
0.2288246850393701
21
0.0455729527559055
0
LINE
8
BLACK
6
CONTINUOUS
10
0.2288246850393701
20
0.0455729527559055
11
0.2304695275590551
21
0.0466981102362205
0
LINE
8
BLACK
6
CONTINUOUS
10
0.2304695275590551
20
0.0466981102362205
11
0.2307132677165354
21
0.0467496062992126
0
LINE
8
BLACK
6
CONTINUOUS
10
0.2307132677165354
20
0.0467496062992126
11
0.2381696062992126
21
0.0479938188976378
0
LINE
8
BLACK
6
CONTINUOUS
10
0.2381696062992126
20
0.0479938188976378
11
0.2465501181102362
21
0.0508708267716535
0
LINE
8
BLACK
6
CONTINUOUS
10
0.2465501181102362
20
0.0508708267716535
11
0.2543422440944882
21
0.0550877559055118
0
LINE
8
BLACK
6
CONTINUOUS
10
0.2543422440944882
20
0.0550877559055118
11
0.2543427165354331
21
0.055088031496063
0
LINE
8
BLACK
6
CONTINUOUS
10
0.2543427165354331
20
0.055088031496063
11
0.2613346850393701
21
0.0605301181102362
0
LINE
8
BLACK
6
CONTINUOUS
10
0.2613346850393701
20
0.0605301181102362
11
0.2673356692913386
21
0.0670489763779527
0
LINE
8
BLACK
6
CONTINUOUS
10
0.2673356692913386
20
0.0670489763779527
11
0.2721817716535433
21
0.0744664566929134
0
LINE
8
BLACK
6
CONTINUOUS
10
0.2721817716535433
20
0.0744664566929134
11
0.275740905511811
21
0.0825803543307087
0
LINE
8
BLACK
6
CONTINUOUS
10
0.275740905511811
20
0.0825803543307087
11
0.2776198031496063
21
0.09
0
LINE
8
BLACK
6
CONTINUOUS
10
0.2776198031496063
20
0.09
11
0.2567447637795275
21
0.09
0
LINE
8
BLACK
6
CONTINUOUS
10
0.2567447637795275
20
0.09
11
0.2555714173228346
21
0.0863887401574803
0
LINE
8
BLACK
6
CONTINUOUS
10
0.2555714173228346
20
0.0863887401574803
11
0.2520733858267716
21
0.0803300393700787
0
LINE
8
BLACK
6
CONTINUOUS
10
0.2520733858267716
20
0.0803300393700787
11
0.2473921653543307
21
0.0751309842519685
0
LINE
8
BLACK
6
CONTINUOUS
10
0.2473921653543307
20
0.0751309842519685
11
0.2417322834645669
21
0.0710188188976378
0
LINE
8
BLACK
6
CONTINUOUS
10
0.2417322834645669
20
0.0710188188976378
11
0.2353411023622047
21
0.0681733070866142
0
LINE
8
BLACK
6
CONTINUOUS
10
0.2353411023622047
20
0.0681733070866142
11
0.2284979921259842
21
0.0667187401574803
0
LINE
8
BLACK
6
CONTINUOUS
10
0.2284979921259842
20
0.0667187401574803
11
0.2215020078740157
21
0.0667187401574803
0
LINE
8
BLACK
6
CONTINUOUS
10
0.2215020078740157
20
0.0667187401574803
11
0.2146588976377953
21
0.0681733070866142
0
LINE
8
BLACK
6
CONTINUOUS
10
0.2146588976377953
20
0.0681733070866142
11
0.2082677165354331
21
0.0710188188976378
0
LINE
8
BLACK
6
CONTINUOUS
10
0.2082677165354331
20
0.0710188188976378
11
0.2026078346456693
21
0.0751309842519685
0
LINE
8
BLACK
6
CONTINUOUS
10
0.2026078346456693
20
0.0751309842519685
11
0.1979266141732283
21
0.0803300393700787
0
LINE
8
BLACK
6
CONTINUOUS
10
0.1979266141732283
20
0.0803300393700787
11
0.1944285826771653
21
0.0863887401574803
0
LINE
8
BLACK
6
CONTINUOUS
10
0.1944285826771653
20
0.0863887401574803
11
0.1932552362204724
21
0.09
0
LINE
8
BLACK
6
CONTINUOUS
10
0.1932552362204724
20
0.09
11
0.1723801968503937
21
0.09
0
LINE
8
BLACK
6
CONTINUOUS
10
0.235
20
0.1318992125984252
11
0.2353411023622047
21
0.1318266929133858
0
LINE
8
BLACK
6
CONTINUOUS
10
0.2353411023622047
20
0.1318266929133858
11
0.2417322834645669
21
0.1289811811023622
0
LINE
8
BLACK
6
CONTINUOUS
10
0.2417322834645669
20
0.1289811811023622
11
0.2473921653543307
21
0.1248690157480315
0
LINE
8
BLACK
6
CONTINUOUS
10
0.2473921653543307
20
0.1248690157480315
11
0.2520733858267716
21
0.1196699606299213
0
LINE
8
BLACK
6
CONTINUOUS
10
0.2520733858267716
20
0.1196699606299213
11
0.2555714173228346
21
0.1136112598425197
0
LINE
8
BLACK
6
CONTINUOUS
10
0.2555714173228346
20
0.1136112598425197
11
0.2567447637795275
21
0.11
0
LINE
8
BLACK
6
CONTINUOUS
10
0.2567447637795275
20
0.11
11
0.2776198031496063
21
0.11
0
LINE
8
BLACK
6
CONTINUOUS
10
0.2776198031496063
20
0.11
11
0.275740905511811
21
0.1174196850393701
0
LINE
8
BLACK
6
CONTINUOUS
10
0.275740905511811
20
0.1174196850393701
11
0.2721817716535433
21
0.1255335826771654
0
LINE
8
BLACK
6
CONTINUOUS
10
0.2721817716535433
20
0.1255335826771654
11
0.2673356692913386
21
0.132951062992126
0
LINE
8
BLACK
6
CONTINUOUS
10
0.2673356692913386
20
0.132951062992126
11
0.2613346850393701
21
0.1394699212598425
0
LINE
8
BLACK
6
CONTINUOUS
10
0.2613346850393701
20
0.1394699212598425
11
0.2543427165354331
21
0.1449120078740158
0
LINE
8
BLACK
6
CONTINUOUS
10
0.2543427165354331
20
0.1449120078740158
11
0.2543422440944882
21
0.1449122834645669
0
LINE
8
BLACK
6
CONTINUOUS
10
0.2543422440944882
20
0.1449122834645669
11
0.2465501181102362
21
0.1491292125984252
0
LINE
8
BLACK
6
CONTINUOUS
10
0.2465501181102362
20
0.1491292125984252
11
0.2381696062992126
21
0.1520062204724409
0
LINE
8
BLACK
6
CONTINUOUS
10
0.2381696062992126
20
0.1520062204724409
11
0.235
21
0.152535157480315
0
LINE
8
BLACK
6
CONTINUOUS
10
0.235
20
0.152535157480315
11
0.235
21
0.1318992125984252
0
LINE
8
BLACK
6
CONTINUOUS
10
0.2118303543307087
20
0.1520062204724409
11
0.203449842519685
21
0.1491292125984252
0
LINE
8
BLACK
6
CONTINUOUS
10
0.203449842519685
20
0.1491292125984252
11
0.1956577165354331
21
0.1449122834645669
0
LINE
8
BLACK
6
CONTINUOUS
10
0.1956577165354331
20
0.1449122834645669
11
0.1956572440944882
21
0.1449120078740158
0
LINE
8
BLACK
6
CONTINUOUS
10
0.1956572440944882
20
0.1449120078740158
11
0.1886652755905512
21
0.1394699212598425
0
LINE
8
BLACK
6
CONTINUOUS
10
0.1886652755905512
20
0.1394699212598425
11
0.1826642913385827
21
0.132951062992126
0
LINE
8
BLACK
6
CONTINUOUS
10
0.1826642913385827
20
0.132951062992126
11
0.1778181889763779
21
0.1255335826771654
0
LINE
8
BLACK
6
CONTINUOUS
10
0.1778181889763779
20
0.1255335826771654
11
0.1742590551181102
21
0.1174196850393701
0
LINE
8
BLACK
6
CONTINUOUS
10
0.1742590551181102
20
0.1174196850393701
11
0.1723801968503937
21
0.11
0
LINE
8
BLACK
6
CONTINUOUS
10
0.1723801968503937
20
0.11
11
0.1932552362204724
21
0.11
0
LINE
8
BLACK
6
CONTINUOUS
10
0.1932552362204724
20
0.11
11
0.1944285826771653
21
0.1136112598425197
0
LINE
8
BLACK
6
CONTINUOUS
10
0.1944285826771653
20
0.1136112598425197
11
0.1979266141732283
21
0.1196699606299213
0
LINE
8
BLACK
6
CONTINUOUS
10
0.1979266141732283
20
0.1196699606299213
11
0.2026078346456693
21
0.1248690157480315
0
LINE
8
BLACK
6
CONTINUOUS
10
0.2026078346456693
20
0.1248690157480315
11
0.2082677165354331
21
0.1289811811023622
0
LINE
8
BLACK
6
CONTINUOUS
10
0.2082677165354331
20
0.1289811811023622
11
0.2146588976377953
21
0.1318266929133858
0
LINE
8
BLACK
6
CONTINUOUS
10
0.2146588976377953
20
0.1318266929133858
11
0.215
21
0.1318992125984252
0
LINE
8
BLACK
6
CONTINUOUS
10
0.215
20
0.1318992125984252
11
0.215
21
0.152535157480315
0
LINE
8
BLACK
6
CONTINUOUS
10
0.215
20
0.152535157480315
11
0.2118303543307087
21
0.1520062204724409
0
LINE
8
BLACK
6
CONTINUOUS
10
0.1158755511811024
20
0.3222458661417323
11
0.1158755118110236
21
0.3222458661417323
0
LINE
8
BLACK
6
CONTINUOUS
10
0.1158755118110236
20
0.3222458661417323
11
0.1101243307086614
21
0.3198636220472441
0
LINE
8
BLACK
6
CONTINUOUS
10
0.1101243307086614
20
0.3198636220472441
11
0.1051858267716535
21
0.3160742125984252
0
LINE
8
BLACK
6
CONTINUOUS
10
0.1051858267716535
20
0.3160742125984252
11
0.1051856299212598
21
0.3160740157480315
0
LINE
8
BLACK
6
CONTINUOUS
10
0.1051856299212598
20
0.3160740157480315
11
0.1013962204724409
21
0.3111355118110236
0
LINE
8
BLACK
6
CONTINUOUS
10
0.1013962204724409
20
0.3111355118110236
11
0.0990139763779528
21
0.3053843307086614
0
LINE
8
BLACK
6
CONTINUOUS
10
0.0990139763779528
20
0.3053843307086614
11
0.0985180708661417
21
0.3016176771653543
0
LINE
8
BLACK
6
CONTINUOUS
10
0.0985180708661417
20
0.3016176771653543
11
0.0976896850393701
21
0.2999379133858268
0
LINE
8
BLACK
6
CONTINUOUS
10
0.0976896850393701
20
0.2999379133858268
11
0.0803413779527559
21
0.2825895275590551
0
LINE
8
BLACK
6
CONTINUOUS
10
0.0803413779527559
20
0.2825895275590551
11
0.0785352362204724
21
0.2817473228346457
0
LINE
8
BLACK
6
CONTINUOUS
10
0.0785352362204724
20
0.2817473228346457
11
0.0782812992125984
21
0.281736220472441
0
LINE
8
BLACK
6
CONTINUOUS
10
0.0782812992125984
20
0.281736220472441
11
-0.1172895275590551
21
0.281736220472441
0
LINE
8
BLACK
6
CONTINUOUS
10
-0.1172895275590551
20
0.281736220472441
11
-0.1190630708661417
21
0.2823382677165354
0
LINE
8
BLACK
6
CONTINUOUS
10
-0.1190630708661417
20
0.2823382677165354
11
-0.122077125984252
21
0.2846510236220473
0
LINE
8
BLACK
6
CONTINUOUS
10
-0.122077125984252
20
0.2846510236220473
11
-0.1278283070866142
21
0.2870332677165354
0
LINE
8
BLACK
6
CONTINUOUS
10
-0.1278283070866142
20
0.2870332677165354
11
-0.134
21
0.287845748031496
0
LINE
8
BLACK
6
CONTINUOUS
10
-0.134
20
0.287845748031496
11
-0.1401716929133858
21
0.2870332677165354
0
LINE
8
BLACK
6
CONTINUOUS
10
-0.1401716929133858
20
0.2870332677165354
11
-0.1401717322834646
21
0.2870332677165354
0
LINE
8
BLACK
6
CONTINUOUS
10
-0.1401717322834646
20
0.2870332677165354
11
-0.1459229133858268
21
0.2846510236220473
0
LINE
8
BLACK
6
CONTINUOUS
10
-0.1459229133858268
20
0.2846510236220473
11
-0.1492242519685039
21
0.2821177952755906
0
LINE
8
BLACK
6
CONTINUOUS
10
-0.1492242519685039
20
0.2821177952755906
11
-0.1509977952755905
21
0.281515748031496
0
LINE
8
BLACK
6
CONTINUOUS
10
-0.1509977952755905
20
0.281515748031496
11
-0.4877022440944882
21
0.281515748031496
0
LINE
8
BLACK
6
CONTINUOUS
10
-0.4877022440944882
20
0.281515748031496
11
-0.4880284251968504
21
0.2815340551181102
0
LINE
8
BLACK
6
CONTINUOUS
10
-0.4880284251968504
20
0.2815340551181102
11
-0.4895327165354331
21
0.2817035826771653
0
LINE
8
BLACK
6
CONTINUOUS
10
-0.4895327165354331
20
0.2817035826771653
11
-0.4917807086614173
21
0.2812782283464567
0
LINE
8
BLACK
6
CONTINUOUS
10
-0.4917807086614173
20
0.2812782283464567
11
-0.4918881102362205
21
0.28126
0
LINE
8
BLACK
6
CONTINUOUS
10
-0.4918881102362205
20
0.28126
11
-0.4941488582677165
21
0.2809192519685039
0
LINE
8
BLACK
6
CONTINUOUS
10
-0.4941488582677165
20
0.2809192519685039
11
-0.4943576771653543
21
0.280854842519685
0
LINE
8
BLACK
6
CONTINUOUS
10
-0.4943576771653543
20
0.280854842519685
11
-0.4943582283464567
21
0.2808566141732283
0
LINE
8
BLACK
6
CONTINUOUS
10
-0.4943582283464567
20
0.2808566141732283
11
-0.4945807086614173
21
0.2807833858267716
0
LINE
8
BLACK
6
CONTINUOUS
10
-0.4945807086614173
20
0.2807833858267716
11
-0.4945800787401575
21
0.2807816929133858
0
LINE
8
BLACK
6
CONTINUOUS
10
-0.4945800787401575
20
0.2807816929133858
11
-0.4947859842519685
21
0.28070968503937
0
LINE
8
BLACK
6
CONTINUOUS
10
-0.4947859842519685
20
0.28070968503937
11
-0.4968076771653543
21
0.2796411417322834
0
LINE
8
BLACK
6
CONTINUOUS
10
-0.4968076771653543
20
0.2796411417322834
11
-0.4969048818897638
21
0.2795920866141732
0
LINE
8
BLACK
6
CONTINUOUS
10
-0.4969048818897638
20
0.2795920866141732
11
-0.4989661023622047
21
0.2785994488188976
0
LINE
8
BLACK
6
CONTINUOUS
10
-0.4989661023622047
20
0.2785994488188976
11
-0.4991464173228347
21
0.2784764566929134
0
LINE
8
BLACK
6
CONTINUOUS
10
-0.4991464173228347
20
0.2784764566929134
11
-0.4991474015748031
21
0.2784779133858268
0
LINE
8
BLACK
6
CONTINUOUS
10
-0.4991474015748031
20
0.2784779133858268
11
-0.4993387007874016
21
0.2783422047244095
0
LINE
8
BLACK
6
CONTINUOUS
10
-0.4993387007874016
20
0.2783422047244095
11
-0.4993375984251968
21
0.2783407480314961
0
LINE
8
BLACK
6
CONTINUOUS
10
-0.4993375984251968
20
0.2783407480314961
11
-0.4995133070866142
21
0.2782111417322835
0
LINE
8
BLACK
6
CONTINUOUS
10
-0.4995133070866142
20
0.2782111417322835
11
-0.5011305905511811
21
0.2765938582677165
0
LINE
8
BLACK
6
CONTINUOUS
10
-0.5011305905511811
20
0.2765938582677165
11
-0.5012090157480315
21
0.2765183464566929
0
LINE
8
BLACK
6
CONTINUOUS
10
-0.5012090157480315
20
0.2765183464566929
11
-0.5028854330708661
21
0.274962874015748
0
LINE
8
BLACK
6
CONTINUOUS
10
-0.5028854330708661
20
0.274962874015748
11
-0.5030215748031496
21
0.274792125984252
0
LINE
8
BLACK
6
CONTINUOUS
10
-0.5030215748031496
20
0.274792125984252
11
-0.5030229921259842
21
0.2747932677165354
0
LINE
8
BLACK
6
CONTINUOUS
10
-0.5030229921259842
20
0.2747932677165354
11
-0.5033257874015747
21
0.2743986614173228
0
LINE
8
BLACK
6
CONTINUOUS
10
-0.5033257874015747
20
0.2743986614173228
11
-0.5043473622047244
21
0.2733770866141732
0
LINE
8
BLACK
6
CONTINUOUS
10
-0.5043473622047244
20
0.2733770866141732
11
-0.5060271259842519
21
0.2725487007874016
0
LINE
8
BLACK
6
CONTINUOUS
10
-0.5060271259842519
20
0.2725487007874016
11
-0.509793779527559
21
0.2720527952755906
0
LINE
8
BLACK
6
CONTINUOUS
10
-0.509793779527559
20
0.2720527952755906
11
-0.5155449606299213
21
0.2696705511811023
0
LINE
8
BLACK
6
CONTINUOUS
10
-0.5155449606299213
20
0.2696705511811023
11
-0.5204834645669292
21
0.2658811417322834
0
LINE
8
BLACK
6
CONTINUOUS
10
-0.5204834645669292
20
0.2658811417322834
11
-0.5204836614173228
21
0.2658809448818897
0
LINE
8
BLACK
6
CONTINUOUS
10
-0.5204836614173228
20
0.2658809448818897
11
-0.5242730708661417
21
0.2609424409448819
0
LINE
8
BLACK
6
CONTINUOUS
10
-0.5242730708661417
20
0.2609424409448819
11
-0.5266553149606299
21
0.2551912598425197
0
LINE
8
BLACK
6
CONTINUOUS
10
-0.5266553149606299
20
0.2551912598425197
11
-0.5266553149606299
21
0.2551912204724409
0
LINE
8
BLACK
6
CONTINUOUS
10
-0.5266553149606299
20
0.2551912204724409
11
-0.5274677952755905
21
0.2490195275590551
0
LINE
8
BLACK
6
CONTINUOUS
10
-0.5274677952755905
20
0.2490195275590551
11
-0.5266553149606299
21
0.242847874015748
0
LINE
8
BLACK
6
CONTINUOUS
10
-0.5266553149606299
20
0.242847874015748
11
-0.5266553149606299
21
0.2428478346456693
0
LINE
8
BLACK
6
CONTINUOUS
10
-0.5266553149606299
20
0.2428478346456693
11
-0.5242730708661417
21
0.2370966535433071
0
LINE
8
BLACK
6
CONTINUOUS
10
-0.5242730708661417
20
0.2370966535433071
11
-0.5204836614173228
21
0.2321581496062992
0
LINE
8
BLACK
6
CONTINUOUS
10
-0.5204836614173228
20
0.2321581496062992
11
-0.5204834645669292
21
0.2321579527559055
0
LINE
8
BLACK
6
CONTINUOUS
10
-0.5204834645669292
20
0.2321579527559055
11
-0.5173418897637795
21
0.2297473622047244
0
LINE
8
BLACK
6
CONTINUOUS
10
-0.5173418897637795
20
0.2297473622047244
11
-0.5155449212598425
21
0.2283685039370079
0
LINE
8
BLACK
6
CONTINUOUS
10
-0.5155449212598425
20
0.2283685039370079
11
-0.509793779527559
21
0.2259862992125984
0
LINE
8
BLACK
6
CONTINUOUS
10
-0.509793779527559
20
0.2259862992125984
11
-0.5036220472440944
21
0.225173779527559
0
LINE
8
BLACK
6
CONTINUOUS
10
-0.5036220472440944
20
0.225173779527559
11
-0.4974503149606299
21
0.2259862992125984
0
LINE
8
BLACK
6
CONTINUOUS
10
-0.4974503149606299
20
0.2259862992125984
11
-0.4916991732283464
21
0.2283685039370079
0
LINE
8
BLACK
6
CONTINUOUS
10
-0.4916991732283464
20
0.2283685039370079
11
-0.4867605511811023
21
0.232158031496063
0
LINE
8
BLACK
6
CONTINUOUS
10
-0.4867605511811023
20
0.232158031496063
11
-0.4829710236220472
21
0.2370966535433071
0
LINE
8
BLACK
6
CONTINUOUS
10
-0.4829710236220472
20
0.2370966535433071
11
-0.4805888188976378
21
0.2428477952755906
0
LINE
8
BLACK
6
CONTINUOUS
10
-0.4805888188976378
20
0.2428477952755906
11
-0.4805016141732283
21
0.243510157480315
0
LINE
8
BLACK
6
CONTINUOUS
10
-0.4805016141732283
20
0.243510157480315
11
-0.4795814173228347
21
0.245277874015748
0
LINE
8
BLACK
6
CONTINUOUS
10
-0.4795814173228347
20
0.245277874015748
11
-0.4777402362204724
21
0.2460405511811024
0
LINE
8
BLACK
6
CONTINUOUS
10
-0.4777402362204724
20
0.2460405511811024
11
-0.4776131496062992
21
0.2460433070866142
0
LINE
8
BLACK
6
CONTINUOUS
10
-0.4776131496062992
20
0.2460433070866142
11
-0.1504231496062992
21
0.2460433070866142
0
LINE
8
BLACK
6
CONTINUOUS
10
-0.1504231496062992
20
0.2460433070866142
11
-0.1486496062992126
21
0.2454412598425197
0
LINE
8
BLACK
6
CONTINUOUS
10
-0.1486496062992126
20
0.2454412598425197
11
-0.145922874015748
21
0.2433489763779527
0
LINE
8
BLACK
6
CONTINUOUS
10
-0.145922874015748
20
0.2433489763779527
11
-0.1401717322834646
21
0.2409667716535433
0
LINE
8
BLACK
6
CONTINUOUS
10
-0.1401717322834646
20
0.2409667716535433
11
-0.134
21
0.2401542519685039
0
LINE
8
BLACK
6
CONTINUOUS
10
-0.134
20
0.2401542519685039
11
-0.1278282677165354
21
0.2409667716535433
0
LINE
8
BLACK
6
CONTINUOUS
10
-0.1278282677165354
20
0.2409667716535433
11
-0.122077125984252
21
0.2433489763779527
0
LINE
8
BLACK
6
CONTINUOUS
10
-0.122077125984252
20
0.2433489763779527
11
-0.1190630708661417
21
0.2456617322834646
0
LINE
8
BLACK
6
CONTINUOUS
10
-0.1190630708661417
20
0.2456617322834646
11
-0.1172895275590551
21
0.246263779527559
0
LINE
8
BLACK
6
CONTINUOUS
10
-0.1172895275590551
20
0.246263779527559
11
0.0269528346456693
21
0.246263779527559
0
LINE
8
BLACK
6
CONTINUOUS
10
0.0269528346456693
20
0.246263779527559
11
0.085674842519685
21
0.246263779527559
0
LINE
8
BLACK
6
CONTINUOUS
10
0.085674842519685
20
0.246263779527559
11
0.0860010236220472
21
0.2462454724409449
0
LINE
8
BLACK
6
CONTINUOUS
10
0.0860010236220472
20
0.2462454724409449
11
0.0875053149606299
21
0.2460759842519685
0
LINE
8
BLACK
6
CONTINUOUS
10
0.0875053149606299
20
0.2460759842519685
11
0.0897534251968504
21
0.2465014173228346
0
LINE
8
BLACK
6
CONTINUOUS
10
0.0897534251968504
20
0.2465014173228346
11
0.0898594094488189
21
0.2465194094488189
0
LINE
8
BLACK
6
CONTINUOUS
10
0.0898594094488189
20
0.2465194094488189
11
0.0921215354330709
21
0.2468603149606299
0
LINE
8
BLACK
6
CONTINUOUS
10
0.0921215354330709
20
0.2468603149606299
11
0.0921216535433071
21
0.2468603937007874
0
LINE
8
BLACK
6
CONTINUOUS
10
0.0921216535433071
20
0.2468603937007874
11
0.0923303149606299
21
0.2469247244094488
0
LINE
8
BLACK
6
CONTINUOUS
10
0.0923303149606299
20
0.2469247244094488
11
0.0923308661417323
21
0.246922874015748
0
LINE
8
BLACK
6
CONTINUOUS
10
0.0923308661417323
20
0.246922874015748
11
0.0925532283464567
21
0.246996062992126
0
LINE
8
BLACK
6
CONTINUOUS
10
0.0925532283464567
20
0.246996062992126
11
0.0925526377952756
21
0.2469978346456693
0
LINE
8
BLACK
6
CONTINUOUS
10
0.0925526377952756
20
0.2469978346456693
11
0.0927587795275591
21
0.2470699606299213
0
LINE
8
BLACK
6
CONTINUOUS
10
0.0927587795275591
20
0.2470699606299213
11
0.0947816929133858
21
0.2481391732283464
0
LINE
8
BLACK
6
CONTINUOUS
10
0.0947816929133858
20
0.2481391732283464
11
0.0948770866141732
21
0.2481874015748032
0
LINE
8
BLACK
6
CONTINUOUS
10
0.0948770866141732
20
0.2481874015748032
11
0.0969386614173228
21
0.2491801181102362
0
LINE
8
BLACK
6
CONTINUOUS
10
0.0969386614173228
20
0.2491801181102362
11
0.0969388188976378
21
0.2491802755905512
0
LINE
8
BLACK
6
CONTINUOUS
10
0.0969388188976378
20
0.2491802755905512
11
0.0971189763779527
21
0.2493030708661417
0
LINE
8
BLACK
6
CONTINUOUS
10
0.0971189763779527
20
0.2493030708661417
11
0.09712
21
0.2493015354330708
0
LINE
8
BLACK
6
CONTINUOUS
10
0.09712
20
0.2493015354330708
11
0.0973111023622047
21
0.249437125984252
0
LINE
8
BLACK
6
CONTINUOUS
10
0.0973111023622047
20
0.249437125984252
11
0.0973100393700787
21
0.2494385826771653
0
LINE
8
BLACK
6
CONTINUOUS
10
0.0973100393700787
20
0.2494385826771653
11
0.0974854330708661
21
0.2495681496062992
0
LINE
8
BLACK
6
CONTINUOUS
10
0.0974854330708661
20
0.2495681496062992
11
0.0974857480314961
21
0.2495682677165354
0
LINE
8
BLACK
6
CONTINUOUS
10
0.0974857480314961
20
0.2495682677165354
11
0.098303937007874
21
0.2503865354330709
0
LINE
8
BLACK
6
CONTINUOUS
10
0.098303937007874
20
0.2503865354330709
11
0.099103031496063
21
0.2511855511811024
0
LINE
8
BLACK
6
CONTINUOUS
10
0.099103031496063
20
0.2511855511811024
11
0.0991815354330709
21
0.2512611811023622
0
LINE
8
BLACK
6
CONTINUOUS
10
0.0991815354330709
20
0.2512611811023622
11
0.100858031496063
21
0.2528167322834646
0
LINE
8
BLACK
6
CONTINUOUS
10
0.100858031496063
20
0.2528167322834646
11
0.1009942125984252
21
0.2529874803149606
0
LINE
8
BLACK
6
CONTINUOUS
10
0.1009942125984252
20
0.2529874803149606
11
0.1009956299212598
21
0.2529863779527559
0
LINE
8
BLACK
6
CONTINUOUS
10
0.1009956299212598
20
0.2529863779527559
11
0.1012982677165354
21
0.2533808661417323
0
LINE
8
BLACK
6
CONTINUOUS
10
0.1012982677165354
20
0.2533808661417323
11
0.1227725590551181
21
0.274855157480315
0
LINE
8
BLACK
6
CONTINUOUS
10
0.1227725590551181
20
0.274855157480315
11
0.1244523228346457
21
0.2756835039370079
0
LINE
8
BLACK
6
CONTINUOUS
10
0.1244523228346457
20
0.2756835039370079
11
0.1282189763779528
21
0.2761793700787402
0
LINE
8
BLACK
6
CONTINUOUS
10
0.1282189763779528
20
0.2761793700787402
11
0.1339701181102362
21
0.2785615748031496
0
LINE
8
BLACK
6
CONTINUOUS
10
0.1339701181102362
20
0.2785615748031496
11
0.1389087401574803
21
0.2823511023622047
0
LINE
8
BLACK
6
CONTINUOUS
10
0.1389087401574803
20
0.2823511023622047
11
0.1426982677165354
21
0.2872897244094488
0
LINE
8
BLACK
6
CONTINUOUS
10
0.1426982677165354
20
0.2872897244094488
11
0.1450804724409449
21
0.2930408661417323
0
LINE
8
BLACK
6
CONTINUOUS
10
0.1450804724409449
20
0.2930408661417323
11
0.1458929921259842
21
0.2992125984251968
0
LINE
8
BLACK
6
CONTINUOUS
10
0.1458929921259842
20
0.2992125984251968
11
0.1450804724409449
21
0.3053843307086614
0
LINE
8
BLACK
6
CONTINUOUS
10
0.1450804724409449
20
0.3053843307086614
11
0.1426982677165354
21
0.3111354724409449
0
LINE
8
BLACK
6
CONTINUOUS
10
0.1426982677165354
20
0.3111354724409449
11
0.1389087401574803
21
0.316074094488189
0
LINE
8
BLACK
6
CONTINUOUS
10
0.1389087401574803
20
0.316074094488189
11
0.1389086220472441
21
0.3160742125984252
0
LINE
8
BLACK
6
CONTINUOUS
10
0.1389086220472441
20
0.3160742125984252
11
0.1339701181102362
21
0.3198636220472441
0
LINE
8
BLACK
6
CONTINUOUS
10
0.1339701181102362
20
0.3198636220472441
11
0.128218937007874
21
0.3222458661417323
0
LINE
8
BLACK
6
CONTINUOUS
10
0.128218937007874
20
0.3222458661417323
11
0.1220472440944882
21
0.3230583464566929
0
LINE
8
BLACK
6
CONTINUOUS
10
0.1220472440944882
20
0.3230583464566929
11
0.1158755511811024
21
0.3222458661417323
0
LINE
8
BLACK
6
CONTINUOUS
10
-0.4567125984251968
20
-0.2508605511811023
11
-0.4567125984251968
21
-0.3046476771653543
0
LINE
8
BLACK
6
CONTINUOUS
10
-0.4567125984251968
20
-0.3046476771653543
11
-0.4567124803149606
21
-0.3046514960629921
0
LINE
8
BLACK
6
CONTINUOUS
10
-0.4567124803149606
20
-0.3046514960629921
11
-0.4567124803149606
21
-0.306595748031496
0
LINE
8
BLACK
6
CONTINUOUS
10
-0.4567124803149606
20
-0.306595748031496
11
-0.4555157086614173
21
-0.313383031496063
0
LINE
8
BLACK
6
CONTINUOUS
10
-0.4555157086614173
20
-0.313383031496063
11
-0.4555156692913386
21
-0.3133832283464567
0
LINE
8
BLACK
6
CONTINUOUS
10
-0.4555156692913386
20
-0.3133832283464567
11
-0.4531584251968504
21
-0.3198599212598425
0
LINE
8
BLACK
6
CONTINUOUS
10
-0.4531584251968504
20
-0.3198599212598425
11
-0.4531583070866141
21
-0.3198601968503937
0
LINE
8
BLACK
6
CONTINUOUS
10
-0.4531583070866141
20
-0.3198601968503937
11
-0.4497124015748031
21
-0.3258286614173228
0
LINE
8
BLACK
6
CONTINUOUS
10
-0.4497124015748031
20
-0.3258286614173228
11
-0.4497122834645669
21
-0.3258288582677165
0
LINE
8
BLACK
6
CONTINUOUS
10
-0.4497122834645669
20
-0.3258288582677165
11
-0.4452820078740157
21
-0.3311087007874016
0
LINE
8
BLACK
6
CONTINUOUS
10
-0.4452820078740157
20
-0.3311087007874016
11
-0.445281968503937
21
-0.3311087401574803
0
LINE
8
BLACK
6
CONTINUOUS
10
-0.445281968503937
20
-0.3311087401574803
11
-0.4452818897637795
21
-0.3311088188976378
0
LINE
8
BLACK
6
CONTINUOUS
10
-0.4452818897637795
20
-0.3311088188976378
11
-0.4452817322834646
21
-0.331108937007874
0
LINE
8
BLACK
6
CONTINUOUS
10
-0.4452817322834646
20
-0.331108937007874
11
-0.4400022047244094
21
-0.3355390157480315
0
LINE
8
BLACK
6
CONTINUOUS
10
-0.4400022047244094
20
-0.3355390157480315
11
-0.4340332677165354
21
-0.3389851968503937
0
LINE
8
BLACK
6
CONTINUOUS
10
-0.4340332677165354
20
-0.3389851968503937
11
-0.4275566141732283
21
-0.3413425196850394
0
LINE
8
BLACK
6
CONTINUOUS
10
-0.4275566141732283
20
-0.3413425196850394
11
-0.4207690157480315
21
-0.3425393700787401
0
LINE
8
BLACK
6
CONTINUOUS
10
-0.4207690157480315
20
-0.3425393700787401
11
-0.4187322440944882
21
-0.3425393700787401
0
LINE
8
BLACK
6
CONTINUOUS
10
-0.4187322440944882
20
-0.3425393700787401
11
-0.3726729133858268
21
-0.3425393700787401
0
LINE
8
BLACK
6
CONTINUOUS
10
-0.3726729133858268
20
-0.3425393700787401
11
-0.3712856692913385
21
-0.3425393700787401
0
LINE
8
BLACK
6
CONTINUOUS
10
-0.3712856692913385
20
-0.3425393700787401
11
-0.3712852362204724
21
-0.3425395275590551
0
LINE
8
BLACK
6
CONTINUOUS
10
-0.3712852362204724
20
-0.3425395275590551
11
-0.3700787401574803
21
-0.3425395275590551
0
LINE
8
BLACK
6
CONTINUOUS
10
-0.3700787401574803
20
-0.3425395275590551
11
-0.3666327165354331
21
-0.3425395275590551
0
LINE
8
BLACK
6
CONTINUOUS
10
-0.3666327165354331
20
-0.3425395275590551
11
-0.3666325590551181
21
-0.3425395275590551
0
LINE
8
BLACK
6
CONTINUOUS
10
-0.3666325590551181
20
-0.3425395275590551
11
-0.3598449212598425
21
-0.3413426771653543
0
LINE
8
BLACK
6
CONTINUOUS
10
-0.3598449212598425
20
-0.3413426771653543
11
-0.3533682283464567
21
-0.3389853543307086
0
LINE
8
BLACK
6
CONTINUOUS
10
-0.3533682283464567
20
-0.3389853543307086
11
-0.3473992913385827
21
-0.3355391732283465
0
LINE
8
BLACK
6
CONTINUOUS
10
-0.3473992913385827
20
-0.3355391732283465
11
-0.3421194488188976
21
-0.3311088188976378
0
LINE
8
BLACK
6
CONTINUOUS
10
-0.3421194488188976
20
-0.3311088188976378
11
-0.3376891732283465
21
-0.325828937007874
0
LINE
8
BLACK
6
CONTINUOUS
10
-0.3376891732283465
20
-0.325828937007874
11
-0.334243031496063
21
-0.31986
0
LINE
8
BLACK
6
CONTINUOUS
10
-0.334243031496063
20
-0.31986
11
-0.3318857480314961
21
-0.3133832677165354
0
LINE
8
BLACK
6
CONTINUOUS
10
-0.3318857480314961
20
-0.3133832677165354
11
-0.330688937007874
21
-0.3065956299212598
0
LINE
8
BLACK
6
CONTINUOUS
10
-0.330688937007874
20
-0.3065956299212598
11
-0.3306889763779527
21
-0.3031494488188976
0
LINE
8
BLACK
6
CONTINUOUS
10
-0.3306889763779527
20
-0.3031494488188976
11
-0.3306889763779527
21
-0.3005552755905512
0
LINE
8
BLACK
6
CONTINUOUS
10
-0.3306889763779527
20
-0.3005552755905512
11
-0.3306889763779527
21
-0.2508600393700787
0
LINE
8
BLACK
6
CONTINUOUS
10
-0.3306889763779527
20
-0.2508600393700787
11
-0.3306889763779527
21
-0.2506256299212599
0
LINE
8
BLACK
6
CONTINUOUS
10
-0.3306889763779527
20
-0.2506256299212599
11
-0.330688937007874
21
-0.2506255118110236
0
LINE
8
BLACK
6
CONTINUOUS
10
-0.330688937007874
20
-0.2506255118110236
11
-0.3306889763779527
21
-0.2492382283464567
0
LINE
8
BLACK
6
CONTINUOUS
10
-0.3306889763779527
20
-0.2492382283464567
11
-0.3306888188976378
21
-0.249237874015748
0
LINE
8
BLACK
6
CONTINUOUS
10
-0.3306888188976378
20
-0.249237874015748
11
-0.3306888188976378
21
-0.2445852755905512
0
LINE
8
BLACK
6
CONTINUOUS
10
-0.3306888188976378
20
-0.2445852755905512
11
-0.3306888188976378
21
-0.2445851968503937
0
LINE
8
BLACK
6
CONTINUOUS
10
-0.3306888188976378
20
-0.2445851968503937
11
-0.3318857086614173
21
-0.2377975984251968
0
LINE
8
BLACK
6
CONTINUOUS
10
-0.3318857086614173
20
-0.2377975984251968
11
-0.3342430708661417
21
-0.2313209448818898
0
LINE
8
BLACK
6
CONTINUOUS
10
-0.3342430708661417
20
-0.2313209448818898
11
-0.3376892519685039
21
-0.2253520472440945
0
LINE
8
BLACK
6
CONTINUOUS
10
-0.3376892519685039
20
-0.2253520472440945
11
-0.3404707480314961
21
-0.2220372047244094
0
LINE
8
BLACK
6
CONTINUOUS
10
-0.3404707480314961
20
-0.2220372047244094
11
-0.3421194488188976
21
-0.2200723622047244
0
LINE
8
BLACK
6
CONTINUOUS
10
-0.3421194488188976
20
-0.2200723622047244
11
-0.3421195275590551
21
-0.2200722834645669
0
LINE
8
BLACK
6
CONTINUOUS
10
-0.3421195275590551
20
-0.2200722834645669
11
-0.3436616141732283
21
-0.2187783464566929
0
LINE
8
BLACK
6
CONTINUOUS
10
-0.3436616141732283
20
-0.2187783464566929
11
-0.3473994094488189
21
-0.2156420078740157
0
LINE
8
BLACK
6
CONTINUOUS
10
-0.3473994094488189
20
-0.2156420078740157
11
-0.3533683464566929
21
-0.2121958661417323
0
LINE
8
BLACK
6
CONTINUOUS
10
-0.3533683464566929
20
-0.2121958661417323
11
-0.3533684251968504
21
-0.2121958267716536
0
LINE
8
BLACK
6
CONTINUOUS
10
-0.3533684251968504
20
-0.2121958267716536
11
-0.3533685039370079
21
-0.2121957874015748
0
LINE
8
BLACK
6
CONTINUOUS
10
-0.3533685039370079
20
-0.2121957874015748
11
-0.3598450393700787
21
-0.2098385039370079
0
LINE
8
BLACK
6
CONTINUOUS
10
-0.3598450393700787
20
-0.2098385039370079
11
-0.3666324803149606
21
-0.2086417322834646
0
LINE
8
BLACK
6
CONTINUOUS
10
-0.3666324803149606
20
-0.2086417322834646
11
-0.3666325984251969
21
-0.2086417322834646
0
LINE
8
BLACK
6
CONTINUOUS
10
-0.3666325984251969
20
-0.2086417322834646
11
-0.3686693307086614
21
-0.2086417322834646
0
LINE
8
BLACK
6
CONTINUOUS
10
-0.3686693307086614
20
-0.2086417322834646
11
-0.4187322440944882
21
-0.2086417322834646
0
LINE
8
BLACK
6
CONTINUOUS
10
-0.4187322440944882
20
-0.2086417322834646
11
-0.4188334251968504
21
-0.2086417322834646
0
LINE
8
BLACK
6
CONTINUOUS
10
-0.4188334251968504
20
-0.2086417322834646
11
-0.4188378346456693
21
-0.2086418897637795
0
LINE
8
BLACK
6
CONTINUOUS
10
-0.4188378346456693
20
-0.2086418897637795
11
-0.4207691338582677
21
-0.2086418897637795
0
LINE
8
BLACK
6
CONTINUOUS
10
-0.4207691338582677
20
-0.2086418897637795
11
-0.4275565354330709
21
-0.2098386614173228
0
LINE
8
BLACK
6
CONTINUOUS
10
-0.4275565354330709
20
-0.2098386614173228
11
-0.4340331102362205
21
-0.2121959448818898
0
LINE
8
BLACK
6
CONTINUOUS
10
-0.4340331102362205
20
-0.2121959448818898
11
-0.4400020866141732
21
-0.215642125984252
0
LINE
8
BLACK
6
CONTINUOUS
10
-0.4400020866141732
20
-0.215642125984252
11
-0.445281968503937
21
-0.2200724015748032
0
LINE
8
BLACK
6
CONTINUOUS
10
-0.445281968503937
20
-0.2200724015748032
11
-0.4452820472440945
21
-0.2200724803149606
0
LINE
8
BLACK
6
CONTINUOUS
10
-0.4452820472440945
20
-0.2200724803149606
11
-0.449712125984252
21
-0.2253520472440945
0
LINE
8
BLACK
6
CONTINUOUS
10
-0.449712125984252
20
-0.2253520472440945
11
-0.4497122047244094
21
-0.2253520866141732
0
LINE
8
BLACK
6
CONTINUOUS
10
-0.4497122047244094
20
-0.2253520866141732
11
-0.4497122047244094
21
-0.2253521653543307
0
LINE
8
BLACK
6
CONTINUOUS
10
-0.4497122047244094
20
-0.2253521653543307
11
-0.4528375196850394
21
-0.2307653543307087
0
LINE
8
BLACK
6
CONTINUOUS
10
-0.4528375196850394
20
-0.2307653543307087
11
-0.4531583858267716
21
-0.2313211023622047
0
LINE
8
BLACK
6
CONTINUOUS
10
-0.4531583858267716
20
-0.2313211023622047
11
-0.4555157086614173
21
-0.2377975984251968
0
LINE
8
BLACK
6
CONTINUOUS
10
-0.4555157086614173
20
-0.2377975984251968
11
-0.4567125984251968
21
-0.2445851181102362
0
LINE
8
BLACK
6
CONTINUOUS
10
-0.4567125984251968
20
-0.2445851181102362
11
-0.4567125984251968
21
-0.2480313779527559
0
LINE
8
BLACK
6
CONTINUOUS
10
-0.4567125984251968
20
-0.2480313779527559
11
-0.4567126377952756
21
-0.2508600393700787
0
LINE
8
BLACK
6
CONTINUOUS
10
-0.4567126377952756
20
-0.2508600393700787
11
-0.4567125984251968
21
-0.2508605511811023
0
LINE
8
BLACK
6
CONTINUOUS
10
-0.063011811023622
20
-0.2508605511811023
11
-0.063011811023622
21
-0.3046476771653543
0
LINE
8
BLACK
6
CONTINUOUS
10
-0.063011811023622
20
-0.3046476771653543
11
-0.0630116929133858
21
-0.3046514960629921
0
LINE
8
BLACK
6
CONTINUOUS
10
-0.0630116929133858
20
-0.3046514960629921
11
-0.0630116929133858
21
-0.306595748031496
0
LINE
8
BLACK
6
CONTINUOUS
10
-0.0630116929133858
20
-0.306595748031496
11
-0.0618149212598425
21
-0.313383031496063
0
LINE
8
BLACK
6
CONTINUOUS
10
-0.0618149212598425
20
-0.313383031496063
11
-0.0618148818897638
21
-0.3133832283464567
0
LINE
8
BLACK
6
CONTINUOUS
10
-0.0618148818897638
20
-0.3133832283464567
11
-0.0594576377952756
21
-0.3198599212598425
0
LINE
8
BLACK
6
CONTINUOUS
10
-0.0594576377952756
20
-0.3198599212598425
11
-0.0594575196850394
21
-0.3198601968503937
0
LINE
8
BLACK
6
CONTINUOUS
10
-0.0594575196850394
20
-0.3198601968503937
11
-0.0560116141732283
21
-0.3258286614173228
0
LINE
8
BLACK
6
CONTINUOUS
10
-0.0560116141732283
20
-0.3258286614173228
11
-0.0560114960629921
21
-0.3258288582677165
0
LINE
8
BLACK
6
CONTINUOUS
10
-0.0560114960629921
20
-0.3258288582677165
11
-0.0515812204724409
21
-0.3311087007874016
0
LINE
8
BLACK
6
CONTINUOUS
10
-0.0515812204724409
20
-0.3311087007874016
11
-0.0515811811023622
21
-0.3311087401574803
0
LINE
8
BLACK
6
CONTINUOUS
10
-0.0515811811023622
20
-0.3311087401574803
11
-0.0515811023622047
21
-0.3311088188976378
0
LINE
8
BLACK
6
CONTINUOUS
10
-0.0515811023622047
20
-0.3311088188976378
11
-0.0515809448818898
21
-0.331108937007874
0
LINE
8
BLACK
6
CONTINUOUS
10
-0.0515809448818898
20
-0.331108937007874
11
-0.0463014173228346
21
-0.3355390157480315
0
LINE
8
BLACK
6
CONTINUOUS
10
-0.0463014173228346
20
-0.3355390157480315
11
-0.0403324803149606
21
-0.3389851968503937
0
LINE
8
BLACK
6
CONTINUOUS
10
-0.0403324803149606
20
-0.3389851968503937
11
-0.0338558267716535
21
-0.3413425196850394
0
LINE
8
BLACK
6
CONTINUOUS
10
-0.0338558267716535
20
-0.3413425196850394
11
-0.0270682283464567
21
-0.3425393700787401
0
LINE
8
BLACK
6
CONTINUOUS
10
-0.0270682283464567
20
-0.3425393700787401
11
-0.0250314566929134
21
-0.3425393700787401
0
LINE
8
BLACK
6
CONTINUOUS
10
-0.0250314566929134
20
-0.3425393700787401
11
0.021027874015748
21
-0.3425393700787401
0
LINE
8
BLACK
6
CONTINUOUS
10
0.021027874015748
20
-0.3425393700787401
11
0.0224151181102362
21
-0.3425393700787401
0
LINE
8
BLACK
6
CONTINUOUS
10
0.0224151181102362
20
-0.3425393700787401
11
0.0224155511811024
21
-0.3425395275590551
0
LINE
8
BLACK
6
CONTINUOUS
10
0.0224155511811024
20
-0.3425395275590551
11
0.0236220472440945
21
-0.3425395275590551
0
LINE
8
BLACK
6
CONTINUOUS
10
0.0236220472440945
20
-0.3425395275590551
11
0.0270680708661417
21
-0.3425395275590551
0
LINE
8
BLACK
6
CONTINUOUS
10
0.0270680708661417
20
-0.3425395275590551
11
0.0270682283464567
21
-0.3425395275590551
0
LINE
8
BLACK
6
CONTINUOUS
10
0.0270682283464567
20
-0.3425395275590551
11
0.0338558661417323
21
-0.3413426771653543
0
LINE
8
BLACK
6
CONTINUOUS
10
0.0338558661417323
20
-0.3413426771653543
11
0.0403325590551181
21
-0.3389853543307086
0
LINE
8
BLACK
6
CONTINUOUS
10
0.0403325590551181
20
-0.3389853543307086
11
0.0463014960629921
21
-0.3355391732283465
0
LINE
8
BLACK
6
CONTINUOUS
10
0.0463014960629921
20
-0.3355391732283465
11
0.0515813385826772
21
-0.3311088188976378
0
LINE
8
BLACK
6
CONTINUOUS
10
0.0515813385826772
20
-0.3311088188976378
11
0.0560116141732283
21
-0.325828937007874
0
LINE
8
BLACK
6
CONTINUOUS
10
0.0560116141732283
20
-0.325828937007874
11
0.0594577559055118
21
-0.31986
0
LINE
8
BLACK
6
CONTINUOUS
10
0.0594577559055118
20
-0.31986
11
0.0618150393700787
21
-0.3133832677165354
0
LINE
8
BLACK
6
CONTINUOUS
10
0.0618150393700787
20
-0.3133832677165354
11
0.0630118503937008
21
-0.3065956299212598
0
LINE
8
BLACK
6
CONTINUOUS
10
0.0630118503937008
20
-0.3065956299212598
11
0.063011811023622
21
-0.3031494488188976
0
LINE
8
BLACK
6
CONTINUOUS
10
0.063011811023622
20
-0.3031494488188976
11
0.063011811023622
21
-0.3005552755905512
0
LINE
8
BLACK
6
CONTINUOUS
10
0.063011811023622
20
-0.3005552755905512
11
0.063011811023622
21
-0.2506256299212599
0
LINE
8
BLACK
6
CONTINUOUS
10
0.063011811023622
20
-0.2506256299212599
11
0.0630118503937008
21
-0.2506255118110236
0
LINE
8
BLACK
6
CONTINUOUS
10
0.0630118503937008
20
-0.2506255118110236
11
0.063011811023622
21
-0.2492382283464567
0
LINE
8
BLACK
6
CONTINUOUS
10
0.063011811023622
20
-0.2492382283464567
11
0.063011968503937
21
-0.249237874015748
0
LINE
8
BLACK
6
CONTINUOUS
10
0.063011968503937
20
-0.249237874015748
11
0.063011968503937
21
-0.2445852755905512
0
LINE
8
BLACK
6
CONTINUOUS
10
0.063011968503937
20
-0.2445852755905512
11
0.063011968503937
21
-0.2445851968503937
0
LINE
8
BLACK
6
CONTINUOUS
10
0.063011968503937
20
-0.2445851968503937
11
0.0618150787401575
21
-0.2377975984251968
0
LINE
8
BLACK
6
CONTINUOUS
10
0.0618150787401575
20
-0.2377975984251968
11
0.0594577165354331
21
-0.2313209448818898
0
LINE
8
BLACK
6
CONTINUOUS
10
0.0594577165354331
20
-0.2313209448818898
11
0.0560115354330709
21
-0.2253520472440945
0
LINE
8
BLACK
6
CONTINUOUS
10
0.0560115354330709
20
-0.2253520472440945
11
0.0532300393700787
21
-0.2220372047244094
0
LINE
8
BLACK
6
CONTINUOUS
10
0.0532300393700787
20
-0.2220372047244094
11
0.0515813385826772
21
-0.2200723622047244
0
LINE
8
BLACK
6
CONTINUOUS
10
0.0515813385826772
20
-0.2200723622047244
11
0.0515812598425197
21
-0.2200722834645669
0
LINE
8
BLACK
6
CONTINUOUS
10
0.0515812598425197
20
-0.2200722834645669
11
0.0500391732283465
21
-0.2187783464566929
0
LINE
8
BLACK
6
CONTINUOUS
10
0.0500391732283465
20
-0.2187783464566929
11
0.0463013779527559
21
-0.2156420078740157
0
LINE
8
BLACK
6
CONTINUOUS
10
0.0463013779527559
20
-0.2156420078740157
11
0.0403324409448819
21
-0.2121958661417323
0
LINE
8
BLACK
6
CONTINUOUS
10
0.0403324409448819
20
-0.2121958661417323
11
0.0403323622047244
21
-0.2121958267716536
0
LINE
8
BLACK
6
CONTINUOUS
10
0.0403323622047244
20
-0.2121958267716536
11
0.0403322834645669
21
-0.2121957874015748
0
LINE
8
BLACK
6
CONTINUOUS
10
0.0403322834645669
20
-0.2121957874015748
11
0.0338557480314961
21
-0.2098385039370079
0
LINE
8
BLACK
6
CONTINUOUS
10
0.0338557480314961
20
-0.2098385039370079
11
0.0270683070866142
21
-0.2086417322834646
0
LINE
8
BLACK
6
CONTINUOUS
10
0.0270683070866142
20
-0.2086417322834646
11
0.027068188976378
21
-0.2086417322834646
0
LINE
8
BLACK
6
CONTINUOUS
10
0.027068188976378
20
-0.2086417322834646
11
0.0250314566929134
21
-0.2086417322834646
0
LINE
8
BLACK
6
CONTINUOUS
10
0.0250314566929134
20
-0.2086417322834646
11
-0.0250314566929134
21
-0.2086417322834646
0
LINE
8
BLACK
6
CONTINUOUS
10
-0.0250314566929134
20
-0.2086417322834646
11
-0.0251326377952756
21
-0.2086417322834646
0
LINE
8
BLACK
6
CONTINUOUS
10
-0.0251326377952756
20
-0.2086417322834646
11
-0.0251370472440945
21
-0.2086418897637795
0
LINE
8
BLACK
6
CONTINUOUS
10
-0.0251370472440945
20
-0.2086418897637795
11
-0.0270683464566929
21
-0.2086418897637795
0
LINE
8
BLACK
6
CONTINUOUS
10
-0.0270683464566929
20
-0.2086418897637795
11
-0.0338557480314961
21
-0.2098386614173228
0
LINE
8
BLACK
6
CONTINUOUS
10
-0.0338557480314961
20
-0.2098386614173228
11
-0.0403323228346457
21
-0.2121959448818898
0
LINE
8
BLACK
6
CONTINUOUS
10
-0.0403323228346457
20
-0.2121959448818898
11
-0.0463012992125984
21
-0.215642125984252
0
LINE
8
BLACK
6
CONTINUOUS
10
-0.0463012992125984
20
-0.215642125984252
11
-0.0515811811023622
21
-0.2200724015748032
0
LINE
8
BLACK
6
CONTINUOUS
10
-0.0515811811023622
20
-0.2200724015748032
11
-0.0515812598425197
21
-0.2200724803149606
0
LINE
8
BLACK
6
CONTINUOUS
10
-0.0515812598425197
20
-0.2200724803149606
11
-0.0560113385826772
21
-0.2253520472440945
0
LINE
8
BLACK
6
CONTINUOUS
10
-0.0560113385826772
20
-0.2253520472440945
11
-0.0560114173228346
21
-0.2253520866141732
0
LINE
8
BLACK
6
CONTINUOUS
10
-0.0560114173228346
20
-0.2253520866141732
11
-0.0560114173228346
21
-0.2253521653543307
0
LINE
8
BLACK
6
CONTINUOUS
10
-0.0560114173228346
20
-0.2253521653543307
11
-0.0591367322834646
21
-0.2307653543307087
0
LINE
8
BLACK
6
CONTINUOUS
10
-0.0591367322834646
20
-0.2307653543307087
11
-0.0594575984251969
21
-0.2313211023622047
0
LINE
8
BLACK
6
CONTINUOUS
10
-0.0594575984251969
20
-0.2313211023622047
11
-0.0618149212598425
21
-0.2377975984251968
0
LINE
8
BLACK
6
CONTINUOUS
10
-0.0618149212598425
20
-0.2377975984251968
11
-0.063011811023622
21
-0.2445851181102362
0
LINE
8
BLACK
6
CONTINUOUS
10
-0.063011811023622
20
-0.2445851181102362
11
-0.063011811023622
21
-0.2480313779527559
0
LINE
8
BLACK
6
CONTINUOUS
10
-0.063011811023622
20
-0.2480313779527559
11
-0.0630118503937008
21
-0.2508600393700787
0
LINE
8
BLACK
6
CONTINUOUS
10
-0.0630118503937008
20
-0.2508600393700787
11
-0.063011811023622
21
-0.2508605511811023
0
LINE
8
BLACK
6
CONTINUOUS
10
0.5206034645669291
20
-0.2551237007874015
11
0.5227650393700787
21
-0.2572852755905512
0
LINE
8
BLACK
6
CONTINUOUS
10
0.5227650393700787
20
-0.2572852755905512
11
0.5235562204724409
21
-0.260238031496063
0
LINE
8
BLACK
6
CONTINUOUS
10
0.5235562204724409
20
-0.260238031496063
11
0.5235562204724409
21
-0.2712053937007874
0
LINE
8
BLACK
6
CONTINUOUS
10
0.5235562204724409
20
-0.2712053937007874
11
0.5767058267716535
21
-0.2712053937007874
0
LINE
8
BLACK
6
CONTINUOUS
10
0.5767058267716535
20
-0.2712053937007874
11
0.5796585826771653
21
-0.2719965748031496
0
LINE
8
BLACK
6
CONTINUOUS
10
0.5796585826771653
20
-0.2719965748031496
11
0.5818201574803149
21
-0.2741581496062992
0
LINE
8
BLACK
6
CONTINUOUS
10
0.5818201574803149
20
-0.2741581496062992
11
0.5826113385826771
21
-0.277110905511811
0
LINE
8
BLACK
6
CONTINUOUS
10
0.5826113385826771
20
-0.277110905511811
11
0.5818201574803149
21
-0.2800636614173228
0
LINE
8
BLACK
6
CONTINUOUS
10
0.5818201574803149
20
-0.2800636614173228
11
0.5796585826771653
21
-0.2822252362204724
0
LINE
8
BLACK
6
CONTINUOUS
10
0.5796585826771653
20
-0.2822252362204724
11
0.5767058267716535
21
-0.2830164173228346
0
LINE
8
BLACK
6
CONTINUOUS
10
0.5767058267716535
20
-0.2830164173228346
11
0.5235562204724409
21
-0.2830164173228346
0
LINE
8
BLACK
6
CONTINUOUS
10
0.5235562204724409
20
-0.2830164173228346
11
0.5235562204724409
21
-0.2939837795275591
0
LINE
8
BLACK
6
CONTINUOUS
10
0.5235562204724409
20
-0.2939837795275591
11
0.5227650393700787
21
-0.2969365354330709
0
LINE
8
BLACK
6
CONTINUOUS
10
0.5227650393700787
20
-0.2969365354330709
11
0.5206034645669291
21
-0.2990981102362205
0
LINE
8
BLACK
6
CONTINUOUS
10
0.5206034645669291
20
-0.2990981102362205
11
0.5176507086614173
21
-0.2998892913385827
0
LINE
8
BLACK
6
CONTINUOUS
10
0.5176507086614173
20
-0.2998892913385827
11
0.5146979527559055
21
-0.2990981102362205
0
LINE
8
BLACK
6
CONTINUOUS
10
0.5146979527559055
20
-0.2990981102362205
11
0.5125363779527559
21
-0.2969365354330709
0
LINE
8
BLACK
6
CONTINUOUS
10
0.5125363779527559
20
-0.2969365354330709
11
0.5117451968503937
21
-0.2939837795275591
0
LINE
8
BLACK
6
CONTINUOUS
10
0.5117451968503937
20
-0.2939837795275591
11
0.5117451968503937
21
-0.260238031496063
0
LINE
8
BLACK
6
CONTINUOUS
10
0.5117451968503937
20
-0.260238031496063
11
0.5125363779527559
21
-0.2572852755905512
0
LINE
8
BLACK
6
CONTINUOUS
10
0.5125363779527559
20
-0.2572852755905512
11
0.5146979527559055
21
-0.2551237007874015
0
LINE
8
BLACK
6
CONTINUOUS
10
0.5146979527559055
20
-0.2551237007874015
11
0.5176507086614173
21
-0.2543325196850393
0
LINE
8
BLACK
6
CONTINUOUS
10
0.5176507086614173
20
-0.2543325196850393
11
0.5206034645669291
21
-0.2551237007874015
0
LINE
8
BLACK
6
CONTINUOUS
10
0.5796585826771653
20
-0.2101293307086614
11
0.5818201574803149
21
-0.212290905511811
0
LINE
8
BLACK
6
CONTINUOUS
10
0.5818201574803149
20
-0.212290905511811
11
0.5826113385826771
21
-0.2152436614173228
0
LINE
8
BLACK
6
CONTINUOUS
10
0.5826113385826771
20
-0.2152436614173228
11
0.5818201574803149
21
-0.2181964173228347
0
LINE
8
BLACK
6
CONTINUOUS
10
0.5818201574803149
20
-0.2181964173228347
11
0.5796585826771653
21
-0.2203579921259843
0
LINE
8
BLACK
6
CONTINUOUS
10
0.5796585826771653
20
-0.2203579921259843
11
0.5767058267716535
21
-0.2211491732283465
0
LINE
8
BLACK
6
CONTINUOUS
10
0.5767058267716535
20
-0.2211491732283465
11
0.5471662992125984
21
-0.2211491732283465
0
LINE
8
BLACK
6
CONTINUOUS
10
0.5471662992125984
20
-0.2211491732283465
11
0.5445496062992126
21
-0.2224574803149606
0
LINE
8
BLACK
6
CONTINUOUS
10
0.5445496062992126
20
-0.2224574803149606
11
0.5432412598425197
21
-0.2250741732283464
0
LINE
8
BLACK
6
CONTINUOUS
10
0.5432412598425197
20
-0.2250741732283464
11
0.5432412598425197
21
-0.2307224015748031
0
LINE
8
BLACK
6
CONTINUOUS
10
0.5432412598425197
20
-0.2307224015748031
11
0.5450013779527559
21
-0.2342426771653543
0
LINE
8
BLACK
6
CONTINUOUS
10
0.5450013779527559
20
-0.2342426771653543
11
0.5454062204724409
21
-0.2346474803149606
0
LINE
8
BLACK
6
CONTINUOUS
10
0.5454062204724409
20
-0.2346474803149606
11
0.5767058267716535
21
-0.2346474803149606
0
LINE
8
BLACK
6
CONTINUOUS
10
0.5767058267716535
20
-0.2346474803149606
11
0.5796585826771653
21
-0.2354386614173228
0
LINE
8
BLACK
6
CONTINUOUS
10
0.5796585826771653
20
-0.2354386614173228
11
0.5818201574803149
21
-0.2376002362204724
0
LINE
8
BLACK
6
CONTINUOUS
10
0.5818201574803149
20
-0.2376002362204724
11
0.5826113385826771
21
-0.2405529921259842
0
LINE
8
BLACK
6
CONTINUOUS
10
0.5826113385826771
20
-0.2405529921259842
11
0.5818201574803149
21
-0.243505748031496
0
LINE
8
BLACK
6
CONTINUOUS
10
0.5818201574803149
20
-0.243505748031496
11
0.5796585826771653
21
-0.2456673228346457
0
LINE
8
BLACK
6
CONTINUOUS
10
0.5796585826771653
20
-0.2456673228346457
11
0.5767058267716535
21
-0.2464585039370079
0
LINE
8
BLACK
6
CONTINUOUS
10
0.5767058267716535
20
-0.2464585039370079
11
0.5176507086614173
21
-0.2464585039370079
0
LINE
8
BLACK
6
CONTINUOUS
10
0.5176507086614173
20
-0.2464585039370079
11
0.5146979527559055
21
-0.2456673228346457
0
LINE
8
BLACK
6
CONTINUOUS
10
0.5146979527559055
20
-0.2456673228346457
11
0.5125363779527559
21
-0.243505748031496
0
LINE
8
BLACK
6
CONTINUOUS
10
0.5125363779527559
20
-0.243505748031496
11
0.5117451968503937
21
-0.2405529921259842
0
LINE
8
BLACK
6
CONTINUOUS
10
0.5117451968503937
20
-0.2405529921259842
11
0.5125363779527559
21
-0.2376002362204724
0
LINE
8
BLACK
6
CONTINUOUS
10
0.5125363779527559
20
-0.2376002362204724
11
0.5146979527559055
21
-0.2354386614173228
0
LINE
8
BLACK
6
CONTINUOUS
10
0.5146979527559055
20
-0.2354386614173228
11
0.5176507086614173
21
-0.2346474803149606
0
LINE
8
BLACK
6
CONTINUOUS
10
0.5176507086614173
20
-0.2346474803149606
11
0.5320311811023621
21
-0.2346474803149606
0
LINE
8
BLACK
6
CONTINUOUS
10
0.5320311811023621
20
-0.2346474803149606
11
0.5317815354330708
21
-0.2334275984251968
0
LINE
8
BLACK
6
CONTINUOUS
10
0.5317815354330708
20
-0.2334275984251968
11
0.5314302362204725
21
-0.2321165354330709
0
LINE
8
BLACK
6
CONTINUOUS
10
0.5314302362204725
20
-0.2321165354330709
11
0.5314302362204725
21
-0.2236800787401575
0
LINE
8
BLACK
6
CONTINUOUS
10
0.5314302362204725
20
-0.2236800787401575
11
0.5317815354330708
21
-0.2223689763779527
0
LINE
8
BLACK
6
CONTINUOUS
10
0.5317815354330708
20
-0.2223689763779527
11
0.5320537007874016
21
-0.2210390551181102
0
LINE
8
BLACK
6
CONTINUOUS
10
0.5320537007874016
20
-0.2210390551181102
11
0.5348658661417323
21
-0.2154147637795276
0
LINE
8
BLACK
6
CONTINUOUS
10
0.5348658661417323
20
-0.2154147637795276
11
0.5351054330708661
21
-0.2151445669291339
0
LINE
8
BLACK
6
CONTINUOUS
10
0.5351054330708661
20
-0.2151445669291339
11
0.5352196850393701
21
-0.2148018897637795
0
LINE
8
BLACK
6
CONTINUOUS
10
0.5352196850393701
20
-0.2148018897637795
11
0.5361072047244094
21
-0.214014842519685
0
LINE
8
BLACK
6
CONTINUOUS
10
0.5361072047244094
20
-0.214014842519685
11
0.5368940551181102
21
-0.2131275590551181
0
LINE
8
BLACK
6
CONTINUOUS
10
0.5368940551181102
20
-0.2131275590551181
11
0.5372366535433071
21
-0.2130133464566929
0
LINE
8
BLACK
6
CONTINUOUS
10
0.5372366535433071
20
-0.2130133464566929
11
0.5375068897637795
21
-0.2127737401574803
0
LINE
8
BLACK
6
CONTINUOUS
10
0.5375068897637795
20
-0.2127737401574803
11
0.5431312204724409
21
-0.2099616141732283
0
LINE
8
BLACK
6
CONTINUOUS
10
0.5431312204724409
20
-0.2099616141732283
11
0.5444609448818898
21
-0.2096894881889764
0
LINE
8
BLACK
6
CONTINUOUS
10
0.5444609448818898
20
-0.2096894881889764
11
0.5457722047244095
21
-0.2093381496062992
0
LINE
8
BLACK
6
CONTINUOUS
10
0.5457722047244095
20
-0.2093381496062992
11
0.5767058267716535
21
-0.2093381496062992
0
LINE
8
BLACK
6
CONTINUOUS
10
0.5767058267716535
20
-0.2093381496062992
11
0.5796585826771653
21
-0.2101293307086614
0
LINE
8
BLACK
6
CONTINUOUS
10
0.5796585826771653
20
-0.1566985039370079
11
0.5818201574803149
21
-0.1588600787401575
0
LINE
8
BLACK
6
CONTINUOUS
10
0.5818201574803149
20
-0.1588600787401575
11
0.5826113385826771
21
-0.1618128346456693
0
LINE
8
BLACK
6
CONTINUOUS
10
0.5826113385826771
20
-0.1618128346456693
11
0.5818201574803149
21
-0.1647655905511811
0
LINE
8
BLACK
6
CONTINUOUS
10
0.5818201574803149
20
-0.1647655905511811
11
0.5809844094488189
21
-0.1656012992125984
0
LINE
8
BLACK
6
CONTINUOUS
10
0.5809844094488189
20
-0.1656012992125984
11
0.581987874015748
21
-0.1676082677165354
0
LINE
8
BLACK
6
CONTINUOUS
10
0.581987874015748
20
-0.1676082677165354
11
0.5822599606299212
21
-0.1689379921259843
0
LINE
8
BLACK
6
CONTINUOUS
10
0.5822599606299212
20
-0.1689379921259843
11
0.5826113385826771
21
-0.1702492519685039
0
LINE
8
BLACK
6
CONTINUOUS
10
0.5826113385826771
20
-0.1702492519685039
11
0.5826113385826771
21
-0.1786857086614173
0
LINE
8
BLACK
6
CONTINUOUS
10
0.5826113385826771
20
-0.1786857086614173
11
0.5822599606299212
21
-0.1799969291338583
0
LINE
8
BLACK
6
CONTINUOUS
10
0.5822599606299212
20
-0.1799969291338583
11
0.581987874015748
21
-0.1813266929133858
0
LINE
8
BLACK
6
CONTINUOUS
10
0.581987874015748
20
-0.1813266929133858
11
0.5791757480314961
21
-0.1869510236220472
0
LINE
8
BLACK
6
CONTINUOUS
10
0.5791757480314961
20
-0.1869510236220472
11
0.5789361417322835
21
-0.1872211811023622
0
LINE
8
BLACK
6
CONTINUOUS
10
0.5789361417322835
20
-0.1872211811023622
11
0.5788219291338582
21
-0.1875638976377953
0
LINE
8
BLACK
6
CONTINUOUS
10
0.5788219291338582
20
-0.1875638976377953
11
0.5779344881889764
21
-0.1883507874015748
0
LINE
8
BLACK
6
CONTINUOUS
10
0.5779344881889764
20
-0.1883507874015748
11
0.5771475984251968
21
-0.1892382283464567
0
LINE
8
BLACK
6
CONTINUOUS
10
0.5771475984251968
20
-0.1892382283464567
11
0.5768048818897638
21
-0.1893524409448819
0
LINE
8
BLACK
6
CONTINUOUS
10
0.5768048818897638
20
-0.1893524409448819
11
0.5765347244094488
21
-0.1895920472440945
0
LINE
8
BLACK
6
CONTINUOUS
10
0.5765347244094488
20
-0.1895920472440945
11
0.5709103937007874
21
-0.1924042125984252
0
LINE
8
BLACK
6
CONTINUOUS
10
0.5709103937007874
20
-0.1924042125984252
11
0.5695804330708661
21
-0.1926763385826772
0
LINE
8
BLACK
6
CONTINUOUS
10
0.5695804330708661
20
-0.1926763385826772
11
0.5682693700787401
21
-0.1930276771653543
0
LINE
8
BLACK
6
CONTINUOUS
10
0.5682693700787401
20
-0.1930276771653543
11
0.5373357480314961
21
-0.1930276771653543
0
LINE
8
BLACK
6
CONTINUOUS
10
0.5373357480314961
20
-0.1930276771653543
11
0.5343829921259843
21
-0.1922364960629921
0
LINE
8
BLACK
6
CONTINUOUS
10
0.5343829921259843
20
-0.1922364960629921
11
0.5322214173228347
21
-0.1900749212598425
0
LINE
8
BLACK
6
CONTINUOUS
10
0.5322214173228347
20
-0.1900749212598425
11
0.5314302362204725
21
-0.1871221653543307
0
LINE
8
BLACK
6
CONTINUOUS
10
0.5314302362204725
20
-0.1871221653543307
11
0.5322214173228347
21
-0.1841694094488189
0
LINE
8
BLACK
6
CONTINUOUS
10
0.5322214173228347
20
-0.1841694094488189
11
0.5343829921259843
21
-0.1820078346456693
0
LINE
8
BLACK
6
CONTINUOUS
10
0.5343829921259843
20
-0.1820078346456693
11
0.5373357480314961
21
-0.1812166535433071
0
LINE
8
BLACK
6
CONTINUOUS
10
0.5373357480314961
20
-0.1812166535433071
11
0.5668752755905512
21
-0.1812166535433071
0
LINE
8
BLACK
6
CONTINUOUS
10
0.5668752755905512
20
-0.1812166535433071
11
0.569491968503937
21
-0.1799082677165354
0
LINE
8
BLACK
6
CONTINUOUS
10
0.569491968503937
20
-0.1799082677165354
11
0.5708003149606299
21
-0.1772916141732283
0
LINE
8
BLACK
6
CONTINUOUS
10
0.5708003149606299
20
-0.1772916141732283
11
0.5708003149606299
21
-0.1716433070866142
0
LINE
8
BLACK
6
CONTINUOUS
10
0.5708003149606299
20
-0.1716433070866142
11
0.5690402362204724
21
-0.1681231496062992
0
LINE
8
BLACK
6
CONTINUOUS
10
0.5690402362204724
20
-0.1681231496062992
11
0.5686354330708662
21
-0.1677183464566929
0
LINE
8
BLACK
6
CONTINUOUS
10
0.5686354330708662
20
-0.1677183464566929
11
0.5373357480314961
21
-0.1677183464566929
0
LINE
8
BLACK
6
CONTINUOUS
10
0.5373357480314961
20
-0.1677183464566929
11
0.5343829921259843
21
-0.1669271653543307
0
LINE
8
BLACK
6
CONTINUOUS
10
0.5343829921259843
20
-0.1669271653543307
11
0.5322214173228347
21
-0.1647655905511811
0
LINE
8
BLACK
6
CONTINUOUS
10
0.5322214173228347
20
-0.1647655905511811
11
0.5314302362204725
21
-0.1618128346456693
0
LINE
8
BLACK
6
CONTINUOUS
10
0.5314302362204725
20
-0.1618128346456693
11
0.5322214173228347
21
-0.1588600787401575
0
LINE
8
BLACK
6
CONTINUOUS
10
0.5322214173228347
20
-0.1588600787401575
11
0.5343829921259843
21
-0.1566985039370079
0
LINE
8
BLACK
6
CONTINUOUS
10
0.5343829921259843
20
-0.1566985039370079
11
0.5373357480314961
21
-0.1559073228346457
0
LINE
8
BLACK
6
CONTINUOUS
10
0.5373357480314961
20
-0.1559073228346457
11
0.5767058267716535
21
-0.1559073228346457
0
LINE
8
BLACK
6
CONTINUOUS
10
0.5767058267716535
20
-0.1559073228346457
11
0.5796585826771653
21
-0.1566985039370079
0
LINE
8
BLACK
6
CONTINUOUS
10
0.5796585826771653
20
-0.1032676771653543
11
0.5818201574803149
21
-0.1054292519685039
0
LINE
8
BLACK
6
CONTINUOUS
10
0.5818201574803149
20
-0.1054292519685039
11
0.5826113385826771
21
-0.1083820078740158
0
LINE
8
BLACK
6
CONTINUOUS
10
0.5826113385826771
20
-0.1083820078740158
11
0.5818201574803149
21
-0.1113347637795276
0
LINE
8
BLACK
6
CONTINUOUS
10
0.5818201574803149
20
-0.1113347637795276
11
0.5796585826771653
21
-0.1134963385826772
0
LINE
8
BLACK
6
CONTINUOUS
10
0.5796585826771653
20
-0.1134963385826772
11
0.5767058267716535
21
-0.1142875196850394
0
LINE
8
BLACK
6
CONTINUOUS
10
0.5767058267716535
20
-0.1142875196850394
11
0.5471662992125984
21
-0.1142875196850394
0
LINE
8
BLACK
6
CONTINUOUS
10
0.5471662992125984
20
-0.1142875196850394
11
0.5445496062992126
21
-0.1155958267716535
0
LINE
8
BLACK
6
CONTINUOUS
10
0.5445496062992126
20
-0.1155958267716535
11
0.5432412598425197
21
-0.1182125196850394
0
LINE
8
BLACK
6
CONTINUOUS
10
0.5432412598425197
20
-0.1182125196850394
11
0.5432412598425197
21
-0.1238607480314961
0
LINE
8
BLACK
6
CONTINUOUS
10
0.5432412598425197
20
-0.1238607480314961
11
0.5450013779527559
21
-0.1273810236220472
0
LINE
8
BLACK
6
CONTINUOUS
10
0.5450013779527559
20
-0.1273810236220472
11
0.5454062204724409
21
-0.1277858267716535
0
LINE
8
BLACK
6
CONTINUOUS
10
0.5454062204724409
20
-0.1277858267716535
11
0.5767058267716535
21
-0.1277858267716535
0
LINE
8
BLACK
6
CONTINUOUS
10
0.5767058267716535
20
-0.1277858267716535
11
0.5796585826771653
21
-0.1285770078740157
0
LINE
8
BLACK
6
CONTINUOUS
10
0.5796585826771653
20
-0.1285770078740157
11
0.5818201574803149
21
-0.1307385826771653
0
LINE
8
BLACK
6
CONTINUOUS
10
0.5818201574803149
20
-0.1307385826771653
11
0.5826113385826771
21
-0.1336913385826771
0
LINE
8
BLACK
6
CONTINUOUS
10
0.5826113385826771
20
-0.1336913385826771
11
0.5818201574803149
21
-0.136644094488189
0
LINE
8
BLACK
6
CONTINUOUS
10
0.5818201574803149
20
-0.136644094488189
11
0.5796585826771653
21
-0.1388056692913386
0
LINE
8
BLACK
6
CONTINUOUS
10
0.5796585826771653
20
-0.1388056692913386
11
0.5767058267716535
21
-0.1395968503937008
0
LINE
8
BLACK
6
CONTINUOUS
10
0.5767058267716535
20
-0.1395968503937008
11
0.5373357480314961
21
-0.1395968503937008
0
LINE
8
BLACK
6
CONTINUOUS
10
0.5373357480314961
20
-0.1395968503937008
11
0.5343829921259843
21
-0.1388056692913386
0
LINE
8
BLACK
6
CONTINUOUS
10
0.5343829921259843
20
-0.1388056692913386
11
0.5322214173228347
21
-0.136644094488189
0
LINE
8
BLACK
6
CONTINUOUS
10
0.5322214173228347
20
-0.136644094488189
11
0.5314302362204725
21
-0.1336913385826771
0
LINE
8
BLACK
6
CONTINUOUS
10
0.5314302362204725
20
-0.1336913385826771
11
0.5322214173228347
21
-0.1307385826771653
0
LINE
8
BLACK
6
CONTINUOUS
10
0.5322214173228347
20
-0.1307385826771653
11
0.5330571653543307
21
-0.1299027952755905
0
LINE
8
BLACK
6
CONTINUOUS
10
0.5330571653543307
20
-0.1299027952755905
11
0.5320537007874016
21
-0.127895905511811
0
LINE
8
BLACK
6
CONTINUOUS
10
0.5320537007874016
20
-0.127895905511811
11
0.5317815354330708
21
-0.1265659448818898
0
LINE
8
BLACK
6
CONTINUOUS
10
0.5317815354330708
20
-0.1265659448818898
11
0.5314302362204725
21
-0.1252548818897638
0
LINE
8
BLACK
6
CONTINUOUS
10
0.5314302362204725
20
-0.1252548818897638
11
0.5314302362204725
21
-0.1168184251968504
0
LINE
8
BLACK
6
CONTINUOUS
10
0.5314302362204725
20
-0.1168184251968504
11
0.5317815354330708
21
-0.1155073228346457
0
LINE
8
BLACK
6
CONTINUOUS
10
0.5317815354330708
20
-0.1155073228346457
11
0.5320537007874016
21
-0.1141774015748031
0
LINE
8
BLACK
6
CONTINUOUS
10
0.5320537007874016
20
-0.1141774015748031
11
0.5348658661417323
21
-0.1085531102362205
0
LINE
8
BLACK
6
CONTINUOUS
10
0.5348658661417323
20
-0.1085531102362205
11
0.5351054330708661
21
-0.1082829133858268
0
LINE
8
BLACK
6
CONTINUOUS
10
0.5351054330708661
20
-0.1082829133858268
11
0.5352196850393701
21
-0.1079402362204724
0
LINE
8
BLACK
6
CONTINUOUS
10
0.5352196850393701
20
-0.1079402362204724
11
0.5361072047244094
21
-0.1071531889763779
0
LINE
8
BLACK
6
CONTINUOUS
10
0.5361072047244094
20
-0.1071531889763779
11
0.5368940551181102
21
-0.106265905511811
0
LINE
8
BLACK
6
CONTINUOUS
10
0.5368940551181102
20
-0.106265905511811
11
0.5372366535433071
21
-0.1061516929133858
0
LINE
8
BLACK
6
CONTINUOUS
10
0.5372366535433071
20
-0.1061516929133858
11
0.5375068897637795
21
-0.1059120866141732
0
LINE
8
BLACK
6
CONTINUOUS
10
0.5375068897637795
20
-0.1059120866141732
11
0.5431312204724409
21
-0.1030999606299213
0
LINE
8
BLACK
6
CONTINUOUS
10
0.5431312204724409
20
-0.1030999606299213
11
0.5444609448818898
21
-0.1028278346456693
0
LINE
8
BLACK
6
CONTINUOUS
10
0.5444609448818898
20
-0.1028278346456693
11
0.5457722047244095
21
-0.1024764960629921
0
LINE
8
BLACK
6
CONTINUOUS
10
0.5457722047244095
20
-0.1024764960629921
11
0.5767058267716535
21
-0.1024764960629921
0
LINE
8
BLACK
6
CONTINUOUS
10
0.5767058267716535
20
-0.1024764960629921
11
0.5796585826771653
21
-0.1032676771653543
0
LINE
8
BLACK
6
CONTINUOUS
10
0.5796585826771653
20
-0.0498368503937008
11
0.5818201574803149
21
-0.0519984251968504
0
LINE
8
BLACK
6
CONTINUOUS
10
0.5818201574803149
20
-0.0519984251968504
11
0.5826113385826771
21
-0.0549511811023622
0
LINE
8
BLACK
6
CONTINUOUS
10
0.5826113385826771
20
-0.0549511811023622
11
0.5818733464566929
21
-0.0577053937007874
0
LINE
8
BLACK
6
CONTINUOUS
10
0.5818733464566929
20
-0.0577053937007874
11
0.581987874015748
21
-0.0579344881889764
0
LINE
8
BLACK
6
CONTINUOUS
10
0.581987874015748
20
-0.0579344881889764
11
0.5822599606299212
21
-0.0592642125984252
0
LINE
8
BLACK
6
CONTINUOUS
10
0.5822599606299212
20
-0.0592642125984252
11
0.5826113385826771
21
-0.0605754724409449
0
LINE
8
BLACK
6
CONTINUOUS
10
0.5826113385826771
20
-0.0605754724409449
11
0.5826113385826771
21
-0.0718240551181102
0
LINE
8
BLACK
6
CONTINUOUS
10
0.5826113385826771
20
-0.0718240551181102
11
0.5822599606299212
21
-0.0731352755905512
0
LINE
8
BLACK
6
CONTINUOUS
10
0.5822599606299212
20
-0.0731352755905512
11
0.581987874015748
21
-0.0744650393700787
0
LINE
8
BLACK
6
CONTINUOUS
10
0.581987874015748
20
-0.0744650393700787
11
0.5791757480314961
21
-0.0800893700787402
0
LINE
8
BLACK
6
CONTINUOUS
10
0.5791757480314961
20
-0.0800893700787402
11
0.5785448818897637
21
-0.0808007480314961
0
LINE
8
BLACK
6
CONTINUOUS
10
0.5785448818897637
20
-0.0808007480314961
11
0.5780695275590551
21
-0.0816241732283465
0
LINE
8
BLACK
6
CONTINUOUS
10
0.5780695275590551
20
-0.0816241732283465
11
0.5752573622047243
21
-0.0844363385826772
0
LINE
8
BLACK
6
CONTINUOUS
10
0.5752573622047243
20
-0.0844363385826772
11
0.574433937007874
21
-0.0849116929133858
0
LINE
8
BLACK
6
CONTINUOUS
10
0.574433937007874
20
-0.0849116929133858
11
0.573722559055118
21
-0.0855425590551181
0
LINE
8
BLACK
6
CONTINUOUS
10
0.573722559055118
20
-0.0855425590551181
11
0.5680982677165354
21
-0.0883546850393701
0
LINE
8
BLACK
6
CONTINUOUS
10
0.5680982677165354
20
-0.0883546850393701
11
0.5667683858267717
21
-0.088626811023622
0
LINE
8
BLACK
6
CONTINUOUS
10
0.5667683858267717
20
-0.088626811023622
11
0.5654572440944882
21
-0.0889781496062992
0
LINE
8
BLACK
6
CONTINUOUS
10
0.5654572440944882
20
-0.0889781496062992
11
0.5485843307086614
21
-0.0889781496062992
0
LINE
8
BLACK
6
CONTINUOUS
10
0.5485843307086614
20
-0.0889781496062992
11
0.5472730708661417
21
-0.0886267716535433
0
LINE
8
BLACK
6
CONTINUOUS
10
0.5472730708661417
20
-0.0886267716535433
11
0.5459433464566928
21
-0.0883546850393701
0
LINE
8
BLACK
6
CONTINUOUS
10
0.5459433464566928
20
-0.0883546850393701
11
0.5403190157480315
21
-0.0855425590551181
0
LINE
8
BLACK
6
CONTINUOUS
10
0.5403190157480315
20
-0.0855425590551181
11
0.5396075984251968
21
-0.0849116929133858
0
LINE
8
BLACK
6
CONTINUOUS
10
0.5396075984251968
20
-0.0849116929133858
11
0.5387841732283465
21
-0.0844362992125984
0
LINE
8
BLACK
6
CONTINUOUS
10
0.5387841732283465
20
-0.0844362992125984
11
0.5359720472440945
21
-0.0816241338582677
0
LINE
8
BLACK
6
CONTINUOUS
10
0.5359720472440945
20
-0.0816241338582677
11
0.5354966535433071
21
-0.0808007086614173
0
LINE
8
BLACK
6
CONTINUOUS
10
0.5354966535433071
20
-0.0808007086614173
11
0.5348658661417323
21
-0.0800893700787402
0
LINE
8
BLACK
6
CONTINUOUS
10
0.5348658661417323
20
-0.0800893700787402
11
0.5320537007874016
21
-0.0744650787401575
0
LINE
8
BLACK
6
CONTINUOUS
10
0.5320537007874016
20
-0.0744650787401575
11
0.5317815354330708
21
-0.0731351181102362
0
LINE
8
BLACK
6
CONTINUOUS
10
0.5317815354330708
20
-0.0731351181102362
11
0.5314302362204725
21
-0.0718240551181102
0
LINE
8
BLACK
6
CONTINUOUS
10
0.5314302362204725
20
-0.0718240551181102
11
0.5314302362204725
21
-0.0608566929133858
0
LINE
8
BLACK
6
CONTINUOUS
10
0.5314302362204725
20
-0.0608566929133858
11
0.5176507086614173
21
-0.0608566929133858
0
LINE
8
BLACK
6
CONTINUOUS
10
0.5176507086614173
20
-0.0608566929133858
11
0.5146979527559055
21
-0.0600655118110236
0
LINE
8
BLACK
6
CONTINUOUS
10
0.5146979527559055
20
-0.0600655118110236
11
0.5125363779527559
21
-0.057903937007874
0
LINE
8
BLACK
6
CONTINUOUS
10
0.5125363779527559
20
-0.057903937007874
11
0.5117451968503937
21
-0.0549511811023622
0
LINE
8
BLACK
6
CONTINUOUS
10
0.5117451968503937
20
-0.0549511811023622
11
0.5125363779527559
21
-0.0519984251968504
0
LINE
8
BLACK
6
CONTINUOUS
10
0.5125363779527559
20
-0.0519984251968504
11
0.5146979527559055
21
-0.0498368503937008
0
LINE
8
BLACK
6
CONTINUOUS
10
0.5146979527559055
20
-0.0498368503937008
11
0.5176507086614173
21
-0.0490456692913386
0
LINE
8
BLACK
6
CONTINUOUS
10
0.5176507086614173
20
-0.0490456692913386
11
0.5767058267716535
21
-0.0490456692913386
0
LINE
8
BLACK
6
CONTINUOUS
10
0.5767058267716535
20
-0.0490456692913386
11
0.5796585826771653
21
-0.0498368503937008
0
LINE
8
BLACK
6
CONTINUOUS
10
0.5432412598425197
20
-0.0619695669291339
11
0.5432412598425197
21
-0.0704299212598425
0
LINE
8
BLACK
6
CONTINUOUS
10
0.5432412598425197
20
-0.0704299212598425
11
0.5450013779527559
21
-0.0739501968503937
0
LINE
8
BLACK
6
CONTINUOUS
10
0.5450013779527559
20
-0.0739501968503937
11
0.5464582283464566
21
-0.0754070472440945
0
LINE
8
BLACK
6
CONTINUOUS
10
0.5464582283464566
20
-0.0754070472440945
11
0.5499784251968504
21
-0.077167125984252
0
LINE
8
BLACK
6
CONTINUOUS
10
0.5499784251968504
20
-0.077167125984252
11
0.5640631496062992
21
-0.077167125984252
0
LINE
8
BLACK
6
CONTINUOUS
10
0.5640631496062992
20
-0.077167125984252
11
0.5675833070866142
21
-0.0754070472440945
0
LINE
8
BLACK
6
CONTINUOUS
10
0.5675833070866142
20
-0.0754070472440945
11
0.5690401968503936
21
-0.073950157480315
0
LINE
8
BLACK
6
CONTINUOUS
10
0.5690401968503936
20
-0.073950157480315
11
0.5708003149606299
21
-0.0704299606299213
0
LINE
8
BLACK
6
CONTINUOUS
10
0.5708003149606299
20
-0.0704299606299213
11
0.5708003149606299
21
-0.0619695275590551
0
LINE
8
BLACK
6
CONTINUOUS
10
0.5708003149606299
20
-0.0619695275590551
11
0.5702438976377953
21
-0.0608566929133858
0
LINE
8
BLACK
6
CONTINUOUS
10
0.5702438976377953
20
-0.0608566929133858
11
0.5437977165354331
21
-0.0608566929133858
0
LINE
8
BLACK
6
CONTINUOUS
10
0.5437977165354331
20
-0.0608566929133858
11
0.5432412598425197
21
-0.0619695669291339
0
LINE
8
BLACK
6
CONTINUOUS
10
0.5523272834645669
20
0.0041357874015748
11
0.5532888976377953
21
0.0040737401574803
0
LINE
8
BLACK
6
CONTINUOUS
10
0.5532888976377953
20
0.0040737401574803
11
0.5537795669291339
21
0.0037466535433071
0
LINE
8
BLACK
6
CONTINUOUS
10
0.5537795669291339
20
0.0037466535433071
11
0.5543492519685039
21
0.0035939763779528
0
LINE
8
BLACK
6
CONTINUOUS
10
0.5543492519685039
20
0.0035939763779528
11
0.5550305905511811
21
0.0029126377952756
0
LINE
8
BLACK
6
CONTINUOUS
10
0.5550305905511811
20
0.0029126377952756
11
0.5558324409448818
21
0.0023780708661417
0
LINE
8
BLACK
6
CONTINUOUS
10
0.5558324409448818
20
0.0023780708661417
11
0.5560938188976378
21
0.0018494094488189
0
LINE
8
BLACK
6
CONTINUOUS
10
0.5560938188976378
20
0.0018494094488189
11
0.5565108267716535
21
0.0014324015748031
0
LINE
8
BLACK
6
CONTINUOUS
10
0.5565108267716535
20
0.0014324015748031
11
0.5567601968503937
21
0.0005016141732283
0
LINE
8
BLACK
6
CONTINUOUS
10
0.5567601968503937
20
0.0005016141732283
11
0.5571873228346457
21
-0.0003622047244094
0
LINE
8
BLACK
6
CONTINUOUS
10
0.5571873228346457
20
-0.0003622047244094
11
0.561862125984252
21
-0.0237362992125984
0
LINE
8
BLACK
6
CONTINUOUS
10
0.561862125984252
20
-0.0237362992125984
11
0.5668753149606299
21
-0.0237362992125984
0
LINE
8
BLACK
6
CONTINUOUS
10
0.5668753149606299
20
-0.0237362992125984
11
0.569491968503937
21
-0.0224279527559055
0
LINE
8
BLACK
6
CONTINUOUS
10
0.569491968503937
20
-0.0224279527559055
11
0.5708003149606299
21
-0.0198112992125984
0
LINE
8
BLACK
6
CONTINUOUS
10
0.5708003149606299
20
-0.0198112992125984
11
0.5708003149606299
21
-0.0113508267716535
0
LINE
8
BLACK
6
CONTINUOUS
10
0.5708003149606299
20
-0.0113508267716535
11
0.5686116535433071
21
-0.0069735039370079
0
LINE
8
BLACK
6
CONTINUOUS
10
0.5686116535433071
20
-0.0069735039370079
11
0.5679987795275591
21
-0.0039786220472441
0
LINE
8
BLACK
6
CONTINUOUS
10
0.5679987795275591
20
-0.0039786220472441
11
0.5689654724409449
21
-0.0010785826771654
0
LINE
8
BLACK
6
CONTINUOUS
10
0.5689654724409449
20
-0.0010785826771654
11
0.5712526771653543
21
0.0009495669291339
0
LINE
8
BLACK
6
CONTINUOUS
10
0.5712526771653543
20
0.0009495669291339
11
0.5742475590551182
21
0.0015624409448819
0
LINE
8
BLACK
6
CONTINUOUS
10
0.5742475590551182
20
0.0015624409448819
11
0.5771475984251968
21
0.0005957480314961
0
LINE
8
BLACK
6
CONTINUOUS
10
0.5771475984251968
20
0.0005957480314961
11
0.5791757480314961
21
-0.0016914566929134
0
LINE
8
BLACK
6
CONTINUOUS
10
0.5791757480314961
20
-0.0016914566929134
11
0.581987874015748
21
-0.0073157874015748
0
LINE
8
BLACK
6
CONTINUOUS
10
0.581987874015748
20
-0.0073157874015748
11
0.5822599606299212
21
-0.0086455118110236
0
LINE
8
BLACK
6
CONTINUOUS
10
0.5822599606299212
20
-0.0086455118110236
11
0.5826113385826771
21
-0.0099567716535433
0
LINE
8
BLACK
6
CONTINUOUS
10
0.5826113385826771
20
-0.0099567716535433
11
0.5826113385826771
21
-0.0212053937007874
0
LINE
8
BLACK
6
CONTINUOUS
10
0.5826113385826771
20
-0.0212053937007874
11
0.5822599606299212
21
-0.0225166141732283
0
LINE
8
BLACK
6
CONTINUOUS
10
0.5822599606299212
20
-0.0225166141732283
11
0.581987874015748
21
-0.0238463779527559
0
LINE
8
BLACK
6
CONTINUOUS
10
0.581987874015748
20
-0.0238463779527559
11
0.5791757480314961
21
-0.0294707086614173
0
LINE
8
BLACK
6
CONTINUOUS
10
0.5791757480314961
20
-0.0294707086614173
11
0.5789361417322835
21
-0.0297408661417323
0
LINE
8
BLACK
6
CONTINUOUS
10
0.5789361417322835
20
-0.0297408661417323
11
0.5788219291338582
21
-0.0300835826771654
0
LINE
8
BLACK
6
CONTINUOUS
10
0.5788219291338582
20
-0.0300835826771654
11
0.5779344881889764
21
-0.0308704724409449
0
LINE
8
BLACK
6
CONTINUOUS
10
0.5779344881889764
20
-0.0308704724409449
11
0.5771475984251968
21
-0.0317579133858268
0
LINE
8
BLACK
6
CONTINUOUS
10
0.5771475984251968
20
-0.0317579133858268
11
0.5768048818897638
21
-0.031872125984252
0
LINE
8
BLACK
6
CONTINUOUS
10
0.5768048818897638
20
-0.031872125984252
11
0.5765347244094488
21
-0.0321117322834646
0
LINE
8
BLACK
6
CONTINUOUS
10
0.5765347244094488
20
-0.0321117322834646
11
0.5709103543307087
21
-0.0349238582677165
0
LINE
8
BLACK
6
CONTINUOUS
10
0.5709103543307087
20
-0.0349238582677165
11
0.569580590551181
21
-0.0351959448818898
0
LINE
8
BLACK
6
CONTINUOUS
10
0.569580590551181
20
-0.0351959448818898
11
0.5682693700787401
21
-0.0355473228346457
0
LINE
8
BLACK
6
CONTINUOUS
10
0.5682693700787401
20
-0.0355473228346457
11
0.5457722047244095
21
-0.0355473228346457
0
LINE
8
BLACK
6
CONTINUOUS
10
0.5457722047244095
20
-0.0355473228346457
11
0.5444609448818898
21
-0.0351959448818898
0
LINE
8
BLACK
6
CONTINUOUS
10
0.5444609448818898
20
-0.0351959448818898
11
0.5431312204724409
21
-0.0349238582677165
0
LINE
8
BLACK
6
CONTINUOUS
10
0.5431312204724409
20
-0.0349238582677165
11
0.5375068897637795
21
-0.0321117322834646
0
LINE
8
BLACK
6
CONTINUOUS
10
0.5375068897637795
20
-0.0321117322834646
11
0.5372366535433071
21
-0.0318720866141732
0
LINE
8
BLACK
6
CONTINUOUS
10
0.5372366535433071
20
-0.0318720866141732
11
0.5368940551181102
21
-0.0317579133858268
0
LINE
8
BLACK
6
CONTINUOUS
10
0.5368940551181102
20
-0.0317579133858268
11
0.5361072047244094
21
-0.0308705905511811
0
LINE
8
BLACK
6
CONTINUOUS
10
0.5361072047244094
20
-0.0308705905511811
11
0.5352196850393701
21
-0.0300835826771654
0
LINE
8
BLACK
6
CONTINUOUS
10
0.5352196850393701
20
-0.0300835826771654
11
0.5351054330708661
21
-0.0297408661417323
0
LINE
8
BLACK
6
CONTINUOUS
10
0.5351054330708661
20
-0.0297408661417323
11
0.5348658661417323
21
-0.0294707086614173
0
LINE
8
BLACK
6
CONTINUOUS
10
0.5348658661417323
20
-0.0294707086614173
11
0.5320537007874016
21
-0.0238464173228346
0
LINE
8
BLACK
6
CONTINUOUS
10
0.5320537007874016
20
-0.0238464173228346
11
0.5317815354330708
21
-0.0225164566929134
0
LINE
8
BLACK
6
CONTINUOUS
10
0.5317815354330708
20
-0.0225164566929134
11
0.5314302362204725
21
-0.0212053937007874
0
LINE
8
BLACK
6
CONTINUOUS
10
0.5314302362204725
20
-0.0212053937007874
11
0.5314302362204725
21
-0.0099567716535433
0
LINE
8
BLACK
6
CONTINUOUS
10
0.5314302362204725
20
-0.0099567716535433
11
0.5317815354330708
21
-0.0086456692913386
0
LINE
8
BLACK
6
CONTINUOUS
10
0.5317815354330708
20
-0.0086456692913386
11
0.5320537007874016
21
-0.0073157480314961
0
LINE
8
BLACK
6
CONTINUOUS
10
0.5320537007874016
20
-0.0073157480314961
11
0.5348658661417323
21
-0.0016914566929134
0
LINE
8
BLACK
6
CONTINUOUS
10
0.5348658661417323
20
-0.0016914566929134
11
0.5351054330708661
21
-0.0014212598425197
0
LINE
8
BLACK
6
CONTINUOUS
10
0.5351054330708661
20
-0.0014212598425197
11
0.5352196850393701
21
-0.0010785826771654
0
LINE
8
BLACK
6
CONTINUOUS
10
0.5352196850393701
20
-0.0010785826771654
11
0.5361072047244094
21
-0.0002915354330709
0
LINE
8
BLACK
6
CONTINUOUS
10
0.5361072047244094
20
-0.0002915354330709
11
0.5368940551181102
21
0.0005957480314961
0
LINE
8
BLACK
6
CONTINUOUS
10
0.5368940551181102
20
0.0005957480314961
11
0.5372366535433071
21
0.0007099606299213
0
LINE
8
BLACK
6
CONTINUOUS
10
0.5372366535433071
20
0.0007099606299213
11
0.5375068897637795
21
0.0009495669291339
0
LINE
8
BLACK
6
CONTINUOUS
10
0.5375068897637795
20
0.0009495669291339
11
0.5431312204724409
21
0.0037616929133858
0
LINE
8
BLACK
6
CONTINUOUS
10
0.5431312204724409
20
0.0037616929133858
11
0.5444609448818898
21
0.0040338188976378
0
LINE
8
BLACK
6
CONTINUOUS
10
0.5444609448818898
20
0.0040338188976378
11
0.5457722047244095
21
0.004385157480315
0
LINE
8
BLACK
6
CONTINUOUS
10
0.5457722047244095
20
0.004385157480315
11
0.5513964960629921
21
0.004385157480315
0
LINE
8
BLACK
6
CONTINUOUS
10
0.5513964960629921
20
0.004385157480315
11
0.5523272834645669
21
0.0041357874015748
0
LINE
8
BLACK
6
CONTINUOUS
10
0.5445496062992126
20
-0.0087341732283465
11
0.5432412598425197
21
-0.0113508661417323
0
LINE
8
BLACK
6
CONTINUOUS
10
0.5432412598425197
20
-0.0113508661417323
11
0.5432412598425197
21
-0.0198112598425197
0
LINE
8
BLACK
6
CONTINUOUS
10
0.5432412598425197
20
-0.0198112598425197
11
0.5445496062992126
21
-0.0224279527559055
0
LINE
8
BLACK
6
CONTINUOUS
10
0.5445496062992126
20
-0.0224279527559055
11
0.5471662992125984
21
-0.0237362992125984
0
LINE
8
BLACK
6
CONTINUOUS
10
0.5471662992125984
20
-0.0237362992125984
11
0.5498172047244094
21
-0.0237362992125984
0
LINE
8
BLACK
6
CONTINUOUS
10
0.5498172047244094
20
-0.0237362992125984
11
0.5466106692913386
21
-0.0077036220472441
0
LINE
8
BLACK
6
CONTINUOUS
10
0.5466106692913386
20
-0.0077036220472441
11
0.5445496062992126
21
-0.0087341732283465
0
LINE
8
BLACK
6
CONTINUOUS
10
0.5402885039370079
20
0.0457762204724409
11
0.5424500787401575
21
0.0436146456692913
0
LINE
8
BLACK
6
CONTINUOUS
10
0.5424500787401575
20
0.0436146456692913
11
0.5432412598425197
21
0.0406618897637795
0
LINE
8
BLACK
6
CONTINUOUS
10
0.5432412598425197
20
0.0406618897637795
11
0.5432412598425197
21
0.0364316929133858
0
LINE
8
BLACK
6
CONTINUOUS
10
0.5432412598425197
20
0.0364316929133858
11
0.5450013779527559
21
0.0329114566929134
0
LINE
8
BLACK
6
CONTINUOUS
10
0.5450013779527559
20
0.0329114566929134
11
0.5464582283464566
21
0.0314546062992126
0
LINE
8
BLACK
6
CONTINUOUS
10
0.5464582283464566
20
0.0314546062992126
11
0.5499784251968504
21
0.0296944881889764
0
LINE
8
BLACK
6
CONTINUOUS
10
0.5499784251968504
20
0.0296944881889764
11
0.5767058267716535
21
0.0296944881889764
0
LINE
8
BLACK
6
CONTINUOUS
10
0.5767058267716535
20
0.0296944881889764
11
0.5796585826771653
21
0.0289033070866142
0
LINE
8
BLACK
6
CONTINUOUS
10
0.5796585826771653
20
0.0289033070866142
11
0.5818201574803149
21
0.0267417322834646
0
LINE
8
BLACK
6
CONTINUOUS
10
0.5818201574803149
20
0.0267417322834646
11
0.5826113385826771
21
0.0237889763779528
0
LINE
8
BLACK
6
CONTINUOUS
10
0.5826113385826771
20
0.0237889763779528
11
0.5818201574803149
21
0.0208362204724409
0
LINE
8
BLACK
6
CONTINUOUS
10
0.5818201574803149
20
0.0208362204724409
11
0.5796585826771653
21
0.0186746456692913
0
LINE
8
BLACK
6
CONTINUOUS
10
0.5796585826771653
20
0.0186746456692913
11
0.5767058267716535
21
0.0178834645669291
0
LINE
8
BLACK
6
CONTINUOUS
10
0.5767058267716535
20
0.0178834645669291
11
0.5373357480314961
21
0.0178834645669291
0
LINE
8
BLACK
6
CONTINUOUS
10
0.5373357480314961
20
0.0178834645669291
11
0.5343829921259843
21
0.0186746456692913
0
LINE
8
BLACK
6
CONTINUOUS
10
0.5343829921259843
20
0.0186746456692913
11
0.5322214173228347
21
0.0208362204724409
0
LINE
8
BLACK
6
CONTINUOUS
10
0.5322214173228347
20
0.0208362204724409
11
0.5314302362204725
21
0.0237889763779528
0
LINE
8
BLACK
6
CONTINUOUS
10
0.5314302362204725
20
0.0237889763779528
11
0.5322214173228347
21
0.0267417322834646
0
LINE
8
BLACK
6
CONTINUOUS
10
0.5322214173228347
20
0.0267417322834646
11
0.5339945275590551
21
0.0285148818897638
0
LINE
8
BLACK
6
CONTINUOUS
10
0.5339945275590551
20
0.0285148818897638
11
0.5320537007874016
21
0.0323965748031496
0
LINE
8
BLACK
6
CONTINUOUS
10
0.5320537007874016
20
0.0323965748031496
11
0.5317815354330708
21
0.0337265354330709
0
LINE
8
BLACK
6
CONTINUOUS
10
0.5317815354330708
20
0.0337265354330709
11
0.5314302362204725
21
0.0350375984251968
0
LINE
8
BLACK
6
CONTINUOUS
10
0.5314302362204725
20
0.0350375984251968
11
0.5314302362204725
21
0.0406618897637795
0
LINE
8
BLACK
6
CONTINUOUS
10
0.5314302362204725
20
0.0406618897637795
11
0.5322214173228347
21
0.0436146456692913
0
LINE
8
BLACK
6
CONTINUOUS
10
0.5322214173228347
20
0.0436146456692913
11
0.5343829921259843
21
0.0457762204724409
0
LINE
8
BLACK
6
CONTINUOUS
10
0.5343829921259843
20
0.0457762204724409
11
0.5373357480314961
21
0.0465674015748032
0
LINE
8
BLACK
6
CONTINUOUS
10
0.5373357480314961
20
0.0465674015748032
11
0.5402885039370079
21
0.0457762204724409
0
LINE
8
BLACK
6
CONTINUOUS
10
0.5206034645669291
20
0.0935827165354331
11
0.5227650393700787
21
0.0914211417322835
0
LINE
8
BLACK
6
CONTINUOUS
10
0.5227650393700787
20
0.0914211417322835
11
0.5235562204724409
21
0.0884683858267716
0
LINE
8
BLACK
6
CONTINUOUS
10
0.5235562204724409
20
0.0884683858267716
11
0.5235562204724409
21
0.0662524015748032
0
LINE
8
BLACK
6
CONTINUOUS
10
0.5235562204724409
20
0.0662524015748032
11
0.5398666929133858
21
0.0662524015748032
0
LINE
8
BLACK
6
CONTINUOUS
10
0.5398666929133858
20
0.0662524015748032
11
0.5398666929133858
21
0.0800319291338583
0
LINE
8
BLACK
6
CONTINUOUS
10
0.5398666929133858
20
0.0800319291338583
11
0.5406578740157481
21
0.0829846850393701
0
LINE
8
BLACK
6
CONTINUOUS
10
0.5406578740157481
20
0.0829846850393701
11
0.5428194488188977
21
0.0851462598425197
0
LINE
8
BLACK
6
CONTINUOUS
10
0.5428194488188977
20
0.0851462598425197
11
0.5457722047244095
21
0.0859374409448819
0
LINE
8
BLACK
6
CONTINUOUS
10
0.5457722047244095
20
0.0859374409448819
11
0.5487249606299213
21
0.0851462598425197
0
LINE
8
BLACK
6
CONTINUOUS
10
0.5487249606299213
20
0.0851462598425197
11
0.5508865354330709
21
0.0829846850393701
0
LINE
8
BLACK
6
CONTINUOUS
10
0.5508865354330709
20
0.0829846850393701
11
0.5516777165354331
21
0.0800319291338583
0
LINE
8
BLACK
6
CONTINUOUS
10
0.5516777165354331
20
0.0800319291338583
11
0.5516777165354331
21
0.0662524015748032
0
LINE
8
BLACK
6
CONTINUOUS
10
0.5516777165354331
20
0.0662524015748032
11
0.5767058267716535
21
0.0662524015748032
0
LINE
8
BLACK
6
CONTINUOUS
10
0.5767058267716535
20
0.0662524015748032
11
0.5796585826771653
21
0.0654612204724409
0
LINE
8
BLACK
6
CONTINUOUS
10
0.5796585826771653
20
0.0654612204724409
11
0.5818201574803149
21
0.0632996456692913
0
LINE
8
BLACK
6
CONTINUOUS
10
0.5818201574803149
20
0.0632996456692913
11
0.5826113385826771
21
0.0603468897637795
0
LINE
8
BLACK
6
CONTINUOUS
10
0.5826113385826771
20
0.0603468897637795
11
0.5818201574803149
21
0.0573941338582677
0
LINE
8
BLACK
6
CONTINUOUS
10
0.5818201574803149
20
0.0573941338582677
11
0.5796585826771653
21
0.0552325590551181
0
LINE
8
BLACK
6
CONTINUOUS
10
0.5796585826771653
20
0.0552325590551181
11
0.5767058267716535
21
0.0544413779527559
0
LINE
8
BLACK
6
CONTINUOUS
10
0.5767058267716535
20
0.0544413779527559
11
0.5457722047244095
21
0.0544413779527559
0
LINE
8
BLACK
6
CONTINUOUS
10
0.5457722047244095
20
0.0544413779527559
11
0.5176507086614173
21
0.0544413779527559
0
LINE
8
BLACK
6
CONTINUOUS
10
0.5176507086614173
20
0.0544413779527559
11
0.5146979527559055
21
0.0552325590551181
0
LINE
8
BLACK
6
CONTINUOUS
10
0.5146979527559055
20
0.0552325590551181
11
0.5125363779527559
21
0.0573941338582677
0
LINE
8
BLACK
6
CONTINUOUS
10
0.5125363779527559
20
0.0573941338582677
11
0.5117451968503937
21
0.0603468897637795
0
LINE
8
BLACK
6
CONTINUOUS
10
0.5117451968503937
20
0.0603468897637795
11
0.5117451968503937
21
0.0884683858267716
0
LINE
8
BLACK
6
CONTINUOUS
10
0.5117451968503937
20
0.0884683858267716
11
0.5125363779527559
21
0.0914211417322835
0
LINE
8
BLACK
6
CONTINUOUS
10
0.5125363779527559
20
0.0914211417322835
11
0.5146979527559055
21
0.0935827165354331
0
LINE
8
BLACK
6
CONTINUOUS
10
0.5146979527559055
20
0.0935827165354331
11
0.5176507086614173
21
0.0943738976377953
0
LINE
8
BLACK
6
CONTINUOUS
10
0.5176507086614173
20
0.0943738976377953
11
0.5206034645669291
21
0.0935827165354331
0
LINE
8
BLACK
6
CONTINUOUS
10
0.5793468503937008
20
0.1246840551181102
11
0.5816340551181102
21
0.122655905511811
0
LINE
8
BLACK
6
CONTINUOUS
10
0.5816340551181102
20
0.122655905511811
11
0.5826007480314961
21
0.1197558661417323
0
LINE
8
BLACK
6
CONTINUOUS
10
0.5826007480314961
20
0.1197558661417323
11
0.581987874015748
21
0.1167610236220472
0
LINE
8
BLACK
6
CONTINUOUS
10
0.581987874015748
20
0.1167610236220472
11
0.5791757480314961
21
0.1111366929133858
0
LINE
8
BLACK
6
CONTINUOUS
10
0.5791757480314961
20
0.1111366929133858
11
0.5789361417322835
21
0.1108665354330709
0
LINE
8
BLACK
6
CONTINUOUS
10
0.5789361417322835
20
0.1108665354330709
11
0.5788219291338582
21
0.1105238188976378
0
LINE
8
BLACK
6
CONTINUOUS
10
0.5788219291338582
20
0.1105238188976378
11
0.5779344881889764
21
0.1097369291338583
0
LINE
8
BLACK
6
CONTINUOUS
10
0.5779344881889764
20
0.1097369291338583
11
0.5771475984251968
21
0.1088494881889764
0
LINE
8
BLACK
6
CONTINUOUS
10
0.5771475984251968
20
0.1088494881889764
11
0.5768048818897638
21
0.1087352755905512
0
LINE
8
BLACK
6
CONTINUOUS
10
0.5768048818897638
20
0.1087352755905512
11
0.5765347244094488
21
0.1084956692913386
0
LINE
8
BLACK
6
CONTINUOUS
10
0.5765347244094488
20
0.1084956692913386
11
0.5709103937007874
21
0.1056835039370079
0
LINE
8
BLACK
6
CONTINUOUS
10
0.5709103937007874
20
0.1056835039370079
11
0.5695804330708661
21
0.1054113779527559
0
LINE
8
BLACK
6
CONTINUOUS
10
0.5695804330708661
20
0.1054113779527559
11
0.5682693700787401
21
0.1050600393700787
0
LINE
8
BLACK
6
CONTINUOUS
10
0.5682693700787401
20
0.1050600393700787
11
0.5176507086614173
21
0.1050600393700787
0
LINE
8
BLACK
6
CONTINUOUS
10
0.5176507086614173
20
0.1050600393700787
11
0.5146979527559055
21
0.1058512204724409
0
LINE
8
BLACK
6
CONTINUOUS
10
0.5146979527559055
20
0.1058512204724409
11
0.5125363779527559
21
0.1080127952755905
0
LINE
8
BLACK
6
CONTINUOUS
10
0.5125363779527559
20
0.1080127952755905
11
0.5117451968503937
21
0.1109655511811024
0
LINE
8
BLACK
6
CONTINUOUS
10
0.5117451968503937
20
0.1109655511811024
11
0.5125363779527559
21
0.1139183070866142
0
LINE
8
BLACK
6
CONTINUOUS
10
0.5125363779527559
20
0.1139183070866142
11
0.5146979527559055
21
0.1160798818897638
0
LINE
8
BLACK
6
CONTINUOUS
10
0.5146979527559055
20
0.1160798818897638
11
0.5176507086614173
21
0.116871062992126
0
LINE
8
BLACK
6
CONTINUOUS
10
0.5176507086614173
20
0.116871062992126
11
0.5668752755905512
21
0.116871062992126
0
LINE
8
BLACK
6
CONTINUOUS
10
0.5668752755905512
20
0.116871062992126
11
0.569491968503937
21
0.1181794488188976
0
LINE
8
BLACK
6
CONTINUOUS
10
0.569491968503937
20
0.1181794488188976
11
0.5714237795275591
21
0.122043031496063
0
LINE
8
BLACK
6
CONTINUOUS
10
0.5714237795275591
20
0.122043031496063
11
0.5734519291338582
21
0.1243302362204724
0
LINE
8
BLACK
6
CONTINUOUS
10
0.5734519291338582
20
0.1243302362204724
11
0.576351968503937
21
0.1252969291338583
0
LINE
8
BLACK
6
CONTINUOUS
10
0.576351968503937
20
0.1252969291338583
11
0.5793468503937008
21
0.1246840551181102
0
LINE
8
BLACK
6
CONTINUOUS
10
0.539321968503937
20
0.1699578346456693
11
0.5786920472440945
21
0.1558970866141732
0
LINE
8
BLACK
6
CONTINUOUS
10
0.5786920472440945
20
0.1558970866141732
11
0.5787857480314961
21
0.1558323228346457
0
LINE
8
BLACK
6
CONTINUOUS
10
0.5787857480314961
20
0.1558323228346457
11
0.578899094488189
21
0.155818779527559
0
LINE
8
BLACK
6
CONTINUOUS
10
0.578899094488189
20
0.155818779527559
11
0.592959842519685
21
0.1501944488188976
0
LINE
8
BLACK
6
CONTINUOUS
10
0.592959842519685
20
0.1501944488188976
11
0.5939122047244094
21
0.149481968503937
0
LINE
8
BLACK
6
CONTINUOUS
10
0.5939122047244094
20
0.149481968503937
11
0.5949424015748032
21
0.1488871653543307
0
LINE
8
BLACK
6
CONTINUOUS
10
0.5949424015748032
20
0.1488871653543307
11
0.5977545669291339
21
0.146075
0
LINE
8
BLACK
6
CONTINUOUS
10
0.5977545669291339
20
0.146075
11
0.5982299212598425
21
0.1452516141732283
0
LINE
8
BLACK
6
CONTINUOUS
10
0.5982299212598425
20
0.1452516141732283
11
0.5988607874015748
21
0.1445401968503937
0
LINE
8
BLACK
6
CONTINUOUS
10
0.5988607874015748
20
0.1445401968503937
11
0.6016729133858267
21
0.1389158661417323
0
LINE
8
BLACK
6
CONTINUOUS
10
0.6016729133858267
20
0.1389158661417323
11
0.6022857874015748
21
0.1359210236220472
0
LINE
8
BLACK
6
CONTINUOUS
10
0.6022857874015748
20
0.1359210236220472
11
0.601319094488189
21
0.1330209842519685
0
LINE
8
BLACK
6
CONTINUOUS
10
0.601319094488189
20
0.1330209842519685
11
0.5990318897637795
21
0.1309928346456693
0
LINE
8
BLACK
6
CONTINUOUS
10
0.5990318897637795
20
0.1309928346456693
11
0.5960370078740157
21
0.1303799606299212
0
LINE
8
BLACK
6
CONTINUOUS
10
0.5960370078740157
20
0.1303799606299212
11
0.593136968503937
21
0.1313466535433071
0
LINE
8
BLACK
6
CONTINUOUS
10
0.593136968503937
20
0.1313466535433071
11
0.5911088188976378
21
0.1336338582677165
0
LINE
8
BLACK
6
CONTINUOUS
10
0.5911088188976378
20
0.1336338582677165
11
0.5887252362204725
21
0.1384010236220472
0
LINE
8
BLACK
6
CONTINUOUS
10
0.5887252362204725
20
0.1384010236220472
11
0.5874478740157481
21
0.1396783858267716
0
LINE
8
BLACK
6
CONTINUOUS
10
0.5874478740157481
20
0.1396783858267716
11
0.5765874409448819
21
0.1440225590551181
0
LINE
8
BLACK
6
CONTINUOUS
10
0.5765874409448819
20
0.1440225590551181
11
0.539321968503937
21
0.1307134251968504
0
LINE
8
BLACK
6
CONTINUOUS
10
0.539321968503937
20
0.1307134251968504
11
0.536275157480315
21
0.1304653937007874
0
LINE
8
BLACK
6
CONTINUOUS
10
0.536275157480315
20
0.1304653937007874
11
0.5335124803149606
21
0.1317740157480315
0
LINE
8
BLACK
6
CONTINUOUS
10
0.5335124803149606
20
0.1317740157480315
11
0.5317742913385827
21
0.1342886614173228
0
LINE
8
BLACK
6
CONTINUOUS
10
0.5317742913385827
20
0.1342886614173228
11
0.5315262598425197
21
0.1373354724409449
0
LINE
8
BLACK
6
CONTINUOUS
10
0.5315262598425197
20
0.1373354724409449
11
0.5328348818897638
21
0.1400981496062992
0
LINE
8
BLACK
6
CONTINUOUS
10
0.5328348818897638
20
0.1400981496062992
11
0.5353495275590551
21
0.1418363385826772
0
LINE
8
BLACK
6
CONTINUOUS
10
0.5353495275590551
20
0.1418363385826772
11
0.5591474803149606
21
0.1503356299212598
0
LINE
8
BLACK
6
CONTINUOUS
10
0.5591474803149606
20
0.1503356299212598
11
0.5353495275590551
21
0.1588349212598425
0
LINE
8
BLACK
6
CONTINUOUS
10
0.5353495275590551
20
0.1588349212598425
11
0.5328348818897638
21
0.1605731102362205
0
LINE
8
BLACK
6
CONTINUOUS
10
0.5328348818897638
20
0.1605731102362205
11
0.5315262598425197
21
0.1633357874015748
0
LINE
8
BLACK
6
CONTINUOUS
10
0.5315262598425197
20
0.1633357874015748
11
0.5317742913385827
21
0.1663825984251968
0
LINE
8
BLACK
6
CONTINUOUS
10
0.5317742913385827
20
0.1663825984251968
11
0.5335124803149606
21
0.1688972440944882
0
LINE
8
BLACK
6
CONTINUOUS
10
0.5335124803149606
20
0.1688972440944882
11
0.536275157480315
21
0.1702058661417323
0
LINE
8
BLACK
6
CONTINUOUS
10
0.536275157480315
20
0.1702058661417323
11
0.539321968503937
21
0.1699578346456693
0
LINE
8
BLACK
6
CONTINUOUS
10
0.5769506692913385
20
0.1945275196850394
11
0.5780695275590551
21
0.1938815354330709
0
LINE
8
BLACK
6
CONTINUOUS
10
0.5780695275590551
20
0.1938815354330709
11
0.5780695669291338
21
0.1938814960629921
0
LINE
8
BLACK
6
CONTINUOUS
10
0.5780695669291338
20
0.1938814960629921
11
0.5808816535433071
21
0.1910693700787401
0
LINE
8
BLACK
6
CONTINUOUS
10
0.5808816535433071
20
0.1910693700787401
11
0.5812703543307086
21
0.1903961023622047
0
LINE
8
BLACK
6
CONTINUOUS
10
0.5812703543307086
20
0.1903961023622047
11
0.5818201574803149
21
0.1898462992125984
0
LINE
8
BLACK
6
CONTINUOUS
10
0.5818201574803149
20
0.1898462992125984
11
0.5820213779527559
21
0.1890953543307086
0
LINE
8
BLACK
6
CONTINUOUS
10
0.5820213779527559
20
0.1890953543307086
11
0.5824101181102362
21
0.1884220078740158
0
LINE
8
BLACK
6
CONTINUOUS
10
0.5824101181102362
20
0.1884220078740158
11
0.5824101181102362
21
0.188421968503937
0
LINE
8
BLACK
6
CONTINUOUS
10
0.5824101181102362
20
0.188421968503937
11
0.5824101181102362
21
0.1876445275590551
0
LINE
8
BLACK
6
CONTINUOUS
10
0.5824101181102362
20
0.1876445275590551
11
0.5826113385826771
21
0.1868935433070866
0
LINE
8
BLACK
6
CONTINUOUS
10
0.5826113385826771
20
0.1868935433070866
11
0.5824101181102362
21
0.1861425984251968
0
LINE
8
BLACK
6
CONTINUOUS
10
0.5824101181102362
20
0.1861425984251968
11
0.5824101181102362
21
0.1853650393700787
0
LINE
8
BLACK
6
CONTINUOUS
10
0.5824101181102362
20
0.1853650393700787
11
0.5820213385826771
21
0.1846917322834646
0
LINE
8
BLACK
6
CONTINUOUS
10
0.5820213385826771
20
0.1846917322834646
11
0.5818201574803149
21
0.1839407874015748
0
LINE
8
BLACK
6
CONTINUOUS
10
0.5818201574803149
20
0.1839407874015748
11
0.5812703543307086
21
0.1833910236220472
0
LINE
8
BLACK
6
CONTINUOUS
10
0.5812703543307086
20
0.1833910236220472
11
0.5808816535433071
21
0.1827177165354331
0
LINE
8
BLACK
6
CONTINUOUS
10
0.5808816535433071
20
0.1827177165354331
11
0.5780695275590551
21
0.1799055905511811
0
LINE
8
BLACK
6
CONTINUOUS
10
0.5780695275590551
20
0.1799055905511811
11
0.5780694488188977
21
0.1799055511811024
0
LINE
8
BLACK
6
CONTINUOUS
10
0.5780694488188977
20
0.1799055511811024
11
0.5754222047244094
21
0.178377125984252
0
LINE
8
BLACK
6
CONTINUOUS
10
0.5754222047244094
20
0.178377125984252
11
0.5723652755905512
21
0.178377125984252
0
LINE
8
BLACK
6
CONTINUOUS
10
0.5723652755905512
20
0.178377125984252
11
0.5723652362204724
21
0.178377125984252
0
LINE
8
BLACK
6
CONTINUOUS
10
0.5723652362204724
20
0.178377125984252
11
0.570836811023622
21
0.1792596062992126
0
LINE
8
BLACK
6
CONTINUOUS
10
0.570836811023622
20
0.1792596062992126
11
0.5697179133858268
21
0.1799055511811024
0
LINE
8
BLACK
6
CONTINUOUS
10
0.5697179133858268
20
0.1799055511811024
11
0.5669057480314961
21
0.1827176771653543
0
LINE
8
BLACK
6
CONTINUOUS
10
0.5669057480314961
20
0.1827176771653543
11
0.5669056692913386
21
0.1827177559055118
0
LINE
8
BLACK
6
CONTINUOUS
10
0.5669056692913386
20
0.1827177559055118
11
0.566516968503937
21
0.1833910236220472
0
LINE
8
BLACK
6
CONTINUOUS
10
0.566516968503937
20
0.1833910236220472
11
0.5659672047244094
21
0.1839407874015748
0
LINE
8
BLACK
6
CONTINUOUS
10
0.5659672047244094
20
0.1839407874015748
11
0.5657659842519684
21
0.1846917322834646
0
LINE
8
BLACK
6
CONTINUOUS
10
0.5657659842519684
20
0.1846917322834646
11
0.5653772440944882
21
0.1853650393700787
0
LINE
8
BLACK
6
CONTINUOUS
10
0.5653772440944882
20
0.1853650393700787
11
0.5653772440944882
21
0.1861425984251968
0
LINE
8
BLACK
6
CONTINUOUS
10
0.5653772440944882
20
0.1861425984251968
11
0.5651760236220472
21
0.1868935433070866
0
LINE
8
BLACK
6
CONTINUOUS
10
0.5651760236220472
20
0.1868935433070866
11
0.5653772440944882
21
0.1876445275590551
0
LINE
8
BLACK
6
CONTINUOUS
10
0.5653772440944882
20
0.1876445275590551
11
0.5653772440944882
21
0.188421968503937
0
LINE
8
BLACK
6
CONTINUOUS
10
0.5653772440944882
20
0.188421968503937
11
0.5653772440944882
21
0.1884220078740158
0
LINE
8
BLACK
6
CONTINUOUS
10
0.5653772440944882
20
0.1884220078740158
11
0.5657659448818898
21
0.1890953543307086
0
LINE
8
BLACK
6
CONTINUOUS
10
0.5657659448818898
20
0.1890953543307086
11
0.5659672047244094
21
0.1898462992125984
0
LINE
8
BLACK
6
CONTINUOUS
10
0.5659672047244094
20
0.1898462992125984
11
0.566516968503937
21
0.1903961023622047
0
LINE
8
BLACK
6
CONTINUOUS
10
0.566516968503937
20
0.1903961023622047
11
0.5669057086614173
21
0.1910693700787401
0
LINE
8
BLACK
6
CONTINUOUS
10
0.5669057086614173
20
0.1910693700787401
11
0.569717874015748
21
0.1938815354330709
0
LINE
8
BLACK
6
CONTINUOUS
10
0.569717874015748
20
0.1938815354330709
11
0.569717874015748
21
0.1938815748031496
0
LINE
8
BLACK
6
CONTINUOUS
10
0.569717874015748
20
0.1938815748031496
11
0.5697179133858268
21
0.1938815748031496
0
LINE
8
BLACK
6
CONTINUOUS
10
0.5697179133858268
20
0.1938815748031496
11
0.570836811023622
21
0.1945275590551181
0
LINE
8
BLACK
6
CONTINUOUS
10
0.570836811023622
20
0.1945275590551181
11
0.5723652362204724
21
0.19541
0
LINE
8
BLACK
6
CONTINUOUS
10
0.5723652362204724
20
0.19541
11
0.5754221653543307
21
0.19541
0
LINE
8
BLACK
6
CONTINUOUS
10
0.5754221653543307
20
0.19541
11
0.5754222047244094
21
0.19541
0
LINE
8
BLACK
6
CONTINUOUS
10
0.5754222047244094
20
0.19541
11
0.5769506692913385
21
0.1945275196850394
0
LINE
8
BLACK
6
CONTINUOUS
10
0.5771475984251968
20
0.2452525984251968
11
0.5791757480314961
21
0.2429653937007874
0
LINE
8
BLACK
6
CONTINUOUS
10
0.5791757480314961
20
0.2429653937007874
11
0.581987874015748
21
0.237341062992126
0
LINE
8
BLACK
6
CONTINUOUS
10
0.581987874015748
20
0.237341062992126
11
0.5822599606299212
21
0.2360113385826772
0
LINE
8
BLACK
6
CONTINUOUS
10
0.5822599606299212
20
0.2360113385826772
11
0.5826113385826771
21
0.2347000787401575
0
LINE
8
BLACK
6
CONTINUOUS
10
0.5826113385826771
20
0.2347000787401575
11
0.5826113385826771
21
0.2234514960629921
0
LINE
8
BLACK
6
CONTINUOUS
10
0.5826113385826771
20
0.2234514960629921
11
0.5822599606299212
21
0.2221402755905512
0
LINE
8
BLACK
6
CONTINUOUS
10
0.5822599606299212
20
0.2221402755905512
11
0.581987874015748
21
0.2208105118110236
0
LINE
8
BLACK
6
CONTINUOUS
10
0.581987874015748
20
0.2208105118110236
11
0.5791757480314961
21
0.2151861811023622
0
LINE
8
BLACK
6
CONTINUOUS
10
0.5791757480314961
20
0.2151861811023622
11
0.5785448818897637
21
0.2144748031496063
0
LINE
8
BLACK
6
CONTINUOUS
10
0.5785448818897637
20
0.2144748031496063
11
0.5780695275590551
21
0.2136513779527559
0
LINE
8
BLACK
6
CONTINUOUS
10
0.5780695275590551
20
0.2136513779527559
11
0.5752573622047243
21
0.2108392125984252
0
LINE
8
BLACK
6
CONTINUOUS
10
0.5752573622047243
20
0.2108392125984252
11
0.574433937007874
21
0.2103638582677165
0
LINE
8
BLACK
6
CONTINUOUS
10
0.574433937007874
20
0.2103638582677165
11
0.573722559055118
21
0.2097329921259843
0
LINE
8
BLACK
6
CONTINUOUS
10
0.573722559055118
20
0.2097329921259843
11
0.5680982677165354
21
0.2069208661417323
0
LINE
8
BLACK
6
CONTINUOUS
10
0.5680982677165354
20
0.2069208661417323
11
0.5667683858267717
21
0.2066487401574803
0
LINE
8
BLACK
6
CONTINUOUS
10
0.5667683858267717
20
0.2066487401574803
11
0.5654572440944882
21
0.2062974015748031
0
LINE
8
BLACK
6
CONTINUOUS
10
0.5654572440944882
20
0.2062974015748031
11
0.5485843307086614
21
0.2062974015748031
0
LINE
8
BLACK
6
CONTINUOUS
10
0.5485843307086614
20
0.2062974015748031
11
0.5472730708661417
21
0.2066487795275591
0
LINE
8
BLACK
6
CONTINUOUS
10
0.5472730708661417
20
0.2066487795275591
11
0.5459433464566928
21
0.2069208661417323
0
LINE
8
BLACK
6
CONTINUOUS
10
0.5459433464566928
20
0.2069208661417323
11
0.5403190157480315
21
0.2097329921259843
0
LINE
8
BLACK
6
CONTINUOUS
10
0.5403190157480315
20
0.2097329921259843
11
0.5396075984251968
21
0.2103638582677165
0
LINE
8
BLACK
6
CONTINUOUS
10
0.5396075984251968
20
0.2103638582677165
11
0.5387841732283465
21
0.2108392519685039
0
LINE
8
BLACK
6
CONTINUOUS
10
0.5387841732283465
20
0.2108392519685039
11
0.5359720472440945
21
0.2136514173228346
0
LINE
8
BLACK
6
CONTINUOUS
10
0.5359720472440945
20
0.2136514173228346
11
0.5354966535433071
21
0.214474842519685
0
LINE
8
BLACK
6
CONTINUOUS
10
0.5354966535433071
20
0.214474842519685
11
0.5348658661417323
21
0.2151861811023622
0
LINE
8
BLACK
6
CONTINUOUS
10
0.5348658661417323
20
0.2151861811023622
11
0.5320537007874016
21
0.2208104724409449
0
LINE
8
BLACK
6
CONTINUOUS
10
0.5320537007874016
20
0.2208104724409449
11
0.5317815354330708
21
0.2221404330708661
0
LINE
8
BLACK
6
CONTINUOUS
10
0.5317815354330708
20
0.2221404330708661
11
0.5314302362204725
21
0.2234514960629921
0
LINE
8
BLACK
6
CONTINUOUS
10
0.5314302362204725
20
0.2234514960629921
11
0.5314302362204725
21
0.2347000787401575
0
LINE
8
BLACK
6
CONTINUOUS
10
0.5314302362204725
20
0.2347000787401575
11
0.5317815354330708
21
0.2360111811023622
0
LINE
8
BLACK
6
CONTINUOUS
10
0.5317815354330708
20
0.2360111811023622
11
0.5320537007874016
21
0.2373411023622047
0
LINE
8
BLACK
6
CONTINUOUS
10
0.5320537007874016
20
0.2373411023622047
11
0.5348658661417323
21
0.2429653937007874
0
LINE
8
BLACK
6
CONTINUOUS
10
0.5348658661417323
20
0.2429653937007874
11
0.5368940551181102
21
0.2452525984251968
0
LINE
8
BLACK
6
CONTINUOUS
10
0.5368940551181102
20
0.2452525984251968
11
0.5397940944881889
21
0.2462192913385827
0
LINE
8
BLACK
6
CONTINUOUS
10
0.5397940944881889
20
0.2462192913385827
11
0.542788937007874
21
0.2456064173228346
0
LINE
8
BLACK
6
CONTINUOUS
10
0.542788937007874
20
0.2456064173228346
11
0.5450761417322835
21
0.2435782283464567
0
LINE
8
BLACK
6
CONTINUOUS
10
0.5450761417322835
20
0.2435782283464567
11
0.5460428346456693
21
0.2406781889763779
0
LINE
8
BLACK
6
CONTINUOUS
10
0.5460428346456693
20
0.2406781889763779
11
0.5454299606299212
21
0.2376833070866142
0
LINE
8
BLACK
6
CONTINUOUS
10
0.5454299606299212
20
0.2376833070866142
11
0.5432412598425197
21
0.2333059842519685
0
LINE
8
BLACK
6
CONTINUOUS
10
0.5432412598425197
20
0.2333059842519685
11
0.5432412598425197
21
0.2248456299212598
0
LINE
8
BLACK
6
CONTINUOUS
10
0.5432412598425197
20
0.2248456299212598
11
0.5450013779527559
21
0.2213253543307087
0
LINE
8
BLACK
6
CONTINUOUS
10
0.5450013779527559
20
0.2213253543307087
11
0.5464582283464566
21
0.2198685039370079
0
LINE
8
BLACK
6
CONTINUOUS
10
0.5464582283464566
20
0.2198685039370079
11
0.5499784251968504
21
0.2181084251968504
0
LINE
8
BLACK
6
CONTINUOUS
10
0.5499784251968504
20
0.2181084251968504
11
0.5640631496062992
21
0.2181084251968504
0
LINE
8
BLACK
6
CONTINUOUS
10
0.5640631496062992
20
0.2181084251968504
11
0.5675833070866142
21
0.2198685039370079
0
LINE
8
BLACK
6
CONTINUOUS
10
0.5675833070866142
20
0.2198685039370079
11
0.5690401968503936
21
0.2213253937007874
0
LINE
8
BLACK
6
CONTINUOUS
10
0.5690401968503936
20
0.2213253937007874
11
0.5708003149606299
21
0.2248455905511811
0
LINE
8
BLACK
6
CONTINUOUS
10
0.5708003149606299
20
0.2248455905511811
11
0.5708003149606299
21
0.2333060236220472
0
LINE
8
BLACK
6
CONTINUOUS
10
0.5708003149606299
20
0.2333060236220472
11
0.5686116535433071
21
0.2376833464566929
0
LINE
8
BLACK
6
CONTINUOUS
10
0.5686116535433071
20
0.2376833464566929
11
0.5679987795275591
21
0.2406782283464567
0
LINE
8
BLACK
6
CONTINUOUS
10
0.5679987795275591
20
0.2406782283464567
11
0.5689654724409449
21
0.2435782677165354
0
LINE
8
BLACK
6
CONTINUOUS
10
0.5689654724409449
20
0.2435782677165354
11
0.5712526771653543
21
0.2456064173228346
0
LINE
8
BLACK
6
CONTINUOUS
10
0.5712526771653543
20
0.2456064173228346
11
0.5742475590551182
21
0.2462192913385827
0
LINE
8
BLACK
6
CONTINUOUS
10
0.5742475590551182
20
0.2462192913385827
11
0.5771475984251968
21
0.2452525984251968
0
LINE
8
BLACK
6
CONTINUOUS
10
0.5796585826771653
20
0.2960573622047244
11
0.5818201574803149
21
0.2938957874015748
0
LINE
8
BLACK
6
CONTINUOUS
10
0.5818201574803149
20
0.2938957874015748
11
0.5826113385826771
21
0.290943031496063
0
LINE
8
BLACK
6
CONTINUOUS
10
0.5826113385826771
20
0.290943031496063
11
0.5826113385826771
21
0.2600094094488189
0
LINE
8
BLACK
6
CONTINUOUS
10
0.5826113385826771
20
0.2600094094488189
11
0.5825005905511811
21
0.2595961811023622
0
LINE
8
BLACK
6
CONTINUOUS
10
0.5825005905511811
20
0.2595961811023622
11
0.5825515748031496
21
0.2591714960629921
0
LINE
8
BLACK
6
CONTINUOUS
10
0.5825515748031496
20
0.2591714960629921
11
0.5821105118110236
21
0.2581403543307086
0
LINE
8
BLACK
6
CONTINUOUS
10
0.5821105118110236
20
0.2581403543307086
11
0.5818201574803149
21
0.2570566535433071
0
LINE
8
BLACK
6
CONTINUOUS
10
0.5818201574803149
20
0.2570566535433071
11
0.5815175984251968
21
0.2567541338582677
0
LINE
8
BLACK
6
CONTINUOUS
10
0.5815175984251968
20
0.2567541338582677
11
0.5813494094488189
21
0.2563608661417323
0
LINE
8
BLACK
6
CONTINUOUS
10
0.5813494094488189
20
0.2563608661417323
11
0.5804518503937007
21
0.2556883858267717
0
LINE
8
BLACK
6
CONTINUOUS
10
0.5804518503937007
20
0.2556883858267717
11
0.5796585826771653
21
0.2548950787401575
0
LINE
8
BLACK
6
CONTINUOUS
10
0.5796585826771653
20
0.2548950787401575
11
0.5792453149606299
21
0.2547843700787402
0
LINE
8
BLACK
6
CONTINUOUS
10
0.5792453149606299
20
0.2547843700787402
11
0.5789030314960629
21
0.254527874015748
0
LINE
8
BLACK
6
CONTINUOUS
10
0.5789030314960629
20
0.254527874015748
11
0.5777894094488188
21
0.2543942519685039
0
LINE
8
BLACK
6
CONTINUOUS
10
0.5777894094488188
20
0.2543942519685039
11
0.5767058267716535
21
0.2541038976377953
0
LINE
8
BLACK
6
CONTINUOUS
10
0.5767058267716535
20
0.2541038976377953
11
0.5762925590551181
21
0.2542146456692913
0
LINE
8
BLACK
6
CONTINUOUS
10
0.5762925590551181
20
0.2542146456692913
11
0.575867874015748
21
0.2541636614173228
0
LINE
8
BLACK
6
CONTINUOUS
10
0.575867874015748
20
0.2541636614173228
11
0.5748365354330709
21
0.2546047637795276
0
LINE
8
BLACK
6
CONTINUOUS
10
0.5748365354330709
20
0.2546047637795276
11
0.5737530708661417
21
0.2548950787401575
0
LINE
8
BLACK
6
CONTINUOUS
10
0.5737530708661417
20
0.2548950787401575
11
0.5734505905511811
21
0.2551975590551181
0
LINE
8
BLACK
6
CONTINUOUS
10
0.5734505905511811
20
0.2551975590551181
11
0.5730572440944882
21
0.2553657874015748
0
LINE
8
BLACK
6
CONTINUOUS
10
0.5730572440944882
20
0.2553657874015748
11
0.5432412598425197
21
0.2787926771653543
0
LINE
8
BLACK
6
CONTINUOUS
10
0.5432412598425197
20
0.2787926771653543
11
0.5432412598425197
21
0.2600094094488189
0
LINE
8
BLACK
6
CONTINUOUS
10
0.5432412598425197
20
0.2600094094488189
11
0.5424500787401575
21
0.2570566535433071
0
LINE
8
BLACK
6
CONTINUOUS
10
0.5424500787401575
20
0.2570566535433071
11
0.5402885039370079
21
0.2548950787401575
0
LINE
8
BLACK
6
CONTINUOUS
10
0.5402885039370079
20
0.2548950787401575
11
0.5373357480314961
21
0.2541038976377953
0
LINE
8
BLACK
6
CONTINUOUS
10
0.5373357480314961
20
0.2541038976377953
11
0.5343829921259843
21
0.2548950787401575
0
LINE
8
BLACK
6
CONTINUOUS
10
0.5343829921259843
20
0.2548950787401575
11
0.5322214173228347
21
0.2570566535433071
0
LINE
8
BLACK
6
CONTINUOUS
10
0.5322214173228347
20
0.2570566535433071
11
0.5314302362204725
21
0.2600094094488189
0
LINE
8
BLACK
6
CONTINUOUS
10
0.5314302362204725
20
0.2600094094488189
11
0.5314302362204725
21
0.290943031496063
0
LINE
8
BLACK
6
CONTINUOUS
10
0.5314302362204725
20
0.290943031496063
11
0.531540905511811
21
0.2913562204724409
0
LINE
8
BLACK
6
CONTINUOUS
10
0.531540905511811
20
0.2913562204724409
11
0.5314899606299213
21
0.2917809842519685
0
LINE
8
BLACK
6
CONTINUOUS
10
0.5314899606299213
20
0.2917809842519685
11
0.5319311023622048
21
0.2928124409448819
0
LINE
8
BLACK
6
CONTINUOUS
10
0.5319311023622048
20
0.2928124409448819
11
0.5322214173228347
21
0.2938957874015748
0
LINE
8
BLACK
6
CONTINUOUS
10
0.5322214173228347
20
0.2938957874015748
11
0.5325238976377953
21
0.2941983070866142
0
LINE
8
BLACK
6
CONTINUOUS
10
0.5325238976377953
20
0.2941983070866142
11
0.532692125984252
21
0.2945915748031496
0
LINE
8
BLACK
6
CONTINUOUS
10
0.532692125984252
20
0.2945915748031496
11
0.5335897637795275
21
0.2952641732283465
0
LINE
8
BLACK
6
CONTINUOUS
10
0.5335897637795275
20
0.2952641732283465
11
0.5343829921259843
21
0.2960573622047244
0
LINE
8
BLACK
6
CONTINUOUS
10
0.5343829921259843
20
0.2960573622047244
11
0.5347962204724409
21
0.2961681102362205
0
LINE
8
BLACK
6
CONTINUOUS
10
0.5347962204724409
20
0.2961681102362205
11
0.5351385433070867
21
0.2964245669291338
0
LINE
8
BLACK
6
CONTINUOUS
10
0.5351385433070867
20
0.2964245669291338
11
0.5362522440944881
21
0.2965582283464567
0
LINE
8
BLACK
6
CONTINUOUS
10
0.5362522440944881
20
0.2965582283464567
11
0.5373357480314961
21
0.2968485433070866
0
LINE
8
BLACK
6
CONTINUOUS
10
0.5373357480314961
20
0.2968485433070866
11
0.5377488976377952
21
0.296737874015748
0
LINE
8
BLACK
6
CONTINUOUS
10
0.5377488976377952
20
0.296737874015748
11
0.5381737007874016
21
0.2967888188976378
0
LINE
8
BLACK
6
CONTINUOUS
10
0.5381737007874016
20
0.2967888188976378
11
0.5392051181102362
21
0.2963476771653543
0
LINE
8
BLACK
6
CONTINUOUS
10
0.5392051181102362
20
0.2963476771653543
11
0.5402885039370079
21
0.2960573622047244
0
LINE
8
BLACK
6
CONTINUOUS
10
0.5402885039370079
20
0.2960573622047244
11
0.5405909842519685
21
0.2957548818897638
0
LINE
8
BLACK
6
CONTINUOUS
10
0.5405909842519685
20
0.2957548818897638
11
0.5409842913385826
21
0.2955866535433071
0
LINE
8
BLACK
6
CONTINUOUS
10
0.5409842913385826
20
0.2955866535433071
11
0.5708003149606299
21
0.2721598031496063
0
LINE
8
BLACK
6
CONTINUOUS
10
0.5708003149606299
20
0.2721598031496063
11
0.5708003149606299
21
0.290943031496063
0
LINE
8
BLACK
6
CONTINUOUS
10
0.5708003149606299
20
0.290943031496063
11
0.5715914960629921
21
0.2938957874015748
0
LINE
8
BLACK
6
CONTINUOUS
10
0.5715914960629921
20
0.2938957874015748
11
0.5737530708661417
21
0.2960573622047244
0
LINE
8
BLACK
6
CONTINUOUS
10
0.5737530708661417
20
0.2960573622047244
11
0.5767058267716535
21
0.2968485433070866
0
LINE
8
BLACK
6
CONTINUOUS
10
0.5767058267716535
20
0.2968485433070866
11
0.5796585826771653
21
0.2960573622047244
0
CIRCLE
8
BLACK
10
0.
20
0.
40
0.0068897637795276
0
CIRCLE
8
BLACK
10
0.225
20
-0.1
40
0.0068897637795276
0
CIRCLE
8
BLACK
10
0.225
20
0.
40
0.0068897637795276
0
CIRCLE
8
BLACK
10
0.225
20
0.1
40
0.0068897637795276
0
CIRCLE
8
BLACK
10
-0.05
20
0.33
40
0.0078740157480315
0
CIRCLE
8
BLACK
10
0.4492913385826772
20
-0.0461143307086614
40
0.0078740157480315
0
CIRCLE
8
BLACK
10
-0.48
20
0.1498856692913386
40
0.0078740157480315
0
CIRCLE
8
BLACK
10
-0.6799999999999999
20
-0.33
40
0.0078740157480315
0
CIRCLE
8
BLACK
10
-0.48
20
-0.3301143307086614
40
0.0078740157480315
0
CIRCLE
8
BLACK
10
-0.7999999999999999
20
0.13
40
0.0078740157480315
0
CIRCLE
8
BLACK
10
-0.7999999999999999
20
-0.25
40
0.0078740157480315
0
CIRCLE
8
BLACK
10
-0.7999999999999999
20
-0.13
40
0.0078740157480315
0
CIRCLE
8
BLACK
10
-0.7999999999999999
20
-0.21
40
0.0078740157480315
0
CIRCLE
8
BLACK
10
-0.7999999999999999
20
0.25
40
0.0078740157480315
0
CIRCLE
8
BLACK
10
-0.7999999999999999
20
-0.17
40
0.0078740157480315
0
CIRCLE
8
BLACK
10
-0.7999999999999999
20
0.21
40
0.0078740157480315
0
CIRCLE
8
BLACK
10
-0.7999999999999999
20
0.17
40
0.0078740157480315
0
CIRCLE
8
BLACK
10
-0.64
20
0.3348856692913386
40
0.0078740157480315
0
CIRCLE
8
BLACK
10
0.24
20
-0.18
40
0.0078740157480315
0
CIRCLE
8
BLACK
10
0.4492913385826772
20
-0.1990907086614173
40
0.0078740157480315
0
CIRCLE
8
BLACK
10
0.4492913385826772
20
-0.2425552755905512
40
0.0078740157480315
0
CIRCLE
8
BLACK
10
0.4492913385826772
20
-0.1556261417322835
40
0.0078740157480315
0
CIRCLE
8
BLACK
10
0.4492913385826772
20
0.3255155905511811
40
0.0078740157480315
0
CIRCLE
8
BLACK
10
-0.09
20
0.1498856692913386
40
0.0078740157480315
0
CIRCLE
8
BLACK
10
0.4492913385826772
20
-0.3294844094488189
40
0.0078740157480315
0
CIRCLE
8
BLACK
10
0.4492913385826772
20
-0.286019842519685
40
0.0078740157480315
0
CIRCLE
8
BLACK
10
0.1500787401574803
20
0.1232714960629921
40
0.0078740157480315
0
CIRCLE
8
BLACK
10
0.1500787401574803
20
0.0563423622047244
40
0.0078740157480315
0
CIRCLE
8
BLACK
10
0.4492913385826772
20
0.2805155905511811
40
0.0078740157480315
0
CIRCLE
8
BLACK
10
-0.1
20
-0.3301143307086614
40
0.0078740157480315
0
CIRCLE
8
BLACK
10
-0.67
20
0.
40
0.0078740157480315
0
CIRCLE
8
BLACK
10
-0.015748031496063
20
0.1456692913385827
40
0.0078740157480315
0
CIRCLE
8
BLACK
10
0.09
20
-0.33
40
0.0078740157480315
0
CIRCLE
8
BLACK
10
-0.44
20
0.05
40
0.0078740157480315
0
CIRCLE
8
BLACK
10
-0.5
20
-0.0201143307086614
40
0.0078740157480315
0
CIRCLE
8
BLACK
10
-0.0757246456692913
20
-0.2133533464566929
40
0.0078740157480315
0
CIRCLE
8
BLACK
10
0.4059842519685039
20
-0.1995631496062992
40
0.0078740157480315
0
CIRCLE
8
BLACK
10
-0.3110236220472441
20
-0.2204724409448819
40
0.0078740157480315
0
CIRCLE
8
BLACK
10
-0.231
20
-0.1591143307086614
40
0.0078740157480315
0
CIRCLE
8
BLACK
10
-0.1648818897637795
20
-0.0538938582677165
40
0.0078740157480315
0
CIRCLE
8
BLACK
10
-0.5
20
0.0498856692913386
40
0.0078740157480315
0
CIRCLE
8
BLACK
10
-0.1648818897637795
20
0.0130352755905512
40
0.0078740157480315
0
CIRCLE
8
BLACK
10
0.1184251968503937
20
-0.093500157480315
40
0.0078740157480315
0
CIRCLE
8
BLACK
10
-0.34
20
0.11
40
0.0078740157480315
0
CIRCLE
8
BLACK
10
0.4492913385826772
20
0.2006299212598425
40
0.0078740157480315
0
CIRCLE
8
BLACK
10
0.4492913385826772
20
0.2406299212598425
40
0.0078740157480315
0
CIRCLE
8
BLACK
10
0.23
20
0.17
40
0.0078740157480315
0
CIRCLE
8
BLACK
10
-0.3
20
-0.3301143307086614
40
0.0078740157480315
0
CIRCLE
8
BLACK
10
-0.67
20
-0.05
40
0.0078740157480315
0
CIRCLE
8
BLACK
10
-0.493
20
0.3348856692913386
40
0.0078740157480315
0
CIRCLE
8
BLACK
10
0.15
20
-0.13
40
0.0078740157480315
0
CIRCLE
8
BLACK
10
-0.7339370078740157
20
0.2746100787401575
40
0.0078740157480315
0
CIRCLE
8
BLACK
10
-0.67
20
0.05
40
0.0078740157480315
0
CIRCLE
8
BLACK
10
-0.6899999999999999
20
0.3348856692913386
40
0.0078740157480315
0
CIRCLE
8
BLACK
10
-0.139408031496063
20
-0.119408031496063
40
0.0078740157480315
0
CIRCLE
8
BLACK
10
-0.2
20
-0.2795275590551181
40
0.0078740157480315
0
CIRCLE
8
BLACK
10
-0.29
20
0.1
40
0.0078740157480315
0
CIRCLE
8
BLACK
10
0.113
20
-0.2101143307086614
40
0.0078740157480315
0
CIRCLE
8
BLACK
10
-0.5599999999999999
20
0.01
40
0.0078740157480315
0
CIRCLE
8
BLACK
10
-0.5036220472440944
20
0.2490195275590551
40
0.0078740157480315
0
CIRCLE
8
BLACK
10
-0.54
20
-0.23
40
0.0078740157480315
0
CIRCLE
8
BLACK
10
0.1220472440944882
20
0.2992125984251968
40
0.0078740157480315
0
CIRCLE
8
BLACK
10
-0.134
20
0.264
40
0.0078740157480315
0
CIRCLE
8
BLACK
10
-0.5944881889763779
20
-0.1023622047244094
40
0.0078740157480315
0
CIRCLE
8
BLACK
10
-0.712
20
0.2128856692913386
40
0.0078740157480315
0
CIRCLE
8
BLACK
10
-0.4601574803149606
20
0.0976809448818898
40
0.0078740157480315
0
CIRCLE
8
BLACK
10
-0.336
20
-0.0671143307086614
40
0.0078740157480315
  0
ENDSEC
  0
EOF
