  0
SECTION
  2
HEADER
  9
$ANGBASE
  50
0.0
  9
$ANGDIR
  70
1
  9
$MEASUREMENT
  70
0
  0
ENDSEC
  0
SECTION
  2
TABLES
  0
TABLE
  2
LTYPE
  70
4
  0
LTYPE
  5
40F
  2
CONTINUOUS
  70
0
  3
Solid line
  72
65
  73
0
  40
0.0
  0
LTYPE
  5
410
  2
DASHDOT
 70
0
  3
Dash Dot ____ _ ____ _
 72
65
 73
4
 40
2.0
 49
1.25
 49
-0.25
 49
0.25
 49
-0.25
  0
LTYPE
  5
411
  2
DASHED
 70
0
  3
Dashed __ __ __ __ __
 72
65
 73
2
 40
0.75
 49
0.5
 49
-0.25
  0
LTYPE
  5
43B
  2
DOTTED
 70
0
  3
Dotted .  .  .  .
 72
65
 73
2
 40
0.2
 49
0.0
 49
-0.2
  0
ENDTAB
  0
TABLE
  2
STYLE
  70
4
  0
STYLE
  2
KICAD
  70
0
  40
0
  41
1
  42
1
  50
0
  71
0
  3
isocp.shx
  0
STYLE
  2
KICADB
  70
0
  40
0
  41
1
  42
1
  50
0
  71
0
  3
isocp.shx
  0
STYLE
  2
KICADI
  70
0
  40
0
  41
1
  42
1
  50
15
  71
0
  3
isocp.shx
  0
STYLE
  2
KICADBI
  70
0
  40
0
  41
1
  42
1
  50
15
  71
0
  3
isocp.shx
  0
ENDTAB
  0
TABLE
  2
LAYER
  70
1
  0
LAYER
  2
BLACK
  70
0
  62
7
  6
CONTINUOUS
  0
ENDTAB
  0
ENDSEC
  0
SECTION
  2
ENTITIES
0
LINE
8
BLACK
6
CONTINUOUS
10
0.2326032283464567
20
-0.3028035826771653
11
0.2326461023622047
21
-0.3027893307086614
0
LINE
8
BLACK
6
CONTINUOUS
10
0.2326461023622047
20
-0.3027893307086614
11
0.2327325196850394
21
-0.3028292913385827
0
LINE
8
BLACK
6
CONTINUOUS
10
0.2327325196850394
20
-0.3028292913385827
11
0.233259842519685
21
-0.3029342125984252
0
LINE
8
BLACK
6
CONTINUOUS
10
0.233259842519685
20
-0.3029342125984252
11
0.2335187007874016
21
-0.3031930708661417
0
LINE
8
BLACK
6
CONTINUOUS
10
0.2335187007874016
20
-0.3031930708661417
11
0.2371363779527559
21
-0.3048669291338583
0
LINE
8
BLACK
6
CONTINUOUS
10
0.2371363779527559
20
-0.3048669291338583
11
0.2377431496062992
21
-0.305337874015748
0
LINE
8
BLACK
6
CONTINUOUS
10
0.2377431496062992
20
-0.305337874015748
11
0.2378117322834646
21
-0.3055437007874016
0
LINE
8
BLACK
6
CONTINUOUS
10
0.2378117322834646
20
-0.3055437007874016
11
0.2394177952755905
21
-0.3070143307086614
0
LINE
8
BLACK
6
CONTINUOUS
10
0.2394177952755905
20
-0.3070143307086614
11
0.2394205905511811
21
-0.3070152755905512
0
LINE
8
BLACK
6
CONTINUOUS
10
0.2394205905511811
20
-0.3070152755905512
11
0.2394222834645669
21
-0.3070184251968504
0
LINE
8
BLACK
6
CONTINUOUS
10
0.2394222834645669
20
-0.3070184251968504
11
0.2395227559055118
21
-0.3071104330708662
0
LINE
8
BLACK
6
CONTINUOUS
10
0.2395227559055118
20
-0.3071104330708662
11
0.2399494881889764
21
-0.3077490551181102
0
LINE
8
BLACK
6
CONTINUOUS
10
0.2399494881889764
20
-0.3077490551181102
11
0.2399494881889764
21
-0.3079975196850394
0
LINE
8
BLACK
6
CONTINUOUS
10
0.2399494881889764
20
-0.3079975196850394
11
0.2417662598425197
21
-0.3113715748031496
0
LINE
8
BLACK
6
CONTINUOUS
10
0.2417662598425197
20
-0.3113715748031496
11
0.2417922834645669
21
-0.3114666535433071
0
LINE
8
BLACK
6
CONTINUOUS
10
0.2417922834645669
20
-0.3114666535433071
11
0.2418242519685039
21
-0.3114986220472441
0
LINE
8
BLACK
6
CONTINUOUS
10
0.2418242519685039
20
-0.3114986220472441
11
0.2418274409448819
21
-0.3115950393700787
0
LINE
8
BLACK
6
CONTINUOUS
10
0.2418274409448819
20
-0.3115950393700787
11
0.2419691338582677
21
-0.3121123622047244
0
LINE
8
BLACK
6
CONTINUOUS
10
0.2419691338582677
20
-0.3121123622047244
11
0.2418559448818897
21
-0.312451811023622
0
LINE
8
BLACK
6
CONTINUOUS
10
0.2418559448818897
20
-0.312451811023622
11
0.241974094488189
21
-0.3160014566929134
0
LINE
8
BLACK
6
CONTINUOUS
10
0.241974094488189
20
-0.3160014566929134
11
0.2418242519685039
21
-0.3167547637795275
0
LINE
8
BLACK
6
CONTINUOUS
10
0.2418242519685039
20
-0.3167547637795275
11
0.2416352755905512
21
-0.3169437007874016
0
LINE
8
BLACK
6
CONTINUOUS
10
0.2416352755905512
20
-0.3169437007874016
11
0.2399983070866142
21
-0.3222482283464567
0
LINE
8
BLACK
6
CONTINUOUS
10
0.2399983070866142
20
-0.3222482283464567
11
0.2399494881889764
21
-0.3223338582677165
0
LINE
8
BLACK
6
CONTINUOUS
10
0.2399494881889764
20
-0.3223338582677165
11
0.2399494881889764
21
-0.3223790551181102
0
LINE
8
BLACK
6
CONTINUOUS
10
0.2399494881889764
20
-0.3223790551181102
11
0.2398888188976378
21
-0.3224402362204724
0
LINE
8
BLACK
6
CONTINUOUS
10
0.2398888188976378
20
-0.3224402362204724
11
0.2396179527559055
21
-0.3229155118110236
0
LINE
8
BLACK
6
CONTINUOUS
10
0.2396179527559055
20
-0.3229155118110236
11
0.2392215748031496
21
-0.3231136614173228
0
LINE
8
BLACK
6
CONTINUOUS
10
0.2392215748031496
20
-0.3231136614173228
11
0.2202384251968504
21
-0.3422723228346456
0
LINE
8
BLACK
6
CONTINUOUS
10
0.2202384251968504
20
-0.3422723228346456
11
0.2400055905511811
21
-0.3421544488188976
0
LINE
8
BLACK
6
CONTINUOUS
10
0.2400055905511811
20
-0.3421544488188976
11
0.2407588976377953
21
-0.3423042913385826
0
LINE
8
BLACK
6
CONTINUOUS
10
0.2407588976377953
20
-0.3423042913385826
11
0.2418242519685039
21
-0.3433696456692913
0
LINE
8
BLACK
6
CONTINUOUS
10
0.2418242519685039
20
-0.3433696456692913
11
0.2418242519685039
21
-0.3448762598425197
0
LINE
8
BLACK
6
CONTINUOUS
10
0.2418242519685039
20
-0.3448762598425197
11
0.2407588976377953
21
-0.3459416141732283
0
LINE
8
BLACK
6
CONTINUOUS
10
0.2407588976377953
20
-0.3459416141732283
11
0.2156336614173228
21
-0.3460914566929134
0
LINE
8
BLACK
6
CONTINUOUS
10
0.2156336614173228
20
-0.3460914566929134
11
0.2148803543307087
21
-0.3459416141732283
0
LINE
8
BLACK
6
CONTINUOUS
10
0.2148803543307087
20
-0.3459416141732283
11
0.213815
21
-0.3448762598425197
0
LINE
8
BLACK
6
CONTINUOUS
10
0.213815
20
-0.3448762598425197
11
0.213815
21
-0.3433696456692913
0
LINE
8
BLACK
6
CONTINUOUS
10
0.213815
20
-0.3433696456692913
11
0.2365950787401575
21
-0.3203788976377953
0
LINE
8
BLACK
6
CONTINUOUS
10
0.2365950787401575
20
-0.3203788976377953
11
0.2381381102362205
21
-0.3153789763779528
0
LINE
8
BLACK
6
CONTINUOUS
10
0.2381381102362205
20
-0.3153789763779528
11
0.2381409448818897
21
-0.315373937007874
0
LINE
8
BLACK
6
CONTINUOUS
10
0.2381409448818897
20
-0.315373937007874
11
0.2380451181102362
21
-0.3124933858267717
0
LINE
8
BLACK
6
CONTINUOUS
10
0.2380451181102362
20
-0.3124933858267717
11
0.2363870078740157
21
-0.309414094488189
0
LINE
8
BLACK
6
CONTINUOUS
10
0.2363870078740157
20
-0.309414094488189
11
0.2348641338582677
21
-0.3080195669291338
0
LINE
8
BLACK
6
CONTINUOUS
10
0.2348641338582677
20
-0.3080195669291338
11
0.2348565354330709
21
-0.3080081889763779
0
LINE
8
BLACK
6
CONTINUOUS
10
0.2348565354330709
20
-0.3080081889763779
11
0.2317982283464567
21
-0.3065931496062992
0
LINE
8
BLACK
6
CONTINUOUS
10
0.2317982283464567
20
-0.3065931496062992
11
0.2233656692913386
21
-0.3067179133858268
0
LINE
8
BLACK
6
CONTINUOUS
10
0.2233656692913386
20
-0.3067179133858268
11
0.2202948818897638
21
-0.3083714173228346
0
LINE
8
BLACK
6
CONTINUOUS
10
0.2202948818897638
20
-0.3083714173228346
11
0.2189003543307086
21
-0.3098943307086614
0
LINE
8
BLACK
6
CONTINUOUS
10
0.2189003543307086
20
-0.3098943307086614
11
0.2182617322834646
21
-0.310321062992126
0
LINE
8
BLACK
6
CONTINUOUS
10
0.2182617322834646
20
-0.310321062992126
11
0.2167551181102362
21
-0.310321062992126
0
LINE
8
BLACK
6
CONTINUOUS
10
0.2167551181102362
20
-0.310321062992126
11
0.2156897637795276
21
-0.3092557086614173
0
LINE
8
BLACK
6
CONTINUOUS
10
0.2156897637795276
20
-0.3092557086614173
11
0.2156897637795276
21
-0.307749094488189
0
LINE
8
BLACK
6
CONTINUOUS
10
0.2156897637795276
20
-0.307749094488189
11
0.2178951181102362
21
-0.3053406299212598
0
LINE
8
BLACK
6
CONTINUOUS
10
0.2178951181102362
20
-0.3053406299212598
11
0.217896062992126
21
-0.305337874015748
0
LINE
8
BLACK
6
CONTINUOUS
10
0.217896062992126
20
-0.305337874015748
11
0.2178992125984252
21
-0.3053361417322835
0
LINE
8
BLACK
6
CONTINUOUS
10
0.2178992125984252
20
-0.3053361417322835
11
0.2179912204724409
21
-0.3052357086614173
0
LINE
8
BLACK
6
CONTINUOUS
10
0.2179912204724409
20
-0.3052357086614173
11
0.218629842519685
21
-0.3048089763779527
0
LINE
8
BLACK
6
CONTINUOUS
10
0.218629842519685
20
-0.3048089763779527
11
0.2188783070866142
21
-0.3048089763779527
0
LINE
8
BLACK
6
CONTINUOUS
10
0.2188783070866142
20
-0.3048089763779527
11
0.2222523622047244
21
-0.3029922047244095
0
LINE
8
BLACK
6
CONTINUOUS
10
0.2222523622047244
20
-0.3029922047244095
11
0.2223474409448819
21
-0.3029661417322835
0
LINE
8
BLACK
6
CONTINUOUS
10
0.2223474409448819
20
-0.3029661417322835
11
0.2223794094488189
21
-0.3029342125984252
0
LINE
8
BLACK
6
CONTINUOUS
10
0.2223794094488189
20
-0.3029342125984252
11
0.222468937007874
21
-0.302932874015748
0
LINE
8
BLACK
6
CONTINUOUS
10
0.222468937007874
20
-0.302932874015748
11
0.2229931496062992
21
-0.3027893307086614
0
LINE
8
BLACK
6
CONTINUOUS
10
0.2229931496062992
20
-0.3027893307086614
11
0.223383188976378
21
-0.3029193307086614
0
LINE
8
BLACK
6
CONTINUOUS
10
0.223383188976378
20
-0.3029193307086614
11
0.2325065354330709
21
-0.3027843700787402
0
LINE
8
BLACK
6
CONTINUOUS
10
0.2325065354330709
20
-0.3027843700787402
11
0.2326032283464567
21
-0.3028035826771653
0
LINE
8
BLACK
6
CONTINUOUS
10
0.268223779527559
20
-0.3028035826771653
11
0.2682666535433071
21
-0.3027893307086614
0
LINE
8
BLACK
6
CONTINUOUS
10
0.2682666535433071
20
-0.3027893307086614
11
0.2683530708661417
21
-0.3028292913385827
0
LINE
8
BLACK
6
CONTINUOUS
10
0.2683530708661417
20
-0.3028292913385827
11
0.2688803937007874
21
-0.3029342125984252
0
LINE
8
BLACK
6
CONTINUOUS
10
0.2688803937007874
20
-0.3029342125984252
11
0.2691392519685039
21
-0.3031930708661417
0
LINE
8
BLACK
6
CONTINUOUS
10
0.2691392519685039
20
-0.3031930708661417
11
0.2727569291338582
21
-0.3048669291338583
0
LINE
8
BLACK
6
CONTINUOUS
10
0.2727569291338582
20
-0.3048669291338583
11
0.2733637007874016
21
-0.305337874015748
0
LINE
8
BLACK
6
CONTINUOUS
10
0.2733637007874016
20
-0.305337874015748
11
0.2734322834645669
21
-0.3055437007874016
0
LINE
8
BLACK
6
CONTINUOUS
10
0.2734322834645669
20
-0.3055437007874016
11
0.2750383464566929
21
-0.3070143307086614
0
LINE
8
BLACK
6
CONTINUOUS
10
0.2750383464566929
20
-0.3070143307086614
11
0.2750411417322834
21
-0.3070152755905512
0
LINE
8
BLACK
6
CONTINUOUS
10
0.2750411417322834
20
-0.3070152755905512
11
0.2750428346456693
21
-0.3070184251968504
0
LINE
8
BLACK
6
CONTINUOUS
10
0.2750428346456693
20
-0.3070184251968504
11
0.2751433070866142
21
-0.3071104330708662
0
LINE
8
BLACK
6
CONTINUOUS
10
0.2751433070866142
20
-0.3071104330708662
11
0.2755700393700787
21
-0.3077490551181102
0
LINE
8
BLACK
6
CONTINUOUS
10
0.2755700393700787
20
-0.3077490551181102
11
0.2755700393700787
21
-0.3079975196850394
0
LINE
8
BLACK
6
CONTINUOUS
10
0.2755700393700787
20
-0.3079975196850394
11
0.2773868110236221
21
-0.3113715748031496
0
LINE
8
BLACK
6
CONTINUOUS
10
0.2773868110236221
20
-0.3113715748031496
11
0.2775896850393701
21
-0.3121123622047244
0
LINE
8
BLACK
6
CONTINUOUS
10
0.2775896850393701
20
-0.3121123622047244
11
0.2775318897637795
21
-0.3122856299212599
0
LINE
8
BLACK
6
CONTINUOUS
10
0.2775318897637795
20
-0.3122856299212599
11
0.2794106299212598
21
-0.3192735433070866
0
LINE
8
BLACK
6
CONTINUOUS
10
0.2794106299212598
20
-0.3192735433070866
11
0.2794479527559055
21
-0.3200407086614173
0
LINE
8
BLACK
6
CONTINUOUS
10
0.2794479527559055
20
-0.3200407086614173
11
0.279337716535433
21
-0.3202244094488189
0
LINE
8
BLACK
6
CONTINUOUS
10
0.279337716535433
20
-0.3202244094488189
11
0.2794694094488189
21
-0.3291248031496063
0
LINE
8
BLACK
6
CONTINUOUS
10
0.2794694094488189
20
-0.3291248031496063
11
0.2793195669291338
21
-0.3298781102362205
0
LINE
8
BLACK
6
CONTINUOUS
10
0.2793195669291338
20
-0.3298781102362205
11
0.2791727165354331
21
-0.3300249212598425
0
LINE
8
BLACK
6
CONTINUOUS
10
0.2791727165354331
20
-0.3300249212598425
11
0.2775358661417323
21
-0.3371012992125984
0
LINE
8
BLACK
6
CONTINUOUS
10
0.2775358661417323
20
-0.3371012992125984
11
0.2772077952755905
21
-0.337795748031496
0
LINE
8
BLACK
6
CONTINUOUS
10
0.2772077952755905
20
-0.337795748031496
11
0.2770751968503937
21
-0.3378752755905512
0
LINE
8
BLACK
6
CONTINUOUS
10
0.2770751968503937
20
-0.3378752755905512
11
0.2755120472440945
21
-0.3412537401574803
0
LINE
8
BLACK
6
CONTINUOUS
10
0.2755120472440945
20
-0.3412537401574803
11
0.2750411417322834
21
-0.3418605118110236
0
LINE
8
BLACK
6
CONTINUOUS
10
0.2750411417322834
20
-0.3418605118110236
11
0.2748352362204725
21
-0.341929094488189
0
LINE
8
BLACK
6
CONTINUOUS
10
0.2748352362204725
20
-0.341929094488189
11
0.2733645669291339
21
-0.3435352362204724
0
LINE
8
BLACK
6
CONTINUOUS
10
0.2733645669291339
20
-0.3435352362204724
11
0.2733637007874016
21
-0.3435379527559055
0
LINE
8
BLACK
6
CONTINUOUS
10
0.2733637007874016
20
-0.3435379527559055
11
0.2733605905511811
21
-0.3435396062992126
0
LINE
8
BLACK
6
CONTINUOUS
10
0.2733605905511811
20
-0.3435396062992126
11
0.2732685826771654
21
-0.3436401181102362
0
LINE
8
BLACK
6
CONTINUOUS
10
0.2732685826771654
20
-0.3436401181102362
11
0.2726299606299212
21
-0.3440668503937008
0
LINE
8
BLACK
6
CONTINUOUS
10
0.2726299606299212
20
-0.3440668503937008
11
0.2723814566929134
21
-0.3440668503937008
0
LINE
8
BLACK
6
CONTINUOUS
10
0.2723814566929134
20
-0.3440668503937008
11
0.2690074409448819
21
-0.3458836220472441
0
LINE
8
BLACK
6
CONTINUOUS
10
0.2690074409448819
20
-0.3458836220472441
11
0.2689123228346457
21
-0.3459096456692913
0
LINE
8
BLACK
6
CONTINUOUS
10
0.2689123228346457
20
-0.3459096456692913
11
0.2688803937007874
21
-0.3459416141732283
0
LINE
8
BLACK
6
CONTINUOUS
10
0.2688803937007874
20
-0.3459416141732283
11
0.268783937007874
21
-0.3459448031496063
0
LINE
8
BLACK
6
CONTINUOUS
10
0.268783937007874
20
-0.3459448031496063
11
0.2682666535433071
21
-0.3460864960629921
0
LINE
8
BLACK
6
CONTINUOUS
10
0.2682666535433071
20
-0.3460864960629921
11
0.2679271259842519
21
-0.3459733070866142
0
LINE
8
BLACK
6
CONTINUOUS
10
0.2679271259842519
20
-0.3459733070866142
11
0.2643775590551181
21
-0.3460914566929134
0
LINE
8
BLACK
6
CONTINUOUS
10
0.2643775590551181
20
-0.3460914566929134
11
0.2642808267716535
21
-0.3460722047244094
0
LINE
8
BLACK
6
CONTINUOUS
10
0.2642808267716535
20
-0.3460722047244094
11
0.2642379921259843
21
-0.3460864960629921
0
LINE
8
BLACK
6
CONTINUOUS
10
0.2642379921259843
20
-0.3460864960629921
11
0.2641515354330708
21
-0.3460464960629921
0
LINE
8
BLACK
6
CONTINUOUS
10
0.2641515354330708
20
-0.3460464960629921
11
0.2636242519685039
21
-0.3459416141732283
0
LINE
8
BLACK
6
CONTINUOUS
10
0.2636242519685039
20
-0.3459416141732283
11
0.2633653543307087
21
-0.3456827165354331
0
LINE
8
BLACK
6
CONTINUOUS
10
0.2633653543307087
20
-0.3456827165354331
11
0.2597476771653544
21
-0.3440088582677165
0
LINE
8
BLACK
6
CONTINUOUS
10
0.2597476771653544
20
-0.3440088582677165
11
0.259140905511811
21
-0.3435379527559055
0
LINE
8
BLACK
6
CONTINUOUS
10
0.259140905511811
20
-0.3435379527559055
11
0.2590722834645669
21
-0.3433320472440945
0
LINE
8
BLACK
6
CONTINUOUS
10
0.2590722834645669
20
-0.3433320472440945
11
0.2574661811023622
21
-0.3418613385826771
0
LINE
8
BLACK
6
CONTINUOUS
10
0.2574661811023622
20
-0.3418613385826771
11
0.2574635039370078
21
-0.3418604724409449
0
LINE
8
BLACK
6
CONTINUOUS
10
0.2574635039370078
20
-0.3418604724409449
11
0.257461811023622
21
-0.3418573622047244
0
LINE
8
BLACK
6
CONTINUOUS
10
0.257461811023622
20
-0.3418573622047244
11
0.2573612992125984
21
-0.3417653149606299
0
LINE
8
BLACK
6
CONTINUOUS
10
0.2573612992125984
20
-0.3417653149606299
11
0.2569346062992126
21
-0.3411266929133858
0
LINE
8
BLACK
6
CONTINUOUS
10
0.2569346062992126
20
-0.3411266929133858
11
0.2569346062992126
21
-0.3408782283464567
0
LINE
8
BLACK
6
CONTINUOUS
10
0.2569346062992126
20
-0.3408782283464567
11
0.2551178346456693
21
-0.3375042125984252
0
LINE
8
BLACK
6
CONTINUOUS
10
0.2551178346456693
20
-0.3375042125984252
11
0.2549149606299213
21
-0.3367634251968504
0
LINE
8
BLACK
6
CONTINUOUS
10
0.2549149606299213
20
-0.3367634251968504
11
0.2549727165354331
21
-0.3365901181102362
0
LINE
8
BLACK
6
CONTINUOUS
10
0.2549727165354331
20
-0.3365901181102362
11
0.2530940157480315
21
-0.3296022440944882
0
LINE
8
BLACK
6
CONTINUOUS
10
0.2530940157480315
20
-0.3296022440944882
11
0.2530566929133858
21
-0.3288350787401575
0
LINE
8
BLACK
6
CONTINUOUS
10
0.2530566929133858
20
-0.3288350787401575
11
0.2531668897637795
21
-0.3286513385826771
0
LINE
8
BLACK
6
CONTINUOUS
10
0.2531668897637795
20
-0.3286513385826771
11
0.2530352362204724
21
-0.3197509842519685
0
LINE
8
BLACK
6
CONTINUOUS
10
0.2530352362204724
20
-0.3197509842519685
11
0.2531850787401575
21
-0.3189976771653543
0
LINE
8
BLACK
6
CONTINUOUS
10
0.2531850787401575
20
-0.3189976771653543
11
0.2533318897637795
21
-0.3188508267716536
0
LINE
8
BLACK
6
CONTINUOUS
10
0.2533318897637795
20
-0.3188508267716536
11
0.254968779527559
21
-0.3117744881889764
0
LINE
8
BLACK
6
CONTINUOUS
10
0.254968779527559
20
-0.3117744881889764
11
0.2552968503937008
21
-0.3110800393700787
0
LINE
8
BLACK
6
CONTINUOUS
10
0.2552968503937008
20
-0.3110800393700787
11
0.2554293700787402
21
-0.3110004724409449
0
LINE
8
BLACK
6
CONTINUOUS
10
0.2554293700787402
20
-0.3110004724409449
11
0.2569925590551181
21
-0.3076220866141732
0
LINE
8
BLACK
6
CONTINUOUS
10
0.2569925590551181
20
-0.3076220866141732
11
0.2574635039370078
21
-0.3070153149606299
0
LINE
8
BLACK
6
CONTINUOUS
10
0.2574635039370078
20
-0.3070153149606299
11
0.2576693307086614
21
-0.3069466929133858
0
LINE
8
BLACK
6
CONTINUOUS
10
0.2576693307086614
20
-0.3069466929133858
11
0.2591399606299212
21
-0.3053406299212598
0
LINE
8
BLACK
6
CONTINUOUS
10
0.2591399606299212
20
-0.3053406299212598
11
0.259140905511811
21
-0.305337874015748
0
LINE
8
BLACK
6
CONTINUOUS
10
0.259140905511811
20
-0.305337874015748
11
0.2591440551181102
21
-0.3053361417322835
0
LINE
8
BLACK
6
CONTINUOUS
10
0.2591440551181102
20
-0.3053361417322835
11
0.259236062992126
21
-0.3052357086614173
0
LINE
8
BLACK
6
CONTINUOUS
10
0.259236062992126
20
-0.3052357086614173
11
0.2598746850393701
21
-0.3048089763779527
0
LINE
8
BLACK
6
CONTINUOUS
10
0.2598746850393701
20
-0.3048089763779527
11
0.2601231496062992
21
-0.3048089763779527
0
LINE
8
BLACK
6
CONTINUOUS
10
0.2601231496062992
20
-0.3048089763779527
11
0.2634972047244095
21
-0.3029922047244095
0
LINE
8
BLACK
6
CONTINUOUS
10
0.2634972047244095
20
-0.3029922047244095
11
0.2635922834645669
21
-0.3029661417322835
0
LINE
8
BLACK
6
CONTINUOUS
10
0.2635922834645669
20
-0.3029661417322835
11
0.2636242519685039
21
-0.3029342125984252
0
LINE
8
BLACK
6
CONTINUOUS
10
0.2636242519685039
20
-0.3029342125984252
11
0.2637206692913386
21
-0.3029309842519685
0
LINE
8
BLACK
6
CONTINUOUS
10
0.2637206692913386
20
-0.3029309842519685
11
0.2642379921259843
21
-0.3027893307086614
0
LINE
8
BLACK
6
CONTINUOUS
10
0.2642379921259843
20
-0.3027893307086614
11
0.2645774409448819
21
-0.3029024803149606
0
LINE
8
BLACK
6
CONTINUOUS
10
0.2645774409448819
20
-0.3029024803149606
11
0.2681270866141732
21
-0.3027843700787402
0
LINE
8
BLACK
6
CONTINUOUS
10
0.2681270866141732
20
-0.3027843700787402
11
0.268223779527559
21
-0.3028035826771653
0
LINE
8
BLACK
6
CONTINUOUS
10
0.2646190157480315
20
-0.3067133070866142
11
0.2615397244094488
21
-0.3083714173228346
0
LINE
8
BLACK
6
CONTINUOUS
10
0.2615397244094488
20
-0.3083714173228346
11
0.2601451968503937
21
-0.3098943307086614
0
LINE
8
BLACK
6
CONTINUOUS
10
0.2601451968503937
20
-0.3098943307086614
11
0.2601338188976378
21
-0.3099018897637795
0
LINE
8
BLACK
6
CONTINUOUS
10
0.2601338188976378
20
-0.3099018897637795
11
0.2586391732283465
21
-0.3131322834645669
0
LINE
8
BLACK
6
CONTINUOUS
10
0.2586391732283465
20
-0.3131322834645669
11
0.258519094488189
21
-0.313286968503937
0
LINE
8
BLACK
6
CONTINUOUS
10
0.258519094488189
20
-0.313286968503937
11
0.2569134645669292
21
-0.3202284251968504
0
LINE
8
BLACK
6
CONTINUOUS
10
0.2569134645669292
20
-0.3202284251968504
11
0.2568427952755906
21
-0.3203779527559055
0
LINE
8
BLACK
6
CONTINUOUS
10
0.2568427952755906
20
-0.3203779527559055
11
0.2569722440944882
21
-0.3291248031496063
0
LINE
8
BLACK
6
CONTINUOUS
10
0.2569722440944882
20
-0.3291248031496063
11
0.2569416929133858
21
-0.3292782677165354
0
LINE
8
BLACK
6
CONTINUOUS
10
0.2569416929133858
20
-0.3292782677165354
11
0.2587882283464567
21
-0.3361464173228346
0
LINE
8
BLACK
6
CONTINUOUS
10
0.2587882283464567
20
-0.3361464173228346
11
0.2587957874015748
21
-0.3363021653543307
0
LINE
8
BLACK
6
CONTINUOUS
10
0.2587957874015748
20
-0.3363021653543307
11
0.2604970472440945
21
-0.3394616535433071
0
LINE
8
BLACK
6
CONTINUOUS
10
0.2604970472440945
20
-0.3394616535433071
11
0.26202
21
-0.3408562598425197
0
LINE
8
BLACK
6
CONTINUOUS
10
0.26202
20
-0.3408562598425197
11
0.2620275984251969
21
-0.3408675984251968
0
LINE
8
BLACK
6
CONTINUOUS
10
0.2620275984251969
20
-0.3408675984251968
11
0.2650313779527559
21
-0.3422574409448819
0
LINE
8
BLACK
6
CONTINUOUS
10
0.2650313779527559
20
-0.3422574409448819
11
0.2678855511811024
21
-0.3421624803149606
0
LINE
8
BLACK
6
CONTINUOUS
10
0.2678855511811024
20
-0.3421624803149606
11
0.2709648818897638
21
-0.3405043700787401
0
LINE
8
BLACK
6
CONTINUOUS
10
0.2709648818897638
20
-0.3405043700787401
11
0.2723594094488189
21
-0.3389814566929134
0
LINE
8
BLACK
6
CONTINUOUS
10
0.2723594094488189
20
-0.3389814566929134
11
0.2723707874015748
21
-0.3389738188976378
0
LINE
8
BLACK
6
CONTINUOUS
10
0.2723707874015748
20
-0.3389738188976378
11
0.2738654330708661
21
-0.3357435433070866
0
LINE
8
BLACK
6
CONTINUOUS
10
0.2738654330708661
20
-0.3357435433070866
11
0.2739855118110236
21
-0.3355887795275591
0
LINE
8
BLACK
6
CONTINUOUS
10
0.2739855118110236
20
-0.3355887795275591
11
0.2755911811023622
21
-0.3286473622047244
0
LINE
8
BLACK
6
CONTINUOUS
10
0.2755911811023622
20
-0.3286473622047244
11
0.275661811023622
21
-0.3284977952755905
0
LINE
8
BLACK
6
CONTINUOUS
10
0.275661811023622
20
-0.3284977952755905
11
0.2755324015748031
21
-0.3197509842519685
0
LINE
8
BLACK
6
CONTINUOUS
10
0.2755324015748031
20
-0.3197509842519685
11
0.2755629133858268
21
-0.3195974803149606
0
LINE
8
BLACK
6
CONTINUOUS
10
0.2755629133858268
20
-0.3195974803149606
11
0.2737164173228346
21
-0.3127293700787401
0
LINE
8
BLACK
6
CONTINUOUS
10
0.2737164173228346
20
-0.3127293700787401
11
0.2737088188976378
21
-0.3125735433070866
0
LINE
8
BLACK
6
CONTINUOUS
10
0.2737088188976378
20
-0.3125735433070866
11
0.2720075590551181
21
-0.309414094488189
0
LINE
8
BLACK
6
CONTINUOUS
10
0.2720075590551181
20
-0.309414094488189
11
0.2704846850393701
21
-0.3080195669291338
0
LINE
8
BLACK
6
CONTINUOUS
10
0.2704846850393701
20
-0.3080195669291338
11
0.2704770866141732
21
-0.3080081889763779
0
LINE
8
BLACK
6
CONTINUOUS
10
0.2704770866141732
20
-0.3080081889763779
11
0.2674732677165354
21
-0.3066183464566929
0
LINE
8
BLACK
6
CONTINUOUS
10
0.2674732677165354
20
-0.3066183464566929
11
0.2646190157480315
21
-0.3067133070866142
0
LINE
8
BLACK
6
CONTINUOUS
10
0.3075938582677165
20
-0.3028035826771653
11
0.3076367322834646
21
-0.3027893307086614
0
LINE
8
BLACK
6
CONTINUOUS
10
0.3076367322834646
20
-0.3027893307086614
11
0.3077231496062992
21
-0.3028292913385827
0
LINE
8
BLACK
6
CONTINUOUS
10
0.3077231496062992
20
-0.3028292913385827
11
0.3082504724409449
21
-0.3029342125984252
0
LINE
8
BLACK
6
CONTINUOUS
10
0.3082504724409449
20
-0.3029342125984252
11
0.3085093307086614
21
-0.3031930708661417
0
LINE
8
BLACK
6
CONTINUOUS
10
0.3085093307086614
20
-0.3031930708661417
11
0.3121270078740158
21
-0.3048669291338583
0
LINE
8
BLACK
6
CONTINUOUS
10
0.3121270078740158
20
-0.3048669291338583
11
0.312733779527559
21
-0.305337874015748
0
LINE
8
BLACK
6
CONTINUOUS
10
0.312733779527559
20
-0.305337874015748
11
0.3128023622047244
21
-0.3055437007874016
0
LINE
8
BLACK
6
CONTINUOUS
10
0.3128023622047244
20
-0.3055437007874016
11
0.3144084251968504
21
-0.3070143307086614
0
LINE
8
BLACK
6
CONTINUOUS
10
0.3144084251968504
20
-0.3070143307086614
11
0.3144112204724409
21
-0.3070152755905512
0
LINE
8
BLACK
6
CONTINUOUS
10
0.3144112204724409
20
-0.3070152755905512
11
0.3144129133858268
21
-0.3070184251968504
0
LINE
8
BLACK
6
CONTINUOUS
10
0.3144129133858268
20
-0.3070184251968504
11
0.3145133858267716
21
-0.3071104330708662
0
LINE
8
BLACK
6
CONTINUOUS
10
0.3145133858267716
20
-0.3071104330708662
11
0.3149401181102362
21
-0.3077490551181102
0
LINE
8
BLACK
6
CONTINUOUS
10
0.3149401181102362
20
-0.3077490551181102
11
0.3149401181102362
21
-0.3079975196850394
0
LINE
8
BLACK
6
CONTINUOUS
10
0.3149401181102362
20
-0.3079975196850394
11
0.3167568897637795
21
-0.3113715748031496
0
LINE
8
BLACK
6
CONTINUOUS
10
0.3167568897637795
20
-0.3113715748031496
11
0.3167829133858268
21
-0.3114666535433071
0
LINE
8
BLACK
6
CONTINUOUS
10
0.3167829133858268
20
-0.3114666535433071
11
0.3168148818897638
21
-0.3114986220472441
0
LINE
8
BLACK
6
CONTINUOUS
10
0.3168148818897638
20
-0.3114986220472441
11
0.3168180708661417
21
-0.3115950393700787
0
LINE
8
BLACK
6
CONTINUOUS
10
0.3168180708661417
20
-0.3115950393700787
11
0.3169597637795276
21
-0.3121123622047244
0
LINE
8
BLACK
6
CONTINUOUS
10
0.3169597637795276
20
-0.3121123622047244
11
0.3168465748031496
21
-0.312451811023622
0
LINE
8
BLACK
6
CONTINUOUS
10
0.3168465748031496
20
-0.312451811023622
11
0.3169647244094488
21
-0.3160014566929134
0
LINE
8
BLACK
6
CONTINUOUS
10
0.3169647244094488
20
-0.3160014566929134
11
0.3168148818897638
21
-0.3167547637795275
0
LINE
8
BLACK
6
CONTINUOUS
10
0.3168148818897638
20
-0.3167547637795275
11
0.316625905511811
21
-0.3169437007874016
0
LINE
8
BLACK
6
CONTINUOUS
10
0.316625905511811
20
-0.3169437007874016
11
0.314988937007874
21
-0.3222482283464567
0
LINE
8
BLACK
6
CONTINUOUS
10
0.314988937007874
20
-0.3222482283464567
11
0.3149401181102362
21
-0.3223338582677165
0
LINE
8
BLACK
6
CONTINUOUS
10
0.3149401181102362
20
-0.3223338582677165
11
0.3149401181102362
21
-0.3223790551181102
0
LINE
8
BLACK
6
CONTINUOUS
10
0.3149401181102362
20
-0.3223790551181102
11
0.3148794488188976
21
-0.3224402362204724
0
LINE
8
BLACK
6
CONTINUOUS
10
0.3148794488188976
20
-0.3224402362204724
11
0.3146085826771653
21
-0.3229155118110236
0
LINE
8
BLACK
6
CONTINUOUS
10
0.3146085826771653
20
-0.3229155118110236
11
0.3142122047244094
21
-0.3231136614173228
0
LINE
8
BLACK
6
CONTINUOUS
10
0.3142122047244094
20
-0.3231136614173228
11
0.2952290551181102
21
-0.3422723228346456
0
LINE
8
BLACK
6
CONTINUOUS
10
0.2952290551181102
20
-0.3422723228346456
11
0.3149962204724409
21
-0.3421544488188976
0
LINE
8
BLACK
6
CONTINUOUS
10
0.3149962204724409
20
-0.3421544488188976
11
0.3157495275590551
21
-0.3423042913385826
0
LINE
8
BLACK
6
CONTINUOUS
10
0.3157495275590551
20
-0.3423042913385826
11
0.3168148818897638
21
-0.3433696456692913
0
LINE
8
BLACK
6
CONTINUOUS
10
0.3168148818897638
20
-0.3433696456692913
11
0.3168148818897638
21
-0.3448762598425197
0
LINE
8
BLACK
6
CONTINUOUS
10
0.3168148818897638
20
-0.3448762598425197
11
0.3157495275590551
21
-0.3459416141732283
0
LINE
8
BLACK
6
CONTINUOUS
10
0.3157495275590551
20
-0.3459416141732283
11
0.2906242913385827
21
-0.3460914566929134
0
LINE
8
BLACK
6
CONTINUOUS
10
0.2906242913385827
20
-0.3460914566929134
11
0.2898709842519685
21
-0.3459416141732283
0
LINE
8
BLACK
6
CONTINUOUS
10
0.2898709842519685
20
-0.3459416141732283
11
0.2888056299212599
21
-0.3448762598425197
0
LINE
8
BLACK
6
CONTINUOUS
10
0.2888056299212599
20
-0.3448762598425197
11
0.2888056299212599
21
-0.3433696456692913
0
LINE
8
BLACK
6
CONTINUOUS
10
0.2888056299212599
20
-0.3433696456692913
11
0.3115857086614173
21
-0.3203788976377953
0
LINE
8
BLACK
6
CONTINUOUS
10
0.3115857086614173
20
-0.3203788976377953
11
0.3131287401574803
21
-0.3153789763779528
0
LINE
8
BLACK
6
CONTINUOUS
10
0.3131287401574803
20
-0.3153789763779528
11
0.3131315748031496
21
-0.315373937007874
0
LINE
8
BLACK
6
CONTINUOUS
10
0.3131315748031496
20
-0.315373937007874
11
0.313035748031496
21
-0.3124933858267717
0
LINE
8
BLACK
6
CONTINUOUS
10
0.313035748031496
20
-0.3124933858267717
11
0.3113776377952756
21
-0.309414094488189
0
LINE
8
BLACK
6
CONTINUOUS
10
0.3113776377952756
20
-0.309414094488189
11
0.3098547637795275
21
-0.3080195669291338
0
LINE
8
BLACK
6
CONTINUOUS
10
0.3098547637795275
20
-0.3080195669291338
11
0.3098471653543307
21
-0.3080081889763779
0
LINE
8
BLACK
6
CONTINUOUS
10
0.3098471653543307
20
-0.3080081889763779
11
0.3067888582677165
21
-0.3065931496062992
0
LINE
8
BLACK
6
CONTINUOUS
10
0.3067888582677165
20
-0.3065931496062992
11
0.2983562992125984
21
-0.3067179133858268
0
LINE
8
BLACK
6
CONTINUOUS
10
0.2983562992125984
20
-0.3067179133858268
11
0.2952855118110236
21
-0.3083714173228346
0
LINE
8
BLACK
6
CONTINUOUS
10
0.2952855118110236
20
-0.3083714173228346
11
0.2938909842519685
21
-0.3098943307086614
0
LINE
8
BLACK
6
CONTINUOUS
10
0.2938909842519685
20
-0.3098943307086614
11
0.2932523622047244
21
-0.310321062992126
0
LINE
8
BLACK
6
CONTINUOUS
10
0.2932523622047244
20
-0.310321062992126
11
0.2917457480314961
21
-0.310321062992126
0
LINE
8
BLACK
6
CONTINUOUS
10
0.2917457480314961
20
-0.310321062992126
11
0.2906803937007874
21
-0.3092557086614173
0
LINE
8
BLACK
6
CONTINUOUS
10
0.2906803937007874
20
-0.3092557086614173
11
0.2906803937007874
21
-0.307749094488189
0
LINE
8
BLACK
6
CONTINUOUS
10
0.2906803937007874
20
-0.307749094488189
11
0.292885748031496
21
-0.3053406299212598
0
LINE
8
BLACK
6
CONTINUOUS
10
0.292885748031496
20
-0.3053406299212598
11
0.2928866929133858
21
-0.305337874015748
0
LINE
8
BLACK
6
CONTINUOUS
10
0.2928866929133858
20
-0.305337874015748
11
0.292889842519685
21
-0.3053361417322835
0
LINE
8
BLACK
6
CONTINUOUS
10
0.292889842519685
20
-0.3053361417322835
11
0.2929818503937008
21
-0.3052357086614173
0
LINE
8
BLACK
6
CONTINUOUS
10
0.2929818503937008
20
-0.3052357086614173
11
0.2936204724409449
21
-0.3048089763779527
0
LINE
8
BLACK
6
CONTINUOUS
10
0.2936204724409449
20
-0.3048089763779527
11
0.293868937007874
21
-0.3048089763779527
0
LINE
8
BLACK
6
CONTINUOUS
10
0.293868937007874
20
-0.3048089763779527
11
0.2972429921259843
21
-0.3029922047244095
0
LINE
8
BLACK
6
CONTINUOUS
10
0.2972429921259843
20
-0.3029922047244095
11
0.2973380708661417
21
-0.3029661417322835
0
LINE
8
BLACK
6
CONTINUOUS
10
0.2973380708661417
20
-0.3029661417322835
11
0.2973700393700787
21
-0.3029342125984252
0
LINE
8
BLACK
6
CONTINUOUS
10
0.2973700393700787
20
-0.3029342125984252
11
0.2974595669291338
21
-0.302932874015748
0
LINE
8
BLACK
6
CONTINUOUS
10
0.2974595669291338
20
-0.302932874015748
11
0.2979837795275591
21
-0.3027893307086614
0
LINE
8
BLACK
6
CONTINUOUS
10
0.2979837795275591
20
-0.3027893307086614
11
0.2983738188976378
21
-0.3029193307086614
0
LINE
8
BLACK
6
CONTINUOUS
10
0.2983738188976378
20
-0.3029193307086614
11
0.3074971653543307
21
-0.3027843700787402
0
LINE
8
BLACK
6
CONTINUOUS
10
0.3074971653543307
20
-0.3027843700787402
11
0.3075938582677165
21
-0.3028035826771653
0
LINE
8
BLACK
6
CONTINUOUS
10
0.3530405905511811
20
-0.3028935826771654
11
0.3531222047244094
21
-0.3028881496062992
0
LINE
8
BLACK
6
CONTINUOUS
10
0.3531222047244094
20
-0.3028881496062992
11
0.3531542519685039
21
-0.3029161811023622
0
LINE
8
BLACK
6
CONTINUOUS
10
0.3531542519685039
20
-0.3029161811023622
11
0.353244842519685
21
-0.3029342125984252
0
LINE
8
BLACK
6
CONTINUOUS
10
0.353244842519685
20
-0.3029342125984252
11
0.3537346062992126
21
-0.3034239763779528
0
LINE
8
BLACK
6
CONTINUOUS
10
0.3537346062992126
20
-0.3034239763779528
11
0.354256062992126
21
-0.3038802362204724
0
LINE
8
BLACK
6
CONTINUOUS
10
0.354256062992126
20
-0.3038802362204724
11
0.3542607086614173
21
-0.3039500787401574
0
LINE
8
BLACK
6
CONTINUOUS
10
0.3542607086614173
20
-0.3039500787401574
11
0.3543101968503937
21
-0.3039995669291338
0
LINE
8
BLACK
6
CONTINUOUS
10
0.3543101968503937
20
-0.3039995669291338
11
0.3543101968503937
21
-0.3046924015748032
0
LINE
8
BLACK
6
CONTINUOUS
10
0.3543101968503937
20
-0.3046924015748032
11
0.3543562598425197
21
-0.3053835433070866
0
LINE
8
BLACK
6
CONTINUOUS
10
0.3543562598425197
20
-0.3053835433070866
11
0.3543101968503937
21
-0.3054369291338583
0
LINE
8
BLACK
6
CONTINUOUS
10
0.3543101968503937
20
-0.3054369291338583
11
0.3543101968503937
21
-0.3055061811023622
0
LINE
8
BLACK
6
CONTINUOUS
10
0.3543101968503937
20
-0.3055061811023622
11
0.3538767716535433
21
-0.3059395669291339
0
LINE
8
BLACK
6
CONTINUOUS
10
0.3538767716535433
20
-0.3059395669291339
11
0.3436373228346457
21
-0.3178142913385827
0
LINE
8
BLACK
6
CONTINUOUS
10
0.3436373228346457
20
-0.3178142913385827
11
0.3449924803149606
21
-0.3177824803149606
0
LINE
8
BLACK
6
CONTINUOUS
10
0.3449924803149606
20
-0.3177824803149606
11
0.3450891732283464
21
-0.3178016929133858
0
LINE
8
BLACK
6
CONTINUOUS
10
0.3450891732283464
20
-0.3178016929133858
11
0.3451320472440945
21
-0.3177874409448819
0
LINE
8
BLACK
6
CONTINUOUS
10
0.3451320472440945
20
-0.3177874409448819
11
0.3452184645669291
21
-0.3178274015748032
0
LINE
8
BLACK
6
CONTINUOUS
10
0.3452184645669291
20
-0.3178274015748032
11
0.3457457874015748
21
-0.3179323228346457
0
LINE
8
BLACK
6
CONTINUOUS
10
0.3457457874015748
20
-0.3179323228346457
11
0.3460046456692913
21
-0.3181911811023622
0
LINE
8
BLACK
6
CONTINUOUS
10
0.3460046456692913
20
-0.3181911811023622
11
0.3496223228346457
21
-0.3198650393700787
0
LINE
8
BLACK
6
CONTINUOUS
10
0.3496223228346457
20
-0.3198650393700787
11
0.350229094488189
21
-0.3203359842519685
0
LINE
8
BLACK
6
CONTINUOUS
10
0.350229094488189
20
-0.3203359842519685
11
0.3502976771653543
21
-0.3205418110236221
0
LINE
8
BLACK
6
CONTINUOUS
10
0.3502976771653543
20
-0.3205418110236221
11
0.3519037401574803
21
-0.3220124409448819
0
LINE
8
BLACK
6
CONTINUOUS
10
0.3519037401574803
20
-0.3220124409448819
11
0.3519065354330709
21
-0.3220133858267716
0
LINE
8
BLACK
6
CONTINUOUS
10
0.3519065354330709
20
-0.3220133858267716
11
0.3519082283464567
21
-0.3220165354330708
0
LINE
8
BLACK
6
CONTINUOUS
10
0.3519082283464567
20
-0.3220165354330708
11
0.3520087007874015
21
-0.3221085433070866
0
LINE
8
BLACK
6
CONTINUOUS
10
0.3520087007874015
20
-0.3221085433070866
11
0.3524354330708661
21
-0.3227471653543307
0
LINE
8
BLACK
6
CONTINUOUS
10
0.3524354330708661
20
-0.3227471653543307
11
0.3524354330708661
21
-0.3229956299212599
0
LINE
8
BLACK
6
CONTINUOUS
10
0.3524354330708661
20
-0.3229956299212599
11
0.3542522047244094
21
-0.3263696850393701
0
LINE
8
BLACK
6
CONTINUOUS
10
0.3542522047244094
20
-0.3263696850393701
11
0.3542782283464567
21
-0.3264647637795275
0
LINE
8
BLACK
6
CONTINUOUS
10
0.3542782283464567
20
-0.3264647637795275
11
0.3543101968503937
21
-0.3264967322834645
0
LINE
8
BLACK
6
CONTINUOUS
10
0.3543101968503937
20
-0.3264967322834645
11
0.3543114960629921
21
-0.3265862598425197
0
LINE
8
BLACK
6
CONTINUOUS
10
0.3543114960629921
20
-0.3265862598425197
11
0.3544550787401575
21
-0.3271104724409449
0
LINE
8
BLACK
6
CONTINUOUS
10
0.3544550787401575
20
-0.3271104724409449
11
0.3543250393700788
21
-0.3275005118110236
0
LINE
8
BLACK
6
CONTINUOUS
10
0.3543250393700788
20
-0.3275005118110236
11
0.3544600393700787
21
-0.3366238582677165
0
LINE
8
BLACK
6
CONTINUOUS
10
0.3544600393700787
20
-0.3366238582677165
11
0.3544407874015748
21
-0.3367205511811023
0
LINE
8
BLACK
6
CONTINUOUS
10
0.3544407874015748
20
-0.3367205511811023
11
0.3544550787401575
21
-0.3367634251968504
0
LINE
8
BLACK
6
CONTINUOUS
10
0.3544550787401575
20
-0.3367634251968504
11
0.3544150787401575
21
-0.336849842519685
0
LINE
8
BLACK
6
CONTINUOUS
10
0.3544150787401575
20
-0.336849842519685
11
0.3543101968503937
21
-0.3373771653543307
0
LINE
8
BLACK
6
CONTINUOUS
10
0.3543101968503937
20
-0.3373771653543307
11
0.3540512992125984
21
-0.3376360236220473
0
LINE
8
BLACK
6
CONTINUOUS
10
0.3540512992125984
20
-0.3376360236220473
11
0.3523774409448819
21
-0.3412537401574803
0
LINE
8
BLACK
6
CONTINUOUS
10
0.3523774409448819
20
-0.3412537401574803
11
0.3519065354330709
21
-0.3418605118110236
0
LINE
8
BLACK
6
CONTINUOUS
10
0.3519065354330709
20
-0.3418605118110236
11
0.3517006299212598
21
-0.341929094488189
0
LINE
8
BLACK
6
CONTINUOUS
10
0.3517006299212598
20
-0.341929094488189
11
0.3502299606299212
21
-0.3435352362204724
0
LINE
8
BLACK
6
CONTINUOUS
10
0.3502299606299212
20
-0.3435352362204724
11
0.350229094488189
21
-0.3435379527559055
0
LINE
8
BLACK
6
CONTINUOUS
10
0.350229094488189
20
-0.3435379527559055
11
0.3502259842519685
21
-0.3435396062992126
0
LINE
8
BLACK
6
CONTINUOUS
10
0.3502259842519685
20
-0.3435396062992126
11
0.3501339763779527
21
-0.3436401181102362
0
LINE
8
BLACK
6
CONTINUOUS
10
0.3501339763779527
20
-0.3436401181102362
11
0.3494953543307087
21
-0.3440668503937008
0
LINE
8
BLACK
6
CONTINUOUS
10
0.3494953543307087
20
-0.3440668503937008
11
0.3492468503937008
21
-0.3440668503937008
0
LINE
8
BLACK
6
CONTINUOUS
10
0.3492468503937008
20
-0.3440668503937008
11
0.3458728346456693
21
-0.3458836220472441
0
LINE
8
BLACK
6
CONTINUOUS
10
0.3458728346456693
20
-0.3458836220472441
11
0.345777716535433
21
-0.3459096456692913
0
LINE
8
BLACK
6
CONTINUOUS
10
0.345777716535433
20
-0.3459096456692913
11
0.3457457874015748
21
-0.3459416141732283
0
LINE
8
BLACK
6
CONTINUOUS
10
0.3457457874015748
20
-0.3459416141732283
11
0.3456570078740158
21
-0.3459427165354331
0
LINE
8
BLACK
6
CONTINUOUS
10
0.3456570078740158
20
-0.3459427165354331
11
0.3451320472440945
21
-0.3460864960629921
0
LINE
8
BLACK
6
CONTINUOUS
10
0.3451320472440945
20
-0.3460864960629921
11
0.3447351968503937
21
-0.3459542125984252
0
LINE
8
BLACK
6
CONTINUOUS
10
0.3447351968503937
20
-0.3459542125984252
11
0.3337438976377953
21
-0.3460914566929134
0
LINE
8
BLACK
6
CONTINUOUS
10
0.3337438976377953
20
-0.3460914566929134
11
0.3336471653543307
21
-0.3460722047244094
0
LINE
8
BLACK
6
CONTINUOUS
10
0.3336471653543307
20
-0.3460722047244094
11
0.3336043307086614
21
-0.3460864960629921
0
LINE
8
BLACK
6
CONTINUOUS
10
0.3336043307086614
20
-0.3460864960629921
11
0.333517874015748
21
-0.3460464960629921
0
LINE
8
BLACK
6
CONTINUOUS
10
0.333517874015748
20
-0.3460464960629921
11
0.3329905905511811
21
-0.3459416141732283
0
LINE
8
BLACK
6
CONTINUOUS
10
0.3329905905511811
20
-0.3459416141732283
11
0.3327316929133858
21
-0.3456827165354331
0
LINE
8
BLACK
6
CONTINUOUS
10
0.3327316929133858
20
-0.3456827165354331
11
0.3291140157480315
21
-0.3440088582677165
0
LINE
8
BLACK
6
CONTINUOUS
10
0.3291140157480315
20
-0.3440088582677165
11
0.3285072440944882
21
-0.3435379527559055
0
LINE
8
BLACK
6
CONTINUOUS
10
0.3285072440944882
20
-0.3435379527559055
11
0.3284386220472441
21
-0.3433320472440945
0
LINE
8
BLACK
6
CONTINUOUS
10
0.3284386220472441
20
-0.3433320472440945
11
0.3267276377952756
21
-0.3417653149606299
0
LINE
8
BLACK
6
CONTINUOUS
10
0.3267276377952756
20
-0.3417653149606299
11
0.3263009448818898
21
-0.3411266929133858
0
LINE
8
BLACK
6
CONTINUOUS
10
0.3263009448818898
20
-0.3411266929133858
11
0.3263009448818898
21
-0.3396200393700787
0
LINE
8
BLACK
6
CONTINUOUS
10
0.3263009448818898
20
-0.3396200393700787
11
0.3273662992125984
21
-0.3385547244094488
0
LINE
8
BLACK
6
CONTINUOUS
10
0.3273662992125984
20
-0.3385547244094488
11
0.3288729527559055
21
-0.3385547244094488
0
LINE
8
BLACK
6
CONTINUOUS
10
0.3288729527559055
20
-0.3385547244094488
11
0.3313863385826771
21
-0.3408562598425197
0
LINE
8
BLACK
6
CONTINUOUS
10
0.3313863385826771
20
-0.3408562598425197
11
0.331393937007874
21
-0.3408675984251968
0
LINE
8
BLACK
6
CONTINUOUS
10
0.331393937007874
20
-0.3408675984251968
11
0.3344592913385827
21
-0.3422859448818897
0
LINE
8
BLACK
6
CONTINUOUS
10
0.3344592913385827
20
-0.3422859448818897
11
0.3447604724409449
21
-0.3421573228346457
0
LINE
8
BLACK
6
CONTINUOUS
10
0.3447604724409449
20
-0.3421573228346457
11
0.3478302755905512
21
-0.3405043700787401
0
LINE
8
BLACK
6
CONTINUOUS
10
0.3478302755905512
20
-0.3405043700787401
11
0.3492248031496063
21
-0.3389814566929134
0
LINE
8
BLACK
6
CONTINUOUS
10
0.3492248031496063
20
-0.3389814566929134
11
0.3492361811023622
21
-0.3389738188976378
0
LINE
8
BLACK
6
CONTINUOUS
10
0.3492361811023622
20
-0.3389738188976378
11
0.350651220472441
21
-0.3359155118110236
0
LINE
8
BLACK
6
CONTINUOUS
10
0.350651220472441
20
-0.3359155118110236
11
0.3505264566929134
21
-0.3274829921259843
0
LINE
8
BLACK
6
CONTINUOUS
10
0.3505264566929134
20
-0.3274829921259843
11
0.3488729527559055
21
-0.3244122047244095
0
LINE
8
BLACK
6
CONTINUOUS
10
0.3488729527559055
20
-0.3244122047244095
11
0.3473500787401575
21
-0.3230176771653543
0
LINE
8
BLACK
6
CONTINUOUS
10
0.3473500787401575
20
-0.3230176771653543
11
0.3473424803149606
21
-0.3230062992125984
0
LINE
8
BLACK
6
CONTINUOUS
10
0.3473424803149606
20
-0.3230062992125984
11
0.3443103149606299
21
-0.3216033464566929
0
LINE
8
BLACK
6
CONTINUOUS
10
0.3443103149606299
20
-0.3216033464566929
11
0.3393681889763779
21
-0.3217194881889764
0
LINE
8
BLACK
6
CONTINUOUS
10
0.3393681889763779
20
-0.3217194881889764
11
0.338819094488189
21
-0.3216102362204724
0
LINE
8
BLACK
6
CONTINUOUS
10
0.338819094488189
20
-0.3216102362204724
11
0.3387375196850393
21
-0.3216157086614173
0
LINE
8
BLACK
6
CONTINUOUS
10
0.3387375196850393
20
-0.3216157086614173
11
0.3387054330708661
21
-0.3215876377952756
0
LINE
8
BLACK
6
CONTINUOUS
10
0.3387054330708661
20
-0.3215876377952756
11
0.3386148818897638
21
-0.3215696456692913
0
LINE
8
BLACK
6
CONTINUOUS
10
0.3386148818897638
20
-0.3215696456692913
11
0.3381250787401575
21
-0.321079842519685
0
LINE
8
BLACK
6
CONTINUOUS
10
0.3381250787401575
20
-0.321079842519685
11
0.3376036614173228
21
-0.3206236220472441
0
LINE
8
BLACK
6
CONTINUOUS
10
0.3376036614173228
20
-0.3206236220472441
11
0.3375989763779528
21
-0.3205537401574803
0
LINE
8
BLACK
6
CONTINUOUS
10
0.3375989763779528
20
-0.3205537401574803
11
0.3375495275590551
21
-0.3205042913385827
0
LINE
8
BLACK
6
CONTINUOUS
10
0.3375495275590551
20
-0.3205042913385827
11
0.3375495275590551
21
-0.3198114173228346
0
LINE
8
BLACK
6
CONTINUOUS
10
0.3375495275590551
20
-0.3198114173228346
11
0.3375034645669291
21
-0.3191203149606299
0
LINE
8
BLACK
6
CONTINUOUS
10
0.3375034645669291
20
-0.3191203149606299
11
0.3375495275590551
21
-0.3190668897637795
0
LINE
8
BLACK
6
CONTINUOUS
10
0.3375495275590551
20
-0.3190668897637795
11
0.3375495275590551
21
-0.3189976771653543
0
LINE
8
BLACK
6
CONTINUOUS
10
0.3375495275590551
20
-0.3189976771653543
11
0.3379829133858268
21
-0.3185642519685039
0
LINE
8
BLACK
6
CONTINUOUS
10
0.3379829133858268
20
-0.3185642519685039
11
0.3482986614173229
21
-0.3066010236220472
0
LINE
8
BLACK
6
CONTINUOUS
10
0.3482986614173229
20
-0.3066010236220472
11
0.3281196062992126
21
-0.3067213779527559
0
LINE
8
BLACK
6
CONTINUOUS
10
0.3281196062992126
20
-0.3067213779527559
11
0.3273662992125984
21
-0.3065715354330709
0
LINE
8
BLACK
6
CONTINUOUS
10
0.3273662992125984
20
-0.3065715354330709
11
0.3263009448818898
21
-0.3055061811023622
0
LINE
8
BLACK
6
CONTINUOUS
10
0.3263009448818898
20
-0.3055061811023622
11
0.3263009448818898
21
-0.3039995669291338
0
LINE
8
BLACK
6
CONTINUOUS
10
0.3263009448818898
20
-0.3039995669291338
11
0.3273662992125984
21
-0.3029342125984252
0
LINE
8
BLACK
6
CONTINUOUS
10
0.3273662992125984
20
-0.3029342125984252
11
0.3524915354330709
21
-0.3027843700787402
0
LINE
8
BLACK
6
CONTINUOUS
10
0.3524915354330709
20
-0.3027843700787402
11
0.3530405905511811
21
-0.3028935826771654
0
LINE
8
BLACK
6
CONTINUOUS
10
-0.24016
20
-0.2492615748031496
11
-0.2393453543307087
21
-0.2500762204724409
0
LINE
8
BLACK
6
CONTINUOUS
10
-0.2393453543307087
20
-0.2500762204724409
11
-0.2389044488188976
21
-0.2511406299212599
0
LINE
8
BLACK
6
CONTINUOUS
10
-0.2389044488188976
20
-0.2511406299212599
11
-0.2388485433070866
21
-0.2925485433070866
0
LINE
8
BLACK
6
CONTINUOUS
10
-0.2388485433070866
20
-0.2925485433070866
11
-0.2368871653543307
21
-0.2963806692913385
0
LINE
8
BLACK
6
CONTINUOUS
10
-0.2368871653543307
20
-0.2963806692913385
11
-0.2350888582677165
21
-0.2981289763779528
0
LINE
8
BLACK
6
CONTINUOUS
10
-0.2350888582677165
20
-0.2981289763779528
11
-0.2312687795275591
21
-0.2999942913385827
0
LINE
8
BLACK
6
CONTINUOUS
10
-0.2312687795275591
20
-0.2999942913385827
11
-0.2229082677165354
21
-0.2999483464566929
0
LINE
8
BLACK
6
CONTINUOUS
10
-0.2229082677165354
20
-0.2999483464566929
11
-0.2190712598425197
21
-0.2979844881889764
0
LINE
8
BLACK
6
CONTINUOUS
10
-0.2190712598425197
20
-0.2979844881889764
11
-0.2173229527559055
21
-0.2961861811023622
0
LINE
8
BLACK
6
CONTINUOUS
10
-0.2173229527559055
20
-0.2961861811023622
11
-0.2154520472440945
21
-0.2923545669291339
0
LINE
8
BLACK
6
CONTINUOUS
10
-0.2154520472440945
20
-0.2923545669291339
11
-0.2155068897637795
21
-0.2517166929133858
0
LINE
8
BLACK
6
CONTINUOUS
10
-0.2155068897637795
20
-0.2517166929133858
11
-0.215450157480315
21
-0.2511406299212599
0
LINE
8
BLACK
6
CONTINUOUS
10
-0.215450157480315
20
-0.2511406299212599
11
-0.2150092519685039
21
-0.2500762204724409
0
LINE
8
BLACK
6
CONTINUOUS
10
-0.2150092519685039
20
-0.2500762204724409
11
-0.2141946062992126
21
-0.2492615748031496
0
LINE
8
BLACK
6
CONTINUOUS
10
-0.2141946062992126
20
-0.2492615748031496
11
-0.2131301968503937
21
-0.2488206692913386
0
LINE
8
BLACK
6
CONTINUOUS
10
-0.2131301968503937
20
-0.2488206692913386
11
-0.2119780708661417
21
-0.2488206692913386
0
LINE
8
BLACK
6
CONTINUOUS
10
-0.2119780708661417
20
-0.2488206692913386
11
-0.2109136614173228
21
-0.2492615748031496
0
LINE
8
BLACK
6
CONTINUOUS
10
-0.2109136614173228
20
-0.2492615748031496
11
-0.2100990157480315
21
-0.2500762204724409
0
LINE
8
BLACK
6
CONTINUOUS
10
-0.2100990157480315
20
-0.2500762204724409
11
-0.2096581102362205
21
-0.2511406299212599
0
LINE
8
BLACK
6
CONTINUOUS
10
-0.2096581102362205
20
-0.2511406299212599
11
-0.2096013779527559
21
-0.2931490157480315
0
LINE
8
BLACK
6
CONTINUOUS
10
-0.2096013779527559
20
-0.2931490157480315
11
-0.2096581102362205
21
-0.2937250787401575
0
LINE
8
BLACK
6
CONTINUOUS
10
-0.2096581102362205
20
-0.2937250787401575
11
-0.2096987401574803
21
-0.2938230708661417
0
LINE
8
BLACK
6
CONTINUOUS
10
-0.2096987401574803
20
-0.2938230708661417
11
-0.2097062204724409
21
-0.2939288976377953
0
LINE
8
BLACK
6
CONTINUOUS
10
-0.2097062204724409
20
-0.2939288976377953
11
-0.2099457086614173
21
-0.2944192913385827
0
LINE
8
BLACK
6
CONTINUOUS
10
-0.2099457086614173
20
-0.2944192913385827
11
-0.2100990157480315
21
-0.2947894881889764
0
LINE
8
BLACK
6
CONTINUOUS
10
-0.2100990157480315
20
-0.2947894881889764
11
-0.2101525984251968
21
-0.294843031496063
0
LINE
8
BLACK
6
CONTINUOUS
10
-0.2101525984251968
20
-0.294843031496063
11
-0.2123502755905512
21
-0.299343937007874
0
LINE
8
BLACK
6
CONTINUOUS
10
-0.2123502755905512
20
-0.299343937007874
11
-0.2125062598425197
21
-0.2995916929133858
0
LINE
8
BLACK
6
CONTINUOUS
10
-0.2125062598425197
20
-0.2995916929133858
11
-0.2125361417322835
21
-0.2996638976377953
0
LINE
8
BLACK
6
CONTINUOUS
10
-0.2125361417322835
20
-0.2996638976377953
11
-0.2125802362204724
21
-0.2997092125984252
0
LINE
8
BLACK
6
CONTINUOUS
10
-0.2125802362204724
20
-0.2997092125984252
11
-0.2126586220472441
21
-0.2998337795275591
0
LINE
8
BLACK
6
CONTINUOUS
10
-0.2126586220472441
20
-0.2998337795275591
11
-0.2129307874015748
21
-0.3000698031496063
0
LINE
8
BLACK
6
CONTINUOUS
10
-0.2129307874015748
20
-0.3000698031496063
11
-0.2153405905511811
21
-0.3025485433070866
0
LINE
8
BLACK
6
CONTINUOUS
10
-0.2153405905511811
20
-0.3025485433070866
11
-0.2155670866141732
21
-0.3027343700787402
0
LINE
8
BLACK
6
CONTINUOUS
10
-0.2155670866141732
20
-0.3027343700787402
11
-0.2156181496062992
21
-0.3027933070866142
0
LINE
8
BLACK
6
CONTINUOUS
10
-0.2156181496062992
20
-0.3027933070866142
11
-0.2156731496062992
21
-0.3028214173228346
0
LINE
8
BLACK
6
CONTINUOUS
10
-0.2156731496062992
20
-0.3028214173228346
11
-0.215788031496063
21
-0.3029157480314961
0
LINE
8
BLACK
6
CONTINUOUS
10
-0.215788031496063
20
-0.3029157480314961
11
-0.2161516929133858
21
-0.3030663385826772
0
LINE
8
BLACK
6
CONTINUOUS
10
-0.2161516929133858
20
-0.3030663385826772
11
-0.2209824015748031
21
-0.3055388188976378
0
LINE
8
BLACK
6
CONTINUOUS
10
-0.2209824015748031
20
-0.3055388188976378
11
-0.221523031496063
21
-0.3057457086614173
0
LINE
8
BLACK
6
CONTINUOUS
10
-0.221523031496063
20
-0.3057457086614173
11
-0.2216288582677165
21
-0.3057531889763779
0
LINE
8
BLACK
6
CONTINUOUS
10
-0.2216288582677165
20
-0.3057531889763779
11
-0.2217268503937008
21
-0.3057938188976378
0
LINE
8
BLACK
6
CONTINUOUS
10
-0.2217268503937008
20
-0.3057938188976378
11
-0.222239842519685
21
-0.3057966141732283
0
LINE
8
BLACK
6
CONTINUOUS
10
-0.222239842519685
20
-0.3057966141732283
11
-0.2226722440944882
21
-0.3058273622047244
0
LINE
8
BLACK
6
CONTINUOUS
10
-0.2226722440944882
20
-0.3058273622047244
11
-0.2227559448818898
21
-0.3057994488188976
0
LINE
8
BLACK
6
CONTINUOUS
10
-0.2227559448818898
20
-0.3057994488188976
11
-0.2320516929133858
21
-0.3058505511811024
0
LINE
8
BLACK
6
CONTINUOUS
10
-0.2320516929133858
20
-0.3058505511811024
11
-0.2326277559055118
21
-0.3057938188976378
0
LINE
8
BLACK
6
CONTINUOUS
10
-0.2326277559055118
20
-0.3057938188976378
11
-0.2327257874015748
21
-0.3057531889763779
0
LINE
8
BLACK
6
CONTINUOUS
10
-0.2327257874015748
20
-0.3057531889763779
11
-0.2328315748031496
21
-0.3057457086614173
0
LINE
8
BLACK
6
CONTINUOUS
10
-0.2328315748031496
20
-0.3057457086614173
11
-0.233321968503937
21
-0.3055062598425197
0
LINE
8
BLACK
6
CONTINUOUS
10
-0.233321968503937
20
-0.3055062598425197
11
-0.2336921653543307
21
-0.3053529133858268
0
LINE
8
BLACK
6
CONTINUOUS
10
-0.2336921653543307
20
-0.3053529133858268
11
-0.2337457480314961
21
-0.3052993307086614
0
LINE
8
BLACK
6
CONTINUOUS
10
-0.2337457480314961
20
-0.3052993307086614
11
-0.2382465748031496
21
-0.3031016535433071
0
LINE
8
BLACK
6
CONTINUOUS
10
-0.2382465748031496
20
-0.3031016535433071
11
-0.2384944094488189
21
-0.3029456299212598
0
LINE
8
BLACK
6
CONTINUOUS
10
-0.2384944094488189
20
-0.3029456299212598
11
-0.2385665354330709
21
-0.3029157874015748
0
LINE
8
BLACK
6
CONTINUOUS
10
-0.2385665354330709
20
-0.3029157874015748
11
-0.2386118503937008
21
-0.3028717322834645
0
LINE
8
BLACK
6
CONTINUOUS
10
-0.2386118503937008
20
-0.3028717322834645
11
-0.2387364566929134
21
-0.3027933070866142
0
LINE
8
BLACK
6
CONTINUOUS
10
-0.2387364566929134
20
-0.3027933070866142
11
-0.2389726377952756
21
-0.3025209842519685
0
LINE
8
BLACK
6
CONTINUOUS
10
-0.2389726377952756
20
-0.3025209842519685
11
-0.2414511811023622
21
-0.3001113385826771
0
LINE
8
BLACK
6
CONTINUOUS
10
-0.2414511811023622
20
-0.3001113385826771
11
-0.2416370472440945
21
-0.2998848425196851
0
LINE
8
BLACK
6
CONTINUOUS
10
-0.2416370472440945
20
-0.2998848425196851
11
-0.241695905511811
21
-0.2998338188976378
0
LINE
8
BLACK
6
CONTINUOUS
10
-0.241695905511811
20
-0.2998338188976378
11
-0.2417240551181102
21
-0.2997788582677166
0
LINE
8
BLACK
6
CONTINUOUS
10
-0.2417240551181102
20
-0.2997788582677166
11
-0.2418183858267716
21
-0.2996638976377953
0
LINE
8
BLACK
6
CONTINUOUS
10
-0.2418183858267716
20
-0.2996638976377953
11
-0.241969094488189
21
-0.2993001181102362
0
LINE
8
BLACK
6
CONTINUOUS
10
-0.241969094488189
20
-0.2993001181102362
11
-0.2444414960629921
21
-0.2944695275590551
0
LINE
8
BLACK
6
CONTINUOUS
10
-0.2444414960629921
20
-0.2944695275590551
11
-0.2446483858267716
21
-0.2939288976377953
0
LINE
8
BLACK
6
CONTINUOUS
10
-0.2446483858267716
20
-0.2939288976377953
11
-0.244655905511811
21
-0.2938230708661417
0
LINE
8
BLACK
6
CONTINUOUS
10
-0.244655905511811
20
-0.2938230708661417
11
-0.2446964960629921
21
-0.2937250787401575
0
LINE
8
BLACK
6
CONTINUOUS
10
-0.2446964960629921
20
-0.2937250787401575
11
-0.2446971653543307
21
-0.2932425984251968
0
LINE
8
BLACK
6
CONTINUOUS
10
-0.2446971653543307
20
-0.2932425984251968
11
-0.2447300393700787
21
-0.2927796850393701
0
LINE
8
BLACK
6
CONTINUOUS
10
-0.2447300393700787
20
-0.2927796850393701
11
-0.2446979133858268
21
-0.2926832677165354
0
LINE
8
BLACK
6
CONTINUOUS
10
-0.2446979133858268
20
-0.2926832677165354
11
-0.2447532283464567
21
-0.2517166929133858
0
LINE
8
BLACK
6
CONTINUOUS
10
-0.2447532283464567
20
-0.2517166929133858
11
-0.2446964960629921
21
-0.2511406299212599
0
LINE
8
BLACK
6
CONTINUOUS
10
-0.2446964960629921
20
-0.2511406299212599
11
-0.2442555905511811
21
-0.2500762204724409
0
LINE
8
BLACK
6
CONTINUOUS
10
-0.2442555905511811
20
-0.2500762204724409
11
-0.2434409448818897
21
-0.2492615748031496
0
LINE
8
BLACK
6
CONTINUOUS
10
-0.2434409448818897
20
-0.2492615748031496
11
-0.2423765354330709
21
-0.2488206692913386
0
LINE
8
BLACK
6
CONTINUOUS
10
-0.2423765354330709
20
-0.2488206692913386
11
-0.2412244094488189
21
-0.2488206692913386
0
LINE
8
BLACK
6
CONTINUOUS
10
-0.2412244094488189
20
-0.2488206692913386
11
-0.24016
21
-0.2492615748031496
0
LINE
8
BLACK
6
CONTINUOUS
10
-0.1865416929133858
20
-0.2492615748031496
11
-0.1857270472440945
21
-0.2500762204724409
0
LINE
8
BLACK
6
CONTINUOUS
10
-0.1857270472440945
20
-0.2500762204724409
11
-0.1852861417322835
21
-0.2511406299212599
0
LINE
8
BLACK
6
CONTINUOUS
10
-0.1852861417322835
20
-0.2511406299212599
11
-0.1852325984251968
21
-0.2999937401574803
0
LINE
8
BLACK
6
CONTINUOUS
10
-0.1852325984251968
20
-0.2999937401574803
11
-0.1638101968503937
21
-0.2999450393700787
0
LINE
8
BLACK
6
CONTINUOUS
10
-0.1638101968503937
20
-0.2999450393700787
11
-0.1632341338582677
21
-0.3000017716535433
0
LINE
8
BLACK
6
CONTINUOUS
10
-0.1632341338582677
20
-0.3000017716535433
11
-0.1621697244094488
21
-0.3004426771653543
0
LINE
8
BLACK
6
CONTINUOUS
10
-0.1621697244094488
20
-0.3004426771653543
11
-0.1613550787401575
21
-0.3012573228346457
0
LINE
8
BLACK
6
CONTINUOUS
10
-0.1613550787401575
20
-0.3012573228346457
11
-0.1609141732283464
21
-0.3023217322834645
0
LINE
8
BLACK
6
CONTINUOUS
10
-0.1609141732283464
20
-0.3023217322834645
11
-0.1609141732283464
21
-0.3034738582677165
0
LINE
8
BLACK
6
CONTINUOUS
10
-0.1609141732283464
20
-0.3034738582677165
11
-0.1613550787401575
21
-0.3045382677165354
0
LINE
8
BLACK
6
CONTINUOUS
10
-0.1613550787401575
20
-0.3045382677165354
11
-0.1621697244094488
21
-0.3053529133858268
0
LINE
8
BLACK
6
CONTINUOUS
10
-0.1621697244094488
20
-0.3053529133858268
11
-0.1632341338582677
21
-0.3057938188976378
0
LINE
8
BLACK
6
CONTINUOUS
10
-0.1632341338582677
20
-0.3057938188976378
11
-0.1881821653543307
21
-0.3058505511811024
0
LINE
8
BLACK
6
CONTINUOUS
10
-0.1881821653543307
20
-0.3058505511811024
11
-0.1887582283464567
21
-0.3057938188976378
0
LINE
8
BLACK
6
CONTINUOUS
10
-0.1887582283464567
20
-0.3057938188976378
11
-0.1898226377952756
21
-0.3053529133858268
0
LINE
8
BLACK
6
CONTINUOUS
10
-0.1898226377952756
20
-0.3053529133858268
11
-0.1906372834645669
21
-0.3045382677165354
0
LINE
8
BLACK
6
CONTINUOUS
10
-0.1906372834645669
20
-0.3045382677165354
11
-0.191078188976378
21
-0.3034738582677165
0
LINE
8
BLACK
6
CONTINUOUS
10
-0.191078188976378
20
-0.3034738582677165
11
-0.1911349212598425
21
-0.2517166929133858
0
LINE
8
BLACK
6
CONTINUOUS
10
-0.1911349212598425
20
-0.2517166929133858
11
-0.191078188976378
21
-0.2511406299212599
0
LINE
8
BLACK
6
CONTINUOUS
10
-0.191078188976378
20
-0.2511406299212599
11
-0.1906372834645669
21
-0.2500762204724409
0
LINE
8
BLACK
6
CONTINUOUS
10
-0.1906372834645669
20
-0.2500762204724409
11
-0.1898226377952756
21
-0.2492615748031496
0
LINE
8
BLACK
6
CONTINUOUS
10
-0.1898226377952756
20
-0.2492615748031496
11
-0.1887582283464567
21
-0.2488206692913386
0
LINE
8
BLACK
6
CONTINUOUS
10
-0.1887582283464567
20
-0.2488206692913386
11
-0.1876061023622047
21
-0.2488206692913386
0
LINE
8
BLACK
6
CONTINUOUS
10
-0.1876061023622047
20
-0.2488206692913386
11
-0.1865416929133858
21
-0.2492615748031496
0
LINE
8
BLACK
6
CONTINUOUS
10
-0.1269607480314961
20
-0.2487926377952756
11
-0.1268829921259843
21
-0.248787125984252
0
LINE
8
BLACK
6
CONTINUOUS
10
-0.1268829921259843
20
-0.248787125984252
11
-0.126825
21
-0.2488059842519685
0
LINE
8
BLACK
6
CONTINUOUS
10
-0.126825
20
-0.2488059842519685
11
-0.126676220472441
21
-0.2488206692913386
0
LINE
8
BLACK
6
CONTINUOUS
10
-0.126676220472441
20
-0.2488206692913386
11
-0.1262941338582677
21
-0.248978937007874
0
LINE
8
BLACK
6
CONTINUOUS
10
-0.1262941338582677
20
-0.248978937007874
11
-0.1190069291338583
21
-0.2513526771653543
0
LINE
8
BLACK
6
CONTINUOUS
10
-0.1190069291338583
20
-0.2513526771653543
11
-0.1184783464566929
21
-0.2515886614173228
0
LINE
8
BLACK
6
CONTINUOUS
10
-0.1184783464566929
20
-0.2515886614173228
11
-0.1176079921259842
21
-0.2523435433070866
0
LINE
8
BLACK
6
CONTINUOUS
10
-0.1176079921259842
20
-0.2523435433070866
11
-0.1170927559055118
21
-0.2533739763779527
0
LINE
8
BLACK
6
CONTINUOUS
10
-0.1170927559055118
20
-0.2533739763779527
11
-0.1170111023622047
21
-0.2545231889763779
0
LINE
8
BLACK
6
CONTINUOUS
10
-0.1170111023622047
20
-0.2545231889763779
11
-0.1173754330708661
21
-0.2556162204724409
0
LINE
8
BLACK
6
CONTINUOUS
10
-0.1173754330708661
20
-0.2556162204724409
11
-0.1181302755905512
21
-0.2564865748031496
0
LINE
8
BLACK
6
CONTINUOUS
10
-0.1181302755905512
20
-0.2564865748031496
11
-0.1191607480314961
21
-0.257001811023622
0
LINE
8
BLACK
6
CONTINUOUS
10
-0.1191607480314961
20
-0.257001811023622
11
-0.1203099606299213
21
-0.2570834645669292
0
LINE
8
BLACK
6
CONTINUOUS
10
-0.1203099606299213
20
-0.2570834645669292
11
-0.1278785826771653
21
-0.254618031496063
0
LINE
8
BLACK
6
CONTINUOUS
10
-0.1278785826771653
20
-0.254618031496063
11
-0.1388341732283465
21
-0.2546667322834645
0
LINE
8
BLACK
6
CONTINUOUS
10
-0.1388341732283465
20
-0.2546667322834645
11
-0.1426698818897638
21
-0.2566299606299213
0
LINE
8
BLACK
6
CONTINUOUS
10
-0.1426698818897638
20
-0.2566299606299213
11
-0.1444182283464567
21
-0.2584283070866142
0
LINE
8
BLACK
6
CONTINUOUS
10
-0.1444182283464567
20
-0.2584283070866142
11
-0.1462770078740157
21
-0.2622350393700787
0
LINE
8
BLACK
6
CONTINUOUS
10
-0.1462770078740157
20
-0.2622350393700787
11
-0.1462406299212598
21
-0.2657285433070866
0
LINE
8
BLACK
6
CONTINUOUS
10
-0.1462406299212598
20
-0.2657285433070866
11
-0.1442737401574803
21
-0.2695714960629921
0
LINE
8
BLACK
6
CONTINUOUS
10
-0.1442737401574803
20
-0.2695714960629921
11
-0.1424754330708661
21
-0.2713198031496063
0
LINE
8
BLACK
6
CONTINUOUS
10
-0.1424754330708661
20
-0.2713198031496063
11
-0.1382024015748032
21
-0.2734062598425197
0
LINE
8
BLACK
6
CONTINUOUS
10
-0.1382024015748032
20
-0.2734062598425197
11
-0.1289733070866142
21
-0.2756612598425197
0
LINE
8
BLACK
6
CONTINUOUS
10
-0.1289733070866142
20
-0.2756612598425197
11
-0.1289308267716535
21
-0.2756764173228347
0
LINE
8
BLACK
6
CONTINUOUS
10
-0.1289308267716535
20
-0.2756764173228347
11
-0.1289095669291339
21
-0.2756779527559055
0
LINE
8
BLACK
6
CONTINUOUS
10
-0.1289095669291339
20
-0.2756779527559055
11
-0.1288631889763779
21
-0.2757005905511811
0
LINE
8
BLACK
6
CONTINUOUS
10
-0.1288631889763779
20
-0.2757005905511811
11
-0.1284281889763779
21
-0.2758560236220473
0
LINE
8
BLACK
6
CONTINUOUS
10
-0.1284281889763779
20
-0.2758560236220473
11
-0.1282026771653543
21
-0.2760231102362204
0
LINE
8
BLACK
6
CONTINUOUS
10
-0.1282026771653543
20
-0.2760231102362204
11
-0.1234946062992126
21
-0.2783220078740157
0
LINE
8
BLACK
6
CONTINUOUS
10
-0.1234946062992126
20
-0.2783220078740157
11
-0.1232466929133858
21
-0.278478031496063
0
LINE
8
BLACK
6
CONTINUOUS
10
-0.1232466929133858
20
-0.278478031496063
11
-0.1231746062992126
21
-0.2785079133858268
0
LINE
8
BLACK
6
CONTINUOUS
10
-0.1231746062992126
20
-0.2785079133858268
11
-0.1231293700787402
21
-0.2785518897637795
0
LINE
8
BLACK
6
CONTINUOUS
10
-0.1231293700787402
20
-0.2785518897637795
11
-0.1230047244094488
21
-0.2786303543307087
0
LINE
8
BLACK
6
CONTINUOUS
10
-0.1230047244094488
20
-0.2786303543307087
11
-0.1227685433070866
21
-0.2789026771653543
0
LINE
8
BLACK
6
CONTINUOUS
10
-0.1227685433070866
20
-0.2789026771653543
11
-0.1202899606299213
21
-0.2813123228346457
0
LINE
8
BLACK
6
CONTINUOUS
10
-0.1202899606299213
20
-0.2813123228346457
11
-0.1201041338582677
21
-0.2815387007874016
0
LINE
8
BLACK
6
CONTINUOUS
10
-0.1201041338582677
20
-0.2815387007874016
11
-0.1200451968503937
21
-0.2815898425196851
0
LINE
8
BLACK
6
CONTINUOUS
10
-0.1200451968503937
20
-0.2815898425196851
11
-0.1200170866141732
21
-0.2816448031496063
0
LINE
8
BLACK
6
CONTINUOUS
10
-0.1200170866141732
20
-0.2816448031496063
11
-0.1199227165354331
21
-0.2817597637795276
0
LINE
8
BLACK
6
CONTINUOUS
10
-0.1199227165354331
20
-0.2817597637795276
11
-0.119772125984252
21
-0.2821234251968504
0
LINE
8
BLACK
6
CONTINUOUS
10
-0.119772125984252
20
-0.2821234251968504
11
-0.1172996456692913
21
-0.2869541338582677
0
LINE
8
BLACK
6
CONTINUOUS
10
-0.1172996456692913
20
-0.2869541338582677
11
-0.1170927559055118
21
-0.2874947637795275
0
LINE
8
BLACK
6
CONTINUOUS
10
-0.1170927559055118
20
-0.2874947637795275
11
-0.1170852755905512
21
-0.2876005511811023
0
LINE
8
BLACK
6
CONTINUOUS
10
-0.1170852755905512
20
-0.2876005511811023
11
-0.1170446456692913
21
-0.2876985826771654
0
LINE
8
BLACK
6
CONTINUOUS
10
-0.1170446456692913
20
-0.2876985826771654
11
-0.1170388976377953
21
-0.2882531102362205
0
LINE
8
BLACK
6
CONTINUOUS
10
-0.1170388976377953
20
-0.2882531102362205
11
-0.1170111023622047
21
-0.2886439763779527
0
LINE
8
BLACK
6
CONTINUOUS
10
-0.1170111023622047
20
-0.2886439763779527
11
-0.117034094488189
21
-0.2887129133858268
0
LINE
8
BLACK
6
CONTINUOUS
10
-0.117034094488189
20
-0.2887129133858268
11
-0.1169879133858268
21
-0.2931490157480315
0
LINE
8
BLACK
6
CONTINUOUS
10
-0.1169879133858268
20
-0.2931490157480315
11
-0.1170446456692913
21
-0.2937250787401575
0
LINE
8
BLACK
6
CONTINUOUS
10
-0.1170446456692913
20
-0.2937250787401575
11
-0.1170852755905512
21
-0.2938230708661417
0
LINE
8
BLACK
6
CONTINUOUS
10
-0.1170852755905512
20
-0.2938230708661417
11
-0.1170927559055118
21
-0.2939288976377953
0
LINE
8
BLACK
6
CONTINUOUS
10
-0.1170927559055118
20
-0.2939288976377953
11
-0.1173322047244094
21
-0.2944192519685039
0
LINE
8
BLACK
6
CONTINUOUS
10
-0.1173322047244094
20
-0.2944192519685039
11
-0.1174855511811024
21
-0.2947894881889764
0
LINE
8
BLACK
6
CONTINUOUS
10
-0.1174855511811024
20
-0.2947894881889764
11
-0.1175391732283464
21
-0.2948430708661417
0
LINE
8
BLACK
6
CONTINUOUS
10
-0.1175391732283464
20
-0.2948430708661417
11
-0.1197368503937008
21
-0.299343937007874
0
LINE
8
BLACK
6
CONTINUOUS
10
-0.1197368503937008
20
-0.299343937007874
11
-0.119892874015748
21
-0.2995917322834646
0
LINE
8
BLACK
6
CONTINUOUS
10
-0.119892874015748
20
-0.2995917322834646
11
-0.1199227165354331
21
-0.2996638976377953
0
LINE
8
BLACK
6
CONTINUOUS
10
-0.1199227165354331
20
-0.2996638976377953
11
-0.1199667716535433
21
-0.2997091732283464
0
LINE
8
BLACK
6
CONTINUOUS
10
-0.1199667716535433
20
-0.2997091732283464
11
-0.1200451968503937
21
-0.2998338188976378
0
LINE
8
BLACK
6
CONTINUOUS
10
-0.1200451968503937
20
-0.2998338188976378
11
-0.1203175196850394
21
-0.3000699606299213
0
LINE
8
BLACK
6
CONTINUOUS
10
-0.1203175196850394
20
-0.3000699606299213
11
-0.1227271653543307
21
-0.3025485433070866
0
LINE
8
BLACK
6
CONTINUOUS
10
-0.1227271653543307
20
-0.3025485433070866
11
-0.1229536614173228
21
-0.3027343700787402
0
LINE
8
BLACK
6
CONTINUOUS
10
-0.1229536614173228
20
-0.3027343700787402
11
-0.1230047244094488
21
-0.3027933070866142
0
LINE
8
BLACK
6
CONTINUOUS
10
-0.1230047244094488
20
-0.3027933070866142
11
-0.1230597244094488
21
-0.3028214173228346
0
LINE
8
BLACK
6
CONTINUOUS
10
-0.1230597244094488
20
-0.3028214173228346
11
-0.1231746062992126
21
-0.3029157480314961
0
LINE
8
BLACK
6
CONTINUOUS
10
-0.1231746062992126
20
-0.3029157480314961
11
-0.1235382283464567
21
-0.3030663385826772
0
LINE
8
BLACK
6
CONTINUOUS
10
-0.1235382283464567
20
-0.3030663385826772
11
-0.128368937007874
21
-0.3055388188976378
0
LINE
8
BLACK
6
CONTINUOUS
10
-0.128368937007874
20
-0.3055388188976378
11
-0.1289095669291339
21
-0.3057457086614173
0
LINE
8
BLACK
6
CONTINUOUS
10
-0.1289095669291339
20
-0.3057457086614173
11
-0.1290153937007874
21
-0.3057531889763779
0
LINE
8
BLACK
6
CONTINUOUS
10
-0.1290153937007874
20
-0.3057531889763779
11
-0.1291133858267716
21
-0.3057938188976378
0
LINE
8
BLACK
6
CONTINUOUS
10
-0.1291133858267716
20
-0.3057938188976378
11
-0.1296183070866142
21
-0.305796062992126
0
LINE
8
BLACK
6
CONTINUOUS
10
-0.1296183070866142
20
-0.305796062992126
11
-0.1300587795275591
21
-0.3058273622047244
0
LINE
8
BLACK
6
CONTINUOUS
10
-0.1300587795275591
20
-0.3058273622047244
11
-0.1301456692913386
21
-0.3057983858267717
0
LINE
8
BLACK
6
CONTINUOUS
10
-0.1301456692913386
20
-0.3057983858267717
11
-0.1418754330708661
21
-0.3058505511811024
0
LINE
8
BLACK
6
CONTINUOUS
10
-0.1418754330708661
20
-0.3058505511811024
11
-0.1421670078740157
21
-0.305821811023622
0
LINE
8
BLACK
6
CONTINUOUS
10
-0.1421670078740157
20
-0.305821811023622
11
-0.1422447244094488
21
-0.3058273622047244
0
LINE
8
BLACK
6
CONTINUOUS
10
-0.1422447244094488
20
-0.3058273622047244
11
-0.1423027559055118
21
-0.3058084645669291
0
LINE
8
BLACK
6
CONTINUOUS
10
-0.1423027559055118
20
-0.3058084645669291
11
-0.1424514960629921
21
-0.3057938188976378
0
LINE
8
BLACK
6
CONTINUOUS
10
-0.1424514960629921
20
-0.3057938188976378
11
-0.1428335826771653
21
-0.3056355118110236
0
LINE
8
BLACK
6
CONTINUOUS
10
-0.1428335826771653
20
-0.3056355118110236
11
-0.1501207480314961
21
-0.3032618503937008
0
LINE
8
BLACK
6
CONTINUOUS
10
-0.1501207480314961
20
-0.3032618503937008
11
-0.1506492913385827
21
-0.3030258661417323
0
LINE
8
BLACK
6
CONTINUOUS
10
-0.1506492913385827
20
-0.3030258661417323
11
-0.1515196850393701
21
-0.3022710236220472
0
LINE
8
BLACK
6
CONTINUOUS
10
-0.1515196850393701
20
-0.3022710236220472
11
-0.1520348818897638
21
-0.3012405511811024
0
LINE
8
BLACK
6
CONTINUOUS
10
-0.1520348818897638
20
-0.3012405511811024
11
-0.1521165748031496
21
-0.3000913385826772
0
LINE
8
BLACK
6
CONTINUOUS
10
-0.1521165748031496
20
-0.3000913385826772
11
-0.1517522440944882
21
-0.2989983464566929
0
LINE
8
BLACK
6
CONTINUOUS
10
-0.1517522440944882
20
-0.2989983464566929
11
-0.1509974015748032
21
-0.2981279527559055
0
LINE
8
BLACK
6
CONTINUOUS
10
-0.1509974015748032
20
-0.2981279527559055
11
-0.1499669291338583
21
-0.2976127559055118
0
LINE
8
BLACK
6
CONTINUOUS
10
-0.1499669291338583
20
-0.2976127559055118
11
-0.1488177165354331
21
-0.2975310629921259
0
LINE
8
BLACK
6
CONTINUOUS
10
-0.1488177165354331
20
-0.2975310629921259
11
-0.1412491732283465
21
-0.2999964173228347
0
LINE
8
BLACK
6
CONTINUOUS
10
-0.1412491732283465
20
-0.2999964173228347
11
-0.1302935826771653
21
-0.2999477165354331
0
LINE
8
BLACK
6
CONTINUOUS
10
-0.1302935826771653
20
-0.2999477165354331
11
-0.1264578346456693
21
-0.2979844881889764
0
LINE
8
BLACK
6
CONTINUOUS
10
-0.1264578346456693
20
-0.2979844881889764
11
-0.1247095275590551
21
-0.2961861811023622
0
LINE
8
BLACK
6
CONTINUOUS
10
-0.1247095275590551
20
-0.2961861811023622
11
-0.1228507086614173
21
-0.2923794094488189
0
LINE
8
BLACK
6
CONTINUOUS
10
-0.1228507086614173
20
-0.2923794094488189
11
-0.1228870866141732
21
-0.2888858661417323
0
LINE
8
BLACK
6
CONTINUOUS
10
-0.1228870866141732
20
-0.2888858661417323
11
-0.1248539763779528
21
-0.2850429921259842
0
LINE
8
BLACK
6
CONTINUOUS
10
-0.1248539763779528
20
-0.2850429921259842
11
-0.1266523228346457
21
-0.2832946456692914
0
LINE
8
BLACK
6
CONTINUOUS
10
-0.1266523228346457
20
-0.2832946456692914
11
-0.130925157480315
21
-0.2812082677165355
0
LINE
8
BLACK
6
CONTINUOUS
10
-0.130925157480315
20
-0.2812082677165355
11
-0.1401543700787402
21
-0.2789532677165354
0
LINE
8
BLACK
6
CONTINUOUS
10
-0.1401543700787402
20
-0.2789532677165354
11
-0.1401968897637795
21
-0.2789380708661418
0
LINE
8
BLACK
6
CONTINUOUS
10
-0.1401968897637795
20
-0.2789380708661418
11
-0.1402181102362205
21
-0.2789365748031496
0
LINE
8
BLACK
6
CONTINUOUS
10
-0.1402181102362205
20
-0.2789365748031496
11
-0.1402645275590551
21
-0.2789138976377953
0
LINE
8
BLACK
6
CONTINUOUS
10
-0.1402645275590551
20
-0.2789138976377953
11
-0.1406994881889764
21
-0.2787585039370079
0
LINE
8
BLACK
6
CONTINUOUS
10
-0.1406994881889764
20
-0.2787585039370079
11
-0.140925
21
-0.2785914173228347
0
LINE
8
BLACK
6
CONTINUOUS
10
-0.140925
20
-0.2785914173228347
11
-0.1456331496062992
21
-0.2762924803149606
0
LINE
8
BLACK
6
CONTINUOUS
10
-0.1456331496062992
20
-0.2762924803149606
11
-0.1458809842519685
21
-0.2761364566929134
0
LINE
8
BLACK
6
CONTINUOUS
10
-0.1458809842519685
20
-0.2761364566929134
11
-0.1459531102362205
21
-0.2761066141732283
0
LINE
8
BLACK
6
CONTINUOUS
10
-0.1459531102362205
20
-0.2761066141732283
11
-0.1459984251968504
21
-0.2760625590551181
0
LINE
8
BLACK
6
CONTINUOUS
10
-0.1459984251968504
20
-0.2760625590551181
11
-0.146123031496063
21
-0.2759841338582677
0
LINE
8
BLACK
6
CONTINUOUS
10
-0.146123031496063
20
-0.2759841338582677
11
-0.1463592125984252
21
-0.275711811023622
0
LINE
8
BLACK
6
CONTINUOUS
10
-0.1463592125984252
20
-0.275711811023622
11
-0.1488377559055118
21
-0.2733021653543307
0
LINE
8
BLACK
6
CONTINUOUS
10
-0.1488377559055118
20
-0.2733021653543307
11
-0.1490236220472441
21
-0.2730756692913386
0
LINE
8
BLACK
6
CONTINUOUS
10
-0.1490236220472441
20
-0.2730756692913386
11
-0.1490825196850394
21
-0.2730246062992126
0
LINE
8
BLACK
6
CONTINUOUS
10
-0.1490825196850394
20
-0.2730246062992126
11
-0.1491106692913386
21
-0.2729696062992126
0
LINE
8
BLACK
6
CONTINUOUS
10
-0.1491106692913386
20
-0.2729696062992126
11
-0.1492049606299213
21
-0.2728547244094488
0
LINE
8
BLACK
6
CONTINUOUS
10
-0.1492049606299213
20
-0.2728547244094488
11
-0.1493555905511811
21
-0.2724911023622047
0
LINE
8
BLACK
6
CONTINUOUS
10
-0.1493555905511811
20
-0.2724911023622047
11
-0.151828031496063
21
-0.2676603937007874
0
LINE
8
BLACK
6
CONTINUOUS
10
-0.151828031496063
20
-0.2676603937007874
11
-0.1520349212598425
21
-0.2671197637795276
0
LINE
8
BLACK
6
CONTINUOUS
10
-0.1520349212598425
20
-0.2671197637795276
11
-0.1520424409448819
21
-0.267013937007874
0
LINE
8
BLACK
6
CONTINUOUS
10
-0.1520424409448819
20
-0.267013937007874
11
-0.152083031496063
21
-0.2669159448818897
0
LINE
8
BLACK
6
CONTINUOUS
10
-0.152083031496063
20
-0.2669159448818897
11
-0.1520888188976378
21
-0.2663613779527559
0
LINE
8
BLACK
6
CONTINUOUS
10
-0.1520888188976378
20
-0.2663613779527559
11
-0.1521165748031496
21
-0.2659705511811024
0
LINE
8
BLACK
6
CONTINUOUS
10
-0.1521165748031496
20
-0.2659705511811024
11
-0.1520936220472441
21
-0.2659015748031496
0
LINE
8
BLACK
6
CONTINUOUS
10
-0.1520936220472441
20
-0.2659015748031496
11
-0.1521397637795276
21
-0.2614654724409449
0
LINE
8
BLACK
6
CONTINUOUS
10
-0.1521397637795276
20
-0.2614654724409449
11
-0.152083031496063
21
-0.2608894094488189
0
LINE
8
BLACK
6
CONTINUOUS
10
-0.152083031496063
20
-0.2608894094488189
11
-0.1520424409448819
21
-0.2607913779527559
0
LINE
8
BLACK
6
CONTINUOUS
10
-0.1520424409448819
20
-0.2607913779527559
11
-0.1520349212598425
21
-0.2606855905511811
0
LINE
8
BLACK
6
CONTINUOUS
10
-0.1520349212598425
20
-0.2606855905511811
11
-0.1517955118110236
21
-0.2601951968503937
0
LINE
8
BLACK
6
CONTINUOUS
10
-0.1517955118110236
20
-0.2601951968503937
11
-0.151642125984252
21
-0.259825
0
LINE
8
BLACK
6
CONTINUOUS
10
-0.151642125984252
20
-0.259825
11
-0.1515885433070866
21
-0.2597713779527559
0
LINE
8
BLACK
6
CONTINUOUS
10
-0.1515885433070866
20
-0.2597713779527559
11
-0.1493908661417323
21
-0.2552706299212598
0
LINE
8
BLACK
6
CONTINUOUS
10
-0.1493908661417323
20
-0.2552706299212598
11
-0.149234842519685
21
-0.2550226771653543
0
LINE
8
BLACK
6
CONTINUOUS
10
-0.149234842519685
20
-0.2550226771653543
11
-0.1492049606299213
21
-0.2549506299212598
0
LINE
8
BLACK
6
CONTINUOUS
10
-0.1492049606299213
20
-0.2549506299212598
11
-0.1491609842519685
21
-0.2549053543307087
0
LINE
8
BLACK
6
CONTINUOUS
10
-0.1491609842519685
20
-0.2549053543307087
11
-0.1490825196850394
21
-0.2547807480314961
0
LINE
8
BLACK
6
CONTINUOUS
10
-0.1490825196850394
20
-0.2547807480314961
11
-0.1488101968503937
21
-0.2545445275590551
0
LINE
8
BLACK
6
CONTINUOUS
10
-0.1488101968503937
20
-0.2545445275590551
11
-0.1464005511811023
21
-0.2520659842519685
0
LINE
8
BLACK
6
CONTINUOUS
10
-0.1464005511811023
20
-0.2520659842519685
11
-0.1461741732283464
21
-0.2518801181102362
0
LINE
8
BLACK
6
CONTINUOUS
10
-0.1461741732283464
20
-0.2518801181102362
11
-0.146123031496063
21
-0.2518212204724409
0
LINE
8
BLACK
6
CONTINUOUS
10
-0.146123031496063
20
-0.2518212204724409
11
-0.1460680708661417
21
-0.2517930708661417
0
LINE
8
BLACK
6
CONTINUOUS
10
-0.1460680708661417
20
-0.2517930708661417
11
-0.1459531102362205
21
-0.2516987401574803
0
LINE
8
BLACK
6
CONTINUOUS
10
-0.1459531102362205
20
-0.2516987401574803
11
-0.1455894488188976
21
-0.2515481102362205
0
LINE
8
BLACK
6
CONTINUOUS
10
-0.1455894488188976
20
-0.2515481102362205
11
-0.1407587401574803
21
-0.2490756692913386
0
LINE
8
BLACK
6
CONTINUOUS
10
-0.1407587401574803
20
-0.2490756692913386
11
-0.1402181102362205
21
-0.248868779527559
0
LINE
8
BLACK
6
CONTINUOUS
10
-0.1402181102362205
20
-0.248868779527559
11
-0.1401123228346457
21
-0.2488612598425197
0
LINE
8
BLACK
6
CONTINUOUS
10
-0.1401123228346457
20
-0.2488612598425197
11
-0.1400142913385827
21
-0.2488206692913386
0
LINE
8
BLACK
6
CONTINUOUS
10
-0.1400142913385827
20
-0.2488206692913386
11
-0.1395094094488189
21
-0.2488183858267717
0
LINE
8
BLACK
6
CONTINUOUS
10
-0.1395094094488189
20
-0.2488183858267717
11
-0.1390688976377953
21
-0.248787125984252
0
LINE
8
BLACK
6
CONTINUOUS
10
-0.1390688976377953
20
-0.248787125984252
11
-0.1389820472440945
21
-0.248816062992126
0
LINE
8
BLACK
6
CONTINUOUS
10
-0.1389820472440945
20
-0.248816062992126
11
-0.1272522834645669
21
-0.248763937007874
0
LINE
8
BLACK
6
CONTINUOUS
10
-0.1272522834645669
20
-0.248763937007874
11
-0.1269607480314961
21
-0.2487926377952756
0
LINE
8
BLACK
6
CONTINUOUS
10
-0.0730579133858268
20
-0.2488206692913386
11
-0.0719935039370079
21
-0.2492615748031496
0
LINE
8
BLACK
6
CONTINUOUS
10
-0.0719935039370079
20
-0.2492615748031496
11
-0.0711788582677165
21
-0.2500762204724409
0
LINE
8
BLACK
6
CONTINUOUS
10
-0.0711788582677165
20
-0.2500762204724409
11
-0.0707379527559055
21
-0.2511406299212599
0
LINE
8
BLACK
6
CONTINUOUS
10
-0.0707379527559055
20
-0.2511406299212599
11
-0.0707379527559055
21
-0.2522927559055118
0
LINE
8
BLACK
6
CONTINUOUS
10
-0.0707379527559055
20
-0.2522927559055118
11
-0.0711788582677165
21
-0.2533571653543307
0
LINE
8
BLACK
6
CONTINUOUS
10
-0.0711788582677165
20
-0.2533571653543307
11
-0.0719935039370079
21
-0.254171811023622
0
LINE
8
BLACK
6
CONTINUOUS
10
-0.0719935039370079
20
-0.254171811023622
11
-0.0730579133858268
21
-0.254612716535433
0
LINE
8
BLACK
6
CONTINUOUS
10
-0.0730579133858268
20
-0.254612716535433
11
-0.095106062992126
21
-0.2546628346456693
0
LINE
8
BLACK
6
CONTINUOUS
10
-0.095106062992126
20
-0.2546628346456693
11
-0.0950857874015748
21
-0.2731813779527559
0
LINE
8
BLACK
6
CONTINUOUS
10
-0.0950857874015748
20
-0.2731813779527559
11
-0.0809455511811024
21
-0.273135905511811
0
LINE
8
BLACK
6
CONTINUOUS
10
-0.0809455511811024
20
-0.273135905511811
11
-0.0803694881889764
21
-0.2731926377952756
0
LINE
8
BLACK
6
CONTINUOUS
10
-0.0803694881889764
20
-0.2731926377952756
11
-0.0793050787401575
21
-0.2736335433070866
0
LINE
8
BLACK
6
CONTINUOUS
10
-0.0793050787401575
20
-0.2736335433070866
11
-0.0784904330708661
21
-0.274448188976378
0
LINE
8
BLACK
6
CONTINUOUS
10
-0.0784904330708661
20
-0.274448188976378
11
-0.0780495275590551
21
-0.2755125984251968
0
LINE
8
BLACK
6
CONTINUOUS
10
-0.0780495275590551
20
-0.2755125984251968
11
-0.0780495275590551
21
-0.2766647244094488
0
LINE
8
BLACK
6
CONTINUOUS
10
-0.0780495275590551
20
-0.2766647244094488
11
-0.0784904330708661
21
-0.2777291338582677
0
LINE
8
BLACK
6
CONTINUOUS
10
-0.0784904330708661
20
-0.2777291338582677
11
-0.0793050787401575
21
-0.278543779527559
0
LINE
8
BLACK
6
CONTINUOUS
10
-0.0793050787401575
20
-0.278543779527559
11
-0.0803694881889764
21
-0.2789846850393701
0
LINE
8
BLACK
6
CONTINUOUS
10
-0.0803694881889764
20
-0.2789846850393701
11
-0.0950793700787401
21
-0.279031968503937
0
LINE
8
BLACK
6
CONTINUOUS
10
-0.0950793700787401
20
-0.279031968503937
11
-0.0950563779527559
21
-0.2999937401574803
0
LINE
8
BLACK
6
CONTINUOUS
10
-0.0950563779527559
20
-0.2999937401574803
11
-0.0736339763779528
21
-0.2999450393700787
0
LINE
8
BLACK
6
CONTINUOUS
10
-0.0736339763779528
20
-0.2999450393700787
11
-0.0730579133858268
21
-0.3000017716535433
0
LINE
8
BLACK
6
CONTINUOUS
10
-0.0730579133858268
20
-0.3000017716535433
11
-0.0719935039370079
21
-0.3004426771653543
0
LINE
8
BLACK
6
CONTINUOUS
10
-0.0719935039370079
20
-0.3004426771653543
11
-0.0711788582677165
21
-0.3012573228346457
0
LINE
8
BLACK
6
CONTINUOUS
10
-0.0711788582677165
20
-0.3012573228346457
11
-0.0707379527559055
21
-0.3023217322834645
0
LINE
8
BLACK
6
CONTINUOUS
10
-0.0707379527559055
20
-0.3023217322834645
11
-0.0707379527559055
21
-0.3034738582677165
0
LINE
8
BLACK
6
CONTINUOUS
10
-0.0707379527559055
20
-0.3034738582677165
11
-0.0711788582677165
21
-0.3045382677165354
0
LINE
8
BLACK
6
CONTINUOUS
10
-0.0711788582677165
20
-0.3045382677165354
11
-0.0719935039370079
21
-0.3053529133858268
0
LINE
8
BLACK
6
CONTINUOUS
10
-0.0719935039370079
20
-0.3053529133858268
11
-0.0730579133858268
21
-0.3057938188976378
0
LINE
8
BLACK
6
CONTINUOUS
10
-0.0730579133858268
20
-0.3057938188976378
11
-0.0980059448818898
21
-0.3058505511811024
0
LINE
8
BLACK
6
CONTINUOUS
10
-0.0980059448818898
20
-0.3058505511811024
11
-0.0985820078740157
21
-0.3057938188976378
0
LINE
8
BLACK
6
CONTINUOUS
10
-0.0985820078740157
20
-0.3057938188976378
11
-0.0996464173228346
21
-0.3053529133858268
0
LINE
8
BLACK
6
CONTINUOUS
10
-0.0996464173228346
20
-0.3053529133858268
11
-0.100461062992126
21
-0.3045382677165354
0
LINE
8
BLACK
6
CONTINUOUS
10
-0.100461062992126
20
-0.3045382677165354
11
-0.100901968503937
21
-0.3034738582677165
0
LINE
8
BLACK
6
CONTINUOUS
10
-0.100901968503937
20
-0.3034738582677165
11
-0.1009587007874016
21
-0.2517166929133858
0
LINE
8
BLACK
6
CONTINUOUS
10
-0.1009587007874016
20
-0.2517166929133858
11
-0.100901968503937
21
-0.2511406299212599
0
LINE
8
BLACK
6
CONTINUOUS
10
-0.100901968503937
20
-0.2511406299212599
11
-0.100461062992126
21
-0.2500762204724409
0
LINE
8
BLACK
6
CONTINUOUS
10
-0.100461062992126
20
-0.2500762204724409
11
-0.0996464173228346
21
-0.2492615748031496
0
LINE
8
BLACK
6
CONTINUOUS
10
-0.0996464173228346
20
-0.2492615748031496
11
-0.0985820078740157
21
-0.2488206692913386
0
LINE
8
BLACK
6
CONTINUOUS
10
-0.0985820078740157
20
-0.2488206692913386
11
-0.0736339763779528
21
-0.248763937007874
0
LINE
8
BLACK
6
CONTINUOUS
10
-0.0736339763779528
20
-0.248763937007874
11
-0.0730579133858268
21
-0.2488206692913386
0
LINE
8
BLACK
6
CONTINUOUS
10
-0.4794996456692913
20
-0.2488206692913386
11
-0.479401653543307
21
-0.2488612598425197
0
LINE
8
BLACK
6
CONTINUOUS
10
-0.479401653543307
20
-0.2488612598425197
11
-0.4792958267716536
21
-0.248868779527559
0
LINE
8
BLACK
6
CONTINUOUS
10
-0.4792958267716536
20
-0.248868779527559
11
-0.4788054724409448
21
-0.249108188976378
0
LINE
8
BLACK
6
CONTINUOUS
10
-0.4788054724409448
20
-0.249108188976378
11
-0.4784352362204724
21
-0.2492615748031496
0
LINE
8
BLACK
6
CONTINUOUS
10
-0.4784352362204724
20
-0.2492615748031496
11
-0.4783816535433071
21
-0.249315157480315
0
LINE
8
BLACK
6
CONTINUOUS
10
-0.4783816535433071
20
-0.249315157480315
11
-0.4738807874015748
21
-0.251512874015748
0
LINE
8
BLACK
6
CONTINUOUS
10
-0.4738807874015748
20
-0.251512874015748
11
-0.4736329133858267
21
-0.2516688976377953
0
LINE
8
BLACK
6
CONTINUOUS
10
-0.4736329133858267
20
-0.2516688976377953
11
-0.4735608267716535
21
-0.251698779527559
0
LINE
8
BLACK
6
CONTINUOUS
10
-0.4735608267716535
20
-0.251698779527559
11
-0.4735155905511811
21
-0.2517427559055118
0
LINE
8
BLACK
6
CONTINUOUS
10
-0.4735155905511811
20
-0.2517427559055118
11
-0.473390905511811
21
-0.2518212598425197
0
LINE
8
BLACK
6
CONTINUOUS
10
-0.473390905511811
20
-0.2518212598425197
11
-0.4731547244094488
21
-0.2520935826771654
0
LINE
8
BLACK
6
CONTINUOUS
10
-0.4731547244094488
20
-0.2520935826771654
11
-0.4706761811023622
21
-0.254503188976378
0
LINE
8
BLACK
6
CONTINUOUS
10
-0.4706761811023622
20
-0.254503188976378
11
-0.4704903543307086
21
-0.2547295669291338
0
LINE
8
BLACK
6
CONTINUOUS
10
-0.4704903543307086
20
-0.2547295669291338
11
-0.4704314173228346
21
-0.2547807086614173
0
LINE
8
BLACK
6
CONTINUOUS
10
-0.4704314173228346
20
-0.2547807086614173
11
-0.4704033070866142
21
-0.2548356692913386
0
LINE
8
BLACK
6
CONTINUOUS
10
-0.4704033070866142
20
-0.2548356692913386
11
-0.470308937007874
21
-0.2549506299212598
0
LINE
8
BLACK
6
CONTINUOUS
10
-0.470308937007874
20
-0.2549506299212598
11
-0.4701583070866142
21
-0.2553142913385827
0
LINE
8
BLACK
6
CONTINUOUS
10
-0.4701583070866142
20
-0.2553142913385827
11
-0.467685905511811
21
-0.2601449606299213
0
LINE
8
BLACK
6
CONTINUOUS
10
-0.467685905511811
20
-0.2601449606299213
11
-0.4674790157480315
21
-0.2606855905511811
0
LINE
8
BLACK
6
CONTINUOUS
10
-0.4674790157480315
20
-0.2606855905511811
11
-0.4674715354330709
21
-0.2607913779527559
0
LINE
8
BLACK
6
CONTINUOUS
10
-0.4674715354330709
20
-0.2607913779527559
11
-0.467430905511811
21
-0.2608894094488189
0
LINE
8
BLACK
6
CONTINUOUS
10
-0.467430905511811
20
-0.2608894094488189
11
-0.467427125984252
21
-0.2614159842519685
0
LINE
8
BLACK
6
CONTINUOUS
10
-0.467427125984252
20
-0.2614159842519685
11
-0.4673973622047244
21
-0.2618348031496063
0
LINE
8
BLACK
6
CONTINUOUS
10
-0.4673973622047244
20
-0.2618348031496063
11
-0.4674235433070866
21
-0.2619133070866141
0
LINE
8
BLACK
6
CONTINUOUS
10
-0.4674235433070866
20
-0.2619133070866141
11
-0.4673741732283465
21
-0.2687770866141732
0
LINE
8
BLACK
6
CONTINUOUS
10
-0.4673741732283465
20
-0.2687770866141732
11
-0.467430905511811
21
-0.2693531496062992
0
LINE
8
BLACK
6
CONTINUOUS
10
-0.467430905511811
20
-0.2693531496062992
11
-0.4674715354330709
21
-0.2694511417322835
0
LINE
8
BLACK
6
CONTINUOUS
10
-0.4674715354330709
20
-0.2694511417322835
11
-0.4674790157480315
21
-0.269556968503937
0
LINE
8
BLACK
6
CONTINUOUS
10
-0.4674790157480315
20
-0.269556968503937
11
-0.4677184645669291
21
-0.2700473228346457
0
LINE
8
BLACK
6
CONTINUOUS
10
-0.4677184645669291
20
-0.2700473228346457
11
-0.467871811023622
21
-0.2704175590551181
0
LINE
8
BLACK
6
CONTINUOUS
10
-0.467871811023622
20
-0.2704175590551181
11
-0.4679253937007874
21
-0.2704711023622047
0
LINE
8
BLACK
6
CONTINUOUS
10
-0.4679253937007874
20
-0.2704711023622047
11
-0.4701230708661417
21
-0.274971968503937
0
LINE
8
BLACK
6
CONTINUOUS
10
-0.4701230708661417
20
-0.274971968503937
11
-0.4702790944881889
21
-0.2752197637795276
0
LINE
8
BLACK
6
CONTINUOUS
10
-0.4702790944881889
20
-0.2752197637795276
11
-0.470308937007874
21
-0.2752919291338582
0
LINE
8
BLACK
6
CONTINUOUS
10
-0.470308937007874
20
-0.2752919291338582
11
-0.4703529921259842
21
-0.2753372047244094
0
LINE
8
BLACK
6
CONTINUOUS
10
-0.4703529921259842
20
-0.2753372047244094
11
-0.4704314173228346
21
-0.2754618503937008
0
LINE
8
BLACK
6
CONTINUOUS
10
-0.4704314173228346
20
-0.2754618503937008
11
-0.4707037401574803
21
-0.2756979921259842
0
LINE
8
BLACK
6
CONTINUOUS
10
-0.4707037401574803
20
-0.2756979921259842
11
-0.4731133858267716
21
-0.2781765748031496
0
LINE
8
BLACK
6
CONTINUOUS
10
-0.4731133858267716
20
-0.2781765748031496
11
-0.4733398818897638
21
-0.2783624015748031
0
LINE
8
BLACK
6
CONTINUOUS
10
-0.4733398818897638
20
-0.2783624015748031
11
-0.473390905511811
21
-0.2784212992125984
0
LINE
8
BLACK
6
CONTINUOUS
10
-0.473390905511811
20
-0.2784212992125984
11
-0.4734458661417323
21
-0.2784494094488189
0
LINE
8
BLACK
6
CONTINUOUS
10
-0.4734458661417323
20
-0.2784494094488189
11
-0.4735608267716535
21
-0.278543779527559
0
LINE
8
BLACK
6
CONTINUOUS
10
-0.4735608267716535
20
-0.278543779527559
11
-0.4739246062992126
21
-0.2786944488188977
0
LINE
8
BLACK
6
CONTINUOUS
10
-0.4739246062992126
20
-0.2786944488188977
11
-0.4787551968503937
21
-0.2811668897637795
0
LINE
8
BLACK
6
CONTINUOUS
10
-0.4787551968503937
20
-0.2811668897637795
11
-0.4792958267716536
21
-0.281373779527559
0
LINE
8
BLACK
6
CONTINUOUS
10
-0.4792958267716536
20
-0.281373779527559
11
-0.479401653543307
21
-0.2813812598425197
0
LINE
8
BLACK
6
CONTINUOUS
10
-0.479401653543307
20
-0.2813812598425197
11
-0.4794996456692913
21
-0.2814218897637795
0
LINE
8
BLACK
6
CONTINUOUS
10
-0.4794996456692913
20
-0.2814218897637795
11
-0.4799925590551181
21
-0.2814232677165354
0
LINE
8
BLACK
6
CONTINUOUS
10
-0.4799925590551181
20
-0.2814232677165354
11
-0.4804450393700787
21
-0.2814554330708661
0
LINE
8
BLACK
6
CONTINUOUS
10
-0.4804450393700787
20
-0.2814554330708661
11
-0.4805368897637795
21
-0.2814248031496063
0
LINE
8
BLACK
6
CONTINUOUS
10
-0.4805368897637795
20
-0.2814248031496063
11
-0.4818064173228346
21
-0.2814283858267717
0
LINE
8
BLACK
6
CONTINUOUS
10
-0.4818064173228346
20
-0.2814283858267717
11
-0.4679079527559055
21
-0.3012044881889764
0
LINE
8
BLACK
6
CONTINUOUS
10
-0.4679079527559055
20
-0.3012044881889764
11
-0.4676240551181102
21
-0.301708937007874
0
LINE
8
BLACK
6
CONTINUOUS
10
-0.4676240551181102
20
-0.301708937007874
11
-0.4673748818897638
21
-0.302833779527559
0
LINE
8
BLACK
6
CONTINUOUS
10
-0.4673748818897638
20
-0.302833779527559
11
-0.4675750787401575
21
-0.3039683464566929
0
LINE
8
BLACK
6
CONTINUOUS
10
-0.4675750787401575
20
-0.3039683464566929
11
-0.4681942519685039
21
-0.3049399606299212
0
LINE
8
BLACK
6
CONTINUOUS
10
-0.4681942519685039
20
-0.3049399606299212
11
-0.4691381102362205
21
-0.3056006692913386
0
LINE
8
BLACK
6
CONTINUOUS
10
-0.4691381102362205
20
-0.3056006692913386
11
-0.4702629527559055
21
-0.3058498425196851
0
LINE
8
BLACK
6
CONTINUOUS
10
-0.4702629527559055
20
-0.3058498425196851
11
-0.4713974803149606
21
-0.3056496456692913
0
LINE
8
BLACK
6
CONTINUOUS
10
-0.4713974803149606
20
-0.3056496456692913
11
-0.472369094488189
21
-0.3050304724409449
0
LINE
8
BLACK
6
CONTINUOUS
10
-0.472369094488189
20
-0.3050304724409449
11
-0.4889422834645669
21
-0.2814485433070866
0
LINE
8
BLACK
6
CONTINUOUS
10
-0.4889422834645669
20
-0.2814485433070866
11
-0.4966440157480315
21
-0.2814703149606299
0
LINE
8
BLACK
6
CONTINUOUS
10
-0.4966440157480315
20
-0.2814703149606299
11
-0.4966205118110236
21
-0.3028977952755905
0
LINE
8
BLACK
6
CONTINUOUS
10
-0.4966205118110236
20
-0.3028977952755905
11
-0.4966772440944882
21
-0.3034738582677165
0
LINE
8
BLACK
6
CONTINUOUS
10
-0.4966772440944882
20
-0.3034738582677165
11
-0.4971181496062992
21
-0.3045382677165354
0
LINE
8
BLACK
6
CONTINUOUS
10
-0.4971181496062992
20
-0.3045382677165354
11
-0.4979327952755905
21
-0.3053529133858268
0
LINE
8
BLACK
6
CONTINUOUS
10
-0.4979327952755905
20
-0.3053529133858268
11
-0.4989972047244094
21
-0.3057938188976378
0
LINE
8
BLACK
6
CONTINUOUS
10
-0.4989972047244094
20
-0.3057938188976378
11
-0.5001493307086614
21
-0.3057938188976378
0
LINE
8
BLACK
6
CONTINUOUS
10
-0.5001493307086614
20
-0.3057938188976378
11
-0.5012137401574803
21
-0.3053529133858268
0
LINE
8
BLACK
6
CONTINUOUS
10
-0.5012137401574803
20
-0.3053529133858268
11
-0.5020283858267717
21
-0.3045382677165354
0
LINE
8
BLACK
6
CONTINUOUS
10
-0.5020283858267717
20
-0.3045382677165354
11
-0.5024692913385826
21
-0.3034738582677165
0
LINE
8
BLACK
6
CONTINUOUS
10
-0.5024692913385826
20
-0.3034738582677165
11
-0.5025260236220472
21
-0.2517166929133858
0
LINE
8
BLACK
6
CONTINUOUS
10
-0.5025260236220472
20
-0.2517166929133858
11
-0.5024692913385826
21
-0.2511406299212599
0
LINE
8
BLACK
6
CONTINUOUS
10
-0.5024692913385826
20
-0.2511406299212599
11
-0.5020283858267717
21
-0.2500762204724409
0
LINE
8
BLACK
6
CONTINUOUS
10
-0.5020283858267717
20
-0.2500762204724409
11
-0.5012137401574803
21
-0.2492615748031496
0
LINE
8
BLACK
6
CONTINUOUS
10
-0.5012137401574803
20
-0.2492615748031496
11
-0.5001493307086614
21
-0.2488206692913386
0
LINE
8
BLACK
6
CONTINUOUS
10
-0.5001493307086614
20
-0.2488206692913386
11
-0.4800757086614173
21
-0.248763937007874
0
LINE
8
BLACK
6
CONTINUOUS
10
-0.4800757086614173
20
-0.248763937007874
11
-0.4794996456692913
21
-0.2488206692913386
0
LINE
8
BLACK
6
CONTINUOUS
10
-0.4966733858267716
20
-0.2546612204724409
11
-0.4966504330708661
21
-0.2756199212598425
0
LINE
8
BLACK
6
CONTINUOUS
10
-0.4966504330708661
20
-0.2756199212598425
11
-0.4875433464566929
21
-0.2755942125984252
0
LINE
8
BLACK
6
CONTINUOUS
10
-0.4875433464566929
20
-0.2755942125984252
11
-0.4874512598425197
21
-0.2755738188976378
0
LINE
8
BLACK
6
CONTINUOUS
10
-0.4874512598425197
20
-0.2755738188976378
11
-0.4873389763779528
21
-0.2755936220472441
0
LINE
8
BLACK
6
CONTINUOUS
10
-0.4873389763779528
20
-0.2755936220472441
11
-0.4806779133858268
21
-0.2755748031496063
0
LINE
8
BLACK
6
CONTINUOUS
10
-0.4806779133858268
20
-0.2755748031496063
11
-0.4768440551181102
21
-0.2736125196850394
0
LINE
8
BLACK
6
CONTINUOUS
10
-0.4768440551181102
20
-0.2736125196850394
11
-0.4750957480314961
21
-0.2718142125984252
0
LINE
8
BLACK
6
CONTINUOUS
10
-0.4750957480314961
20
-0.2718142125984252
11
-0.4732327165354331
21
-0.2679987795275591
0
LINE
8
BLACK
6
CONTINUOUS
10
-0.4732327165354331
20
-0.2679987795275591
11
-0.4732753543307087
21
-0.2620728346456693
0
LINE
8
BLACK
6
CONTINUOUS
10
-0.4732753543307087
20
-0.2620728346456693
11
-0.4752401968503937
21
-0.2582338582677166
0
LINE
8
BLACK
6
CONTINUOUS
10
-0.4752401968503937
20
-0.2582338582677166
11
-0.4770385433070866
21
-0.2564855118110236
0
LINE
8
BLACK
6
CONTINUOUS
10
-0.4770385433070866
20
-0.2564855118110236
11
-0.4808661023622047
21
-0.2546165748031496
0
LINE
8
BLACK
6
CONTINUOUS
10
-0.4808661023622047
20
-0.2546165748031496
11
-0.4966733858267716
21
-0.2546612204724409
0
LINE
8
BLACK
6
CONTINUOUS
10
-0.5178396062992126
20
-0.249032874015748
11
-0.5169062598425197
21
-0.2497083070866142
0
LINE
8
BLACK
6
CONTINUOUS
10
-0.5169062598425197
20
-0.2497083070866142
11
-0.5163024803149606
21
-0.2506894881889764
0
LINE
8
BLACK
6
CONTINUOUS
10
-0.5163024803149606
20
-0.2506894881889764
11
-0.5161200787401574
21
-0.2518270866141732
0
LINE
8
BLACK
6
CONTINUOUS
10
-0.5161200787401574
20
-0.2518270866141732
11
-0.5283843307086614
21
-0.3035817322834646
0
LINE
8
BLACK
6
CONTINUOUS
10
-0.5283843307086614
20
-0.3035817322834646
11
-0.5284524409448819
21
-0.3037793307086614
0
LINE
8
BLACK
6
CONTINUOUS
10
-0.5284524409448819
20
-0.3037793307086614
11
-0.5284618503937007
21
-0.3038502755905512
0
LINE
8
BLACK
6
CONTINUOUS
10
-0.5284618503937007
20
-0.3038502755905512
11
-0.5284989763779527
21
-0.3039143700787402
0
LINE
8
BLACK
6
CONTINUOUS
10
-0.5284989763779527
20
-0.3039143700787402
11
-0.5285729133858268
21
-0.3041289763779528
0
LINE
8
BLACK
6
CONTINUOUS
10
-0.5285729133858268
20
-0.3041289763779528
11
-0.5288243700787402
21
-0.3044763779527559
0
LINE
8
BLACK
6
CONTINUOUS
10
-0.5288243700787402
20
-0.3044763779527559
11
-0.529039094488189
21
-0.3048473228346457
0
LINE
8
BLACK
6
CONTINUOUS
10
-0.529039094488189
20
-0.3048473228346457
11
-0.5291594881889764
21
-0.3049394488188976
0
LINE
8
BLACK
6
CONTINUOUS
10
-0.5291594881889764
20
-0.3049394488188976
11
-0.5292483858267717
21
-0.3050623228346457
0
LINE
8
BLACK
6
CONTINUOUS
10
-0.5292483858267717
20
-0.3050623228346457
11
-0.5296135826771653
21
-0.3052870078740157
0
LINE
8
BLACK
6
CONTINUOUS
10
-0.5296135826771653
20
-0.3052870078740157
11
-0.5299539763779527
21
-0.3055475984251969
0
LINE
8
BLACK
6
CONTINUOUS
10
-0.5299539763779527
20
-0.3055475984251969
11
-0.5301004724409448
21
-0.3055866535433071
0
LINE
8
BLACK
6
CONTINUOUS
10
-0.5301004724409448
20
-0.3055866535433071
11
-0.5302295669291338
21
-0.3056661023622047
0
LINE
8
BLACK
6
CONTINUOUS
10
-0.5302295669291338
20
-0.3056661023622047
11
-0.5306529921259843
21
-0.3057339763779527
0
LINE
8
BLACK
6
CONTINUOUS
10
-0.5306529921259843
20
-0.3057339763779527
11
-0.5310672047244095
21
-0.3058444488188976
0
LINE
8
BLACK
6
CONTINUOUS
10
-0.5310672047244095
20
-0.3058444488188976
11
-0.5312174409448819
21
-0.3058244881889764
0
LINE
8
BLACK
6
CONTINUOUS
10
-0.5312174409448819
20
-0.3058244881889764
11
-0.5313671653543307
21
-0.3058485039370079
0
LINE
8
BLACK
6
CONTINUOUS
10
-0.5313671653543307
20
-0.3058485039370079
11
-0.5317844488188976
21
-0.3057491338582677
0
LINE
8
BLACK
6
CONTINUOUS
10
-0.5317844488188976
20
-0.3057491338582677
11
-0.5322092519685039
21
-0.3056927165354331
0
LINE
8
BLACK
6
CONTINUOUS
10
-0.5322092519685039
20
-0.3056927165354331
11
-0.5323404330708661
21
-0.3056167716535433
0
LINE
8
BLACK
6
CONTINUOUS
10
-0.5323404330708661
20
-0.3056167716535433
11
-0.5324879527559055
21
-0.3055816535433071
0
LINE
8
BLACK
6
CONTINUOUS
10
-0.5324879527559055
20
-0.3055816535433071
11
-0.5328353937007874
21
-0.3053301968503937
0
LINE
8
BLACK
6
CONTINUOUS
10
-0.5328353937007874
20
-0.3053301968503937
11
-0.5332062992125984
21
-0.3051154724409449
0
LINE
8
BLACK
6
CONTINUOUS
10
-0.5332062992125984
20
-0.3051154724409449
11
-0.5332984645669291
21
-0.3049950787401575
0
LINE
8
BLACK
6
CONTINUOUS
10
-0.5332984645669291
20
-0.3049950787401575
11
-0.5334212992125984
21
-0.3049061811023622
0
LINE
8
BLACK
6
CONTINUOUS
10
-0.5334212992125984
20
-0.3049061811023622
11
-0.5336460236220473
21
-0.3045409842519685
0
LINE
8
BLACK
6
CONTINUOUS
10
-0.5336460236220473
20
-0.3045409842519685
11
-0.5339065748031496
21
-0.3042005905511811
0
LINE
8
BLACK
6
CONTINUOUS
10
-0.5339065748031496
20
-0.3042005905511811
11
-0.533946062992126
21
-0.3040533858267717
0
LINE
8
BLACK
6
CONTINUOUS
10
-0.533946062992126
20
-0.3040533858267717
11
-0.5340250787401575
21
-0.303925
0
LINE
8
BLACK
6
CONTINUOUS
10
-0.5340250787401575
20
-0.303925
11
-0.5340913385826771
21
-0.3035118897637795
0
LINE
8
BLACK
6
CONTINUOUS
10
-0.5340913385826771
20
-0.3035118897637795
11
-0.5410177165354331
21
-0.2776912204724409
0
LINE
8
BLACK
6
CONTINUOUS
10
-0.5410177165354331
20
-0.2776912204724409
11
-0.5479012598425197
21
-0.3036586220472441
0
LINE
8
BLACK
6
CONTINUOUS
10
-0.5479012598425197
20
-0.3036586220472441
11
-0.5479747244094488
21
-0.3038544488188976
0
LINE
8
BLACK
6
CONTINUOUS
10
-0.5479747244094488
20
-0.3038544488188976
11
-0.5479860236220472
21
-0.303925
0
LINE
8
BLACK
6
CONTINUOUS
10
-0.5479860236220472
20
-0.303925
11
-0.5480248031496063
21
-0.3039879921259843
0
LINE
8
BLACK
6
CONTINUOUS
10
-0.5480248031496063
20
-0.3039879921259843
11
-0.5481045275590551
21
-0.3042005905511811
0
LINE
8
BLACK
6
CONTINUOUS
10
-0.5481045275590551
20
-0.3042005905511811
11
-0.5483651181102362
21
-0.3045409842519685
0
LINE
8
BLACK
6
CONTINUOUS
10
-0.5483651181102362
20
-0.3045409842519685
11
-0.5485898031496063
21
-0.3049061811023622
0
LINE
8
BLACK
6
CONTINUOUS
10
-0.5485898031496063
20
-0.3049061811023622
11
-0.5487126771653543
21
-0.3049950787401575
0
LINE
8
BLACK
6
CONTINUOUS
10
-0.5487126771653543
20
-0.3049950787401575
11
-0.5488048031496063
21
-0.3051154724409449
0
LINE
8
BLACK
6
CONTINUOUS
10
-0.5488048031496063
20
-0.3051154724409449
11
-0.5491759055118111
21
-0.3053303149606299
0
LINE
8
BLACK
6
CONTINUOUS
10
-0.5491759055118111
20
-0.3053303149606299
11
-0.5495231496062992
21
-0.3055816141732283
0
LINE
8
BLACK
6
CONTINUOUS
10
-0.5495231496062992
20
-0.3055816141732283
11
-0.5496706299212598
21
-0.3056166929133858
0
LINE
8
BLACK
6
CONTINUOUS
10
-0.5496706299212598
20
-0.3056166929133858
11
-0.5498018503937008
21
-0.3056927165354331
0
LINE
8
BLACK
6
CONTINUOUS
10
-0.5498018503937008
20
-0.3056927165354331
11
-0.5502268503937008
21
-0.3057491732283464
0
LINE
8
BLACK
6
CONTINUOUS
10
-0.5502268503937008
20
-0.3057491732283464
11
-0.550643937007874
21
-0.3058485039370079
0
LINE
8
BLACK
6
CONTINUOUS
10
-0.550643937007874
20
-0.3058485039370079
11
-0.5507937007874015
21
-0.3058244881889764
0
LINE
8
BLACK
6
CONTINUOUS
10
-0.5507937007874015
20
-0.3058244881889764
11
-0.5509438976377953
21
-0.3058444488188976
0
LINE
8
BLACK
6
CONTINUOUS
10
-0.5509438976377953
20
-0.3058444488188976
11
-0.5513581496062993
21
-0.3057339763779527
0
LINE
8
BLACK
6
CONTINUOUS
10
-0.5513581496062993
20
-0.3057339763779527
11
-0.5517815354330708
21
-0.3056661023622047
0
LINE
8
BLACK
6
CONTINUOUS
10
-0.5517815354330708
20
-0.3056661023622047
11
-0.5519106692913386
21
-0.3055866535433071
0
LINE
8
BLACK
6
CONTINUOUS
10
-0.5519106692913386
20
-0.3055866535433071
11
-0.5520571259842519
21
-0.3055475984251969
0
LINE
8
BLACK
6
CONTINUOUS
10
-0.5520571259842519
20
-0.3055475984251969
11
-0.5523975590551181
21
-0.3052870078740157
0
LINE
8
BLACK
6
CONTINUOUS
10
-0.5523975590551181
20
-0.3052870078740157
11
-0.5527627165354331
21
-0.3050623228346457
0
LINE
8
BLACK
6
CONTINUOUS
10
-0.5527627165354331
20
-0.3050623228346457
11
-0.5528516535433071
21
-0.3049394488188976
0
LINE
8
BLACK
6
CONTINUOUS
10
-0.5528516535433071
20
-0.3049394488188976
11
-0.5529720078740157
21
-0.3048473228346457
0
LINE
8
BLACK
6
CONTINUOUS
10
-0.5529720078740157
20
-0.3048473228346457
11
-0.5531867716535432
21
-0.3044763779527559
0
LINE
8
BLACK
6
CONTINUOUS
10
-0.5531867716535432
20
-0.3044763779527559
11
-0.553438188976378
21
-0.3041289763779528
0
LINE
8
BLACK
6
CONTINUOUS
10
-0.553438188976378
20
-0.3041289763779528
11
-0.553473622047244
21
-0.303980905511811
0
LINE
8
BLACK
6
CONTINUOUS
10
-0.553473622047244
20
-0.303980905511811
11
-0.5535492519685039
21
-0.3038502755905512
0
LINE
8
BLACK
6
CONTINUOUS
10
-0.5535492519685039
20
-0.3038502755905512
11
-0.5536047244094489
21
-0.3034329133858268
0
LINE
8
BLACK
6
CONTINUOUS
10
-0.5536047244094489
20
-0.3034329133858268
11
-0.5658127559055118
21
-0.2524006299212598
0
LINE
8
BLACK
6
CONTINUOUS
10
-0.5658127559055118
20
-0.2524006299212598
11
-0.5658910236220472
21
-0.2518270866141732
0
LINE
8
BLACK
6
CONTINUOUS
10
-0.5658910236220472
20
-0.2518270866141732
11
-0.565708622047244
21
-0.2506894881889764
0
LINE
8
BLACK
6
CONTINUOUS
10
-0.565708622047244
20
-0.2506894881889764
11
-0.5651048425196851
21
-0.2497083070866142
0
LINE
8
BLACK
6
CONTINUOUS
10
-0.5651048425196851
20
-0.2497083070866142
11
-0.5641714960629921
21
-0.2490328346456693
0
LINE
8
BLACK
6
CONTINUOUS
10
-0.5641714960629921
20
-0.2490328346456693
11
-0.5630507086614173
21
-0.2487659842519685
0
LINE
8
BLACK
6
CONTINUOUS
10
-0.5630507086614173
20
-0.2487659842519685
11
-0.5619131102362205
21
-0.2489483858267716
0
LINE
8
BLACK
6
CONTINUOUS
10
-0.5619131102362205
20
-0.2489483858267716
11
-0.5609319291338583
21
-0.2495521653543307
0
LINE
8
BLACK
6
CONTINUOUS
10
-0.5609319291338583
20
-0.2495521653543307
11
-0.5602564566929134
21
-0.2504855118110236
0
LINE
8
BLACK
6
CONTINUOUS
10
-0.5602564566929134
20
-0.2504855118110236
11
-0.5505800787401575
21
-0.2909348818897638
0
LINE
8
BLACK
6
CONTINUOUS
10
-0.5505800787401575
20
-0.2909348818897638
11
-0.5438586220472441
21
-0.2655790551181103
0
LINE
8
BLACK
6
CONTINUOUS
10
-0.5438586220472441
20
-0.2655790551181103
11
-0.5438080314960629
21
-0.265444094488189
0
LINE
8
BLACK
6
CONTINUOUS
10
-0.5438080314960629
20
-0.265444094488189
11
-0.5438004724409449
21
-0.2653874015748031
0
LINE
8
BLACK
6
CONTINUOUS
10
-0.5438004724409449
20
-0.2653874015748031
11
-0.5437614960629921
21
-0.2653200393700788
0
LINE
8
BLACK
6
CONTINUOUS
10
-0.5437614960629921
20
-0.2653200393700788
11
-0.5436553543307087
21
-0.2650370866141732
0
LINE
8
BLACK
6
CONTINUOUS
10
-0.5436553543307087
20
-0.2650370866141732
11
-0.5434185433070866
21
-0.2647276377952756
0
LINE
8
BLACK
6
CONTINUOUS
10
-0.5434185433070866
20
-0.2647276377952756
11
-0.5432232283464566
21
-0.2643903543307087
0
LINE
8
BLACK
6
CONTINUOUS
10
-0.5432232283464566
20
-0.2643903543307087
11
-0.5430713779527558
21
-0.2642740551181103
0
LINE
8
BLACK
6
CONTINUOUS
10
-0.5430713779527558
20
-0.2642740551181103
11
-0.5429550787401575
21
-0.2641222047244094
0
LINE
8
BLACK
6
CONTINUOUS
10
-0.5429550787401575
20
-0.2641222047244094
11
-0.5426177952755905
21
-0.2639268897637795
0
LINE
8
BLACK
6
CONTINUOUS
10
-0.5426177952755905
20
-0.2639268897637795
11
-0.5423083464566929
21
-0.2636900787401575
0
LINE
8
BLACK
6
CONTINUOUS
10
-0.5423083464566929
20
-0.2636900787401575
11
-0.5421236220472441
21
-0.2636407874015748
0
LINE
8
BLACK
6
CONTINUOUS
10
-0.5421236220472441
20
-0.2636407874015748
11
-0.541958031496063
21
-0.2635449606299213
0
LINE
8
BLACK
6
CONTINUOUS
10
-0.541958031496063
20
-0.2635449606299213
11
-0.5415716141732283
21
-0.2634935826771653
0
LINE
8
BLACK
6
CONTINUOUS
10
-0.5415716141732283
20
-0.2634935826771653
11
-0.5411951181102362
21
-0.2633932283464567
0
LINE
8
BLACK
6
CONTINUOUS
10
-0.5411951181102362
20
-0.2633932283464567
11
-0.5410055511811024
21
-0.2634183858267716
0
LINE
8
BLACK
6
CONTINUOUS
10
-0.5410055511811024
20
-0.2634183858267716
11
-0.5408159842519685
21
-0.2633932283464567
0
LINE
8
BLACK
6
CONTINUOUS
10
-0.5408159842519685
20
-0.2633932283464567
11
-0.5404395275590551
21
-0.2634935826771653
0
LINE
8
BLACK
6
CONTINUOUS
10
-0.5404395275590551
20
-0.2634935826771653
11
-0.5400530708661417
21
-0.2635449606299213
0
LINE
8
BLACK
6
CONTINUOUS
10
-0.5400530708661417
20
-0.2635449606299213
11
-0.5398875196850393
21
-0.2636407874015748
0
LINE
8
BLACK
6
CONTINUOUS
10
-0.5398875196850393
20
-0.2636407874015748
11
-0.5397027559055118
21
-0.2636900787401575
0
LINE
8
BLACK
6
CONTINUOUS
10
-0.5397027559055118
20
-0.2636900787401575
11
-0.5393933464566929
21
-0.2639268897637795
0
LINE
8
BLACK
6
CONTINUOUS
10
-0.5393933464566929
20
-0.2639268897637795
11
-0.5390560236220472
21
-0.2641222047244094
0
LINE
8
BLACK
6
CONTINUOUS
10
-0.5390560236220472
20
-0.2641222047244094
11
-0.5389397637795276
21
-0.2642740551181103
0
LINE
8
BLACK
6
CONTINUOUS
10
-0.5389397637795276
20
-0.2642740551181103
11
-0.538787874015748
21
-0.2643903543307087
0
LINE
8
BLACK
6
CONTINUOUS
10
-0.538787874015748
20
-0.2643903543307087
11
-0.5385925984251968
21
-0.2647276377952756
0
LINE
8
BLACK
6
CONTINUOUS
10
-0.5385925984251968
20
-0.2647276377952756
11
-0.538355748031496
21
-0.2650370866141732
0
LINE
8
BLACK
6
CONTINUOUS
10
-0.538355748031496
20
-0.2650370866141732
11
-0.5383059448818898
21
-0.2652227559055118
0
LINE
8
BLACK
6
CONTINUOUS
10
-0.5383059448818898
20
-0.2652227559055118
11
-0.5382106299212598
21
-0.2653874015748031
0
LINE
8
BLACK
6
CONTINUOUS
10
-0.5382106299212598
20
-0.2653874015748031
11
-0.5381604724409449
21
-0.2657651574803149
0
LINE
8
BLACK
6
CONTINUOUS
10
-0.5381604724409449
20
-0.2657651574803149
11
-0.5314034645669291
21
-0.2909543700787401
0
LINE
8
BLACK
6
CONTINUOUS
10
-0.5314034645669291
20
-0.2909543700787401
11
-0.5219432677165354
21
-0.2510327952755905
0
LINE
8
BLACK
6
CONTINUOUS
10
-0.5219432677165354
20
-0.2510327952755905
11
-0.5217546456692913
21
-0.2504855118110236
0
LINE
8
BLACK
6
CONTINUOUS
10
-0.5217546456692913
20
-0.2504855118110236
11
-0.5210791732283464
21
-0.2495521653543307
0
LINE
8
BLACK
6
CONTINUOUS
10
-0.5210791732283464
20
-0.2495521653543307
11
-0.5200979921259843
21
-0.2489483858267716
0
LINE
8
BLACK
6
CONTINUOUS
10
-0.5200979921259843
20
-0.2489483858267716
11
-0.5189603937007874
21
-0.2487659842519685
0
LINE
8
BLACK
6
CONTINUOUS
10
-0.5189603937007874
20
-0.2487659842519685
11
-0.5178396062992126
21
-0.249032874015748
0
LINE
8
BLACK
6
CONTINUOUS
10
-0.5891734251968503
20
-0.2488206692913386
11
-0.5890754330708662
21
-0.2488612598425197
0
LINE
8
BLACK
6
CONTINUOUS
10
-0.5890754330708662
20
-0.2488612598425197
11
-0.5889696062992126
21
-0.248868779527559
0
LINE
8
BLACK
6
CONTINUOUS
10
-0.5889696062992126
20
-0.248868779527559
11
-0.5884792519685039
21
-0.249108188976378
0
LINE
8
BLACK
6
CONTINUOUS
10
-0.5884792519685039
20
-0.249108188976378
11
-0.5881090157480314
21
-0.2492615748031496
0
LINE
8
BLACK
6
CONTINUOUS
10
-0.5881090157480314
20
-0.2492615748031496
11
-0.5880554330708662
21
-0.249315157480315
0
LINE
8
BLACK
6
CONTINUOUS
10
-0.5880554330708662
20
-0.249315157480315
11
-0.5835545669291339
21
-0.251512874015748
0
LINE
8
BLACK
6
CONTINUOUS
10
-0.5835545669291339
20
-0.251512874015748
11
-0.5833066929133858
21
-0.2516688976377953
0
LINE
8
BLACK
6
CONTINUOUS
10
-0.5833066929133858
20
-0.2516688976377953
11
-0.5832346062992125
21
-0.251698779527559
0
LINE
8
BLACK
6
CONTINUOUS
10
-0.5832346062992125
20
-0.251698779527559
11
-0.5831893700787402
21
-0.2517427559055118
0
LINE
8
BLACK
6
CONTINUOUS
10
-0.5831893700787402
20
-0.2517427559055118
11
-0.58306468503937
21
-0.2518212598425197
0
LINE
8
BLACK
6
CONTINUOUS
10
-0.58306468503937
20
-0.2518212598425197
11
-0.5828285039370079
21
-0.2520935826771654
0
LINE
8
BLACK
6
CONTINUOUS
10
-0.5828285039370079
20
-0.2520935826771654
11
-0.5803499606299213
21
-0.254503188976378
0
LINE
8
BLACK
6
CONTINUOUS
10
-0.5803499606299213
20
-0.254503188976378
11
-0.5801641338582677
21
-0.2547295669291338
0
LINE
8
BLACK
6
CONTINUOUS
10
-0.5801641338582677
20
-0.2547295669291338
11
-0.5801051968503936
21
-0.2547807086614173
0
LINE
8
BLACK
6
CONTINUOUS
10
-0.5801051968503936
20
-0.2547807086614173
11
-0.5800770866141732
21
-0.2548356692913386
0
LINE
8
BLACK
6
CONTINUOUS
10
-0.5800770866141732
20
-0.2548356692913386
11
-0.5799827165354331
21
-0.2549506299212598
0
LINE
8
BLACK
6
CONTINUOUS
10
-0.5799827165354331
20
-0.2549506299212598
11
-0.5798320866141732
21
-0.2553142913385827
0
LINE
8
BLACK
6
CONTINUOUS
10
-0.5798320866141732
20
-0.2553142913385827
11
-0.5773596850393701
21
-0.2601449606299213
0
LINE
8
BLACK
6
CONTINUOUS
10
-0.5773596850393701
20
-0.2601449606299213
11
-0.5771527952755905
21
-0.2606855905511811
0
LINE
8
BLACK
6
CONTINUOUS
10
-0.5771527952755905
20
-0.2606855905511811
11
-0.5771453149606299
21
-0.2607913779527559
0
LINE
8
BLACK
6
CONTINUOUS
10
-0.5771453149606299
20
-0.2607913779527559
11
-0.5771046850393701
21
-0.2608894094488189
0
LINE
8
BLACK
6
CONTINUOUS
10
-0.5771046850393701
20
-0.2608894094488189
11
-0.577100905511811
21
-0.2614159842519685
0
LINE
8
BLACK
6
CONTINUOUS
10
-0.577100905511811
20
-0.2614159842519685
11
-0.5770711417322835
21
-0.2618348031496063
0
LINE
8
BLACK
6
CONTINUOUS
10
-0.5770711417322835
20
-0.2618348031496063
11
-0.5770973228346457
21
-0.2619133070866141
0
LINE
8
BLACK
6
CONTINUOUS
10
-0.5770973228346457
20
-0.2619133070866141
11
-0.5770479527559055
21
-0.2687770866141732
0
LINE
8
BLACK
6
CONTINUOUS
10
-0.5770479527559055
20
-0.2687770866141732
11
-0.5771046850393701
21
-0.2693531496062992
0
LINE
8
BLACK
6
CONTINUOUS
10
-0.5771046850393701
20
-0.2693531496062992
11
-0.5771453149606299
21
-0.2694511417322835
0
LINE
8
BLACK
6
CONTINUOUS
10
-0.5771453149606299
20
-0.2694511417322835
11
-0.5771527952755905
21
-0.269556968503937
0
LINE
8
BLACK
6
CONTINUOUS
10
-0.5771527952755905
20
-0.269556968503937
11
-0.5773922440944882
21
-0.2700473228346457
0
LINE
8
BLACK
6
CONTINUOUS
10
-0.5773922440944882
20
-0.2700473228346457
11
-0.577545590551181
21
-0.2704175590551181
0
LINE
8
BLACK
6
CONTINUOUS
10
-0.577545590551181
20
-0.2704175590551181
11
-0.5775991732283464
21
-0.2704711023622047
0
LINE
8
BLACK
6
CONTINUOUS
10
-0.5775991732283464
20
-0.2704711023622047
11
-0.5797968503937008
21
-0.274971968503937
0
LINE
8
BLACK
6
CONTINUOUS
10
-0.5797968503937008
20
-0.274971968503937
11
-0.579952874015748
21
-0.2752197637795276
0
LINE
8
BLACK
6
CONTINUOUS
10
-0.579952874015748
20
-0.2752197637795276
11
-0.5799827165354331
21
-0.2752919291338582
0
LINE
8
BLACK
6
CONTINUOUS
10
-0.5799827165354331
20
-0.2752919291338582
11
-0.5800267716535433
21
-0.2753372047244094
0
LINE
8
BLACK
6
CONTINUOUS
10
-0.5800267716535433
20
-0.2753372047244094
11
-0.5801051968503936
21
-0.2754618503937008
0
LINE
8
BLACK
6
CONTINUOUS
10
-0.5801051968503936
20
-0.2754618503937008
11
-0.5803775196850394
21
-0.2756979921259842
0
LINE
8
BLACK
6
CONTINUOUS
10
-0.5803775196850394
20
-0.2756979921259842
11
-0.5827871653543307
21
-0.2781765748031496
0
LINE
8
BLACK
6
CONTINUOUS
10
-0.5827871653543307
20
-0.2781765748031496
11
-0.5830136614173228
21
-0.2783624015748031
0
LINE
8
BLACK
6
CONTINUOUS
10
-0.5830136614173228
20
-0.2783624015748031
11
-0.58306468503937
21
-0.2784212992125984
0
LINE
8
BLACK
6
CONTINUOUS
10
-0.58306468503937
20
-0.2784212992125984
11
-0.5831196456692913
21
-0.2784494094488189
0
LINE
8
BLACK
6
CONTINUOUS
10
-0.5831196456692913
20
-0.2784494094488189
11
-0.5832346062992125
21
-0.278543779527559
0
LINE
8
BLACK
6
CONTINUOUS
10
-0.5832346062992125
20
-0.278543779527559
11
-0.5835983858267716
21
-0.2786944488188977
0
LINE
8
BLACK
6
CONTINUOUS
10
-0.5835983858267716
20
-0.2786944488188977
11
-0.5884289763779528
21
-0.2811668897637795
0
LINE
8
BLACK
6
CONTINUOUS
10
-0.5884289763779528
20
-0.2811668897637795
11
-0.5889696062992126
21
-0.281373779527559
0
LINE
8
BLACK
6
CONTINUOUS
10
-0.5889696062992126
20
-0.281373779527559
11
-0.5890754330708662
21
-0.2813812598425197
0
LINE
8
BLACK
6
CONTINUOUS
10
-0.5890754330708662
20
-0.2813812598425197
11
-0.5891734251968503
21
-0.2814218897637795
0
LINE
8
BLACK
6
CONTINUOUS
10
-0.5891734251968503
20
-0.2814218897637795
11
-0.5896663385826771
21
-0.2814232677165354
0
LINE
8
BLACK
6
CONTINUOUS
10
-0.5896663385826771
20
-0.2814232677165354
11
-0.5901188188976377
21
-0.2814554330708661
0
LINE
8
BLACK
6
CONTINUOUS
10
-0.5901188188976377
20
-0.2814554330708661
11
-0.5902106692913386
21
-0.2814248031496063
0
LINE
8
BLACK
6
CONTINUOUS
10
-0.5902106692913386
20
-0.2814248031496063
11
-0.6063177952755905
21
-0.2814703149606299
0
LINE
8
BLACK
6
CONTINUOUS
10
-0.6063177952755905
20
-0.2814703149606299
11
-0.6062942913385827
21
-0.3028977952755905
0
LINE
8
BLACK
6
CONTINUOUS
10
-0.6062942913385827
20
-0.3028977952755905
11
-0.6063510236220472
21
-0.3034738582677165
0
LINE
8
BLACK
6
CONTINUOUS
10
-0.6063510236220472
20
-0.3034738582677165
11
-0.6067919291338583
21
-0.3045382677165354
0
LINE
8
BLACK
6
CONTINUOUS
10
-0.6067919291338583
20
-0.3045382677165354
11
-0.6076065748031496
21
-0.3053529133858268
0
LINE
8
BLACK
6
CONTINUOUS
10
-0.6076065748031496
20
-0.3053529133858268
11
-0.6086709842519685
21
-0.3057938188976378
0
LINE
8
BLACK
6
CONTINUOUS
10
-0.6086709842519685
20
-0.3057938188976378
11
-0.6098231102362205
21
-0.3057938188976378
0
LINE
8
BLACK
6
CONTINUOUS
10
-0.6098231102362205
20
-0.3057938188976378
11
-0.6108875196850394
21
-0.3053529133858268
0
LINE
8
BLACK
6
CONTINUOUS
10
-0.6108875196850394
20
-0.3053529133858268
11
-0.6117021653543306
21
-0.3045382677165354
0
LINE
8
BLACK
6
CONTINUOUS
10
-0.6117021653543306
20
-0.3045382677165354
11
-0.6121430708661417
21
-0.3034738582677165
0
LINE
8
BLACK
6
CONTINUOUS
10
-0.6121430708661417
20
-0.3034738582677165
11
-0.6121998031496063
21
-0.2517166929133858
0
LINE
8
BLACK
6
CONTINUOUS
10
-0.6121998031496063
20
-0.2517166929133858
11
-0.6121430708661417
21
-0.2511406299212599
0
LINE
8
BLACK
6
CONTINUOUS
10
-0.6121430708661417
20
-0.2511406299212599
11
-0.6117021653543306
21
-0.2500762204724409
0
LINE
8
BLACK
6
CONTINUOUS
10
-0.6117021653543306
20
-0.2500762204724409
11
-0.6108875196850394
21
-0.2492615748031496
0
LINE
8
BLACK
6
CONTINUOUS
10
-0.6108875196850394
20
-0.2492615748031496
11
-0.6098231102362205
21
-0.2488206692913386
0
LINE
8
BLACK
6
CONTINUOUS
10
-0.6098231102362205
20
-0.2488206692913386
11
-0.5897494881889763
21
-0.248763937007874
0
LINE
8
BLACK
6
CONTINUOUS
10
-0.5897494881889763
20
-0.248763937007874
11
-0.5891734251968503
21
-0.2488206692913386
0
LINE
8
BLACK
6
CONTINUOUS
10
-0.6063471653543306
20
-0.2546612204724409
11
-0.6063242125984252
21
-0.2756199212598425
0
LINE
8
BLACK
6
CONTINUOUS
10
-0.6063242125984252
20
-0.2756199212598425
11
-0.5903516929133859
21
-0.2755748031496063
0
LINE
8
BLACK
6
CONTINUOUS
10
-0.5903516929133859
20
-0.2755748031496063
11
-0.5865178346456693
21
-0.2736125196850394
0
LINE
8
BLACK
6
CONTINUOUS
10
-0.5865178346456693
20
-0.2736125196850394
11
-0.5847695275590551
21
-0.2718142125984252
0
LINE
8
BLACK
6
CONTINUOUS
10
-0.5847695275590551
20
-0.2718142125984252
11
-0.5829064960629922
21
-0.2679987795275591
0
LINE
8
BLACK
6
CONTINUOUS
10
-0.5829064960629922
20
-0.2679987795275591
11
-0.5829491338582677
21
-0.2620728346456693
0
LINE
8
BLACK
6
CONTINUOUS
10
-0.5829491338582677
20
-0.2620728346456693
11
-0.5849139763779527
21
-0.2582338582677166
0
LINE
8
BLACK
6
CONTINUOUS
10
-0.5849139763779527
20
-0.2582338582677166
11
-0.5867123228346457
21
-0.2564855118110236
0
LINE
8
BLACK
6
CONTINUOUS
10
-0.5867123228346457
20
-0.2564855118110236
11
-0.5905398818897638
21
-0.2546165748031496
0
LINE
8
BLACK
6
CONTINUOUS
10
-0.5905398818897638
20
-0.2546165748031496
11
-0.6063471653543306
21
-0.2546612204724409
0
LINE
8
BLACK
6
CONTINUOUS
10
-0.2729079527559055
20
-0.2488206692913386
11
-0.2728099606299212
21
-0.2488612598425197
0
LINE
8
BLACK
6
CONTINUOUS
10
-0.2728099606299212
20
-0.2488612598425197
11
-0.2727041338582677
21
-0.248868779527559
0
LINE
8
BLACK
6
CONTINUOUS
10
-0.2727041338582677
20
-0.248868779527559
11
-0.272213779527559
21
-0.249108188976378
0
LINE
8
BLACK
6
CONTINUOUS
10
-0.272213779527559
20
-0.249108188976378
11
-0.2718435433070866
21
-0.2492615748031496
0
LINE
8
BLACK
6
CONTINUOUS
10
-0.2718435433070866
20
-0.2492615748031496
11
-0.2717899606299213
21
-0.249315157480315
0
LINE
8
BLACK
6
CONTINUOUS
10
-0.2717899606299213
20
-0.249315157480315
11
-0.267289094488189
21
-0.251512874015748
0
LINE
8
BLACK
6
CONTINUOUS
10
-0.267289094488189
20
-0.251512874015748
11
-0.2670412204724409
21
-0.2516688976377953
0
LINE
8
BLACK
6
CONTINUOUS
10
-0.2670412204724409
20
-0.2516688976377953
11
-0.2669691338582677
21
-0.251698779527559
0
LINE
8
BLACK
6
CONTINUOUS
10
-0.2669691338582677
20
-0.251698779527559
11
-0.2669238976377953
21
-0.2517427559055118
0
LINE
8
BLACK
6
CONTINUOUS
10
-0.2669238976377953
20
-0.2517427559055118
11
-0.2667992125984252
21
-0.2518212598425197
0
LINE
8
BLACK
6
CONTINUOUS
10
-0.2667992125984252
20
-0.2518212598425197
11
-0.266563031496063
21
-0.2520935826771654
0
LINE
8
BLACK
6
CONTINUOUS
10
-0.266563031496063
20
-0.2520935826771654
11
-0.2640844881889764
21
-0.254503188976378
0
LINE
8
BLACK
6
CONTINUOUS
10
-0.2640844881889764
20
-0.254503188976378
11
-0.2638986614173228
21
-0.2547295669291338
0
LINE
8
BLACK
6
CONTINUOUS
10
-0.2638986614173228
20
-0.2547295669291338
11
-0.2638397244094488
21
-0.2547807086614173
0
LINE
8
BLACK
6
CONTINUOUS
10
-0.2638397244094488
20
-0.2547807086614173
11
-0.2638116141732283
21
-0.2548356692913386
0
LINE
8
BLACK
6
CONTINUOUS
10
-0.2638116141732283
20
-0.2548356692913386
11
-0.2637172440944882
21
-0.2549506299212598
0
LINE
8
BLACK
6
CONTINUOUS
10
-0.2637172440944882
20
-0.2549506299212598
11
-0.2635666141732284
21
-0.2553142913385827
0
LINE
8
BLACK
6
CONTINUOUS
10
-0.2635666141732284
20
-0.2553142913385827
11
-0.2610942125984252
21
-0.2601449606299213
0
LINE
8
BLACK
6
CONTINUOUS
10
-0.2610942125984252
20
-0.2601449606299213
11
-0.2608873228346457
21
-0.2606855905511811
0
LINE
8
BLACK
6
CONTINUOUS
10
-0.2608873228346457
20
-0.2606855905511811
11
-0.260879842519685
21
-0.2607913779527559
0
LINE
8
BLACK
6
CONTINUOUS
10
-0.260879842519685
20
-0.2607913779527559
11
-0.2608392125984252
21
-0.2608894094488189
0
LINE
8
BLACK
6
CONTINUOUS
10
-0.2608392125984252
20
-0.2608894094488189
11
-0.2608354330708662
21
-0.2614159842519685
0
LINE
8
BLACK
6
CONTINUOUS
10
-0.2608354330708662
20
-0.2614159842519685
11
-0.2608056692913386
21
-0.2618348031496063
0
LINE
8
BLACK
6
CONTINUOUS
10
-0.2608056692913386
20
-0.2618348031496063
11
-0.2608318503937008
21
-0.2619133070866141
0
LINE
8
BLACK
6
CONTINUOUS
10
-0.2608318503937008
20
-0.2619133070866141
11
-0.2607824803149606
21
-0.2687770866141732
0
LINE
8
BLACK
6
CONTINUOUS
10
-0.2607824803149606
20
-0.2687770866141732
11
-0.2608392125984252
21
-0.2693531496062992
0
LINE
8
BLACK
6
CONTINUOUS
10
-0.2608392125984252
20
-0.2693531496062992
11
-0.260879842519685
21
-0.2694511417322835
0
LINE
8
BLACK
6
CONTINUOUS
10
-0.260879842519685
20
-0.2694511417322835
11
-0.2608873228346457
21
-0.269556968503937
0
LINE
8
BLACK
6
CONTINUOUS
10
-0.2608873228346457
20
-0.269556968503937
11
-0.2611267716535433
21
-0.2700473228346457
0
LINE
8
BLACK
6
CONTINUOUS
10
-0.2611267716535433
20
-0.2700473228346457
11
-0.2612801181102362
21
-0.2704175590551181
0
LINE
8
BLACK
6
CONTINUOUS
10
-0.2612801181102362
20
-0.2704175590551181
11
-0.2613337007874016
21
-0.2704711023622047
0
LINE
8
BLACK
6
CONTINUOUS
10
-0.2613337007874016
20
-0.2704711023622047
11
-0.2635313779527559
21
-0.274971968503937
0
LINE
8
BLACK
6
CONTINUOUS
10
-0.2635313779527559
20
-0.274971968503937
11
-0.2636874015748031
21
-0.2752197637795276
0
LINE
8
BLACK
6
CONTINUOUS
10
-0.2636874015748031
20
-0.2752197637795276
11
-0.2637172440944882
21
-0.2752919291338582
0
LINE
8
BLACK
6
CONTINUOUS
10
-0.2637172440944882
20
-0.2752919291338582
11
-0.2637612992125984
21
-0.2753372047244094
0
LINE
8
BLACK
6
CONTINUOUS
10
-0.2637612992125984
20
-0.2753372047244094
11
-0.2638397244094488
21
-0.2754618503937008
0
LINE
8
BLACK
6
CONTINUOUS
10
-0.2638397244094488
20
-0.2754618503937008
11
-0.2641120472440945
21
-0.2756979921259842
0
LINE
8
BLACK
6
CONTINUOUS
10
-0.2641120472440945
20
-0.2756979921259842
11
-0.2665216929133858
21
-0.2781765748031496
0
LINE
8
BLACK
6
CONTINUOUS
10
-0.2665216929133858
20
-0.2781765748031496
11
-0.2667481889763779
21
-0.2783624015748031
0
LINE
8
BLACK
6
CONTINUOUS
10
-0.2667481889763779
20
-0.2783624015748031
11
-0.2667992125984252
21
-0.2784212992125984
0
LINE
8
BLACK
6
CONTINUOUS
10
-0.2667992125984252
20
-0.2784212992125984
11
-0.2668541732283464
21
-0.2784494094488189
0
LINE
8
BLACK
6
CONTINUOUS
10
-0.2668541732283464
20
-0.2784494094488189
11
-0.2669691338582677
21
-0.278543779527559
0
LINE
8
BLACK
6
CONTINUOUS
10
-0.2669691338582677
20
-0.278543779527559
11
-0.2673329133858268
21
-0.2786944488188977
0
LINE
8
BLACK
6
CONTINUOUS
10
-0.2673329133858268
20
-0.2786944488188977
11
-0.2721635039370079
21
-0.2811668897637795
0
LINE
8
BLACK
6
CONTINUOUS
10
-0.2721635039370079
20
-0.2811668897637795
11
-0.2727041338582677
21
-0.281373779527559
0
LINE
8
BLACK
6
CONTINUOUS
10
-0.2727041338582677
20
-0.281373779527559
11
-0.2728099606299212
21
-0.2813812598425197
0
LINE
8
BLACK
6
CONTINUOUS
10
-0.2728099606299212
20
-0.2813812598425197
11
-0.2729079527559055
21
-0.2814218897637795
0
LINE
8
BLACK
6
CONTINUOUS
10
-0.2729079527559055
20
-0.2814218897637795
11
-0.2734008661417323
21
-0.2814232677165354
0
LINE
8
BLACK
6
CONTINUOUS
10
-0.2734008661417323
20
-0.2814232677165354
11
-0.2738533464566929
21
-0.2814554330708661
0
LINE
8
BLACK
6
CONTINUOUS
10
-0.2738533464566929
20
-0.2814554330708661
11
-0.2739451968503937
21
-0.2814248031496063
0
LINE
8
BLACK
6
CONTINUOUS
10
-0.2739451968503937
20
-0.2814248031496063
11
-0.2900523228346457
21
-0.2814703149606299
0
LINE
8
BLACK
6
CONTINUOUS
10
-0.2900523228346457
20
-0.2814703149606299
11
-0.2900288188976378
21
-0.3028977952755905
0
LINE
8
BLACK
6
CONTINUOUS
10
-0.2900288188976378
20
-0.3028977952755905
11
-0.2900855511811024
21
-0.3034738582677165
0
LINE
8
BLACK
6
CONTINUOUS
10
-0.2900855511811024
20
-0.3034738582677165
11
-0.2905264566929134
21
-0.3045382677165354
0
LINE
8
BLACK
6
CONTINUOUS
10
-0.2905264566929134
20
-0.3045382677165354
11
-0.2913411023622047
21
-0.3053529133858268
0
LINE
8
BLACK
6
CONTINUOUS
10
-0.2913411023622047
20
-0.3053529133858268
11
-0.2924055118110236
21
-0.3057938188976378
0
LINE
8
BLACK
6
CONTINUOUS
10
-0.2924055118110236
20
-0.3057938188976378
11
-0.2935576377952756
21
-0.3057938188976378
0
LINE
8
BLACK
6
CONTINUOUS
10
-0.2935576377952756
20
-0.3057938188976378
11
-0.2946220472440945
21
-0.3053529133858268
0
LINE
8
BLACK
6
CONTINUOUS
10
-0.2946220472440945
20
-0.3053529133858268
11
-0.2954366929133858
21
-0.3045382677165354
0
LINE
8
BLACK
6
CONTINUOUS
10
-0.2954366929133858
20
-0.3045382677165354
11
-0.2958775984251968
21
-0.3034738582677165
0
LINE
8
BLACK
6
CONTINUOUS
10
-0.2958775984251968
20
-0.3034738582677165
11
-0.2959343307086614
21
-0.2517166929133858
0
LINE
8
BLACK
6
CONTINUOUS
10
-0.2959343307086614
20
-0.2517166929133858
11
-0.2958775984251968
21
-0.2511406299212599
0
LINE
8
BLACK
6
CONTINUOUS
10
-0.2958775984251968
20
-0.2511406299212599
11
-0.2954366929133858
21
-0.2500762204724409
0
LINE
8
BLACK
6
CONTINUOUS
10
-0.2954366929133858
20
-0.2500762204724409
11
-0.2946220472440945
21
-0.2492615748031496
0
LINE
8
BLACK
6
CONTINUOUS
10
-0.2946220472440945
20
-0.2492615748031496
11
-0.2935576377952756
21
-0.2488206692913386
0
LINE
8
BLACK
6
CONTINUOUS
10
-0.2935576377952756
20
-0.2488206692913386
11
-0.2734840157480315
21
-0.248763937007874
0
LINE
8
BLACK
6
CONTINUOUS
10
-0.2734840157480315
20
-0.248763937007874
11
-0.2729079527559055
21
-0.2488206692913386
0
LINE
8
BLACK
6
CONTINUOUS
10
-0.2900816929133858
20
-0.2546612204724409
11
-0.2900587401574803
21
-0.2756199212598425
0
LINE
8
BLACK
6
CONTINUOUS
10
-0.2900587401574803
20
-0.2756199212598425
11
-0.2740862204724409
21
-0.2755748031496063
0
LINE
8
BLACK
6
CONTINUOUS
10
-0.2740862204724409
20
-0.2755748031496063
11
-0.2702523622047244
21
-0.2736125196850394
0
LINE
8
BLACK
6
CONTINUOUS
10
-0.2702523622047244
20
-0.2736125196850394
11
-0.2685040551181102
21
-0.2718142125984252
0
LINE
8
BLACK
6
CONTINUOUS
10
-0.2685040551181102
20
-0.2718142125984252
11
-0.2666410236220472
21
-0.2679987795275591
0
LINE
8
BLACK
6
CONTINUOUS
10
-0.2666410236220472
20
-0.2679987795275591
11
-0.2666836614173228
21
-0.2620728346456693
0
LINE
8
BLACK
6
CONTINUOUS
10
-0.2666836614173228
20
-0.2620728346456693
11
-0.2686485039370078
21
-0.2582338582677166
0
LINE
8
BLACK
6
CONTINUOUS
10
-0.2686485039370078
20
-0.2582338582677166
11
-0.2704468503937008
21
-0.2564855118110236
0
LINE
8
BLACK
6
CONTINUOUS
10
-0.2704468503937008
20
-0.2564855118110236
11
-0.2742744094488189
21
-0.2546165748031496
0
LINE
8
BLACK
6
CONTINUOUS
10
-0.2742744094488189
20
-0.2546165748031496
11
-0.2900816929133858
21
-0.2546612204724409
0
LINE
8
BLACK
6
CONTINUOUS
10
0.3382770472440945
20
-0.2328035826771654
11
0.3383199212598425
21
-0.2327893307086614
0
LINE
8
BLACK
6
CONTINUOUS
10
0.3383199212598425
20
-0.2327893307086614
11
0.3384063385826772
21
-0.2328292913385827
0
LINE
8
BLACK
6
CONTINUOUS
10
0.3384063385826772
20
-0.2328292913385827
11
0.3389336614173228
21
-0.2329342125984252
0
LINE
8
BLACK
6
CONTINUOUS
10
0.3389336614173228
20
-0.2329342125984252
11
0.3391925196850394
21
-0.2331930708661417
0
LINE
8
BLACK
6
CONTINUOUS
10
0.3391925196850394
20
-0.2331930708661417
11
0.3428101968503937
21
-0.2348669291338583
0
LINE
8
BLACK
6
CONTINUOUS
10
0.3428101968503937
20
-0.2348669291338583
11
0.343416968503937
21
-0.235337874015748
0
LINE
8
BLACK
6
CONTINUOUS
10
0.343416968503937
20
-0.235337874015748
11
0.3434855511811024
21
-0.2355437007874016
0
LINE
8
BLACK
6
CONTINUOUS
10
0.3434855511811024
20
-0.2355437007874016
11
0.3450916141732283
21
-0.2370143307086614
0
LINE
8
BLACK
6
CONTINUOUS
10
0.3450916141732283
20
-0.2370143307086614
11
0.3450944094488189
21
-0.2370152755905512
0
LINE
8
BLACK
6
CONTINUOUS
10
0.3450944094488189
20
-0.2370152755905512
11
0.3450961023622047
21
-0.2370184251968504
0
LINE
8
BLACK
6
CONTINUOUS
10
0.3450961023622047
20
-0.2370184251968504
11
0.3451965748031496
21
-0.2371104330708661
0
LINE
8
BLACK
6
CONTINUOUS
10
0.3451965748031496
20
-0.2371104330708661
11
0.3456233070866142
21
-0.2377490551181102
0
LINE
8
BLACK
6
CONTINUOUS
10
0.3456233070866142
20
-0.2377490551181102
11
0.3456233070866142
21
-0.2379975196850394
0
LINE
8
BLACK
6
CONTINUOUS
10
0.3456233070866142
20
-0.2379975196850394
11
0.3474400787401575
21
-0.2413715748031496
0
LINE
8
BLACK
6
CONTINUOUS
10
0.3474400787401575
20
-0.2413715748031496
11
0.3476429527559055
21
-0.2421123622047244
0
LINE
8
BLACK
6
CONTINUOUS
10
0.3476429527559055
20
-0.2421123622047244
11
0.3475851574803149
21
-0.2422856299212598
0
LINE
8
BLACK
6
CONTINUOUS
10
0.3475851574803149
20
-0.2422856299212598
11
0.3494638976377953
21
-0.2492735433070866
0
LINE
8
BLACK
6
CONTINUOUS
10
0.3494638976377953
20
-0.2492735433070866
11
0.3495012204724409
21
-0.2500407086614173
0
LINE
8
BLACK
6
CONTINUOUS
10
0.3495012204724409
20
-0.2500407086614173
11
0.3493909842519685
21
-0.2502244094488189
0
LINE
8
BLACK
6
CONTINUOUS
10
0.3493909842519685
20
-0.2502244094488189
11
0.3495226771653543
21
-0.2591248031496063
0
LINE
8
BLACK
6
CONTINUOUS
10
0.3495226771653543
20
-0.2591248031496063
11
0.3493728346456693
21
-0.2598781102362205
0
LINE
8
BLACK
6
CONTINUOUS
10
0.3493728346456693
20
-0.2598781102362205
11
0.3492259842519685
21
-0.2600249212598425
0
LINE
8
BLACK
6
CONTINUOUS
10
0.3492259842519685
20
-0.2600249212598425
11
0.3475891338582677
21
-0.2671012992125984
0
LINE
8
BLACK
6
CONTINUOUS
10
0.3475891338582677
20
-0.2671012992125984
11
0.347261062992126
21
-0.2677957480314961
0
LINE
8
BLACK
6
CONTINUOUS
10
0.347261062992126
20
-0.2677957480314961
11
0.3471284645669291
21
-0.2678752755905512
0
LINE
8
BLACK
6
CONTINUOUS
10
0.3471284645669291
20
-0.2678752755905512
11
0.3455653149606299
21
-0.2712537401574803
0
LINE
8
BLACK
6
CONTINUOUS
10
0.3455653149606299
20
-0.2712537401574803
11
0.3450944094488189
21
-0.2718605118110236
0
LINE
8
BLACK
6
CONTINUOUS
10
0.3450944094488189
20
-0.2718605118110236
11
0.3448885039370079
21
-0.271929094488189
0
LINE
8
BLACK
6
CONTINUOUS
10
0.3448885039370079
20
-0.271929094488189
11
0.3434178346456693
21
-0.2735352362204724
0
LINE
8
BLACK
6
CONTINUOUS
10
0.3434178346456693
20
-0.2735352362204724
11
0.343416968503937
21
-0.2735379527559055
0
LINE
8
BLACK
6
CONTINUOUS
10
0.343416968503937
20
-0.2735379527559055
11
0.3434138582677165
21
-0.2735396062992126
0
LINE
8
BLACK
6
CONTINUOUS
10
0.3434138582677165
20
-0.2735396062992126
11
0.3433218503937008
21
-0.2736401181102362
0
LINE
8
BLACK
6
CONTINUOUS
10
0.3433218503937008
20
-0.2736401181102362
11
0.3426832283464567
21
-0.2740668503937008
0
LINE
8
BLACK
6
CONTINUOUS
10
0.3426832283464567
20
-0.2740668503937008
11
0.3424347244094488
21
-0.2740668503937008
0
LINE
8
BLACK
6
CONTINUOUS
10
0.3424347244094488
20
-0.2740668503937008
11
0.3390607086614173
21
-0.2758836220472441
0
LINE
8
BLACK
6
CONTINUOUS
10
0.3390607086614173
20
-0.2758836220472441
11
0.3389655905511811
21
-0.2759096456692913
0
LINE
8
BLACK
6
CONTINUOUS
10
0.3389655905511811
20
-0.2759096456692913
11
0.3389336614173228
21
-0.2759416141732283
0
LINE
8
BLACK
6
CONTINUOUS
10
0.3389336614173228
20
-0.2759416141732283
11
0.3388372047244094
21
-0.2759448031496063
0
LINE
8
BLACK
6
CONTINUOUS
10
0.3388372047244094
20
-0.2759448031496063
11
0.3383199212598425
21
-0.2760864960629921
0
LINE
8
BLACK
6
CONTINUOUS
10
0.3383199212598425
20
-0.2760864960629921
11
0.3379803937007874
21
-0.2759733070866142
0
LINE
8
BLACK
6
CONTINUOUS
10
0.3379803937007874
20
-0.2759733070866142
11
0.3344308267716535
21
-0.2760914566929134
0
LINE
8
BLACK
6
CONTINUOUS
10
0.3344308267716535
20
-0.2760914566929134
11
0.334334094488189
21
-0.2760722047244095
0
LINE
8
BLACK
6
CONTINUOUS
10
0.334334094488189
20
-0.2760722047244095
11
0.3342912598425197
21
-0.2760864960629921
0
LINE
8
BLACK
6
CONTINUOUS
10
0.3342912598425197
20
-0.2760864960629921
11
0.3342048031496063
21
-0.2760464960629921
0
LINE
8
BLACK
6
CONTINUOUS
10
0.3342048031496063
20
-0.2760464960629921
11
0.3336775196850393
21
-0.2759416141732283
0
LINE
8
BLACK
6
CONTINUOUS
10
0.3336775196850393
20
-0.2759416141732283
11
0.3334186220472441
21
-0.2756827165354331
0
LINE
8
BLACK
6
CONTINUOUS
10
0.3334186220472441
20
-0.2756827165354331
11
0.3298009448818898
21
-0.2740088582677165
0
LINE
8
BLACK
6
CONTINUOUS
10
0.3298009448818898
20
-0.2740088582677165
11
0.3291941732283464
21
-0.2735379527559055
0
LINE
8
BLACK
6
CONTINUOUS
10
0.3291941732283464
20
-0.2735379527559055
11
0.3291255511811024
21
-0.2733320472440945
0
LINE
8
BLACK
6
CONTINUOUS
10
0.3291255511811024
20
-0.2733320472440945
11
0.3275194488188976
21
-0.2718613385826771
0
LINE
8
BLACK
6
CONTINUOUS
10
0.3275194488188976
20
-0.2718613385826771
11
0.3275167716535433
21
-0.2718604724409449
0
LINE
8
BLACK
6
CONTINUOUS
10
0.3275167716535433
20
-0.2718604724409449
11
0.3275150787401575
21
-0.2718573622047244
0
LINE
8
BLACK
6
CONTINUOUS
10
0.3275150787401575
20
-0.2718573622047244
11
0.3274145669291338
21
-0.2717653149606299
0
LINE
8
BLACK
6
CONTINUOUS
10
0.3274145669291338
20
-0.2717653149606299
11
0.326987874015748
21
-0.2711266929133858
0
LINE
8
BLACK
6
CONTINUOUS
10
0.326987874015748
20
-0.2711266929133858
11
0.326987874015748
21
-0.2708782283464567
0
LINE
8
BLACK
6
CONTINUOUS
10
0.326987874015748
20
-0.2708782283464567
11
0.3251711023622047
21
-0.2675042125984252
0
LINE
8
BLACK
6
CONTINUOUS
10
0.3251711023622047
20
-0.2675042125984252
11
0.3249682283464567
21
-0.2667634251968504
0
LINE
8
BLACK
6
CONTINUOUS
10
0.3249682283464567
20
-0.2667634251968504
11
0.3250259842519685
21
-0.2665901181102362
0
LINE
8
BLACK
6
CONTINUOUS
10
0.3250259842519685
20
-0.2665901181102362
11
0.3231472834645669
21
-0.2596022440944882
0
LINE
8
BLACK
6
CONTINUOUS
10
0.3231472834645669
20
-0.2596022440944882
11
0.3231099606299213
21
-0.2588350787401575
0
LINE
8
BLACK
6
CONTINUOUS
10
0.3231099606299213
20
-0.2588350787401575
11
0.323220157480315
21
-0.2586513385826771
0
LINE
8
BLACK
6
CONTINUOUS
10
0.323220157480315
20
-0.2586513385826771
11
0.3230885039370079
21
-0.2497509842519685
0
LINE
8
BLACK
6
CONTINUOUS
10
0.3230885039370079
20
-0.2497509842519685
11
0.3232383464566929
21
-0.2489976771653543
0
LINE
8
BLACK
6
CONTINUOUS
10
0.3232383464566929
20
-0.2489976771653543
11
0.3233851574803149
21
-0.2488508267716535
0
LINE
8
BLACK
6
CONTINUOUS
10
0.3233851574803149
20
-0.2488508267716535
11
0.3250220472440945
21
-0.2417744881889764
0
LINE
8
BLACK
6
CONTINUOUS
10
0.3250220472440945
20
-0.2417744881889764
11
0.3253501181102362
21
-0.2410800393700787
0
LINE
8
BLACK
6
CONTINUOUS
10
0.3253501181102362
20
-0.2410800393700787
11
0.3254826377952756
21
-0.2410004724409449
0
LINE
8
BLACK
6
CONTINUOUS
10
0.3254826377952756
20
-0.2410004724409449
11
0.3270458267716536
21
-0.2376220866141732
0
LINE
8
BLACK
6
CONTINUOUS
10
0.3270458267716536
20
-0.2376220866141732
11
0.3275167716535433
21
-0.2370153149606299
0
LINE
8
BLACK
6
CONTINUOUS
10
0.3275167716535433
20
-0.2370153149606299
11
0.3277225984251969
21
-0.2369466929133858
0
LINE
8
BLACK
6
CONTINUOUS
10
0.3277225984251969
20
-0.2369466929133858
11
0.3291932283464567
21
-0.2353406299212598
0
LINE
8
BLACK
6
CONTINUOUS
10
0.3291932283464567
20
-0.2353406299212598
11
0.3291941732283464
21
-0.235337874015748
0
LINE
8
BLACK
6
CONTINUOUS
10
0.3291941732283464
20
-0.235337874015748
11
0.3291973228346456
21
-0.2353361417322835
0
LINE
8
BLACK
6
CONTINUOUS
10
0.3291973228346456
20
-0.2353361417322835
11
0.3292893307086614
21
-0.2352357086614173
0
LINE
8
BLACK
6
CONTINUOUS
10
0.3292893307086614
20
-0.2352357086614173
11
0.3299279527559055
21
-0.2348089763779528
0
LINE
8
BLACK
6
CONTINUOUS
10
0.3299279527559055
20
-0.2348089763779528
11
0.3301764173228346
21
-0.2348089763779528
0
LINE
8
BLACK
6
CONTINUOUS
10
0.3301764173228346
20
-0.2348089763779528
11
0.3335504724409449
21
-0.2329922047244095
0
LINE
8
BLACK
6
CONTINUOUS
10
0.3335504724409449
20
-0.2329922047244095
11
0.3336455511811023
21
-0.2329661417322835
0
LINE
8
BLACK
6
CONTINUOUS
10
0.3336455511811023
20
-0.2329661417322835
11
0.3336775196850393
21
-0.2329342125984252
0
LINE
8
BLACK
6
CONTINUOUS
10
0.3336775196850393
20
-0.2329342125984252
11
0.333773937007874
21
-0.2329309842519685
0
LINE
8
BLACK
6
CONTINUOUS
10
0.333773937007874
20
-0.2329309842519685
11
0.3342912598425197
21
-0.2327893307086614
0
LINE
8
BLACK
6
CONTINUOUS
10
0.3342912598425197
20
-0.2327893307086614
11
0.3346307086614173
21
-0.2329024803149606
0
LINE
8
BLACK
6
CONTINUOUS
10
0.3346307086614173
20
-0.2329024803149606
11
0.3381803543307086
21
-0.2327843700787401
0
LINE
8
BLACK
6
CONTINUOUS
10
0.3381803543307086
20
-0.2327843700787401
11
0.3382770472440945
21
-0.2328035826771654
0
LINE
8
BLACK
6
CONTINUOUS
10
0.3346722834645669
20
-0.2367133070866142
11
0.3315929921259843
21
-0.2383714173228347
0
LINE
8
BLACK
6
CONTINUOUS
10
0.3315929921259843
20
-0.2383714173228347
11
0.3301984645669291
21
-0.2398943307086614
0
LINE
8
BLACK
6
CONTINUOUS
10
0.3301984645669291
20
-0.2398943307086614
11
0.3301870866141732
21
-0.2399018897637795
0
LINE
8
BLACK
6
CONTINUOUS
10
0.3301870866141732
20
-0.2399018897637795
11
0.3286924409448819
21
-0.2431322834645669
0
LINE
8
BLACK
6
CONTINUOUS
10
0.3286924409448819
20
-0.2431322834645669
11
0.3285723622047244
21
-0.243286968503937
0
LINE
8
BLACK
6
CONTINUOUS
10
0.3285723622047244
20
-0.243286968503937
11
0.3269667322834646
21
-0.2502284251968504
0
LINE
8
BLACK
6
CONTINUOUS
10
0.3269667322834646
20
-0.2502284251968504
11
0.326896062992126
21
-0.2503779527559055
0
LINE
8
BLACK
6
CONTINUOUS
10
0.326896062992126
20
-0.2503779527559055
11
0.3270255118110236
21
-0.2591248031496063
0
LINE
8
BLACK
6
CONTINUOUS
10
0.3270255118110236
20
-0.2591248031496063
11
0.3269949606299212
21
-0.2592782677165354
0
LINE
8
BLACK
6
CONTINUOUS
10
0.3269949606299212
20
-0.2592782677165354
11
0.3288414960629921
21
-0.2661464173228346
0
LINE
8
BLACK
6
CONTINUOUS
10
0.3288414960629921
20
-0.2661464173228346
11
0.3288490551181102
21
-0.2663021653543307
0
LINE
8
BLACK
6
CONTINUOUS
10
0.3288490551181102
20
-0.2663021653543307
11
0.3305503149606299
21
-0.2694616535433071
0
LINE
8
BLACK
6
CONTINUOUS
10
0.3305503149606299
20
-0.2694616535433071
11
0.3320732677165354
21
-0.2708562598425197
0
LINE
8
BLACK
6
CONTINUOUS
10
0.3320732677165354
20
-0.2708562598425197
11
0.3320808661417323
21
-0.2708675984251969
0
LINE
8
BLACK
6
CONTINUOUS
10
0.3320808661417323
20
-0.2708675984251969
11
0.3350846456692913
21
-0.2722574409448819
0
LINE
8
BLACK
6
CONTINUOUS
10
0.3350846456692913
20
-0.2722574409448819
11
0.3379388188976378
21
-0.2721624803149606
0
LINE
8
BLACK
6
CONTINUOUS
10
0.3379388188976378
20
-0.2721624803149606
11
0.3410181496062992
21
-0.2705043700787402
0
LINE
8
BLACK
6
CONTINUOUS
10
0.3410181496062992
20
-0.2705043700787402
11
0.3424126771653543
21
-0.2689814566929134
0
LINE
8
BLACK
6
CONTINUOUS
10
0.3424126771653543
20
-0.2689814566929134
11
0.3424240551181102
21
-0.2689738188976378
0
LINE
8
BLACK
6
CONTINUOUS
10
0.3424240551181102
20
-0.2689738188976378
11
0.3439187007874016
21
-0.2657435433070866
0
LINE
8
BLACK
6
CONTINUOUS
10
0.3439187007874016
20
-0.2657435433070866
11
0.3440387795275591
21
-0.265588779527559
0
LINE
8
BLACK
6
CONTINUOUS
10
0.3440387795275591
20
-0.265588779527559
11
0.3456444488188976
21
-0.2586473622047244
0
LINE
8
BLACK
6
CONTINUOUS
10
0.3456444488188976
20
-0.2586473622047244
11
0.3457150787401575
21
-0.2584977952755905
0
LINE
8
BLACK
6
CONTINUOUS
10
0.3457150787401575
20
-0.2584977952755905
11
0.3455856692913385
21
-0.2497509842519685
0
LINE
8
BLACK
6
CONTINUOUS
10
0.3455856692913385
20
-0.2497509842519685
11
0.3456161811023622
21
-0.2495974803149606
0
LINE
8
BLACK
6
CONTINUOUS
10
0.3456161811023622
20
-0.2495974803149606
11
0.3437696850393701
21
-0.2427293700787402
0
LINE
8
BLACK
6
CONTINUOUS
10
0.3437696850393701
20
-0.2427293700787402
11
0.3437620866141732
21
-0.2425735433070866
0
LINE
8
BLACK
6
CONTINUOUS
10
0.3437620866141732
20
-0.2425735433070866
11
0.3420608267716536
21
-0.239414094488189
0
LINE
8
BLACK
6
CONTINUOUS
10
0.3420608267716536
20
-0.239414094488189
11
0.3405379527559055
21
-0.2380195669291338
0
LINE
8
BLACK
6
CONTINUOUS
10
0.3405379527559055
20
-0.2380195669291338
11
0.3405303543307087
21
-0.238008188976378
0
LINE
8
BLACK
6
CONTINUOUS
10
0.3405303543307087
20
-0.238008188976378
11
0.3375265354330709
21
-0.2366183464566929
0
LINE
8
BLACK
6
CONTINUOUS
10
0.3375265354330709
20
-0.2366183464566929
11
0.3346722834645669
21
-0.2367133070866142
0
LINE
8
BLACK
6
CONTINUOUS
10
0.3743516141732283
20
-0.2329342125984252
11
0.3745542125984252
21
-0.2329342125984252
0
LINE
8
BLACK
6
CONTINUOUS
10
0.3745542125984252
20
-0.2329342125984252
11
0.3749594881889763
21
-0.2333394881889764
0
LINE
8
BLACK
6
CONTINUOUS
10
0.3749594881889763
20
-0.2333394881889764
11
0.3754364960629921
21
-0.2336575196850394
0
LINE
8
BLACK
6
CONTINUOUS
10
0.3754364960629921
20
-0.2336575196850394
11
0.3754762204724409
21
-0.233856220472441
0
LINE
8
BLACK
6
CONTINUOUS
10
0.3754762204724409
20
-0.233856220472441
11
0.3756195669291338
21
-0.2339995669291338
0
LINE
8
BLACK
6
CONTINUOUS
10
0.3756195669291338
20
-0.2339995669291338
11
0.3756217322834646
21
-0.2345836220472441
0
LINE
8
BLACK
6
CONTINUOUS
10
0.3756217322834646
20
-0.2345836220472441
11
0.3757320078740157
21
-0.2351348818897638
0
LINE
8
BLACK
6
CONTINUOUS
10
0.3757320078740157
20
-0.2351348818897638
11
0.3756244094488189
21
-0.2353034251968504
0
LINE
8
BLACK
6
CONTINUOUS
10
0.3756244094488189
20
-0.2353034251968504
11
0.3757622440944882
21
-0.2722142913385827
0
LINE
8
BLACK
6
CONTINUOUS
10
0.3757622440944882
20
-0.2722142913385827
11
0.3850494881889764
21
-0.2721544488188976
0
LINE
8
BLACK
6
CONTINUOUS
10
0.3850494881889764
20
-0.2721544488188976
11
0.3858027952755905
21
-0.2723042913385827
0
LINE
8
BLACK
6
CONTINUOUS
10
0.3858027952755905
20
-0.2723042913385827
11
0.3868681496062992
21
-0.2733696456692913
0
LINE
8
BLACK
6
CONTINUOUS
10
0.3868681496062992
20
-0.2733696456692913
11
0.3868681496062992
21
-0.2748762598425197
0
LINE
8
BLACK
6
CONTINUOUS
10
0.3868681496062992
20
-0.2748762598425197
11
0.3858027952755905
21
-0.2759416141732283
0
LINE
8
BLACK
6
CONTINUOUS
10
0.3858027952755905
20
-0.2759416141732283
11
0.3625523228346457
21
-0.2760914566929134
0
LINE
8
BLACK
6
CONTINUOUS
10
0.3625523228346457
20
-0.2760914566929134
11
0.3617990157480315
21
-0.2759416141732283
0
LINE
8
BLACK
6
CONTINUOUS
10
0.3617990157480315
20
-0.2759416141732283
11
0.3607336614173228
21
-0.2748762598425197
0
LINE
8
BLACK
6
CONTINUOUS
10
0.3607336614173228
20
-0.2748762598425197
11
0.3607336614173228
21
-0.2733696456692913
0
LINE
8
BLACK
6
CONTINUOUS
10
0.3607336614173228
20
-0.2733696456692913
11
0.3617990157480315
21
-0.2723042913385827
0
LINE
8
BLACK
6
CONTINUOUS
10
0.3617990157480315
20
-0.2723042913385827
11
0.3719723622047244
21
-0.2722387007874016
0
LINE
8
BLACK
6
CONTINUOUS
10
0.3719723622047244
20
-0.2722387007874016
11
0.3718564960629921
21
-0.2412070866141732
0
LINE
8
BLACK
6
CONTINUOUS
10
0.3718564960629921
20
-0.2412070866141732
11
0.3716892913385827
21
-0.241469094488189
0
LINE
8
BLACK
6
CONTINUOUS
10
0.3716892913385827
20
-0.241469094488189
11
0.3711467322834646
21
-0.2420127559055118
0
LINE
8
BLACK
6
CONTINUOUS
10
0.3711467322834646
20
-0.2420127559055118
11
0.3710029921259843
21
-0.2420414960629921
0
LINE
8
BLACK
6
CONTINUOUS
10
0.3710029921259843
20
-0.2420414960629921
11
0.3676937795275591
21
-0.2455186220472441
0
LINE
8
BLACK
6
CONTINUOUS
10
0.3676937795275591
20
-0.2455186220472441
11
0.367055157480315
21
-0.2459453543307087
0
LINE
8
BLACK
6
CONTINUOUS
10
0.367055157480315
20
-0.2459453543307087
11
0.3668066929133858
21
-0.2459453543307087
0
LINE
8
BLACK
6
CONTINUOUS
10
0.3668066929133858
20
-0.2459453543307087
11
0.3634326771653543
21
-0.247762125984252
0
LINE
8
BLACK
6
CONTINUOUS
10
0.3634326771653543
20
-0.247762125984252
11
0.3626918897637795
21
-0.247965
0
LINE
8
BLACK
6
CONTINUOUS
10
0.3626918897637795
20
-0.247965
11
0.3612625590551181
21
-0.2474885826771653
0
LINE
8
BLACK
6
CONTINUOUS
10
0.3612625590551181
20
-0.2474885826771653
11
0.360588779527559
21
-0.2461410236220472
0
LINE
8
BLACK
6
CONTINUOUS
10
0.360588779527559
20
-0.2461410236220472
11
0.3610651968503937
21
-0.2447116929133858
0
LINE
8
BLACK
6
CONTINUOUS
10
0.3610651968503937
20
-0.2447116929133858
11
0.3654214960629921
21
-0.2423660236220472
0
LINE
8
BLACK
6
CONTINUOUS
10
0.3654214960629921
20
-0.2423660236220472
11
0.365449094488189
21
-0.2423584251968504
0
LINE
8
BLACK
6
CONTINUOUS
10
0.365449094488189
20
-0.2423584251968504
11
0.3686594488188976
21
-0.2389852362204724
0
LINE
8
BLACK
6
CONTINUOUS
10
0.3686594488188976
20
-0.2389852362204724
11
0.3688432677165354
21
-0.2388623622047244
0
LINE
8
BLACK
6
CONTINUOUS
10
0.3688432677165354
20
-0.2388623622047244
11
0.372163031496063
21
-0.2336609448818898
0
LINE
8
BLACK
6
CONTINUOUS
10
0.372163031496063
20
-0.2336609448818898
11
0.3727055511811024
21
-0.2331172834645669
0
LINE
8
BLACK
6
CONTINUOUS
10
0.3727055511811024
20
-0.2331172834645669
11
0.3729042519685039
21
-0.2330775196850394
0
LINE
8
BLACK
6
CONTINUOUS
10
0.3729042519685039
20
-0.2330775196850394
11
0.3730475984251969
21
-0.2329342125984252
0
LINE
8
BLACK
6
CONTINUOUS
10
0.3730475984251969
20
-0.2329342125984252
11
0.3736208267716535
21
-0.2329342125984252
0
LINE
8
BLACK
6
CONTINUOUS
10
0.3736208267716535
20
-0.2329342125984252
11
0.3741829527559055
21
-0.2328217716535433
0
LINE
8
BLACK
6
CONTINUOUS
10
0.3741829527559055
20
-0.2328217716535433
11
0.3743516141732283
21
-0.2329342125984252
0
LINE
8
BLACK
6
CONTINUOUS
10
0.4120495275590551
20
-0.2329342125984252
11
0.4122384645669291
21
-0.2331231496062992
0
LINE
8
BLACK
6
CONTINUOUS
10
0.4122384645669291
20
-0.2331231496062992
11
0.4175429921259842
21
-0.234760157480315
0
LINE
8
BLACK
6
CONTINUOUS
10
0.4175429921259842
20
-0.234760157480315
11
0.4176286220472441
21
-0.2348089763779528
0
LINE
8
BLACK
6
CONTINUOUS
10
0.4176286220472441
20
-0.2348089763779528
11
0.4176738188976378
21
-0.2348089763779528
0
LINE
8
BLACK
6
CONTINUOUS
10
0.4176738188976378
20
-0.2348089763779528
11
0.4177412992125984
21
-0.234873188976378
0
LINE
8
BLACK
6
CONTINUOUS
10
0.4177412992125984
20
-0.234873188976378
11
0.4182102362204724
21
-0.2351405118110236
0
LINE
8
BLACK
6
CONTINUOUS
10
0.4182102362204724
20
-0.2351405118110236
11
0.4183809448818898
21
-0.235481968503937
0
LINE
8
BLACK
6
CONTINUOUS
10
0.4183809448818898
20
-0.235481968503937
11
0.422061968503937
21
-0.2389852362204724
0
LINE
8
BLACK
6
CONTINUOUS
10
0.422061968503937
20
-0.2389852362204724
11
0.4224887007874016
21
-0.2396238582677165
0
LINE
8
BLACK
6
CONTINUOUS
10
0.4224887007874016
20
-0.2396238582677165
11
0.4224887007874016
21
-0.2398722834645669
0
LINE
8
BLACK
6
CONTINUOUS
10
0.4224887007874016
20
-0.2398722834645669
11
0.4243054724409449
21
-0.2432463385826772
0
LINE
8
BLACK
6
CONTINUOUS
10
0.4243054724409449
20
-0.2432463385826772
11
0.4245083464566929
21
-0.243987125984252
0
LINE
8
BLACK
6
CONTINUOUS
10
0.4245083464566929
20
-0.243987125984252
11
0.4244505511811024
21
-0.2441603937007874
0
LINE
8
BLACK
6
CONTINUOUS
10
0.4244505511811024
20
-0.2441603937007874
11
0.4263292913385827
21
-0.2511483070866142
0
LINE
8
BLACK
6
CONTINUOUS
10
0.4263292913385827
20
-0.2511483070866142
11
0.4263666141732284
21
-0.2519154724409449
0
LINE
8
BLACK
6
CONTINUOUS
10
0.4263666141732284
20
-0.2519154724409449
11
0.4262666141732284
21
-0.2520820472440945
0
LINE
8
BLACK
6
CONTINUOUS
10
0.4262666141732284
20
-0.2520820472440945
11
0.4263880708661417
21
-0.2572500393700787
0
LINE
8
BLACK
6
CONTINUOUS
10
0.4263880708661417
20
-0.2572500393700787
11
0.4262382283464567
21
-0.2580033464566929
0
LINE
8
BLACK
6
CONTINUOUS
10
0.4262382283464567
20
-0.2580033464566929
11
0.4260913779527559
21
-0.2581501574803149
0
LINE
8
BLACK
6
CONTINUOUS
10
0.4260913779527559
20
-0.2581501574803149
11
0.4244545275590551
21
-0.2652265354330708
0
LINE
8
BLACK
6
CONTINUOUS
10
0.4244545275590551
20
-0.2652265354330708
11
0.4241264566929134
21
-0.2659209842519685
0
LINE
8
BLACK
6
CONTINUOUS
10
0.4241264566929134
20
-0.2659209842519685
11
0.4239938582677165
21
-0.2660005118110236
0
LINE
8
BLACK
6
CONTINUOUS
10
0.4239938582677165
20
-0.2660005118110236
11
0.4224307086614173
21
-0.2693789763779528
0
LINE
8
BLACK
6
CONTINUOUS
10
0.4224307086614173
20
-0.2693789763779528
11
0.4219598031496063
21
-0.2699857480314961
0
LINE
8
BLACK
6
CONTINUOUS
10
0.4219598031496063
20
-0.2699857480314961
11
0.4217115748031496
21
-0.2700684645669291
0
LINE
8
BLACK
6
CONTINUOUS
10
0.4217115748031496
20
-0.2700684645669291
11
0.4183124803149606
21
-0.2736401181102362
0
LINE
8
BLACK
6
CONTINUOUS
10
0.4183124803149606
20
-0.2736401181102362
11
0.4182303937007874
21
-0.2736949212598425
0
LINE
8
BLACK
6
CONTINUOUS
10
0.4182303937007874
20
-0.2736949212598425
11
0.4182102362204724
21
-0.2737353149606299
0
LINE
8
BLACK
6
CONTINUOUS
10
0.4182102362204724
20
-0.2737353149606299
11
0.4181234645669291
21
-0.2737663779527559
0
LINE
8
BLACK
6
CONTINUOUS
10
0.4181234645669291
20
-0.2737663779527559
11
0.4176738582677165
21
-0.2740668503937008
0
LINE
8
BLACK
6
CONTINUOUS
10
0.4176738582677165
20
-0.2740668503937008
11
0.4172852755905512
21
-0.2740668503937008
0
LINE
8
BLACK
6
CONTINUOUS
10
0.4172852755905512
20
-0.2740668503937008
11
0.4119187007874016
21
-0.2759904330708661
0
LINE
8
BLACK
6
CONTINUOUS
10
0.4119187007874016
20
-0.2759904330708661
11
0.4111566929133858
21
-0.2760864960629921
0
LINE
8
BLACK
6
CONTINUOUS
10
0.4111566929133858
20
-0.2760864960629921
11
0.410900905511811
21
-0.2759585826771653
0
LINE
8
BLACK
6
CONTINUOUS
10
0.410900905511811
20
-0.2759585826771653
11
0.4019224015748031
21
-0.2760914566929134
0
LINE
8
BLACK
6
CONTINUOUS
10
0.4019224015748031
20
-0.2760914566929134
11
0.401169094488189
21
-0.2759416141732283
0
LINE
8
BLACK
6
CONTINUOUS
10
0.401169094488189
20
-0.2759416141732283
11
0.4001037401574803
21
-0.2748762598425197
0
LINE
8
BLACK
6
CONTINUOUS
10
0.4001037401574803
20
-0.2748762598425197
11
0.3999538976377953
21
-0.234752874015748
0
LINE
8
BLACK
6
CONTINUOUS
10
0.3999538976377953
20
-0.234752874015748
11
0.4001037401574803
21
-0.2339995669291338
0
LINE
8
BLACK
6
CONTINUOUS
10
0.4001037401574803
20
-0.2339995669291338
11
0.401169094488189
21
-0.2329342125984252
0
LINE
8
BLACK
6
CONTINUOUS
10
0.401169094488189
20
-0.2329342125984252
11
0.4112962204724409
21
-0.2327843700787401
0
LINE
8
BLACK
6
CONTINUOUS
10
0.4112962204724409
20
-0.2327843700787401
11
0.4120495275590551
21
-0.2329342125984252
0
LINE
8
BLACK
6
CONTINUOUS
10
0.4037511023622047
20
-0.2366942913385827
11
0.403883937007874
21
-0.2722640944881889
0
LINE
8
BLACK
6
CONTINUOUS
10
0.403883937007874
20
-0.2722640944881889
11
0.4112962204724409
21
-0.2721544488188976
0
LINE
8
BLACK
6
CONTINUOUS
10
0.4112962204724409
20
-0.2721544488188976
11
0.4113304330708661
21
-0.272161220472441
0
LINE
8
BLACK
6
CONTINUOUS
10
0.4113304330708661
20
-0.272161220472441
11
0.4160918897637795
21
-0.2704545669291338
0
LINE
8
BLACK
6
CONTINUOUS
10
0.4160918897637795
20
-0.2704545669291338
11
0.4192781102362205
21
-0.2671066929133858
0
LINE
8
BLACK
6
CONTINUOUS
10
0.4192781102362205
20
-0.2671066929133858
11
0.4192894488188976
21
-0.267099094488189
0
LINE
8
BLACK
6
CONTINUOUS
10
0.4192894488188976
20
-0.267099094488189
11
0.420784094488189
21
-0.263868779527559
0
LINE
8
BLACK
6
CONTINUOUS
10
0.420784094488189
20
-0.263868779527559
11
0.4209041732283464
21
-0.2637140157480315
0
LINE
8
BLACK
6
CONTINUOUS
10
0.4209041732283464
20
-0.2637140157480315
11
0.422509842519685
21
-0.2567725984251968
0
LINE
8
BLACK
6
CONTINUOUS
10
0.422509842519685
20
-0.2567725984251968
11
0.4225690157480315
21
-0.2566472440944882
0
LINE
8
BLACK
6
CONTINUOUS
10
0.4225690157480315
20
-0.2566472440944882
11
0.422451062992126
21
-0.2516257480314961
0
LINE
8
BLACK
6
CONTINUOUS
10
0.422451062992126
20
-0.2516257480314961
11
0.4224815748031496
21
-0.2514722440944882
0
LINE
8
BLACK
6
CONTINUOUS
10
0.4224815748031496
20
-0.2514722440944882
11
0.4206350787401575
21
-0.2446041338582677
0
LINE
8
BLACK
6
CONTINUOUS
10
0.4206350787401575
20
-0.2446041338582677
11
0.4206274803149606
21
-0.2444483070866142
0
LINE
8
BLACK
6
CONTINUOUS
10
0.4206274803149606
20
-0.2444483070866142
11
0.4189093700787401
21
-0.2412575196850394
0
LINE
8
BLACK
6
CONTINUOUS
10
0.4189093700787401
20
-0.2412575196850394
11
0.4189017716535433
21
-0.2412298818897638
0
LINE
8
BLACK
6
CONTINUOUS
10
0.4189017716535433
20
-0.2412298818897638
11
0.4156825196850394
21
-0.238166062992126
0
LINE
8
BLACK
6
CONTINUOUS
10
0.4156825196850394
20
-0.238166062992126
11
0.4106737401574803
21
-0.2366203543307087
0
LINE
8
BLACK
6
CONTINUOUS
10
0.4106737401574803
20
-0.2366203543307087
11
0.4106250393700787
21
-0.2365925984251968
0
LINE
8
BLACK
6
CONTINUOUS
10
0.4106250393700787
20
-0.2365925984251968
11
0.4037511023622047
21
-0.2366942913385827
0
LINE
8
BLACK
6
CONTINUOUS
10
0.2182920472440945
20
-0.2328035826771654
11
0.2183349212598425
21
-0.2327893307086614
0
LINE
8
BLACK
6
CONTINUOUS
10
0.2183349212598425
20
-0.2327893307086614
11
0.2184213385826771
21
-0.2328292913385827
0
LINE
8
BLACK
6
CONTINUOUS
10
0.2184213385826771
20
-0.2328292913385827
11
0.2189486614173228
21
-0.2329342125984252
0
LINE
8
BLACK
6
CONTINUOUS
10
0.2189486614173228
20
-0.2329342125984252
11
0.2192075196850394
21
-0.2331930708661417
0
LINE
8
BLACK
6
CONTINUOUS
10
0.2192075196850394
20
-0.2331930708661417
11
0.2228251968503937
21
-0.2348669291338583
0
LINE
8
BLACK
6
CONTINUOUS
10
0.2228251968503937
20
-0.2348669291338583
11
0.223431968503937
21
-0.235337874015748
0
LINE
8
BLACK
6
CONTINUOUS
10
0.223431968503937
20
-0.235337874015748
11
0.2235005511811023
21
-0.2355437007874016
0
LINE
8
BLACK
6
CONTINUOUS
10
0.2235005511811023
20
-0.2355437007874016
11
0.2251066141732283
21
-0.2370143307086614
0
LINE
8
BLACK
6
CONTINUOUS
10
0.2251066141732283
20
-0.2370143307086614
11
0.2251094094488189
21
-0.2370152755905512
0
LINE
8
BLACK
6
CONTINUOUS
10
0.2251094094488189
20
-0.2370152755905512
11
0.2251111023622047
21
-0.2370184251968504
0
LINE
8
BLACK
6
CONTINUOUS
10
0.2251111023622047
20
-0.2370184251968504
11
0.2252115748031496
21
-0.2371104330708661
0
LINE
8
BLACK
6
CONTINUOUS
10
0.2252115748031496
20
-0.2371104330708661
11
0.2256383070866142
21
-0.2377490551181102
0
LINE
8
BLACK
6
CONTINUOUS
10
0.2256383070866142
20
-0.2377490551181102
11
0.2256383070866142
21
-0.2379975196850394
0
LINE
8
BLACK
6
CONTINUOUS
10
0.2256383070866142
20
-0.2379975196850394
11
0.2274550787401575
21
-0.2413715748031496
0
LINE
8
BLACK
6
CONTINUOUS
10
0.2274550787401575
20
-0.2413715748031496
11
0.2274811023622047
21
-0.2414666535433071
0
LINE
8
BLACK
6
CONTINUOUS
10
0.2274811023622047
20
-0.2414666535433071
11
0.2275130708661417
21
-0.2414986220472441
0
LINE
8
BLACK
6
CONTINUOUS
10
0.2275130708661417
20
-0.2414986220472441
11
0.2275152362204724
21
-0.2415912598425197
0
LINE
8
BLACK
6
CONTINUOUS
10
0.2275152362204724
20
-0.2415912598425197
11
0.2276579527559055
21
-0.2421123622047244
0
LINE
8
BLACK
6
CONTINUOUS
10
0.2276579527559055
20
-0.2421123622047244
11
0.227536062992126
21
-0.2424779527559055
0
LINE
8
BLACK
6
CONTINUOUS
10
0.227536062992126
20
-0.2424779527559055
11
0.2276629133858268
21
-0.2478762204724409
0
LINE
8
BLACK
6
CONTINUOUS
10
0.2276629133858268
20
-0.2478762204724409
11
0.2276436614173228
21
-0.2479729133858268
0
LINE
8
BLACK
6
CONTINUOUS
10
0.2276436614173228
20
-0.2479729133858268
11
0.2276579527559055
21
-0.2480157874015748
0
LINE
8
BLACK
6
CONTINUOUS
10
0.2276579527559055
20
-0.2480157874015748
11
0.2276179527559055
21
-0.2481022047244094
0
LINE
8
BLACK
6
CONTINUOUS
10
0.2276179527559055
20
-0.2481022047244094
11
0.2275130708661417
21
-0.2486295275590551
0
LINE
8
BLACK
6
CONTINUOUS
10
0.2275130708661417
20
-0.2486295275590551
11
0.2272541732283465
21
-0.2488883858267716
0
LINE
8
BLACK
6
CONTINUOUS
10
0.2272541732283465
20
-0.2488883858267716
11
0.2255803149606299
21
-0.2525061023622047
0
LINE
8
BLACK
6
CONTINUOUS
10
0.2255803149606299
20
-0.2525061023622047
11
0.2251094094488189
21
-0.253112874015748
0
LINE
8
BLACK
6
CONTINUOUS
10
0.2251094094488189
20
-0.253112874015748
11
0.2249035433070866
21
-0.2531814566929134
0
LINE
8
BLACK
6
CONTINUOUS
10
0.2249035433070866
20
-0.2531814566929134
11
0.223432874015748
21
-0.2547875196850394
0
LINE
8
BLACK
6
CONTINUOUS
10
0.223432874015748
20
-0.2547875196850394
11
0.223431968503937
21
-0.2547902755905512
0
LINE
8
BLACK
6
CONTINUOUS
10
0.223431968503937
20
-0.2547902755905512
11
0.223428779527559
21
-0.254791968503937
0
LINE
8
BLACK
6
CONTINUOUS
10
0.223428779527559
20
-0.254791968503937
11
0.223336811023622
21
-0.2548924409448819
0
LINE
8
BLACK
6
CONTINUOUS
10
0.223336811023622
20
-0.2548924409448819
11
0.2226981889763779
21
-0.2553191732283465
0
LINE
8
BLACK
6
CONTINUOUS
10
0.2226981889763779
20
-0.2553191732283465
11
0.2224497244094488
21
-0.2553191732283465
0
LINE
8
BLACK
6
CONTINUOUS
10
0.2224497244094488
20
-0.2553191732283465
11
0.2190757086614173
21
-0.2571359448818897
0
LINE
8
BLACK
6
CONTINUOUS
10
0.2190757086614173
20
-0.2571359448818897
11
0.2189805905511811
21
-0.257161968503937
0
LINE
8
BLACK
6
CONTINUOUS
10
0.2189805905511811
20
-0.257161968503937
11
0.2189486614173228
21
-0.257193937007874
0
LINE
8
BLACK
6
CONTINUOUS
10
0.2189486614173228
20
-0.257193937007874
11
0.2188608661417323
21
-0.2571947637795275
0
LINE
8
BLACK
6
CONTINUOUS
10
0.2188608661417323
20
-0.2571947637795275
11
0.2183349212598425
21
-0.2573388188976378
0
LINE
8
BLACK
6
CONTINUOUS
10
0.2183349212598425
20
-0.2573388188976378
11
0.2179293307086614
21
-0.2572036220472441
0
LINE
8
BLACK
6
CONTINUOUS
10
0.2179293307086614
20
-0.2572036220472441
11
0.2161161811023622
21
-0.2572208661417323
0
LINE
8
BLACK
6
CONTINUOUS
10
0.2161161811023622
20
-0.2572208661417323
11
0.2273070866141732
21
-0.272994094488189
0
LINE
8
BLACK
6
CONTINUOUS
10
0.2273070866141732
20
-0.272994094488189
11
0.2276162992125984
21
-0.2736971653543307
0
LINE
8
BLACK
6
CONTINUOUS
10
0.2276162992125984
20
-0.2736971653543307
11
0.2273544881889764
21
-0.2751808661417323
0
LINE
8
BLACK
6
CONTINUOUS
10
0.2273544881889764
20
-0.2751808661417323
11
0.2261201968503937
21
-0.276044842519685
0
LINE
8
BLACK
6
CONTINUOUS
10
0.2261201968503937
20
-0.276044842519685
11
0.2246364960629921
21
-0.275783031496063
0
LINE
8
BLACK
6
CONTINUOUS
10
0.2246364960629921
20
-0.275783031496063
11
0.2114980708661417
21
-0.2572648031496063
0
LINE
8
BLACK
6
CONTINUOUS
10
0.2114980708661417
20
-0.2572648031496063
11
0.2051029921259842
21
-0.2573256299212598
0
LINE
8
BLACK
6
CONTINUOUS
10
0.2051029921259842
20
-0.2573256299212598
11
0.2051657480314961
21
-0.2741229527559055
0
LINE
8
BLACK
6
CONTINUOUS
10
0.2051657480314961
20
-0.2741229527559055
11
0.205015905511811
21
-0.2748762598425197
0
LINE
8
BLACK
6
CONTINUOUS
10
0.205015905511811
20
-0.2748762598425197
11
0.2039505511811024
21
-0.2759416141732283
0
LINE
8
BLACK
6
CONTINUOUS
10
0.2039505511811024
20
-0.2759416141732283
11
0.202443937007874
21
-0.2759416141732283
0
LINE
8
BLACK
6
CONTINUOUS
10
0.202443937007874
20
-0.2759416141732283
11
0.2013785826771654
21
-0.2748762598425197
0
LINE
8
BLACK
6
CONTINUOUS
10
0.2013785826771654
20
-0.2748762598425197
11
0.2012287401574803
21
-0.234752874015748
0
LINE
8
BLACK
6
CONTINUOUS
10
0.2012287401574803
20
-0.234752874015748
11
0.2013785826771654
21
-0.2339995669291338
0
LINE
8
BLACK
6
CONTINUOUS
10
0.2013785826771654
20
-0.2339995669291338
11
0.202443937007874
21
-0.2329342125984252
0
LINE
8
BLACK
6
CONTINUOUS
10
0.202443937007874
20
-0.2329342125984252
11
0.2181953543307087
21
-0.2327843700787401
0
LINE
8
BLACK
6
CONTINUOUS
10
0.2181953543307087
20
-0.2327843700787401
11
0.2182920472440945
21
-0.2328035826771654
0
LINE
8
BLACK
6
CONTINUOUS
10
0.2050259842519685
20
-0.2367039763779528
11
0.2050888188976378
21
-0.2535314173228346
0
LINE
8
BLACK
6
CONTINUOUS
10
0.2050888188976378
20
-0.2535314173228346
11
0.2121294094488189
21
-0.2534644488188976
0
LINE
8
BLACK
6
CONTINUOUS
10
0.2121294094488189
20
-0.2534644488188976
11
0.2121452755905512
21
-0.2534533858267716
0
LINE
8
BLACK
6
CONTINUOUS
10
0.2121452755905512
20
-0.2534533858267716
11
0.212204094488189
21
-0.2534637401574803
0
LINE
8
BLACK
6
CONTINUOUS
10
0.212204094488189
20
-0.2534637401574803
11
0.2179646850393701
21
-0.253408937007874
0
LINE
8
BLACK
6
CONTINUOUS
10
0.2179646850393701
20
-0.253408937007874
11
0.2210331889763779
21
-0.2517566929133858
0
LINE
8
BLACK
6
CONTINUOUS
10
0.2210331889763779
20
-0.2517566929133858
11
0.2224276771653543
21
-0.2502338188976378
0
LINE
8
BLACK
6
CONTINUOUS
10
0.2224276771653543
20
-0.2502338188976378
11
0.2224390551181102
21
-0.2502261811023622
0
LINE
8
BLACK
6
CONTINUOUS
10
0.2224390551181102
20
-0.2502261811023622
11
0.2238420078740157
21
-0.2471940157480315
0
LINE
8
BLACK
6
CONTINUOUS
10
0.2238420078740157
20
-0.2471940157480315
11
0.2237314566929134
21
-0.2424888188976378
0
LINE
8
BLACK
6
CONTINUOUS
10
0.2237314566929134
20
-0.2424888188976378
11
0.2220758267716536
21
-0.239414094488189
0
LINE
8
BLACK
6
CONTINUOUS
10
0.2220758267716536
20
-0.239414094488189
11
0.2205529527559055
21
-0.2380195669291338
0
LINE
8
BLACK
6
CONTINUOUS
10
0.2205529527559055
20
-0.2380195669291338
11
0.2205453543307087
21
-0.238008188976378
0
LINE
8
BLACK
6
CONTINUOUS
10
0.2205453543307087
20
-0.238008188976378
11
0.2174707086614173
21
-0.2365855905511811
0
LINE
8
BLACK
6
CONTINUOUS
10
0.2174707086614173
20
-0.2365855905511811
11
0.2050259842519685
21
-0.2367039763779528
0
LINE
8
BLACK
6
CONTINUOUS
10
0.1570813779527559
20
-0.2329342125984252
11
0.1581467322834646
21
-0.2339995669291338
0
LINE
8
BLACK
6
CONTINUOUS
10
0.1581467322834646
20
-0.2339995669291338
11
0.1581467322834646
21
-0.2355061811023622
0
LINE
8
BLACK
6
CONTINUOUS
10
0.1581467322834646
20
-0.2355061811023622
11
0.1570813779527559
21
-0.2365715354330709
0
LINE
8
BLACK
6
CONTINUOUS
10
0.1570813779527559
20
-0.2365715354330709
11
0.1469079921259842
21
-0.2366370866141732
0
LINE
8
BLACK
6
CONTINUOUS
10
0.1469079921259842
20
-0.2366370866141732
11
0.1470479921259842
21
-0.2741229527559055
0
LINE
8
BLACK
6
CONTINUOUS
10
0.1470479921259842
20
-0.2741229527559055
11
0.1468981496062992
21
-0.2748762598425197
0
LINE
8
BLACK
6
CONTINUOUS
10
0.1468981496062992
20
-0.2748762598425197
11
0.1458327952755905
21
-0.2759416141732283
0
LINE
8
BLACK
6
CONTINUOUS
10
0.1458327952755905
20
-0.2759416141732283
11
0.1443261811023622
21
-0.2759416141732283
0
LINE
8
BLACK
6
CONTINUOUS
10
0.1443261811023622
20
-0.2759416141732283
11
0.1432608267716535
21
-0.2748762598425197
0
LINE
8
BLACK
6
CONTINUOUS
10
0.1432608267716535
20
-0.2748762598425197
11
0.1431181102362205
21
-0.2366614960629921
0
LINE
8
BLACK
6
CONTINUOUS
10
0.1431181102362205
20
-0.2366614960629921
11
0.133830905511811
21
-0.2367213779527559
0
LINE
8
BLACK
6
CONTINUOUS
10
0.133830905511811
20
-0.2367213779527559
11
0.1330775984251968
21
-0.2365715354330709
0
LINE
8
BLACK
6
CONTINUOUS
10
0.1330775984251968
20
-0.2365715354330709
11
0.1320122440944882
21
-0.2355061811023622
0
LINE
8
BLACK
6
CONTINUOUS
10
0.1320122440944882
20
-0.2355061811023622
11
0.1320122440944882
21
-0.2339995669291338
0
LINE
8
BLACK
6
CONTINUOUS
10
0.1320122440944882
20
-0.2339995669291338
11
0.1330775984251968
21
-0.2329342125984252
0
LINE
8
BLACK
6
CONTINUOUS
10
0.1330775984251968
20
-0.2329342125984252
11
0.1563280708661417
21
-0.2327843700787401
0
LINE
8
BLACK
6
CONTINUOUS
10
0.1563280708661417
20
-0.2327843700787401
11
0.1570813779527559
21
-0.2329342125984252
0
LINE
8
BLACK
6
CONTINUOUS
10
0.1889524015748031
20
-0.2329342125984252
11
0.1900177559055118
21
-0.2339995669291338
0
LINE
8
BLACK
6
CONTINUOUS
10
0.1900177559055118
20
-0.2339995669291338
11
0.1900177559055118
21
-0.2355061811023622
0
LINE
8
BLACK
6
CONTINUOUS
10
0.1900177559055118
20
-0.2355061811023622
11
0.1889524015748031
21
-0.2365715354330709
0
LINE
8
BLACK
6
CONTINUOUS
10
0.1889524015748031
20
-0.2365715354330709
11
0.1712801968503937
21
-0.2367073228346457
0
LINE
8
BLACK
6
CONTINUOUS
10
0.1712801968503937
20
-0.2367073228346457
11
0.1713360236220473
21
-0.2516533464566929
0
LINE
8
BLACK
6
CONTINUOUS
10
0.1713360236220473
20
-0.2516533464566929
11
0.1825748031496063
21
-0.2515320078740158
0
LINE
8
BLACK
6
CONTINUOUS
10
0.1825748031496063
20
-0.2515320078740158
11
0.1833281102362205
21
-0.2516818503937008
0
LINE
8
BLACK
6
CONTINUOUS
10
0.1833281102362205
20
-0.2516818503937008
11
0.1843934645669291
21
-0.2527472047244094
0
LINE
8
BLACK
6
CONTINUOUS
10
0.1843934645669291
20
-0.2527472047244094
11
0.1843934645669291
21
-0.2542538188976378
0
LINE
8
BLACK
6
CONTINUOUS
10
0.1843934645669291
20
-0.2542538188976378
11
0.1833281102362205
21
-0.2553191732283465
0
LINE
8
BLACK
6
CONTINUOUS
10
0.1833281102362205
20
-0.2553191732283465
11
0.1713501968503937
21
-0.2554485039370079
0
LINE
8
BLACK
6
CONTINUOUS
10
0.1713501968503937
20
-0.2554485039370079
11
0.1714199606299213
21
-0.2741229527559055
0
LINE
8
BLACK
6
CONTINUOUS
10
0.1714199606299213
20
-0.2741229527559055
11
0.1712701181102362
21
-0.2748762598425197
0
LINE
8
BLACK
6
CONTINUOUS
10
0.1712701181102362
20
-0.2748762598425197
11
0.1702047637795276
21
-0.2759416141732283
0
LINE
8
BLACK
6
CONTINUOUS
10
0.1702047637795276
20
-0.2759416141732283
11
0.1686981496062992
21
-0.2759416141732283
0
LINE
8
BLACK
6
CONTINUOUS
10
0.1686981496062992
20
-0.2759416141732283
11
0.1676327952755906
21
-0.2748762598425197
0
LINE
8
BLACK
6
CONTINUOUS
10
0.1676327952755906
20
-0.2748762598425197
11
0.1674829527559055
21
-0.234752874015748
0
LINE
8
BLACK
6
CONTINUOUS
10
0.1674829527559055
20
-0.234752874015748
11
0.1676327952755906
21
-0.2339995669291338
0
LINE
8
BLACK
6
CONTINUOUS
10
0.1676327952755906
20
-0.2339995669291338
11
0.1686981496062992
21
-0.2329342125984252
0
LINE
8
BLACK
6
CONTINUOUS
10
0.1686981496062992
20
-0.2329342125984252
11
0.188199094488189
21
-0.2327843700787401
0
LINE
8
BLACK
6
CONTINUOUS
10
0.188199094488189
20
-0.2327843700787401
11
0.1889524015748031
21
-0.2329342125984252
0
LINE
8
BLACK
6
CONTINUOUS
10
0.257662125984252
20
-0.2328035826771654
11
0.257705
21
-0.2327893307086614
0
LINE
8
BLACK
6
CONTINUOUS
10
0.257705
20
-0.2327893307086614
11
0.2577914173228346
21
-0.2328292913385827
0
LINE
8
BLACK
6
CONTINUOUS
10
0.2577914173228346
20
-0.2328292913385827
11
0.2583187401574803
21
-0.2329342125984252
0
LINE
8
BLACK
6
CONTINUOUS
10
0.2583187401574803
20
-0.2329342125984252
11
0.2585775984251968
21
-0.2331930708661417
0
LINE
8
BLACK
6
CONTINUOUS
10
0.2585775984251968
20
-0.2331930708661417
11
0.2621952755905512
21
-0.2348669291338583
0
LINE
8
BLACK
6
CONTINUOUS
10
0.2621952755905512
20
-0.2348669291338583
11
0.2628020472440945
21
-0.235337874015748
0
LINE
8
BLACK
6
CONTINUOUS
10
0.2628020472440945
20
-0.235337874015748
11
0.2628706299212598
21
-0.2355437007874016
0
LINE
8
BLACK
6
CONTINUOUS
10
0.2628706299212598
20
-0.2355437007874016
11
0.2644766929133858
21
-0.2370143307086614
0
LINE
8
BLACK
6
CONTINUOUS
10
0.2644766929133858
20
-0.2370143307086614
11
0.2644794881889764
21
-0.2370152755905512
0
LINE
8
BLACK
6
CONTINUOUS
10
0.2644794881889764
20
-0.2370152755905512
11
0.2644811811023622
21
-0.2370184251968504
0
LINE
8
BLACK
6
CONTINUOUS
10
0.2644811811023622
20
-0.2370184251968504
11
0.2645816535433071
21
-0.2371104330708661
0
LINE
8
BLACK
6
CONTINUOUS
10
0.2645816535433071
20
-0.2371104330708661
11
0.2650083858267717
21
-0.2377490551181102
0
LINE
8
BLACK
6
CONTINUOUS
10
0.2650083858267717
20
-0.2377490551181102
11
0.2650083858267717
21
-0.2379975196850394
0
LINE
8
BLACK
6
CONTINUOUS
10
0.2650083858267717
20
-0.2379975196850394
11
0.2668251574803149
21
-0.2413715748031496
0
LINE
8
BLACK
6
CONTINUOUS
10
0.2668251574803149
20
-0.2413715748031496
11
0.2668511811023622
21
-0.2414666535433071
0
LINE
8
BLACK
6
CONTINUOUS
10
0.2668511811023622
20
-0.2414666535433071
11
0.2668831496062992
21
-0.2414986220472441
0
LINE
8
BLACK
6
CONTINUOUS
10
0.2668831496062992
20
-0.2414986220472441
11
0.2668853149606299
21
-0.2415912598425197
0
LINE
8
BLACK
6
CONTINUOUS
10
0.2668853149606299
20
-0.2415912598425197
11
0.267028031496063
21
-0.2421123622047244
0
LINE
8
BLACK
6
CONTINUOUS
10
0.267028031496063
20
-0.2421123622047244
11
0.2669061417322834
21
-0.2424779527559055
0
LINE
8
BLACK
6
CONTINUOUS
10
0.2669061417322834
20
-0.2424779527559055
11
0.2670329921259842
21
-0.2478762204724409
0
LINE
8
BLACK
6
CONTINUOUS
10
0.2670329921259842
20
-0.2478762204724409
11
0.2670137401574803
21
-0.2479729133858268
0
LINE
8
BLACK
6
CONTINUOUS
10
0.2670137401574803
20
-0.2479729133858268
11
0.267028031496063
21
-0.2480157874015748
0
LINE
8
BLACK
6
CONTINUOUS
10
0.267028031496063
20
-0.2480157874015748
11
0.266988031496063
21
-0.2481022047244094
0
LINE
8
BLACK
6
CONTINUOUS
10
0.266988031496063
20
-0.2481022047244094
11
0.2668831496062992
21
-0.2486295275590551
0
LINE
8
BLACK
6
CONTINUOUS
10
0.2668831496062992
20
-0.2486295275590551
11
0.2666242519685039
21
-0.2488883858267716
0
LINE
8
BLACK
6
CONTINUOUS
10
0.2666242519685039
20
-0.2488883858267716
11
0.2649503937007874
21
-0.2525061023622047
0
LINE
8
BLACK
6
CONTINUOUS
10
0.2649503937007874
20
-0.2525061023622047
11
0.2644794881889764
21
-0.253112874015748
0
LINE
8
BLACK
6
CONTINUOUS
10
0.2644794881889764
20
-0.253112874015748
11
0.2642736220472441
21
-0.2531814566929134
0
LINE
8
BLACK
6
CONTINUOUS
10
0.2642736220472441
20
-0.2531814566929134
11
0.2628029527559055
21
-0.2547875196850394
0
LINE
8
BLACK
6
CONTINUOUS
10
0.2628029527559055
20
-0.2547875196850394
11
0.2628020472440945
21
-0.2547902755905512
0
LINE
8
BLACK
6
CONTINUOUS
10
0.2628020472440945
20
-0.2547902755905512
11
0.2627988582677165
21
-0.254791968503937
0
LINE
8
BLACK
6
CONTINUOUS
10
0.2627988582677165
20
-0.254791968503937
11
0.2627068897637795
21
-0.2548924409448819
0
LINE
8
BLACK
6
CONTINUOUS
10
0.2627068897637795
20
-0.2548924409448819
11
0.2620682677165354
21
-0.2553191732283465
0
LINE
8
BLACK
6
CONTINUOUS
10
0.2620682677165354
20
-0.2553191732283465
11
0.2618198031496063
21
-0.2553191732283465
0
LINE
8
BLACK
6
CONTINUOUS
10
0.2618198031496063
20
-0.2553191732283465
11
0.2584457874015748
21
-0.2571359448818897
0
LINE
8
BLACK
6
CONTINUOUS
10
0.2584457874015748
20
-0.2571359448818897
11
0.2583506692913386
21
-0.257161968503937
0
LINE
8
BLACK
6
CONTINUOUS
10
0.2583506692913386
20
-0.257161968503937
11
0.2583187401574803
21
-0.257193937007874
0
LINE
8
BLACK
6
CONTINUOUS
10
0.2583187401574803
20
-0.257193937007874
11
0.2582309448818897
21
-0.2571947637795275
0
LINE
8
BLACK
6
CONTINUOUS
10
0.2582309448818897
20
-0.2571947637795275
11
0.257705
21
-0.2573388188976378
0
LINE
8
BLACK
6
CONTINUOUS
10
0.257705
20
-0.2573388188976378
11
0.2572994094488189
21
-0.2572036220472441
0
LINE
8
BLACK
6
CONTINUOUS
10
0.2572994094488189
20
-0.2572036220472441
11
0.2444730708661417
21
-0.2573256299212598
0
LINE
8
BLACK
6
CONTINUOUS
10
0.2444730708661417
20
-0.2573256299212598
11
0.2445358267716535
21
-0.2741229527559055
0
LINE
8
BLACK
6
CONTINUOUS
10
0.2445358267716535
20
-0.2741229527559055
11
0.2443859842519685
21
-0.2748762598425197
0
LINE
8
BLACK
6
CONTINUOUS
10
0.2443859842519685
20
-0.2748762598425197
11
0.2433206299212598
21
-0.2759416141732283
0
LINE
8
BLACK
6
CONTINUOUS
10
0.2433206299212598
20
-0.2759416141732283
11
0.2418140157480315
21
-0.2759416141732283
0
LINE
8
BLACK
6
CONTINUOUS
10
0.2418140157480315
20
-0.2759416141732283
11
0.2407486614173228
21
-0.2748762598425197
0
LINE
8
BLACK
6
CONTINUOUS
10
0.2407486614173228
20
-0.2748762598425197
11
0.2405988188976378
21
-0.234752874015748
0
LINE
8
BLACK
6
CONTINUOUS
10
0.2405988188976378
20
-0.234752874015748
11
0.2407486614173228
21
-0.2339995669291338
0
LINE
8
BLACK
6
CONTINUOUS
10
0.2407486614173228
20
-0.2339995669291338
11
0.2418140157480315
21
-0.2329342125984252
0
LINE
8
BLACK
6
CONTINUOUS
10
0.2418140157480315
20
-0.2329342125984252
11
0.2575654330708662
21
-0.2327843700787401
0
LINE
8
BLACK
6
CONTINUOUS
10
0.2575654330708662
20
-0.2327843700787401
11
0.257662125984252
21
-0.2328035826771654
0
LINE
8
BLACK
6
CONTINUOUS
10
0.244396062992126
20
-0.2367039763779528
11
0.2444588976377953
21
-0.2535314173228346
0
LINE
8
BLACK
6
CONTINUOUS
10
0.2444588976377953
20
-0.2535314173228346
11
0.2573347637795276
21
-0.253408937007874
0
LINE
8
BLACK
6
CONTINUOUS
10
0.2573347637795276
20
-0.253408937007874
11
0.2604032677165354
21
-0.2517566929133858
0
LINE
8
BLACK
6
CONTINUOUS
10
0.2604032677165354
20
-0.2517566929133858
11
0.2617977559055118
21
-0.2502338188976378
0
LINE
8
BLACK
6
CONTINUOUS
10
0.2617977559055118
20
-0.2502338188976378
11
0.2618091338582677
21
-0.2502261811023622
0
LINE
8
BLACK
6
CONTINUOUS
10
0.2618091338582677
20
-0.2502261811023622
11
0.2632120866141732
21
-0.2471940157480315
0
LINE
8
BLACK
6
CONTINUOUS
10
0.2632120866141732
20
-0.2471940157480315
11
0.2631015354330709
21
-0.2424888188976378
0
LINE
8
BLACK
6
CONTINUOUS
10
0.2631015354330709
20
-0.2424888188976378
11
0.261445905511811
21
-0.239414094488189
0
LINE
8
BLACK
6
CONTINUOUS
10
0.261445905511811
20
-0.239414094488189
11
0.259923031496063
21
-0.2380195669291338
0
LINE
8
BLACK
6
CONTINUOUS
10
0.259923031496063
20
-0.2380195669291338
11
0.2599154330708661
21
-0.238008188976378
0
LINE
8
BLACK
6
CONTINUOUS
10
0.2599154330708661
20
-0.238008188976378
11
0.2568407874015748
21
-0.2365855905511811
0
LINE
8
BLACK
6
CONTINUOUS
10
0.2568407874015748
20
-0.2365855905511811
11
0.244396062992126
21
-0.2367039763779528
0
LINE
8
BLACK
6
CONTINUOUS
10
0.3085875984251968
20
-0.2329342125984252
11
0.3089374015748031
21
-0.2329342125984252
0
LINE
8
BLACK
6
CONTINUOUS
10
0.3089374015748031
20
-0.2329342125984252
11
0.3092434645669291
21
-0.2332402755905512
0
LINE
8
BLACK
6
CONTINUOUS
10
0.3092434645669291
20
-0.2332402755905512
11
0.3096358267716535
21
-0.2334233858267716
0
LINE
8
BLACK
6
CONTINUOUS
10
0.3096358267716535
20
-0.2334233858267716
11
0.3097553937007874
21
-0.2337522047244094
0
LINE
8
BLACK
6
CONTINUOUS
10
0.3097553937007874
20
-0.2337522047244094
11
0.3100027559055118
21
-0.2339995669291338
0
LINE
8
BLACK
6
CONTINUOUS
10
0.3100027559055118
20
-0.2339995669291338
11
0.3100043700787402
21
-0.2344369291338583
0
LINE
8
BLACK
6
CONTINUOUS
10
0.3100043700787402
20
-0.2344369291338583
11
0.3101507086614173
21
-0.2348393307086614
0
LINE
8
BLACK
6
CONTINUOUS
10
0.3101507086614173
20
-0.2348393307086614
11
0.3100070472440945
21
-0.2351509448818898
0
LINE
8
BLACK
6
CONTINUOUS
10
0.3100070472440945
20
-0.2351509448818898
11
0.3101525984251968
21
-0.2741229527559055
0
LINE
8
BLACK
6
CONTINUOUS
10
0.3101525984251968
20
-0.2741229527559055
11
0.3100027559055118
21
-0.2748762598425197
0
LINE
8
BLACK
6
CONTINUOUS
10
0.3100027559055118
20
-0.2748762598425197
11
0.3089374015748031
21
-0.2759416141732283
0
LINE
8
BLACK
6
CONTINUOUS
10
0.3089374015748031
20
-0.2759416141732283
11
0.3074307874015748
21
-0.2759416141732283
0
LINE
8
BLACK
6
CONTINUOUS
10
0.3074307874015748
20
-0.2759416141732283
11
0.3063654330708661
21
-0.2748762598425197
0
LINE
8
BLACK
6
CONTINUOUS
10
0.3063654330708661
20
-0.2748762598425197
11
0.3062475196850394
21
-0.2433071653543307
0
LINE
8
BLACK
6
CONTINUOUS
10
0.3062475196850394
20
-0.2433071653543307
11
0.2968445669291339
21
-0.2637067716535433
0
LINE
8
BLACK
6
CONTINUOUS
10
0.2968445669291339
20
-0.2637067716535433
11
0.2965444488188976
21
-0.2641157874015748
0
LINE
8
BLACK
6
CONTINUOUS
10
0.2965444488188976
20
-0.2641157874015748
11
0.2965124803149606
21
-0.2642038188976378
0
LINE
8
BLACK
6
CONTINUOUS
10
0.2965124803149606
20
-0.2642038188976378
11
0.2964629527559055
21
-0.2642268897637795
0
LINE
8
BLACK
6
CONTINUOUS
10
0.2964629527559055
20
-0.2642268897637795
11
0.2963902362204724
21
-0.264326062992126
0
LINE
8
BLACK
6
CONTINUOUS
10
0.2963902362204724
20
-0.264326062992126
11
0.2957574409448819
21
-0.2645561417322835
0
LINE
8
BLACK
6
CONTINUOUS
10
0.2957574409448819
20
-0.2645561417322835
11
0.2951472047244094
21
-0.2648409448818898
0
LINE
8
BLACK
6
CONTINUOUS
10
0.2951472047244094
20
-0.2648409448818898
11
0.2950607480314961
21
-0.2648094881889764
0
LINE
8
BLACK
6
CONTINUOUS
10
0.2950607480314961
20
-0.2648094881889764
11
0.2949742913385827
21
-0.2648409448818898
0
LINE
8
BLACK
6
CONTINUOUS
10
0.2949742913385827
20
-0.2648409448818898
11
0.2943640157480315
21
-0.2645561417322835
0
LINE
8
BLACK
6
CONTINUOUS
10
0.2943640157480315
20
-0.2645561417322835
11
0.2937312598425197
21
-0.264326062992126
0
LINE
8
BLACK
6
CONTINUOUS
10
0.2937312598425197
20
-0.264326062992126
11
0.2936917322834646
21
-0.2642424015748032
0
LINE
8
BLACK
6
CONTINUOUS
10
0.2936917322834646
20
-0.2642424015748032
11
0.2936090157480315
21
-0.2642038188976378
0
LINE
8
BLACK
6
CONTINUOUS
10
0.2936090157480315
20
-0.2642038188976378
11
0.2933934251968504
21
-0.2636109448818897
0
LINE
8
BLACK
6
CONTINUOUS
10
0.2933934251968504
20
-0.2636109448818897
11
0.2837907086614173
21
-0.2432842913385827
0
LINE
8
BLACK
6
CONTINUOUS
10
0.2837907086614173
20
-0.2432842913385827
11
0.283905905511811
21
-0.2741229527559055
0
LINE
8
BLACK
6
CONTINUOUS
10
0.283905905511811
20
-0.2741229527559055
11
0.283756062992126
21
-0.2748762598425197
0
LINE
8
BLACK
6
CONTINUOUS
10
0.283756062992126
20
-0.2748762598425197
11
0.2826907086614173
21
-0.2759416141732283
0
LINE
8
BLACK
6
CONTINUOUS
10
0.2826907086614173
20
-0.2759416141732283
11
0.281184094488189
21
-0.2759416141732283
0
LINE
8
BLACK
6
CONTINUOUS
10
0.281184094488189
20
-0.2759416141732283
11
0.2801187401574803
21
-0.2748762598425197
0
LINE
8
BLACK
6
CONTINUOUS
10
0.2801187401574803
20
-0.2748762598425197
11
0.2799688976377953
21
-0.234752874015748
0
LINE
8
BLACK
6
CONTINUOUS
10
0.2799688976377953
20
-0.234752874015748
11
0.2801187401574803
21
-0.2339995669291338
0
LINE
8
BLACK
6
CONTINUOUS
10
0.2801187401574803
20
-0.2339995669291338
11
0.280366062992126
21
-0.2337522047244094
0
LINE
8
BLACK
6
CONTINUOUS
10
0.280366062992126
20
-0.2337522047244094
11
0.2804856692913386
21
-0.2334233858267716
0
LINE
8
BLACK
6
CONTINUOUS
10
0.2804856692913386
20
-0.2334233858267716
11
0.2808779921259842
21
-0.2332402755905512
0
LINE
8
BLACK
6
CONTINUOUS
10
0.2808779921259842
20
-0.2332402755905512
11
0.281184094488189
21
-0.2329342125984252
0
LINE
8
BLACK
6
CONTINUOUS
10
0.281184094488189
20
-0.2329342125984252
11
0.2815338976377953
21
-0.2329342125984252
0
LINE
8
BLACK
6
CONTINUOUS
10
0.2815338976377953
20
-0.2329342125984252
11
0.2818509448818898
21
-0.2327862598425197
0
LINE
8
BLACK
6
CONTINUOUS
10
0.2818509448818898
20
-0.2327862598425197
11
0.2822578346456693
21
-0.2329342125984252
0
LINE
8
BLACK
6
CONTINUOUS
10
0.2822578346456693
20
-0.2329342125984252
11
0.2826907086614173
21
-0.2329342125984252
0
LINE
8
BLACK
6
CONTINUOUS
10
0.2826907086614173
20
-0.2329342125984252
11
0.282938031496063
21
-0.2331815354330709
0
LINE
8
BLACK
6
CONTINUOUS
10
0.282938031496063
20
-0.2331815354330709
11
0.2832668897637795
21
-0.2333011417322834
0
LINE
8
BLACK
6
CONTINUOUS
10
0.2832668897637795
20
-0.2333011417322834
11
0.2834542519685039
21
-0.2336977559055118
0
LINE
8
BLACK
6
CONTINUOUS
10
0.2834542519685039
20
-0.2336977559055118
11
0.283756062992126
21
-0.2339995669291338
0
LINE
8
BLACK
6
CONTINUOUS
10
0.283756062992126
20
-0.2339995669291338
11
0.2837573228346457
21
-0.2343392913385827
0
LINE
8
BLACK
6
CONTINUOUS
10
0.2837573228346457
20
-0.2343392913385827
11
0.2951203149606299
21
-0.2583920472440945
0
LINE
8
BLACK
6
CONTINUOUS
10
0.2951203149606299
20
-0.2583920472440945
11
0.3064002755905512
21
-0.2339203937007874
0
LINE
8
BLACK
6
CONTINUOUS
10
0.3064002755905512
20
-0.2339203937007874
11
0.3068546062992126
21
-0.2333011417322834
0
LINE
8
BLACK
6
CONTINUOUS
10
0.3068546062992126
20
-0.2333011417322834
11
0.3071834251968504
21
-0.2331815354330709
0
LINE
8
BLACK
6
CONTINUOUS
10
0.3071834251968504
20
-0.2331815354330709
11
0.3074307874015748
21
-0.2329342125984252
0
LINE
8
BLACK
6
CONTINUOUS
10
0.3074307874015748
20
-0.2329342125984252
11
0.3078636614173229
21
-0.2329342125984252
0
LINE
8
BLACK
6
CONTINUOUS
10
0.3078636614173229
20
-0.2329342125984252
11
0.3082705511811024
21
-0.2327862598425197
0
LINE
8
BLACK
6
CONTINUOUS
10
0.3082705511811024
20
-0.2327862598425197
11
0.3085875984251968
21
-0.2329342125984252
0
LINE
8
BLACK
6
CONTINUOUS
10
-0.4716359842519685
20
-0.0898035826771654
11
-0.4715931102362205
21
-0.0897893307086614
0
LINE
8
BLACK
6
CONTINUOUS
10
-0.4715931102362205
20
-0.0897893307086614
11
-0.4715066929133858
21
-0.0898292913385827
0
LINE
8
BLACK
6
CONTINUOUS
10
-0.4715066929133858
20
-0.0898292913385827
11
-0.4709793700787401
21
-0.0899342125984252
0
LINE
8
BLACK
6
CONTINUOUS
10
-0.4709793700787401
20
-0.0899342125984252
11
-0.4707205118110236
21
-0.0901930708661417
0
LINE
8
BLACK
6
CONTINUOUS
10
-0.4707205118110236
20
-0.0901930708661417
11
-0.4671028346456693
21
-0.0918669291338583
0
LINE
8
BLACK
6
CONTINUOUS
10
-0.4671028346456693
20
-0.0918669291338583
11
-0.466496062992126
21
-0.092337874015748
0
LINE
8
BLACK
6
CONTINUOUS
10
-0.466496062992126
20
-0.092337874015748
11
-0.4664274803149606
21
-0.0925437007874016
0
LINE
8
BLACK
6
CONTINUOUS
10
-0.4664274803149606
20
-0.0925437007874016
11
-0.4648214173228347
21
-0.0940143307086614
0
LINE
8
BLACK
6
CONTINUOUS
10
-0.4648214173228347
20
-0.0940143307086614
11
-0.4648186220472441
21
-0.0940152755905512
0
LINE
8
BLACK
6
CONTINUOUS
10
-0.4648186220472441
20
-0.0940152755905512
11
-0.4648169291338582
21
-0.0940184251968504
0
LINE
8
BLACK
6
CONTINUOUS
10
-0.4648169291338582
20
-0.0940184251968504
11
-0.4647164566929134
21
-0.0941104330708661
0
LINE
8
BLACK
6
CONTINUOUS
10
-0.4647164566929134
20
-0.0941104330708661
11
-0.4642897244094488
21
-0.0947490551181102
0
LINE
8
BLACK
6
CONTINUOUS
10
-0.4642897244094488
20
-0.0947490551181102
11
-0.4642897244094488
21
-0.0949975196850394
0
LINE
8
BLACK
6
CONTINUOUS
10
-0.4642897244094488
20
-0.0949975196850394
11
-0.4624729527559055
21
-0.0983715748031496
0
LINE
8
BLACK
6
CONTINUOUS
10
-0.4624729527559055
20
-0.0983715748031496
11
-0.4622700787401575
21
-0.0991123622047244
0
LINE
8
BLACK
6
CONTINUOUS
10
-0.4622700787401575
20
-0.0991123622047244
11
-0.462327874015748
21
-0.0992856299212598
0
LINE
8
BLACK
6
CONTINUOUS
10
-0.462327874015748
20
-0.0992856299212598
11
-0.4604491338582677
21
-0.1062735433070866
0
LINE
8
BLACK
6
CONTINUOUS
10
-0.4604491338582677
20
-0.1062735433070866
11
-0.4604118110236221
21
-0.1070407086614173
0
LINE
8
BLACK
6
CONTINUOUS
10
-0.4604118110236221
20
-0.1070407086614173
11
-0.4605220472440945
21
-0.1072244094488189
0
LINE
8
BLACK
6
CONTINUOUS
10
-0.4605220472440945
20
-0.1072244094488189
11
-0.4603903543307086
21
-0.1161248031496063
0
LINE
8
BLACK
6
CONTINUOUS
10
-0.4603903543307086
20
-0.1161248031496063
11
-0.4605401968503937
21
-0.1168781102362205
0
LINE
8
BLACK
6
CONTINUOUS
10
-0.4605401968503937
20
-0.1168781102362205
11
-0.4606870472440945
21
-0.1170249212598425
0
LINE
8
BLACK
6
CONTINUOUS
10
-0.4606870472440945
20
-0.1170249212598425
11
-0.4623238976377952
21
-0.1241012992125984
0
LINE
8
BLACK
6
CONTINUOUS
10
-0.4623238976377952
20
-0.1241012992125984
11
-0.462651968503937
21
-0.1247957480314961
0
LINE
8
BLACK
6
CONTINUOUS
10
-0.462651968503937
20
-0.1247957480314961
11
-0.4627845669291338
21
-0.1248752755905512
0
LINE
8
BLACK
6
CONTINUOUS
10
-0.4627845669291338
20
-0.1248752755905512
11
-0.4643477165354331
21
-0.1282537401574803
0
LINE
8
BLACK
6
CONTINUOUS
10
-0.4643477165354331
20
-0.1282537401574803
11
-0.4648186220472441
21
-0.1288605118110236
0
LINE
8
BLACK
6
CONTINUOUS
10
-0.4648186220472441
20
-0.1288605118110236
11
-0.4650245275590551
21
-0.128929094488189
0
LINE
8
BLACK
6
CONTINUOUS
10
-0.4650245275590551
20
-0.128929094488189
11
-0.4664951968503937
21
-0.1305352362204724
0
LINE
8
BLACK
6
CONTINUOUS
10
-0.4664951968503937
20
-0.1305352362204724
11
-0.466496062992126
21
-0.1305379527559055
0
LINE
8
BLACK
6
CONTINUOUS
10
-0.466496062992126
20
-0.1305379527559055
11
-0.4664991732283464
21
-0.1305396062992126
0
LINE
8
BLACK
6
CONTINUOUS
10
-0.4664991732283464
20
-0.1305396062992126
11
-0.4665911811023622
21
-0.1306401181102362
0
LINE
8
BLACK
6
CONTINUOUS
10
-0.4665911811023622
20
-0.1306401181102362
11
-0.4672298031496063
21
-0.1310668503937008
0
LINE
8
BLACK
6
CONTINUOUS
10
-0.4672298031496063
20
-0.1310668503937008
11
-0.4674783070866141
21
-0.1310668503937008
0
LINE
8
BLACK
6
CONTINUOUS
10
-0.4674783070866141
20
-0.1310668503937008
11
-0.4708523228346457
21
-0.1328836220472441
0
LINE
8
BLACK
6
CONTINUOUS
10
-0.4708523228346457
20
-0.1328836220472441
11
-0.4709474409448819
21
-0.1329096456692913
0
LINE
8
BLACK
6
CONTINUOUS
10
-0.4709474409448819
20
-0.1329096456692913
11
-0.4709793700787401
21
-0.1329416141732283
0
LINE
8
BLACK
6
CONTINUOUS
10
-0.4709793700787401
20
-0.1329416141732283
11
-0.4710758267716535
21
-0.1329448031496063
0
LINE
8
BLACK
6
CONTINUOUS
10
-0.4710758267716535
20
-0.1329448031496063
11
-0.4715931102362205
21
-0.1330864960629921
0
LINE
8
BLACK
6
CONTINUOUS
10
-0.4715931102362205
20
-0.1330864960629921
11
-0.4719326377952756
21
-0.1329733070866142
0
LINE
8
BLACK
6
CONTINUOUS
10
-0.4719326377952756
20
-0.1329733070866142
11
-0.4754822047244094
21
-0.1330914566929134
0
LINE
8
BLACK
6
CONTINUOUS
10
-0.4754822047244094
20
-0.1330914566929134
11
-0.475578937007874
21
-0.1330722047244094
0
LINE
8
BLACK
6
CONTINUOUS
10
-0.475578937007874
20
-0.1330722047244094
11
-0.4756217716535433
21
-0.1330864960629921
0
LINE
8
BLACK
6
CONTINUOUS
10
-0.4756217716535433
20
-0.1330864960629921
11
-0.4757082283464567
21
-0.1330464960629921
0
LINE
8
BLACK
6
CONTINUOUS
10
-0.4757082283464567
20
-0.1330464960629921
11
-0.4762355118110236
21
-0.1329416141732283
0
LINE
8
BLACK
6
CONTINUOUS
10
-0.4762355118110236
20
-0.1329416141732283
11
-0.4764944094488189
21
-0.1326827165354331
0
LINE
8
BLACK
6
CONTINUOUS
10
-0.4764944094488189
20
-0.1326827165354331
11
-0.4801120866141732
21
-0.1310088582677165
0
LINE
8
BLACK
6
CONTINUOUS
10
-0.4801120866141732
20
-0.1310088582677165
11
-0.4807188582677165
21
-0.1305379527559055
0
LINE
8
BLACK
6
CONTINUOUS
10
-0.4807188582677165
20
-0.1305379527559055
11
-0.4807874803149606
21
-0.1303320472440945
0
LINE
8
BLACK
6
CONTINUOUS
10
-0.4807874803149606
20
-0.1303320472440945
11
-0.4823935826771654
21
-0.1288613385826772
0
LINE
8
BLACK
6
CONTINUOUS
10
-0.4823935826771654
20
-0.1288613385826772
11
-0.4823962598425197
21
-0.1288604724409449
0
LINE
8
BLACK
6
CONTINUOUS
10
-0.4823962598425197
20
-0.1288604724409449
11
-0.4823979527559055
21
-0.1288573622047244
0
LINE
8
BLACK
6
CONTINUOUS
10
-0.4823979527559055
20
-0.1288573622047244
11
-0.4824984645669291
21
-0.1287653149606299
0
LINE
8
BLACK
6
CONTINUOUS
10
-0.4824984645669291
20
-0.1287653149606299
11
-0.4829251574803149
21
-0.1281266929133858
0
LINE
8
BLACK
6
CONTINUOUS
10
-0.4829251574803149
20
-0.1281266929133858
11
-0.4829251574803149
21
-0.1278782283464567
0
LINE
8
BLACK
6
CONTINUOUS
10
-0.4829251574803149
20
-0.1278782283464567
11
-0.4847419291338583
21
-0.1245042125984252
0
LINE
8
BLACK
6
CONTINUOUS
10
-0.4847419291338583
20
-0.1245042125984252
11
-0.4849448031496063
21
-0.1237634251968504
0
LINE
8
BLACK
6
CONTINUOUS
10
-0.4849448031496063
20
-0.1237634251968504
11
-0.4848870472440945
21
-0.1235901181102362
0
LINE
8
BLACK
6
CONTINUOUS
10
-0.4848870472440945
20
-0.1235901181102362
11
-0.486765748031496
21
-0.1166022440944882
0
LINE
8
BLACK
6
CONTINUOUS
10
-0.486765748031496
20
-0.1166022440944882
11
-0.4868030708661417
21
-0.1158350787401575
0
LINE
8
BLACK
6
CONTINUOUS
10
-0.4868030708661417
20
-0.1158350787401575
11
-0.486692874015748
21
-0.1156513385826772
0
LINE
8
BLACK
6
CONTINUOUS
10
-0.486692874015748
20
-0.1156513385826772
11
-0.4868245275590551
21
-0.1067509842519685
0
LINE
8
BLACK
6
CONTINUOUS
10
-0.4868245275590551
20
-0.1067509842519685
11
-0.4866746850393701
21
-0.1059976771653543
0
LINE
8
BLACK
6
CONTINUOUS
10
-0.4866746850393701
20
-0.1059976771653543
11
-0.486527874015748
21
-0.1058508267716535
0
LINE
8
BLACK
6
CONTINUOUS
10
-0.486527874015748
20
-0.1058508267716535
11
-0.4848909842519685
21
-0.0987744881889764
0
LINE
8
BLACK
6
CONTINUOUS
10
-0.4848909842519685
20
-0.0987744881889764
11
-0.4845629133858267
21
-0.0980800393700787
0
LINE
8
BLACK
6
CONTINUOUS
10
-0.4845629133858267
20
-0.0980800393700787
11
-0.4844303937007874
21
-0.0980004724409449
0
LINE
8
BLACK
6
CONTINUOUS
10
-0.4844303937007874
20
-0.0980004724409449
11
-0.4828672047244094
21
-0.0946220866141732
0
LINE
8
BLACK
6
CONTINUOUS
10
-0.4828672047244094
20
-0.0946220866141732
11
-0.4823962598425197
21
-0.0940153149606299
0
LINE
8
BLACK
6
CONTINUOUS
10
-0.4823962598425197
20
-0.0940153149606299
11
-0.4821904330708661
21
-0.0939466929133858
0
LINE
8
BLACK
6
CONTINUOUS
10
-0.4821904330708661
20
-0.0939466929133858
11
-0.4807198031496063
21
-0.0923406299212598
0
LINE
8
BLACK
6
CONTINUOUS
10
-0.4807198031496063
20
-0.0923406299212598
11
-0.4807188582677165
21
-0.092337874015748
0
LINE
8
BLACK
6
CONTINUOUS
10
-0.4807188582677165
20
-0.092337874015748
11
-0.4807157086614173
21
-0.0923361417322835
0
LINE
8
BLACK
6
CONTINUOUS
10
-0.4807157086614173
20
-0.0923361417322835
11
-0.4806237007874016
21
-0.0922357086614173
0
LINE
8
BLACK
6
CONTINUOUS
10
-0.4806237007874016
20
-0.0922357086614173
11
-0.4799850787401574
21
-0.0918089763779528
0
LINE
8
BLACK
6
CONTINUOUS
10
-0.4799850787401574
20
-0.0918089763779528
11
-0.4797366141732283
21
-0.0918089763779528
0
LINE
8
BLACK
6
CONTINUOUS
10
-0.4797366141732283
20
-0.0918089763779528
11
-0.4763625590551181
21
-0.0899922047244094
0
LINE
8
BLACK
6
CONTINUOUS
10
-0.4763625590551181
20
-0.0899922047244094
11
-0.4762674803149606
21
-0.0899661417322835
0
LINE
8
BLACK
6
CONTINUOUS
10
-0.4762674803149606
20
-0.0899661417322835
11
-0.4762355118110236
21
-0.0899342125984252
0
LINE
8
BLACK
6
CONTINUOUS
10
-0.4762355118110236
20
-0.0899342125984252
11
-0.476139094488189
21
-0.0899309842519685
0
LINE
8
BLACK
6
CONTINUOUS
10
-0.476139094488189
20
-0.0899309842519685
11
-0.4756217716535433
21
-0.0897893307086614
0
LINE
8
BLACK
6
CONTINUOUS
10
-0.4756217716535433
20
-0.0897893307086614
11
-0.4752823228346457
21
-0.0899024803149606
0
LINE
8
BLACK
6
CONTINUOUS
10
-0.4752823228346457
20
-0.0899024803149606
11
-0.4717326771653543
21
-0.0897843700787402
0
LINE
8
BLACK
6
CONTINUOUS
10
-0.4717326771653543
20
-0.0897843700787402
11
-0.4716359842519685
21
-0.0898035826771654
0
LINE
8
BLACK
6
CONTINUOUS
10
-0.4752407480314961
20
-0.0937133070866142
11
-0.4783200393700787
21
-0.0953714173228346
0
LINE
8
BLACK
6
CONTINUOUS
10
-0.4783200393700787
20
-0.0953714173228346
11
-0.4797145669291338
21
-0.0968943307086614
0
LINE
8
BLACK
6
CONTINUOUS
10
-0.4797145669291338
20
-0.0968943307086614
11
-0.4797259448818897
21
-0.0969018897637795
0
LINE
8
BLACK
6
CONTINUOUS
10
-0.4797259448818897
20
-0.0969018897637795
11
-0.4812205905511811
21
-0.1001322834645669
0
LINE
8
BLACK
6
CONTINUOUS
10
-0.4812205905511811
20
-0.1001322834645669
11
-0.4813406692913386
21
-0.100286968503937
0
LINE
8
BLACK
6
CONTINUOUS
10
-0.4813406692913386
20
-0.100286968503937
11
-0.4829462992125984
21
-0.1072284251968504
0
LINE
8
BLACK
6
CONTINUOUS
10
-0.4829462992125984
20
-0.1072284251968504
11
-0.483016968503937
21
-0.1073779527559055
0
LINE
8
BLACK
6
CONTINUOUS
10
-0.483016968503937
20
-0.1073779527559055
11
-0.4828875196850393
21
-0.1161248031496063
0
LINE
8
BLACK
6
CONTINUOUS
10
-0.4828875196850393
20
-0.1161248031496063
11
-0.4829180708661417
21
-0.1162782677165354
0
LINE
8
BLACK
6
CONTINUOUS
10
-0.4829180708661417
20
-0.1162782677165354
11
-0.4810715354330709
21
-0.1231464173228346
0
LINE
8
BLACK
6
CONTINUOUS
10
-0.4810715354330709
20
-0.1231464173228346
11
-0.4810639763779527
21
-0.1233021653543307
0
LINE
8
BLACK
6
CONTINUOUS
10
-0.4810639763779527
20
-0.1233021653543307
11
-0.4793627165354331
21
-0.1264616535433071
0
LINE
8
BLACK
6
CONTINUOUS
10
-0.4793627165354331
20
-0.1264616535433071
11
-0.4778397637795275
21
-0.1278562598425197
0
LINE
8
BLACK
6
CONTINUOUS
10
-0.4778397637795275
20
-0.1278562598425197
11
-0.4778321653543307
21
-0.1278675984251968
0
LINE
8
BLACK
6
CONTINUOUS
10
-0.4778321653543307
20
-0.1278675984251968
11
-0.4748283858267716
21
-0.1292574409448819
0
LINE
8
BLACK
6
CONTINUOUS
10
-0.4748283858267716
20
-0.1292574409448819
11
-0.4719742125984252
21
-0.1291624803149606
0
LINE
8
BLACK
6
CONTINUOUS
10
-0.4719742125984252
20
-0.1291624803149606
11
-0.4688948818897637
21
-0.1275043700787402
0
LINE
8
BLACK
6
CONTINUOUS
10
-0.4688948818897637
20
-0.1275043700787402
11
-0.4675003543307086
21
-0.1259814566929134
0
LINE
8
BLACK
6
CONTINUOUS
10
-0.4675003543307086
20
-0.1259814566929134
11
-0.4674889763779527
21
-0.1259738188976378
0
LINE
8
BLACK
6
CONTINUOUS
10
-0.4674889763779527
20
-0.1259738188976378
11
-0.4659943307086614
21
-0.1227435433070866
0
LINE
8
BLACK
6
CONTINUOUS
10
-0.4659943307086614
20
-0.1227435433070866
11
-0.4658742519685039
21
-0.122588779527559
0
LINE
8
BLACK
6
CONTINUOUS
10
-0.4658742519685039
20
-0.122588779527559
11
-0.4642685826771654
21
-0.1156473622047244
0
LINE
8
BLACK
6
CONTINUOUS
10
-0.4642685826771654
20
-0.1156473622047244
11
-0.4641979527559055
21
-0.1154977952755906
0
LINE
8
BLACK
6
CONTINUOUS
10
-0.4641979527559055
20
-0.1154977952755906
11
-0.4643273622047244
21
-0.1067509842519685
0
LINE
8
BLACK
6
CONTINUOUS
10
-0.4643273622047244
20
-0.1067509842519685
11
-0.4642968503937008
21
-0.1065974803149606
0
LINE
8
BLACK
6
CONTINUOUS
10
-0.4642968503937008
20
-0.1065974803149606
11
-0.4661433464566929
21
-0.0997293700787402
0
LINE
8
BLACK
6
CONTINUOUS
10
-0.4661433464566929
20
-0.0997293700787402
11
-0.4661509448818897
21
-0.0995735433070866
0
LINE
8
BLACK
6
CONTINUOUS
10
-0.4661509448818897
20
-0.0995735433070866
11
-0.4678522047244094
21
-0.096414094488189
0
LINE
8
BLACK
6
CONTINUOUS
10
-0.4678522047244094
20
-0.096414094488189
11
-0.4693750787401575
21
-0.0950195669291339
0
LINE
8
BLACK
6
CONTINUOUS
10
-0.4693750787401575
20
-0.0950195669291339
11
-0.4693826771653543
21
-0.0950081889763779
0
LINE
8
BLACK
6
CONTINUOUS
10
-0.4693826771653543
20
-0.0950081889763779
11
-0.4723864960629921
21
-0.0936183464566929
0
LINE
8
BLACK
6
CONTINUOUS
10
-0.4723864960629921
20
-0.0936183464566929
11
-0.4752407480314961
21
-0.0937133070866142
0
LINE
8
BLACK
6
CONTINUOUS
10
-0.3941139763779528
20
-0.0899342125984252
11
-0.3930486220472441
21
-0.0909995669291339
0
LINE
8
BLACK
6
CONTINUOUS
10
-0.3930486220472441
20
-0.0909995669291339
11
-0.3930486220472441
21
-0.0925061811023622
0
LINE
8
BLACK
6
CONTINUOUS
10
-0.3930486220472441
20
-0.0925061811023622
11
-0.3941139763779528
21
-0.0935715354330709
0
LINE
8
BLACK
6
CONTINUOUS
10
-0.3941139763779528
20
-0.0935715354330709
11
-0.4119633070866142
21
-0.0937086614173228
0
LINE
8
BLACK
6
CONTINUOUS
10
-0.4119633070866142
20
-0.0937086614173228
11
-0.4131224803149606
21
-0.1062700393700787
0
LINE
8
BLACK
6
CONTINUOUS
10
-0.4131224803149606
20
-0.1062700393700787
11
-0.410745748031496
21
-0.1049903149606299
0
LINE
8
BLACK
6
CONTINUOUS
10
-0.410745748031496
20
-0.1049903149606299
11
-0.4106506692913386
21
-0.1049642519685039
0
LINE
8
BLACK
6
CONTINUOUS
10
-0.4106506692913386
20
-0.1049642519685039
11
-0.4106187007874016
21
-0.1049323228346457
0
LINE
8
BLACK
6
CONTINUOUS
10
-0.4106187007874016
20
-0.1049323228346457
11
-0.4105291732283464
21
-0.1049309842519685
0
LINE
8
BLACK
6
CONTINUOUS
10
-0.4105291732283464
20
-0.1049309842519685
11
-0.4100049606299213
21
-0.1047874409448819
0
LINE
8
BLACK
6
CONTINUOUS
10
-0.4100049606299213
20
-0.1047874409448819
11
-0.4096149212598425
21
-0.1049174409448819
0
LINE
8
BLACK
6
CONTINUOUS
10
-0.4096149212598425
20
-0.1049174409448819
11
-0.4004915748031496
21
-0.1047824803149606
0
LINE
8
BLACK
6
CONTINUOUS
10
-0.4004915748031496
20
-0.1047824803149606
11
-0.4003948818897637
21
-0.1048016929133858
0
LINE
8
BLACK
6
CONTINUOUS
10
-0.4003948818897637
20
-0.1048016929133858
11
-0.4003520078740158
21
-0.1047874409448819
0
LINE
8
BLACK
6
CONTINUOUS
10
-0.4003520078740158
20
-0.1047874409448819
11
-0.4002655905511811
21
-0.1048274015748032
0
LINE
8
BLACK
6
CONTINUOUS
10
-0.4002655905511811
20
-0.1048274015748032
11
-0.3997382677165354
21
-0.1049323228346457
0
LINE
8
BLACK
6
CONTINUOUS
10
-0.3997382677165354
20
-0.1049323228346457
11
-0.3994794094488189
21
-0.1051911811023622
0
LINE
8
BLACK
6
CONTINUOUS
10
-0.3994794094488189
20
-0.1051911811023622
11
-0.3958617322834646
21
-0.1068650393700787
0
LINE
8
BLACK
6
CONTINUOUS
10
-0.3958617322834646
20
-0.1068650393700787
11
-0.3952549606299213
21
-0.1073359842519685
0
LINE
8
BLACK
6
CONTINUOUS
10
-0.3952549606299213
20
-0.1073359842519685
11
-0.3951863779527559
21
-0.107541811023622
0
LINE
8
BLACK
6
CONTINUOUS
10
-0.3951863779527559
20
-0.107541811023622
11
-0.3935803149606299
21
-0.1090124409448819
0
LINE
8
BLACK
6
CONTINUOUS
10
-0.3935803149606299
20
-0.1090124409448819
11
-0.3935775196850393
21
-0.1090133858267717
0
LINE
8
BLACK
6
CONTINUOUS
10
-0.3935775196850393
20
-0.1090133858267717
11
-0.3935758267716535
21
-0.1090165354330709
0
LINE
8
BLACK
6
CONTINUOUS
10
-0.3935758267716535
20
-0.1090165354330709
11
-0.3934753543307086
21
-0.1091085433070866
0
LINE
8
BLACK
6
CONTINUOUS
10
-0.3934753543307086
20
-0.1091085433070866
11
-0.3930486220472441
21
-0.1097471653543307
0
LINE
8
BLACK
6
CONTINUOUS
10
-0.3930486220472441
20
-0.1097471653543307
11
-0.3930486220472441
21
-0.1099956299212598
0
LINE
8
BLACK
6
CONTINUOUS
10
-0.3930486220472441
20
-0.1099956299212598
11
-0.3912318503937008
21
-0.1133696850393701
0
LINE
8
BLACK
6
CONTINUOUS
10
-0.3912318503937008
20
-0.1133696850393701
11
-0.3912058267716536
21
-0.1134647637795275
0
LINE
8
BLACK
6
CONTINUOUS
10
-0.3912058267716536
20
-0.1134647637795275
11
-0.3911738582677165
21
-0.1134967322834646
0
LINE
8
BLACK
6
CONTINUOUS
10
-0.3911738582677165
20
-0.1134967322834646
11
-0.3911725590551181
21
-0.1135862598425197
0
LINE
8
BLACK
6
CONTINUOUS
10
-0.3911725590551181
20
-0.1135862598425197
11
-0.3910289763779528
21
-0.1141104724409449
0
LINE
8
BLACK
6
CONTINUOUS
10
-0.3910289763779528
20
-0.1141104724409449
11
-0.3911590157480315
21
-0.1145005118110236
0
LINE
8
BLACK
6
CONTINUOUS
10
-0.3911590157480315
20
-0.1145005118110236
11
-0.3910240157480315
21
-0.1236238582677165
0
LINE
8
BLACK
6
CONTINUOUS
10
-0.3910240157480315
20
-0.1236238582677165
11
-0.3910432677165354
21
-0.1237205511811024
0
LINE
8
BLACK
6
CONTINUOUS
10
-0.3910432677165354
20
-0.1237205511811024
11
-0.3910289763779528
21
-0.1237634251968504
0
LINE
8
BLACK
6
CONTINUOUS
10
-0.3910289763779528
20
-0.1237634251968504
11
-0.3910689763779527
21
-0.123849842519685
0
LINE
8
BLACK
6
CONTINUOUS
10
-0.3910689763779527
20
-0.123849842519685
11
-0.3911738582677165
21
-0.1243771653543307
0
LINE
8
BLACK
6
CONTINUOUS
10
-0.3911738582677165
20
-0.1243771653543307
11
-0.3914327559055118
21
-0.1246360236220472
0
LINE
8
BLACK
6
CONTINUOUS
10
-0.3914327559055118
20
-0.1246360236220472
11
-0.3931066141732283
21
-0.1282537401574803
0
LINE
8
BLACK
6
CONTINUOUS
10
-0.3931066141732283
20
-0.1282537401574803
11
-0.3935775196850393
21
-0.1288605118110236
0
LINE
8
BLACK
6
CONTINUOUS
10
-0.3935775196850393
20
-0.1288605118110236
11
-0.3937834251968504
21
-0.128929094488189
0
LINE
8
BLACK
6
CONTINUOUS
10
-0.3937834251968504
20
-0.128929094488189
11
-0.395254094488189
21
-0.1305352362204724
0
LINE
8
BLACK
6
CONTINUOUS
10
-0.395254094488189
20
-0.1305352362204724
11
-0.3952549606299213
21
-0.1305379527559055
0
LINE
8
BLACK
6
CONTINUOUS
10
-0.3952549606299213
20
-0.1305379527559055
11
-0.3952580708661417
21
-0.1305396062992126
0
LINE
8
BLACK
6
CONTINUOUS
10
-0.3952580708661417
20
-0.1305396062992126
11
-0.3953500787401575
21
-0.1306401181102362
0
LINE
8
BLACK
6
CONTINUOUS
10
-0.3953500787401575
20
-0.1306401181102362
11
-0.3959887007874016
21
-0.1310668503937008
0
LINE
8
BLACK
6
CONTINUOUS
10
-0.3959887007874016
20
-0.1310668503937008
11
-0.3962372047244094
21
-0.1310668503937008
0
LINE
8
BLACK
6
CONTINUOUS
10
-0.3962372047244094
20
-0.1310668503937008
11
-0.3996112204724409
21
-0.1328836220472441
0
LINE
8
BLACK
6
CONTINUOUS
10
-0.3996112204724409
20
-0.1328836220472441
11
-0.3997063385826772
21
-0.1329096456692913
0
LINE
8
BLACK
6
CONTINUOUS
10
-0.3997063385826772
20
-0.1329096456692913
11
-0.3997382677165354
21
-0.1329416141732283
0
LINE
8
BLACK
6
CONTINUOUS
10
-0.3997382677165354
20
-0.1329416141732283
11
-0.3998278346456693
21
-0.1329429133858268
0
LINE
8
BLACK
6
CONTINUOUS
10
-0.3998278346456693
20
-0.1329429133858268
11
-0.4003520078740158
21
-0.1330864960629921
0
LINE
8
BLACK
6
CONTINUOUS
10
-0.4003520078740158
20
-0.1330864960629921
11
-0.400742125984252
21
-0.1329564566929134
0
LINE
8
BLACK
6
CONTINUOUS
10
-0.400742125984252
20
-0.1329564566929134
11
-0.4098653937007874
21
-0.1330914566929134
0
LINE
8
BLACK
6
CONTINUOUS
10
-0.4098653937007874
20
-0.1330914566929134
11
-0.409962125984252
21
-0.1330722047244094
0
LINE
8
BLACK
6
CONTINUOUS
10
-0.409962125984252
20
-0.1330722047244094
11
-0.4100049606299213
21
-0.1330864960629921
0
LINE
8
BLACK
6
CONTINUOUS
10
-0.4100049606299213
20
-0.1330864960629921
11
-0.4100914173228347
21
-0.1330464960629921
0
LINE
8
BLACK
6
CONTINUOUS
10
-0.4100914173228347
20
-0.1330464960629921
11
-0.4106187007874016
21
-0.1329416141732283
0
LINE
8
BLACK
6
CONTINUOUS
10
-0.4106187007874016
20
-0.1329416141732283
11
-0.4108775984251968
21
-0.1326827165354331
0
LINE
8
BLACK
6
CONTINUOUS
10
-0.4108775984251968
20
-0.1326827165354331
11
-0.4144952755905512
21
-0.1310088582677165
0
LINE
8
BLACK
6
CONTINUOUS
10
-0.4144952755905512
20
-0.1310088582677165
11
-0.4151020472440945
21
-0.1305379527559055
0
LINE
8
BLACK
6
CONTINUOUS
10
-0.4151020472440945
20
-0.1305379527559055
11
-0.4151706692913386
21
-0.1303320472440945
0
LINE
8
BLACK
6
CONTINUOUS
10
-0.4151706692913386
20
-0.1303320472440945
11
-0.4168816535433071
21
-0.1287653149606299
0
LINE
8
BLACK
6
CONTINUOUS
10
-0.4168816535433071
20
-0.1287653149606299
11
-0.4173083464566929
21
-0.1281266929133858
0
LINE
8
BLACK
6
CONTINUOUS
10
-0.4173083464566929
20
-0.1281266929133858
11
-0.4173083464566929
21
-0.1266200393700787
0
LINE
8
BLACK
6
CONTINUOUS
10
-0.4173083464566929
20
-0.1266200393700787
11
-0.4162429921259843
21
-0.1255547244094488
0
LINE
8
BLACK
6
CONTINUOUS
10
-0.4162429921259843
20
-0.1255547244094488
11
-0.4147363385826772
21
-0.1255547244094488
0
LINE
8
BLACK
6
CONTINUOUS
10
-0.4147363385826772
20
-0.1255547244094488
11
-0.4122229527559055
21
-0.1278562598425197
0
LINE
8
BLACK
6
CONTINUOUS
10
-0.4122229527559055
20
-0.1278562598425197
11
-0.4122153543307087
21
-0.1278675984251968
0
LINE
8
BLACK
6
CONTINUOUS
10
-0.4122153543307087
20
-0.1278675984251968
11
-0.4091570866141732
21
-0.1292826377952756
0
LINE
8
BLACK
6
CONTINUOUS
10
-0.4091570866141732
20
-0.1292826377952756
11
-0.4007246062992126
21
-0.129157874015748
0
LINE
8
BLACK
6
CONTINUOUS
10
-0.4007246062992126
20
-0.129157874015748
11
-0.397653779527559
21
-0.1275043700787402
0
LINE
8
BLACK
6
CONTINUOUS
10
-0.397653779527559
20
-0.1275043700787402
11
-0.3962592519685039
21
-0.1259814566929134
0
LINE
8
BLACK
6
CONTINUOUS
10
-0.3962592519685039
20
-0.1259814566929134
11
-0.396247874015748
21
-0.1259738188976378
0
LINE
8
BLACK
6
CONTINUOUS
10
-0.396247874015748
20
-0.1259738188976378
11
-0.3948328346456693
21
-0.1229155118110236
0
LINE
8
BLACK
6
CONTINUOUS
10
-0.3948328346456693
20
-0.1229155118110236
11
-0.3949575984251968
21
-0.1144829921259842
0
LINE
8
BLACK
6
CONTINUOUS
10
-0.3949575984251968
20
-0.1144829921259842
11
-0.3966111023622047
21
-0.1114122047244094
0
LINE
8
BLACK
6
CONTINUOUS
10
-0.3966111023622047
20
-0.1114122047244094
11
-0.3981339763779527
21
-0.1100176771653543
0
LINE
8
BLACK
6
CONTINUOUS
10
-0.3981339763779527
20
-0.1100176771653543
11
-0.3981415748031496
21
-0.1100062992125984
0
LINE
8
BLACK
6
CONTINUOUS
10
-0.3981415748031496
20
-0.1100062992125984
11
-0.4011998818897637
21
-0.1085912598425197
0
LINE
8
BLACK
6
CONTINUOUS
10
-0.4011998818897637
20
-0.1085912598425197
11
-0.4096324409448819
21
-0.1087160236220472
0
LINE
8
BLACK
6
CONTINUOUS
10
-0.4096324409448819
20
-0.1087160236220472
11
-0.4127032283464567
21
-0.1103695275590551
0
LINE
8
BLACK
6
CONTINUOUS
10
-0.4127032283464567
20
-0.1103695275590551
11
-0.4140977559055118
21
-0.1118924409448819
0
LINE
8
BLACK
6
CONTINUOUS
10
-0.4140977559055118
20
-0.1118924409448819
11
-0.4147363779527559
21
-0.1123191732283464
0
LINE
8
BLACK
6
CONTINUOUS
10
-0.4147363779527559
20
-0.1123191732283464
11
-0.4148404724409449
21
-0.1123191732283464
0
LINE
8
BLACK
6
CONTINUOUS
10
-0.4148404724409449
20
-0.1123191732283464
11
-0.414921062992126
21
-0.1123851181102362
0
LINE
8
BLACK
6
CONTINUOUS
10
-0.414921062992126
20
-0.1123851181102362
11
-0.4155805118110236
21
-0.1123191732283464
0
LINE
8
BLACK
6
CONTINUOUS
10
-0.4155805118110236
20
-0.1123191732283464
11
-0.4162429921259843
21
-0.1123191732283464
0
LINE
8
BLACK
6
CONTINUOUS
10
-0.4162429921259843
20
-0.1123191732283464
11
-0.4163166141732283
21
-0.1122455511811024
0
LINE
8
BLACK
6
CONTINUOUS
10
-0.4163166141732283
20
-0.1122455511811024
11
-0.4164202362204724
21
-0.1122351968503937
0
LINE
8
BLACK
6
CONTINUOUS
10
-0.4164202362204724
20
-0.1122351968503937
11
-0.4168399606299212
21
-0.1117222047244094
0
LINE
8
BLACK
6
CONTINUOUS
10
-0.4168399606299212
20
-0.1117222047244094
11
-0.4173083464566929
21
-0.1112538188976378
0
LINE
8
BLACK
6
CONTINUOUS
10
-0.4173083464566929
20
-0.1112538188976378
11
-0.4173083464566929
21
-0.1111497244094488
0
LINE
8
BLACK
6
CONTINUOUS
10
-0.4173083464566929
20
-0.1111497244094488
11
-0.4173742913385827
21
-0.1110691338582677
0
LINE
8
BLACK
6
CONTINUOUS
10
-0.4173742913385827
20
-0.1110691338582677
11
-0.4173083464566929
21
-0.1103545275590551
0
LINE
8
BLACK
6
CONTINUOUS
10
-0.4173083464566929
20
-0.1103545275590551
11
-0.4173083464566929
21
-0.1097472047244095
0
LINE
8
BLACK
6
CONTINUOUS
10
-0.4173083464566929
20
-0.1097472047244095
11
-0.4172460236220472
21
-0.1096791338582677
0
LINE
8
BLACK
6
CONTINUOUS
10
-0.4172460236220472
20
-0.1096791338582677
11
-0.4155736614173228
21
-0.0915570078740157
0
LINE
8
BLACK
6
CONTINUOUS
10
-0.4155736614173228
20
-0.0915570078740157
11
-0.4154335826771653
21
-0.0910976771653543
0
LINE
8
BLACK
6
CONTINUOUS
10
-0.4154335826771653
20
-0.0910976771653543
11
-0.4154335826771653
21
-0.0909995669291339
0
LINE
8
BLACK
6
CONTINUOUS
10
-0.4154335826771653
20
-0.0909995669291339
11
-0.4153905511811024
21
-0.0909564960629921
0
LINE
8
BLACK
6
CONTINUOUS
10
-0.4153905511811024
20
-0.0909564960629921
11
-0.4153496062992126
21
-0.0908223622047244
0
LINE
8
BLACK
6
CONTINUOUS
10
-0.4153496062992126
20
-0.0908223622047244
11
-0.4148367716535433
21
-0.0904027165354331
0
LINE
8
BLACK
6
CONTINUOUS
10
-0.4148367716535433
20
-0.0904027165354331
11
-0.4143682283464567
21
-0.0899342125984252
0
LINE
8
BLACK
6
CONTINUOUS
10
-0.4143682283464567
20
-0.0899342125984252
11
-0.4142631889763779
21
-0.0899333858267717
0
LINE
8
BLACK
6
CONTINUOUS
10
-0.4142631889763779
20
-0.0899333858267717
11
-0.4141835433070866
21
-0.0898682677165354
0
LINE
8
BLACK
6
CONTINUOUS
10
-0.4141835433070866
20
-0.0898682677165354
11
-0.4135843700787402
21
-0.089928188976378
0
LINE
8
BLACK
6
CONTINUOUS
10
-0.4135843700787402
20
-0.089928188976378
11
-0.3948672834645669
21
-0.0897843700787402
0
LINE
8
BLACK
6
CONTINUOUS
10
-0.3948672834645669
20
-0.0897843700787402
11
-0.3941139763779528
21
-0.0899342125984252
0
LINE
8
BLACK
6
CONTINUOUS
10
-0.3647743307086614
20
-0.0898035826771654
11
-0.3647314566929134
21
-0.0897893307086614
0
LINE
8
BLACK
6
CONTINUOUS
10
-0.3647314566929134
20
-0.0897893307086614
11
-0.3646450393700787
21
-0.0898292913385827
0
LINE
8
BLACK
6
CONTINUOUS
10
-0.3646450393700787
20
-0.0898292913385827
11
-0.3641177165354331
21
-0.0899342125984252
0
LINE
8
BLACK
6
CONTINUOUS
10
-0.3641177165354331
20
-0.0899342125984252
11
-0.3638588582677165
21
-0.0901930708661417
0
LINE
8
BLACK
6
CONTINUOUS
10
-0.3638588582677165
20
-0.0901930708661417
11
-0.3602411811023622
21
-0.0918669291338583
0
LINE
8
BLACK
6
CONTINUOUS
10
-0.3602411811023622
20
-0.0918669291338583
11
-0.3596344094488189
21
-0.092337874015748
0
LINE
8
BLACK
6
CONTINUOUS
10
-0.3596344094488189
20
-0.092337874015748
11
-0.3595658267716536
21
-0.0925437007874016
0
LINE
8
BLACK
6
CONTINUOUS
10
-0.3595658267716536
20
-0.0925437007874016
11
-0.3579597637795275
21
-0.0940143307086614
0
LINE
8
BLACK
6
CONTINUOUS
10
-0.3579597637795275
20
-0.0940143307086614
11
-0.357956968503937
21
-0.0940152755905512
0
LINE
8
BLACK
6
CONTINUOUS
10
-0.357956968503937
20
-0.0940152755905512
11
-0.3579552755905512
21
-0.0940184251968504
0
LINE
8
BLACK
6
CONTINUOUS
10
-0.3579552755905512
20
-0.0940184251968504
11
-0.3578548031496063
21
-0.0941104330708661
0
LINE
8
BLACK
6
CONTINUOUS
10
-0.3578548031496063
20
-0.0941104330708661
11
-0.3574280708661417
21
-0.0947490551181102
0
LINE
8
BLACK
6
CONTINUOUS
10
-0.3574280708661417
20
-0.0947490551181102
11
-0.3574280708661417
21
-0.0949975196850394
0
LINE
8
BLACK
6
CONTINUOUS
10
-0.3574280708661417
20
-0.0949975196850394
11
-0.3556112992125984
21
-0.0983715748031496
0
LINE
8
BLACK
6
CONTINUOUS
10
-0.3556112992125984
20
-0.0983715748031496
11
-0.3554084251968504
21
-0.0991123622047244
0
LINE
8
BLACK
6
CONTINUOUS
10
-0.3554084251968504
20
-0.0991123622047244
11
-0.3554662204724409
21
-0.0992856299212598
0
LINE
8
BLACK
6
CONTINUOUS
10
-0.3554662204724409
20
-0.0992856299212598
11
-0.3535874803149606
21
-0.1062735433070866
0
LINE
8
BLACK
6
CONTINUOUS
10
-0.3535874803149606
20
-0.1062735433070866
11
-0.3535501574803149
21
-0.1070407086614173
0
LINE
8
BLACK
6
CONTINUOUS
10
-0.3535501574803149
20
-0.1070407086614173
11
-0.3536603937007874
21
-0.1072244094488189
0
LINE
8
BLACK
6
CONTINUOUS
10
-0.3536603937007874
20
-0.1072244094488189
11
-0.3535287007874016
21
-0.1161248031496063
0
LINE
8
BLACK
6
CONTINUOUS
10
-0.3535287007874016
20
-0.1161248031496063
11
-0.3536785433070866
21
-0.1168781102362205
0
LINE
8
BLACK
6
CONTINUOUS
10
-0.3536785433070866
20
-0.1168781102362205
11
-0.3538253937007874
21
-0.1170249212598425
0
LINE
8
BLACK
6
CONTINUOUS
10
-0.3538253937007874
20
-0.1170249212598425
11
-0.3554622440944882
21
-0.1241012992125984
0
LINE
8
BLACK
6
CONTINUOUS
10
-0.3554622440944882
20
-0.1241012992125984
11
-0.3557903149606299
21
-0.1247957480314961
0
LINE
8
BLACK
6
CONTINUOUS
10
-0.3557903149606299
20
-0.1247957480314961
11
-0.3559229133858268
21
-0.1248752755905512
0
LINE
8
BLACK
6
CONTINUOUS
10
-0.3559229133858268
20
-0.1248752755905512
11
-0.357486062992126
21
-0.1282537401574803
0
LINE
8
BLACK
6
CONTINUOUS
10
-0.357486062992126
20
-0.1282537401574803
11
-0.357956968503937
21
-0.1288605118110236
0
LINE
8
BLACK
6
CONTINUOUS
10
-0.357956968503937
20
-0.1288605118110236
11
-0.358162874015748
21
-0.128929094488189
0
LINE
8
BLACK
6
CONTINUOUS
10
-0.358162874015748
20
-0.128929094488189
11
-0.3596335433070866
21
-0.1305352362204724
0
LINE
8
BLACK
6
CONTINUOUS
10
-0.3596335433070866
20
-0.1305352362204724
11
-0.3596344094488189
21
-0.1305379527559055
0
LINE
8
BLACK
6
CONTINUOUS
10
-0.3596344094488189
20
-0.1305379527559055
11
-0.3596375196850394
21
-0.1305396062992126
0
LINE
8
BLACK
6
CONTINUOUS
10
-0.3596375196850394
20
-0.1305396062992126
11
-0.3597295275590551
21
-0.1306401181102362
0
LINE
8
BLACK
6
CONTINUOUS
10
-0.3597295275590551
20
-0.1306401181102362
11
-0.3603681496062992
21
-0.1310668503937008
0
LINE
8
BLACK
6
CONTINUOUS
10
-0.3603681496062992
20
-0.1310668503937008
11
-0.3606166535433071
21
-0.1310668503937008
0
LINE
8
BLACK
6
CONTINUOUS
10
-0.3606166535433071
20
-0.1310668503937008
11
-0.3639906692913386
21
-0.1328836220472441
0
LINE
8
BLACK
6
CONTINUOUS
10
-0.3639906692913386
20
-0.1328836220472441
11
-0.3640857874015748
21
-0.1329096456692913
0
LINE
8
BLACK
6
CONTINUOUS
10
-0.3640857874015748
20
-0.1329096456692913
11
-0.3641177165354331
21
-0.1329416141732283
0
LINE
8
BLACK
6
CONTINUOUS
10
-0.3641177165354331
20
-0.1329416141732283
11
-0.3642141732283464
21
-0.1329448031496063
0
LINE
8
BLACK
6
CONTINUOUS
10
-0.3642141732283464
20
-0.1329448031496063
11
-0.3647314566929134
21
-0.1330864960629921
0
LINE
8
BLACK
6
CONTINUOUS
10
-0.3647314566929134
20
-0.1330864960629921
11
-0.3650709842519685
21
-0.1329733070866142
0
LINE
8
BLACK
6
CONTINUOUS
10
-0.3650709842519685
20
-0.1329733070866142
11
-0.3686205511811024
21
-0.1330914566929134
0
LINE
8
BLACK
6
CONTINUOUS
10
-0.3686205511811024
20
-0.1330914566929134
11
-0.3687172834645669
21
-0.1330722047244094
0
LINE
8
BLACK
6
CONTINUOUS
10
-0.3687172834645669
20
-0.1330722047244094
11
-0.3687601181102362
21
-0.1330864960629921
0
LINE
8
BLACK
6
CONTINUOUS
10
-0.3687601181102362
20
-0.1330864960629921
11
-0.3688465748031496
21
-0.1330464960629921
0
LINE
8
BLACK
6
CONTINUOUS
10
-0.3688465748031496
20
-0.1330464960629921
11
-0.3693738582677165
21
-0.1329416141732283
0
LINE
8
BLACK
6
CONTINUOUS
10
-0.3693738582677165
20
-0.1329416141732283
11
-0.3696327559055118
21
-0.1326827165354331
0
LINE
8
BLACK
6
CONTINUOUS
10
-0.3696327559055118
20
-0.1326827165354331
11
-0.3732504330708661
21
-0.1310088582677165
0
LINE
8
BLACK
6
CONTINUOUS
10
-0.3732504330708661
20
-0.1310088582677165
11
-0.3738572047244094
21
-0.1305379527559055
0
LINE
8
BLACK
6
CONTINUOUS
10
-0.3738572047244094
20
-0.1305379527559055
11
-0.3739258267716535
21
-0.1303320472440945
0
LINE
8
BLACK
6
CONTINUOUS
10
-0.3739258267716535
20
-0.1303320472440945
11
-0.3755319291338582
21
-0.1288613385826772
0
LINE
8
BLACK
6
CONTINUOUS
10
-0.3755319291338582
20
-0.1288613385826772
11
-0.3755346062992126
21
-0.1288604724409449
0
LINE
8
BLACK
6
CONTINUOUS
10
-0.3755346062992126
20
-0.1288604724409449
11
-0.3755362992125984
21
-0.1288573622047244
0
LINE
8
BLACK
6
CONTINUOUS
10
-0.3755362992125984
20
-0.1288573622047244
11
-0.3756368110236221
21
-0.1287653149606299
0
LINE
8
BLACK
6
CONTINUOUS
10
-0.3756368110236221
20
-0.1287653149606299
11
-0.3760635039370079
21
-0.1281266929133858
0
LINE
8
BLACK
6
CONTINUOUS
10
-0.3760635039370079
20
-0.1281266929133858
11
-0.3760635039370079
21
-0.1278782283464567
0
LINE
8
BLACK
6
CONTINUOUS
10
-0.3760635039370079
20
-0.1278782283464567
11
-0.3778802755905512
21
-0.1245042125984252
0
LINE
8
BLACK
6
CONTINUOUS
10
-0.3778802755905512
20
-0.1245042125984252
11
-0.3780831496062992
21
-0.1237634251968504
0
LINE
8
BLACK
6
CONTINUOUS
10
-0.3780831496062992
20
-0.1237634251968504
11
-0.3780253937007874
21
-0.1235901181102362
0
LINE
8
BLACK
6
CONTINUOUS
10
-0.3780253937007874
20
-0.1235901181102362
11
-0.379904094488189
21
-0.1166022440944882
0
LINE
8
BLACK
6
CONTINUOUS
10
-0.379904094488189
20
-0.1166022440944882
11
-0.3799414173228347
21
-0.1158350787401575
0
LINE
8
BLACK
6
CONTINUOUS
10
-0.3799414173228347
20
-0.1158350787401575
11
-0.3798312204724409
21
-0.1156513385826772
0
LINE
8
BLACK
6
CONTINUOUS
10
-0.3798312204724409
20
-0.1156513385826772
11
-0.379962874015748
21
-0.1067509842519685
0
LINE
8
BLACK
6
CONTINUOUS
10
-0.379962874015748
20
-0.1067509842519685
11
-0.379813031496063
21
-0.1059976771653543
0
LINE
8
BLACK
6
CONTINUOUS
10
-0.379813031496063
20
-0.1059976771653543
11
-0.3796662204724409
21
-0.1058508267716535
0
LINE
8
BLACK
6
CONTINUOUS
10
-0.3796662204724409
20
-0.1058508267716535
11
-0.3780293307086614
21
-0.0987744881889764
0
LINE
8
BLACK
6
CONTINUOUS
10
-0.3780293307086614
20
-0.0987744881889764
11
-0.3777012598425197
21
-0.0980800393700787
0
LINE
8
BLACK
6
CONTINUOUS
10
-0.3777012598425197
20
-0.0980800393700787
11
-0.3775687401574803
21
-0.0980004724409449
0
LINE
8
BLACK
6
CONTINUOUS
10
-0.3775687401574803
20
-0.0980004724409449
11
-0.3760055511811023
21
-0.0946220866141732
0
LINE
8
BLACK
6
CONTINUOUS
10
-0.3760055511811023
20
-0.0946220866141732
11
-0.3755346062992126
21
-0.0940153149606299
0
LINE
8
BLACK
6
CONTINUOUS
10
-0.3755346062992126
20
-0.0940153149606299
11
-0.3753287795275591
21
-0.0939466929133858
0
LINE
8
BLACK
6
CONTINUOUS
10
-0.3753287795275591
20
-0.0939466929133858
11
-0.3738581496062992
21
-0.0923406299212598
0
LINE
8
BLACK
6
CONTINUOUS
10
-0.3738581496062992
20
-0.0923406299212598
11
-0.3738572047244094
21
-0.092337874015748
0
LINE
8
BLACK
6
CONTINUOUS
10
-0.3738572047244094
20
-0.092337874015748
11
-0.3738540551181102
21
-0.0923361417322835
0
LINE
8
BLACK
6
CONTINUOUS
10
-0.3738540551181102
20
-0.0923361417322835
11
-0.3737620472440945
21
-0.0922357086614173
0
LINE
8
BLACK
6
CONTINUOUS
10
-0.3737620472440945
20
-0.0922357086614173
11
-0.3731234251968504
21
-0.0918089763779528
0
LINE
8
BLACK
6
CONTINUOUS
10
-0.3731234251968504
20
-0.0918089763779528
11
-0.3728749606299213
21
-0.0918089763779528
0
LINE
8
BLACK
6
CONTINUOUS
10
-0.3728749606299213
20
-0.0918089763779528
11
-0.369500905511811
21
-0.0899922047244094
0
LINE
8
BLACK
6
CONTINUOUS
10
-0.369500905511811
20
-0.0899922047244094
11
-0.3694058267716535
21
-0.0899661417322835
0
LINE
8
BLACK
6
CONTINUOUS
10
-0.3694058267716535
20
-0.0899661417322835
11
-0.3693738582677165
21
-0.0899342125984252
0
LINE
8
BLACK
6
CONTINUOUS
10
-0.3693738582677165
20
-0.0899342125984252
11
-0.3692774409448819
21
-0.0899309842519685
0
LINE
8
BLACK
6
CONTINUOUS
10
-0.3692774409448819
20
-0.0899309842519685
11
-0.3687601181102362
21
-0.0897893307086614
0
LINE
8
BLACK
6
CONTINUOUS
10
-0.3687601181102362
20
-0.0897893307086614
11
-0.3684206692913386
21
-0.0899024803149606
0
LINE
8
BLACK
6
CONTINUOUS
10
-0.3684206692913386
20
-0.0899024803149606
11
-0.3648710236220472
21
-0.0897843700787402
0
LINE
8
BLACK
6
CONTINUOUS
10
-0.3648710236220472
20
-0.0897843700787402
11
-0.3647743307086614
21
-0.0898035826771654
0
LINE
8
BLACK
6
CONTINUOUS
10
-0.368379094488189
20
-0.0937133070866142
11
-0.3714583858267717
21
-0.0953714173228346
0
LINE
8
BLACK
6
CONTINUOUS
10
-0.3714583858267717
20
-0.0953714173228346
11
-0.3728529133858268
21
-0.0968943307086614
0
LINE
8
BLACK
6
CONTINUOUS
10
-0.3728529133858268
20
-0.0968943307086614
11
-0.3728642913385827
21
-0.0969018897637795
0
LINE
8
BLACK
6
CONTINUOUS
10
-0.3728642913385827
20
-0.0969018897637795
11
-0.374358937007874
21
-0.1001322834645669
0
LINE
8
BLACK
6
CONTINUOUS
10
-0.374358937007874
20
-0.1001322834645669
11
-0.3744790157480315
21
-0.100286968503937
0
LINE
8
BLACK
6
CONTINUOUS
10
-0.3744790157480315
20
-0.100286968503937
11
-0.3760846456692913
21
-0.1072284251968504
0
LINE
8
BLACK
6
CONTINUOUS
10
-0.3760846456692913
20
-0.1072284251968504
11
-0.3761553149606299
21
-0.1073779527559055
0
LINE
8
BLACK
6
CONTINUOUS
10
-0.3761553149606299
20
-0.1073779527559055
11
-0.3760258661417323
21
-0.1161248031496063
0
LINE
8
BLACK
6
CONTINUOUS
10
-0.3760258661417323
20
-0.1161248031496063
11
-0.3760564173228346
21
-0.1162782677165354
0
LINE
8
BLACK
6
CONTINUOUS
10
-0.3760564173228346
20
-0.1162782677165354
11
-0.3742098818897638
21
-0.1231464173228346
0
LINE
8
BLACK
6
CONTINUOUS
10
-0.3742098818897638
20
-0.1231464173228346
11
-0.3742023228346457
21
-0.1233021653543307
0
LINE
8
BLACK
6
CONTINUOUS
10
-0.3742023228346457
20
-0.1233021653543307
11
-0.372501062992126
21
-0.1264616535433071
0
LINE
8
BLACK
6
CONTINUOUS
10
-0.372501062992126
20
-0.1264616535433071
11
-0.3709781102362205
21
-0.1278562598425197
0
LINE
8
BLACK
6
CONTINUOUS
10
-0.3709781102362205
20
-0.1278562598425197
11
-0.3709705118110236
21
-0.1278675984251968
0
LINE
8
BLACK
6
CONTINUOUS
10
-0.3709705118110236
20
-0.1278675984251968
11
-0.3679667322834645
21
-0.1292574409448819
0
LINE
8
BLACK
6
CONTINUOUS
10
-0.3679667322834645
20
-0.1292574409448819
11
-0.3651125590551181
21
-0.1291624803149606
0
LINE
8
BLACK
6
CONTINUOUS
10
-0.3651125590551181
20
-0.1291624803149606
11
-0.3620332283464567
21
-0.1275043700787402
0
LINE
8
BLACK
6
CONTINUOUS
10
-0.3620332283464567
20
-0.1275043700787402
11
-0.3606387007874016
21
-0.1259814566929134
0
LINE
8
BLACK
6
CONTINUOUS
10
-0.3606387007874016
20
-0.1259814566929134
11
-0.3606273228346457
21
-0.1259738188976378
0
LINE
8
BLACK
6
CONTINUOUS
10
-0.3606273228346457
20
-0.1259738188976378
11
-0.3591326771653543
21
-0.1227435433070866
0
LINE
8
BLACK
6
CONTINUOUS
10
-0.3591326771653543
20
-0.1227435433070866
11
-0.3590125984251968
21
-0.122588779527559
0
LINE
8
BLACK
6
CONTINUOUS
10
-0.3590125984251968
20
-0.122588779527559
11
-0.3574069291338582
21
-0.1156473622047244
0
LINE
8
BLACK
6
CONTINUOUS
10
-0.3574069291338582
20
-0.1156473622047244
11
-0.3573362992125984
21
-0.1154977952755906
0
LINE
8
BLACK
6
CONTINUOUS
10
-0.3573362992125984
20
-0.1154977952755906
11
-0.3574657086614173
21
-0.1067509842519685
0
LINE
8
BLACK
6
CONTINUOUS
10
-0.3574657086614173
20
-0.1067509842519685
11
-0.3574351968503937
21
-0.1065974803149606
0
LINE
8
BLACK
6
CONTINUOUS
10
-0.3574351968503937
20
-0.1065974803149606
11
-0.3592816929133858
21
-0.0997293700787402
0
LINE
8
BLACK
6
CONTINUOUS
10
-0.3592816929133858
20
-0.0997293700787402
11
-0.3592892913385827
21
-0.0995735433070866
0
LINE
8
BLACK
6
CONTINUOUS
10
-0.3592892913385827
20
-0.0995735433070866
11
-0.3609905511811023
21
-0.096414094488189
0
LINE
8
BLACK
6
CONTINUOUS
10
-0.3609905511811023
20
-0.096414094488189
11
-0.3625134251968504
21
-0.0950195669291339
0
LINE
8
BLACK
6
CONTINUOUS
10
-0.3625134251968504
20
-0.0950195669291339
11
-0.3625210236220472
21
-0.0950081889763779
0
LINE
8
BLACK
6
CONTINUOUS
10
-0.3625210236220472
20
-0.0950081889763779
11
-0.365524842519685
21
-0.0936183464566929
0
LINE
8
BLACK
6
CONTINUOUS
10
-0.365524842519685
20
-0.0936183464566929
11
-0.368379094488189
21
-0.0937133070866142
0
LINE
8
BLACK
6
CONTINUOUS
10
-0.2972827559055118
20
-0.0898035826771654
11
-0.2972398818897637
21
-0.0897893307086614
0
LINE
8
BLACK
6
CONTINUOUS
10
-0.2972398818897637
20
-0.0897893307086614
11
-0.2971534645669291
21
-0.0898292913385827
0
LINE
8
BLACK
6
CONTINUOUS
10
-0.2971534645669291
20
-0.0898292913385827
11
-0.2966261417322835
21
-0.0899342125984252
0
LINE
8
BLACK
6
CONTINUOUS
10
-0.2966261417322835
20
-0.0899342125984252
11
-0.2963672834645669
21
-0.0901930708661417
0
LINE
8
BLACK
6
CONTINUOUS
10
-0.2963672834645669
20
-0.0901930708661417
11
-0.2927496062992126
21
-0.0918669291338583
0
LINE
8
BLACK
6
CONTINUOUS
10
-0.2927496062992126
20
-0.0918669291338583
11
-0.2921428346456693
21
-0.092337874015748
0
LINE
8
BLACK
6
CONTINUOUS
10
-0.2921428346456693
20
-0.092337874015748
11
-0.292074251968504
21
-0.0925437007874016
0
LINE
8
BLACK
6
CONTINUOUS
10
-0.292074251968504
20
-0.0925437007874016
11
-0.2904681889763779
21
-0.0940143307086614
0
LINE
8
BLACK
6
CONTINUOUS
10
-0.2904681889763779
20
-0.0940143307086614
11
-0.2904653937007874
21
-0.0940152755905512
0
LINE
8
BLACK
6
CONTINUOUS
10
-0.2904653937007874
20
-0.0940152755905512
11
-0.2904637007874016
21
-0.0940184251968504
0
LINE
8
BLACK
6
CONTINUOUS
10
-0.2904637007874016
20
-0.0940184251968504
11
-0.2903632283464567
21
-0.0941104330708661
0
LINE
8
BLACK
6
CONTINUOUS
10
-0.2903632283464567
20
-0.0941104330708661
11
-0.2899364960629921
21
-0.0947490551181102
0
LINE
8
BLACK
6
CONTINUOUS
10
-0.2899364960629921
20
-0.0947490551181102
11
-0.2899364960629921
21
-0.0949975196850394
0
LINE
8
BLACK
6
CONTINUOUS
10
-0.2899364960629921
20
-0.0949975196850394
11
-0.2881197244094488
21
-0.0983715748031496
0
LINE
8
BLACK
6
CONTINUOUS
10
-0.2881197244094488
20
-0.0983715748031496
11
-0.2879168503937008
21
-0.0991123622047244
0
LINE
8
BLACK
6
CONTINUOUS
10
-0.2879168503937008
20
-0.0991123622047244
11
-0.2879746456692913
21
-0.0992856299212598
0
LINE
8
BLACK
6
CONTINUOUS
10
-0.2879746456692913
20
-0.0992856299212598
11
-0.286095905511811
21
-0.1062735433070866
0
LINE
8
BLACK
6
CONTINUOUS
10
-0.286095905511811
20
-0.1062735433070866
11
-0.2860585826771653
21
-0.1070407086614173
0
LINE
8
BLACK
6
CONTINUOUS
10
-0.2860585826771653
20
-0.1070407086614173
11
-0.2861688188976378
21
-0.1072244094488189
0
LINE
8
BLACK
6
CONTINUOUS
10
-0.2861688188976378
20
-0.1072244094488189
11
-0.286037125984252
21
-0.1161248031496063
0
LINE
8
BLACK
6
CONTINUOUS
10
-0.286037125984252
20
-0.1161248031496063
11
-0.286186968503937
21
-0.1168781102362205
0
LINE
8
BLACK
6
CONTINUOUS
10
-0.286186968503937
20
-0.1168781102362205
11
-0.2863338188976378
21
-0.1170249212598425
0
LINE
8
BLACK
6
CONTINUOUS
10
-0.2863338188976378
20
-0.1170249212598425
11
-0.2879706692913386
21
-0.1241012992125984
0
LINE
8
BLACK
6
CONTINUOUS
10
-0.2879706692913386
20
-0.1241012992125984
11
-0.2882987401574803
21
-0.1247957480314961
0
LINE
8
BLACK
6
CONTINUOUS
10
-0.2882987401574803
20
-0.1247957480314961
11
-0.2884313385826772
21
-0.1248752755905512
0
LINE
8
BLACK
6
CONTINUOUS
10
-0.2884313385826772
20
-0.1248752755905512
11
-0.2899944881889764
21
-0.1282537401574803
0
LINE
8
BLACK
6
CONTINUOUS
10
-0.2899944881889764
20
-0.1282537401574803
11
-0.2904653937007874
21
-0.1288605118110236
0
LINE
8
BLACK
6
CONTINUOUS
10
-0.2904653937007874
20
-0.1288605118110236
11
-0.2906712992125984
21
-0.128929094488189
0
LINE
8
BLACK
6
CONTINUOUS
10
-0.2906712992125984
20
-0.128929094488189
11
-0.292141968503937
21
-0.1305352362204724
0
LINE
8
BLACK
6
CONTINUOUS
10
-0.292141968503937
20
-0.1305352362204724
11
-0.2921428346456693
21
-0.1305379527559055
0
LINE
8
BLACK
6
CONTINUOUS
10
-0.2921428346456693
20
-0.1305379527559055
11
-0.2921459448818898
21
-0.1305396062992126
0
LINE
8
BLACK
6
CONTINUOUS
10
-0.2921459448818898
20
-0.1305396062992126
11
-0.2922379527559055
21
-0.1306401181102362
0
LINE
8
BLACK
6
CONTINUOUS
10
-0.2922379527559055
20
-0.1306401181102362
11
-0.2928765748031496
21
-0.1310668503937008
0
LINE
8
BLACK
6
CONTINUOUS
10
-0.2928765748031496
20
-0.1310668503937008
11
-0.2931250787401575
21
-0.1310668503937008
0
LINE
8
BLACK
6
CONTINUOUS
10
-0.2931250787401575
20
-0.1310668503937008
11
-0.296499094488189
21
-0.1328836220472441
0
LINE
8
BLACK
6
CONTINUOUS
10
-0.296499094488189
20
-0.1328836220472441
11
-0.2965942125984252
21
-0.1329096456692913
0
LINE
8
BLACK
6
CONTINUOUS
10
-0.2965942125984252
20
-0.1329096456692913
11
-0.2966261417322835
21
-0.1329416141732283
0
LINE
8
BLACK
6
CONTINUOUS
10
-0.2966261417322835
20
-0.1329416141732283
11
-0.2967225984251968
21
-0.1329448031496063
0
LINE
8
BLACK
6
CONTINUOUS
10
-0.2967225984251968
20
-0.1329448031496063
11
-0.2972398818897637
21
-0.1330864960629921
0
LINE
8
BLACK
6
CONTINUOUS
10
-0.2972398818897637
20
-0.1330864960629921
11
-0.2975794094488189
21
-0.1329733070866142
0
LINE
8
BLACK
6
CONTINUOUS
10
-0.2975794094488189
20
-0.1329733070866142
11
-0.3011289763779528
21
-0.1330914566929134
0
LINE
8
BLACK
6
CONTINUOUS
10
-0.3011289763779528
20
-0.1330914566929134
11
-0.3012257086614173
21
-0.1330722047244094
0
LINE
8
BLACK
6
CONTINUOUS
10
-0.3012257086614173
20
-0.1330722047244094
11
-0.3012685433070866
21
-0.1330864960629921
0
LINE
8
BLACK
6
CONTINUOUS
10
-0.3012685433070866
20
-0.1330864960629921
11
-0.301355
21
-0.1330464960629921
0
LINE
8
BLACK
6
CONTINUOUS
10
-0.301355
20
-0.1330464960629921
11
-0.3018822834645669
21
-0.1329416141732283
0
LINE
8
BLACK
6
CONTINUOUS
10
-0.3018822834645669
20
-0.1329416141732283
11
-0.3021411811023622
21
-0.1326827165354331
0
LINE
8
BLACK
6
CONTINUOUS
10
-0.3021411811023622
20
-0.1326827165354331
11
-0.3057588582677165
21
-0.1310088582677165
0
LINE
8
BLACK
6
CONTINUOUS
10
-0.3057588582677165
20
-0.1310088582677165
11
-0.3063656299212598
21
-0.1305379527559055
0
LINE
8
BLACK
6
CONTINUOUS
10
-0.3063656299212598
20
-0.1305379527559055
11
-0.3064342519685039
21
-0.1303320472440945
0
LINE
8
BLACK
6
CONTINUOUS
10
-0.3064342519685039
20
-0.1303320472440945
11
-0.3080403543307086
21
-0.1288613385826772
0
LINE
8
BLACK
6
CONTINUOUS
10
-0.3080403543307086
20
-0.1288613385826772
11
-0.308043031496063
21
-0.1288604724409449
0
LINE
8
BLACK
6
CONTINUOUS
10
-0.308043031496063
20
-0.1288604724409449
11
-0.3080447244094488
21
-0.1288573622047244
0
LINE
8
BLACK
6
CONTINUOUS
10
-0.3080447244094488
20
-0.1288573622047244
11
-0.3081452362204724
21
-0.1287653149606299
0
LINE
8
BLACK
6
CONTINUOUS
10
-0.3081452362204724
20
-0.1287653149606299
11
-0.3085719291338583
21
-0.1281266929133858
0
LINE
8
BLACK
6
CONTINUOUS
10
-0.3085719291338583
20
-0.1281266929133858
11
-0.3085719291338583
21
-0.1278782283464567
0
LINE
8
BLACK
6
CONTINUOUS
10
-0.3085719291338583
20
-0.1278782283464567
11
-0.3103887007874016
21
-0.1245042125984252
0
LINE
8
BLACK
6
CONTINUOUS
10
-0.3103887007874016
20
-0.1245042125984252
11
-0.3105915748031496
21
-0.1237634251968504
0
LINE
8
BLACK
6
CONTINUOUS
10
-0.3105915748031496
20
-0.1237634251968504
11
-0.3105338188976378
21
-0.1235901181102362
0
LINE
8
BLACK
6
CONTINUOUS
10
-0.3105338188976378
20
-0.1235901181102362
11
-0.3124125196850394
21
-0.1166022440944882
0
LINE
8
BLACK
6
CONTINUOUS
10
-0.3124125196850394
20
-0.1166022440944882
11
-0.3124498425196851
21
-0.1158350787401575
0
LINE
8
BLACK
6
CONTINUOUS
10
-0.3124498425196851
20
-0.1158350787401575
11
-0.3123396456692913
21
-0.1156513385826772
0
LINE
8
BLACK
6
CONTINUOUS
10
-0.3123396456692913
20
-0.1156513385826772
11
-0.3124712992125984
21
-0.1067509842519685
0
LINE
8
BLACK
6
CONTINUOUS
10
-0.3124712992125984
20
-0.1067509842519685
11
-0.3123214566929134
21
-0.1059976771653543
0
LINE
8
BLACK
6
CONTINUOUS
10
-0.3123214566929134
20
-0.1059976771653543
11
-0.3121746456692913
21
-0.1058508267716535
0
LINE
8
BLACK
6
CONTINUOUS
10
-0.3121746456692913
20
-0.1058508267716535
11
-0.3105377559055118
21
-0.0987744881889764
0
LINE
8
BLACK
6
CONTINUOUS
10
-0.3105377559055118
20
-0.0987744881889764
11
-0.3102096850393701
21
-0.0980800393700787
0
LINE
8
BLACK
6
CONTINUOUS
10
-0.3102096850393701
20
-0.0980800393700787
11
-0.3100771653543307
21
-0.0980004724409449
0
LINE
8
BLACK
6
CONTINUOUS
10
-0.3100771653543307
20
-0.0980004724409449
11
-0.3085139763779527
21
-0.0946220866141732
0
LINE
8
BLACK
6
CONTINUOUS
10
-0.3085139763779527
20
-0.0946220866141732
11
-0.308043031496063
21
-0.0940153149606299
0
LINE
8
BLACK
6
CONTINUOUS
10
-0.308043031496063
20
-0.0940153149606299
11
-0.3078372047244095
21
-0.0939466929133858
0
LINE
8
BLACK
6
CONTINUOUS
10
-0.3078372047244095
20
-0.0939466929133858
11
-0.3063665748031496
21
-0.0923406299212598
0
LINE
8
BLACK
6
CONTINUOUS
10
-0.3063665748031496
20
-0.0923406299212598
11
-0.3063656299212598
21
-0.092337874015748
0
LINE
8
BLACK
6
CONTINUOUS
10
-0.3063656299212598
20
-0.092337874015748
11
-0.3063624803149606
21
-0.0923361417322835
0
LINE
8
BLACK
6
CONTINUOUS
10
-0.3063624803149606
20
-0.0923361417322835
11
-0.3062704724409449
21
-0.0922357086614173
0
LINE
8
BLACK
6
CONTINUOUS
10
-0.3062704724409449
20
-0.0922357086614173
11
-0.3056318503937008
21
-0.0918089763779528
0
LINE
8
BLACK
6
CONTINUOUS
10
-0.3056318503937008
20
-0.0918089763779528
11
-0.3053833858267717
21
-0.0918089763779528
0
LINE
8
BLACK
6
CONTINUOUS
10
-0.3053833858267717
20
-0.0918089763779528
11
-0.3020093307086614
21
-0.0899922047244094
0
LINE
8
BLACK
6
CONTINUOUS
10
-0.3020093307086614
20
-0.0899922047244094
11
-0.3019142519685039
21
-0.0899661417322835
0
LINE
8
BLACK
6
CONTINUOUS
10
-0.3019142519685039
20
-0.0899661417322835
11
-0.3018822834645669
21
-0.0899342125984252
0
LINE
8
BLACK
6
CONTINUOUS
10
-0.3018822834645669
20
-0.0899342125984252
11
-0.3017858661417323
21
-0.0899309842519685
0
LINE
8
BLACK
6
CONTINUOUS
10
-0.3017858661417323
20
-0.0899309842519685
11
-0.3012685433070866
21
-0.0897893307086614
0
LINE
8
BLACK
6
CONTINUOUS
10
-0.3012685433070866
20
-0.0897893307086614
11
-0.3009290944881889
21
-0.0899024803149606
0
LINE
8
BLACK
6
CONTINUOUS
10
-0.3009290944881889
20
-0.0899024803149606
11
-0.2973794488188976
21
-0.0897843700787402
0
LINE
8
BLACK
6
CONTINUOUS
10
-0.2973794488188976
20
-0.0897843700787402
11
-0.2972827559055118
21
-0.0898035826771654
0
LINE
8
BLACK
6
CONTINUOUS
10
-0.3008875196850394
20
-0.0937133070866142
11
-0.3039668110236221
21
-0.0953714173228346
0
LINE
8
BLACK
6
CONTINUOUS
10
-0.3039668110236221
20
-0.0953714173228346
11
-0.3053613385826772
21
-0.0968943307086614
0
LINE
8
BLACK
6
CONTINUOUS
10
-0.3053613385826772
20
-0.0968943307086614
11
-0.3053727165354331
21
-0.0969018897637795
0
LINE
8
BLACK
6
CONTINUOUS
10
-0.3053727165354331
20
-0.0969018897637795
11
-0.3068673622047244
21
-0.1001322834645669
0
LINE
8
BLACK
6
CONTINUOUS
10
-0.3068673622047244
20
-0.1001322834645669
11
-0.3069874409448819
21
-0.100286968503937
0
LINE
8
BLACK
6
CONTINUOUS
10
-0.3069874409448819
20
-0.100286968503937
11
-0.3085930708661417
21
-0.1072284251968504
0
LINE
8
BLACK
6
CONTINUOUS
10
-0.3085930708661417
20
-0.1072284251968504
11
-0.3086637401574803
21
-0.1073779527559055
0
LINE
8
BLACK
6
CONTINUOUS
10
-0.3086637401574803
20
-0.1073779527559055
11
-0.3085342913385827
21
-0.1161248031496063
0
LINE
8
BLACK
6
CONTINUOUS
10
-0.3085342913385827
20
-0.1161248031496063
11
-0.308564842519685
21
-0.1162782677165354
0
LINE
8
BLACK
6
CONTINUOUS
10
-0.308564842519685
20
-0.1162782677165354
11
-0.3067183070866142
21
-0.1231464173228346
0
LINE
8
BLACK
6
CONTINUOUS
10
-0.3067183070866142
20
-0.1231464173228346
11
-0.3067107480314961
21
-0.1233021653543307
0
LINE
8
BLACK
6
CONTINUOUS
10
-0.3067107480314961
20
-0.1233021653543307
11
-0.3050094881889764
21
-0.1264616535433071
0
LINE
8
BLACK
6
CONTINUOUS
10
-0.3050094881889764
20
-0.1264616535433071
11
-0.3034865354330709
21
-0.1278562598425197
0
LINE
8
BLACK
6
CONTINUOUS
10
-0.3034865354330709
20
-0.1278562598425197
11
-0.303478937007874
21
-0.1278675984251968
0
LINE
8
BLACK
6
CONTINUOUS
10
-0.303478937007874
20
-0.1278675984251968
11
-0.3004751574803149
21
-0.1292574409448819
0
LINE
8
BLACK
6
CONTINUOUS
10
-0.3004751574803149
20
-0.1292574409448819
11
-0.2976209842519685
21
-0.1291624803149606
0
LINE
8
BLACK
6
CONTINUOUS
10
-0.2976209842519685
20
-0.1291624803149606
11
-0.2945416535433071
21
-0.1275043700787402
0
LINE
8
BLACK
6
CONTINUOUS
10
-0.2945416535433071
20
-0.1275043700787402
11
-0.293147125984252
21
-0.1259814566929134
0
LINE
8
BLACK
6
CONTINUOUS
10
-0.293147125984252
20
-0.1259814566929134
11
-0.2931357480314961
21
-0.1259738188976378
0
LINE
8
BLACK
6
CONTINUOUS
10
-0.2931357480314961
20
-0.1259738188976378
11
-0.2916411023622047
21
-0.1227435433070866
0
LINE
8
BLACK
6
CONTINUOUS
10
-0.2916411023622047
20
-0.1227435433070866
11
-0.2915210236220472
21
-0.122588779527559
0
LINE
8
BLACK
6
CONTINUOUS
10
-0.2915210236220472
20
-0.122588779527559
11
-0.2899153543307086
21
-0.1156473622047244
0
LINE
8
BLACK
6
CONTINUOUS
10
-0.2899153543307086
20
-0.1156473622047244
11
-0.2898447244094488
21
-0.1154977952755906
0
LINE
8
BLACK
6
CONTINUOUS
10
-0.2898447244094488
20
-0.1154977952755906
11
-0.2899741338582677
21
-0.1067509842519685
0
LINE
8
BLACK
6
CONTINUOUS
10
-0.2899741338582677
20
-0.1067509842519685
11
-0.2899436220472441
21
-0.1065974803149606
0
LINE
8
BLACK
6
CONTINUOUS
10
-0.2899436220472441
20
-0.1065974803149606
11
-0.2917901181102362
21
-0.0997293700787402
0
LINE
8
BLACK
6
CONTINUOUS
10
-0.2917901181102362
20
-0.0997293700787402
11
-0.2917977165354331
21
-0.0995735433070866
0
LINE
8
BLACK
6
CONTINUOUS
10
-0.2917977165354331
20
-0.0995735433070866
11
-0.2934989763779527
21
-0.096414094488189
0
LINE
8
BLACK
6
CONTINUOUS
10
-0.2934989763779527
20
-0.096414094488189
11
-0.2950218503937008
21
-0.0950195669291339
0
LINE
8
BLACK
6
CONTINUOUS
10
-0.2950218503937008
20
-0.0950195669291339
11
-0.2950294488188976
21
-0.0950081889763779
0
LINE
8
BLACK
6
CONTINUOUS
10
-0.2950294488188976
20
-0.0950081889763779
11
-0.2980332677165354
21
-0.0936183464566929
0
LINE
8
BLACK
6
CONTINUOUS
10
-0.2980332677165354
20
-0.0936183464566929
11
-0.3008875196850394
21
-0.0937133070866142
0
LINE
8
BLACK
6
CONTINUOUS
10
-0.2197607480314961
20
-0.0899342125984252
11
-0.2186953937007874
21
-0.0909995669291339
0
LINE
8
BLACK
6
CONTINUOUS
10
-0.2186953937007874
20
-0.0909995669291339
11
-0.2186953937007874
21
-0.0925061811023622
0
LINE
8
BLACK
6
CONTINUOUS
10
-0.2186953937007874
20
-0.0925061811023622
11
-0.2197607480314961
21
-0.0935715354330709
0
LINE
8
BLACK
6
CONTINUOUS
10
-0.2197607480314961
20
-0.0935715354330709
11
-0.2376100787401575
21
-0.0937086614173228
0
LINE
8
BLACK
6
CONTINUOUS
10
-0.2376100787401575
20
-0.0937086614173228
11
-0.2387692519685039
21
-0.1062700393700787
0
LINE
8
BLACK
6
CONTINUOUS
10
-0.2387692519685039
20
-0.1062700393700787
11
-0.2363925196850394
21
-0.1049903149606299
0
LINE
8
BLACK
6
CONTINUOUS
10
-0.2363925196850394
20
-0.1049903149606299
11
-0.2362974409448819
21
-0.1049642519685039
0
LINE
8
BLACK
6
CONTINUOUS
10
-0.2362974409448819
20
-0.1049642519685039
11
-0.2362654724409449
21
-0.1049323228346457
0
LINE
8
BLACK
6
CONTINUOUS
10
-0.2362654724409449
20
-0.1049323228346457
11
-0.2361759448818898
21
-0.1049309842519685
0
LINE
8
BLACK
6
CONTINUOUS
10
-0.2361759448818898
20
-0.1049309842519685
11
-0.2356517322834646
21
-0.1047874409448819
0
LINE
8
BLACK
6
CONTINUOUS
10
-0.2356517322834646
20
-0.1047874409448819
11
-0.2352616929133858
21
-0.1049174409448819
0
LINE
8
BLACK
6
CONTINUOUS
10
-0.2352616929133858
20
-0.1049174409448819
11
-0.2261383464566929
21
-0.1047824803149606
0
LINE
8
BLACK
6
CONTINUOUS
10
-0.2261383464566929
20
-0.1047824803149606
11
-0.2260416535433071
21
-0.1048016929133858
0
LINE
8
BLACK
6
CONTINUOUS
10
-0.2260416535433071
20
-0.1048016929133858
11
-0.2259987795275591
21
-0.1047874409448819
0
LINE
8
BLACK
6
CONTINUOUS
10
-0.2259987795275591
20
-0.1047874409448819
11
-0.2259123622047244
21
-0.1048274015748032
0
LINE
8
BLACK
6
CONTINUOUS
10
-0.2259123622047244
20
-0.1048274015748032
11
-0.2253850393700787
21
-0.1049323228346457
0
LINE
8
BLACK
6
CONTINUOUS
10
-0.2253850393700787
20
-0.1049323228346457
11
-0.2251261811023622
21
-0.1051911811023622
0
LINE
8
BLACK
6
CONTINUOUS
10
-0.2251261811023622
20
-0.1051911811023622
11
-0.2215085039370079
21
-0.1068650393700787
0
LINE
8
BLACK
6
CONTINUOUS
10
-0.2215085039370079
20
-0.1068650393700787
11
-0.2209017322834646
21
-0.1073359842519685
0
LINE
8
BLACK
6
CONTINUOUS
10
-0.2209017322834646
20
-0.1073359842519685
11
-0.2208331496062992
21
-0.107541811023622
0
LINE
8
BLACK
6
CONTINUOUS
10
-0.2208331496062992
20
-0.107541811023622
11
-0.2192270866141732
21
-0.1090124409448819
0
LINE
8
BLACK
6
CONTINUOUS
10
-0.2192270866141732
20
-0.1090124409448819
11
-0.2192242913385827
21
-0.1090133858267717
0
LINE
8
BLACK
6
CONTINUOUS
10
-0.2192242913385827
20
-0.1090133858267717
11
-0.2192225984251968
21
-0.1090165354330709
0
LINE
8
BLACK
6
CONTINUOUS
10
-0.2192225984251968
20
-0.1090165354330709
11
-0.219122125984252
21
-0.1091085433070866
0
LINE
8
BLACK
6
CONTINUOUS
10
-0.219122125984252
20
-0.1091085433070866
11
-0.2186953937007874
21
-0.1097471653543307
0
LINE
8
BLACK
6
CONTINUOUS
10
-0.2186953937007874
20
-0.1097471653543307
11
-0.2186953937007874
21
-0.1099956299212598
0
LINE
8
BLACK
6
CONTINUOUS
10
-0.2186953937007874
20
-0.1099956299212598
11
-0.2168786220472441
21
-0.1133696850393701
0
LINE
8
BLACK
6
CONTINUOUS
10
-0.2168786220472441
20
-0.1133696850393701
11
-0.2168525984251969
21
-0.1134647637795275
0
LINE
8
BLACK
6
CONTINUOUS
10
-0.2168525984251969
20
-0.1134647637795275
11
-0.2168206299212598
21
-0.1134967322834646
0
LINE
8
BLACK
6
CONTINUOUS
10
-0.2168206299212598
20
-0.1134967322834646
11
-0.2168193307086614
21
-0.1135862598425197
0
LINE
8
BLACK
6
CONTINUOUS
10
-0.2168193307086614
20
-0.1135862598425197
11
-0.2166757480314961
21
-0.1141104724409449
0
LINE
8
BLACK
6
CONTINUOUS
10
-0.2166757480314961
20
-0.1141104724409449
11
-0.2168057874015748
21
-0.1145005118110236
0
LINE
8
BLACK
6
CONTINUOUS
10
-0.2168057874015748
20
-0.1145005118110236
11
-0.2166707874015748
21
-0.1236238582677165
0
LINE
8
BLACK
6
CONTINUOUS
10
-0.2166707874015748
20
-0.1236238582677165
11
-0.2166900393700787
21
-0.1237205511811024
0
LINE
8
BLACK
6
CONTINUOUS
10
-0.2166900393700787
20
-0.1237205511811024
11
-0.2166757480314961
21
-0.1237634251968504
0
LINE
8
BLACK
6
CONTINUOUS
10
-0.2166757480314961
20
-0.1237634251968504
11
-0.2167157480314961
21
-0.123849842519685
0
LINE
8
BLACK
6
CONTINUOUS
10
-0.2167157480314961
20
-0.123849842519685
11
-0.2168206299212598
21
-0.1243771653543307
0
LINE
8
BLACK
6
CONTINUOUS
10
-0.2168206299212598
20
-0.1243771653543307
11
-0.2170795275590551
21
-0.1246360236220472
0
LINE
8
BLACK
6
CONTINUOUS
10
-0.2170795275590551
20
-0.1246360236220472
11
-0.2187533858267716
21
-0.1282537401574803
0
LINE
8
BLACK
6
CONTINUOUS
10
-0.2187533858267716
20
-0.1282537401574803
11
-0.2192242913385827
21
-0.1288605118110236
0
LINE
8
BLACK
6
CONTINUOUS
10
-0.2192242913385827
20
-0.1288605118110236
11
-0.2194301968503937
21
-0.128929094488189
0
LINE
8
BLACK
6
CONTINUOUS
10
-0.2194301968503937
20
-0.128929094488189
11
-0.2209008661417323
21
-0.1305352362204724
0
LINE
8
BLACK
6
CONTINUOUS
10
-0.2209008661417323
20
-0.1305352362204724
11
-0.2209017322834646
21
-0.1305379527559055
0
LINE
8
BLACK
6
CONTINUOUS
10
-0.2209017322834646
20
-0.1305379527559055
11
-0.220904842519685
21
-0.1305396062992126
0
LINE
8
BLACK
6
CONTINUOUS
10
-0.220904842519685
20
-0.1305396062992126
11
-0.2209968503937008
21
-0.1306401181102362
0
LINE
8
BLACK
6
CONTINUOUS
10
-0.2209968503937008
20
-0.1306401181102362
11
-0.2216354724409449
21
-0.1310668503937008
0
LINE
8
BLACK
6
CONTINUOUS
10
-0.2216354724409449
20
-0.1310668503937008
11
-0.2218839763779528
21
-0.1310668503937008
0
LINE
8
BLACK
6
CONTINUOUS
10
-0.2218839763779528
20
-0.1310668503937008
11
-0.2252579921259842
21
-0.1328836220472441
0
LINE
8
BLACK
6
CONTINUOUS
10
-0.2252579921259842
20
-0.1328836220472441
11
-0.2253531102362205
21
-0.1329096456692913
0
LINE
8
BLACK
6
CONTINUOUS
10
-0.2253531102362205
20
-0.1329096456692913
11
-0.2253850393700787
21
-0.1329416141732283
0
LINE
8
BLACK
6
CONTINUOUS
10
-0.2253850393700787
20
-0.1329416141732283
11
-0.2254746062992126
21
-0.1329429133858268
0
LINE
8
BLACK
6
CONTINUOUS
10
-0.2254746062992126
20
-0.1329429133858268
11
-0.2259987795275591
21
-0.1330864960629921
0
LINE
8
BLACK
6
CONTINUOUS
10
-0.2259987795275591
20
-0.1330864960629921
11
-0.2263888976377953
21
-0.1329564566929134
0
LINE
8
BLACK
6
CONTINUOUS
10
-0.2263888976377953
20
-0.1329564566929134
11
-0.2355121653543307
21
-0.1330914566929134
0
LINE
8
BLACK
6
CONTINUOUS
10
-0.2355121653543307
20
-0.1330914566929134
11
-0.2356088976377953
21
-0.1330722047244094
0
LINE
8
BLACK
6
CONTINUOUS
10
-0.2356088976377953
20
-0.1330722047244094
11
-0.2356517322834646
21
-0.1330864960629921
0
LINE
8
BLACK
6
CONTINUOUS
10
-0.2356517322834646
20
-0.1330864960629921
11
-0.2357381889763779
21
-0.1330464960629921
0
LINE
8
BLACK
6
CONTINUOUS
10
-0.2357381889763779
20
-0.1330464960629921
11
-0.2362654724409449
21
-0.1329416141732283
0
LINE
8
BLACK
6
CONTINUOUS
10
-0.2362654724409449
20
-0.1329416141732283
11
-0.2365243700787402
21
-0.1326827165354331
0
LINE
8
BLACK
6
CONTINUOUS
10
-0.2365243700787402
20
-0.1326827165354331
11
-0.2401420472440945
21
-0.1310088582677165
0
LINE
8
BLACK
6
CONTINUOUS
10
-0.2401420472440945
20
-0.1310088582677165
11
-0.2407488188976378
21
-0.1305379527559055
0
LINE
8
BLACK
6
CONTINUOUS
10
-0.2407488188976378
20
-0.1305379527559055
11
-0.2408174409448819
21
-0.1303320472440945
0
LINE
8
BLACK
6
CONTINUOUS
10
-0.2408174409448819
20
-0.1303320472440945
11
-0.2425284251968504
21
-0.1287653149606299
0
LINE
8
BLACK
6
CONTINUOUS
10
-0.2425284251968504
20
-0.1287653149606299
11
-0.2429551181102362
21
-0.1281266929133858
0
LINE
8
BLACK
6
CONTINUOUS
10
-0.2429551181102362
20
-0.1281266929133858
11
-0.2429551181102362
21
-0.1266200393700787
0
LINE
8
BLACK
6
CONTINUOUS
10
-0.2429551181102362
20
-0.1266200393700787
11
-0.2418897637795276
21
-0.1255547244094488
0
LINE
8
BLACK
6
CONTINUOUS
10
-0.2418897637795276
20
-0.1255547244094488
11
-0.2403831102362205
21
-0.1255547244094488
0
LINE
8
BLACK
6
CONTINUOUS
10
-0.2403831102362205
20
-0.1255547244094488
11
-0.2378697244094488
21
-0.1278562598425197
0
LINE
8
BLACK
6
CONTINUOUS
10
-0.2378697244094488
20
-0.1278562598425197
11
-0.237862125984252
21
-0.1278675984251968
0
LINE
8
BLACK
6
CONTINUOUS
10
-0.237862125984252
20
-0.1278675984251968
11
-0.2348038582677165
21
-0.1292826377952756
0
LINE
8
BLACK
6
CONTINUOUS
10
-0.2348038582677165
20
-0.1292826377952756
11
-0.2263713779527559
21
-0.129157874015748
0
LINE
8
BLACK
6
CONTINUOUS
10
-0.2263713779527559
20
-0.129157874015748
11
-0.2233005511811024
21
-0.1275043700787402
0
LINE
8
BLACK
6
CONTINUOUS
10
-0.2233005511811024
20
-0.1275043700787402
11
-0.2219060236220472
21
-0.1259814566929134
0
LINE
8
BLACK
6
CONTINUOUS
10
-0.2219060236220472
20
-0.1259814566929134
11
-0.2218946456692913
21
-0.1259738188976378
0
LINE
8
BLACK
6
CONTINUOUS
10
-0.2218946456692913
20
-0.1259738188976378
11
-0.2204796062992126
21
-0.1229155118110236
0
LINE
8
BLACK
6
CONTINUOUS
10
-0.2204796062992126
20
-0.1229155118110236
11
-0.2206043700787401
21
-0.1144829921259842
0
LINE
8
BLACK
6
CONTINUOUS
10
-0.2206043700787401
20
-0.1144829921259842
11
-0.222257874015748
21
-0.1114122047244094
0
LINE
8
BLACK
6
CONTINUOUS
10
-0.222257874015748
20
-0.1114122047244094
11
-0.2237807480314961
21
-0.1100176771653543
0
LINE
8
BLACK
6
CONTINUOUS
10
-0.2237807480314961
20
-0.1100176771653543
11
-0.2237883464566929
21
-0.1100062992125984
0
LINE
8
BLACK
6
CONTINUOUS
10
-0.2237883464566929
20
-0.1100062992125984
11
-0.2268466535433071
21
-0.1085912598425197
0
LINE
8
BLACK
6
CONTINUOUS
10
-0.2268466535433071
20
-0.1085912598425197
11
-0.2352792125984252
21
-0.1087160236220472
0
LINE
8
BLACK
6
CONTINUOUS
10
-0.2352792125984252
20
-0.1087160236220472
11
-0.23835
21
-0.1103695275590551
0
LINE
8
BLACK
6
CONTINUOUS
10
-0.23835
20
-0.1103695275590551
11
-0.2397445275590551
21
-0.1118924409448819
0
LINE
8
BLACK
6
CONTINUOUS
10
-0.2397445275590551
20
-0.1118924409448819
11
-0.2403831496062992
21
-0.1123191732283464
0
LINE
8
BLACK
6
CONTINUOUS
10
-0.2403831496062992
20
-0.1123191732283464
11
-0.2404872440944882
21
-0.1123191732283464
0
LINE
8
BLACK
6
CONTINUOUS
10
-0.2404872440944882
20
-0.1123191732283464
11
-0.2405678346456693
21
-0.1123851181102362
0
LINE
8
BLACK
6
CONTINUOUS
10
-0.2405678346456693
20
-0.1123851181102362
11
-0.2412272834645669
21
-0.1123191732283464
0
LINE
8
BLACK
6
CONTINUOUS
10
-0.2412272834645669
20
-0.1123191732283464
11
-0.2418897637795276
21
-0.1123191732283464
0
LINE
8
BLACK
6
CONTINUOUS
10
-0.2418897637795276
20
-0.1123191732283464
11
-0.2419633858267717
21
-0.1122455511811024
0
LINE
8
BLACK
6
CONTINUOUS
10
-0.2419633858267717
20
-0.1122455511811024
11
-0.2420670078740157
21
-0.1122351968503937
0
LINE
8
BLACK
6
CONTINUOUS
10
-0.2420670078740157
20
-0.1122351968503937
11
-0.2424867322834646
21
-0.1117222047244094
0
LINE
8
BLACK
6
CONTINUOUS
10
-0.2424867322834646
20
-0.1117222047244094
11
-0.2429551181102362
21
-0.1112538188976378
0
LINE
8
BLACK
6
CONTINUOUS
10
-0.2429551181102362
20
-0.1112538188976378
11
-0.2429551181102362
21
-0.1111497244094488
0
LINE
8
BLACK
6
CONTINUOUS
10
-0.2429551181102362
20
-0.1111497244094488
11
-0.243021062992126
21
-0.1110691338582677
0
LINE
8
BLACK
6
CONTINUOUS
10
-0.243021062992126
20
-0.1110691338582677
11
-0.2429551181102362
21
-0.1103545275590551
0
LINE
8
BLACK
6
CONTINUOUS
10
-0.2429551181102362
20
-0.1103545275590551
11
-0.2429551181102362
21
-0.1097472047244095
0
LINE
8
BLACK
6
CONTINUOUS
10
-0.2429551181102362
20
-0.1097472047244095
11
-0.2428927952755905
21
-0.1096791338582677
0
LINE
8
BLACK
6
CONTINUOUS
10
-0.2428927952755905
20
-0.1096791338582677
11
-0.2412204330708661
21
-0.0915570078740157
0
LINE
8
BLACK
6
CONTINUOUS
10
-0.2412204330708661
20
-0.0915570078740157
11
-0.2410803543307087
21
-0.0910976771653543
0
LINE
8
BLACK
6
CONTINUOUS
10
-0.2410803543307087
20
-0.0910976771653543
11
-0.2410803543307087
21
-0.0909995669291339
0
LINE
8
BLACK
6
CONTINUOUS
10
-0.2410803543307087
20
-0.0909995669291339
11
-0.2410373228346457
21
-0.0909564960629921
0
LINE
8
BLACK
6
CONTINUOUS
10
-0.2410373228346457
20
-0.0909564960629921
11
-0.2409963779527559
21
-0.0908223622047244
0
LINE
8
BLACK
6
CONTINUOUS
10
-0.2409963779527559
20
-0.0908223622047244
11
-0.2404835433070866
21
-0.0904027165354331
0
LINE
8
BLACK
6
CONTINUOUS
10
-0.2404835433070866
20
-0.0904027165354331
11
-0.240015
21
-0.0899342125984252
0
LINE
8
BLACK
6
CONTINUOUS
10
-0.240015
20
-0.0899342125984252
11
-0.2399099606299213
21
-0.0899333858267717
0
LINE
8
BLACK
6
CONTINUOUS
10
-0.2399099606299213
20
-0.0899333858267717
11
-0.2398303149606299
21
-0.0898682677165354
0
LINE
8
BLACK
6
CONTINUOUS
10
-0.2398303149606299
20
-0.0898682677165354
11
-0.2392311417322835
21
-0.089928188976378
0
LINE
8
BLACK
6
CONTINUOUS
10
-0.2392311417322835
20
-0.089928188976378
11
-0.2205140551181102
21
-0.0897843700787402
0
LINE
8
BLACK
6
CONTINUOUS
10
-0.2205140551181102
20
-0.0897843700787402
11
-0.2197607480314961
21
-0.0899342125984252
0
LINE
8
BLACK
6
CONTINUOUS
10
-0.1918418503937008
20
-0.0899342125984252
11
-0.1916392519685039
21
-0.0899342125984252
0
LINE
8
BLACK
6
CONTINUOUS
10
-0.1916392519685039
20
-0.0899342125984252
11
-0.1912339763779528
21
-0.0903394881889764
0
LINE
8
BLACK
6
CONTINUOUS
10
-0.1912339763779528
20
-0.0903394881889764
11
-0.190756968503937
21
-0.0906575196850394
0
LINE
8
BLACK
6
CONTINUOUS
10
-0.190756968503937
20
-0.0906575196850394
11
-0.1907172440944882
21
-0.0908562204724409
0
LINE
8
BLACK
6
CONTINUOUS
10
-0.1907172440944882
20
-0.0908562204724409
11
-0.1905738976377953
21
-0.0909995669291339
0
LINE
8
BLACK
6
CONTINUOUS
10
-0.1905738976377953
20
-0.0909995669291339
11
-0.1905717322834646
21
-0.0915836220472441
0
LINE
8
BLACK
6
CONTINUOUS
10
-0.1905717322834646
20
-0.0915836220472441
11
-0.1904614566929134
21
-0.0921348818897638
0
LINE
8
BLACK
6
CONTINUOUS
10
-0.1904614566929134
20
-0.0921348818897638
11
-0.1905690551181102
21
-0.0923034251968504
0
LINE
8
BLACK
6
CONTINUOUS
10
-0.1905690551181102
20
-0.0923034251968504
11
-0.1904312204724409
21
-0.1292142913385827
0
LINE
8
BLACK
6
CONTINUOUS
10
-0.1904312204724409
20
-0.1292142913385827
11
-0.1811439763779528
21
-0.1291544488188976
0
LINE
8
BLACK
6
CONTINUOUS
10
-0.1811439763779528
20
-0.1291544488188976
11
-0.1803906692913386
21
-0.1293042913385827
0
LINE
8
BLACK
6
CONTINUOUS
10
-0.1803906692913386
20
-0.1293042913385827
11
-0.1793253149606299
21
-0.1303696456692913
0
LINE
8
BLACK
6
CONTINUOUS
10
-0.1793253149606299
20
-0.1303696456692913
11
-0.1793253149606299
21
-0.1318762598425197
0
LINE
8
BLACK
6
CONTINUOUS
10
-0.1793253149606299
20
-0.1318762598425197
11
-0.1803906692913386
21
-0.1329416141732283
0
LINE
8
BLACK
6
CONTINUOUS
10
-0.1803906692913386
20
-0.1329416141732283
11
-0.2036411417322835
21
-0.1330914566929134
0
LINE
8
BLACK
6
CONTINUOUS
10
-0.2036411417322835
20
-0.1330914566929134
11
-0.2043944488188976
21
-0.1329416141732283
0
LINE
8
BLACK
6
CONTINUOUS
10
-0.2043944488188976
20
-0.1329416141732283
11
-0.2054598031496063
21
-0.1318762598425197
0
LINE
8
BLACK
6
CONTINUOUS
10
-0.2054598031496063
20
-0.1318762598425197
11
-0.2054598031496063
21
-0.1303696456692913
0
LINE
8
BLACK
6
CONTINUOUS
10
-0.2054598031496063
20
-0.1303696456692913
11
-0.2043944488188976
21
-0.1293042913385827
0
LINE
8
BLACK
6
CONTINUOUS
10
-0.2043944488188976
20
-0.1293042913385827
11
-0.1942211023622047
21
-0.1292387007874016
0
LINE
8
BLACK
6
CONTINUOUS
10
-0.1942211023622047
20
-0.1292387007874016
11
-0.194336968503937
21
-0.0982070866141732
0
LINE
8
BLACK
6
CONTINUOUS
10
-0.194336968503937
20
-0.0982070866141732
11
-0.1945041732283465
21
-0.098469094488189
0
LINE
8
BLACK
6
CONTINUOUS
10
-0.1945041732283465
20
-0.098469094488189
11
-0.1950467322834646
21
-0.0990127559055118
0
LINE
8
BLACK
6
CONTINUOUS
10
-0.1950467322834646
20
-0.0990127559055118
11
-0.1951904724409449
21
-0.0990414960629921
0
LINE
8
BLACK
6
CONTINUOUS
10
-0.1951904724409449
20
-0.0990414960629921
11
-0.1984996850393701
21
-0.1025186220472441
0
LINE
8
BLACK
6
CONTINUOUS
10
-0.1984996850393701
20
-0.1025186220472441
11
-0.1991383070866142
21
-0.1029453543307087
0
LINE
8
BLACK
6
CONTINUOUS
10
-0.1991383070866142
20
-0.1029453543307087
11
-0.1993867716535433
21
-0.1029453543307087
0
LINE
8
BLACK
6
CONTINUOUS
10
-0.1993867716535433
20
-0.1029453543307087
11
-0.2027607874015748
21
-0.104762125984252
0
LINE
8
BLACK
6
CONTINUOUS
10
-0.2027607874015748
20
-0.104762125984252
11
-0.2035015748031496
21
-0.104965
0
LINE
8
BLACK
6
CONTINUOUS
10
-0.2035015748031496
20
-0.104965
11
-0.204930905511811
21
-0.1044885826771653
0
LINE
8
BLACK
6
CONTINUOUS
10
-0.204930905511811
20
-0.1044885826771653
11
-0.2056046850393701
21
-0.1031410236220472
0
LINE
8
BLACK
6
CONTINUOUS
10
-0.2056046850393701
20
-0.1031410236220472
11
-0.2051282677165354
21
-0.1017116929133858
0
LINE
8
BLACK
6
CONTINUOUS
10
-0.2051282677165354
20
-0.1017116929133858
11
-0.200771968503937
21
-0.0993660236220472
0
LINE
8
BLACK
6
CONTINUOUS
10
-0.200771968503937
20
-0.0993660236220472
11
-0.2007443700787402
21
-0.0993584251968504
0
LINE
8
BLACK
6
CONTINUOUS
10
-0.2007443700787402
20
-0.0993584251968504
11
-0.1975340157480315
21
-0.0959852362204724
0
LINE
8
BLACK
6
CONTINUOUS
10
-0.1975340157480315
20
-0.0959852362204724
11
-0.1973501968503937
21
-0.0958623622047244
0
LINE
8
BLACK
6
CONTINUOUS
10
-0.1973501968503937
20
-0.0958623622047244
11
-0.1940304330708661
21
-0.0906609448818898
0
LINE
8
BLACK
6
CONTINUOUS
10
-0.1940304330708661
20
-0.0906609448818898
11
-0.1934879133858268
21
-0.0901172834645669
0
LINE
8
BLACK
6
CONTINUOUS
10
-0.1934879133858268
20
-0.0901172834645669
11
-0.1932892125984252
21
-0.0900775196850394
0
LINE
8
BLACK
6
CONTINUOUS
10
-0.1932892125984252
20
-0.0900775196850394
11
-0.1931458661417323
21
-0.0899342125984252
0
LINE
8
BLACK
6
CONTINUOUS
10
-0.1931458661417323
20
-0.0899342125984252
11
-0.1925726377952756
21
-0.0899342125984252
0
LINE
8
BLACK
6
CONTINUOUS
10
-0.1925726377952756
20
-0.0899342125984252
11
-0.1920105118110236
21
-0.0898217716535433
0
LINE
8
BLACK
6
CONTINUOUS
10
-0.1920105118110236
20
-0.0898217716535433
11
-0.1918418503937008
21
-0.0899342125984252
0
LINE
8
BLACK
6
CONTINUOUS
10
-0.4268971259842519
20
-0.1039115748031496
11
-0.4267175984251969
21
-0.1054074803149606
0
LINE
8
BLACK
6
CONTINUOUS
10
-0.4267175984251969
20
-0.1054074803149606
11
-0.4365140551181102
21
-0.1179889763779527
0
LINE
8
BLACK
6
CONTINUOUS
10
-0.4365140551181102
20
-0.1179889763779527
11
-0.4270651968503937
21
-0.1299067716535433
0
LINE
8
BLACK
6
CONTINUOUS
10
-0.4270651968503937
20
-0.1299067716535433
11
-0.4267175984251969
21
-0.1305916929133858
0
LINE
8
BLACK
6
CONTINUOUS
10
-0.4267175984251969
20
-0.1305916929133858
11
-0.4268971259842519
21
-0.1320875984251969
0
LINE
8
BLACK
6
CONTINUOUS
10
-0.4268971259842519
20
-0.1320875984251969
11
-0.428081811023622
21
-0.1330184251968504
0
LINE
8
BLACK
6
CONTINUOUS
10
-0.428081811023622
20
-0.1330184251968504
11
-0.4295777165354331
21
-0.1328388976377953
0
LINE
8
BLACK
6
CONTINUOUS
10
-0.4295777165354331
20
-0.1328388976377953
11
-0.4389108267716536
21
-0.121067125984252
0
LINE
8
BLACK
6
CONTINUOUS
10
-0.4389108267716536
20
-0.121067125984252
11
-0.4476875984251968
21
-0.1323391338582677
0
LINE
8
BLACK
6
CONTINUOUS
10
-0.4476875984251968
20
-0.1323391338582677
11
-0.4482708267716535
21
-0.1328388976377953
0
LINE
8
BLACK
6
CONTINUOUS
10
-0.4482708267716535
20
-0.1328388976377953
11
-0.4497667322834645
21
-0.1330184251968504
0
LINE
8
BLACK
6
CONTINUOUS
10
-0.4497667322834645
20
-0.1330184251968504
11
-0.4509514173228346
21
-0.1320875984251969
0
LINE
8
BLACK
6
CONTINUOUS
10
-0.4509514173228346
20
-0.1320875984251969
11
-0.4511309448818898
21
-0.1305916929133858
0
LINE
8
BLACK
6
CONTINUOUS
10
-0.4511309448818898
20
-0.1305916929133858
11
-0.4413345275590551
21
-0.118010157480315
0
LINE
8
BLACK
6
CONTINUOUS
10
-0.4413345275590551
20
-0.118010157480315
11
-0.4507833464566929
21
-0.1060924015748032
0
LINE
8
BLACK
6
CONTINUOUS
10
-0.4507833464566929
20
-0.1060924015748032
11
-0.4511309448818898
21
-0.1054074803149606
0
LINE
8
BLACK
6
CONTINUOUS
10
-0.4511309448818898
20
-0.1054074803149606
11
-0.4509514173228346
21
-0.1039115748031496
0
LINE
8
BLACK
6
CONTINUOUS
10
-0.4509514173228346
20
-0.1039115748031496
11
-0.4497667322834645
21
-0.1029807480314961
0
LINE
8
BLACK
6
CONTINUOUS
10
-0.4497667322834645
20
-0.1029807480314961
11
-0.4482708267716535
21
-0.1031602755905512
0
LINE
8
BLACK
6
CONTINUOUS
10
-0.4482708267716535
20
-0.1031602755905512
11
-0.4389377559055118
21
-0.1149320078740158
0
LINE
8
BLACK
6
CONTINUOUS
10
-0.4389377559055118
20
-0.1149320078740158
11
-0.4301609448818898
21
-0.1036600393700787
0
LINE
8
BLACK
6
CONTINUOUS
10
-0.4301609448818898
20
-0.1036600393700787
11
-0.4295777165354331
21
-0.1031602755905512
0
LINE
8
BLACK
6
CONTINUOUS
10
-0.4295777165354331
20
-0.1031602755905512
11
-0.428081811023622
21
-0.1029807480314961
0
LINE
8
BLACK
6
CONTINUOUS
10
-0.428081811023622
20
-0.1029807480314961
11
-0.4268971259842519
21
-0.1039115748031496
0
LINE
8
BLACK
6
CONTINUOUS
10
-0.2525438976377953
20
-0.1039115748031496
11
-0.2523643700787401
21
-0.1054074803149606
0
LINE
8
BLACK
6
CONTINUOUS
10
-0.2523643700787401
20
-0.1054074803149606
11
-0.2621608267716535
21
-0.1179889763779527
0
LINE
8
BLACK
6
CONTINUOUS
10
-0.2621608267716535
20
-0.1179889763779527
11
-0.252711968503937
21
-0.1299067716535433
0
LINE
8
BLACK
6
CONTINUOUS
10
-0.252711968503937
20
-0.1299067716535433
11
-0.2523643700787401
21
-0.1305916929133858
0
LINE
8
BLACK
6
CONTINUOUS
10
-0.2523643700787401
20
-0.1305916929133858
11
-0.2525438976377953
21
-0.1320875984251969
0
LINE
8
BLACK
6
CONTINUOUS
10
-0.2525438976377953
20
-0.1320875984251969
11
-0.2537285826771654
21
-0.1330184251968504
0
LINE
8
BLACK
6
CONTINUOUS
10
-0.2537285826771654
20
-0.1330184251968504
11
-0.2552244881889764
21
-0.1328388976377953
0
LINE
8
BLACK
6
CONTINUOUS
10
-0.2552244881889764
20
-0.1328388976377953
11
-0.2645575984251968
21
-0.121067125984252
0
LINE
8
BLACK
6
CONTINUOUS
10
-0.2645575984251968
20
-0.121067125984252
11
-0.2733343700787402
21
-0.1323391338582677
0
LINE
8
BLACK
6
CONTINUOUS
10
-0.2733343700787402
20
-0.1323391338582677
11
-0.2739175984251969
21
-0.1328388976377953
0
LINE
8
BLACK
6
CONTINUOUS
10
-0.2739175984251969
20
-0.1328388976377953
11
-0.2754135039370079
21
-0.1330184251968504
0
LINE
8
BLACK
6
CONTINUOUS
10
-0.2754135039370079
20
-0.1330184251968504
11
-0.2765981889763779
21
-0.1320875984251969
0
LINE
8
BLACK
6
CONTINUOUS
10
-0.2765981889763779
20
-0.1320875984251969
11
-0.276777716535433
21
-0.1305916929133858
0
LINE
8
BLACK
6
CONTINUOUS
10
-0.276777716535433
20
-0.1305916929133858
11
-0.2669812992125984
21
-0.118010157480315
0
LINE
8
BLACK
6
CONTINUOUS
10
-0.2669812992125984
20
-0.118010157480315
11
-0.2764301181102362
21
-0.1060924015748032
0
LINE
8
BLACK
6
CONTINUOUS
10
-0.2764301181102362
20
-0.1060924015748032
11
-0.276777716535433
21
-0.1054074803149606
0
LINE
8
BLACK
6
CONTINUOUS
10
-0.276777716535433
20
-0.1054074803149606
11
-0.2765981889763779
21
-0.1039115748031496
0
LINE
8
BLACK
6
CONTINUOUS
10
-0.2765981889763779
20
-0.1039115748031496
11
-0.2754135039370079
21
-0.1029807480314961
0
LINE
8
BLACK
6
CONTINUOUS
10
-0.2754135039370079
20
-0.1029807480314961
11
-0.2739175984251969
21
-0.1031602755905512
0
LINE
8
BLACK
6
CONTINUOUS
10
-0.2739175984251969
20
-0.1031602755905512
11
-0.2645845275590551
21
-0.1149320078740158
0
LINE
8
BLACK
6
CONTINUOUS
10
-0.2645845275590551
20
-0.1149320078740158
11
-0.255807716535433
21
-0.1036600393700787
0
LINE
8
BLACK
6
CONTINUOUS
10
-0.255807716535433
20
-0.1036600393700787
11
-0.2552244881889764
21
-0.1031602755905512
0
LINE
8
BLACK
6
CONTINUOUS
10
-0.2552244881889764
20
-0.1031602755905512
11
-0.2537285826771654
21
-0.1029807480314961
0
LINE
8
BLACK
6
CONTINUOUS
10
-0.2537285826771654
20
-0.1029807480314961
11
-0.2525438976377953
21
-0.1039115748031496
0
LINE
8
BLACK
6
CONTINUOUS
10
0.3308309448818897
20
-0.0694074409448819
11
0.3310191732283465
21
-0.0694074409448819
0
LINE
8
BLACK
6
CONTINUOUS
10
0.3310191732283465
20
-0.0694074409448819
11
0.331381968503937
21
-0.0695577165354331
0
LINE
8
BLACK
6
CONTINUOUS
10
0.331381968503937
20
-0.0695577165354331
11
0.3317608661417323
21
-0.069661062992126
0
LINE
8
BLACK
6
CONTINUOUS
10
0.3317608661417323
20
-0.069661062992126
11
0.3319096850393701
21
-0.0697762992125984
0
LINE
8
BLACK
6
CONTINUOUS
10
0.3319096850393701
20
-0.0697762992125984
11
0.3320835826771654
21
-0.0698483464566929
0
LINE
8
BLACK
6
CONTINUOUS
10
0.3320835826771654
20
-0.0698483464566929
11
0.3323611417322835
21
-0.070125905511811
0
LINE
8
BLACK
6
CONTINUOUS
10
0.3323611417322835
20
-0.070125905511811
11
0.3326717716535433
21
-0.0703664566929134
0
LINE
8
BLACK
6
CONTINUOUS
10
0.3326717716535433
20
-0.0703664566929134
11
0.3327656692913386
21
-0.0705304330708661
0
LINE
8
BLACK
6
CONTINUOUS
10
0.3327656692913386
20
-0.0705304330708661
11
0.3328982283464567
21
-0.0706629921259842
0
LINE
8
BLACK
6
CONTINUOUS
10
0.3328982283464567
20
-0.0706629921259842
11
0.3330462598425197
21
-0.0710203543307087
0
LINE
8
BLACK
6
CONTINUOUS
10
0.3330462598425197
20
-0.0710203543307087
11
0.3567807086614173
21
-0.112463937007874
0
LINE
8
BLACK
6
CONTINUOUS
10
0.3567807086614173
20
-0.112463937007874
11
0.3567366929133858
21
-0.0723034645669291
0
LINE
8
BLACK
6
CONTINUOUS
10
0.3567366929133858
20
-0.0723034645669291
11
0.3567934251968504
21
-0.0717274015748031
0
LINE
8
BLACK
6
CONTINUOUS
10
0.3567934251968504
20
-0.0717274015748031
11
0.3572343307086614
21
-0.0706629921259842
0
LINE
8
BLACK
6
CONTINUOUS
10
0.3572343307086614
20
-0.0706629921259842
11
0.3580489763779527
21
-0.0698483464566929
0
LINE
8
BLACK
6
CONTINUOUS
10
0.3580489763779527
20
-0.0698483464566929
11
0.3591133858267717
21
-0.0694074409448819
0
LINE
8
BLACK
6
CONTINUOUS
10
0.3591133858267717
20
-0.0694074409448819
11
0.3602655118110236
21
-0.0694074409448819
0
LINE
8
BLACK
6
CONTINUOUS
10
0.3602655118110236
20
-0.0694074409448819
11
0.3613299212598425
21
-0.0698483464566929
0
LINE
8
BLACK
6
CONTINUOUS
10
0.3613299212598425
20
-0.0698483464566929
11
0.3621445669291338
21
-0.0706629921259842
0
LINE
8
BLACK
6
CONTINUOUS
10
0.3621445669291338
20
-0.0706629921259842
11
0.3625854724409449
21
-0.0717274015748031
0
LINE
8
BLACK
6
CONTINUOUS
10
0.3625854724409449
20
-0.0717274015748031
11
0.3626422047244094
21
-0.1234845669291339
0
LINE
8
BLACK
6
CONTINUOUS
10
0.3626422047244094
20
-0.1234845669291339
11
0.3626275984251968
21
-0.1236326771653543
0
LINE
8
BLACK
6
CONTINUOUS
10
0.3626275984251968
20
-0.1236326771653543
11
0.362635
21
-0.1236907874015748
0
LINE
8
BLACK
6
CONTINUOUS
10
0.362635
20
-0.1236907874015748
11
0.3626144881889763
21
-0.1237659842519685
0
LINE
8
BLACK
6
CONTINUOUS
10
0.3626144881889763
20
-0.1237659842519685
11
0.3625854724409449
21
-0.1240606299212598
0
LINE
8
BLACK
6
CONTINUOUS
10
0.3625854724409449
20
-0.1240606299212598
11
0.3624351181102362
21
-0.1244235039370079
0
LINE
8
BLACK
6
CONTINUOUS
10
0.3624351181102362
20
-0.1244235039370079
11
0.3623318503937008
21
-0.1248022834645669
0
LINE
8
BLACK
6
CONTINUOUS
10
0.3623318503937008
20
-0.1248022834645669
11
0.3622166141732283
21
-0.1249510236220472
0
LINE
8
BLACK
6
CONTINUOUS
10
0.3622166141732283
20
-0.1249510236220472
11
0.3621445669291338
21
-0.1251250393700787
0
LINE
8
BLACK
6
CONTINUOUS
10
0.3621445669291338
20
-0.1251250393700787
11
0.3618667322834646
21
-0.1254028346456693
0
LINE
8
BLACK
6
CONTINUOUS
10
0.3618667322834646
20
-0.1254028346456693
11
0.3616264173228346
21
-0.125713188976378
0
LINE
8
BLACK
6
CONTINUOUS
10
0.3616264173228346
20
-0.125713188976378
11
0.3614630708661417
21
-0.1258064960629921
0
LINE
8
BLACK
6
CONTINUOUS
10
0.3614630708661417
20
-0.1258064960629921
11
0.3613299212598425
21
-0.1259396850393701
0
LINE
8
BLACK
6
CONTINUOUS
10
0.3613299212598425
20
-0.1259396850393701
11
0.3609668897637795
21
-0.1260900393700787
0
LINE
8
BLACK
6
CONTINUOUS
10
0.3609668897637795
20
-0.1260900393700787
11
0.3606261023622047
21
-0.1262848031496063
0
LINE
8
BLACK
6
CONTINUOUS
10
0.3606261023622047
20
-0.1262848031496063
11
0.3604394881889764
21
-0.1263085039370079
0
LINE
8
BLACK
6
CONTINUOUS
10
0.3604394881889764
20
-0.1263085039370079
11
0.3602655118110236
21
-0.1263805905511811
0
LINE
8
BLACK
6
CONTINUOUS
10
0.3602655118110236
20
-0.1263805905511811
11
0.3598725196850394
21
-0.1263805905511811
0
LINE
8
BLACK
6
CONTINUOUS
10
0.3598725196850394
20
-0.1263805905511811
11
0.3594831889763779
21
-0.1264300787401575
0
LINE
8
BLACK
6
CONTINUOUS
10
0.3594831889763779
20
-0.1264300787401575
11
0.3593017322834646
21
-0.1263805905511811
0
LINE
8
BLACK
6
CONTINUOUS
10
0.3593017322834646
20
-0.1263805905511811
11
0.3591133858267717
21
-0.1263805905511811
0
LINE
8
BLACK
6
CONTINUOUS
10
0.3591133858267717
20
-0.1263805905511811
11
0.3587504724409449
21
-0.1262302362204724
0
LINE
8
BLACK
6
CONTINUOUS
10
0.3587504724409449
20
-0.1262302362204724
11
0.3583716929133858
21
-0.126126968503937
0
LINE
8
BLACK
6
CONTINUOUS
10
0.3583716929133858
20
-0.126126968503937
11
0.3582228346456693
21
-0.1260116929133858
0
LINE
8
BLACK
6
CONTINUOUS
10
0.3582228346456693
20
-0.1260116929133858
11
0.3580489763779527
21
-0.1259396850393701
0
LINE
8
BLACK
6
CONTINUOUS
10
0.3580489763779527
20
-0.1259396850393701
11
0.3577712598425197
21
-0.125661968503937
0
LINE
8
BLACK
6
CONTINUOUS
10
0.3577712598425197
20
-0.125661968503937
11
0.3574607874015748
21
-0.1254215354330709
0
LINE
8
BLACK
6
CONTINUOUS
10
0.3574607874015748
20
-0.1254215354330709
11
0.3573668897637795
21
-0.1252575984251968
0
LINE
8
BLACK
6
CONTINUOUS
10
0.3573668897637795
20
-0.1252575984251968
11
0.3572343307086614
21
-0.1251250393700787
0
LINE
8
BLACK
6
CONTINUOUS
10
0.3572343307086614
20
-0.1251250393700787
11
0.3570862204724409
21
-0.1247674803149606
0
LINE
8
BLACK
6
CONTINUOUS
10
0.3570862204724409
20
-0.1247674803149606
11
0.333351811023622
21
-0.0833240157480315
0
LINE
8
BLACK
6
CONTINUOUS
10
0.333351811023622
20
-0.0833240157480315
11
0.3333958661417323
21
-0.1234845669291339
0
LINE
8
BLACK
6
CONTINUOUS
10
0.3333958661417323
20
-0.1234845669291339
11
0.3333391338582677
21
-0.1240606299212598
0
LINE
8
BLACK
6
CONTINUOUS
10
0.3333391338582677
20
-0.1240606299212598
11
0.3328982283464567
21
-0.1251250393700787
0
LINE
8
BLACK
6
CONTINUOUS
10
0.3328982283464567
20
-0.1251250393700787
11
0.3320835826771654
21
-0.1259396850393701
0
LINE
8
BLACK
6
CONTINUOUS
10
0.3320835826771654
20
-0.1259396850393701
11
0.3310191732283465
21
-0.1263805905511811
0
LINE
8
BLACK
6
CONTINUOUS
10
0.3310191732283465
20
-0.1263805905511811
11
0.3298670472440945
21
-0.1263805905511811
0
LINE
8
BLACK
6
CONTINUOUS
10
0.3298670472440945
20
-0.1263805905511811
11
0.3288026377952756
21
-0.1259396850393701
0
LINE
8
BLACK
6
CONTINUOUS
10
0.3288026377952756
20
-0.1259396850393701
11
0.3279879921259842
21
-0.1251250393700787
0
LINE
8
BLACK
6
CONTINUOUS
10
0.3279879921259842
20
-0.1251250393700787
11
0.3275470866141732
21
-0.1240606299212598
0
LINE
8
BLACK
6
CONTINUOUS
10
0.3275470866141732
20
-0.1240606299212598
11
0.3274903543307087
21
-0.0723034645669291
0
LINE
8
BLACK
6
CONTINUOUS
10
0.3274903543307087
20
-0.0723034645669291
11
0.3275049212598425
21
-0.0721552755905512
0
LINE
8
BLACK
6
CONTINUOUS
10
0.3275049212598425
20
-0.0721552755905512
11
0.3274975590551181
21
-0.0720972047244094
0
LINE
8
BLACK
6
CONTINUOUS
10
0.3274975590551181
20
-0.0720972047244094
11
0.3275180708661417
21
-0.072021968503937
0
LINE
8
BLACK
6
CONTINUOUS
10
0.3275180708661417
20
-0.072021968503937
11
0.3275470866141732
21
-0.0717274015748031
0
LINE
8
BLACK
6
CONTINUOUS
10
0.3275470866141732
20
-0.0717274015748031
11
0.3276973622047244
21
-0.0713645669291339
0
LINE
8
BLACK
6
CONTINUOUS
10
0.3276973622047244
20
-0.0713645669291339
11
0.3278007086614173
21
-0.0709857086614173
0
LINE
8
BLACK
6
CONTINUOUS
10
0.3278007086614173
20
-0.0709857086614173
11
0.3279159448818897
21
-0.0708368503937008
0
LINE
8
BLACK
6
CONTINUOUS
10
0.3279159448818897
20
-0.0708368503937008
11
0.3279879921259842
21
-0.0706629921259842
0
LINE
8
BLACK
6
CONTINUOUS
10
0.3279879921259842
20
-0.0706629921259842
11
0.3282655511811023
21
-0.0703853937007874
0
LINE
8
BLACK
6
CONTINUOUS
10
0.3282655511811023
20
-0.0703853937007874
11
0.3285061023622047
21
-0.0700748031496063
0
LINE
8
BLACK
6
CONTINUOUS
10
0.3285061023622047
20
-0.0700748031496063
11
0.3286696062992126
21
-0.0699813385826772
0
LINE
8
BLACK
6
CONTINUOUS
10
0.3286696062992126
20
-0.0699813385826772
11
0.3288026377952756
21
-0.0698483464566929
0
LINE
8
BLACK
6
CONTINUOUS
10
0.3288026377952756
20
-0.0698483464566929
11
0.3291653149606299
21
-0.0696980708661417
0
LINE
8
BLACK
6
CONTINUOUS
10
0.3291653149606299
20
-0.0696980708661417
11
0.3295064566929134
21
-0.0695031889763779
0
LINE
8
BLACK
6
CONTINUOUS
10
0.3295064566929134
20
-0.0695031889763779
11
0.3296931889763779
21
-0.0694794488188976
0
LINE
8
BLACK
6
CONTINUOUS
10
0.3296931889763779
20
-0.0694794488188976
11
0.3298670472440945
21
-0.0694074409448819
0
LINE
8
BLACK
6
CONTINUOUS
10
0.3298670472440945
20
-0.0694074409448819
11
0.3302597244094488
21
-0.0694074409448819
0
LINE
8
BLACK
6
CONTINUOUS
10
0.3302597244094488
20
-0.0694074409448819
11
0.3306493700787401
21
-0.0693579133858268
0
LINE
8
BLACK
6
CONTINUOUS
10
0.3306493700787401
20
-0.0693579133858268
11
0.3308309448818897
21
-0.0694074409448819
0
LINE
8
BLACK
6
CONTINUOUS
10
0.3077116141732283
20
-0.0698483464566929
11
0.3085262598425197
21
-0.0706629921259842
0
LINE
8
BLACK
6
CONTINUOUS
10
0.3085262598425197
20
-0.0706629921259842
11
0.3089671653543307
21
-0.0717274015748031
0
LINE
8
BLACK
6
CONTINUOUS
10
0.3089671653543307
20
-0.0717274015748031
11
0.3090238976377953
21
-0.1234845669291339
0
LINE
8
BLACK
6
CONTINUOUS
10
0.3090238976377953
20
-0.1234845669291339
11
0.3089671653543307
21
-0.1240606299212598
0
LINE
8
BLACK
6
CONTINUOUS
10
0.3089671653543307
20
-0.1240606299212598
11
0.3085262598425197
21
-0.1251250393700787
0
LINE
8
BLACK
6
CONTINUOUS
10
0.3085262598425197
20
-0.1251250393700787
11
0.3077116141732283
21
-0.1259396850393701
0
LINE
8
BLACK
6
CONTINUOUS
10
0.3077116141732283
20
-0.1259396850393701
11
0.3066472047244094
21
-0.1263805905511811
0
LINE
8
BLACK
6
CONTINUOUS
10
0.3066472047244094
20
-0.1263805905511811
11
0.3054950787401575
21
-0.1263805905511811
0
LINE
8
BLACK
6
CONTINUOUS
10
0.3054950787401575
20
-0.1263805905511811
11
0.3044306692913386
21
-0.1259396850393701
0
LINE
8
BLACK
6
CONTINUOUS
10
0.3044306692913386
20
-0.1259396850393701
11
0.3036160236220473
21
-0.1251250393700787
0
LINE
8
BLACK
6
CONTINUOUS
10
0.3036160236220473
20
-0.1251250393700787
11
0.3031751181102362
21
-0.1240606299212598
0
LINE
8
BLACK
6
CONTINUOUS
10
0.3031751181102362
20
-0.1240606299212598
11
0.3031183858267716
21
-0.0723034645669291
0
LINE
8
BLACK
6
CONTINUOUS
10
0.3031183858267716
20
-0.0723034645669291
11
0.3031751181102362
21
-0.0717274015748031
0
LINE
8
BLACK
6
CONTINUOUS
10
0.3031751181102362
20
-0.0717274015748031
11
0.3036160236220473
21
-0.0706629921259842
0
LINE
8
BLACK
6
CONTINUOUS
10
0.3036160236220473
20
-0.0706629921259842
11
0.3044306692913386
21
-0.0698483464566929
0
LINE
8
BLACK
6
CONTINUOUS
10
0.3044306692913386
20
-0.0698483464566929
11
0.3054950787401575
21
-0.0694074409448819
0
LINE
8
BLACK
6
CONTINUOUS
10
0.3054950787401575
20
-0.0694074409448819
11
0.3066472047244094
21
-0.0694074409448819
0
LINE
8
BLACK
6
CONTINUOUS
10
0.3066472047244094
20
-0.0694074409448819
11
0.3077116141732283
21
-0.0698483464566929
0
LINE
8
BLACK
6
CONTINUOUS
10
0.4388044094488189
20
-0.0822183070866142
11
0.4398688188976378
21
-0.0826592125984252
0
LINE
8
BLACK
6
CONTINUOUS
10
0.4398688188976378
20
-0.0826592125984252
11
0.4406834645669291
21
-0.0834738582677165
0
LINE
8
BLACK
6
CONTINUOUS
10
0.4406834645669291
20
-0.0834738582677165
11
0.4411243700787402
21
-0.0845382677165354
0
LINE
8
BLACK
6
CONTINUOUS
10
0.4411243700787402
20
-0.0845382677165354
11
0.4411764566929134
21
-0.1172117322834646
0
LINE
8
BLACK
6
CONTINUOUS
10
0.4411764566929134
20
-0.1172117322834646
11
0.4682283464566929
21
-0.1171615748031496
0
LINE
8
BLACK
6
CONTINUOUS
10
0.4682283464566929
20
-0.1171615748031496
11
0.4688044094488189
21
-0.1172183070866142
0
LINE
8
BLACK
6
CONTINUOUS
10
0.4688044094488189
20
-0.1172183070866142
11
0.4698688188976378
21
-0.1176592125984252
0
LINE
8
BLACK
6
CONTINUOUS
10
0.4698688188976378
20
-0.1176592125984252
11
0.4706834645669291
21
-0.1184738582677165
0
LINE
8
BLACK
6
CONTINUOUS
10
0.4706834645669291
20
-0.1184738582677165
11
0.4711243700787401
21
-0.1195382677165354
0
LINE
8
BLACK
6
CONTINUOUS
10
0.4711243700787401
20
-0.1195382677165354
11
0.4711243700787401
21
-0.1206903937007874
0
LINE
8
BLACK
6
CONTINUOUS
10
0.4711243700787401
20
-0.1206903937007874
11
0.4706834645669291
21
-0.1217548031496063
0
LINE
8
BLACK
6
CONTINUOUS
10
0.4706834645669291
20
-0.1217548031496063
11
0.4698688188976378
21
-0.1225694488188976
0
LINE
8
BLACK
6
CONTINUOUS
10
0.4698688188976378
20
-0.1225694488188976
11
0.4688044094488189
21
-0.1230103543307087
0
LINE
8
BLACK
6
CONTINUOUS
10
0.4688044094488189
20
-0.1230103543307087
11
0.4382283464566929
21
-0.1230670866141732
0
LINE
8
BLACK
6
CONTINUOUS
10
0.4382283464566929
20
-0.1230670866141732
11
0.4376522834645669
21
-0.1230103543307087
0
LINE
8
BLACK
6
CONTINUOUS
10
0.4376522834645669
20
-0.1230103543307087
11
0.436587874015748
21
-0.1225694488188976
0
LINE
8
BLACK
6
CONTINUOUS
10
0.436587874015748
20
-0.1225694488188976
11
0.4357732283464567
21
-0.1217548031496063
0
LINE
8
BLACK
6
CONTINUOUS
10
0.4357732283464567
20
-0.1217548031496063
11
0.4353323228346457
21
-0.1206903937007874
0
LINE
8
BLACK
6
CONTINUOUS
10
0.4353323228346457
20
-0.1206903937007874
11
0.4352801968503937
21
-0.0880168897637795
0
LINE
8
BLACK
6
CONTINUOUS
10
0.4352801968503937
20
-0.0880168897637795
11
0.4111299606299212
21
-0.0880616929133858
0
LINE
8
BLACK
6
CONTINUOUS
10
0.4111299606299212
20
-0.0880616929133858
11
0.4111811023622047
21
-0.1201143307086614
0
LINE
8
BLACK
6
CONTINUOUS
10
0.4111811023622047
20
-0.1201143307086614
11
0.4111243700787401
21
-0.1206903937007874
0
LINE
8
BLACK
6
CONTINUOUS
10
0.4111243700787401
20
-0.1206903937007874
11
0.4106834645669291
21
-0.1217548031496063
0
LINE
8
BLACK
6
CONTINUOUS
10
0.4106834645669291
20
-0.1217548031496063
11
0.4098688188976378
21
-0.1225694488188976
0
LINE
8
BLACK
6
CONTINUOUS
10
0.4098688188976378
20
-0.1225694488188976
11
0.4088044094488189
21
-0.1230103543307087
0
LINE
8
BLACK
6
CONTINUOUS
10
0.4088044094488189
20
-0.1230103543307087
11
0.3832283464566929
21
-0.1230670866141732
0
LINE
8
BLACK
6
CONTINUOUS
10
0.3832283464566929
20
-0.1230670866141732
11
0.3826522834645669
21
-0.1230103543307087
0
LINE
8
BLACK
6
CONTINUOUS
10
0.3826522834645669
20
-0.1230103543307087
11
0.381587874015748
21
-0.1225694488188976
0
LINE
8
BLACK
6
CONTINUOUS
10
0.381587874015748
20
-0.1225694488188976
11
0.3807732283464567
21
-0.1217548031496063
0
LINE
8
BLACK
6
CONTINUOUS
10
0.3807732283464567
20
-0.1217548031496063
11
0.3803323228346457
21
-0.1206903937007874
0
LINE
8
BLACK
6
CONTINUOUS
10
0.3803323228346457
20
-0.1206903937007874
11
0.3803323228346457
21
-0.1195382677165354
0
LINE
8
BLACK
6
CONTINUOUS
10
0.3803323228346457
20
-0.1195382677165354
11
0.3807732283464567
21
-0.1184738582677165
0
LINE
8
BLACK
6
CONTINUOUS
10
0.3807732283464567
20
-0.1184738582677165
11
0.381587874015748
21
-0.1176592125984252
0
LINE
8
BLACK
6
CONTINUOUS
10
0.381587874015748
20
-0.1176592125984252
11
0.3826522834645669
21
-0.1172183070866142
0
LINE
8
BLACK
6
CONTINUOUS
10
0.3826522834645669
20
-0.1172183070866142
11
0.4053266929133858
21
-0.1171679921259842
0
LINE
8
BLACK
6
CONTINUOUS
10
0.4053266929133858
20
-0.1171679921259842
11
0.4052755905511811
21
-0.0851143307086614
0
LINE
8
BLACK
6
CONTINUOUS
10
0.4052755905511811
20
-0.0851143307086614
11
0.4053323228346457
21
-0.0845382677165354
0
LINE
8
BLACK
6
CONTINUOUS
10
0.4053323228346457
20
-0.0845382677165354
11
0.4057732283464567
21
-0.0834738582677165
0
LINE
8
BLACK
6
CONTINUOUS
10
0.4057732283464567
20
-0.0834738582677165
11
0.406587874015748
21
-0.0826592125984252
0
LINE
8
BLACK
6
CONTINUOUS
10
0.406587874015748
20
-0.0826592125984252
11
0.4076522834645669
21
-0.0822183070866142
0
LINE
8
BLACK
6
CONTINUOUS
10
0.4076522834645669
20
-0.0822183070866142
11
0.4382283464566929
21
-0.0821615748031496
0
LINE
8
BLACK
6
CONTINUOUS
10
0.4382283464566929
20
-0.0821615748031496
11
0.4388044094488189
21
-0.0822183070866142
0
LINE
8
BLACK
6
CONTINUOUS
10
-0.3813401181102362
20
-0.0571760236220472
11
-0.3687627559055118
21
-0.0694991338582677
0
LINE
8
BLACK
6
CONTINUOUS
10
-0.3687627559055118
20
-0.0694991338582677
11
-0.3682506692913386
21
-0.0702654724409449
0
LINE
8
BLACK
6
CONTINUOUS
10
-0.3682506692913386
20
-0.0702654724409449
11
-0.3682506692913386
21
-0.0720734251968504
0
LINE
8
BLACK
6
CONTINUOUS
10
-0.3682506692913386
20
-0.0720734251968504
11
-0.369529094488189
21
-0.0733518503937008
0
LINE
8
BLACK
6
CONTINUOUS
10
-0.369529094488189
20
-0.0733518503937008
11
-0.3940551181102362
21
-0.0735316535433071
0
LINE
8
BLACK
6
CONTINUOUS
10
-0.3940551181102362
20
-0.0735316535433071
11
-0.3949590944881889
21
-0.0733518503937008
0
LINE
8
BLACK
6
CONTINUOUS
10
-0.3949590944881889
20
-0.0733518503937008
11
-0.3962375196850393
21
-0.0720734251968504
0
LINE
8
BLACK
6
CONTINUOUS
10
-0.3962375196850393
20
-0.0720734251968504
11
-0.3962375196850393
21
-0.0702654724409449
0
LINE
8
BLACK
6
CONTINUOUS
10
-0.3962375196850393
20
-0.0702654724409449
11
-0.3839144094488189
21
-0.0576881102362205
0
LINE
8
BLACK
6
CONTINUOUS
10
-0.3839144094488189
20
-0.0576881102362205
11
-0.3831480708661417
21
-0.0571760236220472
0
LINE
8
BLACK
6
CONTINUOUS
10
-0.3831480708661417
20
-0.0571760236220472
11
-0.3813401181102362
21
-0.0571760236220472
0
LINE
8
BLACK
6
CONTINUOUS
10
-0.3885640551181102
20
-0.068940157480315
11
-0.3759342913385827
21
-0.0688475590551181
0
LINE
8
BLACK
6
CONTINUOUS
10
-0.3759342913385827
20
-0.0688475590551181
11
-0.382331811023622
21
-0.0625793307086614
0
LINE
8
BLACK
6
CONTINUOUS
10
-0.382331811023622
20
-0.0625793307086614
11
-0.3885640551181102
21
-0.068940157480315
0
LINE
8
BLACK
6
CONTINUOUS
10
-0.7840235826771653
20
-0.0177733070866142
11
-0.7839804330708662
21
-0.0177668897637795
0
LINE
8
BLACK
6
CONTINUOUS
10
-0.7839804330708662
20
-0.0177668897637795
11
-0.7839073228346457
21
-0.0177847244094488
0
LINE
8
BLACK
6
CONTINUOUS
10
-0.7839073228346457
20
-0.0177847244094488
11
-0.783547874015748
21
-0.017820157480315
0
LINE
8
BLACK
6
CONTINUOUS
10
-0.783547874015748
20
-0.017820157480315
11
-0.7832393307086614
21
-0.0179479527559055
0
LINE
8
BLACK
6
CONTINUOUS
10
-0.7832393307086614
20
-0.0179479527559055
11
-0.7736590157480315
21
-0.0202887401574803
0
LINE
8
BLACK
6
CONTINUOUS
10
-0.7736590157480315
20
-0.0202887401574803
11
-0.7736165354330709
21
-0.0203038976377953
0
LINE
8
BLACK
6
CONTINUOUS
10
-0.7736165354330709
20
-0.0203038976377953
11
-0.7735952362204724
21
-0.0203054330708661
0
LINE
8
BLACK
6
CONTINUOUS
10
-0.7735952362204724
20
-0.0203054330708661
11
-0.7735487401574803
21
-0.0203281102362205
0
LINE
8
BLACK
6
CONTINUOUS
10
-0.7735487401574803
20
-0.0203281102362205
11
-0.7731138976377953
21
-0.0204835039370079
0
LINE
8
BLACK
6
CONTINUOUS
10
-0.7731138976377953
20
-0.0204835039370079
11
-0.7728884645669292
21
-0.0206505511811024
0
LINE
8
BLACK
6
CONTINUOUS
10
-0.7728884645669292
20
-0.0206505511811024
11
-0.7681802755905511
21
-0.0229495275590551
0
LINE
8
BLACK
6
CONTINUOUS
10
-0.7681802755905511
20
-0.0229495275590551
11
-0.7679324015748031
21
-0.0231055511811024
0
LINE
8
BLACK
6
CONTINUOUS
10
-0.7679324015748031
20
-0.0231055511811024
11
-0.7678603149606299
21
-0.0231354330708661
0
LINE
8
BLACK
6
CONTINUOUS
10
-0.7678603149606299
20
-0.0231354330708661
11
-0.7678166929133858
21
-0.0231783858267717
0
LINE
8
BLACK
6
CONTINUOUS
10
-0.7678166929133858
20
-0.0231783858267717
11
-0.7676903937007874
21
-0.0232579133858268
0
LINE
8
BLACK
6
CONTINUOUS
10
-0.7676903937007874
20
-0.0232579133858268
11
-0.7674234251968504
21
-0.0235657086614173
0
LINE
8
BLACK
6
CONTINUOUS
10
-0.7674234251968504
20
-0.0235657086614173
11
-0.7625384645669291
21
-0.0283770472440945
0
LINE
8
BLACK
6
CONTINUOUS
10
-0.7625384645669291
20
-0.0283770472440945
11
-0.7621712204724409
21
-0.0288244881889764
0
LINE
8
BLACK
6
CONTINUOUS
10
-0.7621712204724409
20
-0.0288244881889764
11
-0.7621306299212598
21
-0.0289225196850394
0
LINE
8
BLACK
6
CONTINUOUS
10
-0.7621306299212598
20
-0.0289225196850394
11
-0.7620611417322835
21
-0.0290026377952756
0
LINE
8
BLACK
6
CONTINUOUS
10
-0.7620611417322835
20
-0.0290026377952756
11
-0.7618921259842519
21
-0.0294983464566929
0
LINE
8
BLACK
6
CONTINUOUS
10
-0.7618921259842519
20
-0.0294983464566929
11
-0.7617303543307087
21
-0.029888937007874
0
LINE
8
BLACK
6
CONTINUOUS
10
-0.7617303543307087
20
-0.029888937007874
11
-0.7617303543307087
21
-0.0299727952755906
0
LINE
8
BLACK
6
CONTINUOUS
10
-0.7617303543307087
20
-0.0299727952755906
11
-0.7593879527559055
21
-0.0368427952755905
0
LINE
8
BLACK
6
CONTINUOUS
10
-0.7593879527559055
20
-0.0368427952755905
11
-0.759323031496063
21
-0.0371283464566929
0
LINE
8
BLACK
6
CONTINUOUS
10
-0.759323031496063
20
-0.0371283464566929
11
-0.7592931496062992
21
-0.0372004724409449
0
LINE
8
BLACK
6
CONTINUOUS
10
-0.7592931496062992
20
-0.0372004724409449
11
-0.7592925196850393
21
-0.0372625590551181
0
LINE
8
BLACK
6
CONTINUOUS
10
-0.7592925196850393
20
-0.0372625590551181
11
-0.7592596062992126
21
-0.0374072440944882
0
LINE
8
BLACK
6
CONTINUOUS
10
-0.7592596062992126
20
-0.0374072440944882
11
-0.7592870078740157
21
-0.0377925590551181
0
LINE
8
BLACK
6
CONTINUOUS
10
-0.7592870078740157
20
-0.0377925590551181
11
-0.7592364173228346
21
-0.042650905511811
0
LINE
8
BLACK
6
CONTINUOUS
10
-0.7592364173228346
20
-0.042650905511811
11
-0.759265157480315
21
-0.0429424409448819
0
LINE
8
BLACK
6
CONTINUOUS
10
-0.759265157480315
20
-0.0429424409448819
11
-0.7592596062992126
21
-0.0430201968503937
0
LINE
8
BLACK
6
CONTINUOUS
10
-0.7592596062992126
20
-0.0430201968503937
11
-0.7592785039370079
21
-0.043078188976378
0
LINE
8
BLACK
6
CONTINUOUS
10
-0.7592785039370079
20
-0.043078188976378
11
-0.7592931496062992
21
-0.043226968503937
0
LINE
8
BLACK
6
CONTINUOUS
10
-0.7592931496062992
20
-0.043226968503937
11
-0.7594514566929134
21
-0.0436090551181102
0
LINE
8
BLACK
6
CONTINUOUS
10
-0.7594514566929134
20
-0.0436090551181102
11
-0.761825157480315
21
-0.0508962598425197
0
LINE
8
BLACK
6
CONTINUOUS
10
-0.761825157480315
20
-0.0508962598425197
11
-0.7620611417322835
21
-0.051424842519685
0
LINE
8
BLACK
6
CONTINUOUS
10
-0.7620611417322835
20
-0.051424842519685
11
-0.7621307086614173
21
-0.051505
0
LINE
8
BLACK
6
CONTINUOUS
10
-0.7621307086614173
20
-0.051505
11
-0.7621712598425197
21
-0.0516029921259843
0
LINE
8
BLACK
6
CONTINUOUS
10
-0.7621712598425197
20
-0.0516029921259843
11
-0.7625828346456692
21
-0.0520262992125984
0
LINE
8
BLACK
6
CONTINUOUS
10
-0.7625828346456692
20
-0.0520262992125984
11
-0.7628160236220473
21
-0.0522951968503937
0
LINE
8
BLACK
6
CONTINUOUS
10
-0.7628160236220473
20
-0.0522951968503937
11
-0.762870905511811
21
-0.0523225984251968
0
LINE
8
BLACK
6
CONTINUOUS
10
-0.762870905511811
20
-0.0523225984251968
11
-0.7649756692913385
21
-0.0544875984251968
0
LINE
8
BLACK
6
CONTINUOUS
10
-0.7649756692913385
20
-0.0544875984251968
11
-0.7654231496062992
21
-0.054854842519685
0
LINE
8
BLACK
6
CONTINUOUS
10
-0.7654231496062992
20
-0.054854842519685
11
-0.7664875590551181
21
-0.0552957086614173
0
LINE
8
BLACK
6
CONTINUOUS
10
-0.7664875590551181
20
-0.0552957086614173
11
-0.7676396456692913
21
-0.0552957086614173
0
LINE
8
BLACK
6
CONTINUOUS
10
-0.7676396456692913
20
-0.0552957086614173
11
-0.7687040551181102
21
-0.0548548031496063
0
LINE
8
BLACK
6
CONTINUOUS
10
-0.7687040551181102
20
-0.0548548031496063
11
-0.7695187401574803
21
-0.0540401181102362
0
LINE
8
BLACK
6
CONTINUOUS
10
-0.7695187401574803
20
-0.0540401181102362
11
-0.7699596062992126
21
-0.0529757086614173
0
LINE
8
BLACK
6
CONTINUOUS
10
-0.7699596062992126
20
-0.0529757086614173
11
-0.7699596062992126
21
-0.0518236220472441
0
LINE
8
BLACK
6
CONTINUOUS
10
-0.7699596062992126
20
-0.0518236220472441
11
-0.7695187007874016
21
-0.0507592125984252
0
LINE
8
BLACK
6
CONTINUOUS
10
-0.7695187007874016
20
-0.0507592125984252
11
-0.7671381496062992
21
-0.0483105511811024
0
LINE
8
BLACK
6
CONTINUOUS
10
-0.7671381496062992
20
-0.0483105511811024
11
-0.7650975196850394
21
-0.042045905511811
0
LINE
8
BLACK
6
CONTINUOUS
10
-0.7650975196850394
20
-0.042045905511811
11
-0.7651384645669291
21
-0.0381125590551181
0
LINE
8
BLACK
6
CONTINUOUS
10
-0.7651384645669291
20
-0.0381125590551181
11
-0.7672335039370078
21
-0.031968031496063
0
LINE
8
BLACK
6
CONTINUOUS
10
-0.7672335039370078
20
-0.031968031496063
11
-0.7713444881889764
21
-0.0279190157480315
0
LINE
8
BLACK
6
CONTINUOUS
10
-0.7713444881889764
20
-0.0279190157480315
11
-0.775610905511811
21
-0.0258357480314961
0
LINE
8
BLACK
6
CONTINUOUS
10
-0.775610905511811
20
-0.0258357480314961
11
-0.7846782283464567
21
-0.0236203149606299
0
LINE
8
BLACK
6
CONTINUOUS
10
-0.7846782283464567
20
-0.0236203149606299
11
-0.7912762992125985
21
-0.0236677559055118
0
LINE
8
BLACK
6
CONTINUOUS
10
-0.7912762992125985
20
-0.0236677559055118
11
-0.8003584645669292
21
-0.0259898818897638
0
LINE
8
BLACK
6
CONTINUOUS
10
-0.8003584645669292
20
-0.0259898818897638
11
-0.8044374409448819
21
-0.0280775984251968
0
LINE
8
BLACK
6
CONTINUOUS
10
-0.8044374409448819
20
-0.0280775984251968
11
-0.808424094488189
21
-0.0321253149606299
0
LINE
8
BLACK
6
CONTINUOUS
10
-0.808424094488189
20
-0.0321253149606299
11
-0.810461968503937
21
-0.0383814960629921
0
LINE
8
BLACK
6
CONTINUOUS
10
-0.810461968503937
20
-0.0383814960629921
11
-0.8104210236220473
21
-0.042314842519685
0
LINE
8
BLACK
6
CONTINUOUS
10
-0.8104210236220473
20
-0.042314842519685
11
-0.8083322834645669
21
-0.0484410236220472
0
LINE
8
BLACK
6
CONTINUOUS
10
-0.8083322834645669
20
-0.0484410236220472
11
-0.8064079921259842
21
-0.0503117716535433
0
LINE
8
BLACK
6
CONTINUOUS
10
-0.8064079921259842
20
-0.0503117716535433
11
-0.8060407874015748
21
-0.0507592125984252
0
LINE
8
BLACK
6
CONTINUOUS
10
-0.8060407874015748
20
-0.0507592125984252
11
-0.8055998818897637
21
-0.0518236220472441
0
LINE
8
BLACK
6
CONTINUOUS
10
-0.8055998818897637
20
-0.0518236220472441
11
-0.8055998818897637
21
-0.0529757086614173
0
LINE
8
BLACK
6
CONTINUOUS
10
-0.8055998818897637
20
-0.0529757086614173
11
-0.8060407874015748
21
-0.0540401181102362
0
LINE
8
BLACK
6
CONTINUOUS
10
-0.8060407874015748
20
-0.0540401181102362
11
-0.8068554724409449
21
-0.0548548031496063
0
LINE
8
BLACK
6
CONTINUOUS
10
-0.8068554724409449
20
-0.0548548031496063
11
-0.8079198818897637
21
-0.0552957086614173
0
LINE
8
BLACK
6
CONTINUOUS
10
-0.8079198818897637
20
-0.0552957086614173
11
-0.809071968503937
21
-0.0552957086614173
0
LINE
8
BLACK
6
CONTINUOUS
10
-0.809071968503937
20
-0.0552957086614173
11
-0.8101363779527558
21
-0.0548548031496063
0
LINE
8
BLACK
6
CONTINUOUS
10
-0.8101363779527558
20
-0.0548548031496063
11
-0.8130209842519684
21
-0.0520504330708661
0
LINE
8
BLACK
6
CONTINUOUS
10
-0.8130209842519684
20
-0.0520504330708661
11
-0.8133881889763779
21
-0.0516029921259843
0
LINE
8
BLACK
6
CONTINUOUS
10
-0.8133881889763779
20
-0.0516029921259843
11
-0.813428779527559
21
-0.051505
0
LINE
8
BLACK
6
CONTINUOUS
10
-0.813428779527559
20
-0.051505
11
-0.8134983070866142
21
-0.051424842519685
0
LINE
8
BLACK
6
CONTINUOUS
10
-0.8134983070866142
20
-0.051424842519685
11
-0.8136674015748031
21
-0.0509288976377953
0
LINE
8
BLACK
6
CONTINUOUS
10
-0.8136674015748031
20
-0.0509288976377953
11
-0.813829094488189
21
-0.0505385433070866
0
LINE
8
BLACK
6
CONTINUOUS
10
-0.813829094488189
20
-0.0505385433070866
11
-0.813829094488189
21
-0.0504546456692913
0
LINE
8
BLACK
6
CONTINUOUS
10
-0.813829094488189
20
-0.0504546456692913
11
-0.8161714960629921
21
-0.0435846456692913
0
LINE
8
BLACK
6
CONTINUOUS
10
-0.8161714960629921
20
-0.0435846456692913
11
-0.8162364566929133
21
-0.0432990551181102
0
LINE
8
BLACK
6
CONTINUOUS
10
-0.8162364566929133
20
-0.0432990551181102
11
-0.8162662992125984
21
-0.043226968503937
0
LINE
8
BLACK
6
CONTINUOUS
10
-0.8162662992125984
20
-0.043226968503937
11
-0.816266968503937
21
-0.043164842519685
0
LINE
8
BLACK
6
CONTINUOUS
10
-0.816266968503937
20
-0.043164842519685
11
-0.816299842519685
21
-0.0430201968503937
0
LINE
8
BLACK
6
CONTINUOUS
10
-0.816299842519685
20
-0.0430201968503937
11
-0.8162724803149606
21
-0.042635
0
LINE
8
BLACK
6
CONTINUOUS
10
-0.8162724803149606
20
-0.042635
11
-0.816323031496063
21
-0.0377765354330709
0
LINE
8
BLACK
6
CONTINUOUS
10
-0.816323031496063
20
-0.0377765354330709
11
-0.8162943307086614
21
-0.0374849606299213
0
LINE
8
BLACK
6
CONTINUOUS
10
-0.8162943307086614
20
-0.0374849606299213
11
-0.816299842519685
21
-0.0374072440944882
0
LINE
8
BLACK
6
CONTINUOUS
10
-0.816299842519685
20
-0.0374072440944882
11
-0.8162809842519685
21
-0.0373492125984252
0
LINE
8
BLACK
6
CONTINUOUS
10
-0.8162809842519685
20
-0.0373492125984252
11
-0.8162662992125984
21
-0.0372004724409449
0
LINE
8
BLACK
6
CONTINUOUS
10
-0.8162662992125984
20
-0.0372004724409449
11
-0.8161080314960629
21
-0.0368183464566929
0
LINE
8
BLACK
6
CONTINUOUS
10
-0.8161080314960629
20
-0.0368183464566929
11
-0.8137342913385827
21
-0.0295312204724409
0
LINE
8
BLACK
6
CONTINUOUS
10
-0.8137342913385827
20
-0.0295312204724409
11
-0.8134983070866142
21
-0.0290026377952756
0
LINE
8
BLACK
6
CONTINUOUS
10
-0.8134983070866142
20
-0.0290026377952756
11
-0.8134288188976377
21
-0.0289224803149606
0
LINE
8
BLACK
6
CONTINUOUS
10
-0.8134288188976377
20
-0.0289224803149606
11
-0.8133882283464566
21
-0.0288245275590551
0
LINE
8
BLACK
6
CONTINUOUS
10
-0.8133882283464566
20
-0.0288245275590551
11
-0.8130163385826772
21
-0.0284469291338583
0
LINE
8
BLACK
6
CONTINUOUS
10
-0.8130163385826772
20
-0.0284469291338583
11
-0.8127434251968504
21
-0.0281322834645669
0
LINE
8
BLACK
6
CONTINUOUS
10
-0.8127434251968504
20
-0.0281322834645669
11
-0.8126705511811023
21
-0.0280958267716535
0
LINE
8
BLACK
6
CONTINUOUS
10
-0.8126705511811023
20
-0.0280958267716535
11
-0.8081466141732283
21
-0.0235026377952756
0
LINE
8
BLACK
6
CONTINUOUS
10
-0.8081466141732283
20
-0.0235026377952756
11
-0.8079202755905511
21
-0.0233168503937008
0
LINE
8
BLACK
6
CONTINUOUS
10
-0.8079202755905511
20
-0.0233168503937008
11
-0.807869094488189
21
-0.023257874015748
0
LINE
8
BLACK
6
CONTINUOUS
10
-0.807869094488189
20
-0.023257874015748
11
-0.8078140551181102
21
-0.0232296850393701
0
LINE
8
BLACK
6
CONTINUOUS
10
-0.8078140551181102
20
-0.0232296850393701
11
-0.8076991732283464
21
-0.0231354330708661
0
LINE
8
BLACK
6
CONTINUOUS
10
-0.8076991732283464
20
-0.0231354330708661
11
-0.807335748031496
21
-0.022984842519685
0
LINE
8
BLACK
6
CONTINUOUS
10
-0.807335748031496
20
-0.022984842519685
11
-0.8025048031496063
21
-0.0205123228346457
0
LINE
8
BLACK
6
CONTINUOUS
10
-0.8025048031496063
20
-0.0205123228346457
11
-0.8024627165354331
21
-0.0204961811023622
0
LINE
8
BLACK
6
CONTINUOUS
10
-0.8024627165354331
20
-0.0204961811023622
11
-0.8024455511811024
21
-0.0204835039370079
0
LINE
8
BLACK
6
CONTINUOUS
10
-0.8024455511811024
20
-0.0204835039370079
11
-0.8023972047244095
21
-0.0204711023622047
0
LINE
8
BLACK
6
CONTINUOUS
10
-0.8023972047244095
20
-0.0204711023622047
11
-0.8019641732283465
21
-0.0203054330708661
0
LINE
8
BLACK
6
CONTINUOUS
10
-0.8019641732283465
20
-0.0203054330708661
11
-0.8016663385826771
21
-0.0202842519685039
0
LINE
8
BLACK
6
CONTINUOUS
10
-0.8016663385826771
20
-0.0202842519685039
11
-0.7921516535433071
21
-0.0178515748031496
0
LINE
8
BLACK
6
CONTINUOUS
10
-0.7921516535433071
20
-0.0178515748031496
11
-0.7920517716535432
21
-0.0178367716535433
0
LINE
8
BLACK
6
CONTINUOUS
10
-0.7920517716535432
20
-0.0178367716535433
11
-0.7920115748031495
21
-0.017820157480315
0
LINE
8
BLACK
6
CONTINUOUS
10
-0.7920115748031495
20
-0.017820157480315
11
-0.7919355118110236
21
-0.0178196062992126
0
LINE
8
BLACK
6
CONTINUOUS
10
-0.7919355118110236
20
-0.0178196062992126
11
-0.7915790157480315
21
-0.0177668897637795
0
LINE
8
BLACK
6
CONTINUOUS
10
-0.7915790157480315
20
-0.0177668897637795
11
-0.7912575590551181
21
-0.0178147244094488
0
LINE
8
BLACK
6
CONTINUOUS
10
-0.7912575590551181
20
-0.0178147244094488
11
-0.784123937007874
21
-0.0177634251968504
0
LINE
8
BLACK
6
CONTINUOUS
10
-0.784123937007874
20
-0.0177634251968504
11
-0.7840235826771653
21
-0.0177733070866142
0
LINE
8
BLACK
6
CONTINUOUS
10
-0.2789779133858268
20
0.0294381496062992
11
-0.2788635433070866
21
0.0293237795275591
0
LINE
8
BLACK
6
CONTINUOUS
10
-0.2788635433070866
20
0.0293237795275591
11
-0.276013031496063
21
0.029043031496063
0
LINE
8
BLACK
6
CONTINUOUS
10
-0.276013031496063
20
0.029043031496063
11
-0.2704000393700787
21
0.0273403149606299
0
LINE
8
BLACK
6
CONTINUOUS
10
-0.2704000393700787
20
0.0273403149606299
11
-0.2652270472440945
21
0.0245753149606299
0
LINE
8
BLACK
6
CONTINUOUS
10
-0.2652270472440945
20
0.0245753149606299
11
-0.260692874015748
21
0.0208542125984252
0
LINE
8
BLACK
6
CONTINUOUS
10
-0.260692874015748
20
0.0208542125984252
11
-0.2569717716535433
21
0.0163200393700787
0
LINE
8
BLACK
6
CONTINUOUS
10
-0.2569717716535433
20
0.0163200393700787
11
-0.2542067716535433
21
0.0111470472440945
0
LINE
8
BLACK
6
CONTINUOUS
10
-0.2542067716535433
20
0.0111470472440945
11
-0.2525040551181102
21
0.0055340551181102
0
LINE
8
BLACK
6
CONTINUOUS
10
-0.2525040551181102
20
0.0055340551181102
11
-0.2519291338582677
21
-0.0003033070866142
0
LINE
8
BLACK
6
CONTINUOUS
10
-0.2519291338582677
20
-0.0003033070866142
11
-0.2520985039370079
21
-0.0008244881889764
0
LINE
8
BLACK
6
CONTINUOUS
10
-0.2520985039370079
20
-0.0008244881889764
11
-0.2519291338582677
21
-0.0239253543307087
0
LINE
8
BLACK
6
CONTINUOUS
10
-0.2519291338582677
20
-0.0239253543307087
11
-0.2525040551181102
21
-0.0297627165354331
0
LINE
8
BLACK
6
CONTINUOUS
10
-0.2525040551181102
20
-0.0297627165354331
11
-0.2542067716535433
21
-0.0353757086614173
0
LINE
8
BLACK
6
CONTINUOUS
10
-0.2542067716535433
20
-0.0353757086614173
11
-0.2569717716535433
21
-0.0405487007874016
0
LINE
8
BLACK
6
CONTINUOUS
10
-0.2569717716535433
20
-0.0405487007874016
11
-0.260692874015748
21
-0.045082874015748
0
LINE
8
BLACK
6
CONTINUOUS
10
-0.260692874015748
20
-0.045082874015748
11
-0.2652270472440945
21
-0.0488039763779528
0
LINE
8
BLACK
6
CONTINUOUS
10
-0.2652270472440945
20
-0.0488039763779528
11
-0.2704000393700787
21
-0.0515689763779528
0
LINE
8
BLACK
6
CONTINUOUS
10
-0.2704000393700787
20
-0.0515689763779528
11
-0.276013031496063
21
-0.0532716929133858
0
LINE
8
BLACK
6
CONTINUOUS
10
-0.276013031496063
20
-0.0532716929133858
11
-0.2788635433070866
21
-0.0535524015748031
0
LINE
8
BLACK
6
CONTINUOUS
10
-0.2788635433070866
20
-0.0535524015748031
11
-0.2789779133858268
21
-0.053666811023622
0
LINE
8
BLACK
6
CONTINUOUS
10
-0.2789779133858268
20
-0.053666811023622
11
-0.2800422834645669
21
-0.0536685039370079
0
LINE
8
BLACK
6
CONTINUOUS
10
-0.2800422834645669
20
-0.0536685039370079
11
-0.2818503937007874
21
-0.0538466141732283
0
LINE
8
BLACK
6
CONTINUOUS
10
-0.2818503937007874
20
-0.0538466141732283
11
-0.2823868110236221
21
-0.0536723228346457
0
LINE
8
BLACK
6
CONTINUOUS
10
-0.2823868110236221
20
-0.0536723228346457
11
-0.3881397637795275
21
-0.0538433858267717
0
LINE
8
BLACK
6
CONTINUOUS
10
-0.3881397637795275
20
-0.0538433858267717
11
-0.3881496062992126
21
-0.0538466141732283
0
LINE
8
BLACK
6
CONTINUOUS
10
-0.3881496062992126
20
-0.0538466141732283
11
-0.3881814566929134
21
-0.0538434645669291
0
LINE
8
BLACK
6
CONTINUOUS
10
-0.3881814566929134
20
-0.0538434645669291
11
-0.3901181102362205
21
-0.0538466141732283
0
LINE
8
BLACK
6
CONTINUOUS
10
-0.3901181102362205
20
-0.0538466141732283
11
-0.3910220866141732
21
-0.053666811023622
0
LINE
8
BLACK
6
CONTINUOUS
10
-0.3910220866141732
20
-0.053666811023622
11
-0.3911364960629921
21
-0.0535524015748031
0
LINE
8
BLACK
6
CONTINUOUS
10
-0.3911364960629921
20
-0.0535524015748031
11
-0.393986968503937
21
-0.0532716929133858
0
LINE
8
BLACK
6
CONTINUOUS
10
-0.393986968503937
20
-0.0532716929133858
11
-0.3995999606299213
21
-0.0515689763779528
0
LINE
8
BLACK
6
CONTINUOUS
10
-0.3995999606299213
20
-0.0515689763779528
11
-0.4047729527559055
21
-0.0488039763779528
0
LINE
8
BLACK
6
CONTINUOUS
10
-0.4047729527559055
20
-0.0488039763779528
11
-0.409307125984252
21
-0.045082874015748
0
LINE
8
BLACK
6
CONTINUOUS
10
-0.409307125984252
20
-0.045082874015748
11
-0.4130282283464567
21
-0.0405487007874016
0
LINE
8
BLACK
6
CONTINUOUS
10
-0.4130282283464567
20
-0.0405487007874016
11
-0.4157932283464567
21
-0.0353757086614173
0
LINE
8
BLACK
6
CONTINUOUS
10
-0.4157932283464567
20
-0.0353757086614173
11
-0.4174959448818897
21
-0.0297627165354331
0
LINE
8
BLACK
6
CONTINUOUS
10
-0.4174959448818897
20
-0.0297627165354331
11
-0.4180708661417323
21
-0.0239253543307087
0
LINE
8
BLACK
6
CONTINUOUS
10
-0.4180708661417323
20
-0.0239253543307087
11
-0.4179015354330708
21
-0.0234041338582677
0
LINE
8
BLACK
6
CONTINUOUS
10
-0.4179015354330708
20
-0.0234041338582677
11
-0.4180708661417323
21
-0.0003033070866142
0
LINE
8
BLACK
6
CONTINUOUS
10
-0.4180708661417323
20
-0.0003033070866142
11
-0.4174959448818897
21
0.0055340551181102
0
LINE
8
BLACK
6
CONTINUOUS
10
-0.4174959448818897
20
0.0055340551181102
11
-0.4157932283464567
21
0.0111470472440945
0
LINE
8
BLACK
6
CONTINUOUS
10
-0.4157932283464567
20
0.0111470472440945
11
-0.4130282283464567
21
0.0163200393700787
0
LINE
8
BLACK
6
CONTINUOUS
10
-0.4130282283464567
20
0.0163200393700787
11
-0.409307125984252
21
0.0208542125984252
0
LINE
8
BLACK
6
CONTINUOUS
10
-0.409307125984252
20
0.0208542125984252
11
-0.4047729527559055
21
0.0245753149606299
0
LINE
8
BLACK
6
CONTINUOUS
10
-0.4047729527559055
20
0.0245753149606299
11
-0.3995999606299213
21
0.0273403149606299
0
LINE
8
BLACK
6
CONTINUOUS
10
-0.3995999606299213
20
0.0273403149606299
11
-0.393986968503937
21
0.029043031496063
0
LINE
8
BLACK
6
CONTINUOUS
10
-0.393986968503937
20
0.029043031496063
11
-0.3911364960629921
21
0.0293237795275591
0
LINE
8
BLACK
6
CONTINUOUS
10
-0.3911364960629921
20
0.0293237795275591
11
-0.3910220866141732
21
0.0294381496062992
0
LINE
8
BLACK
6
CONTINUOUS
10
-0.3910220866141732
20
0.0294381496062992
11
-0.3899577559055118
21
0.0294398818897638
0
LINE
8
BLACK
6
CONTINUOUS
10
-0.3899577559055118
20
0.0294398818897638
11
-0.3881496062992126
21
0.0296179527559055
0
LINE
8
BLACK
6
CONTINUOUS
10
-0.3881496062992126
20
0.0296179527559055
11
-0.3876132283464567
21
0.0294437007874016
0
LINE
8
BLACK
6
CONTINUOUS
10
-0.3876132283464567
20
0.0294437007874016
11
-0.2818602755905512
21
0.0296147637795276
0
LINE
8
BLACK
6
CONTINUOUS
10
-0.2818602755905512
20
0.0296147637795276
11
-0.2818503937007874
21
0.0296179527559055
0
LINE
8
BLACK
6
CONTINUOUS
10
-0.2818503937007874
20
0.0296179527559055
11
-0.2818185826771654
21
0.029614842519685
0
LINE
8
BLACK
6
CONTINUOUS
10
-0.2818185826771654
20
0.029614842519685
11
-0.2798818897637795
21
0.0296179527559055
0
LINE
8
BLACK
6
CONTINUOUS
10
-0.2798818897637795
20
0.0296179527559055
11
-0.2789779133858268
21
0.0294381496062992
0
LINE
8
BLACK
6
CONTINUOUS
10
-0.3881397637795275
20
0.0248967716535433
11
-0.3881496062992126
21
0.0248935433070866
0
LINE
8
BLACK
6
CONTINUOUS
10
-0.3881496062992126
20
0.0248935433070866
11
-0.3909886220472441
21
0.0248935433070866
0
LINE
8
BLACK
6
CONTINUOUS
10
-0.3909886220472441
20
0.0248935433070866
11
-0.3965242519685039
21
0.0236300787401575
0
LINE
8
BLACK
6
CONTINUOUS
10
-0.3965242519685039
20
0.0236300787401575
11
-0.4016399606299212
21
0.0211664960629921
0
LINE
8
BLACK
6
CONTINUOUS
10
-0.4016399606299212
20
0.0211664960629921
11
-0.4060792125984252
21
0.0176262992125984
0
LINE
8
BLACK
6
CONTINUOUS
10
-0.4060792125984252
20
0.0176262992125984
11
-0.4096194094488189
21
0.0131870472440945
0
LINE
8
BLACK
6
CONTINUOUS
10
-0.4096194094488189
20
0.0131870472440945
11
-0.4120829921259843
21
0.0080713385826772
0
LINE
8
BLACK
6
CONTINUOUS
10
-0.4120829921259843
20
0.0080713385826772
11
-0.4133464566929134
21
0.0025357086614173
0
LINE
8
BLACK
6
CONTINUOUS
10
-0.4133464566929134
20
0.0025357086614173
11
-0.4133464566929134
21
-0.0003033070866142
0
LINE
8
BLACK
6
CONTINUOUS
10
-0.4133464566929134
20
-0.0003033070866142
11
-0.4135158267716535
21
-0.0008244881889764
0
LINE
8
BLACK
6
CONTINUOUS
10
-0.4135158267716535
20
-0.0008244881889764
11
-0.4133464566929134
21
-0.0239253543307087
0
LINE
8
BLACK
6
CONTINUOUS
10
-0.4133464566929134
20
-0.0239253543307087
11
-0.4133464566929134
21
-0.0267643700787402
0
LINE
8
BLACK
6
CONTINUOUS
10
-0.4133464566929134
20
-0.0267643700787402
11
-0.4120829921259843
21
-0.0323
0
LINE
8
BLACK
6
CONTINUOUS
10
-0.4120829921259843
20
-0.0323
11
-0.4096194094488189
21
-0.0374157086614173
0
LINE
8
BLACK
6
CONTINUOUS
10
-0.4096194094488189
20
-0.0374157086614173
11
-0.4060792125984252
21
-0.0418549606299213
0
LINE
8
BLACK
6
CONTINUOUS
10
-0.4060792125984252
20
-0.0418549606299213
11
-0.4016399606299212
21
-0.045395157480315
0
LINE
8
BLACK
6
CONTINUOUS
10
-0.4016399606299212
20
-0.045395157480315
11
-0.3965242519685039
21
-0.0478587401574803
0
LINE
8
BLACK
6
CONTINUOUS
10
-0.3965242519685039
20
-0.0478587401574803
11
-0.3909886220472441
21
-0.0491222047244094
0
LINE
8
BLACK
6
CONTINUOUS
10
-0.3909886220472441
20
-0.0491222047244094
11
-0.3881496062992126
21
-0.0491222047244094
0
LINE
8
BLACK
6
CONTINUOUS
10
-0.3881496062992126
20
-0.0491222047244094
11
-0.3876132283464567
21
-0.0492964566929134
0
LINE
8
BLACK
6
CONTINUOUS
10
-0.3876132283464567
20
-0.0492964566929134
11
-0.2818602755905512
21
-0.0491253937007874
0
LINE
8
BLACK
6
CONTINUOUS
10
-0.2818602755905512
20
-0.0491253937007874
11
-0.2818503937007874
21
-0.0491222047244094
0
LINE
8
BLACK
6
CONTINUOUS
10
-0.2818503937007874
20
-0.0491222047244094
11
-0.2790113779527559
21
-0.0491222047244094
0
LINE
8
BLACK
6
CONTINUOUS
10
-0.2790113779527559
20
-0.0491222047244094
11
-0.273475748031496
21
-0.0478587401574803
0
LINE
8
BLACK
6
CONTINUOUS
10
-0.273475748031496
20
-0.0478587401574803
11
-0.2683600393700787
21
-0.045395157480315
0
LINE
8
BLACK
6
CONTINUOUS
10
-0.2683600393700787
20
-0.045395157480315
11
-0.2639207874015748
21
-0.0418549606299213
0
LINE
8
BLACK
6
CONTINUOUS
10
-0.2639207874015748
20
-0.0418549606299213
11
-0.2603805905511811
21
-0.0374157086614173
0
LINE
8
BLACK
6
CONTINUOUS
10
-0.2603805905511811
20
-0.0374157086614173
11
-0.2579170078740157
21
-0.0323
0
LINE
8
BLACK
6
CONTINUOUS
10
-0.2579170078740157
20
-0.0323
11
-0.2566535433070866
21
-0.0267643700787402
0
LINE
8
BLACK
6
CONTINUOUS
10
-0.2566535433070866
20
-0.0267643700787402
11
-0.2566535433070866
21
-0.0239253543307087
0
LINE
8
BLACK
6
CONTINUOUS
10
-0.2566535433070866
20
-0.0239253543307087
11
-0.2564842125984252
21
-0.0234041338582677
0
LINE
8
BLACK
6
CONTINUOUS
10
-0.2564842125984252
20
-0.0234041338582677
11
-0.2566535433070866
21
-0.0003033070866142
0
LINE
8
BLACK
6
CONTINUOUS
10
-0.2566535433070866
20
-0.0003033070866142
11
-0.2566535433070866
21
0.0025357086614173
0
LINE
8
BLACK
6
CONTINUOUS
10
-0.2566535433070866
20
0.0025357086614173
11
-0.2579170078740157
21
0.0080713385826772
0
LINE
8
BLACK
6
CONTINUOUS
10
-0.2579170078740157
20
0.0080713385826772
11
-0.2603805905511811
21
0.0131870472440945
0
LINE
8
BLACK
6
CONTINUOUS
10
-0.2603805905511811
20
0.0131870472440945
11
-0.2639207874015748
21
0.0176262992125984
0
LINE
8
BLACK
6
CONTINUOUS
10
-0.2639207874015748
20
0.0176262992125984
11
-0.2683600393700787
21
0.0211664960629921
0
LINE
8
BLACK
6
CONTINUOUS
10
-0.2683600393700787
20
0.0211664960629921
11
-0.273475748031496
21
0.0236300787401575
0
LINE
8
BLACK
6
CONTINUOUS
10
-0.273475748031496
20
0.0236300787401575
11
-0.2790113779527559
21
0.0248935433070866
0
LINE
8
BLACK
6
CONTINUOUS
10
-0.2790113779527559
20
0.0248935433070866
11
-0.2818503937007874
21
0.0248935433070866
0
LINE
8
BLACK
6
CONTINUOUS
10
-0.2818503937007874
20
0.0248935433070866
11
-0.2823868110236221
21
0.0250678346456693
0
LINE
8
BLACK
6
CONTINUOUS
10
-0.2823868110236221
20
0.0250678346456693
11
-0.3881397637795275
21
0.0248967716535433
0
LINE
8
BLACK
6
CONTINUOUS
10
0.3943862598425197
20
0.0305925590551181
11
0.3954506692913386
21
0.0301516535433071
0
LINE
8
BLACK
6
CONTINUOUS
10
0.3954506692913386
20
0.0301516535433071
11
0.3962653149606299
21
0.0293370078740157
0
LINE
8
BLACK
6
CONTINUOUS
10
0.3962653149606299
20
0.0293370078740157
11
0.3967062204724409
21
0.0282725984251968
0
LINE
8
BLACK
6
CONTINUOUS
10
0.3967062204724409
20
0.0282725984251968
11
0.3967062204724409
21
0.0271204724409449
0
LINE
8
BLACK
6
CONTINUOUS
10
0.3967062204724409
20
0.0271204724409449
11
0.3962653149606299
21
0.026056062992126
0
LINE
8
BLACK
6
CONTINUOUS
10
0.3962653149606299
20
0.026056062992126
11
0.3954506692913386
21
0.0252414173228346
0
LINE
8
BLACK
6
CONTINUOUS
10
0.3954506692913386
20
0.0252414173228346
11
0.3943862598425197
21
0.0248005118110236
0
LINE
8
BLACK
6
CONTINUOUS
10
0.3943862598425197
20
0.0248005118110236
11
0.3720613779527559
21
0.0247497637795276
0
LINE
8
BLACK
6
CONTINUOUS
10
0.3720613779527559
20
0.0247497637795276
11
0.3705816535433071
21
0.0096062992125984
0
LINE
8
BLACK
6
CONTINUOUS
10
0.3705816535433071
20
0.0096062992125984
11
0.372992125984252
21
0.01084
0
LINE
8
BLACK
6
CONTINUOUS
10
0.372992125984252
20
0.01084
11
0.3735327559055118
21
0.0110468897637795
0
LINE
8
BLACK
6
CONTINUOUS
10
0.3735327559055118
20
0.0110468897637795
11
0.3736385433070866
21
0.0110544094488189
0
LINE
8
BLACK
6
CONTINUOUS
10
0.3736385433070866
20
0.0110544094488189
11
0.3737365748031496
21
0.011095
0
LINE
8
BLACK
6
CONTINUOUS
10
0.3737365748031496
20
0.011095
11
0.3742414566929134
21
0.0110972834645669
0
LINE
8
BLACK
6
CONTINUOUS
10
0.3742414566929134
20
0.0110972834645669
11
0.374681968503937
21
0.0111285433070866
0
LINE
8
BLACK
6
CONTINUOUS
10
0.374681968503937
20
0.0111285433070866
11
0.3747688188976378
21
0.0110996062992126
0
LINE
8
BLACK
6
CONTINUOUS
10
0.3747688188976378
20
0.0110996062992126
11
0.3864986220472441
21
0.0111517322834646
0
LINE
8
BLACK
6
CONTINUOUS
10
0.3864986220472441
20
0.0111517322834646
11
0.3870746850393701
21
0.011095
0
LINE
8
BLACK
6
CONTINUOUS
10
0.3870746850393701
20
0.011095
11
0.3871726377952756
21
0.0110544488188976
0
LINE
8
BLACK
6
CONTINUOUS
10
0.3871726377952756
20
0.0110544488188976
11
0.3872785433070866
21
0.0110468897637795
0
LINE
8
BLACK
6
CONTINUOUS
10
0.3872785433070866
20
0.0110468897637795
11
0.3877690551181102
21
0.0108074015748031
0
LINE
8
BLACK
6
CONTINUOUS
10
0.3877690551181102
20
0.0108074015748031
11
0.388139094488189
21
0.010654094488189
0
LINE
8
BLACK
6
CONTINUOUS
10
0.388139094488189
20
0.010654094488189
11
0.3881926377952756
21
0.0106005511811024
0
LINE
8
BLACK
6
CONTINUOUS
10
0.3881926377952756
20
0.0106005511811024
11
0.3926935039370079
21
0.0084027952755906
0
LINE
8
BLACK
6
CONTINUOUS
10
0.3926935039370079
20
0.0084027952755906
11
0.3929413779527559
21
0.0082467716535433
0
LINE
8
BLACK
6
CONTINUOUS
10
0.3929413779527559
20
0.0082467716535433
11
0.3930134645669291
21
0.0082168897637795
0
LINE
8
BLACK
6
CONTINUOUS
10
0.3930134645669291
20
0.0082168897637795
11
0.3930587007874016
21
0.0081729133858268
0
LINE
8
BLACK
6
CONTINUOUS
10
0.3930587007874016
20
0.0081729133858268
11
0.3931833858267716
21
0.0080944094488189
0
LINE
8
BLACK
6
CONTINUOUS
10
0.3931833858267716
20
0.0080944094488189
11
0.3934195669291338
21
0.0078220866141732
0
LINE
8
BLACK
6
CONTINUOUS
10
0.3934195669291338
20
0.0078220866141732
11
0.3958981102362205
21
0.0054124803149606
0
LINE
8
BLACK
6
CONTINUOUS
10
0.3958981102362205
20
0.0054124803149606
11
0.3960840157480315
21
0.0051859842519685
0
LINE
8
BLACK
6
CONTINUOUS
10
0.3960840157480315
20
0.0051859842519685
11
0.3961428346456693
21
0.0051349606299213
0
LINE
8
BLACK
6
CONTINUOUS
10
0.3961428346456693
20
0.0051349606299213
11
0.396170905511811
21
0.0050801181102362
0
LINE
8
BLACK
6
CONTINUOUS
10
0.396170905511811
20
0.0050801181102362
11
0.3962653543307086
21
0.0049650393700787
0
LINE
8
BLACK
6
CONTINUOUS
10
0.3962653543307086
20
0.0049650393700787
11
0.3964161023622047
21
0.004601062992126
0
LINE
8
BLACK
6
CONTINUOUS
10
0.3964161023622047
20
0.004601062992126
11
0.3988884251968504
21
-0.0002292913385827
0
LINE
8
BLACK
6
CONTINUOUS
10
0.3988884251968504
20
-0.0002292913385827
11
0.3990953149606299
21
-0.0007699212598425
0
LINE
8
BLACK
6
CONTINUOUS
10
0.3990953149606299
20
-0.0007699212598425
11
0.3991027952755906
21
-0.0008757086614173
0
LINE
8
BLACK
6
CONTINUOUS
10
0.3991027952755906
20
-0.0008757086614173
11
0.3991434251968504
21
-0.0009737401574803
0
LINE
8
BLACK
6
CONTINUOUS
10
0.3991434251968504
20
-0.0009737401574803
11
0.3991456692913386
21
-0.0014786220472441
0
LINE
8
BLACK
6
CONTINUOUS
10
0.3991456692913386
20
-0.0014786220472441
11
0.399176968503937
21
-0.0019191338582677
0
LINE
8
BLACK
6
CONTINUOUS
10
0.399176968503937
20
-0.0019191338582677
11
0.3991479921259842
21
-0.0020059842519685
0
LINE
8
BLACK
6
CONTINUOUS
10
0.3991479921259842
20
-0.0020059842519685
11
0.399200157480315
21
-0.0137357874015748
0
LINE
8
BLACK
6
CONTINUOUS
10
0.399200157480315
20
-0.0137357874015748
11
0.3991434251968504
21
-0.0143118503937008
0
LINE
8
BLACK
6
CONTINUOUS
10
0.3991434251968504
20
-0.0143118503937008
11
0.3991027952755906
21
-0.014409842519685
0
LINE
8
BLACK
6
CONTINUOUS
10
0.3991027952755906
20
-0.014409842519685
11
0.3990953149606299
21
-0.0145156692913386
0
LINE
8
BLACK
6
CONTINUOUS
10
0.3990953149606299
20
-0.0145156692913386
11
0.3988558661417323
21
-0.0150060236220472
0
LINE
8
BLACK
6
CONTINUOUS
10
0.3988558661417323
20
-0.0150060236220472
11
0.3987025196850393
21
-0.0153762598425197
0
LINE
8
BLACK
6
CONTINUOUS
10
0.3987025196850393
20
-0.0153762598425197
11
0.3986488976377953
21
-0.015429842519685
0
LINE
8
BLACK
6
CONTINUOUS
10
0.3986488976377953
20
-0.015429842519685
11
0.3964512204724409
21
-0.0199307086614173
0
LINE
8
BLACK
6
CONTINUOUS
10
0.3964512204724409
20
-0.0199307086614173
11
0.3962951968503937
21
-0.0201785039370079
0
LINE
8
BLACK
6
CONTINUOUS
10
0.3962951968503937
20
-0.0201785039370079
11
0.3962653543307086
21
-0.0202506692913386
0
LINE
8
BLACK
6
CONTINUOUS
10
0.3962653543307086
20
-0.0202506692913386
11
0.3962212992125984
21
-0.0202959448818898
0
LINE
8
BLACK
6
CONTINUOUS
10
0.3962212992125984
20
-0.0202959448818898
11
0.396142874015748
21
-0.0204205905511811
0
LINE
8
BLACK
6
CONTINUOUS
10
0.396142874015748
20
-0.0204205905511811
11
0.3958705511811024
21
-0.0206567322834646
0
LINE
8
BLACK
6
CONTINUOUS
10
0.3958705511811024
20
-0.0206567322834646
11
0.393460905511811
21
-0.0231353149606299
0
LINE
8
BLACK
6
CONTINUOUS
10
0.393460905511811
20
-0.0231353149606299
11
0.3932344094488189
21
-0.0233211417322835
0
LINE
8
BLACK
6
CONTINUOUS
10
0.3932344094488189
20
-0.0233211417322835
11
0.3931833464566929
21
-0.0233800787401575
0
LINE
8
BLACK
6
CONTINUOUS
10
0.3931833464566929
20
-0.0233800787401575
11
0.3931283464566929
21
-0.023408188976378
0
LINE
8
BLACK
6
CONTINUOUS
10
0.3931283464566929
20
-0.023408188976378
11
0.3930134645669291
21
-0.0235025196850394
0
LINE
8
BLACK
6
CONTINUOUS
10
0.3930134645669291
20
-0.0235025196850394
11
0.392649842519685
21
-0.0236531102362205
0
LINE
8
BLACK
6
CONTINUOUS
10
0.392649842519685
20
-0.0236531102362205
11
0.3878191338582677
21
-0.0261255905511811
0
LINE
8
BLACK
6
CONTINUOUS
10
0.3878191338582677
20
-0.0261255905511811
11
0.3872785039370079
21
-0.0263324803149606
0
LINE
8
BLACK
6
CONTINUOUS
10
0.3872785039370079
20
-0.0263324803149606
11
0.3871726771653543
21
-0.0263399606299213
0
LINE
8
BLACK
6
CONTINUOUS
10
0.3871726771653543
20
-0.0263399606299213
11
0.3870746850393701
21
-0.0263805905511811
0
LINE
8
BLACK
6
CONTINUOUS
10
0.3870746850393701
20
-0.0263805905511811
11
0.3865697637795276
21
-0.0263828346456693
0
LINE
8
BLACK
6
CONTINUOUS
10
0.3865697637795276
20
-0.0263828346456693
11
0.3861292913385826
21
-0.0264141338582677
0
LINE
8
BLACK
6
CONTINUOUS
10
0.3861292913385826
20
-0.0264141338582677
11
0.3860424015748031
21
-0.026385157480315
0
LINE
8
BLACK
6
CONTINUOUS
10
0.3860424015748031
20
-0.026385157480315
11
0.3743126377952756
21
-0.0264373228346457
0
LINE
8
BLACK
6
CONTINUOUS
10
0.3743126377952756
20
-0.0264373228346457
11
0.3737365748031496
21
-0.0263805905511811
0
LINE
8
BLACK
6
CONTINUOUS
10
0.3737365748031496
20
-0.0263805905511811
11
0.3736385433070866
21
-0.0263399606299213
0
LINE
8
BLACK
6
CONTINUOUS
10
0.3736385433070866
20
-0.0263399606299213
11
0.3735327559055118
21
-0.0263324803149606
0
LINE
8
BLACK
6
CONTINUOUS
10
0.3735327559055118
20
-0.0263324803149606
11
0.3730423228346457
21
-0.0260929921259842
0
LINE
8
BLACK
6
CONTINUOUS
10
0.3730423228346457
20
-0.0260929921259842
11
0.3726721653543307
21
-0.0259396850393701
0
LINE
8
BLACK
6
CONTINUOUS
10
0.3726721653543307
20
-0.0259396850393701
11
0.3726185826771654
21
-0.0258861023622047
0
LINE
8
BLACK
6
CONTINUOUS
10
0.3726185826771654
20
-0.0258861023622047
11
0.3681177165354331
21
-0.0236884251968504
0
LINE
8
BLACK
6
CONTINUOUS
10
0.3681177165354331
20
-0.0236884251968504
11
0.3678697637795276
21
-0.0235323228346457
0
LINE
8
BLACK
6
CONTINUOUS
10
0.3678697637795276
20
-0.0235323228346457
11
0.3677977559055118
21
-0.0235025196850394
0
LINE
8
BLACK
6
CONTINUOUS
10
0.3677977559055118
20
-0.0235025196850394
11
0.3677524803149606
21
-0.0234585039370079
0
LINE
8
BLACK
6
CONTINUOUS
10
0.3677524803149606
20
-0.0234585039370079
11
0.367627874015748
21
-0.0233800787401575
0
LINE
8
BLACK
6
CONTINUOUS
10
0.367627874015748
20
-0.0233800787401575
11
0.3673916141732284
21
-0.0231076771653543
0
LINE
8
BLACK
6
CONTINUOUS
10
0.3673916141732284
20
-0.0231076771653543
11
0.3649131496062992
21
-0.0206981102362205
0
LINE
8
BLACK
6
CONTINUOUS
10
0.3649131496062992
20
-0.0206981102362205
11
0.364545905511811
21
-0.0202506299212598
0
LINE
8
BLACK
6
CONTINUOUS
10
0.364545905511811
20
-0.0202506299212598
11
0.3641050393700787
21
-0.0191862204724409
0
LINE
8
BLACK
6
CONTINUOUS
10
0.3641050393700787
20
-0.0191862204724409
11
0.3641050393700787
21
-0.0180341338582677
0
LINE
8
BLACK
6
CONTINUOUS
10
0.3641050393700787
20
-0.0180341338582677
11
0.3645459448818897
21
-0.0169697244094488
0
LINE
8
BLACK
6
CONTINUOUS
10
0.3645459448818897
20
-0.0169697244094488
11
0.3653606299212598
21
-0.0161550393700787
0
LINE
8
BLACK
6
CONTINUOUS
10
0.3653606299212598
20
-0.0161550393700787
11
0.3664250393700788
21
-0.0157141732283465
0
LINE
8
BLACK
6
CONTINUOUS
10
0.3664250393700788
20
-0.0157141732283465
11
0.367577125984252
21
-0.0157141732283465
0
LINE
8
BLACK
6
CONTINUOUS
10
0.367577125984252
20
-0.0157141732283465
11
0.3686415354330709
21
-0.0161550787401575
0
LINE
8
BLACK
6
CONTINUOUS
10
0.3686415354330709
20
-0.0161550787401575
11
0.3712754330708661
21
-0.0187157480314961
0
LINE
8
BLACK
6
CONTINUOUS
10
0.3712754330708661
20
-0.0187157480314961
11
0.3750984645669291
21
-0.0205824803149606
0
LINE
8
BLACK
6
CONTINUOUS
10
0.3750984645669291
20
-0.0205824803149606
11
0.3858944881889764
21
-0.0205344881889764
0
LINE
8
BLACK
6
CONTINUOUS
10
0.3858944881889764
20
-0.0205344881889764
11
0.3897302362204724
21
-0.0185712598425197
0
LINE
8
BLACK
6
CONTINUOUS
10
0.3897302362204724
20
-0.0185712598425197
11
0.3914785433070866
21
-0.0167729527559055
0
LINE
8
BLACK
6
CONTINUOUS
10
0.3914785433070866
20
-0.0167729527559055
11
0.3933453149606299
21
-0.0129498818897638
0
LINE
8
BLACK
6
CONTINUOUS
10
0.3933453149606299
20
-0.0129498818897638
11
0.3932973228346456
21
-0.0021538582677165
0
LINE
8
BLACK
6
CONTINUOUS
10
0.3932973228346456
20
-0.0021538582677165
11
0.391334094488189
21
0.001681811023622
0
LINE
8
BLACK
6
CONTINUOUS
10
0.391334094488189
20
0.001681811023622
11
0.3895357086614173
21
0.0034301968503937
0
LINE
8
BLACK
6
CONTINUOUS
10
0.3895357086614173
20
0.0034301968503937
11
0.385712716535433
21
0.0052969291338583
0
LINE
8
BLACK
6
CONTINUOUS
10
0.385712716535433
20
0.0052969291338583
11
0.3749166929133858
21
0.005248937007874
0
LINE
8
BLACK
6
CONTINUOUS
10
0.3749166929133858
20
0.005248937007874
11
0.3710809448818898
21
0.0032857086614173
0
LINE
8
BLACK
6
CONTINUOUS
10
0.3710809448818898
20
0.0032857086614173
11
0.3690889763779527
21
0.0012366535433071
0
LINE
8
BLACK
6
CONTINUOUS
10
0.3690889763779527
20
0.0012366535433071
11
0.3686415354330709
21
0.0008694488188976
0
LINE
8
BLACK
6
CONTINUOUS
10
0.3686415354330709
20
0.0008694488188976
11
0.3685041732283464
21
0.0008125590551181
0
LINE
8
BLACK
6
CONTINUOUS
10
0.3685041732283464
20
0.0008125590551181
11
0.368389094488189
21
0.0007183858267717
0
LINE
8
BLACK
6
CONTINUOUS
10
0.368389094488189
20
0.0007183858267717
11
0.3679757874015748
21
0.0005937007874016
0
LINE
8
BLACK
6
CONTINUOUS
10
0.3679757874015748
20
0.0005937007874016
11
0.367577125984252
21
0.0004285433070866
0
LINE
8
BLACK
6
CONTINUOUS
10
0.367577125984252
20
0.0004285433070866
11
0.3674284645669291
21
0.0004285433070866
0
LINE
8
BLACK
6
CONTINUOUS
10
0.3674284645669291
20
0.0004285433070866
11
0.3672861023622047
21
0.0003855905511811
0
LINE
8
BLACK
6
CONTINUOUS
10
0.3672861023622047
20
0.0003855905511811
11
0.3668565748031496
21
0.0004285433070866
0
LINE
8
BLACK
6
CONTINUOUS
10
0.3668565748031496
20
0.0004285433070866
11
0.3664250393700788
21
0.0004285433070866
0
LINE
8
BLACK
6
CONTINUOUS
10
0.3664250393700788
20
0.0004285433070866
11
0.3662876771653543
21
0.0004854724409449
0
LINE
8
BLACK
6
CONTINUOUS
10
0.3662876771653543
20
0.0004854724409449
11
0.3661396850393701
21
0.0005002362204724
0
LINE
8
BLACK
6
CONTINUOUS
10
0.3661396850393701
20
0.0005002362204724
11
0.3657594094488189
21
0.0007042519685039
0
LINE
8
BLACK
6
CONTINUOUS
10
0.3657594094488189
20
0.0007042519685039
11
0.3653606299212598
21
0.0008694094488189
0
LINE
8
BLACK
6
CONTINUOUS
10
0.3653606299212598
20
0.0008694094488189
11
0.3652553937007874
21
0.0009746456692913
0
LINE
8
BLACK
6
CONTINUOUS
10
0.3652553937007874
20
0.0009746456692913
11
0.3651244488188976
21
0.0010448818897638
0
LINE
8
BLACK
6
CONTINUOUS
10
0.3651244488188976
20
0.0010448818897638
11
0.3648511811023622
21
0.0013788582677165
0
LINE
8
BLACK
6
CONTINUOUS
10
0.3648511811023622
20
0.0013788582677165
11
0.3645459448818897
21
0.001684094488189
0
LINE
8
BLACK
6
CONTINUOUS
10
0.3645459448818897
20
0.001684094488189
11
0.3644890157480315
21
0.0018214566929134
0
LINE
8
BLACK
6
CONTINUOUS
10
0.3644890157480315
20
0.0018214566929134
11
0.3643948818897638
21
0.0019365354330709
0
LINE
8
BLACK
6
CONTINUOUS
10
0.3643948818897638
20
0.0019365354330709
11
0.3642701574803149
21
0.002349842519685
0
LINE
8
BLACK
6
CONTINUOUS
10
0.3642701574803149
20
0.002349842519685
11
0.3641050393700787
21
0.0027485039370079
0
LINE
8
BLACK
6
CONTINUOUS
10
0.3641050393700787
20
0.0027485039370079
11
0.3641050393700787
21
0.0028972047244094
0
LINE
8
BLACK
6
CONTINUOUS
10
0.3641050393700787
20
0.0028972047244094
11
0.3640620866141732
21
0.0030395275590551
0
LINE
8
BLACK
6
CONTINUOUS
10
0.3640620866141732
20
0.0030395275590551
11
0.3641050393700787
21
0.0034791338582677
0
LINE
8
BLACK
6
CONTINUOUS
10
0.3641050393700787
20
0.0034791338582677
11
0.3641050393700787
21
0.0039005905511811
0
LINE
8
BLACK
6
CONTINUOUS
10
0.3641050393700787
20
0.0039005905511811
11
0.364158937007874
21
0.0040307480314961
0
LINE
8
BLACK
6
CONTINUOUS
10
0.364158937007874
20
0.0040307480314961
11
0.3665001181102362
21
0.0279903149606299
0
LINE
8
BLACK
6
CONTINUOUS
10
0.3665001181102362
20
0.0279903149606299
11
0.3665422047244095
21
0.0282002755905512
0
LINE
8
BLACK
6
CONTINUOUS
10
0.3665422047244095
20
0.0282002755905512
11
0.3665422047244095
21
0.0282725984251968
0
LINE
8
BLACK
6
CONTINUOUS
10
0.3665422047244095
20
0.0282725984251968
11
0.3665702755905512
21
0.0283404724409449
0
LINE
8
BLACK
6
CONTINUOUS
10
0.3665702755905512
20
0.0283404724409449
11
0.3666138976377953
21
0.028557874015748
0
LINE
8
BLACK
6
CONTINUOUS
10
0.3666138976377953
20
0.028557874015748
11
0.3668179133858268
21
0.0289382677165354
0
LINE
8
BLACK
6
CONTINUOUS
10
0.3668179133858268
20
0.0289382677165354
11
0.3669831102362205
21
0.0293370078740157
0
LINE
8
BLACK
6
CONTINUOUS
10
0.3669831102362205
20
0.0293370078740157
11
0.367088188976378
21
0.029442125984252
0
LINE
8
BLACK
6
CONTINUOUS
10
0.367088188976378
20
0.029442125984252
11
0.3671585039370079
21
0.0295731496062992
0
LINE
8
BLACK
6
CONTINUOUS
10
0.3671585039370079
20
0.0295731496062992
11
0.3674925196850394
21
0.0298464566929134
0
LINE
8
BLACK
6
CONTINUOUS
10
0.3674925196850394
20
0.0298464566929134
11
0.3677977559055118
21
0.0301516535433071
0
LINE
8
BLACK
6
CONTINUOUS
10
0.3677977559055118
20
0.0301516535433071
11
0.367935157480315
21
0.0302085826771654
0
LINE
8
BLACK
6
CONTINUOUS
10
0.367935157480315
20
0.0302085826771654
11
0.3680501968503937
21
0.0303026771653543
0
LINE
8
BLACK
6
CONTINUOUS
10
0.3680501968503937
20
0.0303026771653543
11
0.3684631102362205
21
0.0304272834645669
0
LINE
8
BLACK
6
CONTINUOUS
10
0.3684631102362205
20
0.0304272834645669
11
0.3688621653543307
21
0.0305925590551181
0
LINE
8
BLACK
6
CONTINUOUS
10
0.3688621653543307
20
0.0305925590551181
11
0.3690120866141732
21
0.0305929133858268
0
LINE
8
BLACK
6
CONTINUOUS
10
0.3690120866141732
20
0.0305929133858268
11
0.3691531889763779
21
0.0306354724409449
0
LINE
8
BLACK
6
CONTINUOUS
10
0.3691531889763779
20
0.0306354724409449
11
0.3695664173228346
21
0.0305941732283465
0
LINE
8
BLACK
6
CONTINUOUS
10
0.3695664173228346
20
0.0305941732283465
11
0.3938101968503937
21
0.0306492913385827
0
LINE
8
BLACK
6
CONTINUOUS
10
0.3938101968503937
20
0.0306492913385827
11
0.3943862598425197
21
0.0305925590551181
0
LINE
8
BLACK
6
CONTINUOUS
10
0.4464536220472441
20
0.030261811023622
11
0.4473239763779527
21
0.0295069291338583
0
LINE
8
BLACK
6
CONTINUOUS
10
0.4473239763779527
20
0.0295069291338583
11
0.4478392125984252
21
0.0284764566929134
0
LINE
8
BLACK
6
CONTINUOUS
10
0.4478392125984252
20
0.0284764566929134
11
0.4479208661417323
21
0.0273272440944882
0
LINE
8
BLACK
6
CONTINUOUS
10
0.4479208661417323
20
0.0273272440944882
11
0.430732125984252
21
-0.0244183070866142
0
LINE
8
BLACK
6
CONTINUOUS
10
0.430732125984252
20
-0.0244183070866142
11
0.4304961417322835
21
-0.0249468897637795
0
LINE
8
BLACK
6
CONTINUOUS
10
0.4304961417322835
20
-0.0249468897637795
11
0.430357874015748
21
-0.0251062598425197
0
LINE
8
BLACK
6
CONTINUOUS
10
0.430357874015748
20
-0.0251062598425197
11
0.4302635826771654
21
-0.0252949212598425
0
LINE
8
BLACK
6
CONTINUOUS
10
0.4302635826771654
20
-0.0252949212598425
11
0.4299838976377953
21
-0.0255374803149606
0
LINE
8
BLACK
6
CONTINUOUS
10
0.4299838976377953
20
-0.0255374803149606
11
0.4297412598425197
21
-0.0258172440944882
0
LINE
8
BLACK
6
CONTINUOUS
10
0.4297412598425197
20
-0.0258172440944882
11
0.4295525196850394
21
-0.0259115748031496
0
LINE
8
BLACK
6
CONTINUOUS
10
0.4295525196850394
20
-0.0259115748031496
11
0.429393188976378
21
-0.0260498031496063
0
LINE
8
BLACK
6
CONTINUOUS
10
0.429393188976378
20
-0.0260498031496063
11
0.4290419291338582
21
-0.0261668503937008
0
LINE
8
BLACK
6
CONTINUOUS
10
0.4290419291338582
20
-0.0261668503937008
11
0.4287108267716535
21
-0.0263324409448819
0
LINE
8
BLACK
6
CONTINUOUS
10
0.4287108267716535
20
-0.0263324409448819
11
0.4285003937007874
21
-0.0263473622047244
0
LINE
8
BLACK
6
CONTINUOUS
10
0.4285003937007874
20
-0.0263473622047244
11
0.4283001968503937
21
-0.0264141338582677
0
LINE
8
BLACK
6
CONTINUOUS
10
0.4283001968503937
20
-0.0264141338582677
11
0.427930905511811
21
-0.026387874015748
0
LINE
8
BLACK
6
CONTINUOUS
10
0.427930905511811
20
-0.026387874015748
11
0.4275616141732284
21
-0.0264141338582677
0
LINE
8
BLACK
6
CONTINUOUS
10
0.4275616141732284
20
-0.0264141338582677
11
0.4273613779527559
21
-0.0263473622047244
0
LINE
8
BLACK
6
CONTINUOUS
10
0.4273613779527559
20
-0.0263473622047244
11
0.4271509842519685
21
-0.0263324409448819
0
LINE
8
BLACK
6
CONTINUOUS
10
0.4271509842519685
20
-0.0263324409448819
11
0.4268199606299212
21
-0.0261668897637795
0
LINE
8
BLACK
6
CONTINUOUS
10
0.4268199606299212
20
-0.0261668897637795
11
0.4264685826771654
21
-0.0260498031496063
0
LINE
8
BLACK
6
CONTINUOUS
10
0.4264685826771654
20
-0.0260498031496063
11
0.426309094488189
21
-0.0259114566929134
0
LINE
8
BLACK
6
CONTINUOUS
10
0.426309094488189
20
-0.0259114566929134
11
0.4261205511811024
21
-0.0258172047244094
0
LINE
8
BLACK
6
CONTINUOUS
10
0.4261205511811024
20
-0.0258172047244094
11
0.4258780708661417
21
-0.0255376377952756
0
LINE
8
BLACK
6
CONTINUOUS
10
0.4258780708661417
20
-0.0255376377952756
11
0.4255982283464567
21
-0.0252949212598425
0
LINE
8
BLACK
6
CONTINUOUS
10
0.4255982283464567
20
-0.0252949212598425
11
0.4255038582677165
21
-0.0251061811023622
0
LINE
8
BLACK
6
CONTINUOUS
10
0.4255038582677165
20
-0.0251061811023622
11
0.4253656692913386
21
-0.0249468503937008
0
LINE
8
BLACK
6
CONTINUOUS
10
0.4253656692913386
20
-0.0249468503937008
11
0.4252473622047244
21
-0.0245931496062992
0
LINE
8
BLACK
6
CONTINUOUS
10
0.4252473622047244
20
-0.0245931496062992
11
0.425083031496063
21
-0.0242644881889764
0
LINE
8
BLACK
6
CONTINUOUS
10
0.425083031496063
20
-0.0242644881889764
11
0.4250683464566929
21
-0.0240579527559055
0
LINE
8
BLACK
6
CONTINUOUS
10
0.4250683464566929
20
-0.0240579527559055
11
0.4080693307086614
21
0.0267627952755905
0
LINE
8
BLACK
6
CONTINUOUS
10
0.4080693307086614
20
0.0267627952755905
11
0.4079409842519685
21
0.0273272440944882
0
LINE
8
BLACK
6
CONTINUOUS
10
0.4079409842519685
20
0.0273272440944882
11
0.4080226771653543
21
0.0284764566929134
0
LINE
8
BLACK
6
CONTINUOUS
10
0.4080226771653543
20
0.0284764566929134
11
0.408537874015748
21
0.0295068897637795
0
LINE
8
BLACK
6
CONTINUOUS
10
0.408537874015748
20
0.0295068897637795
11
0.4094082283464567
21
0.0302617716535433
0
LINE
8
BLACK
6
CONTINUOUS
10
0.4094082283464567
20
0.0302617716535433
11
0.4105012598425197
21
0.0306261023622047
0
LINE
8
BLACK
6
CONTINUOUS
10
0.4105012598425197
20
0.0306261023622047
11
0.4116504724409449
21
0.0305444094488189
0
LINE
8
BLACK
6
CONTINUOUS
10
0.4116504724409449
20
0.0305444094488189
11
0.412680905511811
21
0.0300292125984252
0
LINE
8
BLACK
6
CONTINUOUS
10
0.412680905511811
20
0.0300292125984252
11
0.4134357874015748
21
0.0291588582677165
0
LINE
8
BLACK
6
CONTINUOUS
10
0.4134357874015748
20
0.0291588582677165
11
0.4279508661417323
21
-0.0142358661417323
0
LINE
8
BLACK
6
CONTINUOUS
10
0.4279508661417323
20
-0.0142358661417323
11
0.4421900787401575
21
0.0286303149606299
0
LINE
8
BLACK
6
CONTINUOUS
10
0.4421900787401575
20
0.0286303149606299
11
0.442426062992126
21
0.0291588582677165
0
LINE
8
BLACK
6
CONTINUOUS
10
0.442426062992126
20
0.0291588582677165
11
0.4431809448818897
21
0.0300292125984252
0
LINE
8
BLACK
6
CONTINUOUS
10
0.4431809448818897
20
0.0300292125984252
11
0.4442113779527559
21
0.0305444488188976
0
LINE
8
BLACK
6
CONTINUOUS
10
0.4442113779527559
20
0.0305444488188976
11
0.4453605905511811
21
0.0306261417322835
0
LINE
8
BLACK
6
CONTINUOUS
10
0.4453605905511811
20
0.0306261417322835
11
0.4464536220472441
21
0.030261811023622
0
LINE
8
BLACK
6
CONTINUOUS
10
0.3272091732283465
20
0.0179656692913386
11
0.3280238188976378
21
0.0171510236220472
0
LINE
8
BLACK
6
CONTINUOUS
10
0.3280238188976378
20
0.0171510236220472
11
0.3284647244094488
21
0.0160866141732283
0
LINE
8
BLACK
6
CONTINUOUS
10
0.3284647244094488
20
0.0160866141732283
11
0.3284892913385827
21
-0.0010579921259843
0
LINE
8
BLACK
6
CONTINUOUS
10
0.3284892913385827
20
-0.0010579921259843
11
0.3450662992125984
21
-0.0010342519685039
0
LINE
8
BLACK
6
CONTINUOUS
10
0.3450662992125984
20
-0.0010342519685039
11
0.3456423622047244
21
-0.0010909842519685
0
LINE
8
BLACK
6
CONTINUOUS
10
0.3456423622047244
20
-0.0010909842519685
11
0.3467067716535433
21
-0.0015318897637795
0
LINE
8
BLACK
6
CONTINUOUS
10
0.3467067716535433
20
-0.0015318897637795
11
0.3475214173228346
21
-0.0023465354330709
0
LINE
8
BLACK
6
CONTINUOUS
10
0.3475214173228346
20
-0.0023465354330709
11
0.3479623228346457
21
-0.0034109448818898
0
LINE
8
BLACK
6
CONTINUOUS
10
0.3479623228346457
20
-0.0034109448818898
11
0.3479623228346457
21
-0.0045630708661417
0
LINE
8
BLACK
6
CONTINUOUS
10
0.3479623228346457
20
-0.0045630708661417
11
0.3475214173228346
21
-0.0056274803149606
0
LINE
8
BLACK
6
CONTINUOUS
10
0.3475214173228346
20
-0.0056274803149606
11
0.3467067716535433
21
-0.006442125984252
0
LINE
8
BLACK
6
CONTINUOUS
10
0.3467067716535433
20
-0.006442125984252
11
0.3456423622047244
21
-0.006883031496063
0
LINE
8
BLACK
6
CONTINUOUS
10
0.3456423622047244
20
-0.006883031496063
11
0.3284976771653543
21
-0.0069075984251968
0
LINE
8
BLACK
6
CONTINUOUS
10
0.3284976771653543
20
-0.0069075984251968
11
0.3285214566929134
21
-0.0234845669291339
0
LINE
8
BLACK
6
CONTINUOUS
10
0.3285214566929134
20
-0.0234845669291339
11
0.3284647244094488
21
-0.0240606299212598
0
LINE
8
BLACK
6
CONTINUOUS
10
0.3284647244094488
20
-0.0240606299212598
11
0.3280238188976378
21
-0.0251250393700787
0
LINE
8
BLACK
6
CONTINUOUS
10
0.3280238188976378
20
-0.0251250393700787
11
0.3272091732283465
21
-0.0259396850393701
0
LINE
8
BLACK
6
CONTINUOUS
10
0.3272091732283465
20
-0.0259396850393701
11
0.3261447637795276
21
-0.0263805905511811
0
LINE
8
BLACK
6
CONTINUOUS
10
0.3261447637795276
20
-0.0263805905511811
11
0.3249926377952756
21
-0.0263805905511811
0
LINE
8
BLACK
6
CONTINUOUS
10
0.3249926377952756
20
-0.0263805905511811
11
0.3239282283464567
21
-0.0259396850393701
0
LINE
8
BLACK
6
CONTINUOUS
10
0.3239282283464567
20
-0.0259396850393701
11
0.3231135826771653
21
-0.0251250393700787
0
LINE
8
BLACK
6
CONTINUOUS
10
0.3231135826771653
20
-0.0251250393700787
11
0.3226726771653543
21
-0.0240606299212598
0
LINE
8
BLACK
6
CONTINUOUS
10
0.3226726771653543
20
-0.0240606299212598
11
0.3226480708661417
21
-0.0069159842519685
0
LINE
8
BLACK
6
CONTINUOUS
10
0.3226480708661417
20
-0.0069159842519685
11
0.3060711417322834
21
-0.0069397637795276
0
LINE
8
BLACK
6
CONTINUOUS
10
0.3060711417322834
20
-0.0069397637795276
11
0.3054950787401575
21
-0.006883031496063
0
LINE
8
BLACK
6
CONTINUOUS
10
0.3054950787401575
20
-0.006883031496063
11
0.3044306692913386
21
-0.006442125984252
0
LINE
8
BLACK
6
CONTINUOUS
10
0.3044306692913386
20
-0.006442125984252
11
0.3036160236220473
21
-0.0056274803149606
0
LINE
8
BLACK
6
CONTINUOUS
10
0.3036160236220473
20
-0.0056274803149606
11
0.3031751181102362
21
-0.0045630708661417
0
LINE
8
BLACK
6
CONTINUOUS
10
0.3031751181102362
20
-0.0045630708661417
11
0.3031751181102362
21
-0.0034109448818898
0
LINE
8
BLACK
6
CONTINUOUS
10
0.3031751181102362
20
-0.0034109448818898
11
0.3036160236220473
21
-0.0023465354330709
0
LINE
8
BLACK
6
CONTINUOUS
10
0.3036160236220473
20
-0.0023465354330709
11
0.3044306692913386
21
-0.0015318897637795
0
LINE
8
BLACK
6
CONTINUOUS
10
0.3044306692913386
20
-0.0015318897637795
11
0.3054950787401575
21
-0.0010909842519685
0
LINE
8
BLACK
6
CONTINUOUS
10
0.3054950787401575
20
-0.0010909842519685
11
0.3226396850393701
21
-0.0010663779527559
0
LINE
8
BLACK
6
CONTINUOUS
10
0.3226396850393701
20
-0.0010663779527559
11
0.3226159448818898
21
0.0155105511811024
0
LINE
8
BLACK
6
CONTINUOUS
10
0.3226159448818898
20
0.0155105511811024
11
0.3226726771653543
21
0.0160866141732283
0
LINE
8
BLACK
6
CONTINUOUS
10
0.3226726771653543
20
0.0160866141732283
11
0.3231135826771653
21
0.0171510236220472
0
LINE
8
BLACK
6
CONTINUOUS
10
0.3231135826771653
20
0.0171510236220472
11
0.3239282283464567
21
0.0179656692913386
0
LINE
8
BLACK
6
CONTINUOUS
10
0.3239282283464567
20
0.0179656692913386
11
0.3249926377952756
21
0.0184065748031496
0
LINE
8
BLACK
6
CONTINUOUS
10
0.3249926377952756
20
0.0184065748031496
11
0.3261447637795276
21
0.0184065748031496
0
LINE
8
BLACK
6
CONTINUOUS
10
0.3261447637795276
20
0.0184065748031496
11
0.3272091732283465
21
0.0179656692913386
0
LINE
8
BLACK
6
CONTINUOUS
10
-0.8117298031496063
20
0.0329200393700787
11
-0.7824557086614173
21
0.0037250393700787
0
LINE
8
BLACK
6
CONTINUOUS
10
-0.7824557086614173
20
0.0037250393700787
11
-0.7762074015748032
21
0.0016897244094488
0
LINE
8
BLACK
6
CONTINUOUS
10
-0.7762074015748032
20
0.0016897244094488
11
-0.7725492125984251
21
0.0017277952755906
0
LINE
8
BLACK
6
CONTINUOUS
10
-0.7725492125984251
20
0.0017277952755906
11
-0.7687063385826771
21
0.0036946850393701
0
LINE
8
BLACK
6
CONTINUOUS
10
-0.7687063385826771
20
0.0036946850393701
11
-0.766958031496063
21
0.005493031496063
0
LINE
8
BLACK
6
CONTINUOUS
10
-0.766958031496063
20
0.005493031496063
11
-0.7650912598425197
21
0.009316062992126
0
LINE
8
BLACK
6
CONTINUOUS
10
-0.7650912598425197
20
0.009316062992126
11
-0.765139251968504
21
0.0201120866141732
0
LINE
8
BLACK
6
CONTINUOUS
10
-0.765139251968504
20
0.0201120866141732
11
-0.7671024803149606
21
0.0239478346456693
0
LINE
8
BLACK
6
CONTINUOUS
10
-0.7671024803149606
20
0.0239478346456693
11
-0.7691514960629922
21
0.0259398031496063
0
LINE
8
BLACK
6
CONTINUOUS
10
-0.7691514960629922
20
0.0259398031496063
11
-0.7695187007874016
21
0.0263872440944882
0
LINE
8
BLACK
6
CONTINUOUS
10
-0.7695187007874016
20
0.0263872440944882
11
-0.7699596062992126
21
0.0274516535433071
0
LINE
8
BLACK
6
CONTINUOUS
10
-0.7699596062992126
20
0.0274516535433071
11
-0.7699596062992126
21
0.0286037401574803
0
LINE
8
BLACK
6
CONTINUOUS
10
-0.7699596062992126
20
0.0286037401574803
11
-0.7695187401574803
21
0.0296681496062992
0
LINE
8
BLACK
6
CONTINUOUS
10
-0.7695187401574803
20
0.0296681496062992
11
-0.7687040551181102
21
0.0304828346456693
0
LINE
8
BLACK
6
CONTINUOUS
10
-0.7687040551181102
20
0.0304828346456693
11
-0.7676396456692913
21
0.0309237401574803
0
LINE
8
BLACK
6
CONTINUOUS
10
-0.7676396456692913
20
0.0309237401574803
11
-0.7664875590551181
21
0.0309237401574803
0
LINE
8
BLACK
6
CONTINUOUS
10
-0.7664875590551181
20
0.0309237401574803
11
-0.7654231496062992
21
0.030482874015748
0
LINE
8
BLACK
6
CONTINUOUS
10
-0.7654231496062992
20
0.030482874015748
11
-0.7625385039370078
21
0.0276785039370079
0
LINE
8
BLACK
6
CONTINUOUS
10
-0.7625385039370078
20
0.0276785039370079
11
-0.7623527559055118
21
0.0274521653543307
0
LINE
8
BLACK
6
CONTINUOUS
10
-0.7623527559055118
20
0.0274521653543307
11
-0.7622937007874016
21
0.0274009448818898
0
LINE
8
BLACK
6
CONTINUOUS
10
-0.7622937007874016
20
0.0274009448818898
11
-0.7622655118110236
21
0.027345905511811
0
LINE
8
BLACK
6
CONTINUOUS
10
-0.7622655118110236
20
0.027345905511811
11
-0.7621712598425197
21
0.0272310236220472
0
LINE
8
BLACK
6
CONTINUOUS
10
-0.7621712598425197
20
0.0272310236220472
11
-0.7620207086614174
21
0.0268675984251968
0
LINE
8
BLACK
6
CONTINUOUS
10
-0.7620207086614174
20
0.0268675984251968
11
-0.7595481496062992
21
0.0220366535433071
0
LINE
8
BLACK
6
CONTINUOUS
10
-0.7595481496062992
20
0.0220366535433071
11
-0.7593412598425197
21
0.0214960236220472
0
LINE
8
BLACK
6
CONTINUOUS
10
-0.7593412598425197
20
0.0214960236220472
11
-0.759333779527559
21
0.0213902362204724
0
LINE
8
BLACK
6
CONTINUOUS
10
-0.759333779527559
20
0.0213902362204724
11
-0.7592931496062992
21
0.0212922047244094
0
LINE
8
BLACK
6
CONTINUOUS
10
-0.7592931496062992
20
0.0212922047244094
11
-0.759290905511811
21
0.0207873228346457
0
LINE
8
BLACK
6
CONTINUOUS
10
-0.759290905511811
20
0.0207873228346457
11
-0.7592596062992126
21
0.020346811023622
0
LINE
8
BLACK
6
CONTINUOUS
10
-0.7592596062992126
20
0.020346811023622
11
-0.7592885826771654
21
0.0202599606299213
0
LINE
8
BLACK
6
CONTINUOUS
10
-0.7592885826771654
20
0.0202599606299213
11
-0.7592364173228346
21
0.008530157480315
0
LINE
8
BLACK
6
CONTINUOUS
10
-0.7592364173228346
20
0.008530157480315
11
-0.7592931496062992
21
0.007954094488189
0
LINE
8
BLACK
6
CONTINUOUS
10
-0.7592931496062992
20
0.007954094488189
11
-0.759333779527559
21
0.0078561023622047
0
LINE
8
BLACK
6
CONTINUOUS
10
-0.759333779527559
20
0.0078561023622047
11
-0.7593412598425197
21
0.0077502755905512
0
LINE
8
BLACK
6
CONTINUOUS
10
-0.7593412598425197
20
0.0077502755905512
11
-0.7595807086614174
21
0.0072599606299213
0
LINE
8
BLACK
6
CONTINUOUS
10
-0.7595807086614174
20
0.0072599606299213
11
-0.7597340551181102
21
0.0068896850393701
0
LINE
8
BLACK
6
CONTINUOUS
10
-0.7597340551181102
20
0.0068896850393701
11
-0.7597876771653543
21
0.0068361023622047
0
LINE
8
BLACK
6
CONTINUOUS
10
-0.7597876771653543
20
0.0068361023622047
11
-0.7619853543307087
21
0.0023352755905512
0
LINE
8
BLACK
6
CONTINUOUS
10
-0.7619853543307087
20
0.0023352755905512
11
-0.7621413385826772
21
0.0020875590551181
0
LINE
8
BLACK
6
CONTINUOUS
10
-0.7621413385826772
20
0.0020875590551181
11
-0.7621712204724409
21
0.0020153149606299
0
LINE
8
BLACK
6
CONTINUOUS
10
-0.7621712204724409
20
0.0020153149606299
11
-0.7622153543307086
21
0.0019699606299213
0
LINE
8
BLACK
6
CONTINUOUS
10
-0.7622153543307086
20
0.0019699606299213
11
-0.7622937401574803
21
0.0018453937007874
0
LINE
8
BLACK
6
CONTINUOUS
10
-0.7622937401574803
20
0.0018453937007874
11
-0.762565905511811
21
0.0016094094488189
0
LINE
8
BLACK
6
CONTINUOUS
10
-0.762565905511811
20
0.0016094094488189
11
-0.7649756692913385
21
-0.0008693307086614
0
LINE
8
BLACK
6
CONTINUOUS
10
-0.7649756692913385
20
-0.0008693307086614
11
-0.7652021653543307
21
-0.001055157480315
0
LINE
8
BLACK
6
CONTINUOUS
10
-0.7652021653543307
20
-0.001055157480315
11
-0.765253188976378
21
-0.0011140551181102
0
LINE
8
BLACK
6
CONTINUOUS
10
-0.765253188976378
20
-0.0011140551181102
11
-0.7653081496062992
21
-0.0011421653543307
0
LINE
8
BLACK
6
CONTINUOUS
10
-0.7653081496062992
20
-0.0011421653543307
11
-0.7654231102362204
21
-0.0012365354330709
0
LINE
8
BLACK
6
CONTINUOUS
10
-0.7654231102362204
20
-0.0012365354330709
11
-0.7657868897637795
21
-0.0013871653543307
0
LINE
8
BLACK
6
CONTINUOUS
10
-0.7657868897637795
20
-0.0013871653543307
11
-0.7706174409448818
21
-0.0038596456692913
0
LINE
8
BLACK
6
CONTINUOUS
10
-0.7706174409448818
20
-0.0038596456692913
11
-0.771158031496063
21
-0.0040665354330709
0
LINE
8
BLACK
6
CONTINUOUS
10
-0.771158031496063
20
-0.0040665354330709
11
-0.771263937007874
21
-0.0040740551181102
0
LINE
8
BLACK
6
CONTINUOUS
10
-0.771263937007874
20
-0.0040740551181102
11
-0.7713618897637795
21
-0.0041146456692913
0
LINE
8
BLACK
6
CONTINUOUS
10
-0.7713618897637795
20
-0.0041146456692913
11
-0.7719164173228347
21
-0.0041203937007874
0
LINE
8
BLACK
6
CONTINUOUS
10
-0.7719164173228347
20
-0.0041203937007874
11
-0.7723072834645669
21
-0.004148188976378
0
LINE
8
BLACK
6
CONTINUOUS
10
-0.7723072834645669
20
-0.004148188976378
11
-0.7723762598425197
21
-0.0041251968503937
0
LINE
8
BLACK
6
CONTINUOUS
10
-0.7723762598425197
20
-0.0041251968503937
11
-0.7768123622047244
21
-0.0041713779527559
0
LINE
8
BLACK
6
CONTINUOUS
10
-0.7768123622047244
20
-0.0041713779527559
11
-0.7771039370078739
21
-0.0041426377952756
0
LINE
8
BLACK
6
CONTINUOUS
10
-0.7771039370078739
20
-0.0041426377952756
11
-0.777181653543307
21
-0.004148188976378
0
LINE
8
BLACK
6
CONTINUOUS
10
-0.777181653543307
20
-0.004148188976378
11
-0.77723968503937
21
-0.0041292913385827
0
LINE
8
BLACK
6
CONTINUOUS
10
-0.77723968503937
20
-0.0041292913385827
11
-0.7773884251968504
21
-0.0041146456692913
0
LINE
8
BLACK
6
CONTINUOUS
10
-0.7773884251968504
20
-0.0041146456692913
11
-0.7777705511811024
21
-0.0039563385826772
0
LINE
8
BLACK
6
CONTINUOUS
10
-0.7777705511811024
20
-0.0039563385826772
11
-0.7850576771653544
21
-0.0015826377952756
0
LINE
8
BLACK
6
CONTINUOUS
10
-0.7850576771653544
20
-0.0015826377952756
11
-0.7855862598425196
21
-0.0013466535433071
0
LINE
8
BLACK
6
CONTINUOUS
10
-0.7855862598425196
20
-0.0013466535433071
11
-0.7856664566929134
21
-0.0012770866141732
0
LINE
8
BLACK
6
CONTINUOUS
10
-0.7856664566929134
20
-0.0012770866141732
11
-0.7857644094488189
21
-0.0012365354330709
0
LINE
8
BLACK
6
CONTINUOUS
10
-0.7857644094488189
20
-0.0012365354330709
11
-0.7861060236220472
21
-0.0008958661417323
0
LINE
8
BLACK
6
CONTINUOUS
10
-0.7861060236220472
20
-0.0008958661417323
11
-0.7864566141732283
21
-0.0005917716535433
0
LINE
8
BLACK
6
CONTINUOUS
10
-0.7864566141732283
20
-0.0005917716535433
11
-0.7865020866141732
21
-0.0005008661417323
0
LINE
8
BLACK
6
CONTINUOUS
10
-0.7865020866141732
20
-0.0005008661417323
11
-0.8104608267716535
21
0.0233931496062992
0
LINE
8
BLACK
6
CONTINUOUS
10
-0.8104608267716535
20
0.0233931496062992
11
-0.8104175196850394
21
-0.0012186220472441
0
LINE
8
BLACK
6
CONTINUOUS
10
-0.8104175196850394
20
-0.0012186220472441
11
-0.8104742519685039
21
-0.0017946850393701
0
LINE
8
BLACK
6
CONTINUOUS
10
-0.8104742519685039
20
-0.0017946850393701
11
-0.810915157480315
21
-0.002859094488189
0
LINE
8
BLACK
6
CONTINUOUS
10
-0.810915157480315
20
-0.002859094488189
11
-0.8117298031496063
21
-0.0036737401574803
0
LINE
8
BLACK
6
CONTINUOUS
10
-0.8117298031496063
20
-0.0036737401574803
11
-0.8127942125984252
21
-0.0041146456692913
0
LINE
8
BLACK
6
CONTINUOUS
10
-0.8127942125984252
20
-0.0041146456692913
11
-0.8139463385826772
21
-0.0041146456692913
0
LINE
8
BLACK
6
CONTINUOUS
10
-0.8139463385826772
20
-0.0041146456692913
11
-0.8150107480314961
21
-0.0036737401574803
0
LINE
8
BLACK
6
CONTINUOUS
10
-0.8150107480314961
20
-0.0036737401574803
11
-0.8158253937007874
21
-0.002859094488189
0
LINE
8
BLACK
6
CONTINUOUS
10
-0.8158253937007874
20
-0.002859094488189
11
-0.8162662992125984
21
-0.0017946850393701
0
LINE
8
BLACK
6
CONTINUOUS
10
-0.8162662992125984
20
-0.0017946850393701
11
-0.816323031496063
21
0.0304649212598425
0
LINE
8
BLACK
6
CONTINUOUS
10
-0.816323031496063
20
0.0304649212598425
11
-0.8162662992125984
21
0.0310409842519685
0
LINE
8
BLACK
6
CONTINUOUS
10
-0.8162662992125984
20
0.0310409842519685
11
-0.8158253937007874
21
0.0321053937007874
0
LINE
8
BLACK
6
CONTINUOUS
10
-0.8158253937007874
20
0.0321053937007874
11
-0.8150107480314961
21
0.0329200393700787
0
LINE
8
BLACK
6
CONTINUOUS
10
-0.8150107480314961
20
0.0329200393700787
11
-0.8139463385826772
21
0.0333609448818898
0
LINE
8
BLACK
6
CONTINUOUS
10
-0.8139463385826772
20
0.0333609448818898
11
-0.8127942125984252
21
0.0333609448818898
0
LINE
8
BLACK
6
CONTINUOUS
10
-0.8127942125984252
20
0.0333609448818898
11
-0.8117298031496063
21
0.0329200393700787
0
LINE
8
BLACK
6
CONTINUOUS
10
-0.3594280708661417
20
0.068769094488189
11
-0.3592782283464567
21
0.0455186220472441
0
LINE
8
BLACK
6
CONTINUOUS
10
-0.3592782283464567
20
0.0455186220472441
11
-0.3594280708661417
21
0.0447653149606299
0
LINE
8
BLACK
6
CONTINUOUS
10
-0.3594280708661417
20
0.0447653149606299
11
-0.3596088582677165
21
0.0445845669291339
0
LINE
8
BLACK
6
CONTINUOUS
10
-0.3596088582677165
20
0.0445845669291339
11
-0.3608790551181102
21
0.0403966929133858
0
LINE
8
BLACK
6
CONTINUOUS
10
-0.3608790551181102
20
0.0403966929133858
11
-0.360927874015748
21
0.040311062992126
0
LINE
8
BLACK
6
CONTINUOUS
10
-0.360927874015748
20
0.040311062992126
11
-0.360927874015748
21
0.0402658267716535
0
LINE
8
BLACK
6
CONTINUOUS
10
-0.360927874015748
20
0.0402658267716535
11
-0.3609931889763779
21
0.0401964960629921
0
LINE
8
BLACK
6
CONTINUOUS
10
-0.3609931889763779
20
0.0401964960629921
11
-0.3612594094488189
21
0.0397294094488189
0
LINE
8
BLACK
6
CONTINUOUS
10
-0.3612594094488189
20
0.0397294094488189
11
-0.3615875984251968
21
0.0395653543307087
0
LINE
8
BLACK
6
CONTINUOUS
10
-0.3615875984251968
20
0.0395653543307087
11
-0.3643542519685039
21
0.0366275984251968
0
LINE
8
BLACK
6
CONTINUOUS
10
-0.3643542519685039
20
0.0366275984251968
11
-0.364436220472441
21
0.036572874015748
0
LINE
8
BLACK
6
CONTINUOUS
10
-0.364436220472441
20
0.036572874015748
11
-0.3644564173228346
21
0.0365324015748031
0
LINE
8
BLACK
6
CONTINUOUS
10
-0.3644564173228346
20
0.0365324015748031
11
-0.3645449212598425
21
0.0365002362204724
0
LINE
8
BLACK
6
CONTINUOUS
10
-0.3645449212598425
20
0.0365002362204724
11
-0.364992874015748
21
0.0362008661417323
0
LINE
8
BLACK
6
CONTINUOUS
10
-0.364992874015748
20
0.0362008661417323
11
-0.3653674803149606
21
0.0362008661417323
0
LINE
8
BLACK
6
CONTINUOUS
10
-0.3653674803149606
20
0.0362008661417323
11
-0.3696231102362205
21
0.0346522440944882
0
LINE
8
BLACK
6
CONTINUOUS
10
-0.3696231102362205
20
0.0346522440944882
11
-0.3703851181102362
21
0.0345561811023622
0
LINE
8
BLACK
6
CONTINUOUS
10
-0.3703851181102362
20
0.0345561811023622
11
-0.3705874409448819
21
0.0346573622047244
0
LINE
8
BLACK
6
CONTINUOUS
10
-0.3705874409448819
20
0.0346573622047244
11
-0.3732452362204725
21
0.0345512204724409
0
LINE
8
BLACK
6
CONTINUOUS
10
-0.3732452362204725
20
0.0345512204724409
11
-0.3739985433070866
21
0.034701062992126
0
LINE
8
BLACK
6
CONTINUOUS
10
-0.3739985433070866
20
0.034701062992126
11
-0.3750638976377952
21
0.0357664173228346
0
LINE
8
BLACK
6
CONTINUOUS
10
-0.3750638976377952
20
0.0357664173228346
11
-0.3750638976377952
21
0.037273031496063
0
LINE
8
BLACK
6
CONTINUOUS
10
-0.3750638976377952
20
0.037273031496063
11
-0.3739985433070866
21
0.0383383858267717
0
LINE
8
BLACK
6
CONTINUOUS
10
-0.3739985433070866
20
0.0383383858267717
11
-0.3702455905511811
21
0.0384882283464567
0
LINE
8
BLACK
6
CONTINUOUS
10
-0.3702455905511811
20
0.0384882283464567
11
-0.3702242125984252
21
0.0384839763779528
0
LINE
8
BLACK
6
CONTINUOUS
10
-0.3702242125984252
20
0.0384839763779528
11
-0.3665921653543307
21
0.0398057086614173
0
LINE
8
BLACK
6
CONTINUOUS
10
-0.3665921653543307
20
0.0398057086614173
11
-0.3642964566929134
21
0.0422434251968504
0
LINE
8
BLACK
6
CONTINUOUS
10
-0.3642964566929134
20
0.0422434251968504
11
-0.3631142125984252
21
0.0461411023622047
0
LINE
8
BLACK
6
CONTINUOUS
10
-0.3631142125984252
20
0.0461411023622047
11
-0.3630747244094488
21
0.0462104330708661
0
LINE
8
BLACK
6
CONTINUOUS
10
-0.3630747244094488
20
0.0462104330708661
11
-0.3632152362204724
21
0.0680157874015748
0
LINE
8
BLACK
6
CONTINUOUS
10
-0.3632152362204724
20
0.0680157874015748
11
-0.3630653937007874
21
0.068769094488189
0
LINE
8
BLACK
6
CONTINUOUS
10
-0.3630653937007874
20
0.068769094488189
11
-0.3620000393700787
21
0.0698344488188976
0
LINE
8
BLACK
6
CONTINUOUS
10
-0.3620000393700787
20
0.0698344488188976
11
-0.3604934251968504
21
0.0698344488188976
0
LINE
8
BLACK
6
CONTINUOUS
10
-0.3604934251968504
20
0.0698344488188976
11
-0.3594280708661417
21
0.068769094488189
0
LINE
8
BLACK
6
CONTINUOUS
10
-0.3067028346456693
20
0.0698344488188976
11
-0.3065001574803149
21
0.0698344488188976
0
LINE
8
BLACK
6
CONTINUOUS
10
-0.3065001574803149
20
0.0698344488188976
11
-0.3060948425196851
21
0.0694291338582677
0
LINE
8
BLACK
6
CONTINUOUS
10
-0.3060948425196851
20
0.0694291338582677
11
-0.305617874015748
21
0.0691111417322835
0
LINE
8
BLACK
6
CONTINUOUS
10
-0.305617874015748
20
0.0691111417322835
11
-0.3055781496062992
21
0.0689124409448819
0
LINE
8
BLACK
6
CONTINUOUS
10
-0.3055781496062992
20
0.0689124409448819
11
-0.3054348031496063
21
0.068769094488189
0
LINE
8
BLACK
6
CONTINUOUS
10
-0.3054348031496063
20
0.068769094488189
11
-0.3054320866141732
21
0.0681821653543307
0
LINE
8
BLACK
6
CONTINUOUS
10
-0.3054320866141732
20
0.0681821653543307
11
-0.3053224015748031
21
0.0676337401574803
0
LINE
8
BLACK
6
CONTINUOUS
10
-0.3053224015748031
20
0.0676337401574803
11
-0.305428779527559
21
0.0674655118110236
0
LINE
8
BLACK
6
CONTINUOUS
10
-0.305428779527559
20
0.0674655118110236
11
-0.3052938582677165
21
0.0384320078740157
0
LINE
8
BLACK
6
CONTINUOUS
10
-0.3052938582677165
20
0.0384320078740157
11
-0.2982546062992126
21
0.0384882283464567
0
LINE
8
BLACK
6
CONTINUOUS
10
-0.2982546062992126
20
0.0384882283464567
11
-0.2975012992125984
21
0.0383383858267717
0
LINE
8
BLACK
6
CONTINUOUS
10
-0.2975012992125984
20
0.0383383858267717
11
-0.2964359448818897
21
0.037273031496063
0
LINE
8
BLACK
6
CONTINUOUS
10
-0.2964359448818897
20
0.037273031496063
11
-0.2964359448818897
21
0.0357664173228346
0
LINE
8
BLACK
6
CONTINUOUS
10
-0.2964359448818897
20
0.0357664173228346
11
-0.2975012992125984
21
0.034701062992126
0
LINE
8
BLACK
6
CONTINUOUS
10
-0.2975012992125984
20
0.034701062992126
11
-0.3162523622047244
21
0.0345512204724409
0
LINE
8
BLACK
6
CONTINUOUS
10
-0.3162523622047244
20
0.0345512204724409
11
-0.3170056692913386
21
0.034701062992126
0
LINE
8
BLACK
6
CONTINUOUS
10
-0.3170056692913386
20
0.034701062992126
11
-0.3180710236220473
21
0.0357664173228346
0
LINE
8
BLACK
6
CONTINUOUS
10
-0.3180710236220473
20
0.0357664173228346
11
-0.3180710236220473
21
0.037273031496063
0
LINE
8
BLACK
6
CONTINUOUS
10
-0.3180710236220473
20
0.037273031496063
11
-0.3170056692913386
21
0.0383383858267717
0
LINE
8
BLACK
6
CONTINUOUS
10
-0.3170056692913386
20
0.0383383858267717
11
-0.3090844094488189
21
0.0384016929133858
0
LINE
8
BLACK
6
CONTINUOUS
10
-0.3090844094488189
20
0.0384016929133858
11
-0.3091934645669291
21
0.0618736614173228
0
LINE
8
BLACK
6
CONTINUOUS
10
-0.3091934645669291
20
0.0618736614173228
11
-0.3092903149606299
21
0.0618542913385827
0
LINE
8
BLACK
6
CONTINUOUS
10
-0.3092903149606299
20
0.0618542913385827
11
-0.311860748031496
21
0.0591248031496063
0
LINE
8
BLACK
6
CONTINUOUS
10
-0.311860748031496
20
0.0591248031496063
11
-0.3124993700787401
21
0.0586980708661417
0
LINE
8
BLACK
6
CONTINUOUS
10
-0.3124993700787401
20
0.0586980708661417
11
-0.3127335039370079
21
0.0586980708661417
0
LINE
8
BLACK
6
CONTINUOUS
10
-0.3127335039370079
20
0.0586980708661417
11
-0.3153720472440945
21
0.0572562598425197
0
LINE
8
BLACK
6
CONTINUOUS
10
-0.3153720472440945
20
0.0572562598425197
11
-0.3161128346456693
21
0.0570533858267716
0
LINE
8
BLACK
6
CONTINUOUS
10
-0.3161128346456693
20
0.0570533858267716
11
-0.317542125984252
21
0.057529842519685
0
LINE
8
BLACK
6
CONTINUOUS
10
-0.317542125984252
20
0.057529842519685
11
-0.318215905511811
21
0.0588774015748031
0
LINE
8
BLACK
6
CONTINUOUS
10
-0.318215905511811
20
0.0588774015748031
11
-0.3177394488188977
21
0.0603066929133858
0
LINE
8
BLACK
6
CONTINUOUS
10
-0.3177394488188977
20
0.0603066929133858
11
-0.314133031496063
21
0.0622774409448819
0
LINE
8
BLACK
6
CONTINUOUS
10
-0.314133031496063
20
0.0622774409448819
11
-0.3141190551181102
21
0.0622812992125984
0
LINE
8
BLACK
6
CONTINUOUS
10
-0.3141190551181102
20
0.0622812992125984
11
-0.3116450393700788
21
0.0649083070866142
0
LINE
8
BLACK
6
CONTINUOUS
10
-0.3116450393700788
20
0.0649083070866142
11
-0.3114732677165354
21
0.0650231102362205
0
LINE
8
BLACK
6
CONTINUOUS
10
-0.3114732677165354
20
0.0650231102362205
11
-0.3088913385826771
21
0.0691077165354331
0
LINE
8
BLACK
6
CONTINUOUS
10
-0.3088913385826771
20
0.0691077165354331
11
-0.3083488188976378
21
0.0696513779527559
0
LINE
8
BLACK
6
CONTINUOUS
10
-0.3083488188976378
20
0.0696513779527559
11
-0.3081501181102362
21
0.0696911417322835
0
LINE
8
BLACK
6
CONTINUOUS
10
-0.3081501181102362
20
0.0696911417322835
11
-0.3080067716535433
21
0.0698344488188976
0
LINE
8
BLACK
6
CONTINUOUS
10
-0.3080067716535433
20
0.0698344488188976
11
-0.3074334251968504
21
0.0698344488188976
0
LINE
8
BLACK
6
CONTINUOUS
10
-0.3074334251968504
20
0.0698344488188976
11
-0.3068714173228346
21
0.0699468503937008
0
LINE
8
BLACK
6
CONTINUOUS
10
-0.3068714173228346
20
0.0699468503937008
11
-0.3067028346456693
21
0.0698344488188976
0
LINE
8
BLACK
6
CONTINUOUS
10
-0.3341533858267716
20
0.0699650787401575
11
-0.3341105118110236
21
0.0699793307086614
0
LINE
8
BLACK
6
CONTINUOUS
10
-0.3341105118110236
20
0.0699793307086614
11
-0.3340215748031496
21
0.0699388582677165
0
LINE
8
BLACK
6
CONTINUOUS
10
-0.3340215748031496
20
0.0699388582677165
11
-0.3334967716535433
21
0.0698344488188976
0
LINE
8
BLACK
6
CONTINUOUS
10
-0.3334967716535433
20
0.0698344488188976
11
-0.3332499212598425
21
0.0695875984251969
0
LINE
8
BLACK
6
CONTINUOUS
10
-0.3332499212598425
20
0.0695875984251969
11
-0.3304975196850394
21
0.0683346456692913
0
LINE
8
BLACK
6
CONTINUOUS
10
-0.3304975196850394
20
0.0683346456692913
11
-0.3304971653543307
21
0.0683346456692913
0
LINE
8
BLACK
6
CONTINUOUS
10
-0.3304971653543307
20
0.0683346456692913
11
-0.3304968110236221
21
0.0683343307086614
0
LINE
8
BLACK
6
CONTINUOUS
10
-0.3304968110236221
20
0.0683343307086614
11
-0.3303701181102362
21
0.0682766535433071
0
LINE
8
BLACK
6
CONTINUOUS
10
-0.3303701181102362
20
0.0682766535433071
11
-0.3297633464566929
21
0.0678057480314961
0
LINE
8
BLACK
6
CONTINUOUS
10
-0.3297633464566929
20
0.0678057480314961
11
-0.3297003937007874
21
0.0676168503937008
0
LINE
8
BLACK
6
CONTINUOUS
10
-0.3297003937007874
20
0.0676168503937008
11
-0.3284664173228347
21
0.066505157480315
0
LINE
8
BLACK
6
CONTINUOUS
10
-0.3284664173228347
20
0.066505157480315
11
-0.328460905511811
21
0.0665033070866142
0
LINE
8
BLACK
6
CONTINUOUS
10
-0.328460905511811
20
0.0665033070866142
11
-0.3284575590551181
21
0.0664972047244095
0
LINE
8
BLACK
6
CONTINUOUS
10
-0.3284575590551181
20
0.0664972047244095
11
-0.3283587401574803
21
0.0664081496062992
0
LINE
8
BLACK
6
CONTINUOUS
10
-0.3283587401574803
20
0.0664081496062992
11
-0.3279320078740157
21
0.0657695275590551
0
LINE
8
BLACK
6
CONTINUOUS
10
-0.3279320078740157
20
0.0657695275590551
11
-0.3279320078740157
21
0.0655354724409449
0
LINE
8
BLACK
6
CONTINUOUS
10
-0.3279320078740157
20
0.0655354724409449
11
-0.326490157480315
21
0.0628968897637795
0
LINE
8
BLACK
6
CONTINUOUS
10
-0.326490157480315
20
0.0628968897637795
11
-0.3264641338582677
21
0.062801811023622
0
LINE
8
BLACK
6
CONTINUOUS
10
-0.3264641338582677
20
0.062801811023622
11
-0.3264321653543307
21
0.062769842519685
0
LINE
8
BLACK
6
CONTINUOUS
10
-0.3264321653543307
20
0.062769842519685
11
-0.3264294881889764
21
0.0626753149606299
0
LINE
8
BLACK
6
CONTINUOUS
10
-0.3264294881889764
20
0.0626753149606299
11
-0.3262872834645669
21
0.0621561023622047
0
LINE
8
BLACK
6
CONTINUOUS
10
-0.3262872834645669
20
0.0621561023622047
11
-0.3264046456692913
21
0.061804094488189
0
LINE
8
BLACK
6
CONTINUOUS
10
-0.3264046456692913
20
0.061804094488189
11
-0.3262823228346456
21
0.057517125984252
0
LINE
8
BLACK
6
CONTINUOUS
10
-0.3262823228346456
20
0.057517125984252
11
-0.3263015748031496
21
0.0574204330708661
0
LINE
8
BLACK
6
CONTINUOUS
10
-0.3263015748031496
20
0.0574204330708661
11
-0.3262872834645669
21
0.0573775590551181
0
LINE
8
BLACK
6
CONTINUOUS
10
-0.3262872834645669
20
0.0573775590551181
11
-0.3263277952755905
21
0.0572886220472441
0
LINE
8
BLACK
6
CONTINUOUS
10
-0.3263277952755905
20
0.0572886220472441
11
-0.3264321653543307
21
0.0567638188976378
0
LINE
8
BLACK
6
CONTINUOUS
10
-0.3264321653543307
20
0.0567638188976378
11
-0.326679094488189
21
0.0565169291338583
0
LINE
8
BLACK
6
CONTINUOUS
10
-0.326679094488189
20
0.0565169291338583
11
-0.3279320078740157
21
0.0537645275590551
0
LINE
8
BLACK
6
CONTINUOUS
10
-0.3279320078740157
20
0.0537645275590551
11
-0.3279320078740157
21
0.0537641338582677
0
LINE
8
BLACK
6
CONTINUOUS
10
-0.3279320078740157
20
0.0537641338582677
11
-0.3279324015748031
21
0.0537637401574803
0
LINE
8
BLACK
6
CONTINUOUS
10
-0.3279324015748031
20
0.0537637401574803
11
-0.32799
21
0.053637125984252
0
LINE
8
BLACK
6
CONTINUOUS
10
-0.32799
20
0.053637125984252
11
-0.328460905511811
21
0.0530303543307087
0
LINE
8
BLACK
6
CONTINUOUS
10
-0.328460905511811
20
0.0530303543307087
11
-0.328649842519685
21
0.0529674015748031
0
LINE
8
BLACK
6
CONTINUOUS
10
-0.328649842519685
20
0.0529674015748031
11
-0.3297614960629921
21
0.0517335039370079
0
LINE
8
BLACK
6
CONTINUOUS
10
-0.3297614960629921
20
0.0517335039370079
11
-0.3297633464566929
21
0.0517279133858268
0
LINE
8
BLACK
6
CONTINUOUS
10
-0.3297633464566929
20
0.0517279133858268
11
-0.3297695669291338
21
0.0517245275590551
0
LINE
8
BLACK
6
CONTINUOUS
10
-0.3297695669291338
20
0.0517245275590551
11
-0.3298585433070866
21
0.0516257480314961
0
LINE
8
BLACK
6
CONTINUOUS
10
-0.3298585433070866
20
0.0516257480314961
11
-0.3304971653543307
21
0.0511990157480315
0
LINE
8
BLACK
6
CONTINUOUS
10
-0.3304971653543307
20
0.0511990157480315
11
-0.3307312204724409
21
0.0511990157480315
0
LINE
8
BLACK
6
CONTINUOUS
10
-0.3307312204724409
20
0.0511990157480315
11
-0.3333697244094488
21
0.0497572047244094
0
LINE
8
BLACK
6
CONTINUOUS
10
-0.3333697244094488
20
0.0497572047244094
11
-0.3334648425196851
21
0.0497311811023622
0
LINE
8
BLACK
6
CONTINUOUS
10
-0.3334648425196851
20
0.0497311811023622
11
-0.3334967716535433
21
0.0496992125984252
0
LINE
8
BLACK
6
CONTINUOUS
10
-0.3334967716535433
20
0.0496992125984252
11
-0.3335853149606299
21
0.049698188976378
0
LINE
8
BLACK
6
CONTINUOUS
10
-0.3335853149606299
20
0.049698188976378
11
-0.3341105118110236
21
0.0495543307086614
0
LINE
8
BLACK
6
CONTINUOUS
10
-0.3341105118110236
20
0.0495543307086614
11
-0.3345094881889764
21
0.0496873228346457
0
LINE
8
BLACK
6
CONTINUOUS
10
-0.3345094881889764
20
0.0496873228346457
11
-0.3443407480314961
21
0.049571811023622
0
LINE
8
BLACK
6
CONTINUOUS
10
-0.3443407480314961
20
0.049571811023622
11
-0.3442800787401575
21
0.0365197244094488
0
LINE
8
BLACK
6
CONTINUOUS
10
-0.3442800787401575
20
0.0365197244094488
11
-0.3444299212598425
21
0.0357664173228346
0
LINE
8
BLACK
6
CONTINUOUS
10
-0.3444299212598425
20
0.0357664173228346
11
-0.3454952755905512
21
0.034701062992126
0
LINE
8
BLACK
6
CONTINUOUS
10
-0.3454952755905512
20
0.034701062992126
11
-0.3470018897637795
21
0.034701062992126
0
LINE
8
BLACK
6
CONTINUOUS
10
-0.3470018897637795
20
0.034701062992126
11
-0.3480672440944882
21
0.0357664173228346
0
LINE
8
BLACK
6
CONTINUOUS
10
-0.3480672440944882
20
0.0357664173228346
11
-0.3482170866141732
21
0.0680157874015748
0
LINE
8
BLACK
6
CONTINUOUS
10
-0.3482170866141732
20
0.0680157874015748
11
-0.3480672440944882
21
0.068769094488189
0
LINE
8
BLACK
6
CONTINUOUS
10
-0.3480672440944882
20
0.068769094488189
11
-0.3470018897637795
21
0.0698344488188976
0
LINE
8
BLACK
6
CONTINUOUS
10
-0.3470018897637795
20
0.0698344488188976
11
-0.3342500787401575
21
0.0699842913385827
0
LINE
8
BLACK
6
CONTINUOUS
10
-0.3342500787401575
20
0.0699842913385827
11
-0.3341533858267716
21
0.0699650787401575
0
LINE
8
BLACK
6
CONTINUOUS
10
-0.3444174015748032
20
0.0660688188976378
11
-0.3443583858267716
21
0.0533676377952756
0
LINE
8
BLACK
6
CONTINUOUS
10
-0.3443583858267716
20
0.0533676377952756
11
-0.3345005118110236
21
0.0534834645669291
0
LINE
8
BLACK
6
CONTINUOUS
10
-0.3345005118110236
20
0.0534834645669291
11
-0.3321914566929134
21
0.0547452362204724
0
LINE
8
BLACK
6
CONTINUOUS
10
-0.3321914566929134
20
0.0547452362204724
11
-0.3311456299212598
21
0.0559061023622047
0
LINE
8
BLACK
6
CONTINUOUS
10
-0.3311456299212598
20
0.0559061023622047
11
-0.3301099606299213
21
0.0581812992125984
0
LINE
8
BLACK
6
CONTINUOUS
10
-0.3301099606299213
20
0.0581812992125984
11
-0.330211968503937
21
0.061758031496063
0
LINE
8
BLACK
6
CONTINUOUS
10
-0.330211968503937
20
0.061758031496063
11
-0.3314782283464567
21
0.0640752362204724
0
LINE
8
BLACK
6
CONTINUOUS
10
-0.3314782283464567
20
0.0640752362204724
11
-0.3326390157480315
21
0.0651209842519685
0
LINE
8
BLACK
6
CONTINUOUS
10
-0.3326390157480315
20
0.0651209842519685
11
-0.334965157480315
21
0.0661798818897638
0
LINE
8
BLACK
6
CONTINUOUS
10
-0.334965157480315
20
0.0661798818897638
11
-0.3444174015748032
21
0.0660688188976378
0
LINE
8
BLACK
6
CONTINUOUS
10
-0.7616131102362205
20
0.0528585433070866
11
-0.7605487007874016
21
0.0524176377952756
0
LINE
8
BLACK
6
CONTINUOUS
10
-0.7605487007874016
20
0.0524176377952756
11
-0.7597340551181102
21
0.0516029921259843
0
LINE
8
BLACK
6
CONTINUOUS
10
-0.7597340551181102
20
0.0516029921259843
11
-0.7592931496062992
21
0.0505385826771654
0
LINE
8
BLACK
6
CONTINUOUS
10
-0.7592931496062992
20
0.0505385826771654
11
-0.7592931496062992
21
0.0493864566929134
0
LINE
8
BLACK
6
CONTINUOUS
10
-0.7592931496062992
20
0.0493864566929134
11
-0.7597340551181102
21
0.0483220472440945
0
LINE
8
BLACK
6
CONTINUOUS
10
-0.7597340551181102
20
0.0483220472440945
11
-0.7605487007874016
21
0.0475074015748031
0
LINE
8
BLACK
6
CONTINUOUS
10
-0.7605487007874016
20
0.0475074015748031
11
-0.7616131102362205
21
0.0470664960629921
0
LINE
8
BLACK
6
CONTINUOUS
10
-0.7616131102362205
20
0.0470664960629921
11
-0.8133702755905512
21
0.0470097637795276
0
LINE
8
BLACK
6
CONTINUOUS
10
-0.8133702755905512
20
0.0470097637795276
11
-0.8139463385826772
21
0.0470664960629921
0
LINE
8
BLACK
6
CONTINUOUS
10
-0.8139463385826772
20
0.0470664960629921
11
-0.8150107480314961
21
0.0475074015748031
0
LINE
8
BLACK
6
CONTINUOUS
10
-0.8150107480314961
20
0.0475074015748031
11
-0.8158253937007874
21
0.0483220472440945
0
LINE
8
BLACK
6
CONTINUOUS
10
-0.8158253937007874
20
0.0483220472440945
11
-0.8162662992125984
21
0.0493864566929134
0
LINE
8
BLACK
6
CONTINUOUS
10
-0.8162662992125984
20
0.0493864566929134
11
-0.8162662992125984
21
0.0505385826771654
0
LINE
8
BLACK
6
CONTINUOUS
10
-0.8162662992125984
20
0.0505385826771654
11
-0.8158253937007874
21
0.0516029921259843
0
LINE
8
BLACK
6
CONTINUOUS
10
-0.8158253937007874
20
0.0516029921259843
11
-0.8150107480314961
21
0.0524176377952756
0
LINE
8
BLACK
6
CONTINUOUS
10
-0.8150107480314961
20
0.0524176377952756
11
-0.8139463385826772
21
0.0528585433070866
0
LINE
8
BLACK
6
CONTINUOUS
10
-0.8139463385826772
20
0.0528585433070866
11
-0.7621891732283465
21
0.0529152755905512
0
LINE
8
BLACK
6
CONTINUOUS
10
-0.7621891732283465
20
0.0529152755905512
11
-0.7616131102362205
21
0.0528585433070866
0
LINE
8
BLACK
6
CONTINUOUS
10
0.328581968503937
20
0.1305925590551181
11
0.3286799606299213
21
0.130551968503937
0
LINE
8
BLACK
6
CONTINUOUS
10
0.3286799606299213
20
0.130551968503937
11
0.3287857874015748
21
0.1305444488188976
0
LINE
8
BLACK
6
CONTINUOUS
10
0.3287857874015748
20
0.1305444488188976
11
0.3292761417322835
21
0.1303050393700787
0
LINE
8
BLACK
6
CONTINUOUS
10
0.3292761417322835
20
0.1303050393700787
11
0.3296463779527559
21
0.1301516535433071
0
LINE
8
BLACK
6
CONTINUOUS
10
0.3296463779527559
20
0.1301516535433071
11
0.3296999606299212
21
0.1300980708661417
0
LINE
8
BLACK
6
CONTINUOUS
10
0.3296999606299212
20
0.1300980708661417
11
0.3342008267716535
21
0.1279003543307086
0
LINE
8
BLACK
6
CONTINUOUS
10
0.3342008267716535
20
0.1279003543307086
11
0.3346907086614173
21
0.127591968503937
0
LINE
8
BLACK
6
CONTINUOUS
10
0.3346907086614173
20
0.127591968503937
11
0.3354455511811024
21
0.1267216141732283
0
LINE
8
BLACK
6
CONTINUOUS
10
0.3354455511811024
20
0.1267216141732283
11
0.3358098818897638
21
0.1256286614173228
0
LINE
8
BLACK
6
CONTINUOUS
10
0.3358098818897638
20
0.1256286614173228
11
0.3357282283464567
21
0.1244794488188976
0
LINE
8
BLACK
6
CONTINUOUS
10
0.3357282283464567
20
0.1244794488188976
11
0.3352129921259843
21
0.123448937007874
0
LINE
8
BLACK
6
CONTINUOUS
10
0.3352129921259843
20
0.123448937007874
11
0.3343425984251969
21
0.122694094488189
0
LINE
8
BLACK
6
CONTINUOUS
10
0.3343425984251969
20
0.122694094488189
11
0.3332496456692913
21
0.1223297637795276
0
LINE
8
BLACK
6
CONTINUOUS
10
0.3332496456692913
20
0.1223297637795276
11
0.3321004330708661
21
0.1224114173228346
0
LINE
8
BLACK
6
CONTINUOUS
10
0.3321004330708661
20
0.1224114173228346
11
0.3272275590551181
21
0.1247907874015748
0
LINE
8
BLACK
6
CONTINUOUS
10
0.3272275590551181
20
0.1247907874015748
11
0.3210270866141732
21
0.1247461811023622
0
LINE
8
BLACK
6
CONTINUOUS
10
0.3210270866141732
20
0.1247461811023622
11
0.3148858267716536
21
0.1226522440944882
0
LINE
8
BLACK
6
CONTINUOUS
10
0.3148858267716536
20
0.1226522440944882
11
0.310836811023622
21
0.1185412598425197
0
LINE
8
BLACK
6
CONTINUOUS
10
0.310836811023622
20
0.1185412598425197
11
0.3087535433070866
21
0.114274842519685
0
LINE
8
BLACK
6
CONTINUOUS
10
0.3087535433070866
20
0.114274842519685
11
0.3065381102362205
21
0.1052075196850394
0
LINE
8
BLACK
6
CONTINUOUS
10
0.3065381102362205
20
0.1052075196850394
11
0.3065855511811024
21
0.0986094488188976
0
LINE
8
BLACK
6
CONTINUOUS
10
0.3065855511811024
20
0.0986094488188976
11
0.3089076377952756
21
0.0895274015748031
0
LINE
8
BLACK
6
CONTINUOUS
10
0.3089076377952756
20
0.0895274015748031
11
0.3109954330708661
21
0.0854483070866142
0
LINE
8
BLACK
6
CONTINUOUS
10
0.3109954330708661
20
0.0854483070866142
11
0.3150431102362204
21
0.0814616535433071
0
LINE
8
BLACK
6
CONTINUOUS
10
0.3150431102362204
20
0.0814616535433071
11
0.321299251968504
21
0.0794237795275591
0
LINE
8
BLACK
6
CONTINUOUS
10
0.321299251968504
20
0.0794237795275591
11
0.3252327165354331
21
0.0794647244094488
0
LINE
8
BLACK
6
CONTINUOUS
10
0.3252327165354331
20
0.0794647244094488
11
0.3313588188976378
21
0.0815534251968504
0
LINE
8
BLACK
6
CONTINUOUS
10
0.3313588188976378
20
0.0815534251968504
11
0.3324155511811023
21
0.0826404330708661
0
LINE
8
BLACK
6
CONTINUOUS
10
0.3324155511811023
20
0.0826404330708661
11
0.3323740944881889
21
0.095534842519685
0
LINE
8
BLACK
6
CONTINUOUS
10
0.3323740944881889
20
0.095534842519685
11
0.3255687007874016
21
0.0954974409448819
0
LINE
8
BLACK
6
CONTINUOUS
10
0.3255687007874016
20
0.0954974409448819
11
0.3249926377952756
21
0.0955541732283465
0
LINE
8
BLACK
6
CONTINUOUS
10
0.3249926377952756
20
0.0955541732283465
11
0.3239282283464567
21
0.0959950787401575
0
LINE
8
BLACK
6
CONTINUOUS
10
0.3239282283464567
20
0.0959950787401575
11
0.3231135826771653
21
0.0968097244094488
0
LINE
8
BLACK
6
CONTINUOUS
10
0.3231135826771653
20
0.0968097244094488
11
0.3226726771653543
21
0.0978741338582677
0
LINE
8
BLACK
6
CONTINUOUS
10
0.3226726771653543
20
0.0978741338582677
11
0.3226726771653543
21
0.0990262598425197
0
LINE
8
BLACK
6
CONTINUOUS
10
0.3226726771653543
20
0.0990262598425197
11
0.3231135826771653
21
0.1000906692913386
0
LINE
8
BLACK
6
CONTINUOUS
10
0.3231135826771653
20
0.1000906692913386
11
0.3239282283464567
21
0.1009053149606299
0
LINE
8
BLACK
6
CONTINUOUS
10
0.3239282283464567
20
0.1009053149606299
11
0.3249926377952756
21
0.1013462204724409
0
LINE
8
BLACK
6
CONTINUOUS
10
0.3249926377952756
20
0.1013462204724409
11
0.3353174803149606
21
0.1014029527559055
0
LINE
8
BLACK
6
CONTINUOUS
10
0.3353174803149606
20
0.1014029527559055
11
0.3358935433070866
21
0.1013462204724409
0
LINE
8
BLACK
6
CONTINUOUS
10
0.3358935433070866
20
0.1013462204724409
11
0.3369579527559055
21
0.1009053149606299
0
LINE
8
BLACK
6
CONTINUOUS
10
0.3369579527559055
20
0.1009053149606299
11
0.3377725984251969
21
0.1000906692913386
0
LINE
8
BLACK
6
CONTINUOUS
10
0.3377725984251969
20
0.1000906692913386
11
0.3382135039370079
21
0.0990262598425197
0
LINE
8
BLACK
6
CONTINUOUS
10
0.3382135039370079
20
0.0990262598425197
11
0.3382702362204724
21
0.0813898031496063
0
LINE
8
BLACK
6
CONTINUOUS
10
0.3382702362204724
20
0.0813898031496063
11
0.3382135039370079
21
0.0808137795275591
0
LINE
8
BLACK
6
CONTINUOUS
10
0.3382135039370079
20
0.0808137795275591
11
0.3377726377952756
21
0.0797493700787402
0
LINE
8
BLACK
6
CONTINUOUS
10
0.3377726377952756
20
0.0797493700787402
11
0.3349682283464567
21
0.0768646850393701
0
LINE
8
BLACK
6
CONTINUOUS
10
0.3349682283464567
20
0.0768646850393701
11
0.3345207874015748
21
0.0764974803149606
0
LINE
8
BLACK
6
CONTINUOUS
10
0.3345207874015748
20
0.0764974803149606
11
0.334422716535433
21
0.0764568897637795
0
LINE
8
BLACK
6
CONTINUOUS
10
0.334422716535433
20
0.0764568897637795
11
0.3343425984251969
21
0.0763873622047244
0
LINE
8
BLACK
6
CONTINUOUS
10
0.3343425984251969
20
0.0763873622047244
11
0.3338470472440945
21
0.0762184251968504
0
LINE
8
BLACK
6
CONTINUOUS
10
0.3338470472440945
20
0.0762184251968504
11
0.3334563779527559
21
0.0760565748031496
0
LINE
8
BLACK
6
CONTINUOUS
10
0.3334563779527559
20
0.0760565748031496
11
0.3333724409448819
21
0.0760565748031496
0
LINE
8
BLACK
6
CONTINUOUS
10
0.3333724409448819
20
0.0760565748031496
11
0.3265024409448819
21
0.0737142125984252
0
LINE
8
BLACK
6
CONTINUOUS
10
0.3265024409448819
20
0.0737142125984252
11
0.3262168503937008
21
0.0736492913385827
0
LINE
8
BLACK
6
CONTINUOUS
10
0.3262168503937008
20
0.0736492913385827
11
0.3261447637795276
21
0.0736194094488189
0
LINE
8
BLACK
6
CONTINUOUS
10
0.3261447637795276
20
0.0736194094488189
11
0.3260826377952756
21
0.073618779527559
0
LINE
8
BLACK
6
CONTINUOUS
10
0.3260826377952756
20
0.073618779527559
11
0.3259379921259842
21
0.0735858661417323
0
LINE
8
BLACK
6
CONTINUOUS
10
0.3259379921259842
20
0.0735858661417323
11
0.3255527952755906
21
0.0736132677165354
0
LINE
8
BLACK
6
CONTINUOUS
10
0.3255527952755906
20
0.0736132677165354
11
0.3206943307086614
21
0.0735626771653543
0
LINE
8
BLACK
6
CONTINUOUS
10
0.3206943307086614
20
0.0735626771653543
11
0.3204027559055118
21
0.0735914173228346
0
LINE
8
BLACK
6
CONTINUOUS
10
0.3204027559055118
20
0.0735914173228346
11
0.3203250393700787
21
0.0735858661417323
0
LINE
8
BLACK
6
CONTINUOUS
10
0.3203250393700787
20
0.0735858661417323
11
0.3202670078740157
21
0.0736047637795276
0
LINE
8
BLACK
6
CONTINUOUS
10
0.3202670078740157
20
0.0736047637795276
11
0.3201182677165354
21
0.0736194094488189
0
LINE
8
BLACK
6
CONTINUOUS
10
0.3201182677165354
20
0.0736194094488189
11
0.3197361811023622
21
0.0737777165354331
0
LINE
8
BLACK
6
CONTINUOUS
10
0.3197361811023622
20
0.0737777165354331
11
0.3124490157480315
21
0.0761513779527559
0
LINE
8
BLACK
6
CONTINUOUS
10
0.3124490157480315
20
0.0761513779527559
11
0.3119204724409449
21
0.0763873622047244
0
LINE
8
BLACK
6
CONTINUOUS
10
0.3119204724409449
20
0.0763873622047244
11
0.3118403937007874
21
0.076456811023622
0
LINE
8
BLACK
6
CONTINUOUS
10
0.3118403937007874
20
0.076456811023622
11
0.3117422834645669
21
0.0764974409448819
0
LINE
8
BLACK
6
CONTINUOUS
10
0.3117422834645669
20
0.0764974409448819
11
0.3113645275590551
21
0.0768694881889764
0
LINE
8
BLACK
6
CONTINUOUS
10
0.3113645275590551
20
0.0768694881889764
11
0.3110500787401575
21
0.0771422047244094
0
LINE
8
BLACK
6
CONTINUOUS
10
0.3110500787401575
20
0.0771422047244094
11
0.3110136220472441
21
0.077215157480315
0
LINE
8
BLACK
6
CONTINUOUS
10
0.3110136220472441
20
0.077215157480315
11
0.3064204330708661
21
0.081739094488189
0
LINE
8
BLACK
6
CONTINUOUS
10
0.3064204330708661
20
0.081739094488189
11
0.3062345669291339
21
0.0819655905511811
0
LINE
8
BLACK
6
CONTINUOUS
10
0.3062345669291339
20
0.0819655905511811
11
0.3061757086614173
21
0.0820166141732283
0
LINE
8
BLACK
6
CONTINUOUS
10
0.3061757086614173
20
0.0820166141732283
11
0.3061475590551181
21
0.0820715748031496
0
LINE
8
BLACK
6
CONTINUOUS
10
0.3061475590551181
20
0.0820715748031496
11
0.3060532283464567
21
0.0821865354330709
0
LINE
8
BLACK
6
CONTINUOUS
10
0.3060532283464567
20
0.0821865354330709
11
0.3059025196850393
21
0.0825503149606299
0
LINE
8
BLACK
6
CONTINUOUS
10
0.3059025196850393
20
0.0825503149606299
11
0.3034301181102362
21
0.087380905511811
0
LINE
8
BLACK
6
CONTINUOUS
10
0.3034301181102362
20
0.087380905511811
11
0.3034139763779528
21
0.087423031496063
0
LINE
8
BLACK
6
CONTINUOUS
10
0.3034139763779528
20
0.087423031496063
11
0.3034012992125984
21
0.087440157480315
0
LINE
8
BLACK
6
CONTINUOUS
10
0.3034012992125984
20
0.087440157480315
11
0.3033888976377953
21
0.0874885433070866
0
LINE
8
BLACK
6
CONTINUOUS
10
0.3033888976377953
20
0.0874885433070866
11
0.3032232283464567
21
0.0879215354330709
0
LINE
8
BLACK
6
CONTINUOUS
10
0.3032232283464567
20
0.0879215354330709
11
0.3032020472440945
21
0.0882194094488189
0
LINE
8
BLACK
6
CONTINUOUS
10
0.3032020472440945
20
0.0882194094488189
11
0.3007693700787402
21
0.0977340551181102
0
LINE
8
BLACK
6
CONTINUOUS
10
0.3007693700787402
20
0.0977340551181102
11
0.3007545669291338
21
0.0978339763779528
0
LINE
8
BLACK
6
CONTINUOUS
10
0.3007545669291338
20
0.0978339763779528
11
0.3007379527559055
21
0.0978741338582677
0
LINE
8
BLACK
6
CONTINUOUS
10
0.3007379527559055
20
0.0978741338582677
11
0.3007374015748032
21
0.0979502362204724
0
LINE
8
BLACK
6
CONTINUOUS
10
0.3007374015748032
20
0.0979502362204724
11
0.3006846850393701
21
0.0983066929133858
0
LINE
8
BLACK
6
CONTINUOUS
10
0.3006846850393701
20
0.0983066929133858
11
0.3007325196850394
21
0.098628188976378
0
LINE
8
BLACK
6
CONTINUOUS
10
0.3007325196850394
20
0.098628188976378
11
0.3006812204724409
21
0.1057617716535433
0
LINE
8
BLACK
6
CONTINUOUS
10
0.3006812204724409
20
0.1057617716535433
11
0.3006911023622047
21
0.1058621653543307
0
LINE
8
BLACK
6
CONTINUOUS
10
0.3006911023622047
20
0.1058621653543307
11
0.3006846850393701
21
0.1059052755905512
0
LINE
8
BLACK
6
CONTINUOUS
10
0.3006846850393701
20
0.1059052755905512
11
0.3007025196850394
21
0.1059784251968504
0
LINE
8
BLACK
6
CONTINUOUS
10
0.3007025196850394
20
0.1059784251968504
11
0.3007379527559055
21
0.1063378346456693
0
LINE
8
BLACK
6
CONTINUOUS
10
0.3007379527559055
20
0.1063378346456693
11
0.3008657480314961
21
0.1066464173228346
0
LINE
8
BLACK
6
CONTINUOUS
10
0.3008657480314961
20
0.1066464173228346
11
0.3032065354330709
21
0.1162266929133858
0
LINE
8
BLACK
6
CONTINUOUS
10
0.3032065354330709
20
0.1162266929133858
11
0.3032216929133858
21
0.1162692125984252
0
LINE
8
BLACK
6
CONTINUOUS
10
0.3032216929133858
20
0.1162692125984252
11
0.3032232283464567
21
0.1162904724409449
0
LINE
8
BLACK
6
CONTINUOUS
10
0.3032232283464567
20
0.1162904724409449
11
0.303245905511811
21
0.1163370078740157
0
LINE
8
BLACK
6
CONTINUOUS
10
0.303245905511811
20
0.1163370078740157
11
0.3034012992125984
21
0.116771811023622
0
LINE
8
BLACK
6
CONTINUOUS
10
0.3034012992125984
20
0.116771811023622
11
0.3035683464566929
21
0.1169972834645669
0
LINE
8
BLACK
6
CONTINUOUS
10
0.3035683464566929
20
0.1169972834645669
11
0.3058673228346457
21
0.1217054330708661
0
LINE
8
BLACK
6
CONTINUOUS
10
0.3058673228346457
20
0.1217054330708661
11
0.3060233464566929
21
0.1219533464566929
0
LINE
8
BLACK
6
CONTINUOUS
10
0.3060233464566929
20
0.1219533464566929
11
0.3060532283464567
21
0.1220253937007874
0
LINE
8
BLACK
6
CONTINUOUS
10
0.3060532283464567
20
0.1220253937007874
11
0.3060961811023622
21
0.1220690551181102
0
LINE
8
BLACK
6
CONTINUOUS
10
0.3060961811023622
20
0.1220690551181102
11
0.3061757086614173
21
0.1221953149606299
0
LINE
8
BLACK
6
CONTINUOUS
10
0.3061757086614173
20
0.1221953149606299
11
0.3064835039370079
21
0.1224623228346457
0
LINE
8
BLACK
6
CONTINUOUS
10
0.3064835039370079
20
0.1224623228346457
11
0.311294842519685
21
0.1273472440944882
0
LINE
8
BLACK
6
CONTINUOUS
10
0.311294842519685
20
0.1273472440944882
11
0.3117422834645669
21
0.1277144881889764
0
LINE
8
BLACK
6
CONTINUOUS
10
0.3117422834645669
20
0.1277144881889764
11
0.3118403149606299
21
0.1277551181102362
0
LINE
8
BLACK
6
CONTINUOUS
10
0.3118403149606299
20
0.1277551181102362
11
0.3119204330708661
21
0.1278245669291339
0
LINE
8
BLACK
6
CONTINUOUS
10
0.3119204330708661
20
0.1278245669291339
11
0.3124161417322834
21
0.1279936220472441
0
LINE
8
BLACK
6
CONTINUOUS
10
0.3124161417322834
20
0.1279936220472441
11
0.3128067322834646
21
0.1281553543307087
0
LINE
8
BLACK
6
CONTINUOUS
10
0.3128067322834646
20
0.1281553543307087
11
0.3128905905511811
21
0.1281553543307087
0
LINE
8
BLACK
6
CONTINUOUS
10
0.3128905905511811
20
0.1281553543307087
11
0.3197605905511811
21
0.1304977559055118
0
LINE
8
BLACK
6
CONTINUOUS
10
0.3197605905511811
20
0.1304977559055118
11
0.3200461417322835
21
0.1305627165354331
0
LINE
8
BLACK
6
CONTINUOUS
10
0.3200461417322835
20
0.1305627165354331
11
0.3201182677165354
21
0.1305925590551181
0
LINE
8
BLACK
6
CONTINUOUS
10
0.3201182677165354
20
0.1305925590551181
11
0.3201794488188976
21
0.130593031496063
0
LINE
8
BLACK
6
CONTINUOUS
10
0.3201794488188976
20
0.130593031496063
11
0.3203250393700787
21
0.1306261023622047
0
LINE
8
BLACK
6
CONTINUOUS
10
0.3203250393700787
20
0.1306261023622047
11
0.3207347244094488
21
0.1305970078740157
0
LINE
8
BLACK
6
CONTINUOUS
10
0.3207347244094488
20
0.1305970078740157
11
0.328005905511811
21
0.1306492913385827
0
LINE
8
BLACK
6
CONTINUOUS
10
0.328005905511811
20
0.1306492913385827
11
0.328581968503937
21
0.1305925590551181
0
LINE
8
BLACK
6
CONTINUOUS
10
0.4233480708661417
20
0.1306205905511811
11
0.4234258267716535
21
0.1306261023622047
0
LINE
8
BLACK
6
CONTINUOUS
10
0.4234258267716535
20
0.1306261023622047
11
0.4234838188976378
21
0.1306072440944882
0
LINE
8
BLACK
6
CONTINUOUS
10
0.4234838188976378
20
0.1306072440944882
11
0.4236325984251968
21
0.1305925590551181
0
LINE
8
BLACK
6
CONTINUOUS
10
0.4236325984251968
20
0.1305925590551181
11
0.4240146850393701
21
0.1304342913385827
0
LINE
8
BLACK
6
CONTINUOUS
10
0.4240146850393701
20
0.1304342913385827
11
0.4313018503937008
21
0.1280605511811024
0
LINE
8
BLACK
6
CONTINUOUS
10
0.4313018503937008
20
0.1280605511811024
11
0.4318304330708661
21
0.1278245669291339
0
LINE
8
BLACK
6
CONTINUOUS
10
0.4318304330708661
20
0.1278245669291339
11
0.4319105905511811
21
0.1277550393700787
0
LINE
8
BLACK
6
CONTINUOUS
10
0.4319105905511811
20
0.1277550393700787
11
0.4320085826771654
21
0.1277144488188976
0
LINE
8
BLACK
6
CONTINUOUS
10
0.4320085826771654
20
0.1277144488188976
11
0.4323861023622047
21
0.1273426377952756
0
LINE
8
BLACK
6
CONTINUOUS
10
0.4323861023622047
20
0.1273426377952756
11
0.4327007874015748
21
0.1270696850393701
0
LINE
8
BLACK
6
CONTINUOUS
10
0.4327007874015748
20
0.1270696850393701
11
0.4327372440944882
21
0.126996811023622
0
LINE
8
BLACK
6
CONTINUOUS
10
0.4327372440944882
20
0.126996811023622
11
0.4373304330708661
21
0.1224728346456693
0
LINE
8
BLACK
6
CONTINUOUS
10
0.4373304330708661
20
0.1224728346456693
11
0.4375163385826771
21
0.1222463385826772
0
LINE
8
BLACK
6
CONTINUOUS
10
0.4375163385826771
20
0.1222463385826772
11
0.4375751574803149
21
0.1221953149606299
0
LINE
8
BLACK
6
CONTINUOUS
10
0.4375751574803149
20
0.1221953149606299
11
0.4376032283464567
21
0.1221404724409449
0
LINE
8
BLACK
6
CONTINUOUS
10
0.4376032283464567
20
0.1221404724409449
11
0.4376976771653543
21
0.1220253937007874
0
LINE
8
BLACK
6
CONTINUOUS
10
0.4376976771653543
20
0.1220253937007874
11
0.4378484251968504
21
0.1216614173228346
0
LINE
8
BLACK
6
CONTINUOUS
10
0.4378484251968504
20
0.1216614173228346
11
0.4403207480314961
21
0.116831062992126
0
LINE
8
BLACK
6
CONTINUOUS
10
0.4403207480314961
20
0.116831062992126
11
0.4403368503937008
21
0.1167889763779528
0
LINE
8
BLACK
6
CONTINUOUS
10
0.4403368503937008
20
0.1167889763779528
11
0.4403495669291339
21
0.116771811023622
0
LINE
8
BLACK
6
CONTINUOUS
10
0.4403495669291339
20
0.116771811023622
11
0.4403619291338582
21
0.1167234645669291
0
LINE
8
BLACK
6
CONTINUOUS
10
0.4403619291338582
20
0.1167234645669291
11
0.4405276377952756
21
0.1162904330708661
0
LINE
8
BLACK
6
CONTINUOUS
10
0.4405276377952756
20
0.1162904330708661
11
0.4405487795275591
21
0.1159925984251969
0
LINE
8
BLACK
6
CONTINUOUS
10
0.4405487795275591
20
0.1159925984251969
11
0.4429814960629921
21
0.1064779133858268
0
LINE
8
BLACK
6
CONTINUOUS
10
0.4429814960629921
20
0.1064779133858268
11
0.4429962598425197
21
0.106378031496063
0
LINE
8
BLACK
6
CONTINUOUS
10
0.4429962598425197
20
0.106378031496063
11
0.4430129133858268
21
0.1063378346456693
0
LINE
8
BLACK
6
CONTINUOUS
10
0.4430129133858268
20
0.1063378346456693
11
0.4430134251968504
21
0.1062617716535433
0
LINE
8
BLACK
6
CONTINUOUS
10
0.4430134251968504
20
0.1062617716535433
11
0.4430661811023622
21
0.1059052755905512
0
LINE
8
BLACK
6
CONTINUOUS
10
0.4430661811023622
20
0.1059052755905512
11
0.4430183070866142
21
0.1055838188976378
0
LINE
8
BLACK
6
CONTINUOUS
10
0.4430183070866142
20
0.1055838188976378
11
0.4430696456692913
21
0.0984501968503937
0
LINE
8
BLACK
6
CONTINUOUS
10
0.4430696456692913
20
0.0984501968503937
11
0.4430597244094488
21
0.098349842519685
0
LINE
8
BLACK
6
CONTINUOUS
10
0.4430597244094488
20
0.098349842519685
11
0.4430661811023622
21
0.0983066929133858
0
LINE
8
BLACK
6
CONTINUOUS
10
0.4430661811023622
20
0.0983066929133858
11
0.4430483070866142
21
0.0982335826771654
0
LINE
8
BLACK
6
CONTINUOUS
10
0.4430483070866142
20
0.0982335826771654
11
0.4430129133858268
21
0.0978741338582677
0
LINE
8
BLACK
6
CONTINUOUS
10
0.4430129133858268
20
0.0978741338582677
11
0.4428850787401575
21
0.0975655905511811
0
LINE
8
BLACK
6
CONTINUOUS
10
0.4428850787401575
20
0.0975655905511811
11
0.4405443307086614
21
0.0879852755905512
0
LINE
8
BLACK
6
CONTINUOUS
10
0.4405443307086614
20
0.0879852755905512
11
0.4405291338582677
21
0.0879427952755906
0
LINE
8
BLACK
6
CONTINUOUS
10
0.4405291338582677
20
0.0879427952755906
11
0.4405276377952756
21
0.0879215354330709
0
LINE
8
BLACK
6
CONTINUOUS
10
0.4405276377952756
20
0.0879215354330709
11
0.4405049606299212
21
0.087875157480315
0
LINE
8
BLACK
6
CONTINUOUS
10
0.4405049606299212
20
0.087875157480315
11
0.4403495669291339
21
0.087440157480315
0
LINE
8
BLACK
6
CONTINUOUS
10
0.4403495669291339
20
0.087440157480315
11
0.4401824803149606
21
0.0872146850393701
0
LINE
8
BLACK
6
CONTINUOUS
10
0.4401824803149606
20
0.0872146850393701
11
0.4378835433070866
21
0.0825064960629921
0
LINE
8
BLACK
6
CONTINUOUS
10
0.4378835433070866
20
0.0825064960629921
11
0.4377275196850394
21
0.0822587007874016
0
LINE
8
BLACK
6
CONTINUOUS
10
0.4377275196850394
20
0.0822587007874016
11
0.4376976771653543
21
0.0821865354330709
0
LINE
8
BLACK
6
CONTINUOUS
10
0.4376976771653543
20
0.0821865354330709
11
0.4376546456692914
21
0.082142874015748
0
LINE
8
BLACK
6
CONTINUOUS
10
0.4376546456692914
20
0.082142874015748
11
0.4375751968503937
21
0.0820166141732283
0
LINE
8
BLACK
6
CONTINUOUS
10
0.4375751968503937
20
0.0820166141732283
11
0.4372674015748031
21
0.0817497244094488
0
LINE
8
BLACK
6
CONTINUOUS
10
0.4372674015748031
20
0.0817497244094488
11
0.4324560236220472
21
0.0768646850393701
0
LINE
8
BLACK
6
CONTINUOUS
10
0.4324560236220472
20
0.0768646850393701
11
0.4320085826771654
21
0.0764974803149606
0
LINE
8
BLACK
6
CONTINUOUS
10
0.4320085826771654
20
0.0764974803149606
11
0.4319105905511811
21
0.0764569291338583
0
LINE
8
BLACK
6
CONTINUOUS
10
0.4319105905511811
20
0.0764569291338583
11
0.4318304330708661
21
0.0763873622047244
0
LINE
8
BLACK
6
CONTINUOUS
10
0.4318304330708661
20
0.0763873622047244
11
0.4313345275590551
21
0.0762183070866142
0
LINE
8
BLACK
6
CONTINUOUS
10
0.4313345275590551
20
0.0762183070866142
11
0.4309441338582677
21
0.0760565748031496
0
LINE
8
BLACK
6
CONTINUOUS
10
0.4309441338582677
20
0.0760565748031496
11
0.4308602755905512
21
0.0760565748031496
0
LINE
8
BLACK
6
CONTINUOUS
10
0.4308602755905512
20
0.0760565748031496
11
0.4239902755905512
21
0.0737142125984252
0
LINE
8
BLACK
6
CONTINUOUS
10
0.4239902755905512
20
0.0737142125984252
11
0.4237046850393701
21
0.0736492913385827
0
LINE
8
BLACK
6
CONTINUOUS
10
0.4237046850393701
20
0.0736492913385827
11
0.4236325984251968
21
0.0736194094488189
0
LINE
8
BLACK
6
CONTINUOUS
10
0.4236325984251968
20
0.0736194094488189
11
0.423572125984252
21
0.0736191732283464
0
LINE
8
BLACK
6
CONTINUOUS
10
0.423572125984252
20
0.0736191732283464
11
0.4234258267716535
21
0.0735858661417323
0
LINE
8
BLACK
6
CONTINUOUS
10
0.4234258267716535
20
0.0735858661417323
11
0.4229938976377953
21
0.0736165748031496
0
LINE
8
BLACK
6
CONTINUOUS
10
0.4229938976377953
20
0.0736165748031496
11
0.4108705511811023
21
0.0735626771653543
0
LINE
8
BLACK
6
CONTINUOUS
10
0.4108705511811023
20
0.0735626771653543
11
0.4102944881889763
21
0.0736194094488189
0
LINE
8
BLACK
6
CONTINUOUS
10
0.4102944881889763
20
0.0736194094488189
11
0.4092300787401575
21
0.0740603149606299
0
LINE
8
BLACK
6
CONTINUOUS
10
0.4092300787401575
20
0.0740603149606299
11
0.4084154330708661
21
0.0748749606299213
0
LINE
8
BLACK
6
CONTINUOUS
10
0.4084154330708661
20
0.0748749606299213
11
0.4079745275590551
21
0.0759393700787402
0
LINE
8
BLACK
6
CONTINUOUS
10
0.4079745275590551
20
0.0759393700787402
11
0.4079177952755905
21
0.1276965354330709
0
LINE
8
BLACK
6
CONTINUOUS
10
0.4079177952755905
20
0.1276965354330709
11
0.4079745275590551
21
0.1282725984251968
0
LINE
8
BLACK
6
CONTINUOUS
10
0.4079745275590551
20
0.1282725984251968
11
0.4084154330708661
21
0.1293370078740158
0
LINE
8
BLACK
6
CONTINUOUS
10
0.4084154330708661
20
0.1293370078740158
11
0.4092300787401575
21
0.1301516535433071
0
LINE
8
BLACK
6
CONTINUOUS
10
0.4092300787401575
20
0.1301516535433071
11
0.4102944881889763
21
0.1305925590551181
0
LINE
8
BLACK
6
CONTINUOUS
10
0.4102944881889763
20
0.1305925590551181
11
0.4230565354330709
21
0.1306492913385827
0
LINE
8
BLACK
6
CONTINUOUS
10
0.4230565354330709
20
0.1306492913385827
11
0.4233480708661417
21
0.1306205905511811
0
LINE
8
BLACK
6
CONTINUOUS
10
0.4137703937007874
20
0.1247566929133858
11
0.4138200787401575
21
0.0794271653543307
0
LINE
8
BLACK
6
CONTINUOUS
10
0.4138200787401575
20
0.0794271653543307
11
0.4227264960629921
21
0.0794667322834646
0
LINE
8
BLACK
6
CONTINUOUS
10
0.4227264960629921
20
0.0794667322834646
11
0.428865
21
0.0815597244094488
0
LINE
8
BLACK
6
CONTINUOUS
10
0.428865
20
0.0815597244094488
11
0.4329140157480315
21
0.0856706692913386
0
LINE
8
BLACK
6
CONTINUOUS
10
0.4329140157480315
20
0.0856706692913386
11
0.4349972834645669
21
0.0899371653543307
0
LINE
8
BLACK
6
CONTINUOUS
10
0.4349972834645669
20
0.0899371653543307
11
0.4372127165354331
21
0.0990044881889764
0
LINE
8
BLACK
6
CONTINUOUS
10
0.4372127165354331
20
0.0990044881889764
11
0.4371652755905512
21
0.1056025590551181
0
LINE
8
BLACK
6
CONTINUOUS
10
0.4371652755905512
20
0.1056025590551181
11
0.4348431496062992
21
0.1146847244094488
0
LINE
8
BLACK
6
CONTINUOUS
10
0.4348431496062992
20
0.1146847244094488
11
0.4327554330708661
21
0.1187636220472441
0
LINE
8
BLACK
6
CONTINUOUS
10
0.4327554330708661
20
0.1187636220472441
11
0.428707716535433
21
0.1227503543307087
0
LINE
8
BLACK
6
CONTINUOUS
10
0.428707716535433
20
0.1227503543307087
11
0.4224302362204724
21
0.1247951968503937
0
LINE
8
BLACK
6
CONTINUOUS
10
0.4224302362204724
20
0.1247951968503937
11
0.4137703937007874
21
0.1247566929133858
0
LINE
8
BLACK
6
CONTINUOUS
10
0.3576400787401575
20
0.1305925590551181
11
0.3578283070866142
21
0.1305925590551181
0
LINE
8
BLACK
6
CONTINUOUS
10
0.3578283070866142
20
0.1305925590551181
11
0.3581911023622047
21
0.1304422834645669
0
LINE
8
BLACK
6
CONTINUOUS
10
0.3581911023622047
20
0.1304422834645669
11
0.35857
21
0.130338937007874
0
LINE
8
BLACK
6
CONTINUOUS
10
0.35857
20
0.130338937007874
11
0.3587188188976378
21
0.1302237007874016
0
LINE
8
BLACK
6
CONTINUOUS
10
0.3587188188976378
20
0.1302237007874016
11
0.3588927165354331
21
0.1301516535433071
0
LINE
8
BLACK
6
CONTINUOUS
10
0.3588927165354331
20
0.1301516535433071
11
0.3591702755905511
21
0.129874094488189
0
LINE
8
BLACK
6
CONTINUOUS
10
0.3591702755905511
20
0.129874094488189
11
0.359480905511811
21
0.1296335433070866
0
LINE
8
BLACK
6
CONTINUOUS
10
0.359480905511811
20
0.1296335433070866
11
0.3595748031496063
21
0.1294695669291339
0
LINE
8
BLACK
6
CONTINUOUS
10
0.3595748031496063
20
0.1294695669291339
11
0.3597073622047244
21
0.1293370078740158
0
LINE
8
BLACK
6
CONTINUOUS
10
0.3597073622047244
20
0.1293370078740158
11
0.3598553937007874
21
0.1289796456692913
0
LINE
8
BLACK
6
CONTINUOUS
10
0.3598553937007874
20
0.1289796456692913
11
0.383589842519685
21
0.087536062992126
0
LINE
8
BLACK
6
CONTINUOUS
10
0.383589842519685
20
0.087536062992126
11
0.3835458267716536
21
0.1276965354330709
0
LINE
8
BLACK
6
CONTINUOUS
10
0.3835458267716536
20
0.1276965354330709
11
0.3836025590551181
21
0.1282725984251968
0
LINE
8
BLACK
6
CONTINUOUS
10
0.3836025590551181
20
0.1282725984251968
11
0.3840434645669291
21
0.1293370078740158
0
LINE
8
BLACK
6
CONTINUOUS
10
0.3840434645669291
20
0.1293370078740158
11
0.3848581102362205
21
0.1301516535433071
0
LINE
8
BLACK
6
CONTINUOUS
10
0.3848581102362205
20
0.1301516535433071
11
0.3859225196850394
21
0.1305925590551181
0
LINE
8
BLACK
6
CONTINUOUS
10
0.3859225196850394
20
0.1305925590551181
11
0.3870746456692913
21
0.1305925590551181
0
LINE
8
BLACK
6
CONTINUOUS
10
0.3870746456692913
20
0.1305925590551181
11
0.3881390551181103
21
0.1301516535433071
0
LINE
8
BLACK
6
CONTINUOUS
10
0.3881390551181103
20
0.1301516535433071
11
0.3889537007874015
21
0.1293370078740158
0
LINE
8
BLACK
6
CONTINUOUS
10
0.3889537007874015
20
0.1293370078740158
11
0.3893946062992126
21
0.1282725984251968
0
LINE
8
BLACK
6
CONTINUOUS
10
0.3893946062992126
20
0.1282725984251968
11
0.3894513385826772
21
0.0765154330708661
0
LINE
8
BLACK
6
CONTINUOUS
10
0.3894513385826772
20
0.0765154330708661
11
0.3894367322834645
21
0.0763673228346457
0
LINE
8
BLACK
6
CONTINUOUS
10
0.3894367322834645
20
0.0763673228346457
11
0.3894441338582677
21
0.0763092125984252
0
LINE
8
BLACK
6
CONTINUOUS
10
0.3894441338582677
20
0.0763092125984252
11
0.3894236220472441
21
0.0762340157480315
0
LINE
8
BLACK
6
CONTINUOUS
10
0.3894236220472441
20
0.0762340157480315
11
0.3893946062992126
21
0.0759393700787402
0
LINE
8
BLACK
6
CONTINUOUS
10
0.3893946062992126
20
0.0759393700787402
11
0.3892442519685039
21
0.0755764960629921
0
LINE
8
BLACK
6
CONTINUOUS
10
0.3892442519685039
20
0.0755764960629921
11
0.3891409842519685
21
0.0751977165354331
0
LINE
8
BLACK
6
CONTINUOUS
10
0.3891409842519685
20
0.0751977165354331
11
0.389025748031496
21
0.0750489763779528
0
LINE
8
BLACK
6
CONTINUOUS
10
0.389025748031496
20
0.0750489763779528
11
0.3889537007874015
21
0.0748749606299213
0
LINE
8
BLACK
6
CONTINUOUS
10
0.3889537007874015
20
0.0748749606299213
11
0.3886758661417323
21
0.0745971653543307
0
LINE
8
BLACK
6
CONTINUOUS
10
0.3886758661417323
20
0.0745971653543307
11
0.3884355511811023
21
0.074286811023622
0
LINE
8
BLACK
6
CONTINUOUS
10
0.3884355511811023
20
0.074286811023622
11
0.3882722047244094
21
0.0741935039370079
0
LINE
8
BLACK
6
CONTINUOUS
10
0.3882722047244094
20
0.0741935039370079
11
0.3881390551181103
21
0.0740603149606299
0
LINE
8
BLACK
6
CONTINUOUS
10
0.3881390551181103
20
0.0740603149606299
11
0.3877760236220472
21
0.0739099606299213
0
LINE
8
BLACK
6
CONTINUOUS
10
0.3877760236220472
20
0.0739099606299213
11
0.3874352362204724
21
0.0737151968503937
0
LINE
8
BLACK
6
CONTINUOUS
10
0.3874352362204724
20
0.0737151968503937
11
0.3872486220472441
21
0.0736914960629921
0
LINE
8
BLACK
6
CONTINUOUS
10
0.3872486220472441
20
0.0736914960629921
11
0.3870746456692913
21
0.0736194094488189
0
LINE
8
BLACK
6
CONTINUOUS
10
0.3870746456692913
20
0.0736194094488189
11
0.3866816535433071
21
0.0736194094488189
0
LINE
8
BLACK
6
CONTINUOUS
10
0.3866816535433071
20
0.0736194094488189
11
0.3862923228346457
21
0.0735699212598425
0
LINE
8
BLACK
6
CONTINUOUS
10
0.3862923228346457
20
0.0735699212598425
11
0.3861108661417323
21
0.0736194094488189
0
LINE
8
BLACK
6
CONTINUOUS
10
0.3861108661417323
20
0.0736194094488189
11
0.3859225196850394
21
0.0736194094488189
0
LINE
8
BLACK
6
CONTINUOUS
10
0.3859225196850394
20
0.0736194094488189
11
0.3855596062992126
21
0.0737697637795276
0
LINE
8
BLACK
6
CONTINUOUS
10
0.3855596062992126
20
0.0737697637795276
11
0.3851808267716536
21
0.073873031496063
0
LINE
8
BLACK
6
CONTINUOUS
10
0.3851808267716536
20
0.073873031496063
11
0.385031968503937
21
0.0739883070866142
0
LINE
8
BLACK
6
CONTINUOUS
10
0.385031968503937
20
0.0739883070866142
11
0.3848581102362205
21
0.0740603149606299
0
LINE
8
BLACK
6
CONTINUOUS
10
0.3848581102362205
20
0.0740603149606299
11
0.3845803937007874
21
0.074338031496063
0
LINE
8
BLACK
6
CONTINUOUS
10
0.3845803937007874
20
0.074338031496063
11
0.3842699212598425
21
0.0745784645669291
0
LINE
8
BLACK
6
CONTINUOUS
10
0.3842699212598425
20
0.0745784645669291
11
0.3841760236220472
21
0.0747424015748031
0
LINE
8
BLACK
6
CONTINUOUS
10
0.3841760236220472
20
0.0747424015748031
11
0.3840434645669291
21
0.0748749606299213
0
LINE
8
BLACK
6
CONTINUOUS
10
0.3840434645669291
20
0.0748749606299213
11
0.3838953543307086
21
0.0752325196850394
0
LINE
8
BLACK
6
CONTINUOUS
10
0.3838953543307086
20
0.0752325196850394
11
0.3601609448818898
21
0.1166759842519685
0
LINE
8
BLACK
6
CONTINUOUS
10
0.3601609448818898
20
0.1166759842519685
11
0.360205
21
0.0765154330708661
0
LINE
8
BLACK
6
CONTINUOUS
10
0.360205
20
0.0765154330708661
11
0.3601482677165354
21
0.0759393700787402
0
LINE
8
BLACK
6
CONTINUOUS
10
0.3601482677165354
20
0.0759393700787402
11
0.3597073622047244
21
0.0748749606299213
0
LINE
8
BLACK
6
CONTINUOUS
10
0.3597073622047244
20
0.0748749606299213
11
0.3588927165354331
21
0.0740603149606299
0
LINE
8
BLACK
6
CONTINUOUS
10
0.3588927165354331
20
0.0740603149606299
11
0.3578283070866142
21
0.0736194094488189
0
LINE
8
BLACK
6
CONTINUOUS
10
0.3578283070866142
20
0.0736194094488189
11
0.3566761811023622
21
0.0736194094488189
0
LINE
8
BLACK
6
CONTINUOUS
10
0.3566761811023622
20
0.0736194094488189
11
0.3556117716535433
21
0.0740603149606299
0
LINE
8
BLACK
6
CONTINUOUS
10
0.3556117716535433
20
0.0740603149606299
11
0.3547971259842519
21
0.0748749606299213
0
LINE
8
BLACK
6
CONTINUOUS
10
0.3547971259842519
20
0.0748749606299213
11
0.3543562204724409
21
0.0759393700787402
0
LINE
8
BLACK
6
CONTINUOUS
10
0.3543562204724409
20
0.0759393700787402
11
0.3542994881889764
21
0.1276965354330709
0
LINE
8
BLACK
6
CONTINUOUS
10
0.3542994881889764
20
0.1276965354330709
11
0.3543140551181102
21
0.1278447244094488
0
LINE
8
BLACK
6
CONTINUOUS
10
0.3543140551181102
20
0.1278447244094488
11
0.3543066929133858
21
0.1279027952755905
0
LINE
8
BLACK
6
CONTINUOUS
10
0.3543066929133858
20
0.1279027952755905
11
0.3543272047244094
21
0.127978031496063
0
LINE
8
BLACK
6
CONTINUOUS
10
0.3543272047244094
20
0.127978031496063
11
0.3543562204724409
21
0.1282725984251968
0
LINE
8
BLACK
6
CONTINUOUS
10
0.3543562204724409
20
0.1282725984251968
11
0.3545064960629921
21
0.1286354330708661
0
LINE
8
BLACK
6
CONTINUOUS
10
0.3545064960629921
20
0.1286354330708661
11
0.354609842519685
21
0.1290142913385827
0
LINE
8
BLACK
6
CONTINUOUS
10
0.354609842519685
20
0.1290142913385827
11
0.3547250787401575
21
0.1291631496062992
0
LINE
8
BLACK
6
CONTINUOUS
10
0.3547250787401575
20
0.1291631496062992
11
0.3547971259842519
21
0.1293370078740158
0
LINE
8
BLACK
6
CONTINUOUS
10
0.3547971259842519
20
0.1293370078740158
11
0.3550746850393701
21
0.1296146062992126
0
LINE
8
BLACK
6
CONTINUOUS
10
0.3550746850393701
20
0.1296146062992126
11
0.3553152362204725
21
0.1299251968503937
0
LINE
8
BLACK
6
CONTINUOUS
10
0.3553152362204725
20
0.1299251968503937
11
0.3554787401574803
21
0.1300186614173228
0
LINE
8
BLACK
6
CONTINUOUS
10
0.3554787401574803
20
0.1300186614173228
11
0.3556117716535433
21
0.1301516535433071
0
LINE
8
BLACK
6
CONTINUOUS
10
0.3556117716535433
20
0.1301516535433071
11
0.3559744488188976
21
0.1303019291338583
0
LINE
8
BLACK
6
CONTINUOUS
10
0.3559744488188976
20
0.1303019291338583
11
0.3563155905511811
21
0.130496811023622
0
LINE
8
BLACK
6
CONTINUOUS
10
0.3563155905511811
20
0.130496811023622
11
0.3565023228346457
21
0.1305205511811024
0
LINE
8
BLACK
6
CONTINUOUS
10
0.3565023228346457
20
0.1305205511811024
11
0.3566761811023622
21
0.1305925590551181
0
LINE
8
BLACK
6
CONTINUOUS
10
0.3566761811023622
20
0.1305925590551181
11
0.3570688582677165
21
0.1305925590551181
0
LINE
8
BLACK
6
CONTINUOUS
10
0.3570688582677165
20
0.1305925590551181
11
0.3574585039370078
21
0.1306420866141732
0
LINE
8
BLACK
6
CONTINUOUS
10
0.3574585039370078
20
0.1306420866141732
11
0.3576400787401575
21
0.1305925590551181
0
LINE
8
BLACK
6
CONTINUOUS
10
-0.2322190157480315
20
0.1518823622047244
11
-0.2303685433070866
21
0.151810905511811
0
LINE
8
BLACK
6
CONTINUOUS
10
-0.2303685433070866
20
0.151810905511811
11
-0.2292236220472441
21
0.1516829527559055
0
LINE
8
BLACK
6
CONTINUOUS
10
-0.2292236220472441
20
0.1516829527559055
11
-0.2287018110236221
21
0.1514916535433071
0
LINE
8
BLACK
6
CONTINUOUS
10
-0.2287018110236221
20
0.1514916535433071
11
-0.2286483070866142
21
0.1513816141732283
0
LINE
8
BLACK
6
CONTINUOUS
10
-0.2286483070866142
20
0.1513816141732283
11
-0.2287220866141732
21
0.1508792519685039
0
LINE
8
BLACK
6
CONTINUOUS
10
-0.2287220866141732
20
0.1508792519685039
11
-0.2289356692913386
21
0.1495850393700787
0
LINE
8
BLACK
6
CONTINUOUS
10
-0.2289356692913386
20
0.1495850393700787
11
-0.2292776771653543
21
0.1475654724409449
0
LINE
8
BLACK
6
CONTINUOUS
10
-0.2292776771653543
20
0.1475654724409449
11
-0.2297365354330708
21
0.1448868897637795
0
LINE
8
BLACK
6
CONTINUOUS
10
-0.2297365354330708
20
0.1448868897637795
11
-0.2303007874015748
21
0.1416157874015748
0
LINE
8
BLACK
6
CONTINUOUS
10
-0.2303007874015748
20
0.1416157874015748
11
-0.230958937007874
21
0.1378184645669291
0
LINE
8
BLACK
6
CONTINUOUS
10
-0.230958937007874
20
0.1378184645669291
11
-0.2316994881889764
21
0.1335614173228346
0
LINE
8
BLACK
6
CONTINUOUS
10
-0.2316994881889764
20
0.1335614173228346
11
-0.2325109448818898
21
0.128911062992126
0
LINE
8
BLACK
6
CONTINUOUS
10
-0.2325109448818898
20
0.128911062992126
11
-0.233381811023622
21
0.1239337401574803
0
LINE
8
BLACK
6
CONTINUOUS
10
-0.233381811023622
20
0.1239337401574803
11
-0.2343006299212598
21
0.118695905511811
0
LINE
8
BLACK
6
CONTINUOUS
10
-0.2343006299212598
20
0.118695905511811
11
-0.2345306692913386
21
0.1173865354330709
0
LINE
8
BLACK
6
CONTINUOUS
10
-0.2345306692913386
20
0.1173865354330709
11
-0.2354591338582677
21
0.1120980708661417
0
LINE
8
BLACK
6
CONTINUOUS
10
-0.2354591338582677
20
0.1120980708661417
11
-0.2363425196850394
21
0.1070560236220472
0
LINE
8
BLACK
6
CONTINUOUS
10
-0.2363425196850394
20
0.1070560236220472
11
-0.2371692913385827
21
0.1023265748031496
0
LINE
8
BLACK
6
CONTINUOUS
10
-0.2371692913385827
20
0.1023265748031496
11
-0.237928031496063
21
0.0979758661417323
0
LINE
8
BLACK
6
CONTINUOUS
10
-0.237928031496063
20
0.0979758661417323
11
-0.2386072440944882
21
0.0940700787401575
0
LINE
8
BLACK
6
CONTINUOUS
10
-0.2386072440944882
20
0.0940700787401575
11
-0.2391954330708661
21
0.0906753937007874
0
LINE
8
BLACK
6
CONTINUOUS
10
-0.2391954330708661
20
0.0906753937007874
11
-0.2396811417322835
21
0.0878579133858268
0
LINE
8
BLACK
6
CONTINUOUS
10
-0.2396811417322835
20
0.0878579133858268
11
-0.2400528346456693
21
0.0856838582677165
0
LINE
8
BLACK
6
CONTINUOUS
10
-0.2400528346456693
20
0.0856838582677165
11
-0.240299094488189
21
0.0842193307086614
0
LINE
8
BLACK
6
CONTINUOUS
10
-0.240299094488189
20
0.0842193307086614
11
-0.2404084251968504
21
0.0835305511811024
0
LINE
8
BLACK
6
CONTINUOUS
10
-0.2404084251968504
20
0.0835305511811024
11
-0.240413031496063
21
0.0834875196850394
0
LINE
8
BLACK
6
CONTINUOUS
10
-0.240413031496063
20
0.0834875196850394
11
-0.2408327952755905
21
0.0833165748031496
0
LINE
8
BLACK
6
CONTINUOUS
10
-0.2408327952755905
20
0.0833165748031496
11
-0.2420296062992126
21
0.0831842519685039
0
LINE
8
BLACK
6
CONTINUOUS
10
-0.2420296062992126
20
0.0831842519685039
11
-0.2439096062992126
21
0.083096811023622
0
LINE
8
BLACK
6
CONTINUOUS
10
-0.2439096062992126
20
0.083096811023622
11
-0.2463789763779528
21
0.0830605905511811
0
LINE
8
BLACK
6
CONTINUOUS
10
-0.2463789763779528
20
0.0830605905511811
11
-0.2467855511811023
21
0.0830599606299213
0
LINE
8
BLACK
6
CONTINUOUS
10
-0.2467855511811023
20
0.0830599606299213
11
-0.2531581102362205
21
0.0830599606299213
0
LINE
8
BLACK
6
CONTINUOUS
10
-0.2531581102362205
20
0.0830599606299213
11
-0.2529318897637795
21
0.0842582283464567
0
LINE
8
BLACK
6
CONTINUOUS
10
-0.2529318897637795
20
0.0842582283464567
11
-0.252822125984252
21
0.0848701968503937
0
LINE
8
BLACK
6
CONTINUOUS
10
-0.252822125984252
20
0.0848701968503937
11
-0.252574094488189
21
0.0862720866141732
0
LINE
8
BLACK
6
CONTINUOUS
10
-0.252574094488189
20
0.0862720866141732
11
-0.252199842519685
21
0.0883954330708661
0
LINE
8
BLACK
6
CONTINUOUS
10
-0.252199842519685
20
0.0883954330708661
11
-0.2517114566929134
21
0.0911716929133858
0
LINE
8
BLACK
6
CONTINUOUS
10
-0.2517114566929134
20
0.0911716929133858
11
-0.2511208661417323
21
0.0945324015748032
0
LINE
8
BLACK
6
CONTINUOUS
10
-0.2511208661417323
20
0.0945324015748032
11
-0.2504401968503937
21
0.0984090551181102
0
LINE
8
BLACK
6
CONTINUOUS
10
-0.2504401968503937
20
0.0984090551181102
11
-0.2496814173228346
21
0.1027332283464567
0
LINE
8
BLACK
6
CONTINUOUS
10
-0.2496814173228346
20
0.1027332283464567
11
-0.2488565748031496
21
0.1074363385826772
0
LINE
8
BLACK
6
CONTINUOUS
10
-0.2488565748031496
20
0.1074363385826772
11
-0.2479777165354331
21
0.1124499606299213
0
LINE
8
BLACK
6
CONTINUOUS
10
-0.2479777165354331
20
0.1124499606299213
11
-0.247056811023622
21
0.1177055905511811
0
LINE
8
BLACK
6
CONTINUOUS
10
-0.247056811023622
20
0.1177055905511811
11
-0.2468861417322835
21
0.1186799212598425
0
LINE
8
BLACK
6
CONTINUOUS
10
-0.2468861417322835
20
0.1186799212598425
11
-0.2410666141732283
21
0.1519033858267717
0
LINE
8
BLACK
6
CONTINUOUS
10
-0.2410666141732283
20
0.1519033858267717
11
-0.2348574409448819
21
0.1519043307086614
0
LINE
8
BLACK
6
CONTINUOUS
10
-0.2348574409448819
20
0.1519043307086614
11
-0.2322190157480315
21
0.1518823622047244
0
LINE
8
BLACK
6
CONTINUOUS
10
-0.1791169291338583
20
0.1509248818897638
11
-0.1792283858267716
21
0.150346968503937
0
LINE
8
BLACK
6
CONTINUOUS
10
-0.1792283858267716
20
0.150346968503937
11
-0.1794775196850394
21
0.148979094488189
0
LINE
8
BLACK
6
CONTINUOUS
10
-0.1794775196850394
20
0.148979094488189
11
-0.179852125984252
21
0.1468897244094488
0
LINE
8
BLACK
6
CONTINUOUS
10
-0.179852125984252
20
0.1468897244094488
11
-0.1803401968503937
21
0.1441474803149606
0
LINE
8
BLACK
6
CONTINUOUS
10
-0.1803401968503937
20
0.1441474803149606
11
-0.1809295275590551
21
0.1408207874015748
0
LINE
8
BLACK
6
CONTINUOUS
10
-0.1809295275590551
20
0.1408207874015748
11
-0.1816080708661417
21
0.1369782283464567
0
LINE
8
BLACK
6
CONTINUOUS
10
-0.1816080708661417
20
0.1369782283464567
11
-0.1823637007874016
21
0.1326883464566929
0
LINE
8
BLACK
6
CONTINUOUS
10
-0.1823637007874016
20
0.1326883464566929
11
-0.1831842519685039
21
0.1280195669291339
0
LINE
8
BLACK
6
CONTINUOUS
10
-0.1831842519685039
20
0.1280195669291339
11
-0.1840576377952756
21
0.1230405118110236
0
LINE
8
BLACK
6
CONTINUOUS
10
-0.1840576377952756
20
0.1230405118110236
11
-0.1849717322834646
21
0.1178196850393701
0
LINE
8
BLACK
6
CONTINUOUS
10
-0.1849717322834646
20
0.1178196850393701
11
-0.1850688188976378
21
0.1172647637795276
0
LINE
8
BLACK
6
CONTINUOUS
10
-0.1850688188976378
20
0.1172647637795276
11
-0.1859856692913386
21
0.1120292125984252
0
LINE
8
BLACK
6
CONTINUOUS
10
-0.1859856692913386
20
0.1120292125984252
11
-0.1868628346456693
21
0.1070332677165354
0
LINE
8
BLACK
6
CONTINUOUS
10
-0.1868628346456693
20
0.1070332677165354
11
-0.1876883070866142
21
0.1023448031496063
0
LINE
8
BLACK
6
CONTINUOUS
10
-0.1876883070866142
20
0.1023448031496063
11
-0.1884499606299213
21
0.0980317716535433
0
LINE
8
BLACK
6
CONTINUOUS
10
-0.1884499606299213
20
0.0980317716535433
11
-0.1891357086614173
21
0.0941620866141732
0
LINE
8
BLACK
6
CONTINUOUS
10
-0.1891357086614173
20
0.0941620866141732
11
-0.1897335826771654
21
0.0908037007874016
0
LINE
8
BLACK
6
CONTINUOUS
10
-0.1897335826771654
20
0.0908037007874016
11
-0.1902314173228346
21
0.0880245275590551
0
LINE
8
BLACK
6
CONTINUOUS
10
-0.1902314173228346
20
0.0880245275590551
11
-0.1906172047244094
21
0.0858925196850394
0
LINE
8
BLACK
6
CONTINUOUS
10
-0.1906172047244094
20
0.0858925196850394
11
-0.1908788582677165
21
0.0844755905511811
0
LINE
8
BLACK
6
CONTINUOUS
10
-0.1908788582677165
20
0.0844755905511811
11
-0.1910042913385827
21
0.0838416929133858
0
LINE
8
BLACK
6
CONTINUOUS
10
-0.1910042913385827
20
0.0838416929133858
11
-0.1910092913385827
21
0.0838224803149606
0
LINE
8
BLACK
6
CONTINUOUS
10
-0.1910092913385827
20
0.0838224803149606
11
-0.1911801574803149
21
0.083521062992126
0
LINE
8
BLACK
6
CONTINUOUS
10
-0.1911801574803149
20
0.083521062992126
11
-0.1915748818897638
21
0.0833106299212598
0
LINE
8
BLACK
6
CONTINUOUS
10
-0.1915748818897638
20
0.0833106299212598
11
-0.1923285433070866
21
0.0831751968503937
0
LINE
8
BLACK
6
CONTINUOUS
10
-0.1923285433070866
20
0.0831751968503937
11
-0.1935761417322835
21
0.083098937007874
0
LINE
8
BLACK
6
CONTINUOUS
10
-0.1935761417322835
20
0.083098937007874
11
-0.1954527559055118
21
0.0830659448818898
0
LINE
8
BLACK
6
CONTINUOUS
10
-0.1954527559055118
20
0.0830659448818898
11
-0.1974822047244094
21
0.0830599606299213
0
LINE
8
BLACK
6
CONTINUOUS
10
-0.1974822047244094
20
0.0830599606299213
11
-0.1999331102362205
21
0.0830679133858268
0
LINE
8
BLACK
6
CONTINUOUS
10
-0.1999331102362205
20
0.0830679133858268
11
-0.2016393307086614
21
0.0831023622047244
0
LINE
8
BLACK
6
CONTINUOUS
10
-0.2016393307086614
20
0.0831023622047244
11
-0.2027275590551181
21
0.0831792519685039
0
LINE
8
BLACK
6
CONTINUOUS
10
-0.2027275590551181
20
0.0831792519685039
11
-0.2033244881889764
21
0.0833144488188976
0
LINE
8
BLACK
6
CONTINUOUS
10
-0.2033244881889764
20
0.0833144488188976
11
-0.2035568110236221
21
0.083523937007874
0
LINE
8
BLACK
6
CONTINUOUS
10
-0.2035568110236221
20
0.083523937007874
11
-0.2035515354330709
21
0.0838224803149606
0
LINE
8
BLACK
6
CONTINUOUS
10
-0.2035515354330709
20
0.0838224803149606
11
-0.2034494488188976
21
0.0843652362204724
0
LINE
8
BLACK
6
CONTINUOUS
10
-0.2034494488188976
20
0.0843652362204724
11
-0.2032096062992126
21
0.0856983070866142
0
LINE
8
BLACK
6
CONTINUOUS
10
-0.2032096062992126
20
0.0856983070866142
11
-0.202844094488189
21
0.0877535433070866
0
LINE
8
BLACK
6
CONTINUOUS
10
-0.202844094488189
20
0.0877535433070866
11
-0.202364842519685
21
0.0904627559055118
0
LINE
8
BLACK
6
CONTINUOUS
10
-0.202364842519685
20
0.0904627559055118
11
-0.2017838582677165
21
0.0937577952755906
0
LINE
8
BLACK
6
CONTINUOUS
10
-0.2017838582677165
20
0.0937577952755906
11
-0.2011131889763779
21
0.0975705118110236
0
LINE
8
BLACK
6
CONTINUOUS
10
-0.2011131889763779
20
0.0975705118110236
11
-0.200364842519685
21
0.1018326771653543
0
LINE
8
BLACK
6
CONTINUOUS
10
-0.200364842519685
20
0.1018326771653543
11
-0.1995507874015748
21
0.1064761811023622
0
LINE
8
BLACK
6
CONTINUOUS
10
-0.1995507874015748
20
0.1064761811023622
11
-0.1986829921259843
21
0.1114328346456693
0
LINE
8
BLACK
6
CONTINUOUS
10
-0.1986829921259843
20
0.1114328346456693
11
-0.1977735433070866
21
0.1166344488188976
0
LINE
8
BLACK
6
CONTINUOUS
10
-0.1977735433070866
20
0.1166344488188976
11
-0.1977014960629921
21
0.1170468897637795
0
LINE
8
BLACK
6
CONTINUOUS
10
-0.1977014960629921
20
0.1170468897637795
11
-0.1967870866141732
21
0.1222779921259843
0
LINE
8
BLACK
6
CONTINUOUS
10
-0.1967870866141732
20
0.1222779921259843
11
-0.1959120078740157
21
0.1272793307086614
0
LINE
8
BLACK
6
CONTINUOUS
10
-0.1959120078740157
20
0.1272793307086614
11
-0.1950884251968504
21
0.1319814960629921
0
LINE
8
BLACK
6
CONTINUOUS
10
-0.1950884251968504
20
0.1319814960629921
11
-0.1943284645669291
21
0.1363151574803149
0
LINE
8
BLACK
6
CONTINUOUS
10
-0.1943284645669291
20
0.1363151574803149
11
-0.1936444094488189
21
0.140210905511811
0
LINE
8
BLACK
6
CONTINUOUS
10
-0.1936444094488189
20
0.140210905511811
11
-0.1930484251968504
21
0.1435993700787402
0
LINE
8
BLACK
6
CONTINUOUS
10
-0.1930484251968504
20
0.1435993700787402
11
-0.1925526771653543
21
0.1464111811023622
0
LINE
8
BLACK
6
CONTINUOUS
10
-0.1925526771653543
20
0.1464111811023622
11
-0.1921693307086614
21
0.1485770078740157
0
LINE
8
BLACK
6
CONTINUOUS
10
-0.1921693307086614
20
0.1485770078740157
11
-0.1919106692913386
21
0.1500274015748032
0
LINE
8
BLACK
6
CONTINUOUS
10
-0.1919106692913386
20
0.1500274015748032
11
-0.1917888188976378
21
0.150693031496063
0
LINE
8
BLACK
6
CONTINUOUS
10
-0.1917888188976378
20
0.150693031496063
11
-0.1917860236220472
21
0.1507070472440945
0
LINE
8
BLACK
6
CONTINUOUS
10
-0.1917860236220472
20
0.1507070472440945
11
-0.1915420472440945
21
0.1519052755905512
0
LINE
8
BLACK
6
CONTINUOUS
10
-0.1915420472440945
20
0.1519052755905512
11
-0.1788806299212598
21
0.1519052755905512
0
LINE
8
BLACK
6
CONTINUOUS
10
-0.1788806299212598
20
0.1519052755905512
11
-0.1791169291338583
21
0.1509248818897638
0
LINE
8
BLACK
6
CONTINUOUS
10
-0.1313427559055118
20
0.1518446062992126
11
-0.1302474409448819
21
0.1517860236220472
0
LINE
8
BLACK
6
CONTINUOUS
10
-0.1302474409448819
20
0.1517860236220472
11
-0.1296296850393701
21
0.1516583070866142
0
LINE
8
BLACK
6
CONTINUOUS
10
-0.1296296850393701
20
0.1516583070866142
11
-0.1293583464566929
21
0.1514479921259843
0
LINE
8
BLACK
6
CONTINUOUS
10
-0.1293583464566929
20
0.1514479921259843
11
-0.1293018897637795
21
0.1511724015748031
0
LINE
8
BLACK
6
CONTINUOUS
10
-0.1293018897637795
20
0.1511724015748031
11
-0.1293758661417323
21
0.1506324409448819
0
LINE
8
BLACK
6
CONTINUOUS
10
-0.1293758661417323
20
0.1506324409448819
11
-0.1295900393700787
21
0.1493013779527559
0
LINE
8
BLACK
6
CONTINUOUS
10
-0.1295900393700787
20
0.1493013779527559
11
-0.129932874015748
21
0.1472462992125984
0
LINE
8
BLACK
6
CONTINUOUS
10
-0.129932874015748
20
0.1472462992125984
11
-0.1303928346456693
21
0.1445342519685039
0
LINE
8
BLACK
6
CONTINUOUS
10
-0.1303928346456693
20
0.1445342519685039
11
-0.1309584251968504
21
0.1412322834645669
0
LINE
8
BLACK
6
CONTINUOUS
10
-0.1309584251968504
20
0.1412322834645669
11
-0.1316180708661417
21
0.1374074015748031
0
LINE
8
BLACK
6
CONTINUOUS
10
-0.1316180708661417
20
0.1374074015748031
11
-0.1323602755905512
21
0.1331267716535433
0
LINE
8
BLACK
6
CONTINUOUS
10
-0.1323602755905512
20
0.1331267716535433
11
-0.1331734251968504
21
0.1284573228346457
0
LINE
8
BLACK
6
CONTINUOUS
10
-0.1331734251968504
20
0.1284573228346457
11
-0.134046062992126
21
0.1234662204724409
0
LINE
8
BLACK
6
CONTINUOUS
10
-0.134046062992126
20
0.1234662204724409
11
-0.1349666141732283
21
0.1182204724409449
0
LINE
8
BLACK
6
CONTINUOUS
10
-0.1349666141732283
20
0.1182204724409449
11
-0.1351842519685039
21
0.116982874015748
0
LINE
8
BLACK
6
CONTINUOUS
10
-0.1351842519685039
20
0.116982874015748
11
-0.1361127165354331
21
0.1117029527559055
0
LINE
8
BLACK
6
CONTINUOUS
10
-0.1361127165354331
20
0.1117029527559055
11
-0.136996062992126
21
0.1066734645669291
0
LINE
8
BLACK
6
CONTINUOUS
10
-0.136996062992126
20
0.1066734645669291
11
-0.1378228346456693
21
0.101960157480315
0
LINE
8
BLACK
6
CONTINUOUS
10
-0.1378228346456693
20
0.101960157480315
11
-0.1385815748031496
21
0.0976287795275591
0
LINE
8
BLACK
6
CONTINUOUS
10
-0.1385815748031496
20
0.0976287795275591
11
-0.1392607480314961
21
0.093745
0
LINE
8
BLACK
6
CONTINUOUS
10
-0.1392607480314961
20
0.093745
11
-0.139848937007874
21
0.0903745669291339
0
LINE
8
BLACK
6
CONTINUOUS
10
-0.139848937007874
20
0.0903745669291339
11
-0.1403346456692913
21
0.0875832283464567
0
LINE
8
BLACK
6
CONTINUOUS
10
-0.1403346456692913
20
0.0875832283464567
11
-0.1407063779527559
21
0.0854366929133858
0
LINE
8
BLACK
6
CONTINUOUS
10
-0.1407063779527559
20
0.0854366929133858
11
-0.1409526771653543
21
0.0840006692913386
0
LINE
8
BLACK
6
CONTINUOUS
10
-0.1409526771653543
20
0.0840006692913386
11
-0.1410620078740157
21
0.0833409448818898
0
LINE
8
BLACK
6
CONTINUOUS
10
-0.1410620078740157
20
0.0833409448818898
11
-0.1410666141732284
21
0.0833050787401575
0
LINE
8
BLACK
6
CONTINUOUS
10
-0.1410666141732284
20
0.0833050787401575
11
-0.1414767716535433
21
0.0832184251968504
0
LINE
8
BLACK
6
CONTINUOUS
10
-0.1414767716535433
20
0.0832184251968504
11
-0.1426051968503937
21
0.0831451968503937
0
LINE
8
BLACK
6
CONTINUOUS
10
-0.1426051968503937
20
0.0831451968503937
11
-0.1442987007874016
21
0.0830914173228346
0
LINE
8
BLACK
6
CONTINUOUS
10
-0.1442987007874016
20
0.0830914173228346
11
-0.1464040157480315
21
0.0830629527559055
0
LINE
8
BLACK
6
CONTINUOUS
10
-0.1464040157480315
20
0.0830629527559055
11
-0.1473846850393701
21
0.0830599606299213
0
LINE
8
BLACK
6
CONTINUOUS
10
-0.1473846850393701
20
0.0830599606299213
11
-0.1496163385826772
21
0.0830811811023622
0
LINE
8
BLACK
6
CONTINUOUS
10
-0.1496163385826772
20
0.0830811811023622
11
-0.1514990157480315
21
0.0831394881889764
0
LINE
8
BLACK
6
CONTINUOUS
10
-0.1514990157480315
20
0.0831394881889764
11
-0.1528802755905512
21
0.0832270472440945
0
LINE
8
BLACK
6
CONTINUOUS
10
-0.1528802755905512
20
0.0832270472440945
11
-0.1536076377952756
21
0.0833358661417323
0
LINE
8
BLACK
6
CONTINUOUS
10
-0.1536076377952756
20
0.0833358661417323
11
-0.1536814173228346
21
0.0833867716535433
0
LINE
8
BLACK
6
CONTINUOUS
10
-0.1536814173228346
20
0.0833867716535433
11
-0.1536041732283465
21
0.0838571653543307
0
LINE
8
BLACK
6
CONTINUOUS
10
-0.1536041732283465
20
0.0838571653543307
11
-0.1533869291338583
21
0.0851203937007874
0
LINE
8
BLACK
6
CONTINUOUS
10
-0.1533869291338583
20
0.0851203937007874
11
-0.1530411023622047
21
0.0871110236220472
0
LINE
8
BLACK
6
CONTINUOUS
10
-0.1530411023622047
20
0.0871110236220472
11
-0.1525782283464567
21
0.0897637401574803
0
LINE
8
BLACK
6
CONTINUOUS
10
-0.1525782283464567
20
0.0897637401574803
11
-0.1520096456692913
21
0.0930131496062992
0
LINE
8
BLACK
6
CONTINUOUS
10
-0.1520096456692913
20
0.0930131496062992
11
-0.1513469291338583
21
0.0967938188976378
0
LINE
8
BLACK
6
CONTINUOUS
10
-0.1513469291338583
20
0.0967938188976378
11
-0.1506014173228346
21
0.1010403937007874
0
LINE
8
BLACK
6
CONTINUOUS
10
-0.1506014173228346
20
0.1010403937007874
11
-0.1497846456692913
21
0.1056875196850394
0
LINE
8
BLACK
6
CONTINUOUS
10
-0.1497846456692913
20
0.1056875196850394
11
-0.1489080708661417
21
0.1106698031496063
0
LINE
8
BLACK
6
CONTINUOUS
10
-0.1489080708661417
20
0.1106698031496063
11
-0.1479831102362205
21
0.1159218503937008
0
LINE
8
BLACK
6
CONTINUOUS
10
-0.1479831102362205
20
0.1159218503937008
11
-0.1476696456692913
21
0.1177005118110236
0
LINE
8
BLACK
6
CONTINUOUS
10
-0.1476696456692913
20
0.1177005118110236
11
-0.1416792519685039
21
0.1516874409448819
0
LINE
8
BLACK
6
CONTINUOUS
10
-0.1416792519685039
20
0.1516874409448819
11
-0.1354905905511811
21
0.1518083070866142
0
LINE
8
BLACK
6
CONTINUOUS
10
-0.1354905905511811
20
0.1518083070866142
11
-0.1330467322834646
21
0.1518475590551181
0
LINE
8
BLACK
6
CONTINUOUS
10
-0.1330467322834646
20
0.1518475590551181
11
-0.1313427559055118
21
0.1518446062992126
0
LINE
8
BLACK
6
CONTINUOUS
10
-0.5466338976377952
20
0.2145414566929134
11
-0.5466003149606299
21
0.2094964566929134
0
LINE
8
BLACK
6
CONTINUOUS
10
-0.5466003149606299
20
0.2094964566929134
11
-0.5465679133858268
21
0.2052441732283465
0
LINE
8
BLACK
6
CONTINUOUS
10
-0.5465679133858268
20
0.2052441732283465
11
-0.5465332677165354
21
0.201705905511811
0
LINE
8
BLACK
6
CONTINUOUS
10
-0.5465332677165354
20
0.201705905511811
11
-0.5464929133858267
21
0.198802874015748
0
LINE
8
BLACK
6
CONTINUOUS
10
-0.5464929133858267
20
0.198802874015748
11
-0.5464434645669292
21
0.1964563779527559
0
LINE
8
BLACK
6
CONTINUOUS
10
-0.5464434645669292
20
0.1964563779527559
11
-0.5463815354330709
21
0.1945876771653543
0
LINE
8
BLACK
6
CONTINUOUS
10
-0.5463815354330709
20
0.1945876771653543
11
-0.5463037007874015
21
0.1931180708661417
0
LINE
8
BLACK
6
CONTINUOUS
10
-0.5463037007874015
20
0.1931180708661417
11
-0.5462065354330708
21
0.1919688188976378
0
LINE
8
BLACK
6
CONTINUOUS
10
-0.5462065354330708
20
0.1919688188976378
11
-0.5460866535433071
21
0.1910611811023622
0
LINE
8
BLACK
6
CONTINUOUS
10
-0.5460866535433071
20
0.1910611811023622
11
-0.545940590551181
21
0.1903164173228346
0
LINE
8
BLACK
6
CONTINUOUS
10
-0.545940590551181
20
0.1903164173228346
11
-0.5457649999999999
21
0.1896557874015748
0
LINE
8
BLACK
6
CONTINUOUS
10
-0.5457649999999999
20
0.1896557874015748
11
-0.5455564566929134
21
0.1890006299212598
0
LINE
8
BLACK
6
CONTINUOUS
10
-0.5455564566929134
20
0.1890006299212598
11
-0.5455228346456693
21
0.1889001181102362
0
LINE
8
BLACK
6
CONTINUOUS
10
-0.5455228346456693
20
0.1889001181102362
11
-0.5440288976377953
21
0.1855972834645669
0
LINE
8
BLACK
6
CONTINUOUS
10
-0.5440288976377953
20
0.1855972834645669
11
-0.5419917322834645
21
0.1829757086614173
0
LINE
8
BLACK
6
CONTINUOUS
10
-0.5419917322834645
20
0.1829757086614173
11
-0.5394120866141732
21
0.1810357874015748
0
LINE
8
BLACK
6
CONTINUOUS
10
-0.5394120866141732
20
0.1810357874015748
11
-0.5362907874015748
21
0.1797779921259842
0
LINE
8
BLACK
6
CONTINUOUS
10
-0.5362907874015748
20
0.1797779921259842
11
-0.5326285433070866
21
0.1792026771653543
0
LINE
8
BLACK
6
CONTINUOUS
10
-0.5326285433070866
20
0.1792026771653543
11
-0.5284261811023622
21
0.1793103149606299
0
LINE
8
BLACK
6
CONTINUOUS
10
-0.5284261811023622
20
0.1793103149606299
11
-0.5281261811023622
21
0.1793418503937008
0
LINE
8
BLACK
6
CONTINUOUS
10
-0.5281261811023622
20
0.1793418503937008
11
-0.5246680708661418
21
0.1800490551181102
0
LINE
8
BLACK
6
CONTINUOUS
10
-0.5246680708661418
20
0.1800490551181102
11
-0.5217796850393701
21
0.1813657874015748
0
LINE
8
BLACK
6
CONTINUOUS
10
-0.5217796850393701
20
0.1813657874015748
11
-0.5194357874015748
21
0.1833200787401575
0
LINE
8
BLACK
6
CONTINUOUS
10
-0.5194357874015748
20
0.1833200787401575
11
-0.5176111023622048
21
0.1859399212598425
0
LINE
8
BLACK
6
CONTINUOUS
10
-0.5176111023622048
20
0.1859399212598425
11
-0.5162804330708661
21
0.1892533464566929
0
LINE
8
BLACK
6
CONTINUOUS
10
-0.5162804330708661
20
0.1892533464566929
11
-0.5154185039370078
21
0.1932883464566929
0
LINE
8
BLACK
6
CONTINUOUS
10
-0.5154185039370078
20
0.1932883464566929
11
-0.5153918503937007
21
0.1934763779527559
0
LINE
8
BLACK
6
CONTINUOUS
10
-0.5153918503937007
20
0.1934763779527559
11
-0.5152807086614173
21
0.1947374409448819
0
LINE
8
BLACK
6
CONTINUOUS
10
-0.5152807086614173
20
0.1947374409448819
11
-0.5151816141732284
21
0.1967896850393701
0
LINE
8
BLACK
6
CONTINUOUS
10
-0.5151816141732284
20
0.1967896850393701
11
-0.515096220472441
21
0.1995529133858268
0
LINE
8
BLACK
6
CONTINUOUS
10
-0.515096220472441
20
0.1995529133858268
11
-0.5150261023622047
21
0.2029468897637795
0
LINE
8
BLACK
6
CONTINUOUS
10
-0.5150261023622047
20
0.2029468897637795
11
-0.5149727952755906
21
0.2068913779527559
0
LINE
8
BLACK
6
CONTINUOUS
10
-0.5149727952755906
20
0.2068913779527559
11
-0.5149379921259842
21
0.2113062204724409
0
LINE
8
BLACK
6
CONTINUOUS
10
-0.5149379921259842
20
0.2113062204724409
11
-0.5149232283464567
21
0.2161111811023622
0
LINE
8
BLACK
6
CONTINUOUS
10
-0.5149232283464567
20
0.2161111811023622
11
-0.5149228346456692
21
0.2170784251968504
0
LINE
8
BLACK
6
CONTINUOUS
10
-0.5149228346456692
20
0.2170784251968504
11
-0.5149228346456692
21
0.2373083464566929
0
LINE
8
BLACK
6
CONTINUOUS
10
-0.5149228346456692
20
0.2373083464566929
11
-0.502286653543307
21
0.2373083464566929
0
LINE
8
BLACK
6
CONTINUOUS
10
-0.502286653543307
20
0.2373083464566929
11
-0.502286653543307
21
0.215989094488189
0
LINE
8
BLACK
6
CONTINUOUS
10
-0.502286653543307
20
0.215989094488189
11
-0.5022924015748031
21
0.2105199212598425
0
LINE
8
BLACK
6
CONTINUOUS
10
-0.5022924015748031
20
0.2105199212598425
11
-0.5023132283464566
21
0.2058384251968504
0
LINE
8
BLACK
6
CONTINUOUS
10
-0.5023132283464566
20
0.2058384251968504
11
-0.5023546062992126
21
0.2018607874015748
0
LINE
8
BLACK
6
CONTINUOUS
10
-0.5023546062992126
20
0.2018607874015748
11
-0.5024218503937008
21
0.1985032283464567
0
LINE
8
BLACK
6
CONTINUOUS
10
-0.5024218503937008
20
0.1985032283464567
11
-0.5025203937007874
21
0.1956820866141732
0
LINE
8
BLACK
6
CONTINUOUS
10
-0.5025203937007874
20
0.1956820866141732
11
-0.5026556692913385
21
0.1933135039370079
0
LINE
8
BLACK
6
CONTINUOUS
10
-0.5026556692913385
20
0.1933135039370079
11
-0.502833031496063
21
0.1913137401574803
0
LINE
8
BLACK
6
CONTINUOUS
10
-0.502833031496063
20
0.1913137401574803
11
-0.5030579133858267
21
0.1895990551181102
0
LINE
8
BLACK
6
CONTINUOUS
10
-0.5030579133858267
20
0.1895990551181102
11
-0.5033357480314961
21
0.1880856692913386
0
LINE
8
BLACK
6
CONTINUOUS
10
-0.5033357480314961
20
0.1880856692913386
11
-0.5036718503937008
21
0.1866898031496063
0
LINE
8
BLACK
6
CONTINUOUS
10
-0.5036718503937008
20
0.1866898031496063
11
-0.5040716929133858
21
0.1853277559055118
0
LINE
8
BLACK
6
CONTINUOUS
10
-0.5040716929133858
20
0.1853277559055118
11
-0.5043118503937007
21
0.1845892125984252
0
LINE
8
BLACK
6
CONTINUOUS
10
-0.5043118503937007
20
0.1845892125984252
11
-0.5061964566929134
21
0.1801225196850394
0
LINE
8
BLACK
6
CONTINUOUS
10
-0.5061964566929134
20
0.1801225196850394
11
-0.5086545669291338
21
0.1763107874015748
0
LINE
8
BLACK
6
CONTINUOUS
10
-0.5086545669291338
20
0.1763107874015748
11
-0.5116947637795275
21
0.1731453149606299
0
LINE
8
BLACK
6
CONTINUOUS
10
-0.5116947637795275
20
0.1731453149606299
11
-0.5153255905511811
21
0.1706175984251969
0
LINE
8
BLACK
6
CONTINUOUS
10
-0.5153255905511811
20
0.1706175984251969
11
-0.5195555905511811
21
0.1687190551181102
0
LINE
8
BLACK
6
CONTINUOUS
10
-0.5195555905511811
20
0.1687190551181102
11
-0.5203694488188976
21
0.1684472440944882
0
LINE
8
BLACK
6
CONTINUOUS
10
-0.5203694488188976
20
0.1684472440944882
11
-0.5227550393700787
21
0.1678912598425197
0
LINE
8
BLACK
6
CONTINUOUS
10
-0.5227550393700787
20
0.1678912598425197
11
-0.5257388582677165
21
0.167500905511811
0
LINE
8
BLACK
6
CONTINUOUS
10
-0.5257388582677165
20
0.167500905511811
11
-0.5290622047244095
21
0.1672825984251969
0
LINE
8
BLACK
6
CONTINUOUS
10
-0.5290622047244095
20
0.1672825984251969
11
-0.5324664566929134
21
0.1672428346456693
0
LINE
8
BLACK
6
CONTINUOUS
10
-0.5324664566929134
20
0.1672428346456693
11
-0.5356929921259842
21
0.1673879527559055
0
LINE
8
BLACK
6
CONTINUOUS
10
-0.5356929921259842
20
0.1673879527559055
11
-0.5384832283464567
21
0.1677244881889764
0
LINE
8
BLACK
6
CONTINUOUS
10
-0.5384832283464567
20
0.1677244881889764
11
-0.5396373228346456
21
0.1679674015748031
0
LINE
8
BLACK
6
CONTINUOUS
10
-0.5396373228346456
20
0.1679674015748031
11
-0.5441640157480315
21
0.169505905511811
0
LINE
8
BLACK
6
CONTINUOUS
10
-0.5441640157480315
20
0.169505905511811
11
-0.5481079133858268
21
0.171681062992126
0
LINE
8
BLACK
6
CONTINUOUS
10
-0.5481079133858268
20
0.171681062992126
11
-0.5514820472440944
21
0.1745059448818898
0
LINE
8
BLACK
6
CONTINUOUS
10
-0.5514820472440944
20
0.1745059448818898
11
-0.5542994488188976
21
0.1779934645669291
0
LINE
8
BLACK
6
CONTINUOUS
10
-0.5542994488188976
20
0.1779934645669291
11
-0.5565732677165354
21
0.1821566141732283
0
LINE
8
BLACK
6
CONTINUOUS
10
-0.5565732677165354
20
0.1821566141732283
11
-0.5581184645669292
21
0.1863350787401575
0
LINE
8
BLACK
6
CONTINUOUS
10
-0.5581184645669292
20
0.1863350787401575
11
-0.5583329527559056
21
0.187063031496063
0
LINE
8
BLACK
6
CONTINUOUS
10
-0.5583329527559056
20
0.187063031496063
11
-0.5585145669291338
21
0.1877692519685039
0
LINE
8
BLACK
6
CONTINUOUS
10
-0.5585145669291338
20
0.1877692519685039
11
-0.5586666141732284
21
0.1885312992125984
0
LINE
8
BLACK
6
CONTINUOUS
10
-0.5586666141732284
20
0.1885312992125984
11
-0.5587923622047244
21
0.189426811023622
0
LINE
8
BLACK
6
CONTINUOUS
10
-0.5587923622047244
20
0.189426811023622
11
-0.5588950787401574
21
0.1905333464566929
0
LINE
8
BLACK
6
CONTINUOUS
10
-0.5588950787401574
20
0.1905333464566929
11
-0.5589779921259842
21
0.1919285039370079
0
LINE
8
BLACK
6
CONTINUOUS
10
-0.5589779921259842
20
0.1919285039370079
11
-0.5590444094488188
21
0.1936899212598425
0
LINE
8
BLACK
6
CONTINUOUS
10
-0.5590444094488188
20
0.1936899212598425
11
-0.5590976377952755
21
0.195895157480315
0
LINE
8
BLACK
6
CONTINUOUS
10
-0.5590976377952755
20
0.195895157480315
11
-0.5591408661417323
21
0.1986218503937008
0
LINE
8
BLACK
6
CONTINUOUS
10
-0.5591408661417323
20
0.1986218503937008
11
-0.5591774015748031
21
0.2019475196850394
0
LINE
8
BLACK
6
CONTINUOUS
10
-0.5591774015748031
20
0.2019475196850394
11
-0.5592105511811023
21
0.2059498031496063
0
LINE
8
BLACK
6
CONTINUOUS
10
-0.5592105511811023
20
0.2059498031496063
11
-0.5592435433070866
21
0.2107063385826771
0
LINE
8
BLACK
6
CONTINUOUS
10
-0.5592435433070866
20
0.2107063385826771
11
-0.5592613779527559
21
0.213452125984252
0
LINE
8
BLACK
6
CONTINUOUS
10
-0.5592613779527559
20
0.213452125984252
11
-0.5594149606299212
21
0.2373083464566929
0
LINE
8
BLACK
6
CONTINUOUS
10
-0.5594149606299212
20
0.2373083464566929
11
-0.546780748031496
21
0.2373083464566929
0
LINE
8
BLACK
6
CONTINUOUS
10
-0.546780748031496
20
0.2373083464566929
11
-0.5466338976377952
21
0.2145414566929134
0
LINE
8
BLACK
6
CONTINUOUS
10
-0.6364914566929134
20
0.2251079133858268
11
-0.6560992913385827
21
0.2251079133858268
0
LINE
8
BLACK
6
CONTINUOUS
10
-0.6560992913385827
20
0.2251079133858268
11
-0.6560992913385827
21
0.168463031496063
0
LINE
8
BLACK
6
CONTINUOUS
10
-0.6560992913385827
20
0.168463031496063
11
-0.6687354724409449
21
0.168463031496063
0
LINE
8
BLACK
6
CONTINUOUS
10
-0.6687354724409449
20
0.168463031496063
11
-0.6687354724409449
21
0.2251079133858268
0
LINE
8
BLACK
6
CONTINUOUS
10
-0.6687354724409449
20
0.2251079133858268
11
-0.6883433070866142
21
0.2251079133858268
0
LINE
8
BLACK
6
CONTINUOUS
10
-0.6883433070866142
20
0.2251079133858268
11
-0.6883433070866142
21
0.2373083464566929
0
LINE
8
BLACK
6
CONTINUOUS
10
-0.6883433070866142
20
0.2373083464566929
11
-0.6364914566929134
21
0.2373083464566929
0
LINE
8
BLACK
6
CONTINUOUS
10
-0.6364914566929134
20
0.2373083464566929
11
-0.6364914566929134
21
0.2251079133858268
0
LINE
8
BLACK
6
CONTINUOUS
10
-0.6168836220472441
20
0.2102930708661417
11
-0.5850753149606299
21
0.2102930708661417
0
LINE
8
BLACK
6
CONTINUOUS
10
-0.5850753149606299
20
0.2102930708661417
11
-0.5850753149606299
21
0.2373083464566929
0
LINE
8
BLACK
6
CONTINUOUS
10
-0.5850753149606299
20
0.2373083464566929
11
-0.5724391732283465
21
0.2373083464566929
0
LINE
8
BLACK
6
CONTINUOUS
10
-0.5724391732283465
20
0.2373083464566929
11
-0.5724391732283465
21
0.168463031496063
0
LINE
8
BLACK
6
CONTINUOUS
10
-0.5724391732283465
20
0.168463031496063
11
-0.5850753149606299
21
0.168463031496063
0
LINE
8
BLACK
6
CONTINUOUS
10
-0.5850753149606299
20
0.168463031496063
11
-0.5850753149606299
21
0.1980926377952756
0
LINE
8
BLACK
6
CONTINUOUS
10
-0.5850753149606299
20
0.1980926377952756
11
-0.6168836220472441
21
0.1980926377952756
0
LINE
8
BLACK
6
CONTINUOUS
10
-0.6168836220472441
20
0.1980926377952756
11
-0.6168836220472441
21
0.168463031496063
0
LINE
8
BLACK
6
CONTINUOUS
10
-0.6168836220472441
20
0.168463031496063
11
-0.6295197637795276
21
0.168463031496063
0
LINE
8
BLACK
6
CONTINUOUS
10
-0.6295197637795276
20
0.168463031496063
11
-0.6295197637795276
21
0.2373083464566929
0
LINE
8
BLACK
6
CONTINUOUS
10
-0.6295197637795276
20
0.2373083464566929
11
-0.6168836220472441
21
0.2373083464566929
0
LINE
8
BLACK
6
CONTINUOUS
10
-0.6168836220472441
20
0.2373083464566929
11
-0.6168836220472441
21
0.2102930708661417
0
LINE
8
BLACK
6
CONTINUOUS
10
-0.4620295669291338
20
0.2151950393700787
11
-0.4473875590551181
21
0.1930817716535433
0
LINE
8
BLACK
6
CONTINUOUS
10
-0.4473875590551181
20
0.1930817716535433
11
-0.4473861417322835
21
0.2151950393700787
0
LINE
8
BLACK
6
CONTINUOUS
10
-0.4473861417322835
20
0.2151950393700787
11
-0.4473846850393701
21
0.2373083464566929
0
LINE
8
BLACK
6
CONTINUOUS
10
-0.4473846850393701
20
0.2373083464566929
11
-0.4347485433070866
21
0.2373083464566929
0
LINE
8
BLACK
6
CONTINUOUS
10
-0.4347485433070866
20
0.2373083464566929
11
-0.4347485433070866
21
0.168463031496063
0
LINE
8
BLACK
6
CONTINUOUS
10
-0.4347485433070866
20
0.168463031496063
11
-0.4450647244094488
21
0.168463031496063
0
LINE
8
BLACK
6
CONTINUOUS
10
-0.4450647244094488
20
0.168463031496063
11
-0.4765776377952756
21
0.2157397244094488
0
LINE
8
BLACK
6
CONTINUOUS
10
-0.4765776377952756
20
0.2157397244094488
11
-0.4765785826771654
21
0.168463031496063
0
LINE
8
BLACK
6
CONTINUOUS
10
-0.4765785826771654
20
0.168463031496063
11
-0.4892147637795276
21
0.168463031496063
0
LINE
8
BLACK
6
CONTINUOUS
10
-0.4892147637795276
20
0.168463031496063
11
-0.4892147637795276
21
0.2373083464566929
0
LINE
8
BLACK
6
CONTINUOUS
10
-0.4892147637795276
20
0.2373083464566929
11
-0.4766715748031496
21
0.2373083464566929
0
LINE
8
BLACK
6
CONTINUOUS
10
-0.4766715748031496
20
0.2373083464566929
11
-0.4620295669291338
21
0.2151950393700787
0
LINE
8
BLACK
6
CONTINUOUS
10
-0.4041385039370078
20
0.2371931889763779
11
-0.3995942913385827
21
0.2371419291338583
0
LINE
8
BLACK
6
CONTINUOUS
10
-0.3995942913385827
20
0.2371419291338583
11
-0.3958157086614173
21
0.2370848818897638
0
LINE
8
BLACK
6
CONTINUOUS
10
-0.3958157086614173
20
0.2370848818897638
11
-0.3926968897637795
21
0.237007125984252
0
LINE
8
BLACK
6
CONTINUOUS
10
-0.3926968897637795
20
0.237007125984252
11
-0.3901320866141732
21
0.2368938188976378
0
LINE
8
BLACK
6
CONTINUOUS
10
-0.3901320866141732
20
0.2368938188976378
11
-0.3880154724409449
21
0.23673
0
LINE
8
BLACK
6
CONTINUOUS
10
-0.3880154724409449
20
0.23673
11
-0.3862412204724409
21
0.2365007480314961
0
LINE
8
BLACK
6
CONTINUOUS
10
-0.3862412204724409
20
0.2365007480314961
11
-0.3847035826771654
21
0.2361911811023622
0
LINE
8
BLACK
6
CONTINUOUS
10
-0.3847035826771654
20
0.2361911811023622
11
-0.3832966535433071
21
0.2357864173228346
0
LINE
8
BLACK
6
CONTINUOUS
10
-0.3832966535433071
20
0.2357864173228346
11
-0.3819147244094488
21
0.2352714960629921
0
LINE
8
BLACK
6
CONTINUOUS
10
-0.3819147244094488
20
0.2352714960629921
11
-0.3804519291338583
21
0.2346315354330709
0
LINE
8
BLACK
6
CONTINUOUS
10
-0.3804519291338583
20
0.2346315354330709
11
-0.3788024803149606
21
0.2338516535433071
0
LINE
8
BLACK
6
CONTINUOUS
10
-0.3788024803149606
20
0.2338516535433071
11
-0.3781330708661417
21
0.2335291338582677
0
LINE
8
BLACK
6
CONTINUOUS
10
-0.3781330708661417
20
0.2335291338582677
11
-0.376014842519685
21
0.232441968503937
0
LINE
8
BLACK
6
CONTINUOUS
10
-0.376014842519685
20
0.232441968503937
11
-0.3743003543307086
21
0.2313705118110236
0
LINE
8
BLACK
6
CONTINUOUS
10
-0.3743003543307086
20
0.2313705118110236
11
-0.3726929133858268
21
0.2301002755905512
0
LINE
8
BLACK
6
CONTINUOUS
10
-0.3726929133858268
20
0.2301002755905512
11
-0.3708957874015748
21
0.2284166929133858
0
LINE
8
BLACK
6
CONTINUOUS
10
-0.3708957874015748
20
0.2284166929133858
11
-0.3704472440944882
21
0.2279712598425197
0
LINE
8
BLACK
6
CONTINUOUS
10
-0.3704472440944882
20
0.2279712598425197
11
-0.3686435039370078
21
0.2260918897637795
0
LINE
8
BLACK
6
CONTINUOUS
10
-0.3686435039370078
20
0.2260918897637795
11
-0.3673001181102362
21
0.224466811023622
0
LINE
8
BLACK
6
CONTINUOUS
10
-0.3673001181102362
20
0.224466811023622
11
-0.3662023228346457
21
0.2227991732283464
0
LINE
8
BLACK
6
CONTINUOUS
10
-0.3662023228346457
20
0.2227991732283464
11
-0.3651354330708662
21
0.2207920866141732
0
LINE
8
BLACK
6
CONTINUOUS
10
-0.3651354330708662
20
0.2207920866141732
11
-0.3648883858267716
21
0.2202854724409449
0
LINE
8
BLACK
6
CONTINUOUS
10
-0.3648883858267716
20
0.2202854724409449
11
-0.3636873228346457
21
0.217698031496063
0
LINE
8
BLACK
6
CONTINUOUS
10
-0.3636873228346457
20
0.217698031496063
11
-0.3627891732283465
21
0.2154611023622047
0
LINE
8
BLACK
6
CONTINUOUS
10
-0.3627891732283465
20
0.2154611023622047
11
-0.3621513385826772
21
0.2133653149606299
0
LINE
8
BLACK
6
CONTINUOUS
10
-0.3621513385826772
20
0.2133653149606299
11
-0.3617312598425197
21
0.2112013385826772
0
LINE
8
BLACK
6
CONTINUOUS
10
-0.3617312598425197
20
0.2112013385826772
11
-0.3614864173228347
21
0.2087598031496063
0
LINE
8
BLACK
6
CONTINUOUS
10
-0.3614864173228347
20
0.2087598031496063
11
-0.3613742125984252
21
0.2058313779527559
0
LINE
8
BLACK
6
CONTINUOUS
10
-0.3613742125984252
20
0.2058313779527559
11
-0.3613513385826772
21
0.2028856692913386
0
LINE
8
BLACK
6
CONTINUOUS
10
-0.3613513385826772
20
0.2028856692913386
11
-0.3613863779527559
21
0.1993802755905512
0
LINE
8
BLACK
6
CONTINUOUS
10
-0.3613863779527559
20
0.1993802755905512
11
-0.3615199606299213
21
0.1965372440944882
0
LINE
8
BLACK
6
CONTINUOUS
10
-0.3615199606299213
20
0.1965372440944882
11
-0.3617946062992126
21
0.1941492125984252
0
LINE
8
BLACK
6
CONTINUOUS
10
-0.3617946062992126
20
0.1941492125984252
11
-0.3622529133858268
21
0.1920088582677165
0
LINE
8
BLACK
6
CONTINUOUS
10
-0.3622529133858268
20
0.1920088582677165
11
-0.3629374803149606
21
0.1899088976377953
0
LINE
8
BLACK
6
CONTINUOUS
10
-0.3629374803149606
20
0.1899088976377953
11
-0.3638908267716535
21
0.1876420078740157
0
LINE
8
BLACK
6
CONTINUOUS
10
-0.3638908267716535
20
0.1876420078740157
11
-0.3649308661417323
21
0.1854564960629921
0
LINE
8
BLACK
6
CONTINUOUS
10
-0.3649308661417323
20
0.1854564960629921
11
-0.3674965748031496
21
0.1812023228346457
0
LINE
8
BLACK
6
CONTINUOUS
10
-0.3674965748031496
20
0.1812023228346457
11
-0.3707319291338583
21
0.1774662992125984
0
LINE
8
BLACK
6
CONTINUOUS
10
-0.3707319291338583
20
0.1774662992125984
11
-0.3745614960629921
21
0.1743146062992126
0
LINE
8
BLACK
6
CONTINUOUS
10
-0.3745614960629921
20
0.1743146062992126
11
-0.3789097637795276
21
0.1718134251968504
0
LINE
8
BLACK
6
CONTINUOUS
10
-0.3789097637795276
20
0.1718134251968504
11
-0.381851062992126
21
0.1706122047244094
0
LINE
8
BLACK
6
CONTINUOUS
10
-0.381851062992126
20
0.1706122047244094
11
-0.3835017322834646
21
0.1700634251968504
0
LINE
8
BLACK
6
CONTINUOUS
10
-0.3835017322834646
20
0.1700634251968504
11
-0.385081811023622
21
0.1696154330708661
0
LINE
8
BLACK
6
CONTINUOUS
10
-0.385081811023622
20
0.1696154330708661
11
-0.3867022047244094
21
0.1692582677165354
0
LINE
8
BLACK
6
CONTINUOUS
10
-0.3867022047244094
20
0.1692582677165354
11
-0.3884740157480315
21
0.1689820078740157
0
LINE
8
BLACK
6
CONTINUOUS
10
-0.3884740157480315
20
0.1689820078740157
11
-0.3905082283464567
21
0.1687766141732283
0
LINE
8
BLACK
6
CONTINUOUS
10
-0.3905082283464567
20
0.1687766141732283
11
-0.3929158267716535
21
0.1686322047244095
0
LINE
8
BLACK
6
CONTINUOUS
10
-0.3929158267716535
20
0.1686322047244095
11
-0.395807874015748
21
0.1685388188976378
0
LINE
8
BLACK
6
CONTINUOUS
10
-0.395807874015748
20
0.1685388188976378
11
-0.3992953543307087
21
0.1684864173228346
0
LINE
8
BLACK
6
CONTINUOUS
10
-0.3992953543307087
20
0.1684864173228346
11
-0.4034892913385827
21
0.1684651181102362
0
LINE
8
BLACK
6
CONTINUOUS
10
-0.4034892913385827
20
0.1684651181102362
11
-0.4058108267716535
21
0.168463031496063
0
LINE
8
BLACK
6
CONTINUOUS
10
-0.4058108267716535
20
0.168463031496063
11
-0.4208051574803149
21
0.168463031496063
0
LINE
8
BLACK
6
CONTINUOUS
10
-0.4208051574803149
20
0.168463031496063
11
-0.4208051574803149
21
0.1797195275590551
0
LINE
8
BLACK
6
CONTINUOUS
10
-0.4208051574803149
20
0.1797195275590551
11
-0.4208051574803149
21
0.2373723622047244
0
LINE
8
BLACK
6
CONTINUOUS
10
-0.4208051574803149
20
0.2373723622047244
11
-0.4041385039370078
21
0.2371931889763779
0
LINE
8
BLACK
6
CONTINUOUS
10
-0.3887790157480315
20
0.180009842519685
11
-0.3858593307086614
21
0.181393031496063
0
LINE
8
BLACK
6
CONTINUOUS
10
-0.3858593307086614
20
0.181393031496063
11
-0.3825129921259842
21
0.1834191338582677
0
LINE
8
BLACK
6
CONTINUOUS
10
-0.3825129921259842
20
0.1834191338582677
11
-0.3797808267716535
21
0.1860403937007874
0
LINE
8
BLACK
6
CONTINUOUS
10
-0.3797808267716535
20
0.1860403937007874
11
-0.3776581889763779
21
0.1892657874015748
0
LINE
8
BLACK
6
CONTINUOUS
10
-0.3776581889763779
20
0.1892657874015748
11
-0.3761405118110236
21
0.1931042913385827
0
LINE
8
BLACK
6
CONTINUOUS
10
-0.3761405118110236
20
0.1931042913385827
11
-0.3752232677165354
21
0.197564842519685
0
LINE
8
BLACK
6
CONTINUOUS
10
-0.3752232677165354
20
0.197564842519685
11
-0.3749018897637795
21
0.2026564173228347
0
LINE
8
BLACK
6
CONTINUOUS
10
-0.3749018897637795
20
0.2026564173228347
11
-0.3749013385826772
21
0.2028856692913386
0
LINE
8
BLACK
6
CONTINUOUS
10
-0.3749013385826772
20
0.2028856692913386
11
-0.3751976771653543
21
0.2080041338582677
0
LINE
8
BLACK
6
CONTINUOUS
10
-0.3751976771653543
20
0.2080041338582677
11
-0.3760896062992126
21
0.2124911811023622
0
LINE
8
BLACK
6
CONTINUOUS
10
-0.3760896062992126
20
0.2124911811023622
11
-0.377581811023622
21
0.2163557874015748
0
LINE
8
BLACK
6
CONTINUOUS
10
-0.377581811023622
20
0.2163557874015748
11
-0.3796787795275591
21
0.2196069291338583
0
LINE
8
BLACK
6
CONTINUOUS
10
-0.3796787795275591
20
0.2196069291338583
11
-0.3823851181102362
21
0.2222535433070866
0
LINE
8
BLACK
6
CONTINUOUS
10
-0.3823851181102362
20
0.2222535433070866
11
-0.3857053937007874
21
0.2243046062992126
0
LINE
8
BLACK
6
CONTINUOUS
10
-0.3857053937007874
20
0.2243046062992126
11
-0.3858593307086614
21
0.2243783070866142
0
LINE
8
BLACK
6
CONTINUOUS
10
-0.3858593307086614
20
0.2243783070866142
11
-0.3887790157480315
21
0.2257614960629921
0
LINE
8
BLACK
6
CONTINUOUS
10
-0.3887790157480315
20
0.2257614960629921
11
-0.3984740157480315
21
0.2259003937007874
0
LINE
8
BLACK
6
CONTINUOUS
10
-0.3984740157480315
20
0.2259003937007874
11
-0.4081690157480315
21
0.2260392519685039
0
LINE
8
BLACK
6
CONTINUOUS
10
-0.4081690157480315
20
0.2260392519685039
11
-0.4081690157480315
21
0.1797195275590551
0
LINE
8
BLACK
6
CONTINUOUS
10
-0.4081690157480315
20
0.1797195275590551
11
-0.3887790157480315
21
0.180009842519685
0
LINE
8
BLACK
6
CONTINUOUS
10
-0.306643937007874
20
0.2251079133858268
11
-0.3380164960629921
21
0.2251079133858268
0
LINE
8
BLACK
6
CONTINUOUS
10
-0.3380164960629921
20
0.2251079133858268
11
-0.3380164960629921
21
0.2102930708661417
0
LINE
8
BLACK
6
CONTINUOUS
10
-0.3380164960629921
20
0.2102930708661417
11
-0.3140513779527559
21
0.2102930708661417
0
LINE
8
BLACK
6
CONTINUOUS
10
-0.3140513779527559
20
0.2102930708661417
11
-0.3140513779527559
21
0.1980926377952756
0
LINE
8
BLACK
6
CONTINUOUS
10
-0.3140513779527559
20
0.1980926377952756
11
-0.3380164960629921
21
0.1980926377952756
0
LINE
8
BLACK
6
CONTINUOUS
10
-0.3380164960629921
20
0.1980926377952756
11
-0.3380164960629921
21
0.1806634645669291
0
LINE
8
BLACK
6
CONTINUOUS
10
-0.3380164960629921
20
0.1806634645669291
11
-0.3057724803149606
21
0.1806634645669291
0
LINE
8
BLACK
6
CONTINUOUS
10
-0.3057724803149606
20
0.1806634645669291
11
-0.3057724803149606
21
0.168463031496063
0
LINE
8
BLACK
6
CONTINUOUS
10
-0.3057724803149606
20
0.168463031496063
11
-0.3510883858267717
21
0.168463031496063
0
LINE
8
BLACK
6
CONTINUOUS
10
-0.3510883858267717
20
0.168463031496063
11
-0.3510883858267717
21
0.2373083464566929
0
LINE
8
BLACK
6
CONTINUOUS
10
-0.3510883858267717
20
0.2373083464566929
11
-0.306643937007874
21
0.2373083464566929
0
LINE
8
BLACK
6
CONTINUOUS
10
-0.306643937007874
20
0.2373083464566929
11
-0.306643937007874
21
0.2251079133858268
0
LINE
8
BLACK
6
CONTINUOUS
10
-0.2766998031496063
20
0.2373044881889764
11
-0.2733753937007874
21
0.2372894488188976
0
LINE
8
BLACK
6
CONTINUOUS
10
-0.2733753937007874
20
0.2372894488188976
11
-0.2707065354330709
21
0.2372581496062992
0
LINE
8
BLACK
6
CONTINUOUS
10
-0.2707065354330709
20
0.2372581496062992
11
-0.2685853543307087
21
0.2372053937007874
0
LINE
8
BLACK
6
CONTINUOUS
10
-0.2685853543307087
20
0.2372053937007874
11
-0.2669038188976378
21
0.2371260236220472
0
LINE
8
BLACK
6
CONTINUOUS
10
-0.2669038188976378
20
0.2371260236220472
11
-0.2655540551181103
21
0.2370149212598425
0
LINE
8
BLACK
6
CONTINUOUS
10
-0.2655540551181103
20
0.2370149212598425
11
-0.2644281102362205
21
0.2368669291338583
0
LINE
8
BLACK
6
CONTINUOUS
10
-0.2644281102362205
20
0.2368669291338583
11
-0.263418031496063
21
0.2366768503937008
0
LINE
8
BLACK
6
CONTINUOUS
10
-0.263418031496063
20
0.2366768503937008
11
-0.262415905511811
21
0.2364396062992126
0
LINE
8
BLACK
6
CONTINUOUS
10
-0.262415905511811
20
0.2364396062992126
11
-0.2623781496062992
21
0.23643
0
LINE
8
BLACK
6
CONTINUOUS
10
-0.2623781496062992
20
0.23643
11
-0.2581060236220473
21
0.2349960236220472
0
LINE
8
BLACK
6
CONTINUOUS
10
-0.2581060236220473
20
0.2349960236220472
11
-0.2545351181102362
21
0.2330456692913386
0
LINE
8
BLACK
6
CONTINUOUS
10
-0.2545351181102362
20
0.2330456692913386
11
-0.2516588582677166
21
0.2305705511811024
0
LINE
8
BLACK
6
CONTINUOUS
10
-0.2516588582677166
20
0.2305705511811024
11
-0.2494707874015748
21
0.2275623228346457
0
LINE
8
BLACK
6
CONTINUOUS
10
-0.2494707874015748
20
0.2275623228346457
11
-0.2479644094488189
21
0.2240125196850394
0
LINE
8
BLACK
6
CONTINUOUS
10
-0.2479644094488189
20
0.2240125196850394
11
-0.247133188976378
21
0.2199127952755905
0
LINE
8
BLACK
6
CONTINUOUS
10
-0.247133188976378
20
0.2199127952755905
11
-0.2469489763779527
21
0.2165002362204724
0
LINE
8
BLACK
6
CONTINUOUS
10
-0.2469489763779527
20
0.2165002362204724
11
-0.2472650393700787
21
0.2121134251968504
0
LINE
8
BLACK
6
CONTINUOUS
10
-0.2472650393700787
20
0.2121134251968504
11
-0.2482325196850394
21
0.2082766929133858
0
LINE
8
BLACK
6
CONTINUOUS
10
-0.2482325196850394
20
0.2082766929133858
11
-0.2498803543307087
21
0.2049301968503937
0
LINE
8
BLACK
6
CONTINUOUS
10
-0.2498803543307087
20
0.2049301968503937
11
-0.2522375196850394
21
0.2020142125984252
0
LINE
8
BLACK
6
CONTINUOUS
10
-0.2522375196850394
20
0.2020142125984252
11
-0.2551180708661417
21
0.1996177165354331
0
LINE
8
BLACK
6
CONTINUOUS
10
-0.2551180708661417
20
0.1996177165354331
11
-0.2565183070866142
21
0.1986047637795275
0
LINE
8
BLACK
6
CONTINUOUS
10
-0.2565183070866142
20
0.1986047637795275
11
-0.2575976377952756
21
0.1977624409448819
0
LINE
8
BLACK
6
CONTINUOUS
10
-0.2575976377952756
20
0.1977624409448819
11
-0.2581900393700787
21
0.1972229133858268
0
LINE
8
BLACK
6
CONTINUOUS
10
-0.2581900393700787
20
0.1972229133858268
11
-0.2582535826771654
21
0.1971199606299213
0
LINE
8
BLACK
6
CONTINUOUS
10
-0.2582535826771654
20
0.1971199606299213
11
-0.2580611023622047
21
0.1966829527559055
0
LINE
8
BLACK
6
CONTINUOUS
10
-0.2580611023622047
20
0.1966829527559055
11
-0.2575094488188976
21
0.1955827559055118
0
LINE
8
BLACK
6
CONTINUOUS
10
-0.2575094488188976
20
0.1955827559055118
11
-0.2566535826771654
21
0.1939230708661417
0
LINE
8
BLACK
6
CONTINUOUS
10
-0.2566535826771654
20
0.1939230708661417
11
-0.2555485433070866
21
0.1918074015748031
0
LINE
8
BLACK
6
CONTINUOUS
10
-0.2555485433070866
20
0.1918074015748031
11
-0.254249251968504
21
0.1893394488188976
0
LINE
8
BLACK
6
CONTINUOUS
10
-0.254249251968504
20
0.1893394488188976
11
-0.2528107480314961
21
0.1866227952755906
0
LINE
8
BLACK
6
CONTINUOUS
10
-0.2528107480314961
20
0.1866227952755906
11
-0.2512879921259842
21
0.1837610236220472
0
LINE
8
BLACK
6
CONTINUOUS
10
-0.2512879921259842
20
0.1837610236220472
11
-0.2497359448818898
21
0.1808577559055118
0
LINE
8
BLACK
6
CONTINUOUS
10
-0.2497359448818898
20
0.1808577559055118
11
-0.2482095669291338
21
0.1780166535433071
0
LINE
8
BLACK
6
CONTINUOUS
10
-0.2482095669291338
20
0.1780166535433071
11
-0.2467638976377953
21
0.1753412598425197
0
LINE
8
BLACK
6
CONTINUOUS
10
-0.2467638976377953
20
0.1753412598425197
11
-0.2454538976377953
21
0.1729351968503937
0
LINE
8
BLACK
6
CONTINUOUS
10
-0.2454538976377953
20
0.1729351968503937
11
-0.2444920472440945
21
0.1711863385826771
0
LINE
8
BLACK
6
CONTINUOUS
10
-0.2444920472440945
20
0.1711863385826771
11
-0.2429847244094488
21
0.168463031496063
0
LINE
8
BLACK
6
CONTINUOUS
10
-0.2429847244094488
20
0.168463031496063
11
-0.2500866929133858
21
0.1684722047244094
0
LINE
8
BLACK
6
CONTINUOUS
10
-0.2500866929133858
20
0.1684722047244094
11
-0.2571886220472441
21
0.1684814173228346
0
LINE
8
BLACK
6
CONTINUOUS
10
-0.2571886220472441
20
0.1684814173228346
11
-0.263795
21
0.1812173228346457
0
LINE
8
BLACK
6
CONTINUOUS
10
-0.263795
20
0.1812173228346457
11
-0.2704013385826772
21
0.1939532283464567
0
LINE
8
BLACK
6
CONTINUOUS
10
-0.2704013385826772
20
0.1939532283464567
11
-0.2767579527559055
21
0.1940737795275591
0
LINE
8
BLACK
6
CONTINUOUS
10
-0.2767579527559055
20
0.1940737795275591
11
-0.2831145275590551
21
0.1941943700787402
0
LINE
8
BLACK
6
CONTINUOUS
10
-0.2831145275590551
20
0.1941943700787402
11
-0.2831145275590551
21
0.168463031496063
0
LINE
8
BLACK
6
CONTINUOUS
10
-0.2831145275590551
20
0.168463031496063
11
-0.2957507086614173
21
0.168463031496063
0
LINE
8
BLACK
6
CONTINUOUS
10
-0.2957507086614173
20
0.168463031496063
11
-0.2957507086614173
21
0.2045407480314961
0
LINE
8
BLACK
6
CONTINUOUS
10
-0.2957507086614173
20
0.2045407480314961
11
-0.2957507086614173
21
0.2373083464566929
0
LINE
8
BLACK
6
CONTINUOUS
10
-0.2957507086614173
20
0.2373083464566929
11
-0.2807877165354331
21
0.2373083464566929
0
LINE
8
BLACK
6
CONTINUOUS
10
-0.2807877165354331
20
0.2373083464566929
11
-0.2766998031496063
21
0.2373044881889764
0
LINE
8
BLACK
6
CONTINUOUS
10
-0.275816062992126
20
0.2046935826771653
11
-0.2731177559055118
21
0.2047558661417323
0
LINE
8
BLACK
6
CONTINUOUS
10
-0.2731177559055118
20
0.2047558661417323
11
-0.2711217322834645
21
0.2048292125984252
0
LINE
8
BLACK
6
CONTINUOUS
10
-0.2711217322834645
20
0.2048292125984252
11
-0.2696590551181102
21
0.2049385433070866
0
LINE
8
BLACK
6
CONTINUOUS
10
-0.2696590551181102
20
0.2049385433070866
11
-0.2685606692913386
21
0.2051088582677165
0
LINE
8
BLACK
6
CONTINUOUS
10
-0.2685606692913386
20
0.2051088582677165
11
-0.2676575196850394
21
0.2053650787401575
0
LINE
8
BLACK
6
CONTINUOUS
10
-0.2676575196850394
20
0.2053650787401575
11
-0.2667806299212598
21
0.2057320866141732
0
LINE
8
BLACK
6
CONTINUOUS
10
-0.2667806299212598
20
0.2057320866141732
11
-0.265922125984252
21
0.2061536614173228
0
LINE
8
BLACK
6
CONTINUOUS
10
-0.265922125984252
20
0.2061536614173228
11
-0.2634224803149606
21
0.2077511811023622
0
LINE
8
BLACK
6
CONTINUOUS
10
-0.2634224803149606
20
0.2077511811023622
11
-0.2616773622047244
21
0.2096866535433071
0
LINE
8
BLACK
6
CONTINUOUS
10
-0.2616773622047244
20
0.2096866535433071
11
-0.2606018503937008
21
0.2120639763779527
0
LINE
8
BLACK
6
CONTINUOUS
10
-0.2606018503937008
20
0.2120639763779527
11
-0.2603867716535433
21
0.2129276771653543
0
LINE
8
BLACK
6
CONTINUOUS
10
-0.2603867716535433
20
0.2129276771653543
11
-0.260053937007874
21
0.2161901181102362
0
LINE
8
BLACK
6
CONTINUOUS
10
-0.260053937007874
20
0.2161901181102362
11
-0.2604403149606299
21
0.2191656299212598
0
LINE
8
BLACK
6
CONTINUOUS
10
-0.2604403149606299
20
0.2191656299212598
11
-0.2615067716535433
21
0.2217599606299213
0
LINE
8
BLACK
6
CONTINUOUS
10
-0.2615067716535433
20
0.2217599606299213
11
-0.263214251968504
21
0.2238788582677165
0
LINE
8
BLACK
6
CONTINUOUS
10
-0.263214251968504
20
0.2238788582677165
11
-0.2655235826771654
21
0.2254281102362205
0
LINE
8
BLACK
6
CONTINUOUS
10
-0.2655235826771654
20
0.2254281102362205
11
-0.2655844488188976
21
0.2254567322834646
0
LINE
8
BLACK
6
CONTINUOUS
10
-0.2655844488188976
20
0.2254567322834646
11
-0.2665504330708661
21
0.2258843307086614
0
LINE
8
BLACK
6
CONTINUOUS
10
-0.2665504330708661
20
0.2258843307086614
11
-0.2674475196850394
21
0.2261969291338582
0
LINE
8
BLACK
6
CONTINUOUS
10
-0.2674475196850394
20
0.2261969291338582
11
-0.2684415748031496
21
0.2264164566929134
0
LINE
8
BLACK
6
CONTINUOUS
10
-0.2684415748031496
20
0.2264164566929134
11
-0.2696986220472441
21
0.2265648031496063
0
LINE
8
BLACK
6
CONTINUOUS
10
-0.2696986220472441
20
0.2265648031496063
11
-0.2713845275590551
21
0.226663937007874
0
LINE
8
BLACK
6
CONTINUOUS
10
-0.2713845275590551
20
0.226663937007874
11
-0.2736653149606299
21
0.2267357480314961
0
LINE
8
BLACK
6
CONTINUOUS
10
-0.2736653149606299
20
0.2267357480314961
11
-0.2755981889763779
21
0.2267792519685039
0
LINE
8
BLACK
6
CONTINUOUS
10
-0.2755981889763779
20
0.2267792519685039
11
-0.2831145275590551
21
0.2269370472440945
0
LINE
8
BLACK
6
CONTINUOUS
10
-0.2831145275590551
20
0.2269370472440945
11
-0.2831145275590551
21
0.2045407480314961
0
LINE
8
BLACK
6
CONTINUOUS
10
-0.2831145275590551
20
0.2045407480314961
11
-0.275816062992126
21
0.2046935826771653
0
LINE
8
BLACK
6
CONTINUOUS
10
-0.2017612992125984
20
0.2373005905511811
11
-0.1979198818897638
21
0.2372814566929134
0
LINE
8
BLACK
6
CONTINUOUS
10
-0.1979198818897638
20
0.2372814566929134
11
-0.1944424803149606
21
0.237251062992126
0
LINE
8
BLACK
6
CONTINUOUS
10
-0.1944424803149606
20
0.237251062992126
11
-0.1914144881889764
21
0.2372107480314961
0
LINE
8
BLACK
6
CONTINUOUS
10
-0.1914144881889764
20
0.2372107480314961
11
-0.1889212598425197
21
0.2371618897637795
0
LINE
8
BLACK
6
CONTINUOUS
10
-0.1889212598425197
20
0.2371618897637795
11
-0.187048188976378
21
0.2371058661417323
0
LINE
8
BLACK
6
CONTINUOUS
10
-0.187048188976378
20
0.2371058661417323
11
-0.1858806299212598
21
0.2370440157480315
0
LINE
8
BLACK
6
CONTINUOUS
10
-0.1858806299212598
20
0.2370440157480315
11
-0.1855026771653543
21
0.2369815354330709
0
LINE
8
BLACK
6
CONTINUOUS
10
-0.1855026771653543
20
0.2369815354330709
11
-0.1855688188976378
21
0.2364528346456693
0
LINE
8
BLACK
6
CONTINUOUS
10
-0.1855688188976378
20
0.2364528346456693
11
-0.185755905511811
21
0.2352342519685039
0
LINE
8
BLACK
6
CONTINUOUS
10
-0.185755905511811
20
0.2352342519685039
11
-0.1860370472440945
21
0.2334947244094488
0
LINE
8
BLACK
6
CONTINUOUS
10
-0.1860370472440945
20
0.2334947244094488
11
-0.1863853149606299
21
0.2314031496062992
0
LINE
8
BLACK
6
CONTINUOUS
10
-0.1863853149606299
20
0.2314031496062992
11
-0.1864725590551181
21
0.2308871653543307
0
LINE
8
BLACK
6
CONTINUOUS
10
-0.1864725590551181
20
0.2308871653543307
11
-0.1874508267716535
21
0.2251195669291338
0
LINE
8
BLACK
6
CONTINUOUS
10
-0.1874508267716535
20
0.2251195669291338
11
-0.2015994881889764
21
0.2250048031496063
0
LINE
8
BLACK
6
CONTINUOUS
10
-0.2015994881889764
20
0.2250048031496063
11
-0.2157481102362205
21
0.2248900393700787
0
LINE
8
BLACK
6
CONTINUOUS
10
-0.2157481102362205
20
0.2248900393700787
11
-0.2169483858267716
21
0.218354094488189
0
LINE
8
BLACK
6
CONTINUOUS
10
-0.2169483858267716
20
0.218354094488189
11
-0.2173691338582677
21
0.2160216535433071
0
LINE
8
BLACK
6
CONTINUOUS
10
-0.2173691338582677
20
0.2160216535433071
11
-0.2177283464566929
21
0.2139525196850394
0
LINE
8
BLACK
6
CONTINUOUS
10
-0.2177283464566929
20
0.2139525196850394
11
-0.2179974803149606
21
0.2123170866141732
0
LINE
8
BLACK
6
CONTINUOUS
10
-0.2179974803149606
20
0.2123170866141732
11
-0.2181479921259842
21
0.211285905511811
0
LINE
8
BLACK
6
CONTINUOUS
10
-0.2181479921259842
20
0.211285905511811
11
-0.2181696850393701
21
0.2110556299212598
0
LINE
8
BLACK
6
CONTINUOUS
10
-0.2181696850393701
20
0.2110556299212598
11
-0.218122125984252
21
0.2108202755905512
0
LINE
8
BLACK
6
CONTINUOUS
10
-0.218122125984252
20
0.2108202755905512
11
-0.2178985826771654
21
0.2106388188976378
0
LINE
8
BLACK
6
CONTINUOUS
10
-0.2178985826771654
20
0.2106388188976378
11
-0.2173998818897638
21
0.2105042913385827
0
LINE
8
BLACK
6
CONTINUOUS
10
-0.2173998818897638
20
0.2105042913385827
11
-0.2165268503937008
21
0.2104098031496063
0
LINE
8
BLACK
6
CONTINUOUS
10
-0.2165268503937008
20
0.2104098031496063
11
-0.2151801968503937
21
0.2103483858267716
0
LINE
8
BLACK
6
CONTINUOUS
10
-0.2151801968503937
20
0.2103483858267716
11
-0.2132607480314961
21
0.2103130708661417
0
LINE
8
BLACK
6
CONTINUOUS
10
-0.2132607480314961
20
0.2103130708661417
11
-0.2106692913385827
21
0.210296968503937
0
LINE
8
BLACK
6
CONTINUOUS
10
-0.2106692913385827
20
0.210296968503937
11
-0.2073066141732283
21
0.2102930708661417
0
LINE
8
BLACK
6
CONTINUOUS
10
-0.2073066141732283
20
0.2102930708661417
11
-0.2072681889763779
21
0.2102930708661417
0
LINE
8
BLACK
6
CONTINUOUS
10
-0.2072681889763779
20
0.2102930708661417
11
-0.2039024409448819
21
0.2102896062992126
0
LINE
8
BLACK
6
CONTINUOUS
10
-0.2039024409448819
20
0.2102896062992126
11
-0.2013107874015748
21
0.2102745275590551
0
LINE
8
BLACK
6
CONTINUOUS
10
-0.2013107874015748
20
0.2102745275590551
11
-0.1993957874015748
21
0.210240905511811
0
LINE
8
BLACK
6
CONTINUOUS
10
-0.1993957874015748
20
0.210240905511811
11
-0.1980601181102362
21
0.2101818503937008
0
LINE
8
BLACK
6
CONTINUOUS
10
-0.1980601181102362
20
0.2101818503937008
11
-0.1972063779527559
21
0.2100903149606299
0
LINE
8
BLACK
6
CONTINUOUS
10
-0.1972063779527559
20
0.2100903149606299
11
-0.1967371653543307
21
0.2099594881889764
0
LINE
8
BLACK
6
CONTINUOUS
10
-0.1967371653543307
20
0.2099594881889764
11
-0.1965551181102362
21
0.2097823228346457
0
LINE
8
BLACK
6
CONTINUOUS
10
-0.1965551181102362
20
0.2097823228346457
11
-0.1965628346456693
21
0.209551968503937
0
LINE
8
BLACK
6
CONTINUOUS
10
-0.1965628346456693
20
0.209551968503937
11
-0.1965688582677165
21
0.2095305511811024
0
LINE
8
BLACK
6
CONTINUOUS
10
-0.1965688582677165
20
0.2095305511811024
11
-0.1967139763779528
21
0.2088748818897638
0
LINE
8
BLACK
6
CONTINUOUS
10
-0.1967139763779528
20
0.2088748818897638
11
-0.1969638582677165
21
0.2075945669291339
0
LINE
8
BLACK
6
CONTINUOUS
10
-0.1969638582677165
20
0.2075945669291339
11
-0.1972812598425197
21
0.2058962992125984
0
LINE
8
BLACK
6
CONTINUOUS
10
-0.1972812598425197
20
0.2058962992125984
11
-0.197629094488189
21
0.203986811023622
0
LINE
8
BLACK
6
CONTINUOUS
10
-0.197629094488189
20
0.203986811023622
11
-0.1979701181102362
21
0.2020727952755905
0
LINE
8
BLACK
6
CONTINUOUS
10
-0.1979701181102362
20
0.2020727952755905
11
-0.1982672047244095
21
0.2003609842519685
0
LINE
8
BLACK
6
CONTINUOUS
10
-0.1982672047244095
20
0.2003609842519685
11
-0.1984831496062992
21
0.1990581102362205
0
LINE
8
BLACK
6
CONTINUOUS
10
-0.1984831496062992
20
0.1990581102362205
11
-0.1985807874015748
21
0.1983707874015748
0
LINE
8
BLACK
6
CONTINUOUS
10
-0.1985807874015748
20
0.1983707874015748
11
-0.1985829527559055
21
0.1983309842519685
0
LINE
8
BLACK
6
CONTINUOUS
10
-0.1985829527559055
20
0.1983309842519685
11
-0.1989993307086614
21
0.1982661023622047
0
LINE
8
BLACK
6
CONTINUOUS
10
-0.1989993307086614
20
0.1982661023622047
11
-0.200171062992126
21
0.1982079133858268
0
LINE
8
BLACK
6
CONTINUOUS
10
-0.200171062992126
20
0.1982079133858268
11
-0.2019820472440945
21
0.1981588976377953
0
LINE
8
BLACK
6
CONTINUOUS
10
-0.2019820472440945
20
0.1981588976377953
11
-0.2043162598425197
21
0.1981215748031496
0
LINE
8
BLACK
6
CONTINUOUS
10
-0.2043162598425197
20
0.1981215748031496
11
-0.2070575196850394
21
0.1980985039370079
0
LINE
8
BLACK
6
CONTINUOUS
10
-0.2070575196850394
20
0.1980985039370079
11
-0.2095851181102362
21
0.198091968503937
0
LINE
8
BLACK
6
CONTINUOUS
10
-0.2095851181102362
20
0.198091968503937
11
-0.2205873228346457
21
0.1980912598425197
0
LINE
8
BLACK
6
CONTINUOUS
10
-0.2205873228346457
20
0.1980912598425197
11
-0.2222633858267717
21
0.188396968503937
0
LINE
8
BLACK
6
CONTINUOUS
10
-0.2222633858267717
20
0.188396968503937
11
-0.2228163779527559
21
0.1852013779527559
0
LINE
8
BLACK
6
CONTINUOUS
10
-0.2228163779527559
20
0.1852013779527559
11
-0.2233832677165354
21
0.1819311023622047
0
LINE
8
BLACK
6
CONTINUOUS
10
-0.2233832677165354
20
0.1819311023622047
11
-0.2239252362204724
21
0.1788091338582677
0
LINE
8
BLACK
6
CONTINUOUS
10
-0.2239252362204724
20
0.1788091338582677
11
-0.2244036614173228
21
0.1760583464566929
0
LINE
8
BLACK
6
CONTINUOUS
10
-0.2244036614173228
20
0.1760583464566929
11
-0.224779842519685
21
0.1739017322834646
0
LINE
8
BLACK
6
CONTINUOUS
10
-0.224779842519685
20
0.1739017322834646
11
-0.2248355905511811
21
0.1735828346456693
0
LINE
8
BLACK
6
CONTINUOUS
10
-0.2248355905511811
20
0.1735828346456693
11
-0.2257317716535433
21
0.168463031496063
0
LINE
8
BLACK
6
CONTINUOUS
10
-0.2257317716535433
20
0.168463031496063
11
-0.2320338582677165
21
0.168463031496063
0
LINE
8
BLACK
6
CONTINUOUS
10
-0.2320338582677165
20
0.168463031496063
11
-0.2344897244094488
21
0.1684664960629921
0
LINE
8
BLACK
6
CONTINUOUS
10
-0.2344897244094488
20
0.1684664960629921
11
-0.2362025590551181
21
0.1684905905511811
0
LINE
8
BLACK
6
CONTINUOUS
10
-0.2362025590551181
20
0.1684905905511811
11
-0.2373008661417323
21
0.168555905511811
0
LINE
8
BLACK
6
CONTINUOUS
10
-0.2373008661417323
20
0.168555905511811
11
-0.2379130708661417
21
0.168683031496063
0
LINE
8
BLACK
6
CONTINUOUS
10
-0.2379130708661417
20
0.168683031496063
11
-0.2381675984251969
21
0.1688925590551181
0
LINE
8
BLACK
6
CONTINUOUS
10
-0.2381675984251969
20
0.1688925590551181
11
-0.2381929133858268
21
0.1692050393700787
0
LINE
8
BLACK
6
CONTINUOUS
10
-0.2381929133858268
20
0.1692050393700787
11
-0.238152874015748
21
0.1694434251968504
0
LINE
8
BLACK
6
CONTINUOUS
10
-0.238152874015748
20
0.1694434251968504
11
-0.238050157480315
21
0.1700195669291339
0
LINE
8
BLACK
6
CONTINUOUS
10
-0.238050157480315
20
0.1700195669291339
11
-0.237808937007874
21
0.1713864566929134
0
LINE
8
BLACK
6
CONTINUOUS
10
-0.237808937007874
20
0.1713864566929134
11
-0.2374411811023622
21
0.1734764173228346
0
LINE
8
BLACK
6
CONTINUOUS
10
-0.2374411811023622
20
0.1734764173228346
11
-0.2369587401574803
21
0.1762217716535433
0
LINE
8
BLACK
6
CONTINUOUS
10
-0.2369587401574803
20
0.1762217716535433
11
-0.2363734645669291
21
0.179554842519685
0
LINE
8
BLACK
6
CONTINUOUS
10
-0.2363734645669291
20
0.179554842519685
11
-0.2356972440944882
21
0.1834079921259842
0
LINE
8
BLACK
6
CONTINUOUS
10
-0.2356972440944882
20
0.1834079921259842
11
-0.234941968503937
21
0.1877135433070866
0
LINE
8
BLACK
6
CONTINUOUS
10
-0.234941968503937
20
0.1877135433070866
11
-0.2341194881889764
21
0.1924038188976378
0
LINE
8
BLACK
6
CONTINUOUS
10
-0.2341194881889764
20
0.1924038188976378
11
-0.2332417322834646
21
0.1974111811023622
0
LINE
8
BLACK
6
CONTINUOUS
10
-0.2332417322834646
20
0.1974111811023622
11
-0.2323205118110236
21
0.2026679133858268
0
LINE
8
BLACK
6
CONTINUOUS
10
-0.2323205118110236
20
0.2026679133858268
11
-0.2321107874015748
21
0.203864842519685
0
LINE
8
BLACK
6
CONTINUOUS
10
-0.2321107874015748
20
0.203864842519685
11
-0.226251811023622
21
0.237305905511811
0
LINE
8
BLACK
6
CONTINUOUS
10
-0.226251811023622
20
0.237305905511811
11
-0.2058814173228346
21
0.237307125984252
0
LINE
8
BLACK
6
CONTINUOUS
10
-0.2058814173228346
20
0.237307125984252
11
-0.2017612992125984
21
0.2373005905511811
0
LINE
8
BLACK
6
CONTINUOUS
10
-0.1711403937007874
20
0.2372245275590551
11
-0.17041
21
0.2372117322834646
0
LINE
8
BLACK
6
CONTINUOUS
10
-0.17041
20
0.2372117322834646
11
-0.1643387007874016
21
0.2370904724409449
0
LINE
8
BLACK
6
CONTINUOUS
10
-0.1643387007874016
20
0.2370904724409449
11
-0.1690016535433071
21
0.2105109448818898
0
LINE
8
BLACK
6
CONTINUOUS
10
-0.1690016535433071
20
0.2105109448818898
11
-0.169833937007874
21
0.2057647244094488
0
LINE
8
BLACK
6
CONTINUOUS
10
-0.169833937007874
20
0.2057647244094488
11
-0.170627125984252
21
0.2012375196850394
0
LINE
8
BLACK
6
CONTINUOUS
10
-0.170627125984252
20
0.2012375196850394
11
-0.1713673622047244
21
0.1970084251968504
0
LINE
8
BLACK
6
CONTINUOUS
10
-0.1713673622047244
20
0.1970084251968504
11
-0.172040905511811
21
0.1931565354330709
0
LINE
8
BLACK
6
CONTINUOUS
10
-0.172040905511811
20
0.1931565354330709
11
-0.1726338976377953
21
0.1897609842519685
0
LINE
8
BLACK
6
CONTINUOUS
10
-0.1726338976377953
20
0.1897609842519685
11
-0.1731325196850394
21
0.1869008661417323
0
LINE
8
BLACK
6
CONTINUOUS
10
-0.1731325196850394
20
0.1869008661417323
11
-0.1735229921259842
21
0.1846553149606299
0
LINE
8
BLACK
6
CONTINUOUS
10
-0.1735229921259842
20
0.1846553149606299
11
-0.1737914566929134
21
0.1831034645669291
0
LINE
8
BLACK
6
CONTINUOUS
10
-0.1737914566929134
20
0.1831034645669291
11
-0.173924094488189
21
0.1823243700787402
0
LINE
8
BLACK
6
CONTINUOUS
10
-0.173924094488189
20
0.1823243700787402
11
-0.1739284645669291
21
0.1822974409448819
0
LINE
8
BLACK
6
CONTINUOUS
10
-0.1739284645669291
20
0.1822974409448819
11
-0.1741923622047244
21
0.1806634645669291
0
LINE
8
BLACK
6
CONTINUOUS
10
-0.1741923622047244
20
0.1806634645669291
11
-0.1624225196850394
21
0.1806634645669291
0
LINE
8
BLACK
6
CONTINUOUS
10
-0.1624225196850394
20
0.1806634645669291
11
-0.1588957480314961
21
0.1806592125984252
0
LINE
8
BLACK
6
CONTINUOUS
10
-0.1588957480314961
20
0.1806592125984252
11
-0.1561457086614173
21
0.1806426771653543
0
LINE
8
BLACK
6
CONTINUOUS
10
-0.1561457086614173
20
0.1806426771653543
11
-0.1540776771653543
21
0.1806081496062992
0
LINE
8
BLACK
6
CONTINUOUS
10
-0.1540776771653543
20
0.1806081496062992
11
-0.1525969291338583
21
0.1805498818897638
0
LINE
8
BLACK
6
CONTINUOUS
10
-0.1525969291338583
20
0.1805498818897638
11
-0.1516087795275591
21
0.1804621653543307
0
LINE
8
BLACK
6
CONTINUOUS
10
-0.1516087795275591
20
0.1804621653543307
11
-0.1510185433070866
21
0.1803392519685039
0
LINE
8
BLACK
6
CONTINUOUS
10
-0.1510185433070866
20
0.1803392519685039
11
-0.1507314566929134
21
0.1801754330708661
0
LINE
8
BLACK
6
CONTINUOUS
10
-0.1507314566929134
20
0.1801754330708661
11
-0.1506528346456693
21
0.179965
0
LINE
8
BLACK
6
CONTINUOUS
10
-0.1506528346456693
20
0.179965
11
-0.1506526771653543
21
0.1799522834645669
0
LINE
8
BLACK
6
CONTINUOUS
10
-0.1506526771653543
20
0.1799522834645669
11
-0.1507255511811024
21
0.1792663779527559
0
LINE
8
BLACK
6
CONTINUOUS
10
-0.1507255511811024
20
0.1792663779527559
11
-0.1509242913385827
21
0.1779146850393701
0
LINE
8
BLACK
6
CONTINUOUS
10
-0.1509242913385827
20
0.1779146850393701
11
-0.151219094488189
21
0.1760887401574803
0
LINE
8
BLACK
6
CONTINUOUS
10
-0.151219094488189
20
0.1760887401574803
11
-0.1515800393700787
21
0.1739802755905512
0
LINE
8
BLACK
6
CONTINUOUS
10
-0.1515800393700787
20
0.1739802755905512
11
-0.1516025984251969
21
0.1738520866141732
0
LINE
8
BLACK
6
CONTINUOUS
10
-0.1516025984251969
20
0.1738520866141732
11
-0.1525525590551181
21
0.168463031496063
0
LINE
8
BLACK
6
CONTINUOUS
10
-0.1525525590551181
20
0.168463031496063
11
-0.1707747244094488
21
0.168463031496063
0
LINE
8
BLACK
6
CONTINUOUS
10
-0.1707747244094488
20
0.168463031496063
11
-0.174663779527559
21
0.1684655511811023
0
LINE
8
BLACK
6
CONTINUOUS
10
-0.174663779527559
20
0.1684655511811023
11
-0.1782684251968504
21
0.1684727165354331
0
LINE
8
BLACK
6
CONTINUOUS
10
-0.1782684251968504
20
0.1684727165354331
11
-0.1814985826771653
21
0.1684840157480315
0
LINE
8
BLACK
6
CONTINUOUS
10
-0.1814985826771653
20
0.1684840157480315
11
-0.1842641338582677
21
0.168498937007874
0
LINE
8
BLACK
6
CONTINUOUS
10
-0.1842641338582677
20
0.168498937007874
11
-0.1864749212598425
21
0.1685168897637795
0
LINE
8
BLACK
6
CONTINUOUS
10
-0.1864749212598425
20
0.1685168897637795
11
-0.1880408661417323
21
0.1685373622047244
0
LINE
8
BLACK
6
CONTINUOUS
10
-0.1880408661417323
20
0.1685373622047244
11
-0.188871811023622
21
0.1685598031496063
0
LINE
8
BLACK
6
CONTINUOUS
10
-0.188871811023622
20
0.1685598031496063
11
-0.1889835433070866
21
0.168571968503937
0
LINE
8
BLACK
6
CONTINUOUS
10
-0.1889835433070866
20
0.168571968503937
11
-0.1888697637795275
21
0.1693083070866142
0
LINE
8
BLACK
6
CONTINUOUS
10
-0.1888697637795275
20
0.1693083070866142
11
-0.18862
21
0.1707950787401575
0
LINE
8
BLACK
6
CONTINUOUS
10
-0.18862
20
0.1707950787401575
11
-0.1882482283464567
21
0.1729535433070866
0
LINE
8
BLACK
6
CONTINUOUS
10
-0.1882482283464567
20
0.1729535433070866
11
-0.1877686220472441
21
0.1757050787401575
0
LINE
8
BLACK
6
CONTINUOUS
10
-0.1877686220472441
20
0.1757050787401575
11
-0.1871951968503937
21
0.1789710236220473
0
LINE
8
BLACK
6
CONTINUOUS
10
-0.1871951968503937
20
0.1789710236220473
11
-0.1865420472440945
21
0.1826726771653543
0
LINE
8
BLACK
6
CONTINUOUS
10
-0.1865420472440945
20
0.1826726771653543
11
-0.1858232283464567
21
0.1867314173228346
0
LINE
8
BLACK
6
CONTINUOUS
10
-0.1858232283464567
20
0.1867314173228346
11
-0.1850528346456693
21
0.1910685826771653
0
LINE
8
BLACK
6
CONTINUOUS
10
-0.1850528346456693
20
0.1910685826771653
11
-0.1842449606299213
21
0.1956055118110236
0
LINE
8
BLACK
6
CONTINUOUS
10
-0.1842449606299213
20
0.1956055118110236
11
-0.1834136220472441
21
0.2002635039370079
0
LINE
8
BLACK
6
CONTINUOUS
10
-0.1834136220472441
20
0.2002635039370079
11
-0.1825729921259842
21
0.2049638976377953
0
LINE
8
BLACK
6
CONTINUOUS
10
-0.1825729921259842
20
0.2049638976377953
11
-0.1817370472440945
21
0.2096281102362205
0
LINE
8
BLACK
6
CONTINUOUS
10
-0.1817370472440945
20
0.2096281102362205
11
-0.1809198818897638
21
0.2141773622047244
0
LINE
8
BLACK
6
CONTINUOUS
10
-0.1809198818897638
20
0.2141773622047244
11
-0.1801356299212598
21
0.2185331102362205
0
LINE
8
BLACK
6
CONTINUOUS
10
-0.1801356299212598
20
0.2185331102362205
11
-0.1793983070866142
21
0.2226165748031496
0
LINE
8
BLACK
6
CONTINUOUS
10
-0.1793983070866142
20
0.2226165748031496
11
-0.1787220078740157
21
0.2263492125984252
0
LINE
8
BLACK
6
CONTINUOUS
10
-0.1787220078740157
20
0.2263492125984252
11
-0.1781208267716535
21
0.2296522440944882
0
LINE
8
BLACK
6
CONTINUOUS
10
-0.1781208267716535
20
0.2296522440944882
11
-0.177608779527559
21
0.2324470866141732
0
LINE
8
BLACK
6
CONTINUOUS
10
-0.177608779527559
20
0.2324470866141732
11
-0.1772000393700787
21
0.2346550393700787
0
LINE
8
BLACK
6
CONTINUOUS
10
-0.1772000393700787
20
0.2346550393700787
11
-0.1769085826771654
21
0.2361974803149606
0
LINE
8
BLACK
6
CONTINUOUS
10
-0.1769085826771654
20
0.2361974803149606
11
-0.1767485433070866
21
0.2369957086614173
0
LINE
8
BLACK
6
CONTINUOUS
10
-0.1767485433070866
20
0.2369957086614173
11
-0.176723188976378
21
0.2370911023622047
0
LINE
8
BLACK
6
CONTINUOUS
10
-0.176723188976378
20
0.2370911023622047
11
-0.1762226771653543
21
0.2371703543307087
0
LINE
8
BLACK
6
CONTINUOUS
10
-0.1762226771653543
20
0.2371703543307087
11
-0.1750156299212599
21
0.237221062992126
0
LINE
8
BLACK
6
CONTINUOUS
10
-0.1750156299212599
20
0.237221062992126
11
-0.1732666535433071
21
0.2372401968503937
0
LINE
8
BLACK
6
CONTINUOUS
10
-0.1732666535433071
20
0.2372401968503937
11
-0.1711403937007874
21
0.2372245275590551
0
LINE
8
BLACK
6
CONTINUOUS
10
-0.0953338976377953
20
0.237281968503937
11
-0.0934441732283465
21
0.2372285039370079
0
LINE
8
BLACK
6
CONTINUOUS
10
-0.0934441732283465
20
0.2372285039370079
11
-0.0922615748031496
21
0.2371271653543307
0
LINE
8
BLACK
6
CONTINUOUS
10
-0.0922615748031496
20
0.2371271653543307
11
-0.0917043700787402
21
0.2369715748031496
0
LINE
8
BLACK
6
CONTINUOUS
10
-0.0917043700787402
20
0.2369715748031496
11
-0.0916566929133858
21
0.236799094488189
0
LINE
8
BLACK
6
CONTINUOUS
10
-0.0916566929133858
20
0.236799094488189
11
-0.0919767716535433
21
0.2363664566929134
0
LINE
8
BLACK
6
CONTINUOUS
10
-0.0919767716535433
20
0.2363664566929134
11
-0.0927806299212598
21
0.2353107480314961
0
LINE
8
BLACK
6
CONTINUOUS
10
-0.0927806299212598
20
0.2353107480314961
11
-0.0940178346456693
21
0.2336974015748031
0
LINE
8
BLACK
6
CONTINUOUS
10
-0.0940178346456693
20
0.2336974015748031
11
-0.0956379527559055
21
0.2315918897637795
0
LINE
8
BLACK
6
CONTINUOUS
10
-0.0956379527559055
20
0.2315918897637795
11
-0.0975905511811024
21
0.2290596456692913
0
LINE
8
BLACK
6
CONTINUOUS
10
-0.0975905511811024
20
0.2290596456692913
11
-0.0998251968503937
21
0.226166062992126
0
LINE
8
BLACK
6
CONTINUOUS
10
-0.0998251968503937
20
0.226166062992126
11
-0.1022914173228346
21
0.2229766929133858
0
LINE
8
BLACK
6
CONTINUOUS
10
-0.1022914173228346
20
0.2229766929133858
11
-0.104938779527559
21
0.2195568897637795
0
LINE
8
BLACK
6
CONTINUOUS
10
-0.104938779527559
20
0.2195568897637795
11
-0.1062082283464567
21
0.2179183464566929
0
LINE
8
BLACK
6
CONTINUOUS
10
-0.1062082283464567
20
0.2179183464566929
11
-0.1089194881889764
21
0.214418188976378
0
LINE
8
BLACK
6
CONTINUOUS
10
-0.1089194881889764
20
0.214418188976378
11
-0.111470905511811
21
0.2111214960629921
0
LINE
8
BLACK
6
CONTINUOUS
10
-0.111470905511811
20
0.2111214960629921
11
-0.1138122834645669
21
0.2080932677165354
0
LINE
8
BLACK
6
CONTINUOUS
10
-0.1138122834645669
20
0.2080932677165354
11
-0.1158935826771653
21
0.2053985039370079
0
LINE
8
BLACK
6
CONTINUOUS
10
-0.1158935826771653
20
0.2053985039370079
11
-0.1176646062992126
21
0.2031020866141732
0
LINE
8
BLACK
6
CONTINUOUS
10
-0.1176646062992126
20
0.2031020866141732
11
-0.1190752755905512
21
0.2012690551181102
0
LINE
8
BLACK
6
CONTINUOUS
10
-0.1190752755905512
20
0.2012690551181102
11
-0.1200754330708661
21
0.1999643700787402
0
LINE
8
BLACK
6
CONTINUOUS
10
-0.1200754330708661
20
0.1999643700787402
11
-0.120615
21
0.1992529527559055
0
LINE
8
BLACK
6
CONTINUOUS
10
-0.120615
20
0.1992529527559055
11
-0.1206950393700787
21
0.1991422834645669
0
LINE
8
BLACK
6
CONTINUOUS
10
-0.1206950393700787
20
0.1991422834645669
11
-0.1208101968503937
21
0.1986642519685039
0
LINE
8
BLACK
6
CONTINUOUS
10
-0.1208101968503937
20
0.1986642519685039
11
-0.1210558661417323
21
0.1974477559055118
0
LINE
8
BLACK
6
CONTINUOUS
10
-0.1210558661417323
20
0.1974477559055118
11
-0.1214102362204724
21
0.1956122440944882
0
LINE
8
BLACK
6
CONTINUOUS
10
-0.1214102362204724
20
0.1956122440944882
11
-0.1218515748031496
21
0.1932772834645669
0
LINE
8
BLACK
6
CONTINUOUS
10
-0.1218515748031496
20
0.1932772834645669
11
-0.1223579921259842
21
0.1905623622047244
0
LINE
8
BLACK
6
CONTINUOUS
10
-0.1223579921259842
20
0.1905623622047244
11
-0.1229077165354331
21
0.1875870866141732
0
LINE
8
BLACK
6
CONTINUOUS
10
-0.1229077165354331
20
0.1875870866141732
11
-0.1234788976377953
21
0.184470905511811
0
LINE
8
BLACK
6
CONTINUOUS
10
-0.1234788976377953
20
0.184470905511811
11
-0.1240498031496063
21
0.1813334251968504
0
LINE
8
BLACK
6
CONTINUOUS
10
-0.1240498031496063
20
0.1813334251968504
11
-0.1245985826771654
21
0.178294094488189
0
LINE
8
BLACK
6
CONTINUOUS
10
-0.1245985826771654
20
0.178294094488189
11
-0.1251033858267717
21
0.1754724803149606
0
LINE
8
BLACK
6
CONTINUOUS
10
-0.1251033858267717
20
0.1754724803149606
11
-0.1255424803149606
21
0.1729881102362205
0
LINE
8
BLACK
6
CONTINUOUS
10
-0.1255424803149606
20
0.1729881102362205
11
-0.1258939763779527
21
0.1709605118110236
0
LINE
8
BLACK
6
CONTINUOUS
10
-0.1258939763779527
20
0.1709605118110236
11
-0.1261361417322835
21
0.1695092125984252
0
LINE
8
BLACK
6
CONTINUOUS
10
-0.1261361417322835
20
0.1695092125984252
11
-0.1262470866141732
21
0.1687537401574803
0
LINE
8
BLACK
6
CONTINUOUS
10
-0.1262470866141732
20
0.1687537401574803
11
-0.126251811023622
21
0.1686884251968504
0
LINE
8
BLACK
6
CONTINUOUS
10
-0.126251811023622
20
0.1686884251968504
11
-0.1266620078740157
21
0.168608779527559
0
LINE
8
BLACK
6
CONTINUOUS
10
-0.1266620078740157
20
0.168608779527559
11
-0.1277905511811024
21
0.1685414960629921
0
LINE
8
BLACK
6
CONTINUOUS
10
-0.1277905511811024
20
0.1685414960629921
11
-0.1294843307086614
21
0.1684920078740157
0
LINE
8
BLACK
6
CONTINUOUS
10
-0.1294843307086614
20
0.1684920078740157
11
-0.1315902755905512
21
0.1684657874015748
0
LINE
8
BLACK
6
CONTINUOUS
10
-0.1315902755905512
20
0.1684657874015748
11
-0.1325781889763779
21
0.168463031496063
0
LINE
8
BLACK
6
CONTINUOUS
10
-0.1325781889763779
20
0.168463031496063
11
-0.1389045669291339
21
0.168463031496063
0
LINE
8
BLACK
6
CONTINUOUS
10
-0.1389045669291339
20
0.168463031496063
11
-0.1386766535433071
21
0.1694434251968504
0
LINE
8
BLACK
6
CONTINUOUS
10
-0.1386766535433071
20
0.1694434251968504
11
-0.1385161811023622
21
0.1702433070866142
0
LINE
8
BLACK
6
CONTINUOUS
10
-0.1385161811023622
20
0.1702433070866142
11
-0.138240157480315
21
0.1717378346456693
0
LINE
8
BLACK
6
CONTINUOUS
10
-0.138240157480315
20
0.1717378346456693
11
-0.1378698818897638
21
0.1738027952755906
0
LINE
8
BLACK
6
CONTINUOUS
10
-0.1378698818897638
20
0.1738027952755906
11
-0.1374266929133858
21
0.1763138976377953
0
LINE
8
BLACK
6
CONTINUOUS
10
-0.1374266929133858
20
0.1763138976377953
11
-0.136931968503937
21
0.1791468897637795
0
LINE
8
BLACK
6
CONTINUOUS
10
-0.136931968503937
20
0.1791468897637795
11
-0.1364070078740157
21
0.1821775590551181
0
LINE
8
BLACK
6
CONTINUOUS
10
-0.1364070078740157
20
0.1821775590551181
11
-0.1358731102362205
21
0.1852816535433071
0
LINE
8
BLACK
6
CONTINUOUS
10
-0.1358731102362205
20
0.1852816535433071
11
-0.1353516535433071
21
0.1883349212598425
0
LINE
8
BLACK
6
CONTINUOUS
10
-0.1353516535433071
20
0.1883349212598425
11
-0.1348639763779527
21
0.1912130708661417
0
LINE
8
BLACK
6
CONTINUOUS
10
-0.1348639763779527
20
0.1912130708661417
11
-0.1344313779527559
21
0.1937918897637795
0
LINE
8
BLACK
6
CONTINUOUS
10
-0.1344313779527559
20
0.1937918897637795
11
-0.1340752362204724
21
0.1959470866141732
0
LINE
8
BLACK
6
CONTINUOUS
10
-0.1340752362204724
20
0.1959470866141732
11
-0.1338168110236221
21
0.1975544881889764
0
LINE
8
BLACK
6
CONTINUOUS
10
-0.1338168110236221
20
0.1975544881889764
11
-0.1336775196850394
21
0.1984897637795276
0
LINE
8
BLACK
6
CONTINUOUS
10
-0.1336775196850394
20
0.1984897637795276
11
-0.1336592125984252
21
0.1986662992125984
0
LINE
8
BLACK
6
CONTINUOUS
10
-0.1336592125984252
20
0.1986662992125984
11
-0.1338238188976378
21
0.1991918503937008
0
LINE
8
BLACK
6
CONTINUOUS
10
-0.1338238188976378
20
0.1991918503937008
11
-0.1342951181102362
21
0.200436062992126
0
LINE
8
BLACK
6
CONTINUOUS
10
-0.1342951181102362
20
0.200436062992126
11
-0.1350390551181102
21
0.2023153937007874
0
LINE
8
BLACK
6
CONTINUOUS
10
-0.1350390551181102
20
0.2023153937007874
11
-0.1360217716535433
21
0.2047464173228346
0
LINE
8
BLACK
6
CONTINUOUS
10
-0.1360217716535433
20
0.2047464173228346
11
-0.1372092125984252
21
0.2076455511811024
0
LINE
8
BLACK
6
CONTINUOUS
10
-0.1372092125984252
20
0.2076455511811024
11
-0.1385675196850394
21
0.2109293700787402
0
LINE
8
BLACK
6
CONTINUOUS
10
-0.1385675196850394
20
0.2109293700787402
11
-0.1400627165354331
21
0.2145143307086614
0
LINE
8
BLACK
6
CONTINUOUS
10
-0.1400627165354331
20
0.2145143307086614
11
-0.1413383858267717
21
0.2175520078740157
0
LINE
8
BLACK
6
CONTINUOUS
10
-0.1413383858267717
20
0.2175520078740157
11
-0.1429251968503937
21
0.221324842519685
0
LINE
8
BLACK
6
CONTINUOUS
10
-0.1429251968503937
20
0.221324842519685
11
-0.1444108267716535
21
0.2248677165354331
0
LINE
8
BLACK
6
CONTINUOUS
10
-0.1444108267716535
20
0.2248677165354331
11
-0.1457601968503937
21
0.2280962598425197
0
LINE
8
BLACK
6
CONTINUOUS
10
-0.1457601968503937
20
0.2280962598425197
11
-0.1469383464566929
21
0.2309262598425197
0
LINE
8
BLACK
6
CONTINUOUS
10
-0.1469383464566929
20
0.2309262598425197
11
-0.1479101968503937
21
0.2332733070866142
0
LINE
8
BLACK
6
CONTINUOUS
10
-0.1479101968503937
20
0.2332733070866142
11
-0.1486407086614173
21
0.2350531889763779
0
LINE
8
BLACK
6
CONTINUOUS
10
-0.1486407086614173
20
0.2350531889763779
11
-0.149094842519685
21
0.2361815354330709
0
LINE
8
BLACK
6
CONTINUOUS
10
-0.149094842519685
20
0.2361815354330709
11
-0.1492353543307087
21
0.2365574409448819
0
LINE
8
BLACK
6
CONTINUOUS
10
-0.1492353543307087
20
0.2365574409448819
11
-0.149262874015748
21
0.2368520078740158
0
LINE
8
BLACK
6
CONTINUOUS
10
-0.149262874015748
20
0.2368520078740158
11
-0.1490699606299213
21
0.2370566535433071
0
LINE
8
BLACK
6
CONTINUOUS
10
-0.1490699606299213
20
0.2370566535433071
11
-0.1485337795275591
21
0.2371838188976378
0
LINE
8
BLACK
6
CONTINUOUS
10
-0.1485337795275591
20
0.2371838188976378
11
-0.1475313779527559
21
0.2372461023622047
0
LINE
8
BLACK
6
CONTINUOUS
10
-0.1475313779527559
20
0.2372461023622047
11
-0.145939842519685
21
0.2372558661417323
0
LINE
8
BLACK
6
CONTINUOUS
10
-0.145939842519685
20
0.2372558661417323
11
-0.1436362992125984
21
0.2372257086614173
0
LINE
8
BLACK
6
CONTINUOUS
10
-0.1436362992125984
20
0.2372257086614173
11
-0.1428042913385827
21
0.237211062992126
0
LINE
8
BLACK
6
CONTINUOUS
10
-0.1428042913385827
20
0.237211062992126
11
-0.1361554330708661
21
0.2370904724409449
0
LINE
8
BLACK
6
CONTINUOUS
10
-0.1361554330708661
20
0.2370904724409449
11
-0.1307122047244094
21
0.2236917716535433
0
LINE
8
BLACK
6
CONTINUOUS
10
-0.1307122047244094
20
0.2236917716535433
11
-0.1294037007874016
21
0.220491811023622
0
LINE
8
BLACK
6
CONTINUOUS
10
-0.1294037007874016
20
0.220491811023622
11
-0.1281907874015748
21
0.2175655905511811
0
LINE
8
BLACK
6
CONTINUOUS
10
-0.1281907874015748
20
0.2175655905511811
11
-0.1271136614173228
21
0.2150072047244095
0
LINE
8
BLACK
6
CONTINUOUS
10
-0.1271136614173228
20
0.2150072047244095
11
-0.1262126771653543
21
0.2129107086614173
0
LINE
8
BLACK
6
CONTINUOUS
10
-0.1262126771653543
20
0.2129107086614173
11
-0.125528031496063
21
0.2113701181102362
0
LINE
8
BLACK
6
CONTINUOUS
10
-0.125528031496063
20
0.2113701181102362
11
-0.1251000393700787
21
0.2104794881889764
0
LINE
8
BLACK
6
CONTINUOUS
10
-0.1251000393700787
20
0.2104794881889764
11
-0.1249755511811024
21
0.2102930708661417
0
LINE
8
BLACK
6
CONTINUOUS
10
-0.1249755511811024
20
0.2102930708661417
11
-0.1246596456692913
21
0.2106313385826772
0
LINE
8
BLACK
6
CONTINUOUS
10
-0.1246596456692913
20
0.2106313385826772
11
-0.123884842519685
21
0.2115956299212598
0
LINE
8
BLACK
6
CONTINUOUS
10
-0.123884842519685
20
0.2115956299212598
11
-0.122708937007874
21
0.2131101574803149
0
LINE
8
BLACK
6
CONTINUOUS
10
-0.122708937007874
20
0.2131101574803149
11
-0.1211897244094488
21
0.2150992125984252
0
LINE
8
BLACK
6
CONTINUOUS
10
-0.1211897244094488
20
0.2150992125984252
11
-0.119385
21
0.2174870472440945
0
LINE
8
BLACK
6
CONTINUOUS
10
-0.119385
20
0.2174870472440945
11
-0.1173525196850394
21
0.2201978346456693
0
LINE
8
BLACK
6
CONTINUOUS
10
-0.1173525196850394
20
0.2201978346456693
11
-0.1151501181102362
21
0.2231558661417323
0
LINE
8
BLACK
6
CONTINUOUS
10
-0.1151501181102362
20
0.2231558661417323
11
-0.1146826377952756
21
0.2237862598425197
0
LINE
8
BLACK
6
CONTINUOUS
10
-0.1146826377952756
20
0.2237862598425197
11
-0.1046831496062992
21
0.2372794094488189
0
LINE
8
BLACK
6
CONTINUOUS
10
-0.1046831496062992
20
0.2372794094488189
11
-0.0980125590551181
21
0.2372938582677165
0
LINE
8
BLACK
6
CONTINUOUS
10
-0.0980125590551181
20
0.2372938582677165
11
-0.0953338976377953
21
0.237281968503937
0
LINE
8
BLACK
6
CONTINUOUS
10
-0.1987945669291339
20
0.3221667322834645
11
-0.1989047637795276
21
0.3215883070866142
0
LINE
8
BLACK
6
CONTINUOUS
10
-0.1989047637795276
20
0.3215883070866142
11
-0.1991525196850394
21
0.3202201181102362
0
LINE
8
BLACK
6
CONTINUOUS
10
-0.1991525196850394
20
0.3202201181102362
11
-0.1995256692913386
21
0.3181309842519685
0
LINE
8
BLACK
6
CONTINUOUS
10
-0.1995256692913386
20
0.3181309842519685
11
-0.2000120866141732
21
0.3153896456692913
0
LINE
8
BLACK
6
CONTINUOUS
10
-0.2000120866141732
20
0.3153896456692913
11
-0.2005996456692913
21
0.3120649212598425
0
LINE
8
BLACK
6
CONTINUOUS
10
-0.2005996456692913
20
0.3120649212598425
11
-0.201276220472441
21
0.3082255118110236
0
LINE
8
BLACK
6
CONTINUOUS
10
-0.201276220472441
20
0.3082255118110236
11
-0.2020296850393701
21
0.3039402362204724
0
LINE
8
BLACK
6
CONTINUOUS
10
-0.2020296850393701
20
0.3039402362204724
11
-0.202847874015748
21
0.299277874015748
0
LINE
8
BLACK
6
CONTINUOUS
10
-0.202847874015748
20
0.299277874015748
11
-0.2037186614173228
21
0.2943071653543307
0
LINE
8
BLACK
6
CONTINUOUS
10
-0.2037186614173228
20
0.2943071653543307
11
-0.2046299212598425
21
0.2890968897637795
0
LINE
8
BLACK
6
CONTINUOUS
10
-0.2046299212598425
20
0.2890968897637795
11
-0.204695
21
0.2887244488188976
0
LINE
8
BLACK
6
CONTINUOUS
10
-0.204695
20
0.2887244488188976
11
-0.2056094881889764
21
0.2834933858267716
0
LINE
8
BLACK
6
CONTINUOUS
10
-0.2056094881889764
20
0.2834933858267716
11
-0.2064846456692913
21
0.2784920472440945
0
LINE
8
BLACK
6
CONTINUOUS
10
-0.2064846456692913
20
0.2784920472440945
11
-0.2073082677165354
21
0.2737898818897638
0
LINE
8
BLACK
6
CONTINUOUS
10
-0.2073082677165354
20
0.2737898818897638
11
-0.2080681889763779
21
0.2694562598425197
0
LINE
8
BLACK
6
CONTINUOUS
10
-0.2080681889763779
20
0.2694562598425197
11
-0.2087522047244094
21
0.2655605118110236
0
LINE
8
BLACK
6
CONTINUOUS
10
-0.2087522047244094
20
0.2655605118110236
11
-0.2093481496062992
21
0.2621720472440945
0
LINE
8
BLACK
6
CONTINUOUS
10
-0.2093481496062992
20
0.2621720472440945
11
-0.2098438188976378
21
0.2593601968503937
0
LINE
8
BLACK
6
CONTINUOUS
10
-0.2098438188976378
20
0.2593601968503937
11
-0.210226968503937
21
0.2571944094488189
0
LINE
8
BLACK
6
CONTINUOUS
10
-0.210226968503937
20
0.2571944094488189
11
-0.2104854724409449
21
0.2557439763779528
0
LINE
8
BLACK
6
CONTINUOUS
10
-0.2104854724409449
20
0.2557439763779528
11
-0.210607125984252
21
0.2550783070866142
0
LINE
8
BLACK
6
CONTINUOUS
10
-0.210607125984252
20
0.2550783070866142
11
-0.2106099212598425
21
0.2550643307086614
0
LINE
8
BLACK
6
CONTINUOUS
10
-0.2106099212598425
20
0.2550643307086614
11
-0.2108526377952756
21
0.253866062992126
0
LINE
8
BLACK
6
CONTINUOUS
10
-0.2108526377952756
20
0.253866062992126
11
-0.2235140157480315
21
0.253866062992126
0
LINE
8
BLACK
6
CONTINUOUS
10
-0.2235140157480315
20
0.253866062992126
11
-0.2232777952755906
21
0.2548464566929134
0
LINE
8
BLACK
6
CONTINUOUS
10
-0.2232777952755906
20
0.2548464566929134
11
-0.2231656299212599
21
0.2554274803149606
0
LINE
8
BLACK
6
CONTINUOUS
10
-0.2231656299212599
20
0.2554274803149606
11
-0.2229162204724409
21
0.2567969291338583
0
LINE
8
BLACK
6
CONTINUOUS
10
-0.2229162204724409
20
0.2567969291338583
11
-0.2225418897637795
21
0.2588848031496063
0
LINE
8
BLACK
6
CONTINUOUS
10
-0.2225418897637795
20
0.2588848031496063
11
-0.2220550393700787
21
0.2616210236220473
0
LINE
8
BLACK
6
CONTINUOUS
10
-0.2220550393700787
20
0.2616210236220473
11
-0.2214680708661417
21
0.2649355511811023
0
LINE
8
BLACK
6
CONTINUOUS
10
-0.2214680708661417
20
0.2649355511811023
11
-0.2207933858267717
21
0.2687583070866142
0
LINE
8
BLACK
6
CONTINUOUS
10
-0.2207933858267717
20
0.2687583070866142
11
-0.2200433070866142
21
0.2730192913385827
0
LINE
8
BLACK
6
CONTINUOUS
10
-0.2200433070866142
20
0.2730192913385827
11
-0.2192302755905512
21
0.2776484251968504
0
LINE
8
BLACK
6
CONTINUOUS
10
-0.2192302755905512
20
0.2776484251968504
11
-0.2183666535433071
21
0.2825756299212598
0
LINE
8
BLACK
6
CONTINUOUS
10
-0.2183666535433071
20
0.2825756299212598
11
-0.2175577165354331
21
0.2871994094488189
0
LINE
8
BLACK
6
CONTINUOUS
10
-0.2175577165354331
20
0.2871994094488189
11
-0.2166520866141732
21
0.2923760236220472
0
LINE
8
BLACK
6
CONTINUOUS
10
-0.2166520866141732
20
0.2923760236220472
11
-0.2157806299212598
21
0.2973484251968504
0
LINE
8
BLACK
6
CONTINUOUS
10
-0.2157806299212598
20
0.2973484251968504
11
-0.2149564173228346
21
0.3020426771653543
0
LINE
8
BLACK
6
CONTINUOUS
10
-0.2149564173228346
20
0.3020426771653543
11
-0.2141925196850394
21
0.3063849606299213
0
LINE
8
BLACK
6
CONTINUOUS
10
-0.2141925196850394
20
0.3063849606299213
11
-0.213501968503937
21
0.3103012598425197
0
LINE
8
BLACK
6
CONTINUOUS
10
-0.213501968503937
20
0.3103012598425197
11
-0.2128977559055118
21
0.3137177165354331
0
LINE
8
BLACK
6
CONTINUOUS
10
-0.2128977559055118
20
0.3137177165354331
11
-0.212393031496063
21
0.3165603937007874
0
LINE
8
BLACK
6
CONTINUOUS
10
-0.212393031496063
20
0.3165603937007874
11
-0.2120007874015748
21
0.3187553937007874
0
LINE
8
BLACK
6
CONTINUOUS
10
-0.2120007874015748
20
0.3187553937007874
11
-0.2117340551181102
21
0.3202288188976378
0
LINE
8
BLACK
6
CONTINUOUS
10
-0.2117340551181102
20
0.3202288188976378
11
-0.2116156299212598
21
0.3208595275590551
0
LINE
8
BLACK
6
CONTINUOUS
10
-0.2116156299212598
20
0.3208595275590551
11
-0.2111573228346457
21
0.3231471259842519
0
LINE
8
BLACK
6
CONTINUOUS
10
-0.2111573228346457
20
0.3231471259842519
11
-0.1985663385826772
21
0.3231471259842519
0
LINE
8
BLACK
6
CONTINUOUS
10
-0.1985663385826772
20
0.3231471259842519
11
-0.1987945669291339
21
0.3221667322834645
0
LINE
8
BLACK
6
CONTINUOUS
10
-0.1032814566929134
20
0.3231352755905512
11
-0.1014041732283465
21
0.3231026377952756
0
LINE
8
BLACK
6
CONTINUOUS
10
-0.1014041732283465
20
0.3231026377952756
11
-0.1000281496062992
21
0.3230537401574803
0
LINE
8
BLACK
6
CONTINUOUS
10
-0.1000281496062992
20
0.3230537401574803
11
-0.099307125984252
21
0.3229929527559055
0
LINE
8
BLACK
6
CONTINUOUS
10
-0.099307125984252
20
0.3229929527559055
11
-0.0992365354330709
21
0.3229658267716535
0
LINE
8
BLACK
6
CONTINUOUS
10
-0.0992365354330709
20
0.3229658267716535
11
-0.0993100787401575
21
0.3225020866141732
0
LINE
8
BLACK
6
CONTINUOUS
10
-0.0993100787401575
20
0.3225020866141732
11
-0.0995214566929134
21
0.3212594881889764
0
LINE
8
BLACK
6
CONTINUOUS
10
-0.0995214566929134
20
0.3212594881889764
11
-0.0998566929133858
21
0.3193172047244094
0
LINE
8
BLACK
6
CONTINUOUS
10
-0.0998566929133858
20
0.3193172047244094
11
-0.1003018503937008
21
0.3167544881889764
0
LINE
8
BLACK
6
CONTINUOUS
10
-0.1003018503937008
20
0.3167544881889764
11
-0.1008429921259842
21
0.3136506299212599
0
LINE
8
BLACK
6
CONTINUOUS
10
-0.1008429921259842
20
0.3136506299212599
11
-0.1014661811023622
21
0.3100848031496063
0
LINE
8
BLACK
6
CONTINUOUS
10
-0.1014661811023622
20
0.3100848031496063
11
-0.1021574803149606
21
0.3061362992125984
0
LINE
8
BLACK
6
CONTINUOUS
10
-0.1021574803149606
20
0.3061362992125984
11
-0.1029029527559055
21
0.3018843700787401
0
LINE
8
BLACK
6
CONTINUOUS
10
-0.1029029527559055
20
0.3018843700787401
11
-0.1036886614173228
21
0.2974082283464567
0
LINE
8
BLACK
6
CONTINUOUS
10
-0.1036886614173228
20
0.2974082283464567
11
-0.1045006299212598
21
0.2927871259842519
0
LINE
8
BLACK
6
CONTINUOUS
10
-0.1045006299212598
20
0.2927871259842519
11
-0.1053249212598425
21
0.2881002755905512
0
LINE
8
BLACK
6
CONTINUOUS
10
-0.1053249212598425
20
0.2881002755905512
11
-0.1061476771653543
21
0.283426968503937
0
LINE
8
BLACK
6
CONTINUOUS
10
-0.1061476771653543
20
0.283426968503937
11
-0.106954842519685
21
0.2788464566929134
0
LINE
8
BLACK
6
CONTINUOUS
10
-0.106954842519685
20
0.2788464566929134
11
-0.1077325196850394
21
0.2744379133858268
0
LINE
8
BLACK
6
CONTINUOUS
10
-0.1077325196850394
20
0.2744379133858268
11
-0.108466811023622
21
0.2702806299212598
0
LINE
8
BLACK
6
CONTINUOUS
10
-0.108466811023622
20
0.2702806299212598
11
-0.1091437401574803
21
0.2664538582677165
0
LINE
8
BLACK
6
CONTINUOUS
10
-0.1091437401574803
20
0.2664538582677165
11
-0.1097493700787402
21
0.263036811023622
0
LINE
8
BLACK
6
CONTINUOUS
10
-0.1097493700787402
20
0.263036811023622
11
-0.1102697244094488
21
0.2601087401574803
0
LINE
8
BLACK
6
CONTINUOUS
10
-0.1102697244094488
20
0.2601087401574803
11
-0.110690905511811
21
0.2577488976377953
0
LINE
8
BLACK
6
CONTINUOUS
10
-0.110690905511811
20
0.2577488976377953
11
-0.1109989763779528
21
0.2560365354330709
0
LINE
8
BLACK
6
CONTINUOUS
10
-0.1109989763779528
20
0.2560365354330709
11
-0.1111799606299213
21
0.2550508267716535
0
LINE
8
BLACK
6
CONTINUOUS
10
-0.1111799606299213
20
0.2550508267716535
11
-0.1112204724409449
21
0.2548464566929134
0
LINE
8
BLACK
6
CONTINUOUS
10
-0.1112204724409449
20
0.2548464566929134
11
-0.1113429527559055
21
0.2544632283464567
0
LINE
8
BLACK
6
CONTINUOUS
10
-0.1113429527559055
20
0.2544632283464567
11
-0.111589094488189
21
0.2541956692913386
0
LINE
8
BLACK
6
CONTINUOUS
10
-0.111589094488189
20
0.2541956692913386
11
-0.1120966141732283
21
0.2540229527559055
0
LINE
8
BLACK
6
CONTINUOUS
10
-0.1120966141732283
20
0.2540229527559055
11
-0.1130031102362205
21
0.2539244094488189
0
LINE
8
BLACK
6
CONTINUOUS
10
-0.1130031102362205
20
0.2539244094488189
11
-0.1144462204724409
21
0.2538792125984252
0
LINE
8
BLACK
6
CONTINUOUS
10
-0.1144462204724409
20
0.2538792125984252
11
-0.1165636220472441
21
0.2538666141732284
0
LINE
8
BLACK
6
CONTINUOUS
10
-0.1165636220472441
20
0.2538666141732284
11
-0.1177225590551181
21
0.253866062992126
0
LINE
8
BLACK
6
CONTINUOUS
10
-0.1177225590551181
20
0.253866062992126
11
-0.1201782677165354
21
0.2538739763779527
0
LINE
8
BLACK
6
CONTINUOUS
10
-0.1201782677165354
20
0.2538739763779527
11
-0.1218890551181102
21
0.2539082677165354
0
LINE
8
BLACK
6
CONTINUOUS
10
-0.1218890551181102
20
0.2539082677165354
11
-0.1229814960629921
21
0.2539847637795276
0
LINE
8
BLACK
6
CONTINUOUS
10
-0.1229814960629921
20
0.2539847637795276
11
-0.1235820472440945
21
0.2541192913385827
0
LINE
8
BLACK
6
CONTINUOUS
10
-0.1235820472440945
20
0.2541192913385827
11
-0.1238172440944882
21
0.2543277165354331
0
LINE
8
BLACK
6
CONTINUOUS
10
-0.1238172440944882
20
0.2543277165354331
11
-0.1238135826771654
21
0.254625905511811
0
LINE
8
BLACK
6
CONTINUOUS
10
-0.1238135826771654
20
0.254625905511811
11
-0.1238129527559055
21
0.2546285826771654
0
LINE
8
BLACK
6
CONTINUOUS
10
-0.1238129527559055
20
0.2546285826771654
11
-0.1237107874015748
21
0.2551713385826772
0
LINE
8
BLACK
6
CONTINUOUS
10
-0.1237107874015748
20
0.2551713385826772
11
-0.1234708267716535
21
0.2565043700787402
0
LINE
8
BLACK
6
CONTINUOUS
10
-0.1234708267716535
20
0.2565043700787402
11
-0.1231050393700787
21
0.2585595669291338
0
LINE
8
BLACK
6
CONTINUOUS
10
-0.1231050393700787
20
0.2585595669291338
11
-0.1226254724409449
21
0.2612687401574803
0
LINE
8
BLACK
6
CONTINUOUS
10
-0.1226254724409449
20
0.2612687401574803
11
-0.1220441338582677
21
0.2645637007874015
0
LINE
8
BLACK
6
CONTINUOUS
10
-0.1220441338582677
20
0.2645637007874015
11
-0.1213729921259842
21
0.2683763385826772
0
LINE
8
BLACK
6
CONTINUOUS
10
-0.1213729921259842
20
0.2683763385826772
11
-0.1206241338582677
21
0.2726384645669291
0
LINE
8
BLACK
6
CONTINUOUS
10
-0.1206241338582677
20
0.2726384645669291
11
-0.1198094881889764
21
0.2772818897637795
0
LINE
8
BLACK
6
CONTINUOUS
10
-0.1198094881889764
20
0.2772818897637795
11
-0.1189411417322835
21
0.2822384251968504
0
LINE
8
BLACK
6
CONTINUOUS
10
-0.1189411417322835
20
0.2822384251968504
11
-0.1180310236220472
21
0.2874399606299213
0
LINE
8
BLACK
6
CONTINUOUS
10
-0.1180310236220472
20
0.2874399606299213
11
-0.1179588188976378
21
0.2878529921259843
0
LINE
8
BLACK
6
CONTINUOUS
10
-0.1179588188976378
20
0.2878529921259843
11
-0.117043031496063
21
0.2930906692913386
0
LINE
8
BLACK
6
CONTINUOUS
10
-0.117043031496063
20
0.2930906692913386
11
-0.1161663385826772
21
0.2981035039370079
0
LINE
8
BLACK
6
CONTINUOUS
10
-0.1161663385826772
20
0.2981035039370079
11
-0.1153411023622047
21
0.3028216141732283
0
LINE
8
BLACK
6
CONTINUOUS
10
-0.1153411023622047
20
0.3028216141732283
11
-0.1145794488188976
21
0.3071749606299213
0
LINE
8
BLACK
6
CONTINUOUS
10
-0.1145794488188976
20
0.3071749606299213
11
-0.1138937401574803
21
0.3110935826771654
0
LINE
8
BLACK
6
CONTINUOUS
10
-0.1138937401574803
20
0.3110935826771654
11
-0.1132961417322835
21
0.3145075196850394
0
LINE
8
BLACK
6
CONTINUOUS
10
-0.1132961417322835
20
0.3145075196850394
11
-0.112798937007874
21
0.3173468110236221
0
LINE
8
BLACK
6
CONTINUOUS
10
-0.112798937007874
20
0.3173468110236221
11
-0.1124143307086614
21
0.3195414173228346
0
LINE
8
BLACK
6
CONTINUOUS
10
-0.1124143307086614
20
0.3195414173228346
11
-0.1121546456692913
21
0.3210214173228346
0
LINE
8
BLACK
6
CONTINUOUS
10
-0.1121546456692913
20
0.3210214173228346
11
-0.1120320472440945
21
0.321716811023622
0
LINE
8
BLACK
6
CONTINUOUS
10
-0.1120320472440945
20
0.321716811023622
11
-0.1120295275590551
21
0.3217309842519685
0
LINE
8
BLACK
6
CONTINUOUS
10
-0.1120295275590551
20
0.3217309842519685
11
-0.1117757086614173
21
0.3231471259842519
0
LINE
8
BLACK
6
CONTINUOUS
10
-0.1117757086614173
20
0.3231471259842519
11
-0.1055061417322835
21
0.3231471259842519
0
LINE
8
BLACK
6
CONTINUOUS
10
-0.1055061417322835
20
0.3231471259842519
11
-0.1032814566929134
21
0.3231352755905512
0
LINE
8
BLACK
6
CONTINUOUS
10
-0.1494264173228347
20
0.3219488582677165
11
-0.1495287795275591
21
0.3213375196850394
0
LINE
8
BLACK
6
CONTINUOUS
10
-0.1495287795275591
20
0.3213375196850394
11
-0.1497698818897638
21
0.319936062992126
0
LINE
8
BLACK
6
CONTINUOUS
10
-0.1497698818897638
20
0.319936062992126
11
-0.1501377559055118
21
0.3178127559055118
0
LINE
8
BLACK
6
CONTINUOUS
10
-0.1501377559055118
20
0.3178127559055118
11
-0.1506205511811023
21
0.3150357874015748
0
LINE
8
BLACK
6
CONTINUOUS
10
-0.1506205511811023
20
0.3150357874015748
11
-0.1512063779527559
21
0.3116734251968504
0
LINE
8
BLACK
6
CONTINUOUS
10
-0.1512063779527559
20
0.3116734251968504
11
-0.1518832677165354
21
0.307793937007874
0
LINE
8
BLACK
6
CONTINUOUS
10
-0.1518832677165354
20
0.307793937007874
11
-0.1526394094488189
21
0.3034655118110236
0
LINE
8
BLACK
6
CONTINUOUS
10
-0.1526394094488189
20
0.3034655118110236
11
-0.1534628346456693
21
0.2987564173228346
0
LINE
8
BLACK
6
CONTINUOUS
10
-0.1534628346456693
20
0.2987564173228346
11
-0.1543416535433071
21
0.293734842519685
0
LINE
8
BLACK
6
CONTINUOUS
10
-0.1543416535433071
20
0.293734842519685
11
-0.1552640157480315
21
0.288469094488189
0
LINE
8
BLACK
6
CONTINUOUS
10
-0.1552640157480315
20
0.288469094488189
11
-0.1554671653543307
21
0.2873098818897638
0
LINE
8
BLACK
6
CONTINUOUS
10
-0.1554671653543307
20
0.2873098818897638
11
-0.161328031496063
21
0.2538692125984252
0
LINE
8
BLACK
6
CONTINUOUS
10
-0.161328031496063
20
0.2538692125984252
11
-0.1675372047244094
21
0.2538676377952756
0
LINE
8
BLACK
6
CONTINUOUS
10
-0.1675372047244094
20
0.2538676377952756
11
-0.1700840157480315
21
0.2538841732283464
0
LINE
8
BLACK
6
CONTINUOUS
10
-0.1700840157480315
20
0.2538841732283464
11
-0.171869094488189
21
0.2539420866141732
0
LINE
8
BLACK
6
CONTINUOUS
10
-0.171869094488189
20
0.2539420866141732
11
-0.1730015354330709
21
0.2540514173228346
0
LINE
8
BLACK
6
CONTINUOUS
10
-0.1730015354330709
20
0.2540514173228346
11
-0.1735905905511811
21
0.2542222834645669
0
LINE
8
BLACK
6
CONTINUOUS
10
-0.1735905905511811
20
0.2542222834645669
11
-0.1737463385826772
21
0.254442874015748
0
LINE
8
BLACK
6
CONTINUOUS
10
-0.1737463385826772
20
0.254442874015748
11
-0.1736724803149606
21
0.2549651968503937
0
LINE
8
BLACK
6
CONTINUOUS
10
-0.1736724803149606
20
0.2549651968503937
11
-0.1734601968503937
21
0.2562653937007874
0
LINE
8
BLACK
6
CONTINUOUS
10
-0.1734601968503937
20
0.2562653937007874
11
-0.1731235826771653
21
0.2582635826771654
0
LINE
8
BLACK
6
CONTINUOUS
10
-0.1731235826771653
20
0.2582635826771654
11
-0.1726766535433071
21
0.2608797637795275
0
LINE
8
BLACK
6
CONTINUOUS
10
-0.1726766535433071
20
0.2608797637795275
11
-0.1721334251968504
21
0.2640340157480315
0
LINE
8
BLACK
6
CONTINUOUS
10
-0.1721334251968504
20
0.2640340157480315
11
-0.1715079921259842
21
0.2676464566929134
0
LINE
8
BLACK
6
CONTINUOUS
10
-0.1715079921259842
20
0.2676464566929134
11
-0.1708143700787401
21
0.2716371653543307
0
LINE
8
BLACK
6
CONTINUOUS
10
-0.1708143700787401
20
0.2716371653543307
11
-0.1700666141732284
21
0.2759261417322835
0
LINE
8
BLACK
6
CONTINUOUS
10
-0.1700666141732284
20
0.2759261417322835
11
-0.1692787007874016
21
0.2804334645669291
0
LINE
8
BLACK
6
CONTINUOUS
10
-0.1692787007874016
20
0.2804334645669291
11
-0.1684647637795275
21
0.2850792913385827
0
LINE
8
BLACK
6
CONTINUOUS
10
-0.1684647637795275
20
0.2850792913385827
11
-0.167638779527559
21
0.2897836220472441
0
LINE
8
BLACK
6
CONTINUOUS
10
-0.167638779527559
20
0.2897836220472441
11
-0.166814842519685
21
0.2944664960629921
0
LINE
8
BLACK
6
CONTINUOUS
10
-0.166814842519685
20
0.2944664960629921
11
-0.1660069291338583
21
0.2990480708661417
0
LINE
8
BLACK
6
CONTINUOUS
10
-0.1660069291338583
20
0.2990480708661417
11
-0.1652291338582677
21
0.3034483858267716
0
LINE
8
BLACK
6
CONTINUOUS
10
-0.1652291338582677
20
0.3034483858267716
11
-0.1644954724409449
21
0.3075874803149606
0
LINE
8
BLACK
6
CONTINUOUS
10
-0.1644954724409449
20
0.3075874803149606
11
-0.1638199606299213
21
0.3113854330708661
0
LINE
8
BLACK
6
CONTINUOUS
10
-0.1638199606299213
20
0.3113854330708661
11
-0.1632166929133858
21
0.3147623228346457
0
LINE
8
BLACK
6
CONTINUOUS
10
-0.1632166929133858
20
0.3147623228346457
11
-0.1626996850393701
21
0.3176382283464567
0
LINE
8
BLACK
6
CONTINUOUS
10
-0.1626996850393701
20
0.3176382283464567
11
-0.1622829527559055
21
0.3199332283464567
0
LINE
8
BLACK
6
CONTINUOUS
10
-0.1622829527559055
20
0.3199332283464567
11
-0.1619805905511811
21
0.3215674015748031
0
LINE
8
BLACK
6
CONTINUOUS
10
-0.1619805905511811
20
0.3215674015748031
11
-0.1618066141732283
21
0.3224607874015748
0
LINE
8
BLACK
6
CONTINUOUS
10
-0.1618066141732283
20
0.3224607874015748
11
-0.161773031496063
21
0.3226024409448819
0
LINE
8
BLACK
6
CONTINUOUS
10
-0.161773031496063
20
0.3226024409448819
11
-0.1614241338582677
21
0.3228356692913386
0
LINE
8
BLACK
6
CONTINUOUS
10
-0.1614241338582677
20
0.3228356692913386
11
-0.1605158661417323
21
0.3229983464566929
0
LINE
8
BLACK
6
CONTINUOUS
10
-0.1605158661417323
20
0.3229983464566929
11
-0.1589576771653543
21
0.3230981496062992
0
LINE
8
BLACK
6
CONTINUOUS
10
-0.1589576771653543
20
0.3230981496062992
11
-0.1566590157480315
21
0.323142874015748
0
LINE
8
BLACK
6
CONTINUOUS
10
-0.1566590157480315
20
0.323142874015748
11
-0.1554099212598425
21
0.3231471259842519
0
LINE
8
BLACK
6
CONTINUOUS
10
-0.1554099212598425
20
0.3231471259842519
11
-0.1492465748031496
21
0.3231471259842519
0
LINE
8
BLACK
6
CONTINUOUS
10
-0.1492465748031496
20
0.3231471259842519
11
-0.1494264173228347
21
0.3219488582677165
0
CIRCLE
8
BLACK
10
0.
20
0.
40
0.0068897637795276
0
CIRCLE
8
BLACK
10
0.225
20
-0.1
40
0.0068897637795276
0
CIRCLE
8
BLACK
10
0.225
20
0.
40
0.0068897637795276
0
CIRCLE
8
BLACK
10
0.225
20
0.1
40
0.0068897637795276
  0
ENDSEC
  0
EOF
