  0
SECTION
  2
HEADER
  9
$ANGBASE
  50
0.0
  9
$ANGDIR
  70
1
  9
$MEASUREMENT
  70
0
  0
ENDSEC
  0
SECTION
  2
TABLES
  0
TABLE
  2
LTYPE
  70
4
  0
LTYPE
  5
40F
  2
CONTINUOUS
  70
0
  3
Solid line
  72
65
  73
0
  40
0.0
  0
LTYPE
  5
410
  2
DASHDOT
 70
0
  3
Dash Dot ____ _ ____ _
 72
65
 73
4
 40
2.0
 49
1.25
 49
-0.25
 49
0.25
 49
-0.25
  0
LTYPE
  5
411
  2
DASHED
 70
0
  3
Dashed __ __ __ __ __
 72
65
 73
2
 40
0.75
 49
0.5
 49
-0.25
  0
LTYPE
  5
43B
  2
DOTTED
 70
0
  3
Dotted .  .  .  .
 72
65
 73
2
 40
0.2
 49
0.0
 49
-0.2
  0
ENDTAB
  0
TABLE
  2
STYLE
  70
4
  0
STYLE
  2
KICAD
  70
0
  40
0
  41
1
  42
1
  50
0
  71
0
  3
isocp.shx
  0
STYLE
  2
KICADB
  70
0
  40
0
  41
1
  42
1
  50
0
  71
0
  3
isocp.shx
  0
STYLE
  2
KICADI
  70
0
  40
0
  41
1
  42
1
  50
15
  71
0
  3
isocp.shx
  0
STYLE
  2
KICADBI
  70
0
  40
0
  41
1
  42
1
  50
15
  71
0
  3
isocp.shx
  0
ENDTAB
  0
TABLE
  2
LAYER
  70
1
  0
LAYER
  2
BLACK
  70
0
  62
7
  6
CONTINUOUS
  0
ENDTAB
  0
ENDSEC
  0
SECTION
  2
ENTITIES
0
LINE
8
BLACK
6
CONTINUOUS
10
-0.5474145275590551
20
-0.3058673228346457
11
-0.5442213779527559
21
-0.308000905511811
0
LINE
8
BLACK
6
CONTINUOUS
10
-0.5442213779527559
20
-0.308000905511811
11
-0.5420877952755906
21
-0.3111940551181102
0
LINE
8
BLACK
6
CONTINUOUS
10
-0.5420877952755906
20
-0.3111940551181102
11
-0.5413385826771654
21
-0.3149606299212598
0
LINE
8
BLACK
6
CONTINUOUS
10
-0.5413385826771654
20
-0.3149606299212598
11
-0.5420877952755906
21
-0.3187272047244095
0
LINE
8
BLACK
6
CONTINUOUS
10
-0.5420877952755906
20
-0.3187272047244095
11
-0.5442213779527559
21
-0.3219203543307086
0
LINE
8
BLACK
6
CONTINUOUS
10
-0.5442213779527559
20
-0.3219203543307086
11
-0.5474145275590551
21
-0.324053937007874
0
LINE
8
BLACK
6
CONTINUOUS
10
-0.5474145275590551
20
-0.324053937007874
11
-0.5511811023622047
21
-0.3248031496062992
0
LINE
8
BLACK
6
CONTINUOUS
10
-0.5511811023622047
20
-0.3248031496062992
11
-0.5549476771653543
21
-0.324053937007874
0
LINE
8
BLACK
6
CONTINUOUS
10
-0.5549476771653543
20
-0.324053937007874
11
-0.5581408267716536
21
-0.3219203543307086
0
LINE
8
BLACK
6
CONTINUOUS
10
-0.5581408267716536
20
-0.3219203543307086
11
-0.5602744094488189
21
-0.3187272047244095
0
LINE
8
BLACK
6
CONTINUOUS
10
-0.5602744094488189
20
-0.3187272047244095
11
-0.5610236220472441
21
-0.3149606299212598
0
LINE
8
BLACK
6
CONTINUOUS
10
-0.5610236220472441
20
-0.3149606299212598
11
-0.5602744094488189
21
-0.3111940551181102
0
LINE
8
BLACK
6
CONTINUOUS
10
-0.5602744094488189
20
-0.3111940551181102
11
-0.5581408267716536
21
-0.308000905511811
0
LINE
8
BLACK
6
CONTINUOUS
10
-0.5581408267716536
20
-0.308000905511811
11
-0.5549476771653543
21
-0.3058673228346457
0
LINE
8
BLACK
6
CONTINUOUS
10
-0.5549476771653543
20
-0.3058673228346457
11
-0.5511811023622047
21
-0.3051181102362205
0
LINE
8
BLACK
6
CONTINUOUS
10
-0.5511811023622047
20
-0.3051181102362205
11
-0.5474145275590551
21
-0.3058673228346457
0
LINE
8
BLACK
6
CONTINUOUS
10
-0.0444881889763779
20
-0.3051181102362205
11
-0.1035433070866142
21
-0.3051181102362205
0
LINE
8
BLACK
6
CONTINUOUS
10
-0.1035433070866142
20
-0.3051181102362205
11
-0.1035433070866142
21
-0.2834645669291339
0
LINE
8
BLACK
6
CONTINUOUS
10
-0.1035433070866142
20
-0.2834645669291339
11
-0.1198487401574803
21
-0.2834645669291339
0
LINE
8
BLACK
6
CONTINUOUS
10
-0.1198487401574803
20
-0.2834645669291339
11
-0.1412992125984252
21
-0.3049150393700787
0
LINE
8
BLACK
6
CONTINUOUS
10
-0.1412992125984252
20
-0.3049150393700787
11
-0.1412992125984252
21
-0.3203543307086614
0
LINE
8
BLACK
6
CONTINUOUS
10
-0.1412992125984252
20
-0.3203543307086614
11
-0.1418985826771653
21
-0.3233675984251969
0
LINE
8
BLACK
6
CONTINUOUS
10
-0.1418985826771653
20
-0.3233675984251969
11
-0.1436054724409449
21
-0.3259220866141732
0
LINE
8
BLACK
6
CONTINUOUS
10
-0.1436054724409449
20
-0.3259220866141732
11
-0.1461599606299213
21
-0.3276289763779527
0
LINE
8
BLACK
6
CONTINUOUS
10
-0.1461599606299213
20
-0.3276289763779527
11
-0.1491732283464567
21
-0.3282283464566929
0
LINE
8
BLACK
6
CONTINUOUS
10
-0.1491732283464567
20
-0.3282283464566929
11
-0.1708267716535433
21
-0.3282283464566929
0
LINE
8
BLACK
6
CONTINUOUS
10
-0.1708267716535433
20
-0.3282283464566929
11
-0.1738400393700787
21
-0.3276289763779527
0
LINE
8
BLACK
6
CONTINUOUS
10
-0.1738400393700787
20
-0.3276289763779527
11
-0.1763945275590551
21
-0.3259220866141732
0
LINE
8
BLACK
6
CONTINUOUS
10
-0.1763945275590551
20
-0.3259220866141732
11
-0.1781014173228346
21
-0.3233675984251969
0
LINE
8
BLACK
6
CONTINUOUS
10
-0.1781014173228346
20
-0.3233675984251969
11
-0.1787007874015748
21
-0.3203543307086614
0
LINE
8
BLACK
6
CONTINUOUS
10
-0.1787007874015748
20
-0.3203543307086614
11
-0.1787007874015748
21
-0.3046062992125984
0
LINE
8
BLACK
6
CONTINUOUS
10
-0.1787007874015748
20
-0.3046062992125984
11
-0.1781014173228346
21
-0.301593031496063
0
LINE
8
BLACK
6
CONTINUOUS
10
-0.1781014173228346
20
-0.301593031496063
11
-0.1763945275590551
21
-0.2990385433070866
0
LINE
8
BLACK
6
CONTINUOUS
10
-0.1763945275590551
20
-0.2990385433070866
11
-0.1738400393700787
21
-0.2973316535433071
0
LINE
8
BLACK
6
CONTINUOUS
10
-0.1738400393700787
20
-0.2973316535433071
11
-0.1708267716535433
21
-0.2967322834645669
0
LINE
8
BLACK
6
CONTINUOUS
10
-0.1708267716535433
20
-0.2967322834645669
11
-0.1553874803149606
21
-0.2967322834645669
0
LINE
8
BLACK
6
CONTINUOUS
10
-0.1553874803149606
20
-0.2967322834645669
11
-0.1286779921259842
21
-0.2700227952755905
0
LINE
8
BLACK
6
CONTINUOUS
10
-0.1286779921259842
20
-0.2700227952755905
11
-0.1275595669291339
21
-0.26932
0
LINE
8
BLACK
6
CONTINUOUS
10
-0.1275595669291339
20
-0.26932
11
-0.1265266535433071
21
-0.2684962992125984
0
LINE
8
BLACK
6
CONTINUOUS
10
-0.1265266535433071
20
-0.2684962992125984
11
-0.1260900787401575
21
-0.2683966141732284
0
LINE
8
BLACK
6
CONTINUOUS
10
-0.1260900787401575
20
-0.2683966141732284
11
-0.1257108661417323
21
-0.2681583858267717
0
LINE
8
BLACK
6
CONTINUOUS
10
-0.1257108661417323
20
-0.2681583858267717
11
-0.1243981889763779
21
-0.2680104724409449
0
LINE
8
BLACK
6
CONTINUOUS
10
-0.1243981889763779
20
-0.2680104724409449
11
-0.1231102362204724
21
-0.2677165354330708
0
LINE
8
BLACK
6
CONTINUOUS
10
-0.1231102362204724
20
-0.2677165354330708
11
-0.1035433070866142
21
-0.2677165354330708
0
LINE
8
BLACK
6
CONTINUOUS
10
-0.1035433070866142
20
-0.2677165354330708
11
-0.1035433070866142
21
-0.2460629921259843
0
LINE
8
BLACK
6
CONTINUOUS
10
-0.1035433070866142
20
-0.2460629921259843
11
-0.0444881889763779
21
-0.2460629921259843
0
LINE
8
BLACK
6
CONTINUOUS
10
-0.0444881889763779
20
-0.2460629921259843
11
-0.0444881889763779
21
-0.3051181102362205
0
LINE
8
BLACK
6
CONTINUOUS
10
0.1178664173228346
20
-0.1951370472440945
11
0.1222564566929134
21
-0.1973738976377953
0
LINE
8
BLACK
6
CONTINUOUS
10
0.1222564566929134
20
-0.1973738976377953
11
0.1257404330708661
21
-0.200857874015748
0
LINE
8
BLACK
6
CONTINUOUS
10
0.1257404330708661
20
-0.200857874015748
11
0.1279772834645669
21
-0.2052479133858268
0
LINE
8
BLACK
6
CONTINUOUS
10
0.1279772834645669
20
-0.2052479133858268
11
0.128748031496063
21
-0.2101143307086614
0
LINE
8
BLACK
6
CONTINUOUS
10
0.128748031496063
20
-0.2101143307086614
11
0.1284979921259843
21
-0.211692874015748
0
LINE
8
BLACK
6
CONTINUOUS
10
0.1284979921259843
20
-0.211692874015748
11
0.1369625590551181
21
-0.2201574803149606
0
LINE
8
BLACK
6
CONTINUOUS
10
0.1369625590551181
20
-0.2201574803149606
11
0.1542125984251969
21
-0.2201574803149606
0
LINE
8
BLACK
6
CONTINUOUS
10
0.1542125984251969
20
-0.2201574803149606
11
0.1579791732283465
21
-0.2209066929133858
0
LINE
8
BLACK
6
CONTINUOUS
10
0.1579791732283465
20
-0.2209066929133858
11
0.1611723228346457
21
-0.2230402755905512
0
LINE
8
BLACK
6
CONTINUOUS
10
0.1611723228346457
20
-0.2230402755905512
11
0.1654942519685039
21
-0.2273622047244094
0
LINE
8
BLACK
6
CONTINUOUS
10
0.1654942519685039
20
-0.2273622047244094
11
0.1791338582677165
21
-0.2273622047244094
0
LINE
8
BLACK
6
CONTINUOUS
10
0.1791338582677165
20
-0.2273622047244094
11
0.182523779527559
21
-0.2280364960629921
0
LINE
8
BLACK
6
CONTINUOUS
10
0.182523779527559
20
-0.2280364960629921
11
0.1853975984251968
21
-0.2299567322834646
0
LINE
8
BLACK
6
CONTINUOUS
10
0.1853975984251968
20
-0.2299567322834646
11
0.1873178346456693
21
-0.2328305511811024
0
LINE
8
BLACK
6
CONTINUOUS
10
0.1873178346456693
20
-0.2328305511811024
11
0.187992125984252
21
-0.2362204724409449
0
LINE
8
BLACK
6
CONTINUOUS
10
0.187992125984252
20
-0.2362204724409449
11
0.187992125984252
21
-0.2526440157480315
0
LINE
8
BLACK
6
CONTINUOUS
10
0.187992125984252
20
-0.2526440157480315
11
0.23499
21
-0.2996418897637795
0
LINE
8
BLACK
6
CONTINUOUS
10
0.23499
20
-0.2996418897637795
11
0.2465354330708661
21
-0.2996418897637795
0
LINE
8
BLACK
6
CONTINUOUS
10
0.2465354330708661
20
-0.2996418897637795
11
0.2465354330708661
21
-0.2947206299212599
0
LINE
8
BLACK
6
CONTINUOUS
10
0.2465354330708661
20
-0.2947206299212599
11
0.2622834645669291
21
-0.2947206299212599
0
LINE
8
BLACK
6
CONTINUOUS
10
0.2622834645669291
20
-0.2947206299212599
11
0.2622834645669291
21
-0.3203111811023622
0
LINE
8
BLACK
6
CONTINUOUS
10
0.2622834645669291
20
-0.3203111811023622
11
0.2465354330708661
21
-0.3203111811023622
0
LINE
8
BLACK
6
CONTINUOUS
10
0.2465354330708661
20
-0.3203111811023622
11
0.2465354330708661
21
-0.3153899212598425
0
LINE
8
BLACK
6
CONTINUOUS
10
0.2465354330708661
20
-0.3153899212598425
11
0.2317285039370079
21
-0.3153899212598425
0
LINE
8
BLACK
6
CONTINUOUS
10
0.2317285039370079
20
-0.3153899212598425
11
0.2304405511811023
21
-0.3150959448818897
0
LINE
8
BLACK
6
CONTINUOUS
10
0.2304405511811023
20
-0.3150959448818897
11
0.229127874015748
21
-0.3149480708661417
0
LINE
8
BLACK
6
CONTINUOUS
10
0.229127874015748
20
-0.3149480708661417
11
0.2287486614173228
21
-0.3147098031496063
0
LINE
8
BLACK
6
CONTINUOUS
10
0.2287486614173228
20
-0.3147098031496063
11
0.2283120866141732
21
-0.314610157480315
0
LINE
8
BLACK
6
CONTINUOUS
10
0.2283120866141732
20
-0.314610157480315
11
0.2272791732283465
21
-0.3137864173228346
0
LINE
8
BLACK
6
CONTINUOUS
10
0.2272791732283465
20
-0.3137864173228346
11
0.2261607480314961
21
-0.3130836614173228
0
LINE
8
BLACK
6
CONTINUOUS
10
0.2261607480314961
20
-0.3130836614173228
11
0.1758723622047244
21
-0.2627952755905512
0
LINE
8
BLACK
6
CONTINUOUS
10
0.1758723622047244
20
-0.2627952755905512
11
0.1594488188976378
21
-0.2627952755905512
0
LINE
8
BLACK
6
CONTINUOUS
10
0.1594488188976378
20
-0.2627952755905512
11
0.1560588976377953
21
-0.2621209842519685
0
LINE
8
BLACK
6
CONTINUOUS
10
0.1560588976377953
20
-0.2621209842519685
11
0.1531850787401575
21
-0.2602007480314961
0
LINE
8
BLACK
6
CONTINUOUS
10
0.1531850787401575
20
-0.2602007480314961
11
0.151264842519685
21
-0.2573269291338582
0
LINE
8
BLACK
6
CONTINUOUS
10
0.151264842519685
20
-0.2573269291338582
11
0.1505905511811024
21
-0.2539370078740157
0
LINE
8
BLACK
6
CONTINUOUS
10
0.1505905511811024
20
-0.2539370078740157
11
0.1505905511811024
21
-0.2402974015748031
0
LINE
8
BLACK
6
CONTINUOUS
10
0.1505905511811024
20
-0.2402974015748031
11
0.1501356692913386
21
-0.2398425196850394
0
LINE
8
BLACK
6
CONTINUOUS
10
0.1501356692913386
20
-0.2398425196850394
11
0.1328858661417323
21
-0.2398425196850394
0
LINE
8
BLACK
6
CONTINUOUS
10
0.1328858661417323
20
-0.2398425196850394
11
0.1328856692913386
21
-0.2398425590551181
0
LINE
8
BLACK
6
CONTINUOUS
10
0.1328856692913386
20
-0.2398425590551181
11
0.129119094488189
21
-0.2390933070866142
0
LINE
8
BLACK
6
CONTINUOUS
10
0.129119094488189
20
-0.2390933070866142
11
0.1280788976377953
21
-0.2383982677165354
0
LINE
8
BLACK
6
CONTINUOUS
10
0.1280788976377953
20
-0.2383982677165354
11
0.1259259448818898
21
-0.2369597244094488
0
LINE
8
BLACK
6
CONTINUOUS
10
0.1259259448818898
20
-0.2369597244094488
11
0.1259258267716535
21
-0.2369595669291339
0
LINE
8
BLACK
6
CONTINUOUS
10
0.1259258267716535
20
-0.2369595669291339
11
0.1145785433070866
21
-0.2256123228346457
0
LINE
8
BLACK
6
CONTINUOUS
10
0.1145785433070866
20
-0.2256123228346457
11
0.113
21
-0.2258623622047244
0
LINE
8
BLACK
6
CONTINUOUS
10
0.113
20
-0.2258623622047244
11
0.1081335826771654
21
-0.2250916141732283
0
LINE
8
BLACK
6
CONTINUOUS
10
0.1081335826771654
20
-0.2250916141732283
11
0.1037435433070866
21
-0.2228547637795276
0
LINE
8
BLACK
6
CONTINUOUS
10
0.1037435433070866
20
-0.2228547637795276
11
0.1002595669291339
21
-0.2193707874015748
0
LINE
8
BLACK
6
CONTINUOUS
10
0.1002595669291339
20
-0.2193707874015748
11
0.0980227165354331
21
-0.2149807480314961
0
LINE
8
BLACK
6
CONTINUOUS
10
0.0980227165354331
20
-0.2149807480314961
11
0.097251968503937
21
-0.2101143307086614
0
LINE
8
BLACK
6
CONTINUOUS
10
0.097251968503937
20
-0.2101143307086614
11
0.0980227165354331
21
-0.2052479133858268
0
LINE
8
BLACK
6
CONTINUOUS
10
0.0980227165354331
20
-0.2052479133858268
11
0.1002595669291339
21
-0.200857874015748
0
LINE
8
BLACK
6
CONTINUOUS
10
0.1002595669291339
20
-0.200857874015748
11
0.1037435433070866
21
-0.1973738976377953
0
LINE
8
BLACK
6
CONTINUOUS
10
0.1037435433070866
20
-0.1973738976377953
11
0.1081335826771654
21
-0.1951370472440945
0
LINE
8
BLACK
6
CONTINUOUS
10
0.1081335826771654
20
-0.1951370472440945
11
0.113
21
-0.1943662992125984
0
LINE
8
BLACK
6
CONTINUOUS
10
0.113
20
-0.1943662992125984
11
0.1178664173228346
21
-0.1951370472440945
0
LINE
8
BLACK
6
CONTINUOUS
10
-0.287444094488189
20
-0.0924688976377953
11
-0.2832900787401575
21
-0.0942910236220472
0
LINE
8
BLACK
6
CONTINUOUS
10
-0.2832900787401575
20
-0.0942910236220472
11
-0.2799527952755905
21
-0.0973632283464567
0
LINE
8
BLACK
6
CONTINUOUS
10
-0.2799527952755905
20
-0.0973632283464567
11
-0.2777938582677165
21
-0.1013525590551181
0
LINE
8
BLACK
6
CONTINUOUS
10
-0.2777938582677165
20
-0.1013525590551181
11
-0.2770472440944882
21
-0.1058267716535433
0
LINE
8
BLACK
6
CONTINUOUS
10
-0.2770472440944882
20
-0.1058267716535433
11
-0.2770472440944882
21
-0.1806299212598425
0
LINE
8
BLACK
6
CONTINUOUS
10
-0.2770472440944882
20
-0.1806299212598425
11
-0.2772351968503937
21
-0.1828979527559055
0
LINE
8
BLACK
6
CONTINUOUS
10
-0.2772351968503937
20
-0.1828979527559055
11
-0.2777068897637795
21
-0.1842719291338583
0
LINE
8
BLACK
6
CONTINUOUS
10
-0.2777068897637795
20
-0.1842719291338583
11
-0.2667385039370079
21
-0.1952403149606299
0
LINE
8
BLACK
6
CONTINUOUS
10
-0.2667385039370079
20
-0.1952403149606299
11
-0.208
21
-0.1952403149606299
0
LINE
8
BLACK
6
CONTINUOUS
10
-0.208
20
-0.1952403149606299
11
-0.2067120866141732
21
-0.1955342519685039
0
LINE
8
BLACK
6
CONTINUOUS
10
-0.2067120866141732
20
-0.1955342519685039
11
-0.2053993700787402
21
-0.1956821653543307
0
LINE
8
BLACK
6
CONTINUOUS
10
-0.2053993700787402
20
-0.1956821653543307
11
-0.2050201968503937
21
-0.1959203937007874
0
LINE
8
BLACK
6
CONTINUOUS
10
-0.2050201968503937
20
-0.1959203937007874
11
-0.2045835826771653
21
-0.1960200787401575
0
LINE
8
BLACK
6
CONTINUOUS
10
-0.2045835826771653
20
-0.1960200787401575
11
-0.2035507086614173
21
-0.196843779527559
0
LINE
8
BLACK
6
CONTINUOUS
10
-0.2035507086614173
20
-0.196843779527559
11
-0.2024322440944882
21
-0.1975465748031496
0
LINE
8
BLACK
6
CONTINUOUS
10
-0.2024322440944882
20
-0.1975465748031496
11
-0.1682071653543307
21
-0.2317716535433071
0
LINE
8
BLACK
6
CONTINUOUS
10
-0.1682071653543307
20
-0.2317716535433071
11
-0.1553874803149606
21
-0.2317716535433071
0
LINE
8
BLACK
6
CONTINUOUS
10
-0.1553874803149606
20
-0.2317716535433071
11
-0.0961624409448819
21
-0.1725465748031496
0
LINE
8
BLACK
6
CONTINUOUS
10
-0.0961624409448819
20
-0.1725465748031496
11
-0.0950438976377953
21
-0.1718437007874016
0
LINE
8
BLACK
6
CONTINUOUS
10
-0.0950438976377953
20
-0.1718437007874016
11
-0.094011062992126
21
-0.1710200787401575
0
LINE
8
BLACK
6
CONTINUOUS
10
-0.094011062992126
20
-0.1710200787401575
11
-0.0935744881889764
21
-0.1709203937007874
0
LINE
8
BLACK
6
CONTINUOUS
10
-0.0935744881889764
20
-0.1709203937007874
11
-0.0931952755905512
21
-0.1706821653543307
0
LINE
8
BLACK
6
CONTINUOUS
10
-0.0931952755905512
20
-0.1706821653543307
11
-0.0918825590551181
21
-0.1705342519685039
0
LINE
8
BLACK
6
CONTINUOUS
10
-0.0918825590551181
20
-0.1705342519685039
11
-0.0905946456692913
21
-0.1702403149606299
0
LINE
8
BLACK
6
CONTINUOUS
10
-0.0905946456692913
20
-0.1702403149606299
11
0.1781143307086614
21
-0.1702403149606299
0
LINE
8
BLACK
6
CONTINUOUS
10
0.1781143307086614
20
-0.1702403149606299
11
0.1794022440944882
21
-0.1705342519685039
0
LINE
8
BLACK
6
CONTINUOUS
10
0.1794022440944882
20
-0.1705342519685039
11
0.1807149606299213
21
-0.1706821653543307
0
LINE
8
BLACK
6
CONTINUOUS
10
0.1807149606299213
20
-0.1706821653543307
11
0.1810941338582677
21
-0.1709203937007874
0
LINE
8
BLACK
6
CONTINUOUS
10
0.1810941338582677
20
-0.1709203937007874
11
0.181530748031496
21
-0.1710200787401575
0
LINE
8
BLACK
6
CONTINUOUS
10
0.181530748031496
20
-0.1710200787401575
11
0.1825636220472441
21
-0.1718437795275591
0
LINE
8
BLACK
6
CONTINUOUS
10
0.1825636220472441
20
-0.1718437795275591
11
0.1836820866141732
21
-0.1725465748031496
0
LINE
8
BLACK
6
CONTINUOUS
10
0.1836820866141732
20
-0.1725465748031496
11
0.2155677559055118
21
-0.2044322440944882
0
LINE
8
BLACK
6
CONTINUOUS
10
0.2155677559055118
20
-0.2044322440944882
11
0.2162705118110236
21
-0.2055506692913386
0
LINE
8
BLACK
6
CONTINUOUS
10
0.2162705118110236
20
-0.2055506692913386
11
0.2170942519685039
21
-0.2065835826771653
0
LINE
8
BLACK
6
CONTINUOUS
10
0.2170942519685039
20
-0.2065835826771653
11
0.2171938976377953
21
-0.207020157480315
0
LINE
8
BLACK
6
CONTINUOUS
10
0.2171938976377953
20
-0.207020157480315
11
0.2174321653543307
21
-0.2073993700787402
0
LINE
8
BLACK
6
CONTINUOUS
10
0.2174321653543307
20
-0.2073993700787402
11
0.2175800393700787
21
-0.2087120472440945
0
LINE
8
BLACK
6
CONTINUOUS
10
0.2175800393700787
20
-0.2087120472440945
11
0.2178740157480315
21
-0.21
0
LINE
8
BLACK
6
CONTINUOUS
10
0.2178740157480315
20
-0.21
11
0.2178740157480315
21
-0.2382345275590551
0
LINE
8
BLACK
6
CONTINUOUS
10
0.2178740157480315
20
-0.2382345275590551
11
0.2417654724409449
21
-0.2621259842519685
0
LINE
8
BLACK
6
CONTINUOUS
10
0.2417654724409449
20
-0.2621259842519685
11
0.27
21
-0.2621259842519685
0
LINE
8
BLACK
6
CONTINUOUS
10
0.27
20
-0.2621259842519685
11
0.2712879133858268
21
-0.2624199212598425
0
LINE
8
BLACK
6
CONTINUOUS
10
0.2712879133858268
20
-0.2624199212598425
11
0.2726006299212598
21
-0.2625678346456693
0
LINE
8
BLACK
6
CONTINUOUS
10
0.2726006299212598
20
-0.2625678346456693
11
0.2729798031496063
21
-0.262806062992126
0
LINE
8
BLACK
6
CONTINUOUS
10
0.2729798031496063
20
-0.262806062992126
11
0.2734164173228346
21
-0.2629057480314961
0
LINE
8
BLACK
6
CONTINUOUS
10
0.2734164173228346
20
-0.2629057480314961
11
0.2744492913385826
21
-0.2637294488188976
0
LINE
8
BLACK
6
CONTINUOUS
10
0.2744492913385826
20
-0.2637294488188976
11
0.2755677559055118
21
-0.2644322440944882
0
LINE
8
BLACK
6
CONTINUOUS
10
0.2755677559055118
20
-0.2644322440944882
11
0.3058561417322835
21
-0.2947206299212599
0
LINE
8
BLACK
6
CONTINUOUS
10
0.3058561417322835
20
-0.2947206299212599
11
0.3134645669291338
21
-0.2947206299212599
0
LINE
8
BLACK
6
CONTINUOUS
10
0.3134645669291338
20
-0.2947206299212599
11
0.3134645669291338
21
-0.3203111811023622
0
LINE
8
BLACK
6
CONTINUOUS
10
0.3134645669291338
20
-0.3203111811023622
11
0.2977165354330709
21
-0.3203111811023622
0
LINE
8
BLACK
6
CONTINUOUS
10
0.2977165354330709
20
-0.3203111811023622
11
0.2977165354330709
21
-0.3088520472440945
0
LINE
8
BLACK
6
CONTINUOUS
10
0.2977165354330709
20
-0.3088520472440945
11
0.2667385039370079
21
-0.2778740157480315
0
LINE
8
BLACK
6
CONTINUOUS
10
0.2667385039370079
20
-0.2778740157480315
11
0.238503937007874
21
-0.2778740157480315
0
LINE
8
BLACK
6
CONTINUOUS
10
0.238503937007874
20
-0.2778740157480315
11
0.2372161417322834
21
-0.2775800787401575
0
LINE
8
BLACK
6
CONTINUOUS
10
0.2372161417322834
20
-0.2775800787401575
11
0.2359033070866142
21
-0.2774321653543307
0
LINE
8
BLACK
6
CONTINUOUS
10
0.2359033070866142
20
-0.2774321653543307
11
0.235524094488189
21
-0.2771938976377953
0
LINE
8
BLACK
6
CONTINUOUS
10
0.235524094488189
20
-0.2771938976377953
11
0.2350875196850394
21
-0.277094251968504
0
LINE
8
BLACK
6
CONTINUOUS
10
0.2350875196850394
20
-0.277094251968504
11
0.2340547637795276
21
-0.2762706299212598
0
LINE
8
BLACK
6
CONTINUOUS
10
0.2340547637795276
20
-0.2762706299212598
11
0.2329361811023622
21
-0.2755677952755906
0
LINE
8
BLACK
6
CONTINUOUS
10
0.2329361811023622
20
-0.2755677952755906
11
0.2044322440944882
21
-0.2470638188976378
0
LINE
8
BLACK
6
CONTINUOUS
10
0.2044322440944882
20
-0.2470638188976378
11
0.2037294488188976
21
-0.2459453543307087
0
LINE
8
BLACK
6
CONTINUOUS
10
0.2037294488188976
20
-0.2459453543307087
11
0.2029057480314961
21
-0.2449124803149606
0
LINE
8
BLACK
6
CONTINUOUS
10
0.2029057480314961
20
-0.2449124803149606
11
0.202806062992126
21
-0.2444758661417323
0
LINE
8
BLACK
6
CONTINUOUS
10
0.202806062992126
20
-0.2444758661417323
11
0.2025678346456693
21
-0.2440966929133858
0
LINE
8
BLACK
6
CONTINUOUS
10
0.2025678346456693
20
-0.2440966929133858
11
0.2024199212598425
21
-0.2427839763779527
0
LINE
8
BLACK
6
CONTINUOUS
10
0.2024199212598425
20
-0.2427839763779527
11
0.2021259842519685
21
-0.241496062992126
0
LINE
8
BLACK
6
CONTINUOUS
10
0.2021259842519685
20
-0.241496062992126
11
0.2021259842519685
21
-0.2132614960629921
0
LINE
8
BLACK
6
CONTINUOUS
10
0.2021259842519685
20
-0.2132614960629921
11
0.1748528346456693
21
-0.1859883464566929
0
LINE
8
BLACK
6
CONTINUOUS
10
0.1748528346456693
20
-0.1859883464566929
11
-0.0873331102362205
21
-0.1859883464566929
0
LINE
8
BLACK
6
CONTINUOUS
10
-0.0873331102362205
20
-0.1859883464566929
11
-0.1412992125984252
21
-0.2399544094488189
0
LINE
8
BLACK
6
CONTINUOUS
10
-0.1412992125984252
20
-0.2399544094488189
11
-0.1412992125984252
21
-0.2553937007874016
0
LINE
8
BLACK
6
CONTINUOUS
10
-0.1412992125984252
20
-0.2553937007874016
11
-0.1418985826771653
21
-0.258406968503937
0
LINE
8
BLACK
6
CONTINUOUS
10
-0.1418985826771653
20
-0.258406968503937
11
-0.1436054724409449
21
-0.2609614566929134
0
LINE
8
BLACK
6
CONTINUOUS
10
-0.1436054724409449
20
-0.2609614566929134
11
-0.1461599606299213
21
-0.2626683464566929
0
LINE
8
BLACK
6
CONTINUOUS
10
-0.1461599606299213
20
-0.2626683464566929
11
-0.1491732283464567
21
-0.2632677165354331
0
LINE
8
BLACK
6
CONTINUOUS
10
-0.1491732283464567
20
-0.2632677165354331
11
-0.1708267716535433
21
-0.2632677165354331
0
LINE
8
BLACK
6
CONTINUOUS
10
-0.1708267716535433
20
-0.2632677165354331
11
-0.1738400393700787
21
-0.2626683464566929
0
LINE
8
BLACK
6
CONTINUOUS
10
-0.1738400393700787
20
-0.2626683464566929
11
-0.1763945275590551
21
-0.2609614566929134
0
LINE
8
BLACK
6
CONTINUOUS
10
-0.1763945275590551
20
-0.2609614566929134
11
-0.1781014173228346
21
-0.258406968503937
0
LINE
8
BLACK
6
CONTINUOUS
10
-0.1781014173228346
20
-0.258406968503937
11
-0.1787007874015748
21
-0.2553937007874016
0
LINE
8
BLACK
6
CONTINUOUS
10
-0.1787007874015748
20
-0.2553937007874016
11
-0.1787007874015748
21
-0.2435490551181102
0
LINE
8
BLACK
6
CONTINUOUS
10
-0.1787007874015748
20
-0.2435490551181102
11
-0.2112614960629921
21
-0.2109883464566929
0
LINE
8
BLACK
6
CONTINUOUS
10
-0.2112614960629921
20
-0.2109883464566929
11
-0.27
21
-0.2109883464566929
0
LINE
8
BLACK
6
CONTINUOUS
10
-0.27
20
-0.2109883464566929
11
-0.2712879527559055
21
-0.2106943700787401
0
LINE
8
BLACK
6
CONTINUOUS
10
-0.2712879527559055
20
-0.2106943700787401
11
-0.2726006299212598
21
-0.2105464960629921
0
LINE
8
BLACK
6
CONTINUOUS
10
-0.2726006299212598
20
-0.2105464960629921
11
-0.272979842519685
21
-0.2103082283464567
0
LINE
8
BLACK
6
CONTINUOUS
10
-0.272979842519685
20
-0.2103082283464567
11
-0.2734164173228346
21
-0.2102085826771654
0
LINE
8
BLACK
6
CONTINUOUS
10
-0.2734164173228346
20
-0.2102085826771654
11
-0.2744493307086614
21
-0.209384842519685
0
LINE
8
BLACK
6
CONTINUOUS
10
-0.2744493307086614
20
-0.209384842519685
11
-0.2755677559055118
21
-0.2086820866141732
0
LINE
8
BLACK
6
CONTINUOUS
10
-0.2755677559055118
20
-0.2086820866141732
11
-0.2899053937007874
21
-0.1943444488188976
0
LINE
8
BLACK
6
CONTINUOUS
10
-0.2899053937007874
20
-0.1943444488188976
11
-0.2942094488188977
21
-0.1939877952755905
0
LINE
8
BLACK
6
CONTINUOUS
10
-0.2942094488188977
20
-0.1939877952755905
11
-0.2983634645669291
21
-0.1921656692913386
0
LINE
8
BLACK
6
CONTINUOUS
10
-0.2983634645669291
20
-0.1921656692913386
11
-0.301700748031496
21
-0.1890934645669291
0
LINE
8
BLACK
6
CONTINUOUS
10
-0.301700748031496
20
-0.1890934645669291
11
-0.3038596850393701
21
-0.1851041338582677
0
LINE
8
BLACK
6
CONTINUOUS
10
-0.3038596850393701
20
-0.1851041338582677
11
-0.3046062992125984
21
-0.1806299212598425
0
LINE
8
BLACK
6
CONTINUOUS
10
-0.3046062992125984
20
-0.1806299212598425
11
-0.3046062992125984
21
-0.1058267716535433
0
LINE
8
BLACK
6
CONTINUOUS
10
-0.3046062992125984
20
-0.1058267716535433
11
-0.3044183464566929
21
-0.1035587401574803
0
LINE
8
BLACK
6
CONTINUOUS
10
-0.3044183464566929
20
-0.1035587401574803
11
-0.3029455118110236
21
-0.0992684251968504
0
LINE
8
BLACK
6
CONTINUOUS
10
-0.3029455118110236
20
-0.0992684251968504
11
-0.3001594094488189
21
-0.0956888582677165
0
LINE
8
BLACK
6
CONTINUOUS
10
-0.3001594094488189
20
-0.0956888582677165
11
-0.2963619291338583
21
-0.0932078346456693
0
LINE
8
BLACK
6
CONTINUOUS
10
-0.2963619291338583
20
-0.0932078346456693
11
-0.2919646850393701
21
-0.0920942913385827
0
LINE
8
BLACK
6
CONTINUOUS
10
-0.2919646850393701
20
-0.0920942913385827
11
-0.287444094488189
21
-0.0924688976377953
0
LINE
8
BLACK
6
CONTINUOUS
10
0.2622834645669291
20
-0.245508031496063
11
0.2465354330708661
21
-0.245508031496063
0
LINE
8
BLACK
6
CONTINUOUS
10
0.2465354330708661
20
-0.245508031496063
11
0.2465354330708661
21
-0.2199174803149606
0
LINE
8
BLACK
6
CONTINUOUS
10
0.2465354330708661
20
-0.2199174803149606
11
0.2622834645669291
21
-0.2199174803149606
0
LINE
8
BLACK
6
CONTINUOUS
10
0.2622834645669291
20
-0.2199174803149606
11
0.2622834645669291
21
-0.245508031496063
0
LINE
8
BLACK
6
CONTINUOUS
10
0.376128779527559
20
0.2403962992125984
11
0.3793219291338583
21
0.2382627165354331
0
LINE
8
BLACK
6
CONTINUOUS
10
0.3793219291338583
20
0.2382627165354331
11
0.3814555118110236
21
0.2350695669291339
0
LINE
8
BLACK
6
CONTINUOUS
10
0.3814555118110236
20
0.2350695669291339
11
0.3822047244094488
21
0.2313029921259842
0
LINE
8
BLACK
6
CONTINUOUS
10
0.3822047244094488
20
0.2313029921259842
11
0.3822047244094488
21
0.2106337007874016
0
LINE
8
BLACK
6
CONTINUOUS
10
0.3822047244094488
20
0.2106337007874016
11
0.3814555118110236
21
0.206867125984252
0
LINE
8
BLACK
6
CONTINUOUS
10
0.3814555118110236
20
0.206867125984252
11
0.3793219291338583
21
0.2036739763779528
0
LINE
8
BLACK
6
CONTINUOUS
10
0.3793219291338583
20
0.2036739763779528
11
0.376128779527559
21
0.2015403937007874
0
LINE
8
BLACK
6
CONTINUOUS
10
0.376128779527559
20
0.2015403937007874
11
0.3723622047244095
21
0.2007911811023622
0
LINE
8
BLACK
6
CONTINUOUS
10
0.3723622047244095
20
0.2007911811023622
11
0.3638425196850394
21
0.2007911811023622
0
LINE
8
BLACK
6
CONTINUOUS
10
0.3638425196850394
20
0.2007911811023622
11
0.3638425196850394
21
0.029
0
LINE
8
BLACK
6
CONTINUOUS
10
0.3638425196850394
20
0.029
11
0.3630933070866142
21
0.0252334251968504
0
LINE
8
BLACK
6
CONTINUOUS
10
0.3630933070866142
20
0.0252334251968504
11
0.3609597244094488
21
0.0220402755905512
0
LINE
8
BLACK
6
CONTINUOUS
10
0.3609597244094488
20
0.0220402755905512
11
0.2584645669291338
21
-0.0804548818897638
0
LINE
8
BLACK
6
CONTINUOUS
10
0.2584645669291338
20
-0.0804548818897638
11
0.2584645669291338
21
-0.1274433464566929
0
LINE
8
BLACK
6
CONTINUOUS
10
0.2584645669291338
20
-0.1274433464566929
11
0.2855677559055118
21
-0.1545465354330709
0
LINE
8
BLACK
6
CONTINUOUS
10
0.2855677559055118
20
-0.1545465354330709
11
0.2862705905511811
21
-0.1556650787401575
0
LINE
8
BLACK
6
CONTINUOUS
10
0.2862705905511811
20
-0.1556650787401575
11
0.2870942519685039
21
-0.1566979133858268
0
LINE
8
BLACK
6
CONTINUOUS
10
0.2870942519685039
20
-0.1566979133858268
11
0.2871938976377953
21
-0.1571344881889764
0
LINE
8
BLACK
6
CONTINUOUS
10
0.2871938976377953
20
-0.1571344881889764
11
0.2874321653543307
21
-0.1575137007874016
0
LINE
8
BLACK
6
CONTINUOUS
10
0.2874321653543307
20
-0.1575137007874016
11
0.2875800393700788
21
-0.1588264173228346
0
LINE
8
BLACK
6
CONTINUOUS
10
0.2875800393700788
20
-0.1588264173228346
11
0.2878740157480315
21
-0.1601143307086614
0
LINE
8
BLACK
6
CONTINUOUS
10
0.2878740157480315
20
-0.1601143307086614
11
0.2878740157480315
21
-0.2199174803149606
0
LINE
8
BLACK
6
CONTINUOUS
10
0.2878740157480315
20
-0.2199174803149606
11
0.2878740157480315
21
-0.245508031496063
0
LINE
8
BLACK
6
CONTINUOUS
10
0.2878740157480315
20
-0.245508031496063
11
0.2721259842519685
21
-0.245508031496063
0
LINE
8
BLACK
6
CONTINUOUS
10
0.2721259842519685
20
-0.245508031496063
11
0.2721259842519685
21
-0.2199174803149606
0
LINE
8
BLACK
6
CONTINUOUS
10
0.2721259842519685
20
-0.2199174803149606
11
0.2721259842519685
21
-0.1633758267716535
0
LINE
8
BLACK
6
CONTINUOUS
10
0.2721259842519685
20
-0.1633758267716535
11
0.2422147244094488
21
-0.1334645669291339
0
LINE
8
BLACK
6
CONTINUOUS
10
0.2422147244094488
20
-0.1334645669291339
11
0.1915354330708662
21
-0.1334645669291339
0
LINE
8
BLACK
6
CONTINUOUS
10
0.1915354330708662
20
-0.1334645669291339
11
0.1915354330708662
21
-0.0665354330708661
0
LINE
8
BLACK
6
CONTINUOUS
10
0.1915354330708662
20
-0.0665354330708661
11
0.2445451181102362
21
-0.0665354330708661
0
LINE
8
BLACK
6
CONTINUOUS
10
0.2445451181102362
20
-0.0665354330708661
11
0.3441574803149606
21
0.0330769291338583
0
LINE
8
BLACK
6
CONTINUOUS
10
0.3441574803149606
20
0.0330769291338583
11
0.3441574803149606
21
0.2007911811023622
0
LINE
8
BLACK
6
CONTINUOUS
10
0.3441574803149606
20
0.2007911811023622
11
0.3369291338582677
21
0.2007911811023622
0
LINE
8
BLACK
6
CONTINUOUS
10
0.3369291338582677
20
0.2007911811023622
11
0.3331625590551181
21
0.2015403937007874
0
LINE
8
BLACK
6
CONTINUOUS
10
0.3331625590551181
20
0.2015403937007874
11
0.3299694094488189
21
0.2036739763779528
0
LINE
8
BLACK
6
CONTINUOUS
10
0.3299694094488189
20
0.2036739763779528
11
0.3278358267716535
21
0.206867125984252
0
LINE
8
BLACK
6
CONTINUOUS
10
0.3278358267716535
20
0.206867125984252
11
0.3270866141732283
21
0.2106337007874016
0
LINE
8
BLACK
6
CONTINUOUS
10
0.3270866141732283
20
0.2106337007874016
11
0.3270866141732283
21
0.2313029921259842
0
LINE
8
BLACK
6
CONTINUOUS
10
0.3270866141732283
20
0.2313029921259842
11
0.3278358267716535
21
0.2350695669291339
0
LINE
8
BLACK
6
CONTINUOUS
10
0.3278358267716535
20
0.2350695669291339
11
0.3299694094488189
21
0.2382627165354331
0
LINE
8
BLACK
6
CONTINUOUS
10
0.3299694094488189
20
0.2382627165354331
11
0.3331625590551181
21
0.2403962992125984
0
LINE
8
BLACK
6
CONTINUOUS
10
0.3331625590551181
20
0.2403962992125984
11
0.3369291338582677
21
0.2411455118110236
0
LINE
8
BLACK
6
CONTINUOUS
10
0.3369291338582677
20
0.2411455118110236
11
0.3723622047244095
21
0.2411455118110236
0
LINE
8
BLACK
6
CONTINUOUS
10
0.3723622047244095
20
0.2411455118110236
11
0.376128779527559
21
0.2403962992125984
0
LINE
8
BLACK
6
CONTINUOUS
10
-0.314585157480315
20
0.310428031496063
11
-0.3120306692913386
21
0.3087211417322834
0
LINE
8
BLACK
6
CONTINUOUS
10
-0.3120306692913386
20
0.3087211417322834
11
-0.3103237795275591
21
0.3061666535433071
0
LINE
8
BLACK
6
CONTINUOUS
10
-0.3103237795275591
20
0.3061666535433071
11
-0.3097244094488189
21
0.3031533858267716
0
LINE
8
BLACK
6
CONTINUOUS
10
-0.3097244094488189
20
0.3031533858267716
11
-0.3097244094488189
21
0.281499842519685
0
LINE
8
BLACK
6
CONTINUOUS
10
-0.3097244094488189
20
0.281499842519685
11
-0.3103237795275591
21
0.2784865748031496
0
LINE
8
BLACK
6
CONTINUOUS
10
-0.3103237795275591
20
0.2784865748031496
11
-0.3120306692913386
21
0.2759320866141732
0
LINE
8
BLACK
6
CONTINUOUS
10
-0.3120306692913386
20
0.2759320866141732
11
-0.314585157480315
21
0.2742251968503937
0
LINE
8
BLACK
6
CONTINUOUS
10
-0.314585157480315
20
0.2742251968503937
11
-0.3175984251968504
21
0.2736258267716535
0
LINE
8
BLACK
6
CONTINUOUS
10
-0.3175984251968504
20
0.2736258267716535
11
-0.3333464566929134
21
0.2736258267716535
0
LINE
8
BLACK
6
CONTINUOUS
10
-0.3333464566929134
20
0.2736258267716535
11
-0.3363597244094488
21
0.2742251968503937
0
LINE
8
BLACK
6
CONTINUOUS
10
-0.3363597244094488
20
0.2742251968503937
11
-0.3389142125984252
21
0.2759320866141732
0
LINE
8
BLACK
6
CONTINUOUS
10
-0.3389142125984252
20
0.2759320866141732
11
-0.339043779527559
21
0.2761259842519685
0
LINE
8
BLACK
6
CONTINUOUS
10
-0.339043779527559
20
0.2761259842519685
11
-0.3427384645669291
21
0.2761259842519685
0
LINE
8
BLACK
6
CONTINUOUS
10
-0.3427384645669291
20
0.2761259842519685
11
-0.3772170472440945
21
0.2416474803149606
0
LINE
8
BLACK
6
CONTINUOUS
10
-0.3772170472440945
20
0.2416474803149606
11
-0.3770472440944882
21
0.2406299212598425
0
LINE
8
BLACK
6
CONTINUOUS
10
-0.3770472440944882
20
0.2406299212598425
11
-0.3770472440944882
21
0.1658267716535433
0
LINE
8
BLACK
6
CONTINUOUS
10
-0.3770472440944882
20
0.1658267716535433
11
-0.3772351968503937
21
0.1635587401574803
0
LINE
8
BLACK
6
CONTINUOUS
10
-0.3772351968503937
20
0.1635587401574803
11
-0.378708031496063
21
0.1592684251968504
0
LINE
8
BLACK
6
CONTINUOUS
10
-0.378708031496063
20
0.1592684251968504
11
-0.3809842519685039
21
0.1563439763779527
0
LINE
8
BLACK
6
CONTINUOUS
10
-0.3809842519685039
20
0.1563439763779527
11
-0.3809842519685039
21
0.0191732283464567
0
LINE
8
BLACK
6
CONTINUOUS
10
-0.3809842519685039
20
0.0191732283464567
11
-0.3817334645669291
21
0.0154066535433071
0
LINE
8
BLACK
6
CONTINUOUS
10
-0.3817334645669291
20
0.0154066535433071
11
-0.3838670472440945
21
0.0122135039370079
0
LINE
8
BLACK
6
CONTINUOUS
10
-0.3838670472440945
20
0.0122135039370079
11
-0.5301574803149606
21
-0.1340769291338583
0
LINE
8
BLACK
6
CONTINUOUS
10
-0.5301574803149606
20
-0.1340769291338583
11
-0.5301574803149606
21
-0.1499997637795276
0
LINE
8
BLACK
6
CONTINUOUS
10
-0.5301574803149606
20
-0.1499997637795276
11
-0.5301574409448819
21
-0.15
0
LINE
8
BLACK
6
CONTINUOUS
10
-0.5301574409448819
20
-0.15
11
-0.5306423622047244
21
-0.1524377165354331
0
LINE
8
BLACK
6
CONTINUOUS
10
-0.5306423622047244
20
-0.1524377165354331
11
-0.5309066929133858
21
-0.1537665748031496
0
LINE
8
BLACK
6
CONTINUOUS
10
-0.5309066929133858
20
-0.1537665748031496
11
-0.5330402755905511
21
-0.1569597244094488
0
LINE
8
BLACK
6
CONTINUOUS
10
-0.5330402755905511
20
-0.1569597244094488
11
-0.5330404330708661
21
-0.1569598031496063
0
LINE
8
BLACK
6
CONTINUOUS
10
-0.5330404330708661
20
-0.1569598031496063
11
-0.5953987007874015
21
-0.2193181496062992
0
LINE
8
BLACK
6
CONTINUOUS
10
-0.5953987007874015
20
-0.2193181496062992
11
-0.5985918503937008
21
-0.2214517322834646
0
LINE
8
BLACK
6
CONTINUOUS
10
-0.5985918503937008
20
-0.2214517322834646
11
-0.6023584251968503
21
-0.2222009448818898
0
LINE
8
BLACK
6
CONTINUOUS
10
-0.6023584251968503
20
-0.2222009448818898
11
-0.6211764173228347
21
-0.2222009448818898
0
LINE
8
BLACK
6
CONTINUOUS
10
-0.6211764173228347
20
-0.2222009448818898
11
-0.6213359842519685
21
-0.2224397637795276
0
LINE
8
BLACK
6
CONTINUOUS
10
-0.6213359842519685
20
-0.2224397637795276
11
-0.6232518503937008
21
-0.2237199212598425
0
LINE
8
BLACK
6
CONTINUOUS
10
-0.6232518503937008
20
-0.2237199212598425
11
-0.6255118110236221
21
-0.2241694488188976
0
LINE
8
BLACK
6
CONTINUOUS
10
-0.6255118110236221
20
-0.2241694488188976
11
-0.6806299212598425
21
-0.2241694488188976
0
LINE
8
BLACK
6
CONTINUOUS
10
-0.6806299212598425
20
-0.2241694488188976
11
-0.6828898818897637
21
-0.2237199212598425
0
LINE
8
BLACK
6
CONTINUOUS
10
-0.6828898818897637
20
-0.2237199212598425
11
-0.6848057480314961
21
-0.2224397637795276
0
LINE
8
BLACK
6
CONTINUOUS
10
-0.6848057480314961
20
-0.2224397637795276
11
-0.68496531496063
21
-0.2222009448818898
0
LINE
8
BLACK
6
CONTINUOUS
10
-0.68496531496063
20
-0.2222009448818898
11
-0.6976415748031496
21
-0.2222009448818898
0
LINE
8
BLACK
6
CONTINUOUS
10
-0.6976415748031496
20
-0.2222009448818898
11
-0.7014081496062992
21
-0.2214517322834646
0
LINE
8
BLACK
6
CONTINUOUS
10
-0.7014081496062992
20
-0.2214517322834646
11
-0.7046012992125984
21
-0.2193181496062992
0
LINE
8
BLACK
6
CONTINUOUS
10
-0.7046012992125984
20
-0.2193181496062992
11
-0.7046014173228347
21
-0.2193179921259842
0
LINE
8
BLACK
6
CONTINUOUS
10
-0.7046014173228347
20
-0.2193179921259842
11
-0.7121959448818898
21
-0.2117235039370079
0
LINE
8
BLACK
6
CONTINUOUS
10
-0.7121959448818898
20
-0.2117235039370079
11
-0.7143295275590551
21
-0.2085303543307087
0
LINE
8
BLACK
6
CONTINUOUS
10
-0.7143295275590551
20
-0.2085303543307087
11
-0.7150787401574803
21
-0.2047637795275591
0
LINE
8
BLACK
6
CONTINUOUS
10
-0.7150787401574803
20
-0.2047637795275591
11
-0.7150787401574803
21
0.154763779527559
0
LINE
8
BLACK
6
CONTINUOUS
10
-0.7150787401574803
20
0.154763779527559
11
-0.7143295275590551
21
0.1585303543307087
0
LINE
8
BLACK
6
CONTINUOUS
10
-0.7143295275590551
20
0.1585303543307087
11
-0.7121959448818898
21
0.1617235039370079
0
LINE
8
BLACK
6
CONTINUOUS
10
-0.7121959448818898
20
0.1617235039370079
11
-0.7023496456692914
21
0.1715698031496063
0
LINE
8
BLACK
6
CONTINUOUS
10
-0.7023496456692914
20
0.1715698031496063
11
-0.6991564960629921
21
0.1737033858267716
0
LINE
8
BLACK
6
CONTINUOUS
10
-0.6991564960629921
20
0.1737033858267716
11
-0.6953899212598426
21
0.1744525984251968
0
LINE
8
BLACK
6
CONTINUOUS
10
-0.6953899212598426
20
0.1744525984251968
11
-0.68496531496063
21
0.1744525984251968
0
LINE
8
BLACK
6
CONTINUOUS
10
-0.68496531496063
20
0.1744525984251968
11
-0.6848057480314961
21
0.1746914173228346
0
LINE
8
BLACK
6
CONTINUOUS
10
-0.6848057480314961
20
0.1746914173228346
11
-0.6828898818897637
21
0.1759715748031496
0
LINE
8
BLACK
6
CONTINUOUS
10
-0.6828898818897637
20
0.1759715748031496
11
-0.6806299212598425
21
0.1764211023622047
0
LINE
8
BLACK
6
CONTINUOUS
10
-0.6806299212598425
20
0.1764211023622047
11
-0.6255118110236221
21
0.1764211023622047
0
LINE
8
BLACK
6
CONTINUOUS
10
-0.6255118110236221
20
0.1764211023622047
11
-0.6232518503937008
21
0.1759715748031496
0
LINE
8
BLACK
6
CONTINUOUS
10
-0.6232518503937008
20
0.1759715748031496
11
-0.6213359842519685
21
0.1746914173228346
0
LINE
8
BLACK
6
CONTINUOUS
10
-0.6213359842519685
20
0.1746914173228346
11
-0.6200558267716535
21
0.1727755511811024
0
LINE
8
BLACK
6
CONTINUOUS
10
-0.6200558267716535
20
0.1727755511811024
11
-0.6196062992125985
21
0.1705155905511811
0
LINE
8
BLACK
6
CONTINUOUS
10
-0.6196062992125985
20
0.1705155905511811
11
-0.6196062992125985
21
0.1587045669291338
0
LINE
8
BLACK
6
CONTINUOUS
10
-0.6196062992125985
20
0.1587045669291338
11
-0.6200558267716535
21
0.1564446062992126
0
LINE
8
BLACK
6
CONTINUOUS
10
-0.6200558267716535
20
0.1564446062992126
11
-0.6213359842519685
21
0.1545287401574803
0
LINE
8
BLACK
6
CONTINUOUS
10
-0.6213359842519685
20
0.1545287401574803
11
-0.6232518503937008
21
0.1532485826771653
0
LINE
8
BLACK
6
CONTINUOUS
10
-0.6232518503937008
20
0.1532485826771653
11
-0.6255118110236221
21
0.1527990551181102
0
LINE
8
BLACK
6
CONTINUOUS
10
-0.6255118110236221
20
0.1527990551181102
11
-0.6806299212598425
21
0.1527990551181102
0
LINE
8
BLACK
6
CONTINUOUS
10
-0.6806299212598425
20
0.1527990551181102
11
-0.6828898818897637
21
0.1532485826771653
0
LINE
8
BLACK
6
CONTINUOUS
10
-0.6828898818897637
20
0.1532485826771653
11
-0.6848057480314961
21
0.1545287401574803
0
LINE
8
BLACK
6
CONTINUOUS
10
-0.6848057480314961
20
0.1545287401574803
11
-0.68496531496063
21
0.1547675590551181
0
LINE
8
BLACK
6
CONTINUOUS
10
-0.68496531496063
20
0.1547675590551181
11
-0.6913129921259842
21
0.1547675590551181
0
LINE
8
BLACK
6
CONTINUOUS
10
-0.6913129921259842
20
0.1547675590551181
11
-0.6953937007874016
21
0.1506868503937008
0
LINE
8
BLACK
6
CONTINUOUS
10
-0.6953937007874016
20
0.1506868503937008
11
-0.6953937007874016
21
-0.2006868503937008
0
LINE
8
BLACK
6
CONTINUOUS
10
-0.6953937007874016
20
-0.2006868503937008
11
-0.6935646850393701
21
-0.202515905511811
0
LINE
8
BLACK
6
CONTINUOUS
10
-0.6935646850393701
20
-0.202515905511811
11
-0.68496531496063
21
-0.202515905511811
0
LINE
8
BLACK
6
CONTINUOUS
10
-0.68496531496063
20
-0.202515905511811
11
-0.6848057480314961
21
-0.2022770866141732
0
LINE
8
BLACK
6
CONTINUOUS
10
-0.6848057480314961
20
-0.2022770866141732
11
-0.6828898818897637
21
-0.2009969291338583
0
LINE
8
BLACK
6
CONTINUOUS
10
-0.6828898818897637
20
-0.2009969291338583
11
-0.6806299212598425
21
-0.2005474015748031
0
LINE
8
BLACK
6
CONTINUOUS
10
-0.6806299212598425
20
-0.2005474015748031
11
-0.6255118110236221
21
-0.2005474015748031
0
LINE
8
BLACK
6
CONTINUOUS
10
-0.6255118110236221
20
-0.2005474015748031
11
-0.6232518503937008
21
-0.2009969291338583
0
LINE
8
BLACK
6
CONTINUOUS
10
-0.6232518503937008
20
-0.2009969291338583
11
-0.6213359842519685
21
-0.2022770866141732
0
LINE
8
BLACK
6
CONTINUOUS
10
-0.6213359842519685
20
-0.2022770866141732
11
-0.6211764173228347
21
-0.202515905511811
0
LINE
8
BLACK
6
CONTINUOUS
10
-0.6211764173228347
20
-0.202515905511811
11
-0.6064353543307086
21
-0.202515905511811
0
LINE
8
BLACK
6
CONTINUOUS
10
-0.6064353543307086
20
-0.202515905511811
11
-0.5498425196850394
21
-0.1459230708661417
0
LINE
8
BLACK
6
CONTINUOUS
10
-0.5498425196850394
20
-0.1459230708661417
11
-0.5498425196850394
21
-0.13
0
LINE
8
BLACK
6
CONTINUOUS
10
-0.5498425196850394
20
-0.13
11
-0.5490933070866142
21
-0.1262334251968504
0
LINE
8
BLACK
6
CONTINUOUS
10
-0.5490933070866142
20
-0.1262334251968504
11
-0.5469597244094488
21
-0.1230402755905512
0
LINE
8
BLACK
6
CONTINUOUS
10
-0.5469597244094488
20
-0.1230402755905512
11
-0.4006692913385826
21
0.023250157480315
0
LINE
8
BLACK
6
CONTINUOUS
10
-0.4006692913385826
20
0.023250157480315
11
-0.4006692913385826
21
0.1564137007874016
0
LINE
8
BLACK
6
CONTINUOUS
10
-0.4006692913385826
20
0.1564137007874016
11
-0.4017007480314961
21
0.1573632283464567
0
LINE
8
BLACK
6
CONTINUOUS
10
-0.4017007480314961
20
0.1573632283464567
11
-0.4038596850393701
21
0.1613525590551181
0
LINE
8
BLACK
6
CONTINUOUS
10
-0.4038596850393701
20
0.1613525590551181
11
-0.4046062992125984
21
0.1658267716535433
0
LINE
8
BLACK
6
CONTINUOUS
10
-0.4046062992125984
20
0.1658267716535433
11
-0.4046062992125984
21
0.2406299212598425
0
LINE
8
BLACK
6
CONTINUOUS
10
-0.4046062992125984
20
0.2406299212598425
11
-0.4044183464566929
21
0.2428979527559055
0
LINE
8
BLACK
6
CONTINUOUS
10
-0.4044183464566929
20
0.2428979527559055
11
-0.4029455118110236
21
0.2471882677165354
0
LINE
8
BLACK
6
CONTINUOUS
10
-0.4029455118110236
20
0.2471882677165354
11
-0.4001594094488189
21
0.2507678346456693
0
LINE
8
BLACK
6
CONTINUOUS
10
-0.4001594094488189
20
0.2507678346456693
11
-0.3963619291338583
21
0.2532488582677165
0
LINE
8
BLACK
6
CONTINUOUS
10
-0.3963619291338583
20
0.2532488582677165
11
-0.39196468503937
21
0.2543624015748032
0
LINE
8
BLACK
6
CONTINUOUS
10
-0.39196468503937
20
0.2543624015748032
11
-0.387444094488189
21
0.2539877952755906
0
LINE
8
BLACK
6
CONTINUOUS
10
-0.387444094488189
20
0.2539877952755906
11
-0.3872381102362205
21
0.2538974409448819
0
LINE
8
BLACK
6
CONTINUOUS
10
-0.3872381102362205
20
0.2538974409448819
11
-0.3515677559055118
21
0.2895677952755906
0
LINE
8
BLACK
6
CONTINUOUS
10
-0.3515677559055118
20
0.2895677952755906
11
-0.3504492519685039
21
0.2902706299212598
0
LINE
8
BLACK
6
CONTINUOUS
10
-0.3504492519685039
20
0.2902706299212598
11
-0.3494164173228346
21
0.2910942519685039
0
LINE
8
BLACK
6
CONTINUOUS
10
-0.3494164173228346
20
0.2910942519685039
11
-0.3489798031496063
21
0.291193937007874
0
LINE
8
BLACK
6
CONTINUOUS
10
-0.3489798031496063
20
0.291193937007874
11
-0.3486005905511811
21
0.2914321653543307
0
LINE
8
BLACK
6
CONTINUOUS
10
-0.3486005905511811
20
0.2914321653543307
11
-0.3472878346456693
21
0.2915801181102362
0
LINE
8
BLACK
6
CONTINUOUS
10
-0.3472878346456693
20
0.2915801181102362
11
-0.346
21
0.2918740157480315
0
LINE
8
BLACK
6
CONTINUOUS
10
-0.346
20
0.2918740157480315
11
-0.3412204724409449
21
0.2918740157480315
0
LINE
8
BLACK
6
CONTINUOUS
10
-0.3412204724409449
20
0.2918740157480315
11
-0.3412204724409449
21
0.3031533858267716
0
LINE
8
BLACK
6
CONTINUOUS
10
-0.3412204724409449
20
0.3031533858267716
11
-0.3406211023622047
21
0.3061666535433071
0
LINE
8
BLACK
6
CONTINUOUS
10
-0.3406211023622047
20
0.3061666535433071
11
-0.3389142125984252
21
0.3087211417322834
0
LINE
8
BLACK
6
CONTINUOUS
10
-0.3389142125984252
20
0.3087211417322834
11
-0.3363597244094488
21
0.310428031496063
0
LINE
8
BLACK
6
CONTINUOUS
10
-0.3363597244094488
20
0.310428031496063
11
-0.3333464566929134
21
0.3110274015748031
0
LINE
8
BLACK
6
CONTINUOUS
10
-0.3333464566929134
20
0.3110274015748031
11
-0.3175984251968504
21
0.3110274015748031
0
LINE
8
BLACK
6
CONTINUOUS
10
-0.3175984251968504
20
0.3110274015748031
11
-0.314585157480315
21
0.310428031496063
0
LINE
8
BLACK
6
CONTINUOUS
10
-0.5896217716535433
20
-0.0873849212598425
11
-0.5852317322834646
21
-0.0896217716535433
0
LINE
8
BLACK
6
CONTINUOUS
10
-0.5852317322834646
20
-0.0896217716535433
11
-0.5817477559055118
21
-0.0931057480314961
0
LINE
8
BLACK
6
CONTINUOUS
10
-0.5817477559055118
20
-0.0931057480314961
11
-0.5795109055118111
21
-0.0974957874015748
0
LINE
8
BLACK
6
CONTINUOUS
10
-0.5795109055118111
20
-0.0974957874015748
11
-0.5787401574803149
21
-0.1023622047244094
0
LINE
8
BLACK
6
CONTINUOUS
10
-0.5787401574803149
20
-0.1023622047244094
11
-0.5795109055118111
21
-0.1072286220472441
0
LINE
8
BLACK
6
CONTINUOUS
10
-0.5795109055118111
20
-0.1072286220472441
11
-0.5817477559055118
21
-0.1116186614173228
0
LINE
8
BLACK
6
CONTINUOUS
10
-0.5817477559055118
20
-0.1116186614173228
11
-0.5844079527559055
21
-0.1142788188976378
0
LINE
8
BLACK
6
CONTINUOUS
10
-0.5844079527559055
20
-0.1142788188976378
11
-0.5838301181102362
21
-0.1434759448818897
0
LINE
8
BLACK
6
CONTINUOUS
10
-0.5838301181102362
20
-0.1434759448818897
11
-0.5838475590551181
21
-0.1435734645669291
0
LINE
8
BLACK
6
CONTINUOUS
10
-0.5838475590551181
20
-0.1435734645669291
11
-0.5838281889763779
21
-0.1436707086614173
0
LINE
8
BLACK
6
CONTINUOUS
10
-0.5838281889763779
20
-0.1436707086614173
11
-0.5841841732283465
21
-0.1454601968503937
0
LINE
8
BLACK
6
CONTINUOUS
10
-0.5841841732283465
20
-0.1454601968503937
11
-0.5845046456692913
21
-0.1472566141732284
0
LINE
8
BLACK
6
CONTINUOUS
10
-0.5845046456692913
20
-0.1472566141732284
11
-0.5845580708661418
21
-0.1473400787401575
0
LINE
8
BLACK
6
CONTINUOUS
10
-0.5845580708661418
20
-0.1473400787401575
11
-0.5845774015748031
21
-0.1474372834645669
0
LINE
8
BLACK
6
CONTINUOUS
10
-0.5845774015748031
20
-0.1474372834645669
11
-0.5855913779527558
21
-0.1489547637795275
0
LINE
8
BLACK
6
CONTINUOUS
10
-0.5855913779527558
20
-0.1489547637795275
11
-0.5865746456692913
21
-0.1504913385826772
0
LINE
8
BLACK
6
CONTINUOUS
10
-0.5865746456692913
20
-0.1504913385826772
11
-0.586655905511811
21
-0.1505479527559055
0
LINE
8
BLACK
6
CONTINUOUS
10
-0.586655905511811
20
-0.1505479527559055
11
-0.5867109842519684
21
-0.1506304330708661
0
LINE
8
BLACK
6
CONTINUOUS
10
-0.5867109842519684
20
-0.1506304330708661
11
-0.6061861023622047
21
-0.1701055511811023
0
LINE
8
BLACK
6
CONTINUOUS
10
-0.6061861023622047
20
-0.1701055511811023
11
-0.609379251968504
21
-0.1722391338582677
0
LINE
8
BLACK
6
CONTINUOUS
10
-0.609379251968504
20
-0.1722391338582677
11
-0.6131458267716535
21
-0.1729883464566929
0
LINE
8
BLACK
6
CONTINUOUS
10
-0.6131458267716535
20
-0.1729883464566929
11
-0.6211764173228347
21
-0.1729883464566929
0
LINE
8
BLACK
6
CONTINUOUS
10
-0.6211764173228347
20
-0.1729883464566929
11
-0.6213359842519685
21
-0.1732271653543307
0
LINE
8
BLACK
6
CONTINUOUS
10
-0.6213359842519685
20
-0.1732271653543307
11
-0.6232518503937008
21
-0.1745073228346457
0
LINE
8
BLACK
6
CONTINUOUS
10
-0.6232518503937008
20
-0.1745073228346457
11
-0.6255118110236221
21
-0.1749568503937008
0
LINE
8
BLACK
6
CONTINUOUS
10
-0.6255118110236221
20
-0.1749568503937008
11
-0.6806299212598425
21
-0.1749568503937008
0
LINE
8
BLACK
6
CONTINUOUS
10
-0.6806299212598425
20
-0.1749568503937008
11
-0.6828898818897637
21
-0.1745073228346457
0
LINE
8
BLACK
6
CONTINUOUS
10
-0.6828898818897637
20
-0.1745073228346457
11
-0.6848057480314961
21
-0.1732271653543307
0
LINE
8
BLACK
6
CONTINUOUS
10
-0.6848057480314961
20
-0.1732271653543307
11
-0.686085905511811
21
-0.1713112992125984
0
LINE
8
BLACK
6
CONTINUOUS
10
-0.686085905511811
20
-0.1713112992125984
11
-0.6865354330708662
21
-0.1690513385826772
0
LINE
8
BLACK
6
CONTINUOUS
10
-0.6865354330708662
20
-0.1690513385826772
11
-0.6865354330708662
21
-0.1572403149606299
0
LINE
8
BLACK
6
CONTINUOUS
10
-0.6865354330708662
20
-0.1572403149606299
11
-0.686085905511811
21
-0.1549803543307087
0
LINE
8
BLACK
6
CONTINUOUS
10
-0.686085905511811
20
-0.1549803543307087
11
-0.6848057480314961
21
-0.1530644881889764
0
LINE
8
BLACK
6
CONTINUOUS
10
-0.6848057480314961
20
-0.1530644881889764
11
-0.6828898818897637
21
-0.1517843307086614
0
LINE
8
BLACK
6
CONTINUOUS
10
-0.6828898818897637
20
-0.1517843307086614
11
-0.6806299212598425
21
-0.1513348031496063
0
LINE
8
BLACK
6
CONTINUOUS
10
-0.6806299212598425
20
-0.1513348031496063
11
-0.6255118110236221
21
-0.1513348031496063
0
LINE
8
BLACK
6
CONTINUOUS
10
-0.6255118110236221
20
-0.1513348031496063
11
-0.6232518503937008
21
-0.1517843307086614
0
LINE
8
BLACK
6
CONTINUOUS
10
-0.6232518503937008
20
-0.1517843307086614
11
-0.6213359842519685
21
-0.1530644881889764
0
LINE
8
BLACK
6
CONTINUOUS
10
-0.6213359842519685
20
-0.1530644881889764
11
-0.6211764173228347
21
-0.1533033070866142
0
LINE
8
BLACK
6
CONTINUOUS
10
-0.6211764173228347
20
-0.1533033070866142
11
-0.6172227559055118
21
-0.1533033070866142
0
LINE
8
BLACK
6
CONTINUOUS
10
-0.6172227559055118
20
-0.1533033070866142
11
-0.6035942519685039
21
-0.1396747637795276
0
LINE
8
BLACK
6
CONTINUOUS
10
-0.6035942519685039
20
-0.1396747637795276
11
-0.6040873228346456
21
-0.1147599606299213
0
LINE
8
BLACK
6
CONTINUOUS
10
-0.6040873228346456
20
-0.1147599606299213
11
-0.607228622047244
21
-0.1116186614173228
0
LINE
8
BLACK
6
CONTINUOUS
10
-0.607228622047244
20
-0.1116186614173228
11
-0.6094654724409448
21
-0.1072286220472441
0
LINE
8
BLACK
6
CONTINUOUS
10
-0.6094654724409448
20
-0.1072286220472441
11
-0.610236220472441
21
-0.1023622047244094
0
LINE
8
BLACK
6
CONTINUOUS
10
-0.610236220472441
20
-0.1023622047244094
11
-0.6094654724409448
21
-0.0974957874015748
0
LINE
8
BLACK
6
CONTINUOUS
10
-0.6094654724409448
20
-0.0974957874015748
11
-0.607228622047244
21
-0.0931057480314961
0
LINE
8
BLACK
6
CONTINUOUS
10
-0.607228622047244
20
-0.0931057480314961
11
-0.6037446456692913
21
-0.0896217716535433
0
LINE
8
BLACK
6
CONTINUOUS
10
-0.6037446456692913
20
-0.0896217716535433
11
-0.5993546062992126
21
-0.0873849212598425
0
LINE
8
BLACK
6
CONTINUOUS
10
-0.5993546062992126
20
-0.0873849212598425
11
-0.5944881889763779
21
-0.0866141732283465
0
LINE
8
BLACK
6
CONTINUOUS
10
-0.5944881889763779
20
-0.0866141732283465
11
-0.5896217716535433
21
-0.0873849212598425
0
LINE
8
BLACK
6
CONTINUOUS
10
-0.5100746456692913
20
0.3103531102362205
11
-0.5072008267716536
21
0.308432874015748
0
LINE
8
BLACK
6
CONTINUOUS
10
-0.5072008267716536
20
0.308432874015748
11
-0.5052805905511811
21
0.3055590551181102
0
LINE
8
BLACK
6
CONTINUOUS
10
-0.5052805905511811
20
0.3055590551181102
11
-0.5046062992125984
21
0.3021691338582677
0
LINE
8
BLACK
6
CONTINUOUS
10
-0.5046062992125984
20
0.3021691338582677
11
-0.5046062992125984
21
0.282484094488189
0
LINE
8
BLACK
6
CONTINUOUS
10
-0.5046062992125984
20
0.282484094488189
11
-0.5052805905511811
21
0.2790941732283465
0
LINE
8
BLACK
6
CONTINUOUS
10
-0.5052805905511811
20
0.2790941732283465
11
-0.5072008267716536
21
0.2762203543307086
0
LINE
8
BLACK
6
CONTINUOUS
10
-0.5072008267716536
20
0.2762203543307086
11
-0.5100746456692913
21
0.2743001181102362
0
LINE
8
BLACK
6
CONTINUOUS
10
-0.5100746456692913
20
0.2743001181102362
11
-0.5134645669291339
21
0.2736258267716535
0
LINE
8
BLACK
6
CONTINUOUS
10
-0.5134645669291339
20
0.2736258267716535
11
-0.5144488188976378
21
0.2736258267716535
0
LINE
8
BLACK
6
CONTINUOUS
10
-0.5144488188976378
20
0.2736258267716535
11
-0.5144488188976378
21
0.2709818503937008
0
LINE
8
BLACK
6
CONTINUOUS
10
-0.5144488188976378
20
0.2709818503937008
11
-0.507603937007874
21
0.2641369291338583
0
LINE
8
BLACK
6
CONTINUOUS
10
-0.507603937007874
20
0.2641369291338583
11
-0.5036220472440944
21
0.2647675590551181
0
LINE
8
BLACK
6
CONTINUOUS
10
-0.5036220472440944
20
0.2647675590551181
11
-0.4987556299212598
21
0.263996811023622
0
LINE
8
BLACK
6
CONTINUOUS
10
-0.4987556299212598
20
0.263996811023622
11
-0.4943655905511811
21
0.2617599606299212
0
LINE
8
BLACK
6
CONTINUOUS
10
-0.4943655905511811
20
0.2617599606299212
11
-0.4908816141732283
21
0.2582759842519685
0
LINE
8
BLACK
6
CONTINUOUS
10
-0.4908816141732283
20
0.2582759842519685
11
-0.4886447637795275
21
0.2538859448818898
0
LINE
8
BLACK
6
CONTINUOUS
10
-0.4886447637795275
20
0.2538859448818898
11
-0.4878740157480315
21
0.2490195275590551
0
LINE
8
BLACK
6
CONTINUOUS
10
-0.4878740157480315
20
0.2490195275590551
11
-0.4886447637795275
21
0.2441531102362205
0
LINE
8
BLACK
6
CONTINUOUS
10
-0.4886447637795275
20
0.2441531102362205
11
-0.4908816141732283
21
0.2397630708661417
0
LINE
8
BLACK
6
CONTINUOUS
10
-0.4908816141732283
20
0.2397630708661417
11
-0.4943655905511811
21
0.236279094488189
0
LINE
8
BLACK
6
CONTINUOUS
10
-0.4943655905511811
20
0.236279094488189
11
-0.4987556299212598
21
0.2340422440944882
0
LINE
8
BLACK
6
CONTINUOUS
10
-0.4987556299212598
20
0.2340422440944882
11
-0.5036220472440944
21
0.2332714960629921
0
LINE
8
BLACK
6
CONTINUOUS
10
-0.5036220472440944
20
0.2332714960629921
11
-0.5055100787401575
21
0.2335705511811024
0
LINE
8
BLACK
6
CONTINUOUS
10
-0.5055100787401575
20
0.2335705511811024
11
-0.56476
21
0.1743205905511811
0
LINE
8
BLACK
6
CONTINUOUS
10
-0.56476
20
0.1743205905511811
11
-0.56476
21
0.1194744094488189
0
LINE
8
BLACK
6
CONTINUOUS
10
-0.56476
20
0.1194744094488189
11
-0.5530404330708661
21
0.1077548031496063
0
LINE
8
BLACK
6
CONTINUOUS
10
-0.5530404330708661
20
0.1077548031496063
11
-0.5530402755905511
21
0.1077546850393701
0
LINE
8
BLACK
6
CONTINUOUS
10
-0.5530402755905511
20
0.1077546850393701
11
-0.5509066929133858
21
0.1045615354330709
0
LINE
8
BLACK
6
CONTINUOUS
10
-0.5509066929133858
20
0.1045615354330709
11
-0.5501574803149606
21
0.1007949606299213
0
LINE
8
BLACK
6
CONTINUOUS
10
-0.5501574803149606
20
0.1007949606299213
11
-0.5501574803149606
21
0.0686068503937008
0
LINE
8
BLACK
6
CONTINUOUS
10
-0.5501574803149606
20
0.0686068503937008
11
-0.5472399999999999
21
0.0680264960629921
0
LINE
8
BLACK
6
CONTINUOUS
10
-0.5472399999999999
20
0.0680264960629921
11
-0.5443661811023622
21
0.0661062598425197
0
LINE
8
BLACK
6
CONTINUOUS
10
-0.5443661811023622
20
0.0661062598425197
11
-0.5424459448818898
21
0.0632324409448819
0
LINE
8
BLACK
6
CONTINUOUS
10
-0.5424459448818898
20
0.0632324409448819
11
-0.541771653543307
21
0.0598425196850394
0
LINE
8
BLACK
6
CONTINUOUS
10
-0.541771653543307
20
0.0598425196850394
11
-0.541771653543307
21
0.0401574803149606
0
LINE
8
BLACK
6
CONTINUOUS
10
-0.541771653543307
20
0.0401574803149606
11
-0.5424459448818898
21
0.0367675590551181
0
LINE
8
BLACK
6
CONTINUOUS
10
-0.5424459448818898
20
0.0367675590551181
11
-0.5443661811023622
21
0.0338937401574803
0
LINE
8
BLACK
6
CONTINUOUS
10
-0.5443661811023622
20
0.0338937401574803
11
-0.5472399999999999
21
0.0319735039370079
0
LINE
8
BLACK
6
CONTINUOUS
10
-0.5472399999999999
20
0.0319735039370079
11
-0.5496456692913386
21
0.031495
0
LINE
8
BLACK
6
CONTINUOUS
10
-0.5496456692913386
20
0.031495
11
-0.5496456692913386
21
0.0216425590551181
0
LINE
8
BLACK
6
CONTINUOUS
10
-0.5496456692913386
20
0.0216425590551181
11
-0.5472595669291338
21
0.0192564566929134
0
LINE
8
BLACK
6
CONTINUOUS
10
-0.5472595669291338
20
0.0192564566929134
11
-0.5450227165354331
21
0.0148664173228346
0
LINE
8
BLACK
6
CONTINUOUS
10
-0.5450227165354331
20
0.0148664173228346
11
-0.544251968503937
21
0.01
0
LINE
8
BLACK
6
CONTINUOUS
10
-0.544251968503937
20
0.01
11
-0.5450227165354331
21
0.0051335826771654
0
LINE
8
BLACK
6
CONTINUOUS
10
-0.5450227165354331
20
0.0051335826771654
11
-0.5472595669291338
21
0.0007435433070866
0
LINE
8
BLACK
6
CONTINUOUS
10
-0.5472595669291338
20
0.0007435433070866
11
-0.5496456692913386
21
-0.0016425590551181
0
LINE
8
BLACK
6
CONTINUOUS
10
-0.5496456692913386
20
-0.0016425590551181
11
-0.5496456692913386
21
-0.0370472440944882
0
LINE
8
BLACK
6
CONTINUOUS
10
-0.5496456692913386
20
-0.0370472440944882
11
-0.5503948818897638
21
-0.0408138188976378
0
LINE
8
BLACK
6
CONTINUOUS
10
-0.5503948818897638
20
-0.0408138188976378
11
-0.5506299212598426
21
-0.0411655511811024
0
LINE
8
BLACK
6
CONTINUOUS
10
-0.5506299212598426
20
-0.0411655511811024
11
-0.5506299212598426
21
-0.0537795275590551
0
LINE
8
BLACK
6
CONTINUOUS
10
-0.5506299212598426
20
-0.0537795275590551
11
-0.574251968503937
21
-0.0537795275590551
0
LINE
8
BLACK
6
CONTINUOUS
10
-0.574251968503937
20
-0.0537795275590551
11
-0.574251968503937
21
-0.0262204724409449
0
LINE
8
BLACK
6
CONTINUOUS
10
-0.574251968503937
20
-0.0262204724409449
11
-0.5693307086614173
21
-0.0262204724409449
0
LINE
8
BLACK
6
CONTINUOUS
10
-0.5693307086614173
20
-0.0262204724409449
11
-0.5693307086614173
21
-0.0026661811023622
0
LINE
8
BLACK
6
CONTINUOUS
10
-0.5693307086614173
20
-0.0026661811023622
11
-0.5727404330708661
21
0.0007435433070866
0
LINE
8
BLACK
6
CONTINUOUS
10
-0.5727404330708661
20
0.0007435433070866
11
-0.5749772834645669
21
0.0051335826771654
0
LINE
8
BLACK
6
CONTINUOUS
10
-0.5749772834645669
20
0.0051335826771654
11
-0.575748031496063
21
0.01
0
LINE
8
BLACK
6
CONTINUOUS
10
-0.575748031496063
20
0.01
11
-0.5749772834645669
21
0.0148664173228346
0
LINE
8
BLACK
6
CONTINUOUS
10
-0.5749772834645669
20
0.0148664173228346
11
-0.5727404330708661
21
0.0192564566929134
0
LINE
8
BLACK
6
CONTINUOUS
10
-0.5727404330708661
20
0.0192564566929134
11
-0.5693307086614173
21
0.0226661811023622
0
LINE
8
BLACK
6
CONTINUOUS
10
-0.5693307086614173
20
0.0226661811023622
11
-0.5693307086614173
21
0.031495
0
LINE
8
BLACK
6
CONTINUOUS
10
-0.5693307086614173
20
0.031495
11
-0.5717363779527559
21
0.0319735039370079
0
LINE
8
BLACK
6
CONTINUOUS
10
-0.5717363779527559
20
0.0319735039370079
11
-0.5746101968503937
21
0.0338937401574803
0
LINE
8
BLACK
6
CONTINUOUS
10
-0.5746101968503937
20
0.0338937401574803
11
-0.5765304330708662
21
0.0367675590551181
0
LINE
8
BLACK
6
CONTINUOUS
10
-0.5765304330708662
20
0.0367675590551181
11
-0.5772047244094488
21
0.0401574803149606
0
LINE
8
BLACK
6
CONTINUOUS
10
-0.5772047244094488
20
0.0401574803149606
11
-0.5772047244094488
21
0.0598425196850394
0
LINE
8
BLACK
6
CONTINUOUS
10
-0.5772047244094488
20
0.0598425196850394
11
-0.5765304330708662
21
0.0632324409448819
0
LINE
8
BLACK
6
CONTINUOUS
10
-0.5765304330708662
20
0.0632324409448819
11
-0.5746101968503937
21
0.0661062598425197
0
LINE
8
BLACK
6
CONTINUOUS
10
-0.5746101968503937
20
0.0661062598425197
11
-0.5717363779527559
21
0.0680264960629921
0
LINE
8
BLACK
6
CONTINUOUS
10
-0.5717363779527559
20
0.0680264960629921
11
-0.5698425196850394
21
0.0684032283464567
0
LINE
8
BLACK
6
CONTINUOUS
10
-0.5698425196850394
20
0.0684032283464567
11
-0.5698425196850394
21
0.0967180708661417
0
LINE
8
BLACK
6
CONTINUOUS
10
-0.5698425196850394
20
0.0967180708661417
11
-0.5786794488188977
21
0.1055549606299213
0
LINE
8
BLACK
6
CONTINUOUS
10
-0.5786794488188977
20
0.1055549606299213
11
-0.6211764173228347
21
0.1055549606299213
0
LINE
8
BLACK
6
CONTINUOUS
10
-0.6211764173228347
20
0.1055549606299213
11
-0.6213359842519685
21
0.1053161417322835
0
LINE
8
BLACK
6
CONTINUOUS
10
-0.6213359842519685
20
0.1053161417322835
11
-0.6232518503937008
21
0.1040359842519685
0
LINE
8
BLACK
6
CONTINUOUS
10
-0.6232518503937008
20
0.1040359842519685
11
-0.6255118110236221
21
0.1035864566929134
0
LINE
8
BLACK
6
CONTINUOUS
10
-0.6255118110236221
20
0.1035864566929134
11
-0.6806299212598425
21
0.1035864566929134
0
LINE
8
BLACK
6
CONTINUOUS
10
-0.6806299212598425
20
0.1035864566929134
11
-0.6828898818897637
21
0.1040359842519685
0
LINE
8
BLACK
6
CONTINUOUS
10
-0.6828898818897637
20
0.1040359842519685
11
-0.6848057480314961
21
0.1053161417322835
0
LINE
8
BLACK
6
CONTINUOUS
10
-0.6848057480314961
20
0.1053161417322835
11
-0.686085905511811
21
0.1072320078740157
0
LINE
8
BLACK
6
CONTINUOUS
10
-0.686085905511811
20
0.1072320078740157
11
-0.6865354330708662
21
0.109491968503937
0
LINE
8
BLACK
6
CONTINUOUS
10
-0.6865354330708662
20
0.109491968503937
11
-0.6865354330708662
21
0.1213029921259842
0
LINE
8
BLACK
6
CONTINUOUS
10
-0.6865354330708662
20
0.1213029921259842
11
-0.686085905511811
21
0.1235629527559055
0
LINE
8
BLACK
6
CONTINUOUS
10
-0.686085905511811
20
0.1235629527559055
11
-0.6848057480314961
21
0.1254788188976378
0
LINE
8
BLACK
6
CONTINUOUS
10
-0.6848057480314961
20
0.1254788188976378
11
-0.6828898818897637
21
0.1267589763779527
0
LINE
8
BLACK
6
CONTINUOUS
10
-0.6828898818897637
20
0.1267589763779527
11
-0.6806299212598425
21
0.1272085039370079
0
LINE
8
BLACK
6
CONTINUOUS
10
-0.6806299212598425
20
0.1272085039370079
11
-0.6255118110236221
21
0.1272085039370079
0
LINE
8
BLACK
6
CONTINUOUS
10
-0.6255118110236221
20
0.1272085039370079
11
-0.6232518503937008
21
0.1267589763779527
0
LINE
8
BLACK
6
CONTINUOUS
10
-0.6232518503937008
20
0.1267589763779527
11
-0.6213359842519685
21
0.1254788188976378
0
LINE
8
BLACK
6
CONTINUOUS
10
-0.6213359842519685
20
0.1254788188976378
11
-0.6211764173228347
21
0.12524
0
LINE
8
BLACK
6
CONTINUOUS
10
-0.6211764173228347
20
0.12524
11
-0.5844450393700787
21
0.12524
0
LINE
8
BLACK
6
CONTINUOUS
10
-0.5844450393700787
20
0.12524
11
-0.5844450393700787
21
0.1783974803149606
0
LINE
8
BLACK
6
CONTINUOUS
10
-0.5844450393700787
20
0.1783974803149606
11
-0.5836958267716535
21
0.1821640551181102
0
LINE
8
BLACK
6
CONTINUOUS
10
-0.5836958267716535
20
0.1821640551181102
11
-0.5815622440944882
21
0.1853572047244094
0
LINE
8
BLACK
6
CONTINUOUS
10
-0.5815622440944882
20
0.1853572047244094
11
-0.5191690944881889
21
0.2477503543307087
0
LINE
8
BLACK
6
CONTINUOUS
10
-0.5191690944881889
20
0.2477503543307087
11
-0.5193700787401575
21
0.2490195275590551
0
LINE
8
BLACK
6
CONTINUOUS
10
-0.5193700787401575
20
0.2490195275590551
11
-0.5187394488188977
21
0.2530014173228347
0
LINE
8
BLACK
6
CONTINUOUS
10
-0.5187394488188977
20
0.2530014173228347
11
-0.527890590551181
21
0.2621525590551181
0
LINE
8
BLACK
6
CONTINUOUS
10
-0.527890590551181
20
0.2621525590551181
11
-0.5285933858267716
21
0.2632710236220472
0
LINE
8
BLACK
6
CONTINUOUS
10
-0.5285933858267716
20
0.2632710236220472
11
-0.5294170866141732
21
0.2643038976377953
0
LINE
8
BLACK
6
CONTINUOUS
10
-0.5294170866141732
20
0.2643038976377953
11
-0.5295167716535433
21
0.2647405118110236
0
LINE
8
BLACK
6
CONTINUOUS
10
-0.5295167716535433
20
0.2647405118110236
11
-0.529755
21
0.2651196850393701
0
LINE
8
BLACK
6
CONTINUOUS
10
-0.529755
20
0.2651196850393701
11
-0.5299029133858267
21
0.2664324015748031
0
LINE
8
BLACK
6
CONTINUOUS
10
-0.5299029133858267
20
0.2664324015748031
11
-0.5301968503937008
21
0.2677203149606299
0
LINE
8
BLACK
6
CONTINUOUS
10
-0.5301968503937008
20
0.2677203149606299
11
-0.5301968503937008
21
0.2736258267716535
0
LINE
8
BLACK
6
CONTINUOUS
10
-0.5301968503937008
20
0.2736258267716535
11
-0.5311811023622047
21
0.2736258267716535
0
LINE
8
BLACK
6
CONTINUOUS
10
-0.5311811023622047
20
0.2736258267716535
11
-0.5345710236220472
21
0.2743001181102362
0
LINE
8
BLACK
6
CONTINUOUS
10
-0.5345710236220472
20
0.2743001181102362
11
-0.5374448425196851
21
0.2762203543307086
0
LINE
8
BLACK
6
CONTINUOUS
10
-0.5374448425196851
20
0.2762203543307086
11
-0.5393650787401575
21
0.2790941732283465
0
LINE
8
BLACK
6
CONTINUOUS
10
-0.5393650787401575
20
0.2790941732283465
11
-0.5400393700787401
21
0.282484094488189
0
LINE
8
BLACK
6
CONTINUOUS
10
-0.5400393700787401
20
0.282484094488189
11
-0.5400393700787401
21
0.3021691338582677
0
LINE
8
BLACK
6
CONTINUOUS
10
-0.5400393700787401
20
0.3021691338582677
11
-0.5393650787401575
21
0.3055590551181102
0
LINE
8
BLACK
6
CONTINUOUS
10
-0.5393650787401575
20
0.3055590551181102
11
-0.5374448425196851
21
0.308432874015748
0
LINE
8
BLACK
6
CONTINUOUS
10
-0.5374448425196851
20
0.308432874015748
11
-0.5345710236220472
21
0.3103531102362205
0
LINE
8
BLACK
6
CONTINUOUS
10
-0.5345710236220472
20
0.3103531102362205
11
-0.5311811023622047
21
0.3110274015748031
0
LINE
8
BLACK
6
CONTINUOUS
10
-0.5311811023622047
20
0.3110274015748031
11
-0.5134645669291339
21
0.3110274015748031
0
LINE
8
BLACK
6
CONTINUOUS
10
-0.5134645669291339
20
0.3110274015748031
11
-0.5100746456692913
21
0.3103531102362205
0
LINE
8
BLACK
6
CONTINUOUS
10
0.2805552755905512
20
0.2434239763779527
11
0.283429094488189
21
0.2415037401574803
0
LINE
8
BLACK
6
CONTINUOUS
10
0.283429094488189
20
0.2415037401574803
11
0.2853493307086614
21
0.2386299212598425
0
LINE
8
BLACK
6
CONTINUOUS
10
0.2853493307086614
20
0.2386299212598425
11
0.2860236220472441
21
0.23524
0
LINE
8
BLACK
6
CONTINUOUS
10
0.2860236220472441
20
0.23524
11
0.2860236220472441
21
0.2216003937007874
0
LINE
8
BLACK
6
CONTINUOUS
10
0.2860236220472441
20
0.2216003937007874
11
0.3117425984251969
21
0.1958813779527559
0
LINE
8
BLACK
6
CONTINUOUS
10
0.3117425984251969
20
0.1958813779527559
11
0.3117427559055118
21
0.1958812598425197
0
LINE
8
BLACK
6
CONTINUOUS
10
0.3117427559055118
20
0.1958812598425197
11
0.3138763385826772
21
0.1926881102362205
0
LINE
8
BLACK
6
CONTINUOUS
10
0.3138763385826772
20
0.1926881102362205
11
0.3138763385826772
21
0.1926880708661417
0
LINE
8
BLACK
6
CONTINUOUS
10
0.3138763385826772
20
0.1926880708661417
11
0.3146255905511811
21
0.1889215354330709
0
LINE
8
BLACK
6
CONTINUOUS
10
0.3146255905511811
20
0.1889215354330709
11
0.3146255511811024
21
0.1889213385826772
0
LINE
8
BLACK
6
CONTINUOUS
10
0.3146255511811024
20
0.1889213385826772
11
0.3146255511811024
21
0.079783031496063
0
LINE
8
BLACK
6
CONTINUOUS
10
0.3146255511811024
20
0.079783031496063
11
0.3138763385826772
21
0.0760164566929134
0
LINE
8
BLACK
6
CONTINUOUS
10
0.3138763385826772
20
0.0760164566929134
11
0.3117427559055118
21
0.0728233070866142
0
LINE
8
BLACK
6
CONTINUOUS
10
0.3117427559055118
20
0.0728233070866142
11
0.2544584251968504
21
0.0155390157480315
0
LINE
8
BLACK
6
CONTINUOUS
10
0.2544584251968504
20
0.0155390157480315
11
0.2555714173228346
21
0.0136112598425197
0
LINE
8
BLACK
6
CONTINUOUS
10
0.2555714173228346
20
0.0136112598425197
11
0.2577332677165354
21
0.0069576771653543
0
LINE
8
BLACK
6
CONTINUOUS
10
0.2577332677165354
20
0.0069576771653543
11
0.2584645669291338
21
0.
0
LINE
8
BLACK
6
CONTINUOUS
10
0.2584645669291338
20
0.
11
0.2577332677165354
21
-0.0069576771653543
0
LINE
8
BLACK
6
CONTINUOUS
10
0.2577332677165354
20
-0.0069576771653543
11
0.2555714173228346
21
-0.0136112598425197
0
LINE
8
BLACK
6
CONTINUOUS
10
0.2555714173228346
20
-0.0136112598425197
11
0.2520733858267716
21
-0.0196699606299213
0
LINE
8
BLACK
6
CONTINUOUS
10
0.2520733858267716
20
-0.0196699606299213
11
0.2473921653543307
21
-0.0248690157480315
0
LINE
8
BLACK
6
CONTINUOUS
10
0.2473921653543307
20
-0.0248690157480315
11
0.2417322834645669
21
-0.0289811811023622
0
LINE
8
BLACK
6
CONTINUOUS
10
0.2417322834645669
20
-0.0289811811023622
11
0.2353411023622047
21
-0.0318266929133858
0
LINE
8
BLACK
6
CONTINUOUS
10
0.2353411023622047
20
-0.0318266929133858
11
0.2284979921259842
21
-0.0332812598425197
0
LINE
8
BLACK
6
CONTINUOUS
10
0.2284979921259842
20
-0.0332812598425197
11
0.2215020078740157
21
-0.0332812598425197
0
LINE
8
BLACK
6
CONTINUOUS
10
0.2215020078740157
20
-0.0332812598425197
11
0.2146588976377953
21
-0.0318266929133858
0
LINE
8
BLACK
6
CONTINUOUS
10
0.2146588976377953
20
-0.0318266929133858
11
0.2082677165354331
21
-0.0289811811023622
0
LINE
8
BLACK
6
CONTINUOUS
10
0.2082677165354331
20
-0.0289811811023622
11
0.2026078346456693
21
-0.0248690157480315
0
LINE
8
BLACK
6
CONTINUOUS
10
0.2026078346456693
20
-0.0248690157480315
11
0.1979266141732283
21
-0.0196699606299213
0
LINE
8
BLACK
6
CONTINUOUS
10
0.1979266141732283
20
-0.0196699606299213
11
0.1944285826771653
21
-0.0136112598425197
0
LINE
8
BLACK
6
CONTINUOUS
10
0.1944285826771653
20
-0.0136112598425197
11
0.1922667322834646
21
-0.0069576771653543
0
LINE
8
BLACK
6
CONTINUOUS
10
0.1922667322834646
20
-0.0069576771653543
11
0.1915354330708662
21
0.
0
LINE
8
BLACK
6
CONTINUOUS
10
0.1915354330708662
20
0.
11
0.1922667322834646
21
0.0069576771653543
0
LINE
8
BLACK
6
CONTINUOUS
10
0.1922667322834646
20
0.0069576771653543
11
0.1944285826771653
21
0.0136112598425197
0
LINE
8
BLACK
6
CONTINUOUS
10
0.1944285826771653
20
0.0136112598425197
11
0.1979266141732283
21
0.0196699606299213
0
LINE
8
BLACK
6
CONTINUOUS
10
0.1979266141732283
20
0.0196699606299213
11
0.2026078346456693
21
0.0248690157480315
0
LINE
8
BLACK
6
CONTINUOUS
10
0.2026078346456693
20
0.0248690157480315
11
0.2082677165354331
21
0.0289811811023622
0
LINE
8
BLACK
6
CONTINUOUS
10
0.2082677165354331
20
0.0289811811023622
11
0.2146588976377953
21
0.0318266929133858
0
LINE
8
BLACK
6
CONTINUOUS
10
0.2146588976377953
20
0.0318266929133858
11
0.2215020078740157
21
0.0332812598425197
0
LINE
8
BLACK
6
CONTINUOUS
10
0.2215020078740157
20
0.0332812598425197
11
0.2284979921259842
21
0.0332812598425197
0
LINE
8
BLACK
6
CONTINUOUS
10
0.2284979921259842
20
0.0332812598425197
11
0.2353411023622047
21
0.0318266929133858
0
LINE
8
BLACK
6
CONTINUOUS
10
0.2353411023622047
20
0.0318266929133858
11
0.2405763385826772
21
0.0294958267716535
0
LINE
8
BLACK
6
CONTINUOUS
10
0.2405763385826772
20
0.0294958267716535
11
0.2949405118110236
21
0.0838599606299213
0
LINE
8
BLACK
6
CONTINUOUS
10
0.2949405118110236
20
0.0838599606299213
11
0.2949405118110236
21
0.1848446456692913
0
LINE
8
BLACK
6
CONTINUOUS
10
0.2949405118110236
20
0.1848446456692913
11
0.2711199212598425
21
0.2086651968503937
0
LINE
8
BLACK
6
CONTINUOUS
10
0.2711199212598425
20
0.2086651968503937
11
0.2574803149606299
21
0.2086651968503937
0
LINE
8
BLACK
6
CONTINUOUS
10
0.2574803149606299
20
0.2086651968503937
11
0.2540903937007874
21
0.2093394881889764
0
LINE
8
BLACK
6
CONTINUOUS
10
0.2540903937007874
20
0.2093394881889764
11
0.251416968503937
21
0.2111258267716535
0
LINE
8
BLACK
6
CONTINUOUS
10
0.251416968503937
20
0.2111258267716535
11
0.2075590551181102
21
0.2111258267716535
0
LINE
8
BLACK
6
CONTINUOUS
10
0.2075590551181102
20
0.2111258267716535
11
0.2075590551181102
21
0.2106337007874016
0
LINE
8
BLACK
6
CONTINUOUS
10
0.2075590551181102
20
0.2106337007874016
11
0.206809842519685
21
0.206867125984252
0
LINE
8
BLACK
6
CONTINUOUS
10
0.206809842519685
20
0.206867125984252
11
0.2046762598425197
21
0.2036739763779528
0
LINE
8
BLACK
6
CONTINUOUS
10
0.2046762598425197
20
0.2036739763779528
11
0.2014831102362205
21
0.2015403937007874
0
LINE
8
BLACK
6
CONTINUOUS
10
0.2014831102362205
20
0.2015403937007874
11
0.1977165354330709
21
0.2007911811023622
0
LINE
8
BLACK
6
CONTINUOUS
10
0.1977165354330709
20
0.2007911811023622
11
0.1622834645669291
21
0.2007911811023622
0
LINE
8
BLACK
6
CONTINUOUS
10
0.1622834645669291
20
0.2007911811023622
11
0.1585168897637795
21
0.2015403937007874
0
LINE
8
BLACK
6
CONTINUOUS
10
0.1585168897637795
20
0.2015403937007874
11
0.1553237401574803
21
0.2036739763779528
0
LINE
8
BLACK
6
CONTINUOUS
10
0.1553237401574803
20
0.2036739763779528
11
0.1531901574803149
21
0.206867125984252
0
LINE
8
BLACK
6
CONTINUOUS
10
0.1531901574803149
20
0.206867125984252
11
0.1524409448818898
21
0.2106337007874016
0
LINE
8
BLACK
6
CONTINUOUS
10
0.1524409448818898
20
0.2106337007874016
11
0.1524409448818898
21
0.2313029921259842
0
LINE
8
BLACK
6
CONTINUOUS
10
0.1524409448818898
20
0.2313029921259842
11
0.1531901574803149
21
0.2350695669291339
0
LINE
8
BLACK
6
CONTINUOUS
10
0.1531901574803149
20
0.2350695669291339
11
0.1553237401574803
21
0.2382627165354331
0
LINE
8
BLACK
6
CONTINUOUS
10
0.1553237401574803
20
0.2382627165354331
11
0.1585168897637795
21
0.2403962992125984
0
LINE
8
BLACK
6
CONTINUOUS
10
0.1585168897637795
20
0.2403962992125984
11
0.1622834645669291
21
0.2411455118110236
0
LINE
8
BLACK
6
CONTINUOUS
10
0.1622834645669291
20
0.2411455118110236
11
0.1977165354330709
21
0.2411455118110236
0
LINE
8
BLACK
6
CONTINUOUS
10
0.1977165354330709
20
0.2411455118110236
11
0.2014831102362205
21
0.2403962992125984
0
LINE
8
BLACK
6
CONTINUOUS
10
0.2014831102362205
20
0.2403962992125984
11
0.2046762598425197
21
0.2382627165354331
0
LINE
8
BLACK
6
CONTINUOUS
10
0.2046762598425197
20
0.2382627165354331
11
0.206809842519685
21
0.2350695669291339
0
LINE
8
BLACK
6
CONTINUOUS
10
0.206809842519685
20
0.2350695669291339
11
0.2075590551181102
21
0.2313029921259842
0
LINE
8
BLACK
6
CONTINUOUS
10
0.2075590551181102
20
0.2313029921259842
11
0.2075590551181102
21
0.2308108661417323
0
LINE
8
BLACK
6
CONTINUOUS
10
0.2075590551181102
20
0.2308108661417323
11
0.2486220472440945
21
0.2308108661417323
0
LINE
8
BLACK
6
CONTINUOUS
10
0.2486220472440945
20
0.2308108661417323
11
0.2486220472440945
21
0.23524
0
LINE
8
BLACK
6
CONTINUOUS
10
0.2486220472440945
20
0.23524
11
0.2492963385826772
21
0.2386299212598425
0
LINE
8
BLACK
6
CONTINUOUS
10
0.2492963385826772
20
0.2386299212598425
11
0.2512165748031496
21
0.2415037401574803
0
LINE
8
BLACK
6
CONTINUOUS
10
0.2512165748031496
20
0.2415037401574803
11
0.2540903937007874
21
0.2434239763779527
0
LINE
8
BLACK
6
CONTINUOUS
10
0.2540903937007874
20
0.2434239763779527
11
0.2574803149606299
21
0.2440982677165354
0
LINE
8
BLACK
6
CONTINUOUS
10
0.2574803149606299
20
0.2440982677165354
11
0.2771653543307087
21
0.2440982677165354
0
LINE
8
BLACK
6
CONTINUOUS
10
0.2771653543307087
20
0.2440982677165354
11
0.2805552755905512
21
0.2434239763779527
0
LINE
8
BLACK
6
CONTINUOUS
10
-0.2867640551181102
20
0.3343366141732284
11
-0.2854513385826772
21
0.3341887007874016
0
LINE
8
BLACK
6
CONTINUOUS
10
-0.2854513385826772
20
0.3341887007874016
11
-0.2850721653543307
21
0.3339504724409449
0
LINE
8
BLACK
6
CONTINUOUS
10
-0.2850721653543307
20
0.3339504724409449
11
-0.2846355511811023
21
0.3338507874015748
0
LINE
8
BLACK
6
CONTINUOUS
10
-0.2846355511811023
20
0.3338507874015748
11
-0.2836026771653543
21
0.3330270866141732
0
LINE
8
BLACK
6
CONTINUOUS
10
-0.2836026771653543
20
0.3330270866141732
11
-0.2824842125984252
21
0.3323242913385827
0
LINE
8
BLACK
6
CONTINUOUS
10
-0.2824842125984252
20
0.3323242913385827
11
-0.2611872834645669
21
0.3110274015748031
0
LINE
8
BLACK
6
CONTINUOUS
10
-0.2611872834645669
20
0.3110274015748031
11
-0.2526377952755905
21
0.3110274015748031
0
LINE
8
BLACK
6
CONTINUOUS
10
-0.2526377952755905
20
0.3110274015748031
11
-0.2496245275590551
21
0.310428031496063
0
LINE
8
BLACK
6
CONTINUOUS
10
-0.2496245275590551
20
0.310428031496063
11
-0.2470700393700787
21
0.3087211417322834
0
LINE
8
BLACK
6
CONTINUOUS
10
-0.2470700393700787
20
0.3087211417322834
11
-0.2453631496062992
21
0.3061666535433071
0
LINE
8
BLACK
6
CONTINUOUS
10
-0.2453631496062992
20
0.3061666535433071
11
-0.244763779527559
21
0.3031533858267716
0
LINE
8
BLACK
6
CONTINUOUS
10
-0.244763779527559
20
0.3031533858267716
11
-0.244763779527559
21
0.281499842519685
0
LINE
8
BLACK
6
CONTINUOUS
10
-0.244763779527559
20
0.281499842519685
11
-0.2453631496062992
21
0.2784865748031496
0
LINE
8
BLACK
6
CONTINUOUS
10
-0.2453631496062992
20
0.2784865748031496
11
-0.2470700393700787
21
0.2759320866141732
0
LINE
8
BLACK
6
CONTINUOUS
10
-0.2470700393700787
20
0.2759320866141732
11
-0.2496245275590551
21
0.2742251968503937
0
LINE
8
BLACK
6
CONTINUOUS
10
-0.2496245275590551
20
0.2742251968503937
11
-0.2526377952755905
21
0.2736258267716535
0
LINE
8
BLACK
6
CONTINUOUS
10
-0.2526377952755905
20
0.2736258267716535
11
-0.2680770472440945
21
0.2736258267716535
0
LINE
8
BLACK
6
CONTINUOUS
10
-0.2680770472440945
20
0.2736258267716535
11
-0.2829527559055118
21
0.2587501574803149
0
LINE
8
BLACK
6
CONTINUOUS
10
-0.2829527559055118
20
0.2587501574803149
11
-0.2829527559055118
21
0.251855157480315
0
LINE
8
BLACK
6
CONTINUOUS
10
-0.2829527559055118
20
0.251855157480315
11
-0.2799527952755905
21
0.2490934645669291
0
LINE
8
BLACK
6
CONTINUOUS
10
-0.2799527952755905
20
0.2490934645669291
11
-0.2777938582677165
21
0.2451041338582677
0
LINE
8
BLACK
6
CONTINUOUS
10
-0.2777938582677165
20
0.2451041338582677
11
-0.2770472440944882
21
0.2406299212598425
0
LINE
8
BLACK
6
CONTINUOUS
10
-0.2770472440944882
20
0.2406299212598425
11
-0.2770472440944882
21
0.2130708661417323
0
LINE
8
BLACK
6
CONTINUOUS
10
-0.2770472440944882
20
0.2130708661417323
11
-0.2563426771653543
21
0.2130708661417323
0
LINE
8
BLACK
6
CONTINUOUS
10
-0.2563426771653543
20
0.2130708661417323
11
-0.2525761023622047
21
0.2123216535433071
0
LINE
8
BLACK
6
CONTINUOUS
10
-0.2525761023622047
20
0.2123216535433071
11
-0.2493829527559055
21
0.2101880708661417
0
LINE
8
BLACK
6
CONTINUOUS
10
-0.2493829527559055
20
0.2101880708661417
11
-0.2124349212598425
21
0.17324
0
LINE
8
BLACK
6
CONTINUOUS
10
-0.2124349212598425
20
0.17324
11
-0.189505
21
0.17324
0
LINE
8
BLACK
6
CONTINUOUS
10
-0.189505
20
0.17324
11
-0.1890264960629921
21
0.1756456692913386
0
LINE
8
BLACK
6
CONTINUOUS
10
-0.1890264960629921
20
0.1756456692913386
11
-0.1871062598425197
21
0.1785194881889764
0
LINE
8
BLACK
6
CONTINUOUS
10
-0.1871062598425197
20
0.1785194881889764
11
-0.1842324409448819
21
0.1804397244094488
0
LINE
8
BLACK
6
CONTINUOUS
10
-0.1842324409448819
20
0.1804397244094488
11
-0.1808425196850394
21
0.1811140157480315
0
LINE
8
BLACK
6
CONTINUOUS
10
-0.1808425196850394
20
0.1811140157480315
11
-0.1656911023622047
21
0.1811140157480315
0
LINE
8
BLACK
6
CONTINUOUS
10
-0.1656911023622047
20
0.1811140157480315
11
-0.120748031496063
21
0.2260570866141732
0
LINE
8
BLACK
6
CONTINUOUS
10
-0.120748031496063
20
0.2260570866141732
11
-0.120748031496063
21
0.2313029921259842
0
LINE
8
BLACK
6
CONTINUOUS
10
-0.120748031496063
20
0.2313029921259842
11
-0.1202985039370079
21
0.2335629527559055
0
LINE
8
BLACK
6
CONTINUOUS
10
-0.1202985039370079
20
0.2335629527559055
11
-0.1190183464566929
21
0.2354788188976378
0
LINE
8
BLACK
6
CONTINUOUS
10
-0.1190183464566929
20
0.2354788188976378
11
-0.1171024803149606
21
0.2367589763779528
0
LINE
8
BLACK
6
CONTINUOUS
10
-0.1171024803149606
20
0.2367589763779528
11
-0.1148425196850394
21
0.2372085039370079
0
LINE
8
BLACK
6
CONTINUOUS
10
-0.1148425196850394
20
0.2372085039370079
11
-0.0744881889763779
21
0.2372085039370079
0
LINE
8
BLACK
6
CONTINUOUS
10
-0.0744881889763779
20
0.2372085039370079
11
-0.0722282283464567
21
0.2367589763779528
0
LINE
8
BLACK
6
CONTINUOUS
10
-0.0722282283464567
20
0.2367589763779528
11
-0.0703123622047244
21
0.2354788188976378
0
LINE
8
BLACK
6
CONTINUOUS
10
-0.0703123622047244
20
0.2354788188976378
11
-0.0701527952755906
21
0.23524
0
LINE
8
BLACK
6
CONTINUOUS
10
-0.0701527952755906
20
0.23524
11
-0.0301968503937008
21
0.23524
0
LINE
8
BLACK
6
CONTINUOUS
10
-0.0301968503937008
20
0.23524
11
-0.0301968503937008
21
0.2450825196850394
0
LINE
8
BLACK
6
CONTINUOUS
10
-0.0301968503937008
20
0.2450825196850394
11
-0.0295225590551181
21
0.2484724409448819
0
LINE
8
BLACK
6
CONTINUOUS
10
-0.0295225590551181
20
0.2484724409448819
11
-0.0276023228346457
21
0.2513462598425197
0
LINE
8
BLACK
6
CONTINUOUS
10
-0.0276023228346457
20
0.2513462598425197
11
-0.0247285039370079
21
0.2532664960629921
0
LINE
8
BLACK
6
CONTINUOUS
10
-0.0247285039370079
20
0.2532664960629921
11
-0.0213385826771654
21
0.2539407874015748
0
LINE
8
BLACK
6
CONTINUOUS
10
-0.0213385826771654
20
0.2539407874015748
11
-0.0016535433070866
21
0.2539407874015748
0
LINE
8
BLACK
6
CONTINUOUS
10
-0.0016535433070866
20
0.2539407874015748
11
0.0017363779527559
21
0.2532664960629921
0
LINE
8
BLACK
6
CONTINUOUS
10
0.0017363779527559
20
0.2532664960629921
11
0.0046101968503937
21
0.2513462598425197
0
LINE
8
BLACK
6
CONTINUOUS
10
0.0046101968503937
20
0.2513462598425197
11
0.0065304330708661
21
0.2484724409448819
0
LINE
8
BLACK
6
CONTINUOUS
10
0.0065304330708661
20
0.2484724409448819
11
0.0072047244094488
21
0.2450825196850394
0
LINE
8
BLACK
6
CONTINUOUS
10
0.0072047244094488
20
0.2450825196850394
11
0.0072047244094488
21
0.2314429133858268
0
LINE
8
BLACK
6
CONTINUOUS
10
0.0072047244094488
20
0.2314429133858268
11
0.0270296850393701
21
0.2116179527559055
0
LINE
8
BLACK
6
CONTINUOUS
10
0.0270296850393701
20
0.2116179527559055
11
0.0447834645669291
21
0.2116179527559055
0
LINE
8
BLACK
6
CONTINUOUS
10
0.0447834645669291
20
0.2116179527559055
11
0.0447834645669291
21
0.2234289763779528
0
LINE
8
BLACK
6
CONTINUOUS
10
0.0447834645669291
20
0.2234289763779528
11
0.1038385826771654
21
0.2234289763779528
0
LINE
8
BLACK
6
CONTINUOUS
10
0.1038385826771654
20
0.2234289763779528
11
0.1038385826771654
21
0.2017754330708662
0
LINE
8
BLACK
6
CONTINUOUS
10
0.1038385826771654
20
0.2017754330708662
11
0.1036382283464567
21
0.2017754330708662
0
LINE
8
BLACK
6
CONTINUOUS
10
0.1036382283464567
20
0.2017754330708662
11
0.1036382283464567
21
0.1989739763779527
0
LINE
8
BLACK
6
CONTINUOUS
10
0.1036382283464567
20
0.1989739763779527
11
0.1020596850393701
21
0.1935979527559055
0
LINE
8
BLACK
6
CONTINUOUS
10
0.1020596850393701
20
0.1935979527559055
11
0.0990305118110236
21
0.1888844881889764
0
LINE
8
BLACK
6
CONTINUOUS
10
0.0990305118110236
20
0.1888844881889764
11
0.094796062992126
21
0.1852153149606299
0
LINE
8
BLACK
6
CONTINUOUS
10
0.094796062992126
20
0.1852153149606299
11
0.0896994488188976
21
0.1828877952755905
0
LINE
8
BLACK
6
CONTINUOUS
10
0.0896994488188976
20
0.1828877952755905
11
0.0841535433070866
21
0.1820903937007874
0
LINE
8
BLACK
6
CONTINUOUS
10
0.0841535433070866
20
0.1820903937007874
11
0.0644685039370079
21
0.1820903937007874
0
LINE
8
BLACK
6
CONTINUOUS
10
0.0644685039370079
20
0.1820903937007874
11
0.0589225984251968
21
0.1828877952755905
0
LINE
8
BLACK
6
CONTINUOUS
10
0.0589225984251968
20
0.1828877952755905
11
0.0538259842519685
21
0.1852153149606299
0
LINE
8
BLACK
6
CONTINUOUS
10
0.0538259842519685
20
0.1852153149606299
11
0.0495915354330709
21
0.1888844881889764
0
LINE
8
BLACK
6
CONTINUOUS
10
0.0495915354330709
20
0.1888844881889764
11
0.0476324409448819
21
0.1919329133858268
0
LINE
8
BLACK
6
CONTINUOUS
10
0.0476324409448819
20
0.1919329133858268
11
0.0229529527559055
21
0.1919329133858268
0
LINE
8
BLACK
6
CONTINUOUS
10
0.0229529527559055
20
0.1919329133858268
11
0.0229527559055118
21
0.191932874015748
0
LINE
8
BLACK
6
CONTINUOUS
10
0.0229527559055118
20
0.191932874015748
11
0.0191861811023622
21
0.192682125984252
0
LINE
8
BLACK
6
CONTINUOUS
10
0.0191861811023622
20
0.192682125984252
11
0.015993031496063
21
0.1948157086614173
0
LINE
8
BLACK
6
CONTINUOUS
10
0.015993031496063
20
0.1948157086614173
11
-0.0047462204724409
21
0.2155549606299212
0
LINE
8
BLACK
6
CONTINUOUS
10
-0.0047462204724409
20
0.2155549606299212
11
-0.0701527952755906
21
0.2155549606299212
0
LINE
8
BLACK
6
CONTINUOUS
10
-0.0701527952755906
20
0.2155549606299212
11
-0.0703123622047244
21
0.2153161417322835
0
LINE
8
BLACK
6
CONTINUOUS
10
-0.0703123622047244
20
0.2153161417322835
11
-0.0722282283464567
21
0.2140359842519685
0
LINE
8
BLACK
6
CONTINUOUS
10
-0.0722282283464567
20
0.2140359842519685
11
-0.0744881889763779
21
0.2135864566929134
0
LINE
8
BLACK
6
CONTINUOUS
10
-0.0744881889763779
20
0.2135864566929134
11
-0.1053798031496063
21
0.2135864566929134
0
LINE
8
BLACK
6
CONTINUOUS
10
-0.1053798031496063
20
0.2135864566929134
11
-0.1522992125984252
21
0.1666670472440945
0
LINE
8
BLACK
6
CONTINUOUS
10
-0.1522992125984252
20
0.1666670472440945
11
-0.1522992125984252
21
0.1545392125984252
0
LINE
8
BLACK
6
CONTINUOUS
10
-0.1522992125984252
20
0.1545392125984252
11
-0.1529735039370079
21
0.1511492913385827
0
LINE
8
BLACK
6
CONTINUOUS
10
-0.1529735039370079
20
0.1511492913385827
11
-0.1548937401574803
21
0.1482754724409449
0
LINE
8
BLACK
6
CONTINUOUS
10
-0.1548937401574803
20
0.1482754724409449
11
-0.1577675590551181
21
0.1463552362204724
0
LINE
8
BLACK
6
CONTINUOUS
10
-0.1577675590551181
20
0.1463552362204724
11
-0.1611574803149606
21
0.1456809448818898
0
LINE
8
BLACK
6
CONTINUOUS
10
-0.1611574803149606
20
0.1456809448818898
11
-0.1808425196850394
21
0.1456809448818898
0
LINE
8
BLACK
6
CONTINUOUS
10
-0.1808425196850394
20
0.1456809448818898
11
-0.1842324409448819
21
0.1463552362204724
0
LINE
8
BLACK
6
CONTINUOUS
10
-0.1842324409448819
20
0.1463552362204724
11
-0.1871062598425197
21
0.1482754724409449
0
LINE
8
BLACK
6
CONTINUOUS
10
-0.1871062598425197
20
0.1482754724409449
11
-0.1890264960629921
21
0.1511492913385827
0
LINE
8
BLACK
6
CONTINUOUS
10
-0.1890264960629921
20
0.1511492913385827
11
-0.189505
21
0.1535549606299212
0
LINE
8
BLACK
6
CONTINUOUS
10
-0.189505
20
0.1535549606299212
11
-0.2165116141732283
21
0.1535549606299212
0
LINE
8
BLACK
6
CONTINUOUS
10
-0.2165116141732283
20
0.1535549606299212
11
-0.216511811023622
21
0.1535549212598425
0
LINE
8
BLACK
6
CONTINUOUS
10
-0.216511811023622
20
0.1535549212598425
11
-0.2196534645669291
21
0.1541798818897638
0
LINE
8
BLACK
6
CONTINUOUS
10
-0.2196534645669291
20
0.1541798818897638
11
-0.2202783858267716
21
0.1543041732283464
0
LINE
8
BLACK
6
CONTINUOUS
10
-0.2202783858267716
20
0.1543041732283464
11
-0.2234715354330709
21
0.1564377559055118
0
LINE
8
BLACK
6
CONTINUOUS
10
-0.2234715354330709
20
0.1564377559055118
11
-0.2234716535433071
21
0.1564379133858268
0
LINE
8
BLACK
6
CONTINUOUS
10
-0.2234716535433071
20
0.1564379133858268
11
-0.2604196062992126
21
0.1933858267716535
0
LINE
8
BLACK
6
CONTINUOUS
10
-0.2604196062992126
20
0.1933858267716535
11
-0.2770472440944882
21
0.1933858267716535
0
LINE
8
BLACK
6
CONTINUOUS
10
-0.2770472440944882
20
0.1933858267716535
11
-0.2770472440944882
21
0.1658267716535433
0
LINE
8
BLACK
6
CONTINUOUS
10
-0.2770472440944882
20
0.1658267716535433
11
-0.2772351968503937
21
0.1635587401574803
0
LINE
8
BLACK
6
CONTINUOUS
10
-0.2772351968503937
20
0.1635587401574803
11
-0.278708031496063
21
0.1592684251968504
0
LINE
8
BLACK
6
CONTINUOUS
10
-0.278708031496063
20
0.1592684251968504
11
-0.2809842519685039
21
0.1563439763779527
0
LINE
8
BLACK
6
CONTINUOUS
10
-0.2809842519685039
20
0.1563439763779527
11
-0.2809842519685039
21
0.1391732283464567
0
LINE
8
BLACK
6
CONTINUOUS
10
-0.2809842519685039
20
0.1391732283464567
11
-0.2809842519685039
21
0.1128631102362205
0
LINE
8
BLACK
6
CONTINUOUS
10
-0.2809842519685039
20
0.1128631102362205
11
-0.2807435433070866
21
0.1127404330708661
0
LINE
8
BLACK
6
CONTINUOUS
10
-0.2807435433070866
20
0.1127404330708661
11
-0.2772595669291338
21
0.1092564566929134
0
LINE
8
BLACK
6
CONTINUOUS
10
-0.2772595669291338
20
0.1092564566929134
11
-0.2750227165354331
21
0.1048664173228346
0
LINE
8
BLACK
6
CONTINUOUS
10
-0.2750227165354331
20
0.1048664173228346
11
-0.274251968503937
21
0.1
0
LINE
8
BLACK
6
CONTINUOUS
10
-0.274251968503937
20
0.1
11
-0.2750227165354331
21
0.0951335826771653
0
LINE
8
BLACK
6
CONTINUOUS
10
-0.2750227165354331
20
0.0951335826771653
11
-0.2772595669291338
21
0.0907435433070866
0
LINE
8
BLACK
6
CONTINUOUS
10
-0.2772595669291338
20
0.0907435433070866
11
-0.2807435433070866
21
0.0872595669291338
0
LINE
8
BLACK
6
CONTINUOUS
10
-0.2807435433070866
20
0.0872595669291338
11
-0.2851335826771653
21
0.0850227165354331
0
LINE
8
BLACK
6
CONTINUOUS
10
-0.2851335826771653
20
0.0850227165354331
11
-0.29
21
0.084251968503937
0
LINE
8
BLACK
6
CONTINUOUS
10
-0.29
20
0.084251968503937
11
-0.2948664173228346
21
0.0850227165354331
0
LINE
8
BLACK
6
CONTINUOUS
10
-0.2948664173228346
20
0.0850227165354331
11
-0.2992564566929134
21
0.0872595669291338
0
LINE
8
BLACK
6
CONTINUOUS
10
-0.2992564566929134
20
0.0872595669291338
11
-0.3027404330708661
21
0.0907435433070866
0
LINE
8
BLACK
6
CONTINUOUS
10
-0.3027404330708661
20
0.0907435433070866
11
-0.3049772834645669
21
0.0951335826771653
0
LINE
8
BLACK
6
CONTINUOUS
10
-0.3049772834645669
20
0.0951335826771653
11
-0.305748031496063
21
0.1
0
LINE
8
BLACK
6
CONTINUOUS
10
-0.305748031496063
20
0.1
11
-0.3049772834645669
21
0.1048664173228346
0
LINE
8
BLACK
6
CONTINUOUS
10
-0.3049772834645669
20
0.1048664173228346
11
-0.3027404330708661
21
0.1092564566929134
0
LINE
8
BLACK
6
CONTINUOUS
10
-0.3027404330708661
20
0.1092564566929134
11
-0.3006692913385827
21
0.1113275984251968
0
LINE
8
BLACK
6
CONTINUOUS
10
-0.3006692913385827
20
0.1113275984251968
11
-0.3006692913385827
21
0.1391732283464567
0
LINE
8
BLACK
6
CONTINUOUS
10
-0.3006692913385827
20
0.1391732283464567
11
-0.3006692913385827
21
0.1564137007874016
0
LINE
8
BLACK
6
CONTINUOUS
10
-0.3006692913385827
20
0.1564137007874016
11
-0.301700748031496
21
0.1573632283464567
0
LINE
8
BLACK
6
CONTINUOUS
10
-0.301700748031496
20
0.1573632283464567
11
-0.3038596850393701
21
0.1613525590551181
0
LINE
8
BLACK
6
CONTINUOUS
10
-0.3038596850393701
20
0.1613525590551181
11
-0.3046062992125984
21
0.1658267716535433
0
LINE
8
BLACK
6
CONTINUOUS
10
-0.3046062992125984
20
0.1658267716535433
11
-0.3046062992125984
21
0.2406299212598425
0
LINE
8
BLACK
6
CONTINUOUS
10
-0.3046062992125984
20
0.2406299212598425
11
-0.3044183464566929
21
0.2428979527559055
0
LINE
8
BLACK
6
CONTINUOUS
10
-0.3044183464566929
20
0.2428979527559055
11
-0.3029455118110236
21
0.2471882677165354
0
LINE
8
BLACK
6
CONTINUOUS
10
-0.3029455118110236
20
0.2471882677165354
11
-0.3001594094488189
21
0.2507678346456693
0
LINE
8
BLACK
6
CONTINUOUS
10
-0.3001594094488189
20
0.2507678346456693
11
-0.2987007874015748
21
0.2517208267716535
0
LINE
8
BLACK
6
CONTINUOUS
10
-0.2987007874015748
20
0.2517208267716535
11
-0.2987007874015748
21
0.2620116535433071
0
LINE
8
BLACK
6
CONTINUOUS
10
-0.2987007874015748
20
0.2620116535433071
11
-0.2984068503937008
21
0.2632996062992126
0
LINE
8
BLACK
6
CONTINUOUS
10
-0.2984068503937008
20
0.2632996062992126
11
-0.298258937007874
21
0.2646122834645669
0
LINE
8
BLACK
6
CONTINUOUS
10
-0.298258937007874
20
0.2646122834645669
11
-0.2980207086614173
21
0.2649914960629921
0
LINE
8
BLACK
6
CONTINUOUS
10
-0.2980207086614173
20
0.2649914960629921
11
-0.2979210236220473
21
0.2654280708661417
0
LINE
8
BLACK
6
CONTINUOUS
10
-0.2979210236220473
20
0.2654280708661417
11
-0.2970973228346457
21
0.2664609842519685
0
LINE
8
BLACK
6
CONTINUOUS
10
-0.2970973228346457
20
0.2664609842519685
11
-0.2963945275590551
21
0.2675794094488189
0
LINE
8
BLACK
6
CONTINUOUS
10
-0.2963945275590551
20
0.2675794094488189
11
-0.2762598425196851
21
0.2877141338582677
0
LINE
8
BLACK
6
CONTINUOUS
10
-0.2762598425196851
20
0.2877141338582677
11
-0.2762598425196851
21
0.3031533858267716
0
LINE
8
BLACK
6
CONTINUOUS
10
-0.2762598425196851
20
0.3031533858267716
11
-0.2761477952755905
21
0.303716811023622
0
LINE
8
BLACK
6
CONTINUOUS
10
-0.2761477952755905
20
0.303716811023622
11
-0.2913134645669291
21
0.3188825196850394
0
LINE
8
BLACK
6
CONTINUOUS
10
-0.2913134645669291
20
0.3188825196850394
11
-0.3547101574803149
21
0.3188825196850394
0
LINE
8
BLACK
6
CONTINUOUS
10
-0.3547101574803149
20
0.3188825196850394
11
-0.3746850393700787
21
0.2989076377952756
0
LINE
8
BLACK
6
CONTINUOUS
10
-0.3746850393700787
20
0.2989076377952756
11
-0.3746850393700787
21
0.281499842519685
0
LINE
8
BLACK
6
CONTINUOUS
10
-0.3746850393700787
20
0.281499842519685
11
-0.3752844094488189
21
0.2784865748031496
0
LINE
8
BLACK
6
CONTINUOUS
10
-0.3752844094488189
20
0.2784865748031496
11
-0.3769912992125984
21
0.2759320866141732
0
LINE
8
BLACK
6
CONTINUOUS
10
-0.3769912992125984
20
0.2759320866141732
11
-0.3795457874015748
21
0.2742251968503937
0
LINE
8
BLACK
6
CONTINUOUS
10
-0.3795457874015748
20
0.2742251968503937
11
-0.3825590551181102
21
0.2736258267716535
0
LINE
8
BLACK
6
CONTINUOUS
10
-0.3825590551181102
20
0.2736258267716535
11
-0.3983070866141732
21
0.2736258267716535
0
LINE
8
BLACK
6
CONTINUOUS
10
-0.3983070866141732
20
0.2736258267716535
11
-0.4013203543307087
21
0.2742251968503937
0
LINE
8
BLACK
6
CONTINUOUS
10
-0.4013203543307087
20
0.2742251968503937
11
-0.403874842519685
21
0.2759320866141732
0
LINE
8
BLACK
6
CONTINUOUS
10
-0.403874842519685
20
0.2759320866141732
11
-0.4055817322834646
21
0.2784865748031496
0
LINE
8
BLACK
6
CONTINUOUS
10
-0.4055817322834646
20
0.2784865748031496
11
-0.4061811023622047
21
0.281499842519685
0
LINE
8
BLACK
6
CONTINUOUS
10
-0.4061811023622047
20
0.281499842519685
11
-0.4061811023622047
21
0.3031533858267716
0
LINE
8
BLACK
6
CONTINUOUS
10
-0.4061811023622047
20
0.3031533858267716
11
-0.4055817322834646
21
0.3061666535433071
0
LINE
8
BLACK
6
CONTINUOUS
10
-0.4055817322834646
20
0.3061666535433071
11
-0.403874842519685
21
0.3087211417322834
0
LINE
8
BLACK
6
CONTINUOUS
10
-0.403874842519685
20
0.3087211417322834
11
-0.4013203543307087
21
0.310428031496063
0
LINE
8
BLACK
6
CONTINUOUS
10
-0.4013203543307087
20
0.310428031496063
11
-0.3983070866141732
21
0.3110274015748031
0
LINE
8
BLACK
6
CONTINUOUS
10
-0.3983070866141732
20
0.3110274015748031
11
-0.3848362992125984
21
0.3110274015748031
0
LINE
8
BLACK
6
CONTINUOUS
10
-0.3848362992125984
20
0.3110274015748031
11
-0.3635394094488189
21
0.3323242913385827
0
LINE
8
BLACK
6
CONTINUOUS
10
-0.3635394094488189
20
0.3323242913385827
11
-0.3624209842519685
21
0.3330270866141732
0
LINE
8
BLACK
6
CONTINUOUS
10
-0.3624209842519685
20
0.3330270866141732
11
-0.3613880708661417
21
0.3338507874015748
0
LINE
8
BLACK
6
CONTINUOUS
10
-0.3613880708661417
20
0.3338507874015748
11
-0.3609514960629921
21
0.3339504724409449
0
LINE
8
BLACK
6
CONTINUOUS
10
-0.3609514960629921
20
0.3339504724409449
11
-0.3605722834645669
21
0.3341887007874016
0
LINE
8
BLACK
6
CONTINUOUS
10
-0.3605722834645669
20
0.3341887007874016
11
-0.3592596062992126
21
0.3343366141732284
0
LINE
8
BLACK
6
CONTINUOUS
10
-0.3592596062992126
20
0.3343366141732284
11
-0.3579716535433071
21
0.3346305511811024
0
LINE
8
BLACK
6
CONTINUOUS
10
-0.3579716535433071
20
0.3346305511811024
11
-0.288051968503937
21
0.3346305511811024
0
LINE
8
BLACK
6
CONTINUOUS
10
-0.288051968503937
20
0.3346305511811024
11
-0.2867640551181102
21
0.3343366141732284
0
LINE
8
BLACK
6
CONTINUOUS
10
-0.3348850393700787
20
0.2539877952755906
11
-0.3307310236220473
21
0.2521656692913386
0
LINE
8
BLACK
6
CONTINUOUS
10
-0.3307310236220473
20
0.2521656692913386
11
-0.3273937401574803
21
0.2490934645669291
0
LINE
8
BLACK
6
CONTINUOUS
10
-0.3273937401574803
20
0.2490934645669291
11
-0.3252348031496063
21
0.2451041338582677
0
LINE
8
BLACK
6
CONTINUOUS
10
-0.3252348031496063
20
0.2451041338582677
11
-0.3244881889763779
21
0.2406299212598425
0
LINE
8
BLACK
6
CONTINUOUS
10
-0.3244881889763779
20
0.2406299212598425
11
-0.3244881889763779
21
0.1658267716535433
0
LINE
8
BLACK
6
CONTINUOUS
10
-0.3244881889763779
20
0.1658267716535433
11
-0.3246761417322834
21
0.1635587401574803
0
LINE
8
BLACK
6
CONTINUOUS
10
-0.3246761417322834
20
0.1635587401574803
11
-0.3261489763779528
21
0.1592684251968504
0
LINE
8
BLACK
6
CONTINUOUS
10
-0.3261489763779528
20
0.1592684251968504
11
-0.3289350787401575
21
0.1556888582677165
0
LINE
8
BLACK
6
CONTINUOUS
10
-0.3289350787401575
20
0.1556888582677165
11
-0.3327325590551181
21
0.1532078346456693
0
LINE
8
BLACK
6
CONTINUOUS
10
-0.3327325590551181
20
0.1532078346456693
11
-0.3371298031496063
21
0.1520942913385827
0
LINE
8
BLACK
6
CONTINUOUS
10
-0.3371298031496063
20
0.1520942913385827
11
-0.3416503937007874
21
0.1524688976377953
0
LINE
8
BLACK
6
CONTINUOUS
10
-0.3416503937007874
20
0.1524688976377953
11
-0.3458044094488189
21
0.1542910236220472
0
LINE
8
BLACK
6
CONTINUOUS
10
-0.3458044094488189
20
0.1542910236220472
11
-0.3491416929133858
21
0.1573632283464567
0
LINE
8
BLACK
6
CONTINUOUS
10
-0.3491416929133858
20
0.1573632283464567
11
-0.3513006299212598
21
0.1613525590551181
0
LINE
8
BLACK
6
CONTINUOUS
10
-0.3513006299212598
20
0.1613525590551181
11
-0.3520472440944882
21
0.1658267716535433
0
LINE
8
BLACK
6
CONTINUOUS
10
-0.3520472440944882
20
0.1658267716535433
11
-0.3520472440944882
21
0.2406299212598425
0
LINE
8
BLACK
6
CONTINUOUS
10
-0.3520472440944882
20
0.2406299212598425
11
-0.3518592913385827
21
0.2428979527559055
0
LINE
8
BLACK
6
CONTINUOUS
10
-0.3518592913385827
20
0.2428979527559055
11
-0.3503864566929134
21
0.2471882677165354
0
LINE
8
BLACK
6
CONTINUOUS
10
-0.3503864566929134
20
0.2471882677165354
11
-0.3476003543307086
21
0.2507678346456693
0
LINE
8
BLACK
6
CONTINUOUS
10
-0.3476003543307086
20
0.2507678346456693
11
-0.3438028740157481
21
0.2532488582677165
0
LINE
8
BLACK
6
CONTINUOUS
10
-0.3438028740157481
20
0.2532488582677165
11
-0.3394056299212598
21
0.2543624015748032
0
LINE
8
BLACK
6
CONTINUOUS
10
-0.3394056299212598
20
0.2543624015748032
11
-0.3348850393700787
21
0.2539877952755906
0
LINE
8
BLACK
6
CONTINUOUS
10
-0.1617951574803149
20
0.311562125984252
11
-0.1598792913385827
21
0.310281968503937
0
LINE
8
BLACK
6
CONTINUOUS
10
-0.1598792913385827
20
0.310281968503937
11
-0.1597197244094488
21
0.3100431496062992
0
LINE
8
BLACK
6
CONTINUOUS
10
-0.1597197244094488
20
0.3100431496062992
11
-0.1552006299212599
21
0.3100431496062992
0
LINE
8
BLACK
6
CONTINUOUS
10
-0.1552006299212599
20
0.3100431496062992
11
-0.1514340551181102
21
0.309293937007874
0
LINE
8
BLACK
6
CONTINUOUS
10
-0.1514340551181102
20
0.309293937007874
11
-0.148240905511811
21
0.3071603543307087
0
LINE
8
BLACK
6
CONTINUOUS
10
-0.148240905511811
20
0.3071603543307087
11
-0.1270404330708661
21
0.285959842519685
0
LINE
8
BLACK
6
CONTINUOUS
10
-0.1270404330708661
20
0.285959842519685
11
-0.1270402755905512
21
0.2859597244094488
0
LINE
8
BLACK
6
CONTINUOUS
10
-0.1270402755905512
20
0.2859597244094488
11
-0.1249066929133858
21
0.2827665748031496
0
LINE
8
BLACK
6
CONTINUOUS
10
-0.1249066929133858
20
0.2827665748031496
11
-0.1241574803149606
21
0.279
0
LINE
8
BLACK
6
CONTINUOUS
10
-0.1241574803149606
20
0.279
11
-0.1241574803149606
21
0.2761543700787402
0
LINE
8
BLACK
6
CONTINUOUS
10
-0.1241574803149606
20
0.2761543700787402
11
-0.1212595669291339
21
0.2732564566929134
0
LINE
8
BLACK
6
CONTINUOUS
10
-0.1212595669291339
20
0.2732564566929134
11
-0.1190227165354331
21
0.2688664173228346
0
LINE
8
BLACK
6
CONTINUOUS
10
-0.1190227165354331
20
0.2688664173228346
11
-0.118251968503937
21
0.264
0
LINE
8
BLACK
6
CONTINUOUS
10
-0.118251968503937
20
0.264
11
-0.1190227165354331
21
0.2591335826771654
0
LINE
8
BLACK
6
CONTINUOUS
10
-0.1190227165354331
20
0.2591335826771654
11
-0.1212595669291339
21
0.2547435433070866
0
LINE
8
BLACK
6
CONTINUOUS
10
-0.1212595669291339
20
0.2547435433070866
11
-0.1241574803149606
21
0.2518456299212599
0
LINE
8
BLACK
6
CONTINUOUS
10
-0.1241574803149606
20
0.2518456299212599
11
-0.1241574803149606
21
0.2460002362204724
0
LINE
8
BLACK
6
CONTINUOUS
10
-0.1241574803149606
20
0.2460002362204724
11
-0.1241574409448819
21
0.246
0
LINE
8
BLACK
6
CONTINUOUS
10
-0.1241574409448819
20
0.246
11
-0.1248161023622047
21
0.242688779527559
0
LINE
8
BLACK
6
CONTINUOUS
10
-0.1248161023622047
20
0.242688779527559
11
-0.1249066929133858
21
0.2422334251968504
0
LINE
8
BLACK
6
CONTINUOUS
10
-0.1249066929133858
20
0.2422334251968504
11
-0.1270402755905512
21
0.2390402755905512
0
LINE
8
BLACK
6
CONTINUOUS
10
-0.1270402755905512
20
0.2390402755905512
11
-0.1270404330708661
21
0.2390401968503937
0
LINE
8
BLACK
6
CONTINUOUS
10
-0.1270404330708661
20
0.2390401968503937
11
-0.1476427952755905
21
0.2184377559055118
0
LINE
8
BLACK
6
CONTINUOUS
10
-0.1476427952755905
20
0.2184377559055118
11
-0.1508359448818898
21
0.2163041732283464
0
LINE
8
BLACK
6
CONTINUOUS
10
-0.1508359448818898
20
0.2163041732283464
11
-0.1546025196850394
21
0.2155549606299212
0
LINE
8
BLACK
6
CONTINUOUS
10
-0.1546025196850394
20
0.2155549606299212
11
-0.1597197244094488
21
0.2155549606299212
0
LINE
8
BLACK
6
CONTINUOUS
10
-0.1597197244094488
20
0.2155549606299212
11
-0.1598792913385827
21
0.2153161417322835
0
LINE
8
BLACK
6
CONTINUOUS
10
-0.1598792913385827
20
0.2153161417322835
11
-0.1617951574803149
21
0.2140359842519685
0
LINE
8
BLACK
6
CONTINUOUS
10
-0.1617951574803149
20
0.2140359842519685
11
-0.1640551181102362
21
0.2135864566929134
0
LINE
8
BLACK
6
CONTINUOUS
10
-0.1640551181102362
20
0.2135864566929134
11
-0.2044094488188976
21
0.2135864566929134
0
LINE
8
BLACK
6
CONTINUOUS
10
-0.2044094488188976
20
0.2135864566929134
11
-0.2066694094488189
21
0.2140359842519685
0
LINE
8
BLACK
6
CONTINUOUS
10
-0.2066694094488189
20
0.2140359842519685
11
-0.2085852755905512
21
0.2153161417322835
0
LINE
8
BLACK
6
CONTINUOUS
10
-0.2085852755905512
20
0.2153161417322835
11
-0.2098654330708661
21
0.2172320078740158
0
LINE
8
BLACK
6
CONTINUOUS
10
-0.2098654330708661
20
0.2172320078740158
11
-0.2103149606299212
21
0.219491968503937
0
LINE
8
BLACK
6
CONTINUOUS
10
-0.2103149606299212
20
0.219491968503937
11
-0.2103149606299212
21
0.2313029921259842
0
LINE
8
BLACK
6
CONTINUOUS
10
-0.2103149606299212
20
0.2313029921259842
11
-0.2098654330708661
21
0.2335629527559055
0
LINE
8
BLACK
6
CONTINUOUS
10
-0.2098654330708661
20
0.2335629527559055
11
-0.2085852755905512
21
0.2354788188976378
0
LINE
8
BLACK
6
CONTINUOUS
10
-0.2085852755905512
20
0.2354788188976378
11
-0.2066694094488189
21
0.2367589763779528
0
LINE
8
BLACK
6
CONTINUOUS
10
-0.2066694094488189
20
0.2367589763779528
11
-0.2044094488188976
21
0.2372085039370079
0
LINE
8
BLACK
6
CONTINUOUS
10
-0.2044094488188976
20
0.2372085039370079
11
-0.1640551181102362
21
0.2372085039370079
0
LINE
8
BLACK
6
CONTINUOUS
10
-0.1640551181102362
20
0.2372085039370079
11
-0.1617951574803149
21
0.2367589763779528
0
LINE
8
BLACK
6
CONTINUOUS
10
-0.1617951574803149
20
0.2367589763779528
11
-0.1598792913385827
21
0.2354788188976378
0
LINE
8
BLACK
6
CONTINUOUS
10
-0.1598792913385827
20
0.2354788188976378
11
-0.1597197244094488
21
0.23524
0
LINE
8
BLACK
6
CONTINUOUS
10
-0.1597197244094488
20
0.23524
11
-0.1586794488188976
21
0.23524
0
LINE
8
BLACK
6
CONTINUOUS
10
-0.1586794488188976
20
0.23524
11
-0.1438425196850394
21
0.2500769291338583
0
LINE
8
BLACK
6
CONTINUOUS
10
-0.1438425196850394
20
0.2500769291338583
11
-0.1438425196850394
21
0.2518456299212599
0
LINE
8
BLACK
6
CONTINUOUS
10
-0.1438425196850394
20
0.2518456299212599
11
-0.1467404330708661
21
0.2547435433070866
0
LINE
8
BLACK
6
CONTINUOUS
10
-0.1467404330708661
20
0.2547435433070866
11
-0.1489772834645669
21
0.2591335826771654
0
LINE
8
BLACK
6
CONTINUOUS
10
-0.1489772834645669
20
0.2591335826771654
11
-0.149748031496063
21
0.264
0
LINE
8
BLACK
6
CONTINUOUS
10
-0.149748031496063
20
0.264
11
-0.1489772834645669
21
0.2688664173228346
0
LINE
8
BLACK
6
CONTINUOUS
10
-0.1489772834645669
20
0.2688664173228346
11
-0.1467404330708661
21
0.2732564566929134
0
LINE
8
BLACK
6
CONTINUOUS
10
-0.1467404330708661
20
0.2732564566929134
11
-0.1444581889763779
21
0.2755387401574803
0
LINE
8
BLACK
6
CONTINUOUS
10
-0.1444581889763779
20
0.2755387401574803
11
-0.1592775590551181
21
0.2903581102362205
0
LINE
8
BLACK
6
CONTINUOUS
10
-0.1592775590551181
20
0.2903581102362205
11
-0.1597197244094488
21
0.2903581102362205
0
LINE
8
BLACK
6
CONTINUOUS
10
-0.1597197244094488
20
0.2903581102362205
11
-0.1598792913385827
21
0.2901192913385827
0
LINE
8
BLACK
6
CONTINUOUS
10
-0.1598792913385827
20
0.2901192913385827
11
-0.1617951574803149
21
0.2888391338582677
0
LINE
8
BLACK
6
CONTINUOUS
10
-0.1617951574803149
20
0.2888391338582677
11
-0.1640551181102362
21
0.2883896062992126
0
LINE
8
BLACK
6
CONTINUOUS
10
-0.1640551181102362
20
0.2883896062992126
11
-0.2044094488188976
21
0.2883896062992126
0
LINE
8
BLACK
6
CONTINUOUS
10
-0.2044094488188976
20
0.2883896062992126
11
-0.2066694094488189
21
0.2888391338582677
0
LINE
8
BLACK
6
CONTINUOUS
10
-0.2066694094488189
20
0.2888391338582677
11
-0.2085852755905512
21
0.2901192913385827
0
LINE
8
BLACK
6
CONTINUOUS
10
-0.2085852755905512
20
0.2901192913385827
11
-0.2098654330708661
21
0.2920351574803149
0
LINE
8
BLACK
6
CONTINUOUS
10
-0.2098654330708661
20
0.2920351574803149
11
-0.2103149606299212
21
0.2942951181102362
0
LINE
8
BLACK
6
CONTINUOUS
10
-0.2103149606299212
20
0.2942951181102362
11
-0.2103149606299212
21
0.3061061417322835
0
LINE
8
BLACK
6
CONTINUOUS
10
-0.2103149606299212
20
0.3061061417322835
11
-0.2098654330708661
21
0.3083661023622047
0
LINE
8
BLACK
6
CONTINUOUS
10
-0.2098654330708661
20
0.3083661023622047
11
-0.2085852755905512
21
0.310281968503937
0
LINE
8
BLACK
6
CONTINUOUS
10
-0.2085852755905512
20
0.310281968503937
11
-0.2066694094488189
21
0.311562125984252
0
LINE
8
BLACK
6
CONTINUOUS
10
-0.2066694094488189
20
0.311562125984252
11
-0.2044094488188976
21
0.3120116535433071
0
LINE
8
BLACK
6
CONTINUOUS
10
-0.2044094488188976
20
0.3120116535433071
11
-0.1640551181102362
21
0.3120116535433071
0
LINE
8
BLACK
6
CONTINUOUS
10
-0.1640551181102362
20
0.3120116535433071
11
-0.1617951574803149
21
0.311562125984252
0
LINE
8
BLACK
6
CONTINUOUS
10
0.3250201181102362
20
0.3313122834645669
11
0.3263328346456693
21
0.3311643700787402
0
LINE
8
BLACK
6
CONTINUOUS
10
0.3263328346456693
20
0.3311643700787402
11
0.3267120078740157
21
0.3309261417322835
0
LINE
8
BLACK
6
CONTINUOUS
10
0.3267120078740157
20
0.3309261417322835
11
0.3271486220472441
21
0.3308264566929134
0
LINE
8
BLACK
6
CONTINUOUS
10
0.3271486220472441
20
0.3308264566929134
11
0.3281814960629921
21
0.3300027559055118
0
LINE
8
BLACK
6
CONTINUOUS
10
0.3281814960629921
20
0.3300027559055118
11
0.3292999606299212
21
0.3292999606299212
0
LINE
8
BLACK
6
CONTINUOUS
10
0.3292999606299212
20
0.3292999606299212
11
0.3456040551181102
21
0.312995905511811
0
LINE
8
BLACK
6
CONTINUOUS
10
0.3456040551181102
20
0.312995905511811
11
0.3723622047244095
21
0.312995905511811
0
LINE
8
BLACK
6
CONTINUOUS
10
0.3723622047244095
20
0.312995905511811
11
0.376128779527559
21
0.3122466929133858
0
LINE
8
BLACK
6
CONTINUOUS
10
0.376128779527559
20
0.3122466929133858
11
0.3793219291338583
21
0.3101131102362205
0
LINE
8
BLACK
6
CONTINUOUS
10
0.3793219291338583
20
0.3101131102362205
11
0.3814555118110236
21
0.3069199606299213
0
LINE
8
BLACK
6
CONTINUOUS
10
0.3814555118110236
20
0.3069199606299213
11
0.3822047244094488
21
0.3031533858267716
0
LINE
8
BLACK
6
CONTINUOUS
10
0.3822047244094488
20
0.3031533858267716
11
0.3822047244094488
21
0.282484094488189
0
LINE
8
BLACK
6
CONTINUOUS
10
0.3822047244094488
20
0.282484094488189
11
0.3814555118110236
21
0.2787175196850394
0
LINE
8
BLACK
6
CONTINUOUS
10
0.3814555118110236
20
0.2787175196850394
11
0.3793219291338583
21
0.2755243700787401
0
LINE
8
BLACK
6
CONTINUOUS
10
0.3793219291338583
20
0.2755243700787401
11
0.376128779527559
21
0.2733907874015748
0
LINE
8
BLACK
6
CONTINUOUS
10
0.376128779527559
20
0.2733907874015748
11
0.3723622047244095
21
0.2726415748031496
0
LINE
8
BLACK
6
CONTINUOUS
10
0.3723622047244095
20
0.2726415748031496
11
0.3369291338582677
21
0.2726415748031496
0
LINE
8
BLACK
6
CONTINUOUS
10
0.3369291338582677
20
0.2726415748031496
11
0.3331625590551181
21
0.2733907874015748
0
LINE
8
BLACK
6
CONTINUOUS
10
0.3331625590551181
20
0.2733907874015748
11
0.3299694094488189
21
0.2755243700787401
0
LINE
8
BLACK
6
CONTINUOUS
10
0.3299694094488189
20
0.2755243700787401
11
0.3278358267716535
21
0.2787175196850394
0
LINE
8
BLACK
6
CONTINUOUS
10
0.3278358267716535
20
0.2787175196850394
11
0.3270866141732283
21
0.282484094488189
0
LINE
8
BLACK
6
CONTINUOUS
10
0.3270866141732283
20
0.282484094488189
11
0.3270866141732283
21
0.3031533858267716
0
LINE
8
BLACK
6
CONTINUOUS
10
0.3270866141732283
20
0.3031533858267716
11
0.3278358267716535
21
0.3069199606299213
0
LINE
8
BLACK
6
CONTINUOUS
10
0.3278358267716535
20
0.3069199606299213
11
0.328465905511811
21
0.3078629921259842
0
LINE
8
BLACK
6
CONTINUOUS
10
0.328465905511811
20
0.3078629921259842
11
0.3204707086614173
21
0.315858188976378
0
LINE
8
BLACK
6
CONTINUOUS
10
0.3204707086614173
20
0.315858188976378
11
0.214175
21
0.315858188976378
0
LINE
8
BLACK
6
CONTINUOUS
10
0.214175
20
0.315858188976378
11
0.2061797244094488
21
0.3078629921259842
0
LINE
8
BLACK
6
CONTINUOUS
10
0.2061797244094488
20
0.3078629921259842
11
0.206809842519685
21
0.3069199606299213
0
LINE
8
BLACK
6
CONTINUOUS
10
0.206809842519685
20
0.3069199606299213
11
0.2075590551181102
21
0.3031533858267716
0
LINE
8
BLACK
6
CONTINUOUS
10
0.2075590551181102
20
0.3031533858267716
11
0.2075590551181102
21
0.282484094488189
0
LINE
8
BLACK
6
CONTINUOUS
10
0.2075590551181102
20
0.282484094488189
11
0.206809842519685
21
0.2787175196850394
0
LINE
8
BLACK
6
CONTINUOUS
10
0.206809842519685
20
0.2787175196850394
11
0.2046762598425197
21
0.2755243700787401
0
LINE
8
BLACK
6
CONTINUOUS
10
0.2046762598425197
20
0.2755243700787401
11
0.2014831102362205
21
0.2733907874015748
0
LINE
8
BLACK
6
CONTINUOUS
10
0.2014831102362205
20
0.2733907874015748
11
0.1977165354330709
21
0.2726415748031496
0
LINE
8
BLACK
6
CONTINUOUS
10
0.1977165354330709
20
0.2726415748031496
11
0.1737422834645669
21
0.2726415748031496
0
LINE
8
BLACK
6
CONTINUOUS
10
0.1737422834645669
20
0.2726415748031496
11
0.1470975196850394
21
0.245996811023622
0
LINE
8
BLACK
6
CONTINUOUS
10
0.1470975196850394
20
0.245996811023622
11
0.1439043700787402
21
0.2438632283464567
0
LINE
8
BLACK
6
CONTINUOUS
10
0.1439043700787402
20
0.2438632283464567
11
0.1401377952755906
21
0.2431140157480315
0
LINE
8
BLACK
6
CONTINUOUS
10
0.1401377952755906
20
0.2431140157480315
11
0.1054362992125984
21
0.2431140157480315
0
LINE
8
BLACK
6
CONTINUOUS
10
0.1054362992125984
20
0.2431140157480315
11
0.1052744094488189
21
0.2423001968503937
0
LINE
8
BLACK
6
CONTINUOUS
10
0.1052744094488189
20
0.2423001968503937
11
0.1038385826771654
21
0.2401513385826771
0
LINE
8
BLACK
6
CONTINUOUS
10
0.1038385826771654
20
0.2401513385826771
11
0.1038385826771654
21
0.2332714960629921
0
LINE
8
BLACK
6
CONTINUOUS
10
0.1038385826771654
20
0.2332714960629921
11
0.0447834645669291
21
0.2332714960629921
0
LINE
8
BLACK
6
CONTINUOUS
10
0.0447834645669291
20
0.2332714960629921
11
0.0447834645669291
21
0.2726415748031496
0
LINE
8
BLACK
6
CONTINUOUS
10
0.0447834645669291
20
0.2726415748031496
11
0.0625
21
0.2726415748031496
0
LINE
8
BLACK
6
CONTINUOUS
10
0.0625
20
0.2726415748031496
11
0.0625
21
0.282484094488189
0
LINE
8
BLACK
6
CONTINUOUS
10
0.0625
20
0.282484094488189
11
0.0447834645669291
21
0.282484094488189
0
LINE
8
BLACK
6
CONTINUOUS
10
0.0447834645669291
20
0.282484094488189
11
0.0447834645669291
21
0.3041376377952756
0
LINE
8
BLACK
6
CONTINUOUS
10
0.0447834645669291
20
0.3041376377952756
11
0.0449838188976378
21
0.3041376377952756
0
LINE
8
BLACK
6
CONTINUOUS
10
0.0449838188976378
20
0.3041376377952756
11
0.0449838188976378
21
0.306939094488189
0
LINE
8
BLACK
6
CONTINUOUS
10
0.0449838188976378
20
0.306939094488189
11
0.0465623622047244
21
0.3123151181102362
0
LINE
8
BLACK
6
CONTINUOUS
10
0.0465623622047244
20
0.3123151181102362
11
0.0495915354330709
21
0.3170285826771653
0
LINE
8
BLACK
6
CONTINUOUS
10
0.0495915354330709
20
0.3170285826771653
11
0.0538259842519685
21
0.3206977559055118
0
LINE
8
BLACK
6
CONTINUOUS
10
0.0538259842519685
20
0.3206977559055118
11
0.0589225984251968
21
0.3230252755905512
0
LINE
8
BLACK
6
CONTINUOUS
10
0.0589225984251968
20
0.3230252755905512
11
0.0644685039370079
21
0.3238226771653543
0
LINE
8
BLACK
6
CONTINUOUS
10
0.0644685039370079
20
0.3238226771653543
11
0.0841535433070866
21
0.3238226771653543
0
LINE
8
BLACK
6
CONTINUOUS
10
0.0841535433070866
20
0.3238226771653543
11
0.0896994488188976
21
0.3230252755905512
0
LINE
8
BLACK
6
CONTINUOUS
10
0.0896994488188976
20
0.3230252755905512
11
0.094796062992126
21
0.3206977559055118
0
LINE
8
BLACK
6
CONTINUOUS
10
0.094796062992126
20
0.3206977559055118
11
0.0990305118110236
21
0.3170285826771653
0
LINE
8
BLACK
6
CONTINUOUS
10
0.0990305118110236
20
0.3170285826771653
11
0.1020596850393701
21
0.3123151181102362
0
LINE
8
BLACK
6
CONTINUOUS
10
0.1020596850393701
20
0.3123151181102362
11
0.1035949212598425
21
0.3070866141732284
0
LINE
8
BLACK
6
CONTINUOUS
10
0.1035949212598425
20
0.3070866141732284
11
0.1086024015748032
21
0.3070866141732284
0
LINE
8
BLACK
6
CONTINUOUS
10
0.1086024015748032
20
0.3070866141732284
11
0.109306811023622
21
0.3084690551181102
0
LINE
8
BLACK
6
CONTINUOUS
10
0.109306811023622
20
0.3084690551181102
11
0.1127907874015748
21
0.311953031496063
0
LINE
8
BLACK
6
CONTINUOUS
10
0.1127907874015748
20
0.311953031496063
11
0.1171808267716535
21
0.3141898818897638
0
LINE
8
BLACK
6
CONTINUOUS
10
0.1171808267716535
20
0.3141898818897638
11
0.1220472440944882
21
0.3149606299212598
0
LINE
8
BLACK
6
CONTINUOUS
10
0.1220472440944882
20
0.3149606299212598
11
0.1269136614173228
21
0.3141898818897638
0
LINE
8
BLACK
6
CONTINUOUS
10
0.1269136614173228
20
0.3141898818897638
11
0.1313037007874016
21
0.311953031496063
0
LINE
8
BLACK
6
CONTINUOUS
10
0.1313037007874016
20
0.311953031496063
11
0.1347876771653543
21
0.3084690551181102
0
LINE
8
BLACK
6
CONTINUOUS
10
0.1347876771653543
20
0.3084690551181102
11
0.1370245275590551
21
0.3040790157480315
0
LINE
8
BLACK
6
CONTINUOUS
10
0.1370245275590551
20
0.3040790157480315
11
0.1377952755905512
21
0.2992125984251968
0
LINE
8
BLACK
6
CONTINUOUS
10
0.1377952755905512
20
0.2992125984251968
11
0.1370245275590551
21
0.2943461811023622
0
LINE
8
BLACK
6
CONTINUOUS
10
0.1370245275590551
20
0.2943461811023622
11
0.1347876771653543
21
0.2899561417322835
0
LINE
8
BLACK
6
CONTINUOUS
10
0.1347876771653543
20
0.2899561417322835
11
0.1313037007874016
21
0.2864721653543307
0
LINE
8
BLACK
6
CONTINUOUS
10
0.1313037007874016
20
0.2864721653543307
11
0.1269136614173228
21
0.2842353149606299
0
LINE
8
BLACK
6
CONTINUOUS
10
0.1269136614173228
20
0.2842353149606299
11
0.1220472440944882
21
0.2834645669291339
0
LINE
8
BLACK
6
CONTINUOUS
10
0.1220472440944882
20
0.2834645669291339
11
0.1171808267716535
21
0.2842353149606299
0
LINE
8
BLACK
6
CONTINUOUS
10
0.1171808267716535
20
0.2842353149606299
11
0.1127907874015748
21
0.2864721653543307
0
LINE
8
BLACK
6
CONTINUOUS
10
0.1127907874015748
20
0.2864721653543307
11
0.109306811023622
21
0.2899561417322835
0
LINE
8
BLACK
6
CONTINUOUS
10
0.109306811023622
20
0.2899561417322835
11
0.1086024015748032
21
0.2913385826771653
0
LINE
8
BLACK
6
CONTINUOUS
10
0.1086024015748032
20
0.2913385826771653
11
0.1038385826771654
21
0.2913385826771653
0
LINE
8
BLACK
6
CONTINUOUS
10
0.1038385826771654
20
0.2913385826771653
11
0.1038385826771654
21
0.282484094488189
0
LINE
8
BLACK
6
CONTINUOUS
10
0.1038385826771654
20
0.282484094488189
11
0.0861220472440945
21
0.282484094488189
0
LINE
8
BLACK
6
CONTINUOUS
10
0.0861220472440945
20
0.282484094488189
11
0.0861220472440945
21
0.2726415748031496
0
LINE
8
BLACK
6
CONTINUOUS
10
0.0861220472440945
20
0.2726415748031496
11
0.1038385826771654
21
0.2726415748031496
0
LINE
8
BLACK
6
CONTINUOUS
10
0.1038385826771654
20
0.2726415748031496
11
0.1038385826771654
21
0.2627990551181102
0
LINE
8
BLACK
6
CONTINUOUS
10
0.1038385826771654
20
0.2627990551181102
11
0.1360608661417323
21
0.2627990551181102
0
LINE
8
BLACK
6
CONTINUOUS
10
0.1360608661417323
20
0.2627990551181102
11
0.1529892519685039
21
0.2797274803149606
0
LINE
8
BLACK
6
CONTINUOUS
10
0.1529892519685039
20
0.2797274803149606
11
0.1524409448818898
21
0.282484094488189
0
LINE
8
BLACK
6
CONTINUOUS
10
0.1524409448818898
20
0.282484094488189
11
0.1524409448818898
21
0.3031533858267716
0
LINE
8
BLACK
6
CONTINUOUS
10
0.1524409448818898
20
0.3031533858267716
11
0.1531901574803149
21
0.3069199606299213
0
LINE
8
BLACK
6
CONTINUOUS
10
0.1531901574803149
20
0.3069199606299213
11
0.1553237401574803
21
0.3101131102362205
0
LINE
8
BLACK
6
CONTINUOUS
10
0.1553237401574803
20
0.3101131102362205
11
0.1585168897637795
21
0.3122466929133858
0
LINE
8
BLACK
6
CONTINUOUS
10
0.1585168897637795
20
0.3122466929133858
11
0.1622834645669291
21
0.312995905511811
0
LINE
8
BLACK
6
CONTINUOUS
10
0.1622834645669291
20
0.312995905511811
11
0.1890416535433071
21
0.312995905511811
0
LINE
8
BLACK
6
CONTINUOUS
10
0.1890416535433071
20
0.312995905511811
11
0.2053456692913386
21
0.3292999606299212
0
LINE
8
BLACK
6
CONTINUOUS
10
0.2053456692913386
20
0.3292999606299212
11
0.2064642125984252
21
0.3300028346456693
0
LINE
8
BLACK
6
CONTINUOUS
10
0.2064642125984252
20
0.3300028346456693
11
0.2074970472440945
21
0.3308264566929134
0
LINE
8
BLACK
6
CONTINUOUS
10
0.2074970472440945
20
0.3308264566929134
11
0.2079336220472441
21
0.3309261417322835
0
LINE
8
BLACK
6
CONTINUOUS
10
0.2079336220472441
20
0.3309261417322835
11
0.2083128346456693
21
0.3311643700787402
0
LINE
8
BLACK
6
CONTINUOUS
10
0.2083128346456693
20
0.3311643700787402
11
0.2096255511811023
21
0.3313122834645669
0
LINE
8
BLACK
6
CONTINUOUS
10
0.2096255511811023
20
0.3313122834645669
11
0.2109134645669291
21
0.3316062204724409
0
LINE
8
BLACK
6
CONTINUOUS
10
0.2109134645669291
20
0.3316062204724409
11
0.3237322047244094
21
0.3316062204724409
0
LINE
8
BLACK
6
CONTINUOUS
10
0.3237322047244094
20
0.3316062204724409
11
0.3250201181102362
21
0.3313122834645669
0
LINE
8
BLACK
6
CONTINUOUS
10
-0.0722282283464567
20
0.311562125984252
11
-0.0703123622047244
21
0.310281968503937
0
LINE
8
BLACK
6
CONTINUOUS
10
-0.0703123622047244
20
0.310281968503937
11
-0.0690322047244094
21
0.3083661023622047
0
LINE
8
BLACK
6
CONTINUOUS
10
-0.0690322047244094
20
0.3083661023622047
11
-0.0685826771653543
21
0.3061061417322835
0
LINE
8
BLACK
6
CONTINUOUS
10
-0.0685826771653543
20
0.3061061417322835
11
-0.0685826771653543
21
0.2942951181102362
0
LINE
8
BLACK
6
CONTINUOUS
10
-0.0685826771653543
20
0.2942951181102362
11
-0.0690322047244094
21
0.2920351574803149
0
LINE
8
BLACK
6
CONTINUOUS
10
-0.0690322047244094
20
0.2920351574803149
11
-0.0703123622047244
21
0.2901192913385827
0
LINE
8
BLACK
6
CONTINUOUS
10
-0.0703123622047244
20
0.2901192913385827
11
-0.0722282283464567
21
0.2888391338582677
0
LINE
8
BLACK
6
CONTINUOUS
10
-0.0722282283464567
20
0.2888391338582677
11
-0.0744881889763779
21
0.2883896062992126
0
LINE
8
BLACK
6
CONTINUOUS
10
-0.0744881889763779
20
0.2883896062992126
11
-0.1148425196850394
21
0.2883896062992126
0
LINE
8
BLACK
6
CONTINUOUS
10
-0.1148425196850394
20
0.2883896062992126
11
-0.1171024803149606
21
0.2888391338582677
0
LINE
8
BLACK
6
CONTINUOUS
10
-0.1171024803149606
20
0.2888391338582677
11
-0.1190183464566929
21
0.2901192913385827
0
LINE
8
BLACK
6
CONTINUOUS
10
-0.1190183464566929
20
0.2901192913385827
11
-0.1202985039370079
21
0.2920351574803149
0
LINE
8
BLACK
6
CONTINUOUS
10
-0.1202985039370079
20
0.2920351574803149
11
-0.120748031496063
21
0.2942951181102362
0
LINE
8
BLACK
6
CONTINUOUS
10
-0.120748031496063
20
0.2942951181102362
11
-0.120748031496063
21
0.3061061417322835
0
LINE
8
BLACK
6
CONTINUOUS
10
-0.120748031496063
20
0.3061061417322835
11
-0.1202985039370079
21
0.3083661023622047
0
LINE
8
BLACK
6
CONTINUOUS
10
-0.1202985039370079
20
0.3083661023622047
11
-0.1190183464566929
21
0.310281968503937
0
LINE
8
BLACK
6
CONTINUOUS
10
-0.1190183464566929
20
0.310281968503937
11
-0.1171024803149606
21
0.311562125984252
0
LINE
8
BLACK
6
CONTINUOUS
10
-0.1171024803149606
20
0.311562125984252
11
-0.1148425196850394
21
0.3120116535433071
0
LINE
8
BLACK
6
CONTINUOUS
10
-0.1148425196850394
20
0.3120116535433071
11
-0.0744881889763779
21
0.3120116535433071
0
LINE
8
BLACK
6
CONTINUOUS
10
-0.0744881889763779
20
0.3120116535433071
11
-0.0722282283464567
21
0.311562125984252
0
LINE
8
BLACK
6
CONTINUOUS
10
-0.2901574803149606
20
-0.2677165354330708
11
-0.2744094488188976
21
-0.2677165354330708
0
LINE
8
BLACK
6
CONTINUOUS
10
-0.2744094488188976
20
-0.2677165354330708
11
-0.2731215354330709
21
-0.2680104724409449
0
LINE
8
BLACK
6
CONTINUOUS
10
-0.2731215354330709
20
-0.2680104724409449
11
-0.2718088188976378
21
-0.2681583858267717
0
LINE
8
BLACK
6
CONTINUOUS
10
-0.2718088188976378
20
-0.2681583858267717
11
-0.2714296456692913
21
-0.2683966141732284
0
LINE
8
BLACK
6
CONTINUOUS
10
-0.2714296456692913
20
-0.2683966141732284
11
-0.270993031496063
21
-0.2684962992125984
0
LINE
8
BLACK
6
CONTINUOUS
10
-0.270993031496063
20
-0.2684962992125984
11
-0.2699601574803149
21
-0.26932
0
LINE
8
BLACK
6
CONTINUOUS
10
-0.2699601574803149
20
-0.26932
11
-0.2688416929133858
21
-0.2700227952755905
0
LINE
8
BLACK
6
CONTINUOUS
10
-0.2688416929133858
20
-0.2700227952755905
11
-0.2421321653543307
21
-0.2967322834645669
0
LINE
8
BLACK
6
CONTINUOUS
10
-0.2421321653543307
20
-0.2967322834645669
11
-0.2291732283464567
21
-0.2967322834645669
0
LINE
8
BLACK
6
CONTINUOUS
10
-0.2291732283464567
20
-0.2967322834645669
11
-0.2261599606299212
21
-0.2973316535433071
0
LINE
8
BLACK
6
CONTINUOUS
10
-0.2261599606299212
20
-0.2973316535433071
11
-0.2236054724409449
21
-0.2990385433070866
0
LINE
8
BLACK
6
CONTINUOUS
10
-0.2236054724409449
20
-0.2990385433070866
11
-0.2218985826771654
21
-0.301593031496063
0
LINE
8
BLACK
6
CONTINUOUS
10
-0.2218985826771654
20
-0.301593031496063
11
-0.2212992125984252
21
-0.3046062992125984
0
LINE
8
BLACK
6
CONTINUOUS
10
-0.2212992125984252
20
-0.3046062992125984
11
-0.2212992125984252
21
-0.3203543307086614
0
LINE
8
BLACK
6
CONTINUOUS
10
-0.2212992125984252
20
-0.3203543307086614
11
-0.2218985826771654
21
-0.3233675984251969
0
LINE
8
BLACK
6
CONTINUOUS
10
-0.2218985826771654
20
-0.3233675984251969
11
-0.2236054724409449
21
-0.3259220866141732
0
LINE
8
BLACK
6
CONTINUOUS
10
-0.2236054724409449
20
-0.3259220866141732
11
-0.2261599606299212
21
-0.3276289763779527
0
LINE
8
BLACK
6
CONTINUOUS
10
-0.2261599606299212
20
-0.3276289763779527
11
-0.2291732283464567
21
-0.3282283464566929
0
LINE
8
BLACK
6
CONTINUOUS
10
-0.2291732283464567
20
-0.3282283464566929
11
-0.2508267716535433
21
-0.3282283464566929
0
LINE
8
BLACK
6
CONTINUOUS
10
-0.2508267716535433
20
-0.3282283464566929
11
-0.2538400393700787
21
-0.3276289763779527
0
LINE
8
BLACK
6
CONTINUOUS
10
-0.2538400393700787
20
-0.3276289763779527
11
-0.2563945275590551
21
-0.3259220866141732
0
LINE
8
BLACK
6
CONTINUOUS
10
-0.2563945275590551
20
-0.3259220866141732
11
-0.2581014173228346
21
-0.3233675984251969
0
LINE
8
BLACK
6
CONTINUOUS
10
-0.2581014173228346
20
-0.3233675984251969
11
-0.2587007874015748
21
-0.3203543307086614
0
LINE
8
BLACK
6
CONTINUOUS
10
-0.2587007874015748
20
-0.3203543307086614
11
-0.2587007874015748
21
-0.3046062992125984
0
LINE
8
BLACK
6
CONTINUOUS
10
-0.2587007874015748
20
-0.3046062992125984
11
-0.2583405118110236
21
-0.302795
0
LINE
8
BLACK
6
CONTINUOUS
10
-0.2583405118110236
20
-0.302795
11
-0.2776709448818898
21
-0.2834645669291339
0
LINE
8
BLACK
6
CONTINUOUS
10
-0.2776709448818898
20
-0.2834645669291339
11
-0.2901574803149606
21
-0.2834645669291339
0
LINE
8
BLACK
6
CONTINUOUS
10
-0.2901574803149606
20
-0.2834645669291339
11
-0.2901574803149606
21
-0.3051181102362205
0
LINE
8
BLACK
6
CONTINUOUS
10
-0.2901574803149606
20
-0.3051181102362205
11
-0.3492125984251969
21
-0.3051181102362205
0
LINE
8
BLACK
6
CONTINUOUS
10
-0.3492125984251969
20
-0.3051181102362205
11
-0.3492125984251969
21
-0.2460629921259843
0
LINE
8
BLACK
6
CONTINUOUS
10
-0.3492125984251969
20
-0.2460629921259843
11
-0.2901574803149606
21
-0.2460629921259843
0
LINE
8
BLACK
6
CONTINUOUS
10
-0.2901574803149606
20
-0.2460629921259843
11
-0.2901574803149606
21
-0.2677165354330708
0
LINE
8
BLACK
6
CONTINUOUS
10
-0.5351335826771654
20
-0.2150227165354331
11
-0.5307435433070866
21
-0.2172595669291338
0
LINE
8
BLACK
6
CONTINUOUS
10
-0.5307435433070866
20
-0.2172595669291338
11
-0.5278456299212598
21
-0.2201574803149606
0
LINE
8
BLACK
6
CONTINUOUS
10
-0.5278456299212598
20
-0.2201574803149606
11
-0.5133070866141732
21
-0.2201574803149606
0
LINE
8
BLACK
6
CONTINUOUS
10
-0.5133070866141732
20
-0.2201574803149606
11
-0.5095405118110236
21
-0.2209066929133858
0
LINE
8
BLACK
6
CONTINUOUS
10
-0.5095405118110236
20
-0.2209066929133858
11
-0.5063473622047244
21
-0.2230402755905512
0
LINE
8
BLACK
6
CONTINUOUS
10
-0.5063473622047244
20
-0.2230402755905512
11
-0.4833246850393701
21
-0.2460629921259843
0
LINE
8
BLACK
6
CONTINUOUS
10
-0.4833246850393701
20
-0.2460629921259843
11
-0.4381889763779527
21
-0.2460629921259843
0
LINE
8
BLACK
6
CONTINUOUS
10
-0.4381889763779527
20
-0.2460629921259843
11
-0.4381889763779527
21
-0.3051181102362205
0
LINE
8
BLACK
6
CONTINUOUS
10
-0.4381889763779527
20
-0.3051181102362205
11
-0.497244094488189
21
-0.3051181102362205
0
LINE
8
BLACK
6
CONTINUOUS
10
-0.497244094488189
20
-0.3051181102362205
11
-0.497244094488189
21
-0.2599824015748031
0
LINE
8
BLACK
6
CONTINUOUS
10
-0.497244094488189
20
-0.2599824015748031
11
-0.5173840157480315
21
-0.2398425196850394
0
LINE
8
BLACK
6
CONTINUOUS
10
-0.5173840157480315
20
-0.2398425196850394
11
-0.5278456299212598
21
-0.2398425196850394
0
LINE
8
BLACK
6
CONTINUOUS
10
-0.5278456299212598
20
-0.2398425196850394
11
-0.5307435433070866
21
-0.2427404330708661
0
LINE
8
BLACK
6
CONTINUOUS
10
-0.5307435433070866
20
-0.2427404330708661
11
-0.5351335826771654
21
-0.2449772834645669
0
LINE
8
BLACK
6
CONTINUOUS
10
-0.5351335826771654
20
-0.2449772834645669
11
-0.54
21
-0.245748031496063
0
LINE
8
BLACK
6
CONTINUOUS
10
-0.54
20
-0.245748031496063
11
-0.5415786220472441
21
-0.2454979921259842
0
LINE
8
BLACK
6
CONTINUOUS
10
-0.5415786220472441
20
-0.2454979921259842
11
-0.5646112992125984
21
-0.2685307480314961
0
LINE
8
BLACK
6
CONTINUOUS
10
-0.5646112992125984
20
-0.2685307480314961
11
-0.5678044488188976
21
-0.2706643307086614
0
LINE
8
BLACK
6
CONTINUOUS
10
-0.5678044488188976
20
-0.2706643307086614
11
-0.5715710236220473
21
-0.2714135433070866
0
LINE
8
BLACK
6
CONTINUOUS
10
-0.5715710236220473
20
-0.2714135433070866
11
-0.6211764173228347
21
-0.2714135433070866
0
LINE
8
BLACK
6
CONTINUOUS
10
-0.6211764173228347
20
-0.2714135433070866
11
-0.6213359842519685
21
-0.2716523622047244
0
LINE
8
BLACK
6
CONTINUOUS
10
-0.6213359842519685
20
-0.2716523622047244
11
-0.6232518503937008
21
-0.2729325196850393
0
LINE
8
BLACK
6
CONTINUOUS
10
-0.6232518503937008
20
-0.2729325196850393
11
-0.6255118110236221
21
-0.2733820472440945
0
LINE
8
BLACK
6
CONTINUOUS
10
-0.6255118110236221
20
-0.2733820472440945
11
-0.6806299212598425
21
-0.2733820472440945
0
LINE
8
BLACK
6
CONTINUOUS
10
-0.6806299212598425
20
-0.2733820472440945
11
-0.6828898818897637
21
-0.2729325196850393
0
LINE
8
BLACK
6
CONTINUOUS
10
-0.6828898818897637
20
-0.2729325196850393
11
-0.6848057480314961
21
-0.2716523622047244
0
LINE
8
BLACK
6
CONTINUOUS
10
-0.6848057480314961
20
-0.2716523622047244
11
-0.686085905511811
21
-0.2697364960629921
0
LINE
8
BLACK
6
CONTINUOUS
10
-0.686085905511811
20
-0.2697364960629921
11
-0.6865354330708662
21
-0.2674765354330709
0
LINE
8
BLACK
6
CONTINUOUS
10
-0.6865354330708662
20
-0.2674765354330709
11
-0.6865354330708662
21
-0.2556655118110236
0
LINE
8
BLACK
6
CONTINUOUS
10
-0.6865354330708662
20
-0.2556655118110236
11
-0.686085905511811
21
-0.2534055511811024
0
LINE
8
BLACK
6
CONTINUOUS
10
-0.686085905511811
20
-0.2534055511811024
11
-0.6848057480314961
21
-0.2514896850393701
0
LINE
8
BLACK
6
CONTINUOUS
10
-0.6848057480314961
20
-0.2514896850393701
11
-0.6828898818897637
21
-0.2502095275590551
0
LINE
8
BLACK
6
CONTINUOUS
10
-0.6828898818897637
20
-0.2502095275590551
11
-0.6806299212598425
21
-0.24976
0
LINE
8
BLACK
6
CONTINUOUS
10
-0.6806299212598425
20
-0.24976
11
-0.6255118110236221
21
-0.24976
0
LINE
8
BLACK
6
CONTINUOUS
10
-0.6255118110236221
20
-0.24976
11
-0.6232518503937008
21
-0.2502095275590551
0
LINE
8
BLACK
6
CONTINUOUS
10
-0.6232518503937008
20
-0.2502095275590551
11
-0.6213359842519685
21
-0.2514896850393701
0
LINE
8
BLACK
6
CONTINUOUS
10
-0.6213359842519685
20
-0.2514896850393701
11
-0.6211764173228347
21
-0.2517285039370079
0
LINE
8
BLACK
6
CONTINUOUS
10
-0.6211764173228347
20
-0.2517285039370079
11
-0.5756479527559055
21
-0.2517285039370079
0
LINE
8
BLACK
6
CONTINUOUS
10
-0.5756479527559055
20
-0.2517285039370079
11
-0.555498031496063
21
-0.2315785826771654
0
LINE
8
BLACK
6
CONTINUOUS
10
-0.555498031496063
20
-0.2315785826771654
11
-0.555748031496063
21
-0.23
0
LINE
8
BLACK
6
CONTINUOUS
10
-0.555748031496063
20
-0.23
11
-0.5549772834645669
21
-0.2251335826771654
0
LINE
8
BLACK
6
CONTINUOUS
10
-0.5549772834645669
20
-0.2251335826771654
11
-0.5527404330708662
21
-0.2207435433070866
0
LINE
8
BLACK
6
CONTINUOUS
10
-0.5527404330708662
20
-0.2207435433070866
11
-0.5492564566929133
21
-0.2172595669291338
0
LINE
8
BLACK
6
CONTINUOUS
10
-0.5492564566929133
20
-0.2172595669291338
11
-0.5448664173228346
21
-0.2150227165354331
0
LINE
8
BLACK
6
CONTINUOUS
10
-0.5448664173228346
20
-0.2150227165354331
11
-0.54
21
-0.214251968503937
0
LINE
8
BLACK
6
CONTINUOUS
10
-0.54
20
-0.214251968503937
11
-0.5351335826771654
21
-0.2150227165354331
0
LINE
8
BLACK
6
CONTINUOUS
10
0.5352626377952756
20
-0.2664972440944882
11
0.5384557874015747
21
-0.2686308267716536
0
LINE
8
BLACK
6
CONTINUOUS
10
0.5384557874015747
20
-0.2686308267716536
11
0.5405893700787402
21
-0.2718239763779527
0
LINE
8
BLACK
6
CONTINUOUS
10
0.5405893700787402
20
-0.2718239763779527
11
0.5413385826771654
21
-0.2755905511811024
0
LINE
8
BLACK
6
CONTINUOUS
10
0.5413385826771654
20
-0.2755905511811024
11
0.5405893700787402
21
-0.2793571259842519
0
LINE
8
BLACK
6
CONTINUOUS
10
0.5405893700787402
20
-0.2793571259842519
11
0.5384557874015747
21
-0.2825502755905512
0
LINE
8
BLACK
6
CONTINUOUS
10
0.5384557874015747
20
-0.2825502755905512
11
0.5352626377952756
21
-0.2846838582677165
0
LINE
8
BLACK
6
CONTINUOUS
10
0.5352626377952756
20
-0.2846838582677165
11
0.5314960629921259
21
-0.2854330708661417
0
LINE
8
BLACK
6
CONTINUOUS
10
0.5314960629921259
20
-0.2854330708661417
11
0.5277294881889764
21
-0.2846838582677165
0
LINE
8
BLACK
6
CONTINUOUS
10
0.5277294881889764
20
-0.2846838582677165
11
0.5245363385826771
21
-0.2825502755905512
0
LINE
8
BLACK
6
CONTINUOUS
10
0.5245363385826771
20
-0.2825502755905512
11
0.5224027559055118
21
-0.2793571259842519
0
LINE
8
BLACK
6
CONTINUOUS
10
0.5224027559055118
20
-0.2793571259842519
11
0.5216535433070866
21
-0.2755905511811024
0
LINE
8
BLACK
6
CONTINUOUS
10
0.5216535433070866
20
-0.2755905511811024
11
0.5224027559055118
21
-0.2718239763779527
0
LINE
8
BLACK
6
CONTINUOUS
10
0.5224027559055118
20
-0.2718239763779527
11
0.5245363385826771
21
-0.2686308267716536
0
LINE
8
BLACK
6
CONTINUOUS
10
0.5245363385826771
20
-0.2686308267716536
11
0.5277294881889764
21
-0.2664972440944882
0
LINE
8
BLACK
6
CONTINUOUS
10
0.5277294881889764
20
-0.2664972440944882
11
0.5314960629921259
21
-0.265748031496063
0
LINE
8
BLACK
6
CONTINUOUS
10
0.5314960629921259
20
-0.265748031496063
11
0.5352626377952756
21
-0.2664972440944882
0
LINE
8
BLACK
6
CONTINUOUS
10
-0.3311335826771654
20
-0.0521370472440945
11
-0.3267435433070866
21
-0.0543738976377953
0
LINE
8
BLACK
6
CONTINUOUS
10
-0.3267435433070866
20
-0.0543738976377953
11
-0.3232595669291338
21
-0.057857874015748
0
LINE
8
BLACK
6
CONTINUOUS
10
-0.3232595669291338
20
-0.057857874015748
11
-0.3210227165354331
21
-0.0622479133858268
0
LINE
8
BLACK
6
CONTINUOUS
10
-0.3210227165354331
20
-0.0622479133858268
11
-0.320251968503937
21
-0.0671143307086614
0
LINE
8
BLACK
6
CONTINUOUS
10
-0.320251968503937
20
-0.0671143307086614
11
-0.3210227165354331
21
-0.0719807480314961
0
LINE
8
BLACK
6
CONTINUOUS
10
-0.3210227165354331
20
-0.0719807480314961
11
-0.3232595669291338
21
-0.0763707874015748
0
LINE
8
BLACK
6
CONTINUOUS
10
-0.3232595669291338
20
-0.0763707874015748
11
-0.3267435433070866
21
-0.0798547637795276
0
LINE
8
BLACK
6
CONTINUOUS
10
-0.3267435433070866
20
-0.0798547637795276
11
-0.3311335826771654
21
-0.0820916141732283
0
LINE
8
BLACK
6
CONTINUOUS
10
-0.3311335826771654
20
-0.0820916141732283
11
-0.336
21
-0.0828623622047244
0
LINE
8
BLACK
6
CONTINUOUS
10
-0.336
20
-0.0828623622047244
11
-0.3408664173228346
21
-0.0820916141732283
0
LINE
8
BLACK
6
CONTINUOUS
10
-0.3408664173228346
20
-0.0820916141732283
11
-0.3452564566929134
21
-0.0798547637795276
0
LINE
8
BLACK
6
CONTINUOUS
10
-0.3452564566929134
20
-0.0798547637795276
11
-0.3487404330708661
21
-0.0763707874015748
0
LINE
8
BLACK
6
CONTINUOUS
10
-0.3487404330708661
20
-0.0763707874015748
11
-0.3494448425196851
21
-0.0749883464566929
0
LINE
8
BLACK
6
CONTINUOUS
10
-0.3494448425196851
20
-0.0749883464566929
11
-0.3551914173228347
21
-0.0749883464566929
0
LINE
8
BLACK
6
CONTINUOUS
10
-0.3551914173228347
20
-0.0749883464566929
11
-0.3791148031496063
21
-0.0989116929133858
0
LINE
8
BLACK
6
CONTINUOUS
10
-0.3791148031496063
20
-0.0989116929133858
11
-0.3777938582677166
21
-0.1013525590551181
0
LINE
8
BLACK
6
CONTINUOUS
10
-0.3777938582677166
20
-0.1013525590551181
11
-0.3770472440944882
21
-0.1058267716535433
0
LINE
8
BLACK
6
CONTINUOUS
10
-0.3770472440944882
20
-0.1058267716535433
11
-0.3770472440944882
21
-0.1806299212598425
0
LINE
8
BLACK
6
CONTINUOUS
10
-0.3770472440944882
20
-0.1806299212598425
11
-0.3772351968503937
21
-0.1828979527559055
0
LINE
8
BLACK
6
CONTINUOUS
10
-0.3772351968503937
20
-0.1828979527559055
11
-0.378708031496063
21
-0.1871882677165354
0
LINE
8
BLACK
6
CONTINUOUS
10
-0.378708031496063
20
-0.1871882677165354
11
-0.3814941338582677
21
-0.1907678346456693
0
LINE
8
BLACK
6
CONTINUOUS
10
-0.3814941338582677
20
-0.1907678346456693
11
-0.3852916141732283
21
-0.1932488582677165
0
LINE
8
BLACK
6
CONTINUOUS
10
-0.3852916141732283
20
-0.1932488582677165
11
-0.3896888582677165
21
-0.1943624015748031
0
LINE
8
BLACK
6
CONTINUOUS
10
-0.3896888582677165
20
-0.1943624015748031
11
-0.3942094488188976
21
-0.1939877952755905
0
LINE
8
BLACK
6
CONTINUOUS
10
-0.3942094488188976
20
-0.1939877952755905
11
-0.3983634645669291
21
-0.1921656692913386
0
LINE
8
BLACK
6
CONTINUOUS
10
-0.3983634645669291
20
-0.1921656692913386
11
-0.4017007480314961
21
-0.1890934645669291
0
LINE
8
BLACK
6
CONTINUOUS
10
-0.4017007480314961
20
-0.1890934645669291
11
-0.4038596850393701
21
-0.1851041338582677
0
LINE
8
BLACK
6
CONTINUOUS
10
-0.4038596850393701
20
-0.1851041338582677
11
-0.4046062992125984
21
-0.1806299212598425
0
LINE
8
BLACK
6
CONTINUOUS
10
-0.4046062992125984
20
-0.1806299212598425
11
-0.4046062992125984
21
-0.1058267716535433
0
LINE
8
BLACK
6
CONTINUOUS
10
-0.4046062992125984
20
-0.1058267716535433
11
-0.4044183464566929
21
-0.1035587401574803
0
LINE
8
BLACK
6
CONTINUOUS
10
-0.4044183464566929
20
-0.1035587401574803
11
-0.4029455118110236
21
-0.0992684251968504
0
LINE
8
BLACK
6
CONTINUOUS
10
-0.4029455118110236
20
-0.0992684251968504
11
-0.4001594094488189
21
-0.0956888582677165
0
LINE
8
BLACK
6
CONTINUOUS
10
-0.4001594094488189
20
-0.0956888582677165
11
-0.3963619291338583
21
-0.0932078346456693
0
LINE
8
BLACK
6
CONTINUOUS
10
-0.3963619291338583
20
-0.0932078346456693
11
-0.3954513385826772
21
-0.0929772047244094
0
LINE
8
BLACK
6
CONTINUOUS
10
-0.3954513385826772
20
-0.0929772047244094
11
-0.3640206692913386
21
-0.0615465748031496
0
LINE
8
BLACK
6
CONTINUOUS
10
-0.3640206692913386
20
-0.0615465748031496
11
-0.3629022440944882
21
-0.0608437795275591
0
LINE
8
BLACK
6
CONTINUOUS
10
-0.3629022440944882
20
-0.0608437795275591
11
-0.3618693307086614
21
-0.0600200787401575
0
LINE
8
BLACK
6
CONTINUOUS
10
-0.3618693307086614
20
-0.0600200787401575
11
-0.3614327559055118
21
-0.0599203937007874
0
LINE
8
BLACK
6
CONTINUOUS
10
-0.3614327559055118
20
-0.0599203937007874
11
-0.3610535433070866
21
-0.0596821653543307
0
LINE
8
BLACK
6
CONTINUOUS
10
-0.3610535433070866
20
-0.0596821653543307
11
-0.3597408661417323
21
-0.0595342519685039
0
LINE
8
BLACK
6
CONTINUOUS
10
-0.3597408661417323
20
-0.0595342519685039
11
-0.3584529133858267
21
-0.0592403149606299
0
LINE
8
BLACK
6
CONTINUOUS
10
-0.3584529133858267
20
-0.0592403149606299
11
-0.3494448425196851
21
-0.0592403149606299
0
LINE
8
BLACK
6
CONTINUOUS
10
-0.3494448425196851
20
-0.0592403149606299
11
-0.3487404330708661
21
-0.057857874015748
0
LINE
8
BLACK
6
CONTINUOUS
10
-0.3487404330708661
20
-0.057857874015748
11
-0.3452564566929134
21
-0.0543738976377953
0
LINE
8
BLACK
6
CONTINUOUS
10
-0.3452564566929134
20
-0.0543738976377953
11
-0.3408664173228346
21
-0.0521370472440945
0
LINE
8
BLACK
6
CONTINUOUS
10
-0.3408664173228346
20
-0.0521370472440945
11
-0.336
21
-0.0513662992125984
0
LINE
8
BLACK
6
CONTINUOUS
10
-0.336
20
-0.0513662992125984
11
-0.3311335826771654
21
-0.0521370472440945
0
LINE
8
BLACK
6
CONTINUOUS
10
-0.337444094488189
20
-0.0924688976377953
11
-0.3332900787401575
21
-0.0942910236220472
0
LINE
8
BLACK
6
CONTINUOUS
10
-0.3332900787401575
20
-0.0942910236220472
11
-0.3299527952755906
21
-0.0973632283464567
0
LINE
8
BLACK
6
CONTINUOUS
10
-0.3299527952755906
20
-0.0973632283464567
11
-0.3277938582677165
21
-0.1013525590551181
0
LINE
8
BLACK
6
CONTINUOUS
10
-0.3277938582677165
20
-0.1013525590551181
11
-0.3270472440944882
21
-0.1058267716535433
0
LINE
8
BLACK
6
CONTINUOUS
10
-0.3270472440944882
20
-0.1058267716535433
11
-0.3270472440944882
21
-0.1806299212598425
0
LINE
8
BLACK
6
CONTINUOUS
10
-0.3270472440944882
20
-0.1806299212598425
11
-0.3272351968503937
21
-0.1828979527559055
0
LINE
8
BLACK
6
CONTINUOUS
10
-0.3272351968503937
20
-0.1828979527559055
11
-0.328708031496063
21
-0.1871882677165354
0
LINE
8
BLACK
6
CONTINUOUS
10
-0.328708031496063
20
-0.1871882677165354
11
-0.3314941338582677
21
-0.1907678346456693
0
LINE
8
BLACK
6
CONTINUOUS
10
-0.3314941338582677
20
-0.1907678346456693
11
-0.3352916141732283
21
-0.1932488582677165
0
LINE
8
BLACK
6
CONTINUOUS
10
-0.3352916141732283
20
-0.1932488582677165
11
-0.3396888582677166
21
-0.1943624015748031
0
LINE
8
BLACK
6
CONTINUOUS
10
-0.3396888582677166
20
-0.1943624015748031
11
-0.3442094488188976
21
-0.1939877952755905
0
LINE
8
BLACK
6
CONTINUOUS
10
-0.3442094488188976
20
-0.1939877952755905
11
-0.3483634645669291
21
-0.1921656692913386
0
LINE
8
BLACK
6
CONTINUOUS
10
-0.3483634645669291
20
-0.1921656692913386
11
-0.351700748031496
21
-0.1890934645669291
0
LINE
8
BLACK
6
CONTINUOUS
10
-0.351700748031496
20
-0.1890934645669291
11
-0.3538596850393701
21
-0.1851041338582677
0
LINE
8
BLACK
6
CONTINUOUS
10
-0.3538596850393701
20
-0.1851041338582677
11
-0.3546062992125984
21
-0.1806299212598425
0
LINE
8
BLACK
6
CONTINUOUS
10
-0.3546062992125984
20
-0.1806299212598425
11
-0.3546062992125984
21
-0.1058267716535433
0
LINE
8
BLACK
6
CONTINUOUS
10
-0.3546062992125984
20
-0.1058267716535433
11
-0.3544183464566929
21
-0.1035587401574803
0
LINE
8
BLACK
6
CONTINUOUS
10
-0.3544183464566929
20
-0.1035587401574803
11
-0.3529455118110236
21
-0.0992684251968504
0
LINE
8
BLACK
6
CONTINUOUS
10
-0.3529455118110236
20
-0.0992684251968504
11
-0.3501594094488189
21
-0.0956888582677165
0
LINE
8
BLACK
6
CONTINUOUS
10
-0.3501594094488189
20
-0.0956888582677165
11
-0.3463619291338583
21
-0.0932078346456693
0
LINE
8
BLACK
6
CONTINUOUS
10
-0.3463619291338583
20
-0.0932078346456693
11
-0.3419646850393701
21
-0.0920942913385827
0
LINE
8
BLACK
6
CONTINUOUS
10
-0.3419646850393701
20
-0.0920942913385827
11
-0.337444094488189
21
-0.0924688976377953
0
LINE
8
BLACK
6
CONTINUOUS
10
-0.4445064173228346
20
0.310428031496063
11
-0.4419519291338583
21
0.3087211417322834
0
LINE
8
BLACK
6
CONTINUOUS
10
-0.4419519291338583
20
0.3087211417322834
11
-0.4402450393700788
21
0.3061666535433071
0
LINE
8
BLACK
6
CONTINUOUS
10
-0.4402450393700788
20
0.3061666535433071
11
-0.4396456692913386
21
0.3031533858267716
0
LINE
8
BLACK
6
CONTINUOUS
10
-0.4396456692913386
20
0.3031533858267716
11
-0.4396456692913386
21
0.2857456299212598
0
LINE
8
BLACK
6
CONTINUOUS
10
-0.4396456692913386
20
0.2857456299212598
11
-0.4352589763779527
21
0.281358937007874
0
LINE
8
BLACK
6
CONTINUOUS
10
-0.4352589763779527
20
0.281358937007874
11
-0.4345561417322835
21
0.2802403543307087
0
LINE
8
BLACK
6
CONTINUOUS
10
-0.4345561417322835
20
0.2802403543307087
11
-0.4337325196850393
21
0.2792075984251968
0
LINE
8
BLACK
6
CONTINUOUS
10
-0.4337325196850393
20
0.2792075984251968
11
-0.433632874015748
21
0.2787710236220473
0
LINE
8
BLACK
6
CONTINUOUS
10
-0.433632874015748
20
0.2787710236220473
11
-0.4333946062992126
21
0.278391811023622
0
LINE
8
BLACK
6
CONTINUOUS
10
-0.4333946062992126
20
0.278391811023622
11
-0.4332467322834646
21
0.2770791338582677
0
LINE
8
BLACK
6
CONTINUOUS
10
-0.4332467322834646
20
0.2770791338582677
11
-0.4329527559055118
21
0.2757911811023622
0
LINE
8
BLACK
6
CONTINUOUS
10
-0.4329527559055118
20
0.2757911811023622
11
-0.4329527559055118
21
0.251855157480315
0
LINE
8
BLACK
6
CONTINUOUS
10
-0.4329527559055118
20
0.251855157480315
11
-0.4299527952755905
21
0.2490934645669291
0
LINE
8
BLACK
6
CONTINUOUS
10
-0.4299527952755905
20
0.2490934645669291
11
-0.4277938582677165
21
0.2451041338582677
0
LINE
8
BLACK
6
CONTINUOUS
10
-0.4277938582677165
20
0.2451041338582677
11
-0.4270472440944882
21
0.2406299212598425
0
LINE
8
BLACK
6
CONTINUOUS
10
-0.4270472440944882
20
0.2406299212598425
11
-0.4270472440944882
21
0.1658267716535433
0
LINE
8
BLACK
6
CONTINUOUS
10
-0.4270472440944882
20
0.1658267716535433
11
-0.4272351968503937
21
0.1635587401574803
0
LINE
8
BLACK
6
CONTINUOUS
10
-0.4272351968503937
20
0.1635587401574803
11
-0.428708031496063
21
0.1592684251968504
0
LINE
8
BLACK
6
CONTINUOUS
10
-0.428708031496063
20
0.1592684251968504
11
-0.4314941338582677
21
0.1556888582677165
0
LINE
8
BLACK
6
CONTINUOUS
10
-0.4314941338582677
20
0.1556888582677165
11
-0.4329527559055118
21
0.154735905511811
0
LINE
8
BLACK
6
CONTINUOUS
10
-0.4329527559055118
20
0.154735905511811
11
-0.4329527559055118
21
0.1170116535433071
0
LINE
8
BLACK
6
CONTINUOUS
10
-0.4329527559055118
20
0.1170116535433071
11
-0.4332467322834646
21
0.1157237401574803
0
LINE
8
BLACK
6
CONTINUOUS
10
-0.4332467322834646
20
0.1157237401574803
11
-0.4333946062992126
21
0.1144110236220472
0
LINE
8
BLACK
6
CONTINUOUS
10
-0.4333946062992126
20
0.1144110236220472
11
-0.433632874015748
21
0.1140318503937008
0
LINE
8
BLACK
6
CONTINUOUS
10
-0.433632874015748
20
0.1140318503937008
11
-0.4337325196850393
21
0.1135952362204724
0
LINE
8
BLACK
6
CONTINUOUS
10
-0.4337325196850393
20
0.1135952362204724
11
-0.4345562598425197
21
0.1125623622047244
0
LINE
8
BLACK
6
CONTINUOUS
10
-0.4345562598425197
20
0.1125623622047244
11
-0.4352590157480315
21
0.1114438976377953
0
LINE
8
BLACK
6
CONTINUOUS
10
-0.4352590157480315
20
0.1114438976377953
11
-0.4450401181102362
21
0.1016628346456693
0
LINE
8
BLACK
6
CONTINUOUS
10
-0.4450401181102362
20
0.1016628346456693
11
-0.4444094488188976
21
0.0976809448818898
0
LINE
8
BLACK
6
CONTINUOUS
10
-0.4444094488188976
20
0.0976809448818898
11
-0.4451801968503937
21
0.0928145275590551
0
LINE
8
BLACK
6
CONTINUOUS
10
-0.4451801968503937
20
0.0928145275590551
11
-0.4474170472440945
21
0.0884244881889764
0
LINE
8
BLACK
6
CONTINUOUS
10
-0.4474170472440945
20
0.0884244881889764
11
-0.4509010236220473
21
0.0849405118110236
0
LINE
8
BLACK
6
CONTINUOUS
10
-0.4509010236220473
20
0.0849405118110236
11
-0.455291062992126
21
0.0827036614173228
0
LINE
8
BLACK
6
CONTINUOUS
10
-0.455291062992126
20
0.0827036614173228
11
-0.4601574803149606
21
0.0819329133858268
0
LINE
8
BLACK
6
CONTINUOUS
10
-0.4601574803149606
20
0.0819329133858268
11
-0.4650238976377953
21
0.0827036614173228
0
LINE
8
BLACK
6
CONTINUOUS
10
-0.4650238976377953
20
0.0827036614173228
11
-0.469413937007874
21
0.0849405118110236
0
LINE
8
BLACK
6
CONTINUOUS
10
-0.469413937007874
20
0.0849405118110236
11
-0.4728979133858268
21
0.0884244881889764
0
LINE
8
BLACK
6
CONTINUOUS
10
-0.4728979133858268
20
0.0884244881889764
11
-0.4751347637795276
21
0.0928145275590551
0
LINE
8
BLACK
6
CONTINUOUS
10
-0.4751347637795276
20
0.0928145275590551
11
-0.4759055118110236
21
0.0976809448818898
0
LINE
8
BLACK
6
CONTINUOUS
10
-0.4759055118110236
20
0.0976809448818898
11
-0.4751347637795276
21
0.1025473622047244
0
LINE
8
BLACK
6
CONTINUOUS
10
-0.4751347637795276
20
0.1025473622047244
11
-0.4728979133858268
21
0.1069374015748032
0
LINE
8
BLACK
6
CONTINUOUS
10
-0.4728979133858268
20
0.1069374015748032
11
-0.469413937007874
21
0.1104213779527559
0
LINE
8
BLACK
6
CONTINUOUS
10
-0.469413937007874
20
0.1104213779527559
11
-0.4650238976377953
21
0.1126582283464567
0
LINE
8
BLACK
6
CONTINUOUS
10
-0.4650238976377953
20
0.1126582283464567
11
-0.4601574803149606
21
0.1134289763779528
0
LINE
8
BLACK
6
CONTINUOUS
10
-0.4601574803149606
20
0.1134289763779528
11
-0.4561756299212598
21
0.1127983464566929
0
LINE
8
BLACK
6
CONTINUOUS
10
-0.4561756299212598
20
0.1127983464566929
11
-0.4487007874015748
21
0.1202731496062992
0
LINE
8
BLACK
6
CONTINUOUS
10
-0.4487007874015748
20
0.1202731496062992
11
-0.4487007874015748
21
0.1546015748031496
0
LINE
8
BLACK
6
CONTINUOUS
10
-0.4487007874015748
20
0.1546015748031496
11
-0.4517007480314961
21
0.1573632283464567
0
LINE
8
BLACK
6
CONTINUOUS
10
-0.4517007480314961
20
0.1573632283464567
11
-0.4538596850393701
21
0.1613525590551181
0
LINE
8
BLACK
6
CONTINUOUS
10
-0.4538596850393701
20
0.1613525590551181
11
-0.4546062992125984
21
0.1658267716535433
0
LINE
8
BLACK
6
CONTINUOUS
10
-0.4546062992125984
20
0.1658267716535433
11
-0.4546062992125984
21
0.2406299212598425
0
LINE
8
BLACK
6
CONTINUOUS
10
-0.4546062992125984
20
0.2406299212598425
11
-0.4544183464566929
21
0.2428979527559055
0
LINE
8
BLACK
6
CONTINUOUS
10
-0.4544183464566929
20
0.2428979527559055
11
-0.4529455118110236
21
0.2471882677165354
0
LINE
8
BLACK
6
CONTINUOUS
10
-0.4529455118110236
20
0.2471882677165354
11
-0.4501594094488189
21
0.2507678346456693
0
LINE
8
BLACK
6
CONTINUOUS
10
-0.4501594094488189
20
0.2507678346456693
11
-0.4487007874015748
21
0.2517208267716535
0
LINE
8
BLACK
6
CONTINUOUS
10
-0.4487007874015748
20
0.2517208267716535
11
-0.4487007874015748
21
0.2725296850393701
0
LINE
8
BLACK
6
CONTINUOUS
10
-0.4487007874015748
20
0.2725296850393701
11
-0.449796968503937
21
0.2736258267716535
0
LINE
8
BLACK
6
CONTINUOUS
10
-0.449796968503937
20
0.2736258267716535
11
-0.4632677165354331
21
0.2736258267716535
0
LINE
8
BLACK
6
CONTINUOUS
10
-0.4632677165354331
20
0.2736258267716535
11
-0.4662809842519685
21
0.2742251968503937
0
LINE
8
BLACK
6
CONTINUOUS
10
-0.4662809842519685
20
0.2742251968503937
11
-0.4688354724409449
21
0.2759320866141732
0
LINE
8
BLACK
6
CONTINUOUS
10
-0.4688354724409449
20
0.2759320866141732
11
-0.4705423622047244
21
0.2784865748031496
0
LINE
8
BLACK
6
CONTINUOUS
10
-0.4705423622047244
20
0.2784865748031496
11
-0.4711417322834646
21
0.281499842519685
0
LINE
8
BLACK
6
CONTINUOUS
10
-0.4711417322834646
20
0.281499842519685
11
-0.4711417322834646
21
0.3031533858267716
0
LINE
8
BLACK
6
CONTINUOUS
10
-0.4711417322834646
20
0.3031533858267716
11
-0.4705423622047244
21
0.3061666535433071
0
LINE
8
BLACK
6
CONTINUOUS
10
-0.4705423622047244
20
0.3061666535433071
11
-0.4688354724409449
21
0.3087211417322834
0
LINE
8
BLACK
6
CONTINUOUS
10
-0.4688354724409449
20
0.3087211417322834
11
-0.4662809842519685
21
0.310428031496063
0
LINE
8
BLACK
6
CONTINUOUS
10
-0.4662809842519685
20
0.310428031496063
11
-0.4632677165354331
21
0.3110274015748031
0
LINE
8
BLACK
6
CONTINUOUS
10
-0.4632677165354331
20
0.3110274015748031
11
-0.4475196850393701
21
0.3110274015748031
0
LINE
8
BLACK
6
CONTINUOUS
10
-0.4475196850393701
20
0.3110274015748031
11
-0.4445064173228346
21
0.310428031496063
0
LINE
8
BLACK
6
CONTINUOUS
10
-0.7071335826771653
20
0.2278629527559055
11
-0.7027435433070865
21
0.2256261023622047
0
LINE
8
BLACK
6
CONTINUOUS
10
-0.7027435433070865
20
0.2256261023622047
11
-0.7007826377952756
21
0.2236651968503937
0
LINE
8
BLACK
6
CONTINUOUS
10
-0.7007826377952756
20
0.2236651968503937
11
-0.68496531496063
21
0.2236651968503937
0
LINE
8
BLACK
6
CONTINUOUS
10
-0.68496531496063
20
0.2236651968503937
11
-0.6848057480314961
21
0.2239040157480315
0
LINE
8
BLACK
6
CONTINUOUS
10
-0.6848057480314961
20
0.2239040157480315
11
-0.6828898818897637
21
0.2251841732283464
0
LINE
8
BLACK
6
CONTINUOUS
10
-0.6828898818897637
20
0.2251841732283464
11
-0.6806299212598425
21
0.2256337007874016
0
LINE
8
BLACK
6
CONTINUOUS
10
-0.6806299212598425
20
0.2256337007874016
11
-0.6255118110236221
21
0.2256337007874016
0
LINE
8
BLACK
6
CONTINUOUS
10
-0.6255118110236221
20
0.2256337007874016
11
-0.6232518503937008
21
0.2251841732283464
0
LINE
8
BLACK
6
CONTINUOUS
10
-0.6232518503937008
20
0.2251841732283464
11
-0.6213359842519685
21
0.2239040157480315
0
LINE
8
BLACK
6
CONTINUOUS
10
-0.6213359842519685
20
0.2239040157480315
11
-0.6200558267716535
21
0.2219881496062992
0
LINE
8
BLACK
6
CONTINUOUS
10
-0.6200558267716535
20
0.2219881496062992
11
-0.6196062992125985
21
0.2197281889763779
0
LINE
8
BLACK
6
CONTINUOUS
10
-0.6196062992125985
20
0.2197281889763779
11
-0.6196062992125985
21
0.2079171653543307
0
LINE
8
BLACK
6
CONTINUOUS
10
-0.6196062992125985
20
0.2079171653543307
11
-0.6200558267716535
21
0.2056572047244094
0
LINE
8
BLACK
6
CONTINUOUS
10
-0.6200558267716535
20
0.2056572047244094
11
-0.6213359842519685
21
0.2037413385826772
0
LINE
8
BLACK
6
CONTINUOUS
10
-0.6213359842519685
20
0.2037413385826772
11
-0.6232518503937008
21
0.2024611811023622
0
LINE
8
BLACK
6
CONTINUOUS
10
-0.6232518503937008
20
0.2024611811023622
11
-0.6255118110236221
21
0.2020116535433071
0
LINE
8
BLACK
6
CONTINUOUS
10
-0.6255118110236221
20
0.2020116535433071
11
-0.6806299212598425
21
0.2020116535433071
0
LINE
8
BLACK
6
CONTINUOUS
10
-0.6806299212598425
20
0.2020116535433071
11
-0.6828898818897637
21
0.2024611811023622
0
LINE
8
BLACK
6
CONTINUOUS
10
-0.6828898818897637
20
0.2024611811023622
11
-0.6848057480314961
21
0.2037413385826772
0
LINE
8
BLACK
6
CONTINUOUS
10
-0.6848057480314961
20
0.2037413385826772
11
-0.68496531496063
21
0.2039801574803149
0
LINE
8
BLACK
6
CONTINUOUS
10
-0.68496531496063
20
0.2039801574803149
11
-0.699080748031496
21
0.2039801574803149
0
LINE
8
BLACK
6
CONTINUOUS
10
-0.699080748031496
20
0.2039801574803149
11
-0.6992595669291338
21
0.2036292125984252
0
LINE
8
BLACK
6
CONTINUOUS
10
-0.6992595669291338
20
0.2036292125984252
11
-0.7027435433070865
21
0.2001452362204724
0
LINE
8
BLACK
6
CONTINUOUS
10
-0.7027435433070865
20
0.2001452362204724
11
-0.7071335826771653
21
0.1979083858267716
0
LINE
8
BLACK
6
CONTINUOUS
10
-0.7071335826771653
20
0.1979083858267716
11
-0.712
21
0.1971376377952756
0
LINE
8
BLACK
6
CONTINUOUS
10
-0.712
20
0.1971376377952756
11
-0.7168664173228346
21
0.1979083858267716
0
LINE
8
BLACK
6
CONTINUOUS
10
-0.7168664173228346
20
0.1979083858267716
11
-0.7212564566929134
21
0.2001452362204724
0
LINE
8
BLACK
6
CONTINUOUS
10
-0.7212564566929134
20
0.2001452362204724
11
-0.7247404330708661
21
0.2036292125984252
0
LINE
8
BLACK
6
CONTINUOUS
10
-0.7247404330708661
20
0.2036292125984252
11
-0.7269772834645669
21
0.2080192519685039
0
LINE
8
BLACK
6
CONTINUOUS
10
-0.7269772834645669
20
0.2080192519685039
11
-0.7277480314960629
21
0.2128856692913386
0
LINE
8
BLACK
6
CONTINUOUS
10
-0.7277480314960629
20
0.2128856692913386
11
-0.7269772834645669
21
0.2177520866141732
0
LINE
8
BLACK
6
CONTINUOUS
10
-0.7269772834645669
20
0.2177520866141732
11
-0.7247404330708661
21
0.222142125984252
0
LINE
8
BLACK
6
CONTINUOUS
10
-0.7247404330708661
20
0.222142125984252
11
-0.7212564566929134
21
0.2256261023622047
0
LINE
8
BLACK
6
CONTINUOUS
10
-0.7212564566929134
20
0.2256261023622047
11
-0.7168664173228346
21
0.2278629527559055
0
LINE
8
BLACK
6
CONTINUOUS
10
-0.7168664173228346
20
0.2278629527559055
11
-0.712
21
0.2286337007874016
0
LINE
8
BLACK
6
CONTINUOUS
10
-0.712
20
0.2286337007874016
11
-0.7071335826771653
21
0.2278629527559055
0
LINE
8
BLACK
6
CONTINUOUS
10
0.5352626377952756
20
0.2649988188976378
11
0.5384557874015747
21
0.2628652362204724
0
LINE
8
BLACK
6
CONTINUOUS
10
0.5384557874015747
20
0.2628652362204724
11
0.5405893700787402
21
0.2596720866141732
0
LINE
8
BLACK
6
CONTINUOUS
10
0.5405893700787402
20
0.2596720866141732
11
0.5413385826771654
21
0.2559055118110236
0
LINE
8
BLACK
6
CONTINUOUS
10
0.5413385826771654
20
0.2559055118110236
11
0.5405893700787402
21
0.252138937007874
0
LINE
8
BLACK
6
CONTINUOUS
10
0.5405893700787402
20
0.252138937007874
11
0.5384557874015747
21
0.2489457874015748
0
LINE
8
BLACK
6
CONTINUOUS
10
0.5384557874015747
20
0.2489457874015748
11
0.5352626377952756
21
0.2468122047244095
0
LINE
8
BLACK
6
CONTINUOUS
10
0.5352626377952756
20
0.2468122047244095
11
0.5314960629921259
21
0.2460629921259843
0
LINE
8
BLACK
6
CONTINUOUS
10
0.5314960629921259
20
0.2460629921259843
11
0.5277294881889764
21
0.2468122047244095
0
LINE
8
BLACK
6
CONTINUOUS
10
0.5277294881889764
20
0.2468122047244095
11
0.5245363385826771
21
0.2489457874015748
0
LINE
8
BLACK
6
CONTINUOUS
10
0.5245363385826771
20
0.2489457874015748
11
0.5224027559055118
21
0.252138937007874
0
LINE
8
BLACK
6
CONTINUOUS
10
0.5224027559055118
20
0.252138937007874
11
0.5216535433070866
21
0.2559055118110236
0
LINE
8
BLACK
6
CONTINUOUS
10
0.5216535433070866
20
0.2559055118110236
11
0.5224027559055118
21
0.2596720866141732
0
LINE
8
BLACK
6
CONTINUOUS
10
0.5224027559055118
20
0.2596720866141732
11
0.5245363385826771
21
0.2628652362204724
0
LINE
8
BLACK
6
CONTINUOUS
10
0.5245363385826771
20
0.2628652362204724
11
0.5277294881889764
21
0.2649988188976378
0
LINE
8
BLACK
6
CONTINUOUS
10
0.5277294881889764
20
0.2649988188976378
11
0.5314960629921259
21
0.265748031496063
0
LINE
8
BLACK
6
CONTINUOUS
10
0.5314960629921259
20
0.265748031496063
11
0.5352626377952756
21
0.2649988188976378
0
LINE
8
BLACK
6
CONTINUOUS
10
-0.7344424803149606
20
0.3552952755905512
11
0.6037598425196851
21
0.3552952755905512
0
LINE
8
BLACK
6
CONTINUOUS
10
0.6037598425196851
20
0.3552952755905512
11
0.6056325196850394
21
0.3546136614173228
0
LINE
8
BLACK
6
CONTINUOUS
10
0.6056325196850394
20
0.3546136614173228
11
0.6066289763779528
21
0.3528877952755906
0
LINE
8
BLACK
6
CONTINUOUS
10
0.6066289763779528
20
0.3528877952755906
11
0.6066732283464566
21
0.3523818897637795
0
LINE
8
BLACK
6
CONTINUOUS
10
0.6066732283464566
20
0.3523818897637795
11
0.6066732283464566
21
-0.3504133858267717
0
LINE
8
BLACK
6
CONTINUOUS
10
0.6066732283464566
20
-0.3504133858267717
11
0.6059916141732283
21
-0.352286062992126
0
LINE
8
BLACK
6
CONTINUOUS
10
0.6059916141732283
20
-0.352286062992126
11
0.604265748031496
21
-0.3532825196850394
0
LINE
8
BLACK
6
CONTINUOUS
10
0.604265748031496
20
-0.3532825196850394
11
0.6037598425196851
21
-0.3533267716535433
0
LINE
8
BLACK
6
CONTINUOUS
10
0.6037598425196851
20
-0.3533267716535433
11
-0.7319594094488189
21
-0.3533267716535433
0
LINE
8
BLACK
6
CONTINUOUS
10
-0.7319594094488189
20
-0.3533267716535433
11
-0.7319814566929134
21
-0.3533414960629921
0
LINE
8
BLACK
6
CONTINUOUS
10
-0.7319814566929134
20
-0.3533414960629921
11
-0.7357480314960629
21
-0.3540907086614173
0
LINE
8
BLACK
6
CONTINUOUS
10
-0.7357480314960629
20
-0.3540907086614173
11
-0.8223622047244095
21
-0.3540907086614173
0
LINE
8
BLACK
6
CONTINUOUS
10
-0.8223622047244095
20
-0.3540907086614173
11
-0.826128779527559
21
-0.3533414960629921
0
LINE
8
BLACK
6
CONTINUOUS
10
-0.826128779527559
20
-0.3533414960629921
11
-0.8261508267716535
21
-0.3533267716535433
0
LINE
8
BLACK
6
CONTINUOUS
10
-0.8261508267716535
20
-0.3533267716535433
11
-0.8273818897637795
21
-0.3533267716535433
0
LINE
8
BLACK
6
CONTINUOUS
10
-0.8273818897637795
20
-0.3533267716535433
11
-0.8292545669291338
21
-0.3526451574803149
0
LINE
8
BLACK
6
CONTINUOUS
10
-0.8292545669291338
20
-0.3526451574803149
11
-0.8302510236220473
21
-0.3509192913385827
0
LINE
8
BLACK
6
CONTINUOUS
10
-0.8302510236220473
20
-0.3509192913385827
11
-0.8302952755905512
21
-0.3504133858267717
0
LINE
8
BLACK
6
CONTINUOUS
10
-0.8302952755905512
20
-0.3504133858267717
11
-0.8302952755905512
21
-0.3497511811023622
0
LINE
8
BLACK
6
CONTINUOUS
10
-0.8302952755905512
20
-0.3497511811023622
11
-0.8314555118110236
21
-0.3480147637795276
0
LINE
8
BLACK
6
CONTINUOUS
10
-0.8314555118110236
20
-0.3480147637795276
11
-0.8322047244094488
21
-0.3442481889763779
0
LINE
8
BLACK
6
CONTINUOUS
10
-0.8322047244094488
20
-0.3442481889763779
11
-0.8322047244094488
21
-0.3245631496062992
0
LINE
8
BLACK
6
CONTINUOUS
10
-0.8322047244094488
20
-0.3245631496062992
11
-0.8314555118110236
21
-0.3207965748031496
0
LINE
8
BLACK
6
CONTINUOUS
10
-0.8314555118110236
20
-0.3207965748031496
11
-0.8302952755905512
21
-0.3190601181102362
0
LINE
8
BLACK
6
CONTINUOUS
10
-0.8302952755905512
20
-0.3190601181102362
11
-0.8302952755905512
21
-0.3149606299212598
0
LINE
8
BLACK
6
CONTINUOUS
10
-0.8302952755905512
20
-0.3149606299212598
11
-0.8302952755905512
21
-0.2687861417322834
0
LINE
8
BLACK
6
CONTINUOUS
10
-0.8302952755905512
20
-0.2687861417322834
11
-0.8302952755905512
21
-0.2054344094488189
0
LINE
8
BLACK
6
CONTINUOUS
10
-0.8302952755905512
20
-0.2054344094488189
11
-0.8302952755905512
21
-0.056444094488189
0
LINE
8
BLACK
6
CONTINUOUS
10
-0.8302952755905512
20
-0.056444094488189
11
-0.8314555118110236
21
-0.0547076771653543
0
LINE
8
BLACK
6
CONTINUOUS
10
-0.8314555118110236
20
-0.0547076771653543
11
-0.8322047244094488
21
-0.0509411023622047
0
LINE
8
BLACK
6
CONTINUOUS
10
-0.8322047244094488
20
-0.0509411023622047
11
-0.8322047244094488
21
-0.031256062992126
0
LINE
8
BLACK
6
CONTINUOUS
10
-0.8322047244094488
20
-0.031256062992126
11
-0.8314555118110236
21
-0.0274894881889764
0
LINE
8
BLACK
6
CONTINUOUS
10
-0.8314555118110236
20
-0.0274894881889764
11
-0.8302952755905512
21
-0.025753031496063
0
LINE
8
BLACK
6
CONTINUOUS
10
-0.8302952755905512
20
-0.025753031496063
11
-0.8302952755905512
21
0.0272173228346457
0
LINE
8
BLACK
6
CONTINUOUS
10
-0.8302952755905512
20
0.0272173228346457
11
-0.8314555118110236
21
0.0289537401574803
0
LINE
8
BLACK
6
CONTINUOUS
10
-0.8314555118110236
20
0.0289537401574803
11
-0.8322047244094488
21
0.0327203149606299
0
LINE
8
BLACK
6
CONTINUOUS
10
-0.8322047244094488
20
0.0327203149606299
11
-0.8322047244094488
21
0.0524053543307087
0
LINE
8
BLACK
6
CONTINUOUS
10
-0.8322047244094488
20
0.0524053543307087
11
-0.8314555118110236
21
0.0561719291338583
0
LINE
8
BLACK
6
CONTINUOUS
10
-0.8314555118110236
20
0.0561719291338583
11
-0.8302952755905512
21
0.0579083858267717
0
LINE
8
BLACK
6
CONTINUOUS
10
-0.8302952755905512
20
0.0579083858267717
11
-0.8302952755905512
21
0.2128856692913386
0
LINE
8
BLACK
6
CONTINUOUS
10
-0.8302952755905512
20
0.2128856692913386
11
-0.8302952755905512
21
0.3205244094488189
0
LINE
8
BLACK
6
CONTINUOUS
10
-0.8302952755905512
20
0.3205244094488189
11
-0.8314555118110236
21
0.3222608267716535
0
LINE
8
BLACK
6
CONTINUOUS
10
-0.8314555118110236
20
0.3222608267716535
11
-0.8322047244094488
21
0.3260274015748031
0
LINE
8
BLACK
6
CONTINUOUS
10
-0.8322047244094488
20
0.3260274015748031
11
-0.8322047244094488
21
0.3457124409448819
0
LINE
8
BLACK
6
CONTINUOUS
10
-0.8322047244094488
20
0.3457124409448819
11
-0.8314555118110236
21
0.3494790157480315
0
LINE
8
BLACK
6
CONTINUOUS
10
-0.8314555118110236
20
0.3494790157480315
11
-0.8302952755905512
21
0.3512154724409449
0
LINE
8
BLACK
6
CONTINUOUS
10
-0.8302952755905512
20
0.3512154724409449
11
-0.8302952755905512
21
0.3523818897637795
0
LINE
8
BLACK
6
CONTINUOUS
10
-0.8302952755905512
20
0.3523818897637795
11
-0.8296136614173228
21
0.3542545669291339
0
LINE
8
BLACK
6
CONTINUOUS
10
-0.8296136614173228
20
0.3542545669291339
11
-0.8278877952755905
21
0.3552510236220472
0
LINE
8
BLACK
6
CONTINUOUS
10
-0.8278877952755905
20
0.3552510236220472
11
-0.8273818897637795
21
0.3552952755905512
0
LINE
8
BLACK
6
CONTINUOUS
10
-0.8273818897637795
20
0.3552952755905512
11
-0.8236677559055118
21
0.3552952755905512
0
LINE
8
BLACK
6
CONTINUOUS
10
-0.8236677559055118
20
0.3552952755905512
11
-0.8223622047244095
21
0.3555549606299213
0
LINE
8
BLACK
6
CONTINUOUS
10
-0.8223622047244095
20
0.3555549606299213
11
-0.7357480314960629
21
0.3555549606299213
0
LINE
8
BLACK
6
CONTINUOUS
10
-0.7357480314960629
20
0.3555549606299213
11
-0.7344424803149606
21
0.3552952755905512
0
LINE
8
BLACK
6
CONTINUOUS
10
-0.5577976377952756
20
-0.2859719291338583
11
-0.5577979527559055
21
-0.2859720078740157
0
LINE
8
BLACK
6
CONTINUOUS
10
-0.5577979527559055
20
-0.2859720078740157
11
-0.5640823622047244
21
-0.2881710236220472
0
LINE
8
BLACK
6
CONTINUOUS
10
-0.5640823622047244
20
-0.2881710236220472
11
-0.5697199212598425
21
-0.2917133464566929
0
LINE
8
BLACK
6
CONTINUOUS
10
-0.5697199212598425
20
-0.2917133464566929
11
-0.5744283858267717
21
-0.296421811023622
0
LINE
8
BLACK
6
CONTINUOUS
10
-0.5744283858267717
20
-0.296421811023622
11
-0.5779707086614173
21
-0.3020593700787402
0
LINE
8
BLACK
6
CONTINUOUS
10
-0.5779707086614173
20
-0.3020593700787402
11
-0.5801697244094488
21
-0.308343779527559
0
LINE
8
BLACK
6
CONTINUOUS
10
-0.5801697244094488
20
-0.308343779527559
11
-0.5801698031496063
21
-0.3083440944881889
0
LINE
8
BLACK
6
CONTINUOUS
10
-0.5801698031496063
20
-0.3083440944881889
11
-0.5809153149606299
21
-0.3149606299212598
0
LINE
8
BLACK
6
CONTINUOUS
10
-0.5809153149606299
20
-0.3149606299212598
11
-0.5801698031496063
21
-0.321577125984252
0
LINE
8
BLACK
6
CONTINUOUS
10
-0.5801698031496063
20
-0.321577125984252
11
-0.5801697244094488
21
-0.3215774409448819
0
LINE
8
BLACK
6
CONTINUOUS
10
-0.5801697244094488
20
-0.3215774409448819
11
-0.5779707086614173
21
-0.3278618503937008
0
LINE
8
BLACK
6
CONTINUOUS
10
-0.5779707086614173
20
-0.3278618503937008
11
-0.5744283858267717
21
-0.3334994094488189
0
LINE
8
BLACK
6
CONTINUOUS
10
-0.5744283858267717
20
-0.3334994094488189
11
-0.5744283070866142
21
-0.3334994881889763
0
LINE
8
BLACK
6
CONTINUOUS
10
-0.5744283070866142
20
-0.3334994881889763
11
-0.5744282283464567
21
-0.3334996062992126
0
LINE
8
BLACK
6
CONTINUOUS
10
-0.5744282283464567
20
-0.3334996062992126
11
-0.5697200787401575
21
-0.3382077559055118
0
LINE
8
BLACK
6
CONTINUOUS
10
-0.5697200787401575
20
-0.3382077559055118
11
-0.56972
21
-0.3382077952755905
0
LINE
8
BLACK
6
CONTINUOUS
10
-0.56972
20
-0.3382077952755905
11
-0.5697199212598425
21
-0.338207874015748
0
LINE
8
BLACK
6
CONTINUOUS
10
-0.5697199212598425
20
-0.338207874015748
11
-0.564730905511811
21
-0.3413426771653543
0
LINE
8
BLACK
6
CONTINUOUS
10
-0.564730905511811
20
-0.3413426771653543
11
-0.5640822834645669
21
-0.3417502362204725
0
LINE
8
BLACK
6
CONTINUOUS
10
-0.5640822834645669
20
-0.3417502362204725
11
-0.5577975984251968
21
-0.3439493307086614
0
LINE
8
BLACK
6
CONTINUOUS
10
-0.5577975984251968
20
-0.3439493307086614
11
-0.5511811023622047
21
-0.344694842519685
0
LINE
8
BLACK
6
CONTINUOUS
10
-0.5511811023622047
20
-0.344694842519685
11
-0.5445646062992126
21
-0.3439493307086614
0
LINE
8
BLACK
6
CONTINUOUS
10
-0.5445646062992126
20
-0.3439493307086614
11
-0.5382799212598425
21
-0.3417502362204725
0
LINE
8
BLACK
6
CONTINUOUS
10
-0.5382799212598425
20
-0.3417502362204725
11
-0.532642125984252
21
-0.3382077559055118
0
LINE
8
BLACK
6
CONTINUOUS
10
-0.532642125984252
20
-0.3382077559055118
11
-0.5279339763779527
21
-0.3334996062992126
0
LINE
8
BLACK
6
CONTINUOUS
10
-0.5279339763779527
20
-0.3334996062992126
11
-0.5243914960629921
21
-0.3278618110236221
0
LINE
8
BLACK
6
CONTINUOUS
10
-0.5243914960629921
20
-0.3278618110236221
11
-0.5221924015748032
21
-0.321577125984252
0
LINE
8
BLACK
6
CONTINUOUS
10
-0.5221924015748032
20
-0.321577125984252
11
-0.5214468897637795
21
-0.3149606299212598
0
LINE
8
BLACK
6
CONTINUOUS
10
-0.5214468897637795
20
-0.3149606299212598
11
-0.5221924015748032
21
-0.3083441338582677
0
LINE
8
BLACK
6
CONTINUOUS
10
-0.5221924015748032
20
-0.3083441338582677
11
-0.5243914960629921
21
-0.3020594488188976
0
LINE
8
BLACK
6
CONTINUOUS
10
-0.5243914960629921
20
-0.3020594488188976
11
-0.5243915354330708
21
-0.3020593700787402
0
LINE
8
BLACK
6
CONTINUOUS
10
-0.5243915354330708
20
-0.3020593700787402
11
-0.5279338582677165
21
-0.296421811023622
0
LINE
8
BLACK
6
CONTINUOUS
10
-0.5279338582677165
20
-0.296421811023622
11
-0.5279339370078741
21
-0.2964217322834646
0
LINE
8
BLACK
6
CONTINUOUS
10
-0.5279339370078741
20
-0.2964217322834646
11
-0.5279339763779527
21
-0.2964216535433071
0
LINE
8
BLACK
6
CONTINUOUS
10
-0.5279339763779527
20
-0.2964216535433071
11
-0.532642125984252
21
-0.2917135039370078
0
LINE
8
BLACK
6
CONTINUOUS
10
-0.532642125984252
20
-0.2917135039370078
11
-0.5326422440944881
21
-0.2917134251968504
0
LINE
8
BLACK
6
CONTINUOUS
10
-0.5326422440944881
20
-0.2917134251968504
11
-0.5326423228346456
21
-0.2917133464566929
0
LINE
8
BLACK
6
CONTINUOUS
10
-0.5326423228346456
20
-0.2917133464566929
11
-0.5382798818897637
21
-0.2881710236220472
0
LINE
8
BLACK
6
CONTINUOUS
10
-0.5382798818897637
20
-0.2881710236220472
11
-0.5445642913385826
21
-0.2859720078740157
0
LINE
8
BLACK
6
CONTINUOUS
10
-0.5445642913385826
20
-0.2859720078740157
11
-0.5445646062992126
21
-0.2859719291338583
0
LINE
8
BLACK
6
CONTINUOUS
10
-0.5445646062992126
20
-0.2859719291338583
11
-0.5511811023622047
21
-0.2852264173228347
0
LINE
8
BLACK
6
CONTINUOUS
10
-0.5511811023622047
20
-0.2852264173228347
11
-0.5577976377952756
21
-0.2859719291338583
0
LINE
8
BLACK
6
CONTINUOUS
10
-0.3608950787401575
20
0.3423858661417323
11
-0.3614460236220473
21
0.3422068503937008
0
LINE
8
BLACK
6
CONTINUOUS
10
-0.3614460236220473
20
0.3422068503937008
11
-0.3618902755905511
21
0.3421002362204724
0
LINE
8
BLACK
6
CONTINUOUS
10
-0.3618902755905511
20
0.3421002362204724
11
-0.3629046456692913
21
0.3419395669291339
0
LINE
8
BLACK
6
CONTINUOUS
10
-0.3629046456692913
20
0.3419395669291339
11
-0.3629047637795276
21
0.3419395275590551
0
LINE
8
BLACK
6
CONTINUOUS
10
-0.3629047637795276
20
0.3419395275590551
11
-0.3638202362204724
21
0.3414730708661417
0
LINE
8
BLACK
6
CONTINUOUS
10
-0.3638202362204724
20
0.3414730708661417
11
-0.3642424409448819
21
0.3412982283464567
0
LINE
8
BLACK
6
CONTINUOUS
10
-0.3642424409448819
20
0.3412982283464567
11
-0.3652192125984252
21
0.3409808661417323
0
LINE
8
BLACK
6
CONTINUOUS
10
-0.3652192125984252
20
0.3409808661417323
11
-0.3652192519685039
21
0.3409808267716535
0
LINE
8
BLACK
6
CONTINUOUS
10
-0.3652192519685039
20
0.3409808267716535
11
-0.3660505511811024
21
0.3403768897637795
0
LINE
8
BLACK
6
CONTINUOUS
10
-0.3660505511811024
20
0.3403768897637795
11
-0.3664398818897638
21
0.3401383070866142
0
LINE
8
BLACK
6
CONTINUOUS
10
-0.3664398818897638
20
0.3401383070866142
11
-0.3668205511811024
21
0.3399443700787402
0
LINE
8
BLACK
6
CONTINUOUS
10
-0.3668205511811024
20
0.3399443700787402
11
-0.3673551574803149
21
0.3396719291338582
0
LINE
8
BLACK
6
CONTINUOUS
10
-0.3673551574803149
20
0.3396719291338582
11
-0.3673551968503937
21
0.3396718897637795
0
LINE
8
BLACK
6
CONTINUOUS
10
-0.3673551968503937
20
0.3396718897637795
11
-0.3682435433070866
21
0.3387835826771654
0
LINE
8
BLACK
6
CONTINUOUS
10
-0.3682435433070866
20
0.3387835826771654
11
-0.3682436614173228
21
0.3387834645669291
0
LINE
8
BLACK
6
CONTINUOUS
10
-0.3682436614173228
20
0.3387834645669291
11
-0.3682438582677166
21
0.3387833070866141
0
LINE
8
BLACK
6
CONTINUOUS
10
-0.3682438582677166
20
0.3387833070866141
11
-0.3872527952755905
21
0.3197744094488189
0
LINE
8
BLACK
6
CONTINUOUS
10
-0.3872527952755905
20
0.3197744094488189
11
-0.3890589763779527
21
0.3189322047244094
0
LINE
8
BLACK
6
CONTINUOUS
10
-0.3890589763779527
20
0.3189322047244094
11
-0.389312874015748
21
0.3189211023622047
0
LINE
8
BLACK
6
CONTINUOUS
10
-0.389312874015748
20
0.3189211023622047
11
-0.399548031496063
21
0.3189211023622047
0
LINE
8
BLACK
6
CONTINUOUS
10
-0.399548031496063
20
0.3189211023622047
11
-0.4032403543307087
21
0.3183363385826772
0
LINE
8
BLACK
6
CONTINUOUS
10
-0.4032403543307087
20
0.3183363385826772
11
-0.4032404330708662
21
0.3183362992125984
0
LINE
8
BLACK
6
CONTINUOUS
10
-0.4032404330708662
20
0.3183362992125984
11
-0.4076906692913386
21
0.3160687401574803
0
LINE
8
BLACK
6
CONTINUOUS
10
-0.4076906692913386
20
0.3160687401574803
11
-0.4112224015748032
21
0.3125370078740157
0
LINE
8
BLACK
6
CONTINUOUS
10
-0.4112224015748032
20
0.3125370078740157
11
-0.4134900393700787
21
0.3080865354330709
0
LINE
8
BLACK
6
CONTINUOUS
10
-0.4134900393700787
20
0.3080865354330709
11
-0.4140748031496063
21
0.3043943307086614
0
LINE
8
BLACK
6
CONTINUOUS
10
-0.4140748031496063
20
0.3043943307086614
11
-0.4140748031496063
21
0.280258937007874
0
LINE
8
BLACK
6
CONTINUOUS
10
-0.4140748031496063
20
0.280258937007874
11
-0.4134900393700787
21
0.2765666141732284
0
LINE
8
BLACK
6
CONTINUOUS
10
-0.4134900393700787
20
0.2765666141732284
11
-0.41349
21
0.2765665354330709
0
LINE
8
BLACK
6
CONTINUOUS
10
-0.41349
20
0.2765665354330709
11
-0.4112224409448819
21
0.2721162992125984
0
LINE
8
BLACK
6
CONTINUOUS
10
-0.4112224409448819
20
0.2721162992125984
11
-0.4076906299212598
21
0.2685844881889763
0
LINE
8
BLACK
6
CONTINUOUS
10
-0.4076906299212598
20
0.2685844881889763
11
-0.4032403149606299
21
0.2663169291338582
0
LINE
8
BLACK
6
CONTINUOUS
10
-0.4032403149606299
20
0.2663169291338582
11
-0.4005995669291338
21
0.2658987007874016
0
LINE
8
BLACK
6
CONTINUOUS
10
-0.4005995669291338
20
0.2658987007874016
11
-0.3988566141732283
21
0.2649325590551181
0
LINE
8
BLACK
6
CONTINUOUS
10
-0.3988566141732283
20
0.2649325590551181
11
-0.3981424015748031
21
0.2630720472440945
0
LINE
8
BLACK
6
CONTINUOUS
10
-0.3981424015748031
20
0.2630720472440945
11
-0.3987912204724409
21
0.2611877559055118
0
LINE
8
BLACK
6
CONTINUOUS
10
-0.3987912204724409
20
0.2611877559055118
11
-0.399715
21
0.2604344488188977
0
LINE
8
BLACK
6
CONTINUOUS
10
-0.399715
20
0.2604344488188977
11
-0.4034426771653543
21
0.2585029133858268
0
LINE
8
BLACK
6
CONTINUOUS
10
-0.4034426771653543
20
0.2585029133858268
11
-0.403442874015748
21
0.2585027952755906
0
LINE
8
BLACK
6
CONTINUOUS
10
-0.403442874015748
20
0.2585027952755906
11
-0.4077970472440945
21
0.254436220472441
0
LINE
8
BLACK
6
CONTINUOUS
10
-0.4077970472440945
20
0.254436220472441
11
-0.4108925984251968
21
0.2493458267716535
0
LINE
8
BLACK
6
CONTINUOUS
10
-0.4108925984251968
20
0.2493458267716535
11
-0.4108925984251968
21
0.2493457874015748
0
LINE
8
BLACK
6
CONTINUOUS
10
-0.4108925984251968
20
0.2493457874015748
11
-0.4125
21
0.243608937007874
0
LINE
8
BLACK
6
CONTINUOUS
10
-0.4125
20
0.243608937007874
11
-0.4125
21
0.1643440157480315
0
LINE
8
BLACK
6
CONTINUOUS
10
-0.4125
20
0.1643440157480315
11
-0.4118925590551181
21
0.1599245669291338
0
LINE
8
BLACK
6
CONTINUOUS
10
-0.4118925590551181
20
0.1599245669291338
11
-0.4118925196850394
21
0.1599244094488189
0
LINE
8
BLACK
6
CONTINUOUS
10
-0.4118925196850394
20
0.1599244094488189
11
-0.4107938188976378
21
0.1573949606299213
0
LINE
8
BLACK
6
CONTINUOUS
10
-0.4107938188976378
20
0.1573949606299213
11
-0.4096287401574803
21
0.1547126771653543
0
LINE
8
BLACK
6
CONTINUOUS
10
-0.4096287401574803
20
0.1547126771653543
11
-0.4095188976377953
21
0.154459842519685
0
LINE
8
BLACK
6
CONTINUOUS
10
-0.4095188976377953
20
0.154459842519685
11
-0.4092164566929134
21
0.1540880708661417
0
LINE
8
BLACK
6
CONTINUOUS
10
-0.4092164566929134
20
0.1540880708661417
11
-0.4085629921259842
21
0.1522494881889764
0
LINE
8
BLACK
6
CONTINUOUS
10
-0.4085629921259842
20
0.1522494881889764
11
-0.4085629921259842
21
0.0277266141732283
0
LINE
8
BLACK
6
CONTINUOUS
10
-0.4085629921259842
20
0.0277266141732283
11
-0.4092446062992126
21
0.025853937007874
0
LINE
8
BLACK
6
CONTINUOUS
10
-0.4092446062992126
20
0.025853937007874
11
-0.4094162992125984
21
0.0256665354330709
0
LINE
8
BLACK
6
CONTINUOUS
10
-0.4094162992125984
20
0.0256665354330709
11
-0.5517214173228346
21
-0.1166385433070866
0
LINE
8
BLACK
6
CONTINUOUS
10
-0.5517214173228346
20
-0.1166385433070866
11
-0.5519649212598425
21
-0.1168561417322835
0
LINE
8
BLACK
6
CONTINUOUS
10
-0.5519649212598425
20
-0.1168561417322835
11
-0.5531483464566929
21
-0.1177999606299213
0
LINE
8
BLACK
6
CONTINUOUS
10
-0.5531483464566929
20
-0.1177999606299213
11
-0.5531484645669291
21
-0.1178000787401575
0
LINE
8
BLACK
6
CONTINUOUS
10
-0.5531484645669291
20
-0.1178000787401575
11
-0.5544370866141732
21
-0.1196900787401575
0
LINE
8
BLACK
6
CONTINUOUS
10
-0.5544370866141732
20
-0.1196900787401575
11
-0.5545000787401575
21
-0.1197788582677165
0
LINE
8
BLACK
6
CONTINUOUS
10
-0.5545000787401575
20
-0.1197788582677165
11
-0.5558579527559055
21
-0.1216187007874016
0
LINE
8
BLACK
6
CONTINUOUS
10
-0.5558579527559055
20
-0.1216187007874016
11
-0.5559599212598425
21
-0.1218117322834646
0
LINE
8
BLACK
6
CONTINUOUS
10
-0.5559599212598425
20
-0.1218117322834646
11
-0.5559614960629922
21
-0.1218108661417323
0
LINE
8
BLACK
6
CONTINUOUS
10
-0.5559614960629922
20
-0.1218108661417323
11
-0.5560672047244094
21
-0.1220202755905512
0
LINE
8
BLACK
6
CONTINUOUS
10
-0.5560672047244094
20
-0.1220202755905512
11
-0.5560656299212599
21
-0.122021062992126
0
LINE
8
BLACK
6
CONTINUOUS
10
-0.5560656299212599
20
-0.122021062992126
11
-0.5561604330708662
21
-0.1222178346456693
0
LINE
8
BLACK
6
CONTINUOUS
10
-0.5561604330708662
20
-0.1222178346456693
11
-0.5568344488188977
21
-0.1244029921259843
0
LINE
8
BLACK
6
CONTINUOUS
10
-0.5568344488188977
20
-0.1244029921259843
11
-0.5568684645669291
21
-0.1245064173228346
0
LINE
8
BLACK
6
CONTINUOUS
10
-0.5568684645669291
20
-0.1245064173228346
11
-0.5576238976377953
21
-0.1266653543307087
0
LINE
8
BLACK
6
CONTINUOUS
10
-0.5576238976377953
20
-0.1266653543307087
11
-0.5576644094488189
21
-0.1268796850393701
0
LINE
8
BLACK
6
CONTINUOUS
10
-0.5576644094488189
20
-0.1268796850393701
11
-0.5576661417322835
21
-0.1268793307086614
0
LINE
8
BLACK
6
CONTINUOUS
10
-0.5576661417322835
20
-0.1268793307086614
11
-0.5577054330708662
21
-0.1271106692913386
0
LINE
8
BLACK
6
CONTINUOUS
10
-0.5577054330708662
20
-0.1271106692913386
11
-0.5577037007874016
21
-0.1271109448818898
0
LINE
8
BLACK
6
CONTINUOUS
10
-0.5577037007874016
20
-0.1271109448818898
11
-0.557736220472441
21
-0.1273267322834646
0
LINE
8
BLACK
6
CONTINUOUS
10
-0.557736220472441
20
-0.1273267322834646
11
-0.557736220472441
21
-0.1296139763779527
0
LINE
8
BLACK
6
CONTINUOUS
10
-0.557736220472441
20
-0.1296139763779527
11
-0.5577382677165355
21
-0.1297229527559055
0
LINE
8
BLACK
6
CONTINUOUS
10
-0.5577382677165355
20
-0.1297229527559055
11
-0.5578238188976378
21
-0.1320080708661417
0
LINE
8
BLACK
6
CONTINUOUS
10
-0.5578238188976378
20
-0.1320080708661417
11
-0.5577993307086614
21
-0.132225157480315
0
LINE
8
BLACK
6
CONTINUOUS
10
-0.5577993307086614
20
-0.132225157480315
11
-0.5578011811023622
21
-0.1322253543307087
0
LINE
8
BLACK
6
CONTINUOUS
10
-0.5578011811023622
20
-0.1322253543307087
11
-0.557736220472441
21
-0.1327185826771654
0
LINE
8
BLACK
6
CONTINUOUS
10
-0.557736220472441
20
-0.1327185826771654
11
-0.557736220472441
21
-0.1414466535433071
0
LINE
8
BLACK
6
CONTINUOUS
10
-0.557736220472441
20
-0.1414466535433071
11
-0.5584178346456693
21
-0.1433193307086614
0
LINE
8
BLACK
6
CONTINUOUS
10
-0.5584178346456693
20
-0.1433193307086614
11
-0.5585895275590551
21
-0.1435067322834646
0
LINE
8
BLACK
6
CONTINUOUS
10
-0.5585895275590551
20
-0.1435067322834646
11
-0.6088516929133858
21
-0.1937688976377953
0
LINE
8
BLACK
6
CONTINUOUS
10
-0.6088516929133858
20
-0.1937688976377953
11
-0.6106578346456693
21
-0.1946111023622047
0
LINE
8
BLACK
6
CONTINUOUS
10
-0.6106578346456693
20
-0.1946111023622047
11
-0.6109117716535433
21
-0.1946222047244094
0
LINE
8
BLACK
6
CONTINUOUS
10
-0.6109117716535433
20
-0.1946222047244094
11
-0.6176187401574803
21
-0.1946222047244094
0
LINE
8
BLACK
6
CONTINUOUS
10
-0.6176187401574803
20
-0.1946222047244094
11
-0.6188982677165354
21
-0.1943261811023622
0
LINE
8
BLACK
6
CONTINUOUS
10
-0.6188982677165354
20
-0.1943261811023622
11
-0.6215199212598425
21
-0.1930445275590551
0
LINE
8
BLACK
6
CONTINUOUS
10
-0.6215199212598425
20
-0.1930445275590551
11
-0.6242022047244095
21
-0.1926537007874016
0
LINE
8
BLACK
6
CONTINUOUS
10
-0.6242022047244095
20
-0.1926537007874016
11
-0.6242023622047244
21
-0.1926537007874016
0
LINE
8
BLACK
6
CONTINUOUS
10
-0.6242023622047244
20
-0.1926537007874016
11
-0.6819393700787402
21
-0.1926537007874016
0
LINE
8
BLACK
6
CONTINUOUS
10
-0.6819393700787402
20
-0.1926537007874016
11
-0.6819396062992126
21
-0.1926537007874016
0
LINE
8
BLACK
6
CONTINUOUS
10
-0.6819396062992126
20
-0.1926537007874016
11
-0.6841665748031496
21
-0.1929781889763779
0
LINE
8
BLACK
6
CONTINUOUS
10
-0.6841665748031496
20
-0.1929781889763779
11
-0.6861179921259842
21
-0.1925737007874016
0
LINE
8
BLACK
6
CONTINUOUS
10
-0.6861179921259842
20
-0.1925737007874016
11
-0.6873528346456693
21
-0.1910094881889764
0
LINE
8
BLACK
6
CONTINUOUS
10
-0.6873528346456693
20
-0.1910094881889764
11
-0.6875
21
-0.1900952362204724
0
LINE
8
BLACK
6
CONTINUOUS
10
-0.6875
20
-0.1900952362204724
11
-0.6875
21
-0.1854089763779528
0
LINE
8
BLACK
6
CONTINUOUS
10
-0.6875
20
-0.1854089763779528
11
-0.6868183858267717
21
-0.1835362992125984
0
LINE
8
BLACK
6
CONTINUOUS
10
-0.6868183858267717
20
-0.1835362992125984
11
-0.6850925196850394
21
-0.182539842519685
0
LINE
8
BLACK
6
CONTINUOUS
10
-0.6850925196850394
20
-0.182539842519685
11
-0.6841667322834646
21
-0.1825260236220472
0
LINE
8
BLACK
6
CONTINUOUS
10
-0.6841667322834646
20
-0.1825260236220472
11
-0.6819393700787402
21
-0.1828505511811024
0
LINE
8
BLACK
6
CONTINUOUS
10
-0.6819393700787402
20
-0.1828505511811024
11
-0.6819391338582677
21
-0.1828505511811024
0
LINE
8
BLACK
6
CONTINUOUS
10
-0.6819391338582677
20
-0.1828505511811024
11
-0.6242025984251969
21
-0.1828505511811024
0
LINE
8
BLACK
6
CONTINUOUS
10
-0.6242025984251969
20
-0.1828505511811024
11
-0.6242023622047244
21
-0.1828505511811024
0
LINE
8
BLACK
6
CONTINUOUS
10
-0.6242023622047244
20
-0.1828505511811024
11
-0.6215199606299212
21
-0.1824597244094488
0
LINE
8
BLACK
6
CONTINUOUS
10
-0.6215199606299212
20
-0.1824597244094488
11
-0.6188982677165354
21
-0.1811780708661417
0
LINE
8
BLACK
6
CONTINUOUS
10
-0.6188982677165354
20
-0.1811780708661417
11
-0.6176187401574803
21
-0.1808820472440945
0
LINE
8
BLACK
6
CONTINUOUS
10
-0.6176187401574803
20
-0.1808820472440945
11
-0.6143056299212598
21
-0.1808820472440945
0
LINE
8
BLACK
6
CONTINUOUS
10
-0.6143056299212598
20
-0.1808820472440945
11
-0.6139794488188977
21
-0.1809003543307087
0
LINE
8
BLACK
6
CONTINUOUS
10
-0.6139794488188977
20
-0.1809003543307087
11
-0.6124751574803149
21
-0.181069842519685
0
LINE
8
BLACK
6
CONTINUOUS
10
-0.6124751574803149
20
-0.181069842519685
11
-0.6102270472440945
21
-0.1806444094488189
0
LINE
8
BLACK
6
CONTINUOUS
10
-0.6102270472440945
20
-0.1806444094488189
11
-0.610121062992126
21
-0.1806264173228346
0
LINE
8
BLACK
6
CONTINUOUS
10
-0.610121062992126
20
-0.1806264173228346
11
-0.607858937007874
21
-0.1802855118110236
0
LINE
8
BLACK
6
CONTINUOUS
10
-0.607858937007874
20
-0.1802855118110236
11
-0.6078588188976378
21
-0.1802854330708661
0
LINE
8
BLACK
6
CONTINUOUS
10
-0.6078588188976378
20
-0.1802854330708661
11
-0.6076501574803149
21
-0.1802211023622047
0
LINE
8
BLACK
6
CONTINUOUS
10
-0.6076501574803149
20
-0.1802211023622047
11
-0.6076496062992126
21
-0.1802229527559055
0
LINE
8
BLACK
6
CONTINUOUS
10
-0.6076496062992126
20
-0.1802229527559055
11
-0.6074272440944882
21
-0.1801497637795275
0
LINE
8
BLACK
6
CONTINUOUS
10
-0.6074272440944882
20
-0.1801497637795275
11
-0.6074278346456693
21
-0.1801479921259843
0
LINE
8
BLACK
6
CONTINUOUS
10
-0.6074278346456693
20
-0.1801479921259843
11
-0.6072216929133858
21
-0.1800758661417323
0
LINE
8
BLACK
6
CONTINUOUS
10
-0.6072216929133858
20
-0.1800758661417323
11
-0.6051987795275591
21
-0.1790066535433071
0
LINE
8
BLACK
6
CONTINUOUS
10
-0.6051987795275591
20
-0.1790066535433071
11
-0.6051033858267716
21
-0.1789584251968504
0
LINE
8
BLACK
6
CONTINUOUS
10
-0.6051033858267716
20
-0.1789584251968504
11
-0.6030418110236221
21
-0.1779657086614173
0
LINE
8
BLACK
6
CONTINUOUS
10
-0.6030418110236221
20
-0.1779657086614173
11
-0.6030416535433071
21
-0.1779655511811024
0
LINE
8
BLACK
6
CONTINUOUS
10
-0.6030416535433071
20
-0.1779655511811024
11
-0.6028614960629921
21
-0.1778427559055118
0
LINE
8
BLACK
6
CONTINUOUS
10
-0.6028614960629921
20
-0.1778427559055118
11
-0.6028604724409449
21
-0.1778442913385827
0
LINE
8
BLACK
6
CONTINUOUS
10
-0.6028604724409449
20
-0.1778442913385827
11
-0.6026693700787401
21
-0.1777087007874016
0
LINE
8
BLACK
6
CONTINUOUS
10
-0.6026693700787401
20
-0.1777087007874016
11
-0.6026704330708661
21
-0.1777072440944882
0
LINE
8
BLACK
6
CONTINUOUS
10
-0.6026704330708661
20
-0.1777072440944882
11
-0.6024950393700788
21
-0.1775776771653543
0
LINE
8
BLACK
6
CONTINUOUS
10
-0.6024950393700788
20
-0.1775776771653543
11
-0.6024947244094488
21
-0.1775775590551181
0
LINE
8
BLACK
6
CONTINUOUS
10
-0.6024947244094488
20
-0.1775775590551181
11
-0.6016765354330709
21
-0.1767592913385827
0
LINE
8
BLACK
6
CONTINUOUS
10
-0.6016765354330709
20
-0.1767592913385827
11
-0.6008774409448818
21
-0.1759602755905512
0
LINE
8
BLACK
6
CONTINUOUS
10
-0.6008774409448818
20
-0.1759602755905512
11
-0.600798937007874
21
-0.1758846456692913
0
LINE
8
BLACK
6
CONTINUOUS
10
-0.600798937007874
20
-0.1758846456692913
11
-0.5991224409448819
21
-0.174329094488189
0
LINE
8
BLACK
6
CONTINUOUS
10
-0.5991224409448819
20
-0.174329094488189
11
-0.5989862598425196
21
-0.1741583464566929
0
LINE
8
BLACK
6
CONTINUOUS
10
-0.5989862598425196
20
-0.1741583464566929
11
-0.598984842519685
21
-0.1741594488188976
0
LINE
8
BLACK
6
CONTINUOUS
10
-0.598984842519685
20
-0.1741594488188976
11
-0.5986822047244095
21
-0.1737649606299213
0
LINE
8
BLACK
6
CONTINUOUS
10
-0.5986822047244095
20
-0.1737649606299213
11
-0.5818040157480315
21
-0.1568867322834646
0
LINE
8
BLACK
6
CONTINUOUS
10
-0.5818040157480315
20
-0.1568867322834646
11
-0.5816059842519685
21
-0.156706220472441
0
LINE
8
BLACK
6
CONTINUOUS
10
-0.5816059842519685
20
-0.156706220472441
11
-0.5802834645669291
21
-0.1556081102362205
0
LINE
8
BLACK
6
CONTINUOUS
10
-0.5802834645669291
20
-0.1556081102362205
11
-0.5791432677165355
21
-0.1538624015748032
0
LINE
8
BLACK
6
CONTINUOUS
10
-0.5791432677165355
20
-0.1538624015748032
11
-0.579050157480315
21
-0.1537284645669291
0
LINE
8
BLACK
6
CONTINUOUS
10
-0.579050157480315
20
-0.1537284645669291
11
-0.5778127165354331
21
-0.1520518897637795
0
LINE
8
BLACK
6
CONTINUOUS
10
-0.5778127165354331
20
-0.1520518897637795
11
-0.577759251968504
21
-0.1518989763779527
0
LINE
8
BLACK
6
CONTINUOUS
10
-0.577759251968504
20
-0.1518989763779527
11
-0.5774482677165355
21
-0.1512675590551181
0
LINE
8
BLACK
6
CONTINUOUS
10
-0.5774482677165355
20
-0.1512675590551181
11
-0.5773595669291338
21
-0.1511318110236221
0
LINE
8
BLACK
6
CONTINUOUS
10
-0.5773595669291338
20
-0.1511318110236221
11
-0.5767848818897637
21
-0.1491285826771654
0
LINE
8
BLACK
6
CONTINUOUS
10
-0.5767848818897637
20
-0.1491285826771654
11
-0.5767350393700788
21
-0.1489718503937008
0
LINE
8
BLACK
6
CONTINUOUS
10
-0.5767350393700788
20
-0.1489718503937008
11
-0.5760468503937007
21
-0.1470053543307087
0
LINE
8
BLACK
6
CONTINUOUS
10
-0.5760468503937007
20
-0.1470053543307087
11
-0.5760407874015748
21
-0.146843031496063
0
LINE
8
BLACK
6
CONTINUOUS
10
-0.5760407874015748
20
-0.146843031496063
11
-0.575929842519685
21
-0.1461483858267716
0
LINE
8
BLACK
6
CONTINUOUS
10
-0.575929842519685
20
-0.1461483858267716
11
-0.5758850787401575
21
-0.1459925590551181
0
LINE
8
BLACK
6
CONTINUOUS
10
-0.5758850787401575
20
-0.1459925590551181
11
-0.5759262992125984
21
-0.1439106692913386
0
LINE
8
BLACK
6
CONTINUOUS
10
-0.5759262992125984
20
-0.1439106692913386
11
-0.575924842519685
21
-0.1437440157480315
0
LINE
8
BLACK
6
CONTINUOUS
10
-0.575924842519685
20
-0.1437440157480315
11
-0.5758469291338583
21
-0.1416624803149606
0
LINE
8
BLACK
6
CONTINUOUS
10
-0.5758469291338583
20
-0.1416624803149606
11
-0.5758888976377953
21
-0.141505905511811
0
LINE
8
BLACK
6
CONTINUOUS
10
-0.5758888976377953
20
-0.141505905511811
11
-0.5759876771653544
21
-0.1408094094488189
0
LINE
8
BLACK
6
CONTINUOUS
10
-0.5759876771653544
20
-0.1408094094488189
11
-0.5764251181102362
21
-0.1187049606299213
0
LINE
8
BLACK
6
CONTINUOUS
10
-0.5764251181102362
20
-0.1187049606299213
11
-0.5758236614173228
21
-0.1168738582677165
0
LINE
8
BLACK
6
CONTINUOUS
10
-0.5758236614173228
20
-0.1168738582677165
11
-0.5738371653543307
21
-0.1142850787401575
0
LINE
8
BLACK
6
CONTINUOUS
10
-0.5738371653543307
20
-0.1142850787401575
11
-0.5714549606299213
21
-0.108533937007874
0
LINE
8
BLACK
6
CONTINUOUS
10
-0.5714549606299213
20
-0.108533937007874
11
-0.5706424409448819
21
-0.1023622047244094
0
LINE
8
BLACK
6
CONTINUOUS
10
-0.5706424409448819
20
-0.1023622047244094
11
-0.5714549606299213
21
-0.0961904724409449
0
LINE
8
BLACK
6
CONTINUOUS
10
-0.5714549606299213
20
-0.0961904724409449
11
-0.5738371653543307
21
-0.0904393307086614
0
LINE
8
BLACK
6
CONTINUOUS
10
-0.5738371653543307
20
-0.0904393307086614
11
-0.5757442913385826
21
-0.0879538976377953
0
LINE
8
BLACK
6
CONTINUOUS
10
-0.5757442913385826
20
-0.0879538976377953
11
-0.5776266141732284
21
-0.0855007874015748
0
LINE
8
BLACK
6
CONTINUOUS
10
-0.5776266141732284
20
-0.0855007874015748
11
-0.577626811023622
21
-0.0855005905511811
0
LINE
8
BLACK
6
CONTINUOUS
10
-0.577626811023622
20
-0.0855005905511811
11
-0.5825653149606299
21
-0.0817111811023622
0
LINE
8
BLACK
6
CONTINUOUS
10
-0.5825653149606299
20
-0.0817111811023622
11
-0.5883164960629921
21
-0.079328937007874
0
LINE
8
BLACK
6
CONTINUOUS
10
-0.5883164960629921
20
-0.079328937007874
11
-0.5944881889763779
21
-0.0785164566929134
0
LINE
8
BLACK
6
CONTINUOUS
10
-0.5944881889763779
20
-0.0785164566929134
11
-0.6006598818897637
21
-0.079328937007874
0
LINE
8
BLACK
6
CONTINUOUS
10
-0.6006598818897637
20
-0.079328937007874
11
-0.6006599212598425
21
-0.079328937007874
0
LINE
8
BLACK
6
CONTINUOUS
10
-0.6006599212598425
20
-0.079328937007874
11
-0.6064111023622047
21
-0.0817111811023622
0
LINE
8
BLACK
6
CONTINUOUS
10
-0.6064111023622047
20
-0.0817111811023622
11
-0.6113496062992125
21
-0.0855005905511811
0
LINE
8
BLACK
6
CONTINUOUS
10
-0.6113496062992125
20
-0.0855005905511811
11
-0.6113498031496063
21
-0.0855007874015748
0
LINE
8
BLACK
6
CONTINUOUS
10
-0.6113498031496063
20
-0.0855007874015748
11
-0.6151392125984252
21
-0.0904392913385827
0
LINE
8
BLACK
6
CONTINUOUS
10
-0.6151392125984252
20
-0.0904392913385827
11
-0.6175214566929134
21
-0.0961904724409449
0
LINE
8
BLACK
6
CONTINUOUS
10
-0.6175214566929134
20
-0.0961904724409449
11
-0.6175214566929134
21
-0.0961905118110236
0
LINE
8
BLACK
6
CONTINUOUS
10
-0.6175214566929134
20
-0.0961905118110236
11
-0.618333937007874
21
-0.1023622047244094
0
LINE
8
BLACK
6
CONTINUOUS
10
-0.618333937007874
20
-0.1023622047244094
11
-0.6175214566929134
21
-0.1085338582677165
0
LINE
8
BLACK
6
CONTINUOUS
10
-0.6175214566929134
20
-0.1085338582677165
11
-0.6175214566929134
21
-0.1085338976377953
0
LINE
8
BLACK
6
CONTINUOUS
10
-0.6175214566929134
20
-0.1085338976377953
11
-0.6151392125984252
21
-0.1142850787401575
0
LINE
8
BLACK
6
CONTINUOUS
10
-0.6151392125984252
20
-0.1142850787401575
11
-0.612491220472441
21
-0.117736062992126
0
LINE
8
BLACK
6
CONTINUOUS
10
-0.612491220472441
20
-0.117736062992126
11
-0.6118897244094488
21
-0.119451968503937
0
LINE
8
BLACK
6
CONTINUOUS
10
-0.6118897244094488
20
-0.119451968503937
11
-0.6115774803149606
21
-0.1352296456692913
0
LINE
8
BLACK
6
CONTINUOUS
10
-0.6115774803149606
20
-0.1352296456692913
11
-0.6122219291338582
21
-0.1371154330708661
0
LINE
8
BLACK
6
CONTINUOUS
10
-0.6122219291338582
20
-0.1371154330708661
11
-0.6124302362204724
21
-0.1373473622047244
0
LINE
8
BLACK
6
CONTINUOUS
10
-0.6124302362204724
20
-0.1373473622047244
11
-0.6182993307086614
21
-0.1432164566929134
0
LINE
8
BLACK
6
CONTINUOUS
10
-0.6182993307086614
20
-0.1432164566929134
11
-0.6201054724409448
21
-0.1440586614173228
0
LINE
8
BLACK
6
CONTINUOUS
10
-0.6201054724409448
20
-0.1440586614173228
11
-0.6212855118110236
21
-0.1438395275590551
0
LINE
8
BLACK
6
CONTINUOUS
10
-0.6212855118110236
20
-0.1438395275590551
11
-0.621303779527559
21
-0.1438987401574803
0
LINE
8
BLACK
6
CONTINUOUS
10
-0.621303779527559
20
-0.1438987401574803
11
-0.6215199606299212
21
-0.1438319291338583
0
LINE
8
BLACK
6
CONTINUOUS
10
-0.6215199606299212
20
-0.1438319291338583
11
-0.6242022047244095
21
-0.1434411023622047
0
LINE
8
BLACK
6
CONTINUOUS
10
-0.6242022047244095
20
-0.1434411023622047
11
-0.6242023622047244
21
-0.1434411023622047
0
LINE
8
BLACK
6
CONTINUOUS
10
-0.6242023622047244
20
-0.1434411023622047
11
-0.6819393700787402
21
-0.1434411023622047
0
LINE
8
BLACK
6
CONTINUOUS
10
-0.6819393700787402
20
-0.1434411023622047
11
-0.6819396062992126
21
-0.1434411023622047
0
LINE
8
BLACK
6
CONTINUOUS
10
-0.6819396062992126
20
-0.1434411023622047
11
-0.6841665748031496
21
-0.1437655905511811
0
LINE
8
BLACK
6
CONTINUOUS
10
-0.6841665748031496
20
-0.1437655905511811
11
-0.6861179921259842
21
-0.1433611023622047
0
LINE
8
BLACK
6
CONTINUOUS
10
-0.6861179921259842
20
-0.1433611023622047
11
-0.6873528346456693
21
-0.1417968897637795
0
LINE
8
BLACK
6
CONTINUOUS
10
-0.6873528346456693
20
-0.1417968897637795
11
-0.6875
21
-0.1408826377952756
0
LINE
8
BLACK
6
CONTINUOUS
10
-0.6875
20
-0.1408826377952756
11
-0.6875
21
0.0931343307086614
0
LINE
8
BLACK
6
CONTINUOUS
10
-0.6875
20
0.0931343307086614
11
-0.6868183858267717
21
0.0950070078740157
0
LINE
8
BLACK
6
CONTINUOUS
10
-0.6868183858267717
20
0.0950070078740157
11
-0.6850925196850394
21
0.0960034645669291
0
LINE
8
BLACK
6
CONTINUOUS
10
-0.6850925196850394
20
0.0960034645669291
11
-0.6841667322834646
21
0.0960172834645669
0
LINE
8
BLACK
6
CONTINUOUS
10
-0.6841667322834646
20
0.0960172834645669
11
-0.6819393700787402
21
0.0956927559055118
0
LINE
8
BLACK
6
CONTINUOUS
10
-0.6819393700787402
20
0.0956927559055118
11
-0.6819391338582677
21
0.0956927559055118
0
LINE
8
BLACK
6
CONTINUOUS
10
-0.6819391338582677
20
0.0956927559055118
11
-0.6242025984251969
21
0.0956927559055118
0
LINE
8
BLACK
6
CONTINUOUS
10
-0.6242025984251969
20
0.0956927559055118
11
-0.6242023622047244
21
0.0956927559055118
0
LINE
8
BLACK
6
CONTINUOUS
10
-0.6242023622047244
20
0.0956927559055118
11
-0.6215199606299212
21
0.0960835826771654
0
LINE
8
BLACK
6
CONTINUOUS
10
-0.6215199606299212
20
0.0960835826771654
11
-0.6196615748031495
21
0.096992125984252
0
LINE
8
BLACK
6
CONTINUOUS
10
-0.6196615748031495
20
0.096992125984252
11
-0.6188982677165354
21
0.0973652362204724
0
LINE
8
BLACK
6
CONTINUOUS
10
-0.6188982677165354
20
0.0973652362204724
11
-0.6176187401574803
21
0.0976612598425197
0
LINE
8
BLACK
6
CONTINUOUS
10
-0.6176187401574803
20
0.0976612598425197
11
-0.583155905511811
21
0.0976612598425197
0
LINE
8
BLACK
6
CONTINUOUS
10
-0.583155905511811
20
0.0976612598425197
11
-0.5812832283464566
21
0.0969796456692913
0
LINE
8
BLACK
6
CONTINUOUS
10
-0.5812832283464566
20
0.0969796456692913
11
-0.5810958267716535
21
0.0968079527559055
0
LINE
8
BLACK
6
CONTINUOUS
10
-0.5810958267716535
20
0.0968079527559055
11
-0.5785895275590551
21
0.0943016535433071
0
LINE
8
BLACK
6
CONTINUOUS
10
-0.5785895275590551
20
0.0943016535433071
11
-0.5777473228346457
21
0.0924955118110236
0
LINE
8
BLACK
6
CONTINUOUS
10
-0.5777473228346457
20
0.0924955118110236
11
-0.5777362204724409
21
0.0922415748031496
0
LINE
8
BLACK
6
CONTINUOUS
10
-0.5777362204724409
20
0.0922415748031496
11
-0.5777362204724409
21
0.0753503937007874
0
LINE
8
BLACK
6
CONTINUOUS
10
-0.5777362204724409
20
0.0753503937007874
11
-0.5784178346456693
21
0.0734777165354331
0
LINE
8
BLACK
6
CONTINUOUS
10
-0.5784178346456693
20
0.0734777165354331
11
-0.5785895275590551
21
0.0732903149606299
0
LINE
8
BLACK
6
CONTINUOUS
10
-0.5785895275590551
20
0.0732903149606299
11
-0.582068031496063
21
0.0698118503937008
0
LINE
8
BLACK
6
CONTINUOUS
10
-0.582068031496063
20
0.0698118503937008
11
-0.5820680708661418
21
0.0698118110236221
0
LINE
8
BLACK
6
CONTINUOUS
10
-0.5820680708661418
20
0.0698118110236221
11
-0.5844771259842519
21
0.0650837401574803
0
LINE
8
BLACK
6
CONTINUOUS
10
-0.5844771259842519
20
0.0650837401574803
11
-0.5844771653543307
21
0.0650837007874016
0
LINE
8
BLACK
6
CONTINUOUS
10
-0.5844771653543307
20
0.0650837007874016
11
-0.5850984251968504
21
0.0611609842519685
0
LINE
8
BLACK
6
CONTINUOUS
10
-0.5850984251968504
20
0.0611609842519685
11
-0.5850984251968504
21
0.0388390551181102
0
LINE
8
BLACK
6
CONTINUOUS
10
-0.5850984251968504
20
0.0388390551181102
11
-0.5844771653543307
21
0.0349163385826772
0
LINE
8
BLACK
6
CONTINUOUS
10
-0.5844771653543307
20
0.0349163385826772
11
-0.5844771259842519
21
0.0349162992125984
0
LINE
8
BLACK
6
CONTINUOUS
10
-0.5844771259842519
20
0.0349162992125984
11
-0.5820680708661418
21
0.0301882283464567
0
LINE
8
BLACK
6
CONTINUOUS
10
-0.5820680708661418
20
0.0301882283464567
11
-0.5794843307086615
21
0.0276044881889764
0
LINE
8
BLACK
6
CONTINUOUS
10
-0.5794843307086615
20
0.0276044881889764
11
-0.5786421259842519
21
0.0257983464566929
0
LINE
8
BLACK
6
CONTINUOUS
10
-0.5786421259842519
20
0.0257983464566929
11
-0.5791579133858268
21
0.0238733464566929
0
LINE
8
BLACK
6
CONTINUOUS
10
-0.5791579133858268
20
0.0238733464566929
11
-0.579233031496063
21
0.023770905511811
0
LINE
8
BLACK
6
CONTINUOUS
10
-0.579233031496063
20
0.023770905511811
11
-0.5806510236220472
21
0.0219229133858268
0
LINE
8
BLACK
6
CONTINUOUS
10
-0.5806510236220472
20
0.0219229133858268
11
-0.5830332677165354
21
0.0161717322834646
0
LINE
8
BLACK
6
CONTINUOUS
10
-0.5830332677165354
20
0.0161717322834646
11
-0.5830332677165354
21
0.0161716929133858
0
LINE
8
BLACK
6
CONTINUOUS
10
-0.5830332677165354
20
0.0161716929133858
11
-0.583845748031496
21
0.01
0
LINE
8
BLACK
6
CONTINUOUS
10
-0.583845748031496
20
0.01
11
-0.5830332677165354
21
0.0038283464566929
0
LINE
8
BLACK
6
CONTINUOUS
10
-0.5830332677165354
20
0.0038283464566929
11
-0.5830332677165354
21
0.0038283070866142
0
LINE
8
BLACK
6
CONTINUOUS
10
-0.5830332677165354
20
0.0038283070866142
11
-0.5814475196850394
21
0.
0
LINE
8
BLACK
6
CONTINUOUS
10
-0.5814475196850394
20
0.
11
-0.5806510236220472
21
-0.001922874015748
0
LINE
8
BLACK
6
CONTINUOUS
10
-0.5806510236220472
20
-0.001922874015748
11
-0.5778264566929133
21
-0.005603937007874
0
LINE
8
BLACK
6
CONTINUOUS
10
-0.5778264566929133
20
-0.005603937007874
11
-0.5772244094488189
21
-0.0073774409448819
0
LINE
8
BLACK
6
CONTINUOUS
10
-0.5772244094488189
20
-0.0073774409448819
11
-0.5772244094488189
21
-0.0171556692913386
0
LINE
8
BLACK
6
CONTINUOUS
10
-0.5772244094488189
20
-0.0171556692913386
11
-0.5779060236220472
21
-0.0190283464566929
0
LINE
8
BLACK
6
CONTINUOUS
10
-0.5779060236220472
20
-0.0190283464566929
11
-0.5785191338582677
21
-0.019578031496063
0
LINE
8
BLACK
6
CONTINUOUS
10
-0.5785191338582677
20
-0.019578031496063
11
-0.5799429921259842
21
-0.0205294488188976
0
LINE
8
BLACK
6
CONTINUOUS
10
-0.5799429921259842
20
-0.0205294488188976
11
-0.579943031496063
21
-0.0205294881889764
0
LINE
8
BLACK
6
CONTINUOUS
10
-0.579943031496063
20
-0.0205294881889764
11
-0.5816876771653543
21
-0.0231404330708661
0
LINE
8
BLACK
6
CONTINUOUS
10
-0.5816876771653543
20
-0.0231404330708661
11
-0.5816876771653543
21
-0.0231405118110236
0
LINE
8
BLACK
6
CONTINUOUS
10
-0.5816876771653543
20
-0.0231405118110236
11
-0.5821456692913386
21
-0.0254429921259843
0
LINE
8
BLACK
6
CONTINUOUS
10
-0.5821456692913386
20
-0.0254429921259843
11
-0.5821456692913386
21
-0.0545570078740157
0
LINE
8
BLACK
6
CONTINUOUS
10
-0.5821456692913386
20
-0.0545570078740157
11
-0.5818403543307087
21
-0.056091968503937
0
LINE
8
BLACK
6
CONTINUOUS
10
-0.5818403543307087
20
-0.056091968503937
11
-0.5816876771653543
21
-0.0568595275590551
0
LINE
8
BLACK
6
CONTINUOUS
10
-0.5816876771653543
20
-0.0568595275590551
11
-0.581066968503937
21
-0.0577884251968504
0
LINE
8
BLACK
6
CONTINUOUS
10
-0.581066968503937
20
-0.0577884251968504
11
-0.5799429921259842
21
-0.0594705511811024
0
LINE
8
BLACK
6
CONTINUOUS
10
-0.5799429921259842
20
-0.0594705511811024
11
-0.5782062992125984
21
-0.0606309842519685
0
LINE
8
BLACK
6
CONTINUOUS
10
-0.5782062992125984
20
-0.0606309842519685
11
-0.5773320078740157
21
-0.0612151968503937
0
LINE
8
BLACK
6
CONTINUOUS
10
-0.5773320078740157
20
-0.0612151968503937
11
-0.577331968503937
21
-0.0612151968503937
0
LINE
8
BLACK
6
CONTINUOUS
10
-0.577331968503937
20
-0.0612151968503937
11
-0.5773319291338582
21
-0.0612152362204724
0
LINE
8
BLACK
6
CONTINUOUS
10
-0.5773319291338582
20
-0.0612152362204724
11
-0.5750294488188976
21
-0.0616732283464567
0
LINE
8
BLACK
6
CONTINUOUS
10
-0.5750294488188976
20
-0.0616732283464567
11
-0.5750293700787401
21
-0.0616732283464567
0
LINE
8
BLACK
6
CONTINUOUS
10
-0.5750293700787401
20
-0.0616732283464567
11
-0.5498525196850393
21
-0.0616732283464567
0
LINE
8
BLACK
6
CONTINUOUS
10
-0.5498525196850393
20
-0.0616732283464567
11
-0.5498524409448818
21
-0.0616732283464567
0
LINE
8
BLACK
6
CONTINUOUS
10
-0.5498524409448818
20
-0.0616732283464567
11
-0.5475499606299212
21
-0.0612152362204724
0
LINE
8
BLACK
6
CONTINUOUS
10
-0.5475499606299212
20
-0.0612152362204724
11
-0.5449388976377952
21
-0.0594705511811024
0
LINE
8
BLACK
6
CONTINUOUS
10
-0.5449388976377952
20
-0.0594705511811024
11
-0.5431942125984252
21
-0.0568594881889764
0
LINE
8
BLACK
6
CONTINUOUS
10
-0.5431942125984252
20
-0.0568594881889764
11
-0.542736220472441
21
-0.0545570078740157
0
LINE
8
BLACK
6
CONTINUOUS
10
-0.542736220472441
20
-0.0545570078740157
11
-0.542736220472441
21
-0.0433684645669291
0
LINE
8
BLACK
6
CONTINUOUS
10
-0.542736220472441
20
-0.0433684645669291
11
-0.542572716535433
21
-0.0424061811023622
0
LINE
8
BLACK
6
CONTINUOUS
10
-0.542572716535433
20
-0.0424061811023622
11
-0.5418643307086614
21
-0.0403818503937008
0
LINE
8
BLACK
6
CONTINUOUS
10
-0.5418643307086614
20
-0.0403818503937008
11
-0.5418643307086614
21
-0.0403816929133858
0
LINE
8
BLACK
6
CONTINUOUS
10
-0.5418643307086614
20
-0.0403816929133858
11
-0.5418237401574802
21
-0.0401673228346457
0
LINE
8
BLACK
6
CONTINUOUS
10
-0.5418237401574802
20
-0.0401673228346457
11
-0.5418219291338583
21
-0.0401676377952756
0
LINE
8
BLACK
6
CONTINUOUS
10
-0.5418219291338583
20
-0.0401676377952756
11
-0.5417827165354331
21
-0.0399367716535433
0
LINE
8
BLACK
6
CONTINUOUS
10
-0.5417827165354331
20
-0.0399367716535433
11
-0.5417845275590552
21
-0.0399365354330709
0
LINE
8
BLACK
6
CONTINUOUS
10
-0.5417845275590552
20
-0.0399365354330709
11
-0.541751968503937
21
-0.0397204724409449
0
LINE
8
BLACK
6
CONTINUOUS
10
-0.541751968503937
20
-0.0397204724409449
11
-0.541751968503937
21
-0.0374331889763779
0
LINE
8
BLACK
6
CONTINUOUS
10
-0.541751968503937
20
-0.0374331889763779
11
-0.5417499212598426
21
-0.0373242125984252
0
LINE
8
BLACK
6
CONTINUOUS
10
-0.5417499212598426
20
-0.0373242125984252
11
-0.5416644094488189
21
-0.0350389763779528
0
LINE
8
BLACK
6
CONTINUOUS
10
-0.5416644094488189
20
-0.0350389763779528
11
-0.5416888188976378
21
-0.0348222047244094
0
LINE
8
BLACK
6
CONTINUOUS
10
-0.5416888188976378
20
-0.0348222047244094
11
-0.5416870472440944
21
-0.034821968503937
0
LINE
8
BLACK
6
CONTINUOUS
10
-0.5416870472440944
20
-0.034821968503937
11
-0.541751968503937
21
-0.0343286614173228
0
LINE
8
BLACK
6
CONTINUOUS
10
-0.541751968503937
20
-0.0343286614173228
11
-0.541751968503937
21
-0.0060434645669291
0
LINE
8
BLACK
6
CONTINUOUS
10
-0.541751968503937
20
-0.0060434645669291
11
-0.5411499212598425
21
-0.0042698818897638
0
LINE
8
BLACK
6
CONTINUOUS
10
-0.5411499212598425
20
-0.0042698818897638
11
-0.5393489763779528
21
-0.001922874015748
0
LINE
8
BLACK
6
CONTINUOUS
10
-0.5393489763779528
20
-0.001922874015748
11
-0.5369667716535433
21
0.0038282677165354
0
LINE
8
BLACK
6
CONTINUOUS
10
-0.5369667716535433
20
0.0038282677165354
11
-0.536154251968504
21
0.01
0
LINE
8
BLACK
6
CONTINUOUS
10
-0.536154251968504
20
0.01
11
-0.5369667716535433
21
0.0161717322834646
0
LINE
8
BLACK
6
CONTINUOUS
10
-0.5369667716535433
20
0.0161717322834646
11
-0.5393489763779528
21
0.021922874015748
0
LINE
8
BLACK
6
CONTINUOUS
10
-0.5393489763779528
20
0.021922874015748
11
-0.5403225984251968
21
0.0231917322834646
0
LINE
8
BLACK
6
CONTINUOUS
10
-0.5403225984251968
20
0.0231917322834646
11
-0.5409218503937008
21
0.0250922440944882
0
LINE
8
BLACK
6
CONTINUOUS
10
-0.5409218503937008
20
0.0250922440944882
11
-0.5401592125984251
21
0.0269334251968504
0
LINE
8
BLACK
6
CONTINUOUS
10
-0.5401592125984251
20
0.0269334251968504
11
-0.5400722047244094
21
0.0270243700787402
0
LINE
8
BLACK
6
CONTINUOUS
10
-0.5400722047244094
20
0.0270243700787402
11
-0.5369083464566929
21
0.030188188976378
0
LINE
8
BLACK
6
CONTINUOUS
10
-0.5369083464566929
20
0.030188188976378
11
-0.5344992519685039
21
0.0349162992125984
0
LINE
8
BLACK
6
CONTINUOUS
10
-0.5344992519685039
20
0.0349162992125984
11
-0.5338779527559055
21
0.0388390551181102
0
LINE
8
BLACK
6
CONTINUOUS
10
-0.5338779527559055
20
0.0388390551181102
11
-0.5338779527559055
21
0.0611609448818898
0
LINE
8
BLACK
6
CONTINUOUS
10
-0.5338779527559055
20
0.0611609448818898
11
-0.5344992519685039
21
0.0650837007874016
0
LINE
8
BLACK
6
CONTINUOUS
10
-0.5344992519685039
20
0.0650837007874016
11
-0.5369083464566929
21
0.0698118110236221
0
LINE
8
BLACK
6
CONTINUOUS
10
-0.5369083464566929
20
0.0698118110236221
11
-0.5406606299212598
21
0.073564094488189
0
LINE
8
BLACK
6
CONTINUOUS
10
-0.5406606299212598
20
0.073564094488189
11
-0.5406731102362204
21
0.0735704724409449
0
LINE
8
BLACK
6
CONTINUOUS
10
-0.5406731102362204
20
0.0735704724409449
11
-0.540680905511811
21
0.0735788188976378
0
LINE
8
BLACK
6
CONTINUOUS
10
-0.540680905511811
20
0.0735788188976378
11
-0.540846062992126
21
0.0736988188976378
0
LINE
8
BLACK
6
CONTINUOUS
10
-0.540846062992126
20
0.0736988188976378
11
-0.5408227559055118
21
0.0737309448818898
0
LINE
8
BLACK
6
CONTINUOUS
10
-0.5408227559055118
20
0.0737309448818898
11
-0.5420322047244094
21
0.0750279527559055
0
LINE
8
BLACK
6
CONTINUOUS
10
-0.5420322047244094
20
0.0750279527559055
11
-0.542263779527559
21
0.0761662598425197
0
LINE
8
BLACK
6
CONTINUOUS
10
-0.542263779527559
20
0.0761662598425197
11
-0.542263779527559
21
0.0976809448818898
0
LINE
8
BLACK
6
CONTINUOUS
10
-0.542263779527559
20
0.0976809448818898
11
-0.542263779527559
21
0.0996351968503937
0
LINE
8
BLACK
6
CONTINUOUS
10
-0.542263779527559
20
0.0996351968503937
11
-0.5422454724409449
21
0.0999614173228346
0
LINE
8
BLACK
6
CONTINUOUS
10
-0.5422454724409449
20
0.0999614173228346
11
-0.5420759842519685
21
0.1014656299212598
0
LINE
8
BLACK
6
CONTINUOUS
10
-0.5420759842519685
20
0.1014656299212598
11
-0.5425012598425196
21
0.1037131496062992
0
LINE
8
BLACK
6
CONTINUOUS
10
-0.5425012598425196
20
0.1037131496062992
11
-0.5425194881889763
21
0.1038203937007874
0
LINE
8
BLACK
6
CONTINUOUS
10
-0.5425194881889763
20
0.1038203937007874
11
-0.5425243307086614
21
0.1038526377952756
0
LINE
8
BLACK
6
CONTINUOUS
10
-0.5425243307086614
20
0.1038526377952756
11
-0.5428603149606299
21
0.1060818503937008
0
LINE
8
BLACK
6
CONTINUOUS
10
-0.5428603149606299
20
0.1060818503937008
11
-0.5428603937007874
21
0.1060820472440945
0
LINE
8
BLACK
6
CONTINUOUS
10
-0.5428603937007874
20
0.1060820472440945
11
-0.5429246850393701
21
0.1062905905511811
0
LINE
8
BLACK
6
CONTINUOUS
10
-0.5429246850393701
20
0.1062905905511811
11
-0.5429229133858268
21
0.1062911417322835
0
LINE
8
BLACK
6
CONTINUOUS
10
-0.5429229133858268
20
0.1062911417322835
11
-0.5429961023622047
21
0.1065135433070866
0
LINE
8
BLACK
6
CONTINUOUS
10
-0.5429961023622047
20
0.1065135433070866
11
-0.5429978740157481
21
0.1065129133858268
0
LINE
8
BLACK
6
CONTINUOUS
10
-0.5429978740157481
20
0.1065129133858268
11
-0.5430699212598425
21
0.1067188582677165
0
LINE
8
BLACK
6
CONTINUOUS
10
-0.5430699212598425
20
0.1067188582677165
11
-0.5430699606299213
21
0.1067190551181102
0
LINE
8
BLACK
6
CONTINUOUS
10
-0.5430699606299213
20
0.1067190551181102
11
-0.5441388188976378
21
0.1087413385826772
0
LINE
8
BLACK
6
CONTINUOUS
10
-0.5441388188976378
20
0.1087413385826772
11
-0.5441879527559055
21
0.1088387007874016
0
LINE
8
BLACK
6
CONTINUOUS
10
-0.5441879527559055
20
0.1088387007874016
11
-0.5451800787401575
21
0.110898937007874
0
LINE
8
BLACK
6
CONTINUOUS
10
-0.5451800787401575
20
0.110898937007874
11
-0.5453030708661417
21
0.1110793307086614
0
LINE
8
BLACK
6
CONTINUOUS
10
-0.5453030708661417
20
0.1110793307086614
11
-0.5453015748031496
21
0.1110803937007874
0
LINE
8
BLACK
6
CONTINUOUS
10
-0.5453015748031496
20
0.1110803937007874
11
-0.5454371653543307
21
0.1112715354330709
0
LINE
8
BLACK
6
CONTINUOUS
10
-0.5454371653543307
20
0.1112715354330709
11
-0.5454386614173228
21
0.1112703937007874
0
LINE
8
BLACK
6
CONTINUOUS
10
-0.5454386614173228
20
0.1112703937007874
11
-0.5455683070866142
21
0.111446062992126
0
LINE
8
BLACK
6
CONTINUOUS
10
-0.5455683070866142
20
0.111446062992126
11
-0.5471851968503937
21
0.1130629527559055
0
LINE
8
BLACK
6
CONTINUOUS
10
-0.5471851968503937
20
0.1130629527559055
11
-0.547260748031496
21
0.1131414173228346
0
LINE
8
BLACK
6
CONTINUOUS
10
-0.547260748031496
20
0.1131414173228346
11
-0.5481000787401574
21
0.1140459448818898
0
LINE
8
BLACK
6
CONTINUOUS
10
-0.5481000787401574
20
0.1140459448818898
11
-0.5488167322834645
21
0.1148183464566929
0
LINE
8
BLACK
6
CONTINUOUS
10
-0.5488167322834645
20
0.1148183464566929
11
-0.5488170078740158
21
0.1148185039370079
0
LINE
8
BLACK
6
CONTINUOUS
10
-0.5488170078740158
20
0.1148185039370079
11
-0.5489875196850393
21
0.1149545275590551
0
LINE
8
BLACK
6
CONTINUOUS
10
-0.5489875196850393
20
0.1149545275590551
11
-0.5489864173228346
21
0.1149559448818898
0
LINE
8
BLACK
6
CONTINUOUS
10
-0.5489864173228346
20
0.1149559448818898
11
-0.5493809842519685
21
0.1152587401574803
0
LINE
8
BLACK
6
CONTINUOUS
10
-0.5493809842519685
20
0.1152587401574803
11
-0.5560129921259842
21
0.1218907480314961
0
LINE
8
BLACK
6
CONTINUOUS
10
-0.5560129921259842
20
0.1218907480314961
11
-0.5568551968503936
21
0.1236968897637795
0
LINE
8
BLACK
6
CONTINUOUS
10
-0.5568551968503936
20
0.1236968897637795
11
-0.5568662992125984
21
0.1239508267716535
0
LINE
8
BLACK
6
CONTINUOUS
10
-0.5568662992125984
20
0.1239508267716535
11
-0.5568662992125984
21
0.1698441732283464
0
LINE
8
BLACK
6
CONTINUOUS
10
-0.5568662992125984
20
0.1698441732283464
11
-0.55618468503937
21
0.1717168503937008
0
LINE
8
BLACK
6
CONTINUOUS
10
-0.55618468503937
20
0.1717168503937008
11
-0.5560134251968504
21
0.1719038188976378
0
LINE
8
BLACK
6
CONTINUOUS
10
-0.5560134251968504
20
0.1719038188976378
11
-0.5033095275590551
21
0.2246077559055118
0
LINE
8
BLACK
6
CONTINUOUS
10
-0.5033095275590551
20
0.2246077559055118
11
-0.5016297637795275
21
0.2254361023622047
0
LINE
8
BLACK
6
CONTINUOUS
10
-0.5016297637795275
20
0.2254361023622047
11
-0.4974503149606299
21
0.2259862992125984
0
LINE
8
BLACK
6
CONTINUOUS
10
-0.4974503149606299
20
0.2259862992125984
11
-0.4916991732283464
21
0.2283685039370079
0
LINE
8
BLACK
6
CONTINUOUS
10
-0.4916991732283464
20
0.2283685039370079
11
-0.4867605511811023
21
0.232158031496063
0
LINE
8
BLACK
6
CONTINUOUS
10
-0.4867605511811023
20
0.232158031496063
11
-0.4829710236220472
21
0.2370966535433071
0
LINE
8
BLACK
6
CONTINUOUS
10
-0.4829710236220472
20
0.2370966535433071
11
-0.4805888188976378
21
0.2428477952755906
0
LINE
8
BLACK
6
CONTINUOUS
10
-0.4805888188976378
20
0.2428477952755906
11
-0.4797762992125984
21
0.2490195275590551
0
LINE
8
BLACK
6
CONTINUOUS
10
-0.4797762992125984
20
0.2490195275590551
11
-0.4805888188976378
21
0.2551912598425197
0
LINE
8
BLACK
6
CONTINUOUS
10
-0.4805888188976378
20
0.2551912598425197
11
-0.4829710236220472
21
0.2609424015748031
0
LINE
8
BLACK
6
CONTINUOUS
10
-0.4829710236220472
20
0.2609424015748031
11
-0.4847824409448819
21
0.2633031102362204
0
LINE
8
BLACK
6
CONTINUOUS
10
-0.4847824409448819
20
0.2633031102362204
11
-0.4867604724409449
21
0.2658809448818897
0
LINE
8
BLACK
6
CONTINUOUS
10
-0.4867604724409449
20
0.2658809448818897
11
-0.4867606692913386
21
0.2658811417322834
0
LINE
8
BLACK
6
CONTINUOUS
10
-0.4867606692913386
20
0.2658811417322834
11
-0.4916991732283464
21
0.2696705511811023
0
LINE
8
BLACK
6
CONTINUOUS
10
-0.4916991732283464
20
0.2696705511811023
11
-0.4966261023622047
21
0.2717113779527559
0
LINE
8
BLACK
6
CONTINUOUS
10
-0.4966261023622047
20
0.2717113779527559
11
-0.4980953937007874
21
0.2730577559055118
0
LINE
8
BLACK
6
CONTINUOUS
10
-0.4980953937007874
20
0.2730577559055118
11
-0.4983555118110236
21
0.2750335826771653
0
LINE
8
BLACK
6
CONTINUOUS
10
-0.4983555118110236
20
0.2750335826771653
11
-0.4981071259842519
21
0.2757254724409449
0
LINE
8
BLACK
6
CONTINUOUS
10
-0.4981071259842519
20
0.2757254724409449
11
-0.4973338976377953
21
0.2772429133858267
0
LINE
8
BLACK
6
CONTINUOUS
10
-0.4973338976377953
20
0.2772429133858267
11
-0.4967125984251968
21
0.2811656692913386
0
LINE
8
BLACK
6
CONTINUOUS
10
-0.4967125984251968
20
0.2811656692913386
11
-0.4967125984251968
21
0.3034875590551181
0
LINE
8
BLACK
6
CONTINUOUS
10
-0.4967125984251968
20
0.3034875590551181
11
-0.4967459448818898
21
0.3036979921259843
0
LINE
8
BLACK
6
CONTINUOUS
10
-0.4967459448818898
20
0.3036979921259843
11
-0.4973338976377953
21
0.3074103149606299
0
LINE
8
BLACK
6
CONTINUOUS
10
-0.4973338976377953
20
0.3074103149606299
11
-0.497333937007874
21
0.3074103543307087
0
LINE
8
BLACK
6
CONTINUOUS
10
-0.497333937007874
20
0.3074103543307087
11
-0.4973364960629921
21
0.3074153543307087
0
LINE
8
BLACK
6
CONTINUOUS
10
-0.4973364960629921
20
0.3074153543307087
11
-0.4997429921259842
21
0.3121384251968504
0
LINE
8
BLACK
6
CONTINUOUS
10
-0.4997429921259842
20
0.3121384251968504
11
-0.5034952755905512
21
0.3158907086614173
0
LINE
8
BLACK
6
CONTINUOUS
10
-0.5034952755905512
20
0.3158907086614173
11
-0.5034953149606299
21
0.3158907480314961
0
LINE
8
BLACK
6
CONTINUOUS
10
-0.5034953149606299
20
0.3158907480314961
11
-0.5082233858267716
21
0.3182998031496063
0
LINE
8
BLACK
6
CONTINUOUS
10
-0.5082233858267716
20
0.3182998031496063
11
-0.5082234251968504
21
0.318299842519685
0
LINE
8
BLACK
6
CONTINUOUS
10
-0.5082234251968504
20
0.318299842519685
11
-0.5121461023622047
21
0.3189211023622047
0
LINE
8
BLACK
6
CONTINUOUS
10
-0.5121461023622047
20
0.3189211023622047
11
-0.5121461417322835
21
0.3189211023622047
0
LINE
8
BLACK
6
CONTINUOUS
10
-0.5121461417322835
20
0.3189211023622047
11
-0.5324995275590551
21
0.3189211023622047
0
LINE
8
BLACK
6
CONTINUOUS
10
-0.5324995275590551
20
0.3189211023622047
11
-0.5324995669291338
21
0.3189211023622047
0
LINE
8
BLACK
6
CONTINUOUS
10
-0.5324995669291338
20
0.3189211023622047
11
-0.5364222834645669
21
0.318299842519685
0
LINE
8
BLACK
6
CONTINUOUS
10
-0.5364222834645669
20
0.318299842519685
11
-0.5364223228346456
21
0.3182998031496063
0
LINE
8
BLACK
6
CONTINUOUS
10
-0.5364223228346456
20
0.3182998031496063
11
-0.5411503937007874
21
0.3158907480314961
0
LINE
8
BLACK
6
CONTINUOUS
10
-0.5411503937007874
20
0.3158907480314961
11
-0.5449027165354331
21
0.3121384251968504
0
LINE
8
BLACK
6
CONTINUOUS
10
-0.5449027165354331
20
0.3121384251968504
11
-0.5473117716535433
21
0.3074103543307087
0
LINE
8
BLACK
6
CONTINUOUS
10
-0.5473117716535433
20
0.3074103543307087
11
-0.547311811023622
21
0.3074103149606299
0
LINE
8
BLACK
6
CONTINUOUS
10
-0.547311811023622
20
0.3074103149606299
11
-0.5479330708661417
21
0.3034875984251968
0
LINE
8
BLACK
6
CONTINUOUS
10
-0.5479330708661417
20
0.3034875984251968
11
-0.5479330708661417
21
0.2811656692913386
0
LINE
8
BLACK
6
CONTINUOUS
10
-0.5479330708661417
20
0.2811656692913386
11
-0.547311811023622
21
0.2772429527559055
0
LINE
8
BLACK
6
CONTINUOUS
10
-0.547311811023622
20
0.2772429527559055
11
-0.5473117716535433
21
0.2772429133858267
0
LINE
8
BLACK
6
CONTINUOUS
10
-0.5473117716535433
20
0.2772429133858267
11
-0.5451170078740157
21
0.2729353937007874
0
LINE
8
BLACK
6
CONTINUOUS
10
-0.5451170078740157
20
0.2729353937007874
11
-0.5449026771653543
21
0.2725148031496063
0
LINE
8
BLACK
6
CONTINUOUS
10
-0.5449026771653543
20
0.2725148031496063
11
-0.5411503937007874
21
0.2687625196850394
0
LINE
8
BLACK
6
CONTINUOUS
10
-0.5411503937007874
20
0.2687625196850394
11
-0.5396813385826772
21
0.2680140157480315
0
LINE
8
BLACK
6
CONTINUOUS
10
-0.5396813385826772
20
0.2680140157480315
11
-0.5383221653543308
21
0.2665565354330708
0
LINE
8
BLACK
6
CONTINUOUS
10
-0.5383221653543308
20
0.2665565354330708
11
-0.5380905511811024
21
0.2654181496062992
0
LINE
8
BLACK
6
CONTINUOUS
10
-0.5380905511811024
20
0.2654181496062992
11
-0.5380905511811024
21
0.2652229527559055
0
LINE
8
BLACK
6
CONTINUOUS
10
-0.5380905511811024
20
0.2652229527559055
11
-0.5379962204724409
21
0.2649325590551181
0
LINE
8
BLACK
6
CONTINUOUS
10
-0.5379962204724409
20
0.2649325590551181
11
-0.5377731496062992
21
0.2642459448818897
0
LINE
8
BLACK
6
CONTINUOUS
10
-0.5377731496062992
20
0.2642459448818897
11
-0.5376665354330709
21
0.2638016929133858
0
LINE
8
BLACK
6
CONTINUOUS
10
-0.5376665354330709
20
0.2638016929133858
11
-0.5375058661417322
21
0.2627874015748031
0
LINE
8
BLACK
6
CONTINUOUS
10
-0.5375058661417322
20
0.2627874015748031
11
-0.5375057874015748
21
0.2627871653543307
0
LINE
8
BLACK
6
CONTINUOUS
10
-0.5375057874015748
20
0.2627871653543307
11
-0.5370394488188976
21
0.2618719291338583
0
LINE
8
BLACK
6
CONTINUOUS
10
-0.5370394488188976
20
0.2618719291338583
11
-0.5368645275590551
21
0.2614495669291338
0
LINE
8
BLACK
6
CONTINUOUS
10
-0.5368645275590551
20
0.2614495669291338
11
-0.5365471653543307
21
0.2604727559055118
0
LINE
8
BLACK
6
CONTINUOUS
10
-0.5365471653543307
20
0.2604727559055118
11
-0.5365471259842519
21
0.2604727165354331
0
LINE
8
BLACK
6
CONTINUOUS
10
-0.5365471259842519
20
0.2604727165354331
11
-0.5359433858267716
21
0.2596416929133858
0
LINE
8
BLACK
6
CONTINUOUS
10
-0.5359433858267716
20
0.2596416929133858
11
-0.5357046062992126
21
0.2592520472440945
0
LINE
8
BLACK
6
CONTINUOUS
10
-0.5357046062992126
20
0.2592520472440945
11
-0.5352382283464567
21
0.258336811023622
0
LINE
8
BLACK
6
CONTINUOUS
10
-0.5352382283464567
20
0.258336811023622
11
-0.5344231496062992
21
0.2575217322834646
0
LINE
8
BLACK
6
CONTINUOUS
10
-0.5344231496062992
20
0.2575217322834646
11
-0.5344228740157481
21
0.2575214173228346
0
LINE
8
BLACK
6
CONTINUOUS
10
-0.5344228740157481
20
0.2575214173228346
11
-0.5295522440944882
21
0.2526507874015748
0
LINE
8
BLACK
6
CONTINUOUS
10
-0.5295522440944882
20
0.2526507874015748
11
-0.5287100393700788
21
0.2508446456692913
0
LINE
8
BLACK
6
CONTINUOUS
10
-0.5287100393700788
20
0.2508446456692913
11
-0.5292258267716535
21
0.2489196456692913
0
LINE
8
BLACK
6
CONTINUOUS
10
-0.5292258267716535
20
0.2489196456692913
11
-0.5295522440944882
21
0.2485306299212598
0
LINE
8
BLACK
6
CONTINUOUS
10
-0.5295522440944882
20
0.2485306299212598
11
-0.586323937007874
21
0.191758937007874
0
LINE
8
BLACK
6
CONTINUOUS
10
-0.586323937007874
20
0.191758937007874
11
-0.5865674409448819
21
0.1915413385826772
0
LINE
8
BLACK
6
CONTINUOUS
10
-0.5865674409448819
20
0.1915413385826772
11
-0.5877508661417322
21
0.1905975196850394
0
LINE
8
BLACK
6
CONTINUOUS
10
-0.5877508661417322
20
0.1905975196850394
11
-0.5877509842519685
21
0.1905974015748031
0
LINE
8
BLACK
6
CONTINUOUS
10
-0.5877509842519685
20
0.1905974015748031
11
-0.5890396062992126
21
0.1887074015748031
0
LINE
8
BLACK
6
CONTINUOUS
10
-0.5890396062992126
20
0.1887074015748031
11
-0.5891025984251969
21
0.1886186220472441
0
LINE
8
BLACK
6
CONTINUOUS
10
-0.5891025984251969
20
0.1886186220472441
11
-0.5904604724409449
21
0.1867787795275591
0
LINE
8
BLACK
6
CONTINUOUS
10
-0.5904604724409449
20
0.1867787795275591
11
-0.5905624409448819
21
0.1865857480314961
0
LINE
8
BLACK
6
CONTINUOUS
10
-0.5905624409448819
20
0.1865857480314961
11
-0.5905640157480315
21
0.1865866141732283
0
LINE
8
BLACK
6
CONTINUOUS
10
-0.5905640157480315
20
0.1865866141732283
11
-0.5906697244094488
21
0.1863772047244094
0
LINE
8
BLACK
6
CONTINUOUS
10
-0.5906697244094488
20
0.1863772047244094
11
-0.5906681496062992
21
0.1863764173228346
0
LINE
8
BLACK
6
CONTINUOUS
10
-0.5906681496062992
20
0.1863764173228346
11
-0.5907629527559055
21
0.1861796456692913
0
LINE
8
BLACK
6
CONTINUOUS
10
-0.5907629527559055
20
0.1861796456692913
11
-0.591436968503937
21
0.1839944881889764
0
LINE
8
BLACK
6
CONTINUOUS
10
-0.591436968503937
20
0.1839944881889764
11
-0.5914709842519685
21
0.183891062992126
0
LINE
8
BLACK
6
CONTINUOUS
10
-0.5914709842519685
20
0.183891062992126
11
-0.5922264173228347
21
0.181732125984252
0
LINE
8
BLACK
6
CONTINUOUS
10
-0.5922264173228347
20
0.181732125984252
11
-0.5922669291338583
21
0.1815177952755906
0
LINE
8
BLACK
6
CONTINUOUS
10
-0.5922669291338583
20
0.1815177952755906
11
-0.5922686614173228
21
0.1815181496062992
0
LINE
8
BLACK
6
CONTINUOUS
10
-0.5922686614173228
20
0.1815181496062992
11
-0.5923079527559055
21
0.181286811023622
0
LINE
8
BLACK
6
CONTINUOUS
10
-0.5923079527559055
20
0.181286811023622
11
-0.592306220472441
21
0.1812865354330709
0
LINE
8
BLACK
6
CONTINUOUS
10
-0.592306220472441
20
0.1812865354330709
11
-0.5923387401574803
21
0.1810707480314961
0
LINE
8
BLACK
6
CONTINUOUS
10
-0.5923387401574803
20
0.1810707480314961
11
-0.5923387401574803
21
0.1787835039370079
0
LINE
8
BLACK
6
CONTINUOUS
10
-0.5923387401574803
20
0.1787835039370079
11
-0.5923407874015748
21
0.1786745275590551
0
LINE
8
BLACK
6
CONTINUOUS
10
-0.5923407874015748
20
0.1786745275590551
11
-0.5924263385826771
21
0.1763894094488189
0
LINE
8
BLACK
6
CONTINUOUS
10
-0.5924263385826771
20
0.1763894094488189
11
-0.5924018503937007
21
0.1761723228346457
0
LINE
8
BLACK
6
CONTINUOUS
10
-0.5924018503937007
20
0.1761723228346457
11
-0.5924037007874016
21
0.176172125984252
0
LINE
8
BLACK
6
CONTINUOUS
10
-0.5924037007874016
20
0.176172125984252
11
-0.5923387401574803
21
0.1756788976377953
0
LINE
8
BLACK
6
CONTINUOUS
10
-0.5923387401574803
20
0.1756788976377953
11
-0.5923387401574803
21
0.1360470866141732
0
LINE
8
BLACK
6
CONTINUOUS
10
-0.5923387401574803
20
0.1360470866141732
11
-0.5930203543307087
21
0.1341744094488189
0
LINE
8
BLACK
6
CONTINUOUS
10
-0.5930203543307087
20
0.1341744094488189
11
-0.594746220472441
21
0.1331779527559055
0
LINE
8
BLACK
6
CONTINUOUS
10
-0.594746220472441
20
0.1331779527559055
11
-0.5952521259842519
21
0.1331337007874016
0
LINE
8
BLACK
6
CONTINUOUS
10
-0.5952521259842519
20
0.1331337007874016
11
-0.6176187401574803
21
0.1331337007874016
0
LINE
8
BLACK
6
CONTINUOUS
10
-0.6176187401574803
20
0.1331337007874016
11
-0.6188982677165354
21
0.1334297244094488
0
LINE
8
BLACK
6
CONTINUOUS
10
-0.6188982677165354
20
0.1334297244094488
11
-0.6215199212598425
21
0.1347113779527559
0
LINE
8
BLACK
6
CONTINUOUS
10
-0.6215199212598425
20
0.1347113779527559
11
-0.6242022047244095
21
0.1351022047244095
0
LINE
8
BLACK
6
CONTINUOUS
10
-0.6242022047244095
20
0.1351022047244095
11
-0.6242023622047244
21
0.1351022047244095
0
LINE
8
BLACK
6
CONTINUOUS
10
-0.6242023622047244
20
0.1351022047244095
11
-0.6819393700787402
21
0.1351022047244095
0
LINE
8
BLACK
6
CONTINUOUS
10
-0.6819393700787402
20
0.1351022047244095
11
-0.6819396062992126
21
0.1351022047244095
0
LINE
8
BLACK
6
CONTINUOUS
10
-0.6819396062992126
20
0.1351022047244095
11
-0.6841665748031496
21
0.1347777165354331
0
LINE
8
BLACK
6
CONTINUOUS
10
-0.6841665748031496
20
0.1347777165354331
11
-0.6861179921259842
21
0.1351822047244094
0
LINE
8
BLACK
6
CONTINUOUS
10
-0.6861179921259842
20
0.1351822047244094
11
-0.6873528346456693
21
0.1367464173228346
0
LINE
8
BLACK
6
CONTINUOUS
10
-0.6873528346456693
20
0.1367464173228346
11
-0.6875
21
0.1376606692913386
0
LINE
8
BLACK
6
CONTINUOUS
10
-0.6875
20
0.1376606692913386
11
-0.6875
21
0.1423469291338583
0
LINE
8
BLACK
6
CONTINUOUS
10
-0.6875
20
0.1423469291338583
11
-0.6868183858267717
21
0.1442196062992126
0
LINE
8
BLACK
6
CONTINUOUS
10
-0.6868183858267717
20
0.1442196062992126
11
-0.6850925196850394
21
0.145216062992126
0
LINE
8
BLACK
6
CONTINUOUS
10
-0.6850925196850394
20
0.145216062992126
11
-0.6841667322834646
21
0.1452298818897638
0
LINE
8
BLACK
6
CONTINUOUS
10
-0.6841667322834646
20
0.1452298818897638
11
-0.6819393700787402
21
0.1449053543307087
0
LINE
8
BLACK
6
CONTINUOUS
10
-0.6819393700787402
20
0.1449053543307087
11
-0.6819391338582677
21
0.1449053543307087
0
LINE
8
BLACK
6
CONTINUOUS
10
-0.6819391338582677
20
0.1449053543307087
11
-0.6242025984251969
21
0.1449053543307087
0
LINE
8
BLACK
6
CONTINUOUS
10
-0.6242025984251969
20
0.1449053543307087
11
-0.6242023622047244
21
0.1449053543307087
0
LINE
8
BLACK
6
CONTINUOUS
10
-0.6242023622047244
20
0.1449053543307087
11
-0.6215199606299212
21
0.1452961811023622
0
LINE
8
BLACK
6
CONTINUOUS
10
-0.6215199606299212
20
0.1452961811023622
11
-0.6173825590551181
21
0.1473188188976378
0
LINE
8
BLACK
6
CONTINUOUS
10
-0.6173825590551181
20
0.1473188188976378
11
-0.614126062992126
21
0.1505753149606299
0
LINE
8
BLACK
6
CONTINUOUS
10
-0.614126062992126
20
0.1505753149606299
11
-0.6121034251968503
21
0.1547127165354331
0
LINE
8
BLACK
6
CONTINUOUS
10
-0.6121034251968503
20
0.1547127165354331
11
-0.6117125984251969
21
0.1573951181102362
0
LINE
8
BLACK
6
CONTINUOUS
10
-0.6117125984251969
20
0.1573951181102362
11
-0.6117125984251969
21
0.1718250393700787
0
LINE
8
BLACK
6
CONTINUOUS
10
-0.6117125984251969
20
0.1718250393700787
11
-0.6121034251968503
21
0.1745074409448819
0
LINE
8
BLACK
6
CONTINUOUS
10
-0.6121034251968503
20
0.1745074409448819
11
-0.614126062992126
21
0.178644842519685
0
LINE
8
BLACK
6
CONTINUOUS
10
-0.614126062992126
20
0.178644842519685
11
-0.6173825590551181
21
0.1819013385826772
0
LINE
8
BLACK
6
CONTINUOUS
10
-0.6173825590551181
20
0.1819013385826772
11
-0.6173825984251968
21
0.1819013779527559
0
LINE
8
BLACK
6
CONTINUOUS
10
-0.6173825984251968
20
0.1819013779527559
11
-0.6215199212598425
21
0.1839239763779527
0
LINE
8
BLACK
6
CONTINUOUS
10
-0.6215199212598425
20
0.1839239763779527
11
-0.6242022047244095
21
0.1843148031496063
0
LINE
8
BLACK
6
CONTINUOUS
10
-0.6242022047244095
20
0.1843148031496063
11
-0.6242023622047244
21
0.1843148031496063
0
LINE
8
BLACK
6
CONTINUOUS
10
-0.6242023622047244
20
0.1843148031496063
11
-0.6819393700787402
21
0.1843148031496063
0
LINE
8
BLACK
6
CONTINUOUS
10
-0.6819393700787402
20
0.1843148031496063
11
-0.6819395669291338
21
0.1843148031496063
0
LINE
8
BLACK
6
CONTINUOUS
10
-0.6819395669291338
20
0.1843148031496063
11
-0.6846218110236221
21
0.1839239763779527
0
LINE
8
BLACK
6
CONTINUOUS
10
-0.6846218110236221
20
0.1839239763779527
11
-0.6846218503937008
21
0.1839239763779527
0
LINE
8
BLACK
6
CONTINUOUS
10
-0.6846218503937008
20
0.1839239763779527
11
-0.6872434645669291
21
0.1826423228346457
0
LINE
8
BLACK
6
CONTINUOUS
10
-0.6872434645669291
20
0.1826423228346457
11
-0.6885229921259842
21
0.1823462992125984
0
LINE
8
BLACK
6
CONTINUOUS
10
-0.6885229921259842
20
0.1823462992125984
11
-0.6942301181102362
21
0.1823462992125984
0
LINE
8
BLACK
6
CONTINUOUS
10
-0.6942301181102362
20
0.1823462992125984
11
-0.6945562992125984
21
0.1823646062992126
0
LINE
8
BLACK
6
CONTINUOUS
10
-0.6945562992125984
20
0.1823646062992126
11
-0.6960605905511811
21
0.1825341338582677
0
LINE
8
BLACK
6
CONTINUOUS
10
-0.6960605905511811
20
0.1825341338582677
11
-0.6983085826771653
21
0.1821087795275591
0
LINE
8
BLACK
6
CONTINUOUS
10
-0.6983085826771653
20
0.1821087795275591
11
-0.6984159842519685
21
0.1820905511811023
0
LINE
8
BLACK
6
CONTINUOUS
10
-0.6984159842519685
20
0.1820905511811023
11
-0.7006767322834645
21
0.1817498031496063
0
LINE
8
BLACK
6
CONTINUOUS
10
-0.7006767322834645
20
0.1817498031496063
11
-0.7008855511811023
21
0.1816853937007874
0
LINE
8
BLACK
6
CONTINUOUS
10
-0.7008855511811023
20
0.1816853937007874
11
-0.7008861023622047
21
0.1816871653543307
0
LINE
8
BLACK
6
CONTINUOUS
10
-0.7008861023622047
20
0.1816871653543307
11
-0.7011085826771654
21
0.181613937007874
0
LINE
8
BLACK
6
CONTINUOUS
10
-0.7011085826771654
20
0.181613937007874
11
-0.7011079527559055
21
0.1816122440944882
0
LINE
8
BLACK
6
CONTINUOUS
10
-0.7011079527559055
20
0.1816122440944882
11
-0.7013138582677165
21
0.1815402362204724
0
LINE
8
BLACK
6
CONTINUOUS
10
-0.7013138582677165
20
0.1815402362204724
11
-0.7033355511811024
21
0.1804716929133858
0
LINE
8
BLACK
6
CONTINUOUS
10
-0.7033355511811024
20
0.1804716929133858
11
-0.7034327559055118
21
0.1804226377952756
0
LINE
8
BLACK
6
CONTINUOUS
10
-0.7034327559055118
20
0.1804226377952756
11
-0.7054939763779527
21
0.17943
0
LINE
8
BLACK
6
CONTINUOUS
10
-0.7054939763779527
20
0.17943
11
-0.7056742913385826
21
0.1793070078740157
0
LINE
8
BLACK
6
CONTINUOUS
10
-0.7056742913385826
20
0.1793070078740157
11
-0.7056752755905512
21
0.1793084645669291
0
LINE
8
BLACK
6
CONTINUOUS
10
-0.7056752755905512
20
0.1793084645669291
11
-0.7058665748031496
21
0.1791727559055118
0
LINE
8
BLACK
6
CONTINUOUS
10
-0.7058665748031496
20
0.1791727559055118
11
-0.7058654724409449
21
0.1791712992125984
0
LINE
8
BLACK
6
CONTINUOUS
10
-0.7058654724409449
20
0.1791712992125984
11
-0.7060411811023621
21
0.1790416929133858
0
LINE
8
BLACK
6
CONTINUOUS
10
-0.7060411811023621
20
0.1790416929133858
11
-0.7076584645669292
21
0.1774244094488189
0
LINE
8
BLACK
6
CONTINUOUS
10
-0.7076584645669292
20
0.1774244094488189
11
-0.7077368897637795
21
0.1773488976377953
0
LINE
8
BLACK
6
CONTINUOUS
10
-0.7077368897637795
20
0.1773488976377953
11
-0.7094133070866142
21
0.1757934251968504
0
LINE
8
BLACK
6
CONTINUOUS
10
-0.7094133070866142
20
0.1757934251968504
11
-0.7095494488188976
21
0.1756226771653543
0
LINE
8
BLACK
6
CONTINUOUS
10
-0.7095494488188976
20
0.1756226771653543
11
-0.7095508661417322
21
0.1756238188976378
0
LINE
8
BLACK
6
CONTINUOUS
10
-0.7095508661417322
20
0.1756238188976378
11
-0.7098536614173229
21
0.1752292125984252
0
LINE
8
BLACK
6
CONTINUOUS
10
-0.7098536614173229
20
0.1752292125984252
11
-0.7169576377952755
21
0.1681252362204724
0
LINE
8
BLACK
6
CONTINUOUS
10
-0.7169576377952755
20
0.1681252362204724
11
-0.7172011417322834
21
0.1679076377952756
0
LINE
8
BLACK
6
CONTINUOUS
10
-0.7172011417322834
20
0.1679076377952756
11
-0.7183845669291339
21
0.1669638188976378
0
LINE
8
BLACK
6
CONTINUOUS
10
-0.7183845669291339
20
0.1669638188976378
11
-0.71838468503937
21
0.1669637007874016
0
LINE
8
BLACK
6
CONTINUOUS
10
-0.71838468503937
20
0.1669637007874016
11
-0.7196733070866141
21
0.1650737007874016
0
LINE
8
BLACK
6
CONTINUOUS
10
-0.7196733070866141
20
0.1650737007874016
11
-0.7197362992125984
21
0.1649849212598425
0
LINE
8
BLACK
6
CONTINUOUS
10
-0.7197362992125984
20
0.1649849212598425
11
-0.7210941732283465
21
0.1631450787401575
0
LINE
8
BLACK
6
CONTINUOUS
10
-0.7210941732283465
20
0.1631450787401575
11
-0.7211961417322834
21
0.1629520472440945
0
LINE
8
BLACK
6
CONTINUOUS
10
-0.7211961417322834
20
0.1629520472440945
11
-0.7211977165354331
21
0.1629529133858268
0
LINE
8
BLACK
6
CONTINUOUS
10
-0.7211977165354331
20
0.1629529133858268
11
-0.7213034251968504
21
0.1627435039370079
0
LINE
8
BLACK
6
CONTINUOUS
10
-0.7213034251968504
20
0.1627435039370079
11
-0.7213018503937008
21
0.1627427165354331
0
LINE
8
BLACK
6
CONTINUOUS
10
-0.7213018503937008
20
0.1627427165354331
11
-0.7213966535433071
21
0.1625459448818898
0
LINE
8
BLACK
6
CONTINUOUS
10
-0.7213966535433071
20
0.1625459448818898
11
-0.7220706692913386
21
0.1603607874015748
0
LINE
8
BLACK
6
CONTINUOUS
10
-0.7220706692913386
20
0.1603607874015748
11
-0.7221046850393701
21
0.1602573622047244
0
LINE
8
BLACK
6
CONTINUOUS
10
-0.7221046850393701
20
0.1602573622047244
11
-0.7228601181102362
21
0.1580984251968504
0
LINE
8
BLACK
6
CONTINUOUS
10
-0.7228601181102362
20
0.1580984251968504
11
-0.7229006299212598
21
0.157884094488189
0
LINE
8
BLACK
6
CONTINUOUS
10
-0.7229006299212598
20
0.157884094488189
11
-0.7229023622047244
21
0.1578844488188976
0
LINE
8
BLACK
6
CONTINUOUS
10
-0.7229023622047244
20
0.1578844488188976
11
-0.7229416535433071
21
0.1576531102362205
0
LINE
8
BLACK
6
CONTINUOUS
10
-0.7229416535433071
20
0.1576531102362205
11
-0.7229399212598425
21
0.1576528346456693
0
LINE
8
BLACK
6
CONTINUOUS
10
-0.7229399212598425
20
0.1576528346456693
11
-0.7229724409448819
21
0.1574370472440945
0
LINE
8
BLACK
6
CONTINUOUS
10
-0.7229724409448819
20
0.1574370472440945
11
-0.7229724409448819
21
0.1551498031496063
0
LINE
8
BLACK
6
CONTINUOUS
10
-0.7229724409448819
20
0.1551498031496063
11
-0.7229744881889764
21
0.1550408267716535
0
LINE
8
BLACK
6
CONTINUOUS
10
-0.7229744881889764
20
0.1550408267716535
11
-0.7230600393700787
21
0.1527557086614173
0
LINE
8
BLACK
6
CONTINUOUS
10
-0.7230600393700787
20
0.1527557086614173
11
-0.7230355511811023
21
0.1525386220472441
0
LINE
8
BLACK
6
CONTINUOUS
10
-0.7230355511811023
20
0.1525386220472441
11
-0.7230374015748031
21
0.1525384251968504
0
LINE
8
BLACK
6
CONTINUOUS
10
-0.7230374015748031
20
0.1525384251968504
11
-0.7229724409448819
21
0.1520451968503937
0
LINE
8
BLACK
6
CONTINUOUS
10
-0.7229724409448819
20
0.1520451968503937
11
-0.7229724409448819
21
-0.203603937007874
0
LINE
8
BLACK
6
CONTINUOUS
10
-0.7229724409448819
20
-0.203603937007874
11
-0.7229907480314961
21
-0.2039301181102362
0
LINE
8
BLACK
6
CONTINUOUS
10
-0.7229907480314961
20
-0.2039301181102362
11
-0.7231602755905512
21
-0.2054344094488189
0
LINE
8
BLACK
6
CONTINUOUS
10
-0.7231602755905512
20
-0.2054344094488189
11
-0.7227349212598425
21
-0.2076823622047244
0
LINE
8
BLACK
6
CONTINUOUS
10
-0.7227349212598425
20
-0.2076823622047244
11
-0.722716968503937
21
-0.207788031496063
0
LINE
8
BLACK
6
CONTINUOUS
10
-0.722716968503937
20
-0.207788031496063
11
-0.722375905511811
21
-0.2100506692913386
0
LINE
8
BLACK
6
CONTINUOUS
10
-0.722375905511811
20
-0.2100506692913386
11
-0.7223758661417322
21
-0.2100508267716535
0
LINE
8
BLACK
6
CONTINUOUS
10
-0.7223758661417322
20
-0.2100508267716535
11
-0.7223115354330708
21
-0.2102594094488189
0
LINE
8
BLACK
6
CONTINUOUS
10
-0.7223115354330708
20
-0.2102594094488189
11
-0.7223133070866141
21
-0.2102599212598425
0
LINE
8
BLACK
6
CONTINUOUS
10
-0.7223133070866141
20
-0.2102599212598425
11
-0.7222400787401575
21
-0.2104824409448819
0
LINE
8
BLACK
6
CONTINUOUS
10
-0.7222400787401575
20
-0.2104824409448819
11
-0.7222383464566929
21
-0.2104818503937008
0
LINE
8
BLACK
6
CONTINUOUS
10
-0.7222383464566929
20
-0.2104818503937008
11
-0.7221662992125985
21
-0.2106877952755905
0
LINE
8
BLACK
6
CONTINUOUS
10
-0.7221662992125985
20
-0.2106877952755905
11
-0.7221662992125985
21
-0.2106878346456693
0
LINE
8
BLACK
6
CONTINUOUS
10
-0.7221662992125985
20
-0.2106878346456693
11
-0.7221662598425197
21
-0.210687874015748
0
LINE
8
BLACK
6
CONTINUOUS
10
-0.7221662598425197
20
-0.210687874015748
11
-0.7212740157480315
21
-0.2123761023622047
0
LINE
8
BLACK
6
CONTINUOUS
10
-0.7212740157480315
20
-0.2123761023622047
11
-0.7210974803149606
21
-0.2127100787401575
0
LINE
8
BLACK
6
CONTINUOUS
10
-0.7210974803149606
20
-0.2127100787401575
11
-0.7210484251968504
21
-0.2128073228346457
0
LINE
8
BLACK
6
CONTINUOUS
10
-0.7210484251968504
20
-0.2128073228346457
11
-0.7200561417322835
21
-0.2148677952755906
0
LINE
8
BLACK
6
CONTINUOUS
10
-0.7200561417322835
20
-0.2148677952755906
11
-0.7199331496062992
21
-0.215048188976378
0
LINE
8
BLACK
6
CONTINUOUS
10
-0.7199331496062992
20
-0.215048188976378
11
-0.7199346456692913
21
-0.2150491732283465
0
LINE
8
BLACK
6
CONTINUOUS
10
-0.7199346456692913
20
-0.2150491732283465
11
-0.7197990551181103
21
-0.2152402362204724
0
LINE
8
BLACK
6
CONTINUOUS
10
-0.7197990551181103
20
-0.2152402362204724
11
-0.7197976377952756
21
-0.2152392125984252
0
LINE
8
BLACK
6
CONTINUOUS
10
-0.7197976377952756
20
-0.2152392125984252
11
-0.719668031496063
21
-0.2154148031496063
0
LINE
8
BLACK
6
CONTINUOUS
10
-0.719668031496063
20
-0.2154148031496063
11
-0.7180506299212598
21
-0.2170322047244095
0
LINE
8
BLACK
6
CONTINUOUS
10
-0.7180506299212598
20
-0.2170322047244095
11
-0.7179750393700787
21
-0.2171106692913386
0
LINE
8
BLACK
6
CONTINUOUS
10
-0.7179750393700787
20
-0.2171106692913386
11
-0.7164194881889764
21
-0.2187871653543307
0
LINE
8
BLACK
6
CONTINUOUS
10
-0.7164194881889764
20
-0.2187871653543307
11
-0.7162488976377953
21
-0.2189231889763779
0
LINE
8
BLACK
6
CONTINUOUS
10
-0.7162488976377953
20
-0.2189231889763779
11
-0.7162500787401574
21
-0.2189246062992126
0
LINE
8
BLACK
6
CONTINUOUS
10
-0.7162500787401574
20
-0.2189246062992126
11
-0.7158553937007874
21
-0.2192274409448819
0
LINE
8
BLACK
6
CONTINUOUS
10
-0.7158553937007874
20
-0.2192274409448819
11
-0.7110027559055118
21
-0.2240800787401575
0
LINE
8
BLACK
6
CONTINUOUS
10
-0.7110027559055118
20
-0.2240800787401575
11
-0.7107853543307087
21
-0.2243233464566929
0
LINE
8
BLACK
6
CONTINUOUS
10
-0.7107853543307087
20
-0.2243233464566929
11
-0.7099648818897638
21
-0.2253521653543307
0
LINE
8
BLACK
6
CONTINUOUS
10
-0.7099648818897638
20
-0.2253521653543307
11
-0.7098414566929133
21
-0.2255069291338583
0
LINE
8
BLACK
6
CONTINUOUS
10
-0.7098414566929133
20
-0.2255069291338583
11
-0.7079508661417323
21
-0.2267959448818898
0
LINE
8
BLACK
6
CONTINUOUS
10
-0.7079508661417323
20
-0.2267959448818898
11
-0.7078625590551181
21
-0.2268585826771654
0
LINE
8
BLACK
6
CONTINUOUS
10
-0.7078625590551181
20
-0.2268585826771654
11
-0.7074293307086614
21
-0.2271783070866142
0
LINE
8
BLACK
6
CONTINUOUS
10
-0.7074293307086614
20
-0.2271783070866142
11
-0.7060227952755905
21
-0.2282163779527559
0
LINE
8
BLACK
6
CONTINUOUS
10
-0.7060227952755905
20
-0.2282163779527559
11
-0.7058298031496063
21
-0.2283183858267716
0
LINE
8
BLACK
6
CONTINUOUS
10
-0.7058298031496063
20
-0.2283183858267716
11
-0.7058307086614173
21
-0.22832
0
LINE
8
BLACK
6
CONTINUOUS
10
-0.7058307086614173
20
-0.22832
11
-0.7056215354330708
21
-0.2284255905511811
0
LINE
8
BLACK
6
CONTINUOUS
10
-0.7056215354330708
20
-0.2284255905511811
11
-0.705620748031496
21
-0.2284239763779528
0
LINE
8
BLACK
6
CONTINUOUS
10
-0.705620748031496
20
-0.2284239763779528
11
-0.7054238976377952
21
-0.2285187795275591
0
LINE
8
BLACK
6
CONTINUOUS
10
-0.7054238976377952
20
-0.2285187795275591
11
-0.7032372440944882
21
-0.2291932677165354
0
LINE
8
BLACK
6
CONTINUOUS
10
-0.7032372440944882
20
-0.2291932677165354
11
-0.7031337401574803
21
-0.2292273228346457
0
LINE
8
BLACK
6
CONTINUOUS
10
-0.7031337401574803
20
-0.2292273228346457
11
-0.7009762598425197
21
-0.2299822834645669
0
LINE
8
BLACK
6
CONTINUOUS
10
-0.7009762598425197
20
-0.2299822834645669
11
-0.7007616929133859
21
-0.230022874015748
0
LINE
8
BLACK
6
CONTINUOUS
10
-0.7007616929133859
20
-0.230022874015748
11
-0.7007620472440945
21
-0.2300246850393701
0
LINE
8
BLACK
6
CONTINUOUS
10
-0.7007620472440945
20
-0.2300246850393701
11
-0.7005311417322835
21
-0.2300638976377953
0
LINE
8
BLACK
6
CONTINUOUS
10
-0.7005311417322835
20
-0.2300638976377953
11
-0.7005308661417323
21
-0.2300620866141732
0
LINE
8
BLACK
6
CONTINUOUS
10
-0.7005308661417323
20
-0.2300620866141732
11
-0.7003149212598425
21
-0.2300946062992126
0
LINE
8
BLACK
6
CONTINUOUS
10
-0.7003149212598425
20
-0.2300946062992126
11
-0.7003148818897638
21
-0.2300946456692913
0
LINE
8
BLACK
6
CONTINUOUS
10
-0.7003148818897638
20
-0.2300946456692913
11
-0.6980275984251968
21
-0.2300946456692913
0
LINE
8
BLACK
6
CONTINUOUS
10
-0.6980275984251968
20
-0.2300946456692913
11
-0.6979186220472441
21
-0.2300966929133858
0
LINE
8
BLACK
6
CONTINUOUS
10
-0.6979186220472441
20
-0.2300966929133858
11
-0.6956335039370078
21
-0.2301822047244095
0
LINE
8
BLACK
6
CONTINUOUS
10
-0.6956335039370078
20
-0.2301822047244095
11
-0.6956334645669291
21
-0.2301821653543307
0
LINE
8
BLACK
6
CONTINUOUS
10
-0.6956334645669291
20
-0.2301821653543307
11
-0.6956333070866142
21
-0.2301822047244095
0
LINE
8
BLACK
6
CONTINUOUS
10
-0.6956333070866142
20
-0.2301822047244095
11
-0.6956331889763779
21
-0.2301821653543307
0
LINE
8
BLACK
6
CONTINUOUS
10
-0.6956331889763779
20
-0.2301821653543307
11
-0.6954164173228347
21
-0.2301577559055118
0
LINE
8
BLACK
6
CONTINUOUS
10
-0.6954164173228347
20
-0.2301577559055118
11
-0.6954162204724409
21
-0.2301595669291339
0
LINE
8
BLACK
6
CONTINUOUS
10
-0.6954162204724409
20
-0.2301595669291339
11
-0.6949229921259842
21
-0.2300946456692913
0
LINE
8
BLACK
6
CONTINUOUS
10
-0.6949229921259842
20
-0.2300946456692913
11
-0.6885229921259842
21
-0.2300946456692913
0
LINE
8
BLACK
6
CONTINUOUS
10
-0.6885229921259842
20
-0.2300946456692913
11
-0.6872434645669291
21
-0.2303906692913386
0
LINE
8
BLACK
6
CONTINUOUS
10
-0.6872434645669291
20
-0.2303906692913386
11
-0.6853403543307086
21
-0.2313210236220472
0
LINE
8
BLACK
6
CONTINUOUS
10
-0.6853403543307086
20
-0.2313210236220472
11
-0.6846217716535433
21
-0.2316723228346457
0
LINE
8
BLACK
6
CONTINUOUS
10
-0.6846217716535433
20
-0.2316723228346457
11
-0.6819393700787402
21
-0.2320631496062992
0
LINE
8
BLACK
6
CONTINUOUS
10
-0.6819393700787402
20
-0.2320631496062992
11
-0.6819391338582677
21
-0.2320631496062992
0
LINE
8
BLACK
6
CONTINUOUS
10
-0.6819391338582677
20
-0.2320631496062992
11
-0.6242025984251969
21
-0.2320631496062992
0
LINE
8
BLACK
6
CONTINUOUS
10
-0.6242025984251969
20
-0.2320631496062992
11
-0.6242023622047244
21
-0.2320631496062992
0
LINE
8
BLACK
6
CONTINUOUS
10
-0.6242023622047244
20
-0.2320631496062992
11
-0.6215199606299212
21
-0.2316723228346457
0
LINE
8
BLACK
6
CONTINUOUS
10
-0.6215199606299212
20
-0.2316723228346457
11
-0.6188982677165354
21
-0.2303906692913386
0
LINE
8
BLACK
6
CONTINUOUS
10
-0.6188982677165354
20
-0.2303906692913386
11
-0.6176187401574803
21
-0.2300946456692913
0
LINE
8
BLACK
6
CONTINUOUS
10
-0.6176187401574803
20
-0.2300946456692913
11
-0.6035182283464566
21
-0.2300946456692913
0
LINE
8
BLACK
6
CONTINUOUS
10
-0.6035182283464566
20
-0.2300946456692913
11
-0.6031920472440945
21
-0.2301129527559055
0
LINE
8
BLACK
6
CONTINUOUS
10
-0.6031920472440945
20
-0.2301129527559055
11
-0.6016877559055118
21
-0.2302824409448819
0
LINE
8
BLACK
6
CONTINUOUS
10
-0.6016877559055118
20
-0.2302824409448819
11
-0.5994396456692913
21
-0.2298570078740158
0
LINE
8
BLACK
6
CONTINUOUS
10
-0.5994396456692913
20
-0.2298570078740158
11
-0.5993336614173228
21
-0.2298390157480315
0
LINE
8
BLACK
6
CONTINUOUS
10
-0.5993336614173228
20
-0.2298390157480315
11
-0.5970715354330709
21
-0.2294981102362205
0
LINE
8
BLACK
6
CONTINUOUS
10
-0.5970715354330709
20
-0.2294981102362205
11
-0.5970714173228346
21
-0.229498031496063
0
LINE
8
BLACK
6
CONTINUOUS
10
-0.5970714173228346
20
-0.229498031496063
11
-0.5968627559055117
21
-0.2294337007874016
0
LINE
8
BLACK
6
CONTINUOUS
10
-0.5968627559055117
20
-0.2294337007874016
11
-0.5968622047244094
21
-0.2294355511811024
0
LINE
8
BLACK
6
CONTINUOUS
10
-0.5968622047244094
20
-0.2294355511811024
11
-0.596639842519685
21
-0.2293623622047244
0
LINE
8
BLACK
6
CONTINUOUS
10
-0.596639842519685
20
-0.2293623622047244
11
-0.5966404330708661
21
-0.2293605905511811
0
LINE
8
BLACK
6
CONTINUOUS
10
-0.5966404330708661
20
-0.2293605905511811
11
-0.5964342913385826
21
-0.2292884645669291
0
LINE
8
BLACK
6
CONTINUOUS
10
-0.5964342913385826
20
-0.2292884645669291
11
-0.5947987007874016
21
-0.2284239763779528
0
LINE
8
BLACK
6
CONTINUOUS
10
-0.5947987007874016
20
-0.2284239763779528
11
-0.5944110236220472
21
-0.2282190551181102
0
LINE
8
BLACK
6
CONTINUOUS
10
-0.5944110236220472
20
-0.2282190551181102
11
-0.5943159842519685
21
-0.2281710236220472
0
LINE
8
BLACK
6
CONTINUOUS
10
-0.5943159842519685
20
-0.2281710236220472
11
-0.5922544094488189
21
-0.2271783070866142
0
LINE
8
BLACK
6
CONTINUOUS
10
-0.5922544094488189
20
-0.2271783070866142
11
-0.5922542519685039
21
-0.2271781496062992
0
LINE
8
BLACK
6
CONTINUOUS
10
-0.5922542519685039
20
-0.2271781496062992
11
-0.5920740944881889
21
-0.2270553543307087
0
LINE
8
BLACK
6
CONTINUOUS
10
-0.5920740944881889
20
-0.2270553543307087
11
-0.5920730708661417
21
-0.2270568897637795
0
LINE
8
BLACK
6
CONTINUOUS
10
-0.5920730708661417
20
-0.2270568897637795
11
-0.591881968503937
21
-0.2269212992125984
0
LINE
8
BLACK
6
CONTINUOUS
10
-0.591881968503937
20
-0.2269212992125984
11
-0.591883031496063
21
-0.226919842519685
0
LINE
8
BLACK
6
CONTINUOUS
10
-0.591883031496063
20
-0.226919842519685
11
-0.5917076377952756
21
-0.2267902755905512
0
LINE
8
BLACK
6
CONTINUOUS
10
-0.5917076377952756
20
-0.2267902755905512
11
-0.5917073228346457
21
-0.2267901574803149
0
LINE
8
BLACK
6
CONTINUOUS
10
-0.5917073228346457
20
-0.2267901574803149
11
-0.5908891338582677
21
-0.2259718897637795
0
LINE
8
BLACK
6
CONTINUOUS
10
-0.5908891338582677
20
-0.2259718897637795
11
-0.5900900393700788
21
-0.225172874015748
0
LINE
8
BLACK
6
CONTINUOUS
10
-0.5900900393700788
20
-0.225172874015748
11
-0.5900115354330708
21
-0.2250972440944882
0
LINE
8
BLACK
6
CONTINUOUS
10
-0.5900115354330708
20
-0.2250972440944882
11
-0.5883350393700787
21
-0.2235416929133858
0
LINE
8
BLACK
6
CONTINUOUS
10
-0.5883350393700787
20
-0.2235416929133858
11
-0.5881988582677166
21
-0.2233709448818898
0
LINE
8
BLACK
6
CONTINUOUS
10
-0.5881988582677166
20
-0.2233709448818898
11
-0.5881974409448819
21
-0.2233720472440945
0
LINE
8
BLACK
6
CONTINUOUS
10
-0.5881974409448819
20
-0.2233720472440945
11
-0.5878948031496063
21
-0.2229775590551181
0
LINE
8
BLACK
6
CONTINUOUS
10
-0.5878948031496063
20
-0.2229775590551181
11
-0.5470299606299213
21
-0.1821126771653543
0
LINE
8
BLACK
6
CONTINUOUS
10
-0.5470299606299213
20
-0.1821126771653543
11
-0.5282782283464567
21
-0.1633609448818898
0
LINE
8
BLACK
6
CONTINUOUS
10
-0.5282782283464567
20
-0.1633609448818898
11
-0.5280357086614174
21
-0.1631442125984252
0
LINE
8
BLACK
6
CONTINUOUS
10
-0.5280357086614174
20
-0.1631442125984252
11
-0.5268515748031496
21
-0.1621999606299213
0
LINE
8
BLACK
6
CONTINUOUS
10
-0.5268515748031496
20
-0.1621999606299213
11
-0.5255623228346457
21
-0.1603088976377953
0
LINE
8
BLACK
6
CONTINUOUS
10
-0.5255623228346457
20
-0.1603088976377953
11
-0.525501220472441
21
-0.1602227165354331
0
LINE
8
BLACK
6
CONTINUOUS
10
-0.525501220472441
20
-0.1602227165354331
11
-0.5241420078740158
21
-0.1583811811023622
0
LINE
8
BLACK
6
CONTINUOUS
10
-0.5241420078740158
20
-0.1583811811023622
11
-0.5241419291338583
21
-0.1583809842519685
0
LINE
8
BLACK
6
CONTINUOUS
10
-0.5241419291338583
20
-0.1583809842519685
11
-0.5240399212598426
21
-0.158188031496063
0
LINE
8
BLACK
6
CONTINUOUS
10
-0.5240399212598426
20
-0.158188031496063
11
-0.5240382283464566
21
-0.158188937007874
0
LINE
8
BLACK
6
CONTINUOUS
10
-0.5240382283464566
20
-0.158188937007874
11
-0.5239326771653543
21
-0.157979842519685
0
LINE
8
BLACK
6
CONTINUOUS
10
-0.5239326771653543
20
-0.157979842519685
11
-0.5239344094488189
21
-0.1579790157480315
0
LINE
8
BLACK
6
CONTINUOUS
10
-0.5239344094488189
20
-0.1579790157480315
11
-0.5238398818897637
21
-0.1577826771653543
0
LINE
8
BLACK
6
CONTINUOUS
10
-0.5238398818897637
20
-0.1577826771653543
11
-0.5238396850393701
21
-0.1577824015748031
0
LINE
8
BLACK
6
CONTINUOUS
10
-0.5238396850393701
20
-0.1577824015748031
11
-0.5231652362204724
21
-0.1555957480314961
0
LINE
8
BLACK
6
CONTINUOUS
10
-0.5231652362204724
20
-0.1555957480314961
11
-0.5231315354330709
21
-0.1554932283464567
0
LINE
8
BLACK
6
CONTINUOUS
10
-0.5231315354330709
20
-0.1554932283464567
11
-0.5223761417322834
21
-0.1533346062992126
0
LINE
8
BLACK
6
CONTINUOUS
10
-0.5223761417322834
20
-0.1533346062992126
11
-0.5223761417322834
21
-0.1533344488188976
0
LINE
8
BLACK
6
CONTINUOUS
10
-0.5223761417322834
20
-0.1533344488188976
11
-0.5223355511811023
21
-0.1531200787401575
0
LINE
8
BLACK
6
CONTINUOUS
10
-0.5223355511811023
20
-0.1531200787401575
11
-0.5223337401574804
21
-0.1531203937007874
0
LINE
8
BLACK
6
CONTINUOUS
10
-0.5223337401574804
20
-0.1531203937007874
11
-0.5222945275590551
21
-0.1528894094488189
0
LINE
8
BLACK
6
CONTINUOUS
10
-0.5222945275590551
20
-0.1528894094488189
11
-0.5222963385826771
21
-0.1528891338582677
0
LINE
8
BLACK
6
CONTINUOUS
10
-0.5222963385826771
20
-0.1528891338582677
11
-0.5222637795275591
21
-0.1526731889763779
0
LINE
8
BLACK
6
CONTINUOUS
10
-0.5222637795275591
20
-0.1526731889763779
11
-0.5222637795275591
21
-0.1503865748031496
0
LINE
8
BLACK
6
CONTINUOUS
10
-0.5222637795275591
20
-0.1503865748031496
11
-0.5222617322834645
21
-0.1502775984251968
0
LINE
8
BLACK
6
CONTINUOUS
10
-0.5222617322834645
20
-0.1502775984251968
11
-0.5221761811023622
21
-0.1479918897637795
0
LINE
8
BLACK
6
CONTINUOUS
10
-0.5221761811023622
20
-0.1479918897637795
11
-0.5222006299212598
21
-0.1477748031496063
0
LINE
8
BLACK
6
CONTINUOUS
10
-0.5222006299212598
20
-0.1477748031496063
11
-0.5221988582677165
21
-0.1477745669291338
0
LINE
8
BLACK
6
CONTINUOUS
10
-0.5221988582677165
20
-0.1477745669291338
11
-0.5222637795275591
21
-0.1472811811023622
0
LINE
8
BLACK
6
CONTINUOUS
10
-0.5222637795275591
20
-0.1472811811023622
11
-0.5222637795275591
21
-0.1385533070866142
0
LINE
8
BLACK
6
CONTINUOUS
10
-0.5222637795275591
20
-0.1385533070866142
11
-0.5215821653543307
21
-0.1366806299212598
0
LINE
8
BLACK
6
CONTINUOUS
10
-0.5215821653543307
20
-0.1366806299212598
11
-0.521410905511811
21
-0.1364936614173228
0
LINE
8
BLACK
6
CONTINUOUS
10
-0.521410905511811
20
-0.1364936614173228
11
-0.379105
21
0.0058122834645669
0
LINE
8
BLACK
6
CONTINUOUS
10
-0.379105
20
0.0058122834645669
11
-0.3788624803149606
21
0.0060290157480315
0
LINE
8
BLACK
6
CONTINUOUS
10
-0.3788624803149606
20
0.0060290157480315
11
-0.3776783464566929
21
0.0069732677165354
0
LINE
8
BLACK
6
CONTINUOUS
10
-0.3776783464566929
20
0.0069732677165354
11
-0.376389094488189
21
0.0088643307086614
0
LINE
8
BLACK
6
CONTINUOUS
10
-0.376389094488189
20
0.0088643307086614
11
-0.3763279921259842
21
0.0089505118110236
0
LINE
8
BLACK
6
CONTINUOUS
10
-0.3763279921259842
20
0.0089505118110236
11
-0.374968779527559
21
0.0107920472440945
0
LINE
8
BLACK
6
CONTINUOUS
10
-0.374968779527559
20
0.0107920472440945
11
-0.3749687007874016
21
0.0107922440944882
0
LINE
8
BLACK
6
CONTINUOUS
10
-0.3749687007874016
20
0.0107922440944882
11
-0.3748666929133858
21
0.0109851968503937
0
LINE
8
BLACK
6
CONTINUOUS
10
-0.3748666929133858
20
0.0109851968503937
11
-0.374865
21
0.0109842913385827
0
LINE
8
BLACK
6
CONTINUOUS
10
-0.374865
20
0.0109842913385827
11
-0.3747594488188976
21
0.0111933858267717
0
LINE
8
BLACK
6
CONTINUOUS
10
-0.3747594488188976
20
0.0111933858267717
11
-0.3747611811023622
21
0.0111942125984252
0
LINE
8
BLACK
6
CONTINUOUS
10
-0.3747611811023622
20
0.0111942125984252
11
-0.3746666535433071
21
0.0113905511811024
0
LINE
8
BLACK
6
CONTINUOUS
10
-0.3746666535433071
20
0.0113905511811024
11
-0.3746664566929134
21
0.0113908267716535
0
LINE
8
BLACK
6
CONTINUOUS
10
-0.3746664566929134
20
0.0113908267716535
11
-0.3739919291338583
21
0.0135777952755906
0
LINE
8
BLACK
6
CONTINUOUS
10
-0.3739919291338583
20
0.0135777952755906
11
-0.3739579527559055
21
0.0136808661417323
0
LINE
8
BLACK
6
CONTINUOUS
10
-0.3739579527559055
20
0.0136808661417323
11
-0.3732029133858268
21
0.0158385826771654
0
LINE
8
BLACK
6
CONTINUOUS
10
-0.3732029133858268
20
0.0158385826771654
11
-0.3731623228346457
21
0.0160531102362205
0
LINE
8
BLACK
6
CONTINUOUS
10
-0.3731623228346457
20
0.0160531102362205
11
-0.3731605118110236
21
0.0160527952755906
0
LINE
8
BLACK
6
CONTINUOUS
10
-0.3731605118110236
20
0.0160527952755906
11
-0.3731212992125984
21
0.0162838188976378
0
LINE
8
BLACK
6
CONTINUOUS
10
-0.3731212992125984
20
0.0162838188976378
11
-0.3731231102362205
21
0.016284094488189
0
LINE
8
BLACK
6
CONTINUOUS
10
-0.3731231102362205
20
0.016284094488189
11
-0.3730905511811023
21
0.0165000393700787
0
LINE
8
BLACK
6
CONTINUOUS
10
-0.3730905511811023
20
0.0165000393700787
11
-0.3730905511811023
21
0.0187872834645669
0
LINE
8
BLACK
6
CONTINUOUS
10
-0.3730905511811023
20
0.0187872834645669
11
-0.3730885039370079
21
0.0188962598425197
0
LINE
8
BLACK
6
CONTINUOUS
10
-0.3730885039370079
20
0.0188962598425197
11
-0.3730029921259843
21
0.0211814960629921
0
LINE
8
BLACK
6
CONTINUOUS
10
-0.3730029921259843
20
0.0211814960629921
11
-0.3730274015748031
21
0.0213982677165354
0
LINE
8
BLACK
6
CONTINUOUS
10
-0.3730274015748031
20
0.0213982677165354
11
-0.3730256299212598
21
0.0213985039370079
0
LINE
8
BLACK
6
CONTINUOUS
10
-0.3730256299212598
20
0.0213985039370079
11
-0.3730905511811023
21
0.021891811023622
0
LINE
8
BLACK
6
CONTINUOUS
10
-0.3730905511811023
20
0.021891811023622
11
-0.3730905511811023
21
0.1524638188976378
0
LINE
8
BLACK
6
CONTINUOUS
10
-0.3730905511811023
20
0.1524638188976378
11
-0.3726664173228346
21
0.1539775590551181
0
LINE
8
BLACK
6
CONTINUOUS
10
-0.3726664173228346
20
0.1539775590551181
11
-0.3707609448818898
21
0.1571109448818898
0
LINE
8
BLACK
6
CONTINUOUS
10
-0.3707609448818898
20
0.1571109448818898
11
-0.3691827559055118
21
0.1627435039370079
0
LINE
8
BLACK
6
CONTINUOUS
10
-0.3691827559055118
20
0.1627435039370079
11
-0.3691535433070866
21
0.1628477952755905
0
LINE
8
BLACK
6
CONTINUOUS
10
-0.3691535433070866
20
0.1628477952755905
11
-0.3691535433070866
21
0.2373407874015748
0
LINE
8
BLACK
6
CONTINUOUS
10
-0.3691535433070866
20
0.2373407874015748
11
-0.3684719291338582
21
0.2392134645669291
0
LINE
8
BLACK
6
CONTINUOUS
10
-0.3684719291338582
20
0.2392134645669291
11
-0.3683006692913386
21
0.2394004724409449
0
LINE
8
BLACK
6
CONTINUOUS
10
-0.3683006692913386
20
0.2394004724409449
11
-0.3649143700787402
21
0.2427867322834646
0
LINE
8
BLACK
6
CONTINUOUS
10
-0.3649143700787402
20
0.2427867322834646
11
-0.3631082677165354
21
0.2436288976377953
0
LINE
8
BLACK
6
CONTINUOUS
10
-0.3631082677165354
20
0.2436288976377953
11
-0.3611832677165354
21
0.2431131102362205
0
LINE
8
BLACK
6
CONTINUOUS
10
-0.3611832677165354
20
0.2431131102362205
11
-0.3600401968503937
21
0.2414806692913386
0
LINE
8
BLACK
6
CONTINUOUS
10
-0.3600401968503937
20
0.2414806692913386
11
-0.3599409448818898
21
0.2407266141732284
0
LINE
8
BLACK
6
CONTINUOUS
10
-0.3599409448818898
20
0.2407266141732284
11
-0.3599409448818898
21
0.1643440157480315
0
LINE
8
BLACK
6
CONTINUOUS
10
-0.3599409448818898
20
0.1643440157480315
11
-0.3593335039370079
21
0.1599245669291338
0
LINE
8
BLACK
6
CONTINUOUS
10
-0.3593335039370079
20
0.1599245669291338
11
-0.3593334645669291
21
0.1599244094488189
0
LINE
8
BLACK
6
CONTINUOUS
10
-0.3593334645669291
20
0.1599244094488189
11
-0.356959842519685
21
0.154459842519685
0
LINE
8
BLACK
6
CONTINUOUS
10
-0.356959842519685
20
0.154459842519685
11
-0.3531999212598425
21
0.1498382677165354
0
LINE
8
BLACK
6
CONTINUOUS
10
-0.3531999212598425
20
0.1498382677165354
11
-0.3483325590551181
21
0.1464024803149606
0
LINE
8
BLACK
6
CONTINUOUS
10
-0.3483325590551181
20
0.1464024803149606
11
-0.3427187401574803
21
0.1444073228346457
0
LINE
8
BLACK
6
CONTINUOUS
10
-0.3427187401574803
20
0.1444073228346457
11
-0.3382607874015748
21
0.1441024015748031
0
LINE
8
BLACK
6
CONTINUOUS
10
-0.3382607874015748
20
0.1441024015748031
11
-0.336774842519685
21
0.1440007480314961
0
LINE
8
BLACK
6
CONTINUOUS
10
-0.336774842519685
20
0.1440007480314961
11
-0.336774842519685
21
0.1440007874015748
0
LINE
8
BLACK
6
CONTINUOUS
10
-0.336774842519685
20
0.1440007874015748
11
-0.3367747637795275
21
0.1440007480314961
0
LINE
8
BLACK
6
CONTINUOUS
10
-0.3367747637795275
20
0.1440007480314961
11
-0.3309415354330709
21
0.1452129133858268
0
LINE
8
BLACK
6
CONTINUOUS
10
-0.3309415354330709
20
0.1452129133858268
11
-0.3256516929133858
21
0.1479538976377953
0
LINE
8
BLACK
6
CONTINUOUS
10
-0.3256516929133858
20
0.1479538976377953
11
-0.3212974803149606
21
0.1520204724409449
0
LINE
8
BLACK
6
CONTINUOUS
10
-0.3212974803149606
20
0.1520204724409449
11
-0.3182018897637795
21
0.1571109448818898
0
LINE
8
BLACK
6
CONTINUOUS
10
-0.3182018897637795
20
0.1571109448818898
11
-0.3174584251968504
21
0.1597645669291338
0
LINE
8
BLACK
6
CONTINUOUS
10
-0.3174584251968504
20
0.1597645669291338
11
-0.3162968503937008
21
0.1613838188976378
0
LINE
8
BLACK
6
CONTINUOUS
10
-0.3162968503937008
20
0.1613838188976378
11
-0.3143661417322834
21
0.1618776771653543
0
LINE
8
BLACK
6
CONTINUOUS
10
-0.3143661417322834
20
0.1618776771653543
11
-0.31256968503937
21
0.1610149606299213
0
LINE
8
BLACK
6
CONTINUOUS
10
-0.31256968503937
20
0.1610149606299213
11
-0.3120305511811023
21
0.1600817716535433
0
LINE
8
BLACK
6
CONTINUOUS
10
-0.3120305511811023
20
0.1600817716535433
11
-0.3119718897637795
21
0.1601072047244095
0
LINE
8
BLACK
6
CONTINUOUS
10
-0.3119718897637795
20
0.1601072047244095
11
-0.3118925590551181
21
0.1599245669291338
0
LINE
8
BLACK
6
CONTINUOUS
10
-0.3118925590551181
20
0.1599245669291338
11
-0.3118925196850393
21
0.1599244094488189
0
LINE
8
BLACK
6
CONTINUOUS
10
-0.3118925196850393
20
0.1599244094488189
11
-0.3107938188976378
21
0.1573949606299213
0
LINE
8
BLACK
6
CONTINUOUS
10
-0.3107938188976378
20
0.1573949606299213
11
-0.3096287401574803
21
0.1547126771653543
0
LINE
8
BLACK
6
CONTINUOUS
10
-0.3096287401574803
20
0.1547126771653543
11
-0.3095188976377953
21
0.154459842519685
0
LINE
8
BLACK
6
CONTINUOUS
10
-0.3095188976377953
20
0.154459842519685
11
-0.3092164566929134
21
0.1540880708661417
0
LINE
8
BLACK
6
CONTINUOUS
10
-0.3092164566929134
20
0.1540880708661417
11
-0.3085629921259843
21
0.1522494881889764
0
LINE
8
BLACK
6
CONTINUOUS
10
-0.3085629921259843
20
0.1522494881889764
11
-0.3085629921259843
21
0.1156330708661417
0
LINE
8
BLACK
6
CONTINUOUS
10
-0.3085629921259843
20
0.1156330708661417
11
-0.309165
21
0.1138595669291339
0
LINE
8
BLACK
6
CONTINUOUS
10
-0.309165
20
0.1138595669291339
11
-0.3106509842519685
21
0.1119229527559055
0
LINE
8
BLACK
6
CONTINUOUS
10
-0.3106509842519685
20
0.1119229527559055
11
-0.3106510236220472
21
0.1119229527559055
0
LINE
8
BLACK
6
CONTINUOUS
10
-0.3106510236220472
20
0.1119229527559055
11
-0.3130332677165354
21
0.1061717322834646
0
LINE
8
BLACK
6
CONTINUOUS
10
-0.3130332677165354
20
0.1061717322834646
11
-0.3130332677165354
21
0.1061716929133858
0
LINE
8
BLACK
6
CONTINUOUS
10
-0.3130332677165354
20
0.1061716929133858
11
-0.3138457480314961
21
0.1
0
LINE
8
BLACK
6
CONTINUOUS
10
-0.3138457480314961
20
0.1
11
-0.3130332677165354
21
0.0938283464566929
0
LINE
8
BLACK
6
CONTINUOUS
10
-0.3130332677165354
20
0.0938283464566929
11
-0.3130332677165354
21
0.0938283070866142
0
LINE
8
BLACK
6
CONTINUOUS
10
-0.3130332677165354
20
0.0938283070866142
11
-0.3106510236220472
21
0.088077125984252
0
LINE
8
BLACK
6
CONTINUOUS
10
-0.3106510236220472
20
0.088077125984252
11
-0.3068616141732283
21
0.0831386220472441
0
LINE
8
BLACK
6
CONTINUOUS
10
-0.3068616141732283
20
0.0831386220472441
11
-0.3068614173228346
21
0.0831384251968504
0
LINE
8
BLACK
6
CONTINUOUS
10
-0.3068614173228346
20
0.0831384251968504
11
-0.3038394094488189
21
0.0808195669291339
0
LINE
8
BLACK
6
CONTINUOUS
10
-0.3038394094488189
20
0.0808195669291339
11
-0.301922874015748
21
0.0793489763779528
0
LINE
8
BLACK
6
CONTINUOUS
10
-0.301922874015748
20
0.0793489763779528
11
-0.2961717322834646
21
0.0769667716535433
0
LINE
8
BLACK
6
CONTINUOUS
10
-0.2961717322834646
20
0.0769667716535433
11
-0.29
21
0.0761542519685039
0
LINE
8
BLACK
6
CONTINUOUS
10
-0.29
20
0.0761542519685039
11
-0.2838282677165354
21
0.0769667716535433
0
LINE
8
BLACK
6
CONTINUOUS
10
-0.2838282677165354
20
0.0769667716535433
11
-0.2780771259842519
21
0.0793489763779528
0
LINE
8
BLACK
6
CONTINUOUS
10
-0.2780771259842519
20
0.0793489763779528
11
-0.2731385039370079
21
0.0831385039370079
0
LINE
8
BLACK
6
CONTINUOUS
10
-0.2731385039370079
20
0.0831385039370079
11
-0.2693489763779527
21
0.088077125984252
0
LINE
8
BLACK
6
CONTINUOUS
10
-0.2693489763779527
20
0.088077125984252
11
-0.2669667716535433
21
0.0938282677165354
0
LINE
8
BLACK
6
CONTINUOUS
10
-0.2669667716535433
20
0.0938282677165354
11
-0.266154251968504
21
0.1
0
LINE
8
BLACK
6
CONTINUOUS
10
-0.266154251968504
20
0.1
11
-0.2669667716535433
21
0.1061717322834646
0
LINE
8
BLACK
6
CONTINUOUS
10
-0.2669667716535433
20
0.1061717322834646
11
-0.2693489763779527
21
0.111922874015748
0
LINE
8
BLACK
6
CONTINUOUS
10
-0.2693489763779527
20
0.111922874015748
11
-0.2713374015748031
21
0.1145142519685039
0
LINE
8
BLACK
6
CONTINUOUS
10
-0.2713374015748031
20
0.1145142519685039
11
-0.2724885039370079
21
0.1160144488188976
0
LINE
8
BLACK
6
CONTINUOUS
10
-0.2724885039370079
20
0.1160144488188976
11
-0.2730905511811024
21
0.1177879921259842
0
LINE
8
BLACK
6
CONTINUOUS
10
-0.2730905511811024
20
0.1177879921259842
11
-0.2730905511811024
21
0.1524638188976378
0
LINE
8
BLACK
6
CONTINUOUS
10
-0.2730905511811024
20
0.1524638188976378
11
-0.2726664173228346
21
0.1539775590551181
0
LINE
8
BLACK
6
CONTINUOUS
10
-0.2726664173228346
20
0.1539775590551181
11
-0.2707609448818897
21
0.1571109448818898
0
LINE
8
BLACK
6
CONTINUOUS
10
-0.2707609448818897
20
0.1571109448818898
11
-0.2691827559055118
21
0.1627435039370079
0
LINE
8
BLACK
6
CONTINUOUS
10
-0.2691827559055118
20
0.1627435039370079
11
-0.2691535433070866
21
0.1628477952755905
0
LINE
8
BLACK
6
CONTINUOUS
10
-0.2691535433070866
20
0.1628477952755905
11
-0.2691535433070866
21
0.1825787401574803
0
LINE
8
BLACK
6
CONTINUOUS
10
-0.2691535433070866
20
0.1825787401574803
11
-0.2684719291338583
21
0.1844514173228347
0
LINE
8
BLACK
6
CONTINUOUS
10
-0.2684719291338583
20
0.1844514173228347
11
-0.266746062992126
21
0.185447874015748
0
LINE
8
BLACK
6
CONTINUOUS
10
-0.266746062992126
20
0.185447874015748
11
-0.2662401574803149
21
0.185492125984252
0
LINE
8
BLACK
6
CONTINUOUS
10
-0.2662401574803149
20
0.185492125984252
11
-0.264896062992126
21
0.185492125984252
0
LINE
8
BLACK
6
CONTINUOUS
10
-0.264896062992126
20
0.185492125984252
11
-0.2630233858267716
21
0.1848105118110236
0
LINE
8
BLACK
6
CONTINUOUS
10
-0.2630233858267716
20
0.1848105118110236
11
-0.2628359842519685
21
0.1846388188976378
0
LINE
8
BLACK
6
CONTINUOUS
10
-0.2628359842519685
20
0.1846388188976378
11
-0.2298731496062992
21
0.1516760236220472
0
LINE
8
BLACK
6
CONTINUOUS
10
-0.2298731496062992
20
0.1516760236220472
11
-0.229655748031496
21
0.1514327559055118
0
LINE
8
BLACK
6
CONTINUOUS
10
-0.229655748031496
20
0.1514327559055118
11
-0.2287117716535433
21
0.1502490551181102
0
LINE
8
BLACK
6
CONTINUOUS
10
-0.2287117716535433
20
0.1502490551181102
11
-0.2268213779527559
21
0.1489601968503937
0
LINE
8
BLACK
6
CONTINUOUS
10
-0.2268213779527559
20
0.1489601968503937
11
-0.2267325196850394
21
0.148897125984252
0
LINE
8
BLACK
6
CONTINUOUS
10
-0.2267325196850394
20
0.148897125984252
11
-0.2248929921259842
21
0.1475394881889764
0
LINE
8
BLACK
6
CONTINUOUS
10
-0.2248929921259842
20
0.1475394881889764
11
-0.2246999212598425
21
0.1474374409448819
0
LINE
8
BLACK
6
CONTINUOUS
10
-0.2246999212598425
20
0.1474374409448819
11
-0.2247008267716535
21
0.1474357874015748
0
LINE
8
BLACK
6
CONTINUOUS
10
-0.2247008267716535
20
0.1474357874015748
11
-0.2244917322834646
21
0.1473302755905512
0
LINE
8
BLACK
6
CONTINUOUS
10
-0.2244917322834646
20
0.1473302755905512
11
-0.2244909448818898
21
0.1473318897637795
0
LINE
8
BLACK
6
CONTINUOUS
10
-0.2244909448818898
20
0.1473318897637795
11
-0.2242944094488189
21
0.1472372440944882
0
LINE
8
BLACK
6
CONTINUOUS
10
-0.2242944094488189
20
0.1472372440944882
11
-0.2242942913385827
21
0.1472372047244094
0
LINE
8
BLACK
6
CONTINUOUS
10
-0.2242942913385827
20
0.1472372047244094
11
-0.2242942125984252
21
0.1472371653543307
0
LINE
8
BLACK
6
CONTINUOUS
10
-0.2242942125984252
20
0.1472371653543307
11
-0.2225632677165354
21
0.1467032677165354
0
LINE
8
BLACK
6
CONTINUOUS
10
-0.2225632677165354
20
0.1467032677165354
11
-0.2221075984251968
21
0.1465627165354331
0
LINE
8
BLACK
6
CONTINUOUS
10
-0.2221075984251968
20
0.1465627165354331
11
-0.2220040551181102
21
0.1465286220472441
0
LINE
8
BLACK
6
CONTINUOUS
10
-0.2220040551181102
20
0.1465286220472441
11
-0.2198464566929134
21
0.1457736220472441
0
LINE
8
BLACK
6
CONTINUOUS
10
-0.2198464566929134
20
0.1457736220472441
11
-0.2196318897637795
21
0.145733031496063
0
LINE
8
BLACK
6
CONTINUOUS
10
-0.2196318897637795
20
0.145733031496063
11
-0.2196322440944882
21
0.1457312204724409
0
LINE
8
BLACK
6
CONTINUOUS
10
-0.2196322440944882
20
0.1457312204724409
11
-0.2194013779527559
21
0.1456920078740157
0
LINE
8
BLACK
6
CONTINUOUS
10
-0.2194013779527559
20
0.1456920078740157
11
-0.2194011023622047
21
0.1456938188976378
0
LINE
8
BLACK
6
CONTINUOUS
10
-0.2194011023622047
20
0.1456938188976378
11
-0.2191851574803149
21
0.1456612992125984
0
LINE
8
BLACK
6
CONTINUOUS
10
-0.2191851574803149
20
0.1456612992125984
11
-0.2191851181102362
21
0.1456612598425197
0
LINE
8
BLACK
6
CONTINUOUS
10
-0.2191851181102362
20
0.1456612598425197
11
-0.2168984251968504
21
0.1456612598425197
0
LINE
8
BLACK
6
CONTINUOUS
10
-0.2168984251968504
20
0.1456612598425197
11
-0.2167894488188976
21
0.1456592125984252
0
LINE
8
BLACK
6
CONTINUOUS
10
-0.2167894488188976
20
0.1456592125984252
11
-0.2145037401574803
21
0.1455736614173228
0
LINE
8
BLACK
6
CONTINUOUS
10
-0.2145037401574803
20
0.1455736614173228
11
-0.2145037007874016
21
0.1455737007874016
0
LINE
8
BLACK
6
CONTINUOUS
10
-0.2145037007874016
20
0.1455737007874016
11
-0.2145035433070866
21
0.1455736614173228
0
LINE
8
BLACK
6
CONTINUOUS
10
-0.2145035433070866
20
0.1455736614173228
11
-0.2145034251968504
21
0.1455737007874016
0
LINE
8
BLACK
6
CONTINUOUS
10
-0.2145034251968504
20
0.1455737007874016
11
-0.2142866141732283
21
0.1455981102362205
0
LINE
8
BLACK
6
CONTINUOUS
10
-0.2142866141732283
20
0.1455981102362205
11
-0.2142864173228346
21
0.1455963385826771
0
LINE
8
BLACK
6
CONTINUOUS
10
-0.2142864173228346
20
0.1455963385826771
11
-0.213793031496063
21
0.1456612598425197
0
LINE
8
BLACK
6
CONTINUOUS
10
-0.213793031496063
20
0.1456612598425197
11
-0.1968414566929134
21
0.1456612598425197
0
LINE
8
BLACK
6
CONTINUOUS
10
-0.1968414566929134
20
0.1456612598425197
11
-0.1949687795275591
21
0.1449796456692913
0
LINE
8
BLACK
6
CONTINUOUS
10
-0.1949687795275591
20
0.1449796456692913
11
-0.1947322440944882
21
0.144726062992126
0
LINE
8
BLACK
6
CONTINUOUS
10
-0.1947322440944882
20
0.144726062992126
11
-0.194726220472441
21
0.1447320472440945
0
LINE
8
BLACK
6
CONTINUOUS
10
-0.194726220472441
20
0.1447320472440945
11
-0.1945641338582677
21
0.1445699606299213
0
LINE
8
BLACK
6
CONTINUOUS
10
-0.1945641338582677
20
0.1445699606299213
11
-0.194564094488189
21
0.1445699212598425
0
LINE
8
BLACK
6
CONTINUOUS
10
-0.194564094488189
20
0.1445699212598425
11
-0.190811811023622
21
0.1408176377952756
0
LINE
8
BLACK
6
CONTINUOUS
10
-0.190811811023622
20
0.1408176377952756
11
-0.1860837007874016
21
0.1384085433070866
0
LINE
8
BLACK
6
CONTINUOUS
10
-0.1860837007874016
20
0.1384085433070866
11
-0.1821609842519685
21
0.1377872440944882
0
LINE
8
BLACK
6
CONTINUOUS
10
-0.1821609842519685
20
0.1377872440944882
11
-0.1821609448818897
21
0.1377872440944882
0
LINE
8
BLACK
6
CONTINUOUS
10
-0.1821609448818897
20
0.1377872440944882
11
-0.1598390157480315
21
0.1377872440944882
0
LINE
8
BLACK
6
CONTINUOUS
10
-0.1598390157480315
20
0.1377872440944882
11
-0.1578776771653543
21
0.1380979133858268
0
LINE
8
BLACK
6
CONTINUOUS
10
-0.1578776771653543
20
0.1380979133858268
11
-0.1559162992125984
21
0.1384085433070866
0
LINE
8
BLACK
6
CONTINUOUS
10
-0.1559162992125984
20
0.1384085433070866
11
-0.151188188976378
21
0.1408176377952756
0
LINE
8
BLACK
6
CONTINUOUS
10
-0.151188188976378
20
0.1408176377952756
11
-0.147435905511811
21
0.1445699212598425
0
LINE
8
BLACK
6
CONTINUOUS
10
-0.147435905511811
20
0.1445699212598425
11
-0.1450268110236221
21
0.149298031496063
0
LINE
8
BLACK
6
CONTINUOUS
10
-0.1450268110236221
20
0.149298031496063
11
-0.1444055118110236
21
0.1532207874015748
0
LINE
8
BLACK
6
CONTINUOUS
10
-0.1444055118110236
20
0.1532207874015748
11
-0.1444055118110236
21
0.1621905905511811
0
LINE
8
BLACK
6
CONTINUOUS
10
-0.1444055118110236
20
0.1621905905511811
11
-0.1437238976377953
21
0.1640632677165354
0
LINE
8
BLACK
6
CONTINUOUS
10
-0.1437238976377953
20
0.1640632677165354
11
-0.1435522047244094
21
0.1642506692913386
0
LINE
8
BLACK
6
CONTINUOUS
10
-0.1435522047244094
20
0.1642506692913386
11
-0.1029634251968504
21
0.2048394488188976
0
LINE
8
BLACK
6
CONTINUOUS
10
-0.1029634251968504
20
0.2048394488188976
11
-0.1011572834645669
21
0.2056816535433071
0
LINE
8
BLACK
6
CONTINUOUS
10
-0.1011572834645669
20
0.2056816535433071
11
-0.1009033464566929
21
0.2056927559055118
0
LINE
8
BLACK
6
CONTINUOUS
10
-0.1009033464566929
20
0.2056927559055118
11
-0.0731789763779528
21
0.2056927559055118
0
LINE
8
BLACK
6
CONTINUOUS
10
-0.0731789763779528
20
0.2056927559055118
11
-0.0731787401574803
21
0.2056927559055118
0
LINE
8
BLACK
6
CONTINUOUS
10
-0.0731787401574803
20
0.2056927559055118
11
-0.0704963385826772
21
0.2060835826771653
0
LINE
8
BLACK
6
CONTINUOUS
10
-0.0704963385826772
20
0.2060835826771653
11
-0.0683865354330709
21
0.207115
0
LINE
8
BLACK
6
CONTINUOUS
10
-0.0683865354330709
20
0.207115
11
-0.0678746456692913
21
0.2073652362204724
0
LINE
8
BLACK
6
CONTINUOUS
10
-0.0678746456692913
20
0.2073652362204724
11
-0.0665951181102362
21
0.2076612598425197
0
LINE
8
BLACK
6
CONTINUOUS
10
-0.0665951181102362
20
0.2076612598425197
11
-0.0092226771653543
21
0.2076612598425197
0
LINE
8
BLACK
6
CONTINUOUS
10
-0.0092226771653543
20
0.2076612598425197
11
-0.00735
21
0.2069796456692913
0
LINE
8
BLACK
6
CONTINUOUS
10
-0.00735
20
0.2069796456692913
11
-0.0071625984251969
21
0.2068079527559055
0
LINE
8
BLACK
6
CONTINUOUS
10
-0.0071625984251969
20
0.2068079527559055
11
0.0095914173228346
21
0.1900539763779527
0
LINE
8
BLACK
6
CONTINUOUS
10
0.0095914173228346
20
0.1900539763779527
11
0.0098088188976378
21
0.1898107086614173
0
LINE
8
BLACK
6
CONTINUOUS
10
0.0098088188976378
20
0.1898107086614173
11
0.0106887007874016
21
0.1887074015748031
0
LINE
8
BLACK
6
CONTINUOUS
10
0.0106887007874016
20
0.1887074015748031
11
0.0107527952755906
21
0.1886270078740157
0
LINE
8
BLACK
6
CONTINUOUS
10
0.0107527952755906
20
0.1886270078740157
11
0.012643188976378
21
0.1873381496062992
0
LINE
8
BLACK
6
CONTINUOUS
10
0.012643188976378
20
0.1873381496062992
11
0.0127320472440945
21
0.1872750787401575
0
LINE
8
BLACK
6
CONTINUOUS
10
0.0127320472440945
20
0.1872750787401575
11
0.0145715748031496
21
0.1859174409448819
0
LINE
8
BLACK
6
CONTINUOUS
10
0.0145715748031496
20
0.1859174409448819
11
0.0147646456692913
21
0.1858153937007874
0
LINE
8
BLACK
6
CONTINUOUS
10
0.0147646456692913
20
0.1858153937007874
11
0.0147637401574803
21
0.1858137401574803
0
LINE
8
BLACK
6
CONTINUOUS
10
0.0147637401574803
20
0.1858137401574803
11
0.0149728346456693
21
0.1857082283464567
0
LINE
8
BLACK
6
CONTINUOUS
10
0.0149728346456693
20
0.1857082283464567
11
0.0149736220472441
21
0.185709842519685
0
LINE
8
BLACK
6
CONTINUOUS
10
0.0149736220472441
20
0.185709842519685
11
0.015170157480315
21
0.1856151968503937
0
LINE
8
BLACK
6
CONTINUOUS
10
0.015170157480315
20
0.1856151968503937
11
0.0151702755905512
21
0.185615157480315
0
LINE
8
BLACK
6
CONTINUOUS
10
0.0151702755905512
20
0.185615157480315
11
0.0151703543307087
21
0.1856151181102362
0
LINE
8
BLACK
6
CONTINUOUS
10
0.0151703543307087
20
0.1856151181102362
11
0.0171009842519685
21
0.1850196456692913
0
LINE
8
BLACK
6
CONTINUOUS
10
0.0171009842519685
20
0.1850196456692913
11
0.017356968503937
21
0.1849406692913386
0
LINE
8
BLACK
6
CONTINUOUS
10
0.017356968503937
20
0.1849406692913386
11
0.0174605118110236
21
0.1849065748031496
0
LINE
8
BLACK
6
CONTINUOUS
10
0.0174605118110236
20
0.1849065748031496
11
0.0196181102362205
21
0.1841515748031496
0
LINE
8
BLACK
6
CONTINUOUS
10
0.0196181102362205
20
0.1841515748031496
11
0.0198326771653543
21
0.1841109842519685
0
LINE
8
BLACK
6
CONTINUOUS
10
0.0198326771653543
20
0.1841109842519685
11
0.0198323228346457
21
0.1841091732283464
0
LINE
8
BLACK
6
CONTINUOUS
10
0.0198323228346457
20
0.1841091732283464
11
0.020063188976378
21
0.1840699606299213
0
LINE
8
BLACK
6
CONTINUOUS
10
0.020063188976378
20
0.1840699606299213
11
0.0200634645669291
21
0.1840717716535433
0
LINE
8
BLACK
6
CONTINUOUS
10
0.0200634645669291
20
0.1840717716535433
11
0.0202794094488189
21
0.1840392519685039
0
LINE
8
BLACK
6
CONTINUOUS
10
0.0202794094488189
20
0.1840392519685039
11
0.0202794488188976
21
0.1840392125984252
0
LINE
8
BLACK
6
CONTINUOUS
10
0.0202794488188976
20
0.1840392125984252
11
0.0225661417322835
21
0.1840392125984252
0
LINE
8
BLACK
6
CONTINUOUS
10
0.0225661417322835
20
0.1840392125984252
11
0.0226751181102362
21
0.1840371653543307
0
LINE
8
BLACK
6
CONTINUOUS
10
0.0226751181102362
20
0.1840371653543307
11
0.0249608267716535
21
0.1839516141732283
0
LINE
8
BLACK
6
CONTINUOUS
10
0.0249608267716535
20
0.1839516141732283
11
0.0249608661417323
21
0.1839516535433071
0
LINE
8
BLACK
6
CONTINUOUS
10
0.0249608661417323
20
0.1839516535433071
11
0.0249610236220472
21
0.1839516141732283
0
LINE
8
BLACK
6
CONTINUOUS
10
0.0249610236220472
20
0.1839516141732283
11
0.0249611417322835
21
0.1839516535433071
0
LINE
8
BLACK
6
CONTINUOUS
10
0.0249611417322835
20
0.1839516535433071
11
0.0251779527559055
21
0.183976062992126
0
LINE
8
BLACK
6
CONTINUOUS
10
0.0251779527559055
20
0.183976062992126
11
0.0251781496062992
21
0.1839742913385827
0
LINE
8
BLACK
6
CONTINUOUS
10
0.0251781496062992
20
0.1839742913385827
11
0.0256715354330709
21
0.1840392125984252
0
LINE
8
BLACK
6
CONTINUOUS
10
0.0256715354330709
20
0.1840392125984252
11
0.0416505118110236
21
0.1840392125984252
0
LINE
8
BLACK
6
CONTINUOUS
10
0.0416505118110236
20
0.1840392125984252
11
0.043523188976378
21
0.1833575984251968
0
LINE
8
BLACK
6
CONTINUOUS
10
0.043523188976378
20
0.1833575984251968
11
0.0438522834645669
21
0.1830337007874016
0
LINE
8
BLACK
6
CONTINUOUS
10
0.0438522834645669
20
0.1830337007874016
11
0.044167874015748
21
0.1826694881889764
0
LINE
8
BLACK
6
CONTINUOUS
10
0.044167874015748
20
0.1826694881889764
11
0.0441680708661417
21
0.1826692913385827
0
LINE
8
BLACK
6
CONTINUOUS
10
0.0441680708661417
20
0.1826692913385827
11
0.0443240551181102
21
0.1825341338582677
0
LINE
8
BLACK
6
CONTINUOUS
10
0.0443240551181102
20
0.1825341338582677
11
0.0484460236220472
21
0.1789624803149606
0
LINE
8
BLACK
6
CONTINUOUS
10
0.0484460236220472
20
0.1789624803149606
11
0.0503731102362205
21
0.1777240157480315
0
LINE
8
BLACK
6
CONTINUOUS
10
0.0503731102362205
20
0.1777240157480315
11
0.055522125984252
21
0.1753725196850394
0
LINE
8
BLACK
6
CONTINUOUS
10
0.055522125984252
20
0.1753725196850394
11
0.057720157480315
21
0.174727125984252
0
LINE
8
BLACK
6
CONTINUOUS
10
0.057720157480315
20
0.174727125984252
11
0.0633231102362205
21
0.1739215354330709
0
LINE
8
BLACK
6
CONTINUOUS
10
0.0633231102362205
20
0.1739215354330709
11
0.0633233464566929
21
0.1739215354330709
0
LINE
8
BLACK
6
CONTINUOUS
10
0.0633233464566929
20
0.1739215354330709
11
0.0656136614173228
21
0.1739215354330709
0
LINE
8
BLACK
6
CONTINUOUS
10
0.0656136614173228
20
0.1739215354330709
11
0.0656138976377953
21
0.1739215354330709
0
LINE
8
BLACK
6
CONTINUOUS
10
0.0656138976377953
20
0.1739215354330709
11
0.066245905511811
21
0.1740124015748031
0
LINE
8
BLACK
6
CONTINUOUS
10
0.066245905511811
20
0.1740124015748031
11
0.0666605118110236
21
0.1740420472440945
0
LINE
8
BLACK
6
CONTINUOUS
10
0.0666605118110236
20
0.1740420472440945
11
0.0819615354330709
21
0.1740420472440945
0
LINE
8
BLACK
6
CONTINUOUS
10
0.0819615354330709
20
0.1740420472440945
11
0.0823761417322835
21
0.1740124015748031
0
LINE
8
BLACK
6
CONTINUOUS
10
0.0823761417322835
20
0.1740124015748031
11
0.0830081496062992
21
0.1739215354330709
0
LINE
8
BLACK
6
CONTINUOUS
10
0.0830081496062992
20
0.1739215354330709
11
0.0830083858267717
21
0.1739215354330709
0
LINE
8
BLACK
6
CONTINUOUS
10
0.0830083858267717
20
0.1739215354330709
11
0.0852987007874016
21
0.1739215354330709
0
LINE
8
BLACK
6
CONTINUOUS
10
0.0852987007874016
20
0.1739215354330709
11
0.085298937007874
21
0.1739215354330709
0
LINE
8
BLACK
6
CONTINUOUS
10
0.085298937007874
20
0.1739215354330709
11
0.0909018897637795
21
0.174727125984252
0
LINE
8
BLACK
6
CONTINUOUS
10
0.0909018897637795
20
0.174727125984252
11
0.0930999212598425
21
0.1753725196850394
0
LINE
8
BLACK
6
CONTINUOUS
10
0.0930999212598425
20
0.1753725196850394
11
0.098248937007874
21
0.1777240157480315
0
LINE
8
BLACK
6
CONTINUOUS
10
0.098248937007874
20
0.1777240157480315
11
0.1001760236220472
21
0.1789624803149606
0
LINE
8
BLACK
6
CONTINUOUS
10
0.1001760236220472
20
0.1789624803149606
11
0.1044540157480315
21
0.1826693307086614
0
LINE
8
BLACK
6
CONTINUOUS
10
0.1044540157480315
20
0.1826693307086614
11
0.1059542125984252
21
0.1844006299212598
0
LINE
8
BLACK
6
CONTINUOUS
10
0.1059542125984252
20
0.1844006299212598
11
0.1090145275590551
21
0.1891625984251968
0
LINE
8
BLACK
6
CONTINUOUS
10
0.1090145275590551
20
0.1891625984251968
11
0.1099661417322835
21
0.1912463779527559
0
LINE
8
BLACK
6
CONTINUOUS
10
0.1099661417322835
20
0.1912463779527559
11
0.111560905511811
21
0.1966776771653543
0
LINE
8
BLACK
6
CONTINUOUS
10
0.111560905511811
20
0.1966776771653543
11
0.1115952755905512
21
0.1969165748031496
0
LINE
8
BLACK
6
CONTINUOUS
10
0.1115952755905512
20
0.1969165748031496
11
0.1118868897637795
21
0.198945
0
LINE
8
BLACK
6
CONTINUOUS
10
0.1118868897637795
20
0.198945
11
0.1118869291338583
21
0.198945157480315
0
LINE
8
BLACK
6
CONTINUOUS
10
0.1118869291338583
20
0.198945157480315
11
0.1118869291338583
21
0.2234289763779528
0
LINE
8
BLACK
6
CONTINUOUS
10
0.1118869291338583
20
0.2234289763779528
11
0.1112742913385827
21
0.226508937007874
0
LINE
8
BLACK
6
CONTINUOUS
10
0.1112742913385827
20
0.226508937007874
11
0.1112742519685039
21
0.2265090157480315
0
LINE
8
BLACK
6
CONTINUOUS
10
0.1112742519685039
20
0.2265090157480315
11
0.1112742519685039
21
0.2265090551181102
0
LINE
8
BLACK
6
CONTINUOUS
10
0.1112742519685039
20
0.2265090551181102
11
0.1111255511811024
21
0.2267315748031496
0
LINE
8
BLACK
6
CONTINUOUS
10
0.1111255511811024
20
0.2267315748031496
11
0.1106518110236221
21
0.2286672834645669
0
LINE
8
BLACK
6
CONTINUOUS
10
0.1106518110236221
20
0.2286672834645669
11
0.1111255511811024
21
0.2299688976377953
0
LINE
8
BLACK
6
CONTINUOUS
10
0.1111255511811024
20
0.2299688976377953
11
0.1112742519685039
21
0.2301914566929134
0
LINE
8
BLACK
6
CONTINUOUS
10
0.1112742519685039
20
0.2301914566929134
11
0.1112742519685039
21
0.2301914960629921
0
LINE
8
BLACK
6
CONTINUOUS
10
0.1112742519685039
20
0.2301914960629921
11
0.1112742913385827
21
0.2301915354330709
0
LINE
8
BLACK
6
CONTINUOUS
10
0.1112742913385827
20
0.2301915354330709
11
0.1117322834645669
21
0.2324940157480315
0
LINE
8
BLACK
6
CONTINUOUS
10
0.1117322834645669
20
0.2324940157480315
11
0.1117322834645669
21
0.2324942125984252
0
LINE
8
BLACK
6
CONTINUOUS
10
0.1117322834645669
20
0.2324942125984252
11
0.1117420078740157
21
0.2325926377952756
0
LINE
8
BLACK
6
CONTINUOUS
10
0.1117420078740157
20
0.2325926377952756
11
0.1117588582677165
21
0.2326278346456693
0
LINE
8
BLACK
6
CONTINUOUS
10
0.1117588582677165
20
0.2326278346456693
11
0.1117601968503937
21
0.2326344094488189
0
LINE
8
BLACK
6
CONTINUOUS
10
0.1117601968503937
20
0.2326344094488189
11
0.1117618503937008
21
0.232634094488189
0
LINE
8
BLACK
6
CONTINUOUS
10
0.1117618503937008
20
0.232634094488189
11
0.1126039763779527
21
0.2343894488188976
0
LINE
8
BLACK
6
CONTINUOUS
10
0.1126039763779527
20
0.2343894488188976
11
0.1144192519685039
21
0.2352118503937008
0
LINE
8
BLACK
6
CONTINUOUS
10
0.1144192519685039
20
0.2352118503937008
11
0.1146413385826772
21
0.2352203149606299
0
LINE
8
BLACK
6
CONTINUOUS
10
0.1146413385826772
20
0.2352203149606299
11
0.1389779921259842
21
0.2352203149606299
0
LINE
8
BLACK
6
CONTINUOUS
10
0.1389779921259842
20
0.2352203149606299
11
0.1393041732283465
21
0.2352020078740157
0
LINE
8
BLACK
6
CONTINUOUS
10
0.1393041732283465
20
0.2352020078740157
11
0.1408084645669291
21
0.2350325196850394
0
LINE
8
BLACK
6
CONTINUOUS
10
0.1408084645669291
20
0.2350325196850394
11
0.1410922047244094
21
0.2350862204724409
0
LINE
8
BLACK
6
CONTINUOUS
10
0.1410922047244094
20
0.2350862204724409
11
0.1430588976377953
21
0.2347646850393701
0
LINE
8
BLACK
6
CONTINUOUS
10
0.1430588976377953
20
0.2347646850393701
11
0.1443588976377953
21
0.2332541732283465
0
LINE
8
BLACK
6
CONTINUOUS
10
0.1443588976377953
20
0.2332541732283465
11
0.1445472440944882
21
0.2322236220472441
0
LINE
8
BLACK
6
CONTINUOUS
10
0.1445472440944882
20
0.2322236220472441
11
0.1445472440944882
21
0.2084972440944882
0
LINE
8
BLACK
6
CONTINUOUS
10
0.1445472440944882
20
0.2084972440944882
11
0.1446596062992126
21
0.207299094488189
0
LINE
8
BLACK
6
CONTINUOUS
10
0.1446596062992126
20
0.207299094488189
11
0.1446596062992126
21
0.2072990157480315
0
LINE
8
BLACK
6
CONTINUOUS
10
0.1446596062992126
20
0.2072990157480315
11
0.1446596456692913
21
0.2072988976377953
0
LINE
8
BLACK
6
CONTINUOUS
10
0.1446596456692913
20
0.2072988976377953
11
0.1464254330708661
21
0.2022525590551181
0
LINE
8
BLACK
6
CONTINUOUS
10
0.1464254330708661
20
0.2022525590551181
11
0.1464254724409449
21
0.2022524803149606
0
LINE
8
BLACK
6
CONTINUOUS
10
0.1464254724409449
20
0.2022524803149606
11
0.1496002362204724
21
0.1979507874015748
0
LINE
8
BLACK
6
CONTINUOUS
10
0.1496002362204724
20
0.1979507874015748
11
0.1496005118110236
21
0.1979505118110236
0
LINE
8
BLACK
6
CONTINUOUS
10
0.1496005118110236
20
0.1979505118110236
11
0.1539022047244094
21
0.1947757480314961
0
LINE
8
BLACK
6
CONTINUOUS
10
0.1539022047244094
20
0.1947757480314961
11
0.1539022834645669
21
0.1947757086614173
0
LINE
8
BLACK
6
CONTINUOUS
10
0.1539022834645669
20
0.1947757086614173
11
0.1589486220472441
21
0.1930099212598425
0
LINE
8
BLACK
6
CONTINUOUS
10
0.1589486220472441
20
0.1930099212598425
11
0.1589488582677165
21
0.193009842519685
0
LINE
8
BLACK
6
CONTINUOUS
10
0.1589488582677165
20
0.193009842519685
11
0.1601470078740158
21
0.1928974803149606
0
LINE
8
BLACK
6
CONTINUOUS
10
0.1601470078740158
20
0.1928974803149606
11
0.1601472834645669
21
0.1928974803149606
0
LINE
8
BLACK
6
CONTINUOUS
10
0.1601472834645669
20
0.1928974803149606
11
0.1998526771653543
21
0.1928974803149606
0
LINE
8
BLACK
6
CONTINUOUS
10
0.1998526771653543
20
0.1928974803149606
11
0.1998529921259843
21
0.1928974803149606
0
LINE
8
BLACK
6
CONTINUOUS
10
0.1998529921259843
20
0.1928974803149606
11
0.2010511417322835
21
0.193009842519685
0
LINE
8
BLACK
6
CONTINUOUS
10
0.2010511417322835
20
0.193009842519685
11
0.2060977165354331
21
0.1947757086614173
0
LINE
8
BLACK
6
CONTINUOUS
10
0.2060977165354331
20
0.1947757086614173
11
0.2103996062992126
21
0.1979506299212598
0
LINE
8
BLACK
6
CONTINUOUS
10
0.2103996062992126
20
0.1979506299212598
11
0.2126226771653543
21
0.2009627952755906
0
LINE
8
BLACK
6
CONTINUOUS
10
0.2126226771653543
20
0.2009627952755906
11
0.2134241732283464
21
0.2020487795275591
0
LINE
8
BLACK
6
CONTINUOUS
10
0.2134241732283464
20
0.2020487795275591
11
0.2150846062992126
21
0.2031507874015748
0
LINE
8
BLACK
6
CONTINUOUS
10
0.2150846062992126
20
0.2031507874015748
11
0.2157682677165354
21
0.203232125984252
0
LINE
8
BLACK
6
CONTINUOUS
10
0.2157682677165354
20
0.203232125984252
11
0.247929842519685
21
0.203232125984252
0
LINE
8
BLACK
6
CONTINUOUS
10
0.247929842519685
20
0.203232125984252
11
0.2492524803149606
21
0.2029145669291338
0
LINE
8
BLACK
6
CONTINUOUS
10
0.2492524803149606
20
0.2029145669291338
11
0.2522391338582677
21
0.2013927952755905
0
LINE
8
BLACK
6
CONTINUOUS
10
0.2522391338582677
20
0.2013927952755905
11
0.2561618503937008
21
0.2007714960629921
0
LINE
8
BLACK
6
CONTINUOUS
10
0.2561618503937008
20
0.2007714960629921
11
0.2561618897637795
21
0.2007714960629921
0
LINE
8
BLACK
6
CONTINUOUS
10
0.2561618897637795
20
0.2007714960629921
11
0.2666434645669291
21
0.2007714960629921
0
LINE
8
BLACK
6
CONTINUOUS
10
0.2666434645669291
20
0.2007714960629921
11
0.2685161417322834
21
0.2000898818897638
0
LINE
8
BLACK
6
CONTINUOUS
10
0.2685161417322834
20
0.2000898818897638
11
0.2687035433070866
21
0.1999181889763779
0
LINE
8
BLACK
6
CONTINUOUS
10
0.2687035433070866
20
0.1999181889763779
11
0.2861935039370079
21
0.1824282677165354
0
LINE
8
BLACK
6
CONTINUOUS
10
0.2861935039370079
20
0.1824282677165354
11
0.2870357086614173
21
0.180622125984252
0
LINE
8
BLACK
6
CONTINUOUS
10
0.2870357086614173
20
0.180622125984252
11
0.2870468110236221
21
0.1803681889763779
0
LINE
8
BLACK
6
CONTINUOUS
10
0.2870468110236221
20
0.1803681889763779
11
0.2870468110236221
21
0.0883364173228346
0
LINE
8
BLACK
6
CONTINUOUS
10
0.2870468110236221
20
0.0883364173228346
11
0.2863651968503937
21
0.0864637401574803
0
LINE
8
BLACK
6
CONTINUOUS
10
0.2863651968503937
20
0.0864637401574803
11
0.2861935039370079
21
0.0862763385826772
0
LINE
8
BLACK
6
CONTINUOUS
10
0.2861935039370079
20
0.0862763385826772
11
0.2809314566929134
21
0.0810143307086614
0
LINE
8
BLACK
6
CONTINUOUS
10
0.2809314566929134
20
0.0810143307086614
11
0.2791252755905512
21
0.080172125984252
0
LINE
8
BLACK
6
CONTINUOUS
10
0.2791252755905512
20
0.080172125984252
11
0.2772003149606299
21
0.0806879133858268
0
LINE
8
BLACK
6
CONTINUOUS
10
0.2772003149606299
20
0.0806879133858268
11
0.2760572440944882
21
0.0823203937007874
0
LINE
8
BLACK
6
CONTINUOUS
10
0.2760572440944882
20
0.0823203937007874
11
0.276047125984252
21
0.0837896062992126
0
LINE
8
BLACK
6
CONTINUOUS
10
0.276047125984252
20
0.0837896062992126
11
0.2776198031496063
21
0.09
0
LINE
8
BLACK
6
CONTINUOUS
10
0.2776198031496063
20
0.09
11
0.2567447637795275
21
0.09
0
LINE
8
BLACK
6
CONTINUOUS
10
0.2567447637795275
20
0.09
11
0.2555714173228346
21
0.0863887401574803
0
LINE
8
BLACK
6
CONTINUOUS
10
0.2555714173228346
20
0.0863887401574803
11
0.2520733858267716
21
0.0803300393700787
0
LINE
8
BLACK
6
CONTINUOUS
10
0.2520733858267716
20
0.0803300393700787
11
0.2473921653543307
21
0.0751309842519685
0
LINE
8
BLACK
6
CONTINUOUS
10
0.2473921653543307
20
0.0751309842519685
11
0.2417322834645669
21
0.0710188188976378
0
LINE
8
BLACK
6
CONTINUOUS
10
0.2417322834645669
20
0.0710188188976378
11
0.2353411023622047
21
0.0681733070866142
0
LINE
8
BLACK
6
CONTINUOUS
10
0.2353411023622047
20
0.0681733070866142
11
0.2284979921259842
21
0.0667187401574803
0
LINE
8
BLACK
6
CONTINUOUS
10
0.2284979921259842
20
0.0667187401574803
11
0.2215020078740157
21
0.0667187401574803
0
LINE
8
BLACK
6
CONTINUOUS
10
0.2215020078740157
20
0.0667187401574803
11
0.2146588976377953
21
0.0681733070866142
0
LINE
8
BLACK
6
CONTINUOUS
10
0.2146588976377953
20
0.0681733070866142
11
0.2082677165354331
21
0.0710188188976378
0
LINE
8
BLACK
6
CONTINUOUS
10
0.2082677165354331
20
0.0710188188976378
11
0.2026078346456693
21
0.0751309842519685
0
LINE
8
BLACK
6
CONTINUOUS
10
0.2026078346456693
20
0.0751309842519685
11
0.1979266141732283
21
0.0803300393700787
0
LINE
8
BLACK
6
CONTINUOUS
10
0.1979266141732283
20
0.0803300393700787
11
0.1944285826771653
21
0.0863887401574803
0
LINE
8
BLACK
6
CONTINUOUS
10
0.1944285826771653
20
0.0863887401574803
11
0.1932552362204724
21
0.09
0
LINE
8
BLACK
6
CONTINUOUS
10
0.1932552362204724
20
0.09
11
0.1723801968503937
21
0.09
0
LINE
8
BLACK
6
CONTINUOUS
10
0.1723801968503937
20
0.09
11
0.1742590551181102
21
0.0825803543307087
0
LINE
8
BLACK
6
CONTINUOUS
10
0.1742590551181102
20
0.0825803543307087
11
0.1778181889763779
21
0.0744664566929134
0
LINE
8
BLACK
6
CONTINUOUS
10
0.1778181889763779
20
0.0744664566929134
11
0.1826642913385827
21
0.0670489763779527
0
LINE
8
BLACK
6
CONTINUOUS
10
0.1826642913385827
20
0.0670489763779527
11
0.1886652755905512
21
0.0605301181102362
0
LINE
8
BLACK
6
CONTINUOUS
10
0.1886652755905512
20
0.0605301181102362
11
0.1956572440944882
21
0.055088031496063
0
LINE
8
BLACK
6
CONTINUOUS
10
0.1956572440944882
20
0.055088031496063
11
0.1956577165354331
21
0.0550877559055118
0
LINE
8
BLACK
6
CONTINUOUS
10
0.1956577165354331
20
0.0550877559055118
11
0.203449842519685
21
0.0508708267716535
0
LINE
8
BLACK
6
CONTINUOUS
10
0.203449842519685
20
0.0508708267716535
11
0.2118303543307087
21
0.0479938188976378
0
LINE
8
BLACK
6
CONTINUOUS
10
0.2118303543307087
20
0.0479938188976378
11
0.2192866929133858
21
0.0467496062992126
0
LINE
8
BLACK
6
CONTINUOUS
10
0.2192866929133858
20
0.0467496062992126
11
0.2210216535433071
21
0.0457690551181102
0
LINE
8
BLACK
6
CONTINUOUS
10
0.2210216535433071
20
0.0457690551181102
11
0.2217204330708661
21
0.0439027165354331
0
LINE
8
BLACK
6
CONTINUOUS
10
0.2217204330708661
20
0.0439027165354331
11
0.221056062992126
21
0.0420238582677165
0
LINE
8
BLACK
6
CONTINUOUS
10
0.221056062992126
20
0.0420238582677165
11
0.2193394094488189
21
0.0410115748031496
0
LINE
8
BLACK
6
CONTINUOUS
10
0.2193394094488189
20
0.0410115748031496
11
0.2190927952755906
21
0.0409765748031496
0
LINE
8
BLACK
6
CONTINUOUS
10
0.2190927952755906
20
0.0409765748031496
11
0.218720748031496
21
0.0409399606299213
0
LINE
8
BLACK
6
CONTINUOUS
10
0.218720748031496
20
0.0409399606299213
11
0.2168923622047244
21
0.040759842519685
0
LINE
8
BLACK
6
CONTINUOUS
10
0.2168923622047244
20
0.040759842519685
11
0.2151553149606299
21
0.0402329133858268
0
LINE
8
BLACK
6
CONTINUOUS
10
0.2151553149606299
20
0.0402329133858268
11
0.2090961811023622
21
0.0383949212598425
0
LINE
8
BLACK
6
CONTINUOUS
10
0.2090961811023622
20
0.0383949212598425
11
0.2019113779527559
21
0.0345545275590551
0
LINE
8
BLACK
6
CONTINUOUS
10
0.2019113779527559
20
0.0345545275590551
11
0.195613779527559
21
0.0293862598425197
0
LINE
8
BLACK
6
CONTINUOUS
10
0.195613779527559
20
0.0293862598425197
11
0.1956137401574803
21
0.0293862204724409
0
LINE
8
BLACK
6
CONTINUOUS
10
0.1956137401574803
20
0.0293862204724409
11
0.1904454724409449
21
0.0230886220472441
0
LINE
8
BLACK
6
CONTINUOUS
10
0.1904454724409449
20
0.0230886220472441
11
0.1866050787401575
21
0.0159038188976378
0
LINE
8
BLACK
6
CONTINUOUS
10
0.1866050787401575
20
0.0159038188976378
11
0.184240157480315
21
0.0081077165354331
0
LINE
8
BLACK
6
CONTINUOUS
10
0.184240157480315
20
0.0081077165354331
11
0.1840254330708661
21
0.0059274803149606
0
LINE
8
BLACK
6
CONTINUOUS
10
0.1840254330708661
20
0.0059274803149606
11
0.1834416141732284
21
0.
0
LINE
8
BLACK
6
CONTINUOUS
10
0.1834416141732284
20
0.
11
0.184240157480315
21
-0.0081076377952756
0
LINE
8
BLACK
6
CONTINUOUS
10
0.184240157480315
20
-0.0081076377952756
11
0.1866050393700787
21
-0.0159037007874016
0
LINE
8
BLACK
6
CONTINUOUS
10
0.1866050393700787
20
-0.0159037007874016
11
0.1904454724409449
21
-0.0230885826771654
0
LINE
8
BLACK
6
CONTINUOUS
10
0.1904454724409449
20
-0.0230885826771654
11
0.195613779527559
21
-0.0293862204724409
0
LINE
8
BLACK
6
CONTINUOUS
10
0.195613779527559
20
-0.0293862204724409
11
0.2019114173228346
21
-0.0345545275590551
0
LINE
8
BLACK
6
CONTINUOUS
10
0.2019114173228346
20
-0.0345545275590551
11
0.2090962992125984
21
-0.0383949606299213
0
LINE
8
BLACK
6
CONTINUOUS
10
0.2090962992125984
20
-0.0383949606299213
11
0.2168923622047244
21
-0.040759842519685
0
LINE
8
BLACK
6
CONTINUOUS
10
0.2168923622047244
20
-0.040759842519685
11
0.225
21
-0.0415583858267717
0
LINE
8
BLACK
6
CONTINUOUS
10
0.225
20
-0.0415583858267717
11
0.2331076377952756
21
-0.040759842519685
0
LINE
8
BLACK
6
CONTINUOUS
10
0.2331076377952756
20
-0.040759842519685
11
0.2409037007874016
21
-0.0383949606299213
0
LINE
8
BLACK
6
CONTINUOUS
10
0.2409037007874016
20
-0.0383949606299213
11
0.2480885826771654
21
-0.0345545275590551
0
LINE
8
BLACK
6
CONTINUOUS
10
0.2480885826771654
20
-0.0345545275590551
11
0.2543862204724409
21
-0.0293862204724409
0
LINE
8
BLACK
6
CONTINUOUS
10
0.2543862204724409
20
-0.0293862204724409
11
0.2595545275590551
21
-0.0230885826771654
0
LINE
8
BLACK
6
CONTINUOUS
10
0.2595545275590551
20
-0.0230885826771654
11
0.2633949606299212
21
-0.0159037007874016
0
LINE
8
BLACK
6
CONTINUOUS
10
0.2633949606299212
20
-0.0159037007874016
11
0.265759842519685
21
-0.0081076377952756
0
LINE
8
BLACK
6
CONTINUOUS
10
0.265759842519685
20
-0.0081076377952756
11
0.2665583858267717
21
0.
0
LINE
8
BLACK
6
CONTINUOUS
10
0.2665583858267717
20
0.
11
0.265759842519685
21
0.0081076377952756
0
LINE
8
BLACK
6
CONTINUOUS
10
0.265759842519685
20
0.0081076377952756
11
0.264505
21
0.0122443307086614
0
LINE
8
BLACK
6
CONTINUOUS
10
0.264505
20
0.0122443307086614
11
0.2646136614173228
21
0.0142342519685039
0
LINE
8
BLACK
6
CONTINUOUS
10
0.2646136614173228
20
0.0142342519685039
11
0.2652327559055118
21
0.01515
0
LINE
8
BLACK
6
CONTINUOUS
10
0.2652327559055118
20
0.01515
11
0.3165048031496063
21
0.0664220866141732
0
LINE
8
BLACK
6
CONTINUOUS
10
0.3165048031496063
20
0.0664220866141732
11
0.3167473228346457
21
0.0666388188976378
0
LINE
8
BLACK
6
CONTINUOUS
10
0.3167473228346457
20
0.0666388188976378
11
0.3179314566929134
21
0.0675830708661417
0
LINE
8
BLACK
6
CONTINUOUS
10
0.3179314566929134
20
0.0675830708661417
11
0.3192207086614173
21
0.0694741338582677
0
LINE
8
BLACK
6
CONTINUOUS
10
0.3192207086614173
20
0.0694741338582677
11
0.319281811023622
21
0.0695603149606299
0
LINE
8
BLACK
6
CONTINUOUS
10
0.319281811023622
20
0.0695603149606299
11
0.3206410236220472
21
0.0714018503937008
0
LINE
8
BLACK
6
CONTINUOUS
10
0.3206410236220472
20
0.0714018503937008
11
0.3206411023622047
21
0.0714020472440945
0
LINE
8
BLACK
6
CONTINUOUS
10
0.3206411023622047
20
0.0714020472440945
11
0.3207431102362205
21
0.071595
0
LINE
8
BLACK
6
CONTINUOUS
10
0.3207431102362205
20
0.071595
11
0.3207448031496063
21
0.071594094488189
0
LINE
8
BLACK
6
CONTINUOUS
10
0.3207448031496063
20
0.071594094488189
11
0.3208503543307086
21
0.071803188976378
0
LINE
8
BLACK
6
CONTINUOUS
10
0.3208503543307086
20
0.071803188976378
11
0.3208486220472441
21
0.0718040157480315
0
LINE
8
BLACK
6
CONTINUOUS
10
0.3208486220472441
20
0.0718040157480315
11
0.3209431496062992
21
0.0720003543307087
0
LINE
8
BLACK
6
CONTINUOUS
10
0.3209431496062992
20
0.0720003543307087
11
0.3209433464566929
21
0.0720006299212598
0
LINE
8
BLACK
6
CONTINUOUS
10
0.3209433464566929
20
0.0720006299212598
11
0.321617874015748
21
0.0741875984251968
0
LINE
8
BLACK
6
CONTINUOUS
10
0.321617874015748
20
0.0741875984251968
11
0.3216518503937008
21
0.0742906692913386
0
LINE
8
BLACK
6
CONTINUOUS
10
0.3216518503937008
20
0.0742906692913386
11
0.3216834645669291
21
0.0743809448818898
0
LINE
8
BLACK
6
CONTINUOUS
10
0.3216834645669291
20
0.0743809448818898
11
0.3224068897637795
21
0.0764483858267717
0
LINE
8
BLACK
6
CONTINUOUS
10
0.3224068897637795
20
0.0764483858267717
11
0.3224474803149606
21
0.0766629133858268
0
LINE
8
BLACK
6
CONTINUOUS
10
0.3224474803149606
20
0.0766629133858268
11
0.3224492913385827
21
0.0766625984251968
0
LINE
8
BLACK
6
CONTINUOUS
10
0.3224492913385827
20
0.0766625984251968
11
0.3224885039370078
21
0.0768936220472441
0
LINE
8
BLACK
6
CONTINUOUS
10
0.3224885039370078
20
0.0768936220472441
11
0.3224866929133858
21
0.0768938976377953
0
LINE
8
BLACK
6
CONTINUOUS
10
0.3224866929133858
20
0.0768938976377953
11
0.322519251968504
21
0.077109842519685
0
LINE
8
BLACK
6
CONTINUOUS
10
0.322519251968504
20
0.077109842519685
11
0.322519251968504
21
0.0793970866141732
0
LINE
8
BLACK
6
CONTINUOUS
10
0.322519251968504
20
0.0793970866141732
11
0.3225212992125984
21
0.079506062992126
0
LINE
8
BLACK
6
CONTINUOUS
10
0.3225212992125984
20
0.079506062992126
11
0.322606811023622
21
0.0817912992125984
0
LINE
8
BLACK
6
CONTINUOUS
10
0.322606811023622
20
0.0817912992125984
11
0.3225824015748032
21
0.0820080708661417
0
LINE
8
BLACK
6
CONTINUOUS
10
0.3225824015748032
20
0.0820080708661417
11
0.3225841732283464
21
0.0820083070866142
0
LINE
8
BLACK
6
CONTINUOUS
10
0.3225841732283464
20
0.0820083070866142
11
0.322519251968504
21
0.0825016141732283
0
LINE
8
BLACK
6
CONTINUOUS
10
0.322519251968504
20
0.0825016141732283
11
0.322519251968504
21
0.1877617716535433
0
LINE
8
BLACK
6
CONTINUOUS
10
0.322519251968504
20
0.1877617716535433
11
0.3225375590551181
21
0.1880879921259843
0
LINE
8
BLACK
6
CONTINUOUS
10
0.3225375590551181
20
0.1880879921259843
11
0.3225711811023622
21
0.1883864566929134
0
LINE
8
BLACK
6
CONTINUOUS
10
0.3225711811023622
20
0.1883864566929134
11
0.3227070472440945
21
0.1895922047244094
0
LINE
8
BLACK
6
CONTINUOUS
10
0.3227070472440945
20
0.1895922047244094
11
0.3222815354330709
21
0.1918411023622047
0
LINE
8
BLACK
6
CONTINUOUS
10
0.3222815354330709
20
0.1918411023622047
11
0.3222635826771654
21
0.1919469291338583
0
LINE
8
BLACK
6
CONTINUOUS
10
0.3222635826771654
20
0.1919469291338583
11
0.3220455511811023
21
0.1933934251968504
0
LINE
8
BLACK
6
CONTINUOUS
10
0.3220455511811023
20
0.1933934251968504
11
0.3224403937007874
21
0.1953467716535433
0
LINE
8
BLACK
6
CONTINUOUS
10
0.3224403937007874
20
0.1953467716535433
11
0.3239985039370079
21
0.1965893307086614
0
LINE
8
BLACK
6
CONTINUOUS
10
0.3239985039370079
20
0.1965893307086614
11
0.3259907480314961
21
0.1965396456692913
0
LINE
8
BLACK
6
CONTINUOUS
10
0.3259907480314961
20
0.1965396456692913
11
0.3266562992125984
21
0.1961718110236221
0
LINE
8
BLACK
6
CONTINUOUS
10
0.3266562992125984
20
0.1961718110236221
11
0.3285479527559055
21
0.1947757086614173
0
LINE
8
BLACK
6
CONTINUOUS
10
0.3285479527559055
20
0.1947757086614173
11
0.3335945275590551
21
0.193009842519685
0
LINE
8
BLACK
6
CONTINUOUS
10
0.3335945275590551
20
0.193009842519685
11
0.3336220866141732
21
0.1930072834645669
0
LINE
8
BLACK
6
CONTINUOUS
10
0.3336220866141732
20
0.1930072834645669
11
0.3336355511811023
21
0.193000905511811
0
LINE
8
BLACK
6
CONTINUOUS
10
0.3336355511811023
20
0.193000905511811
11
0.3337674409448819
21
0.1929720866141732
0
LINE
8
BLACK
6
CONTINUOUS
10
0.3337674409448819
20
0.1929720866141732
11
0.3337607480314961
21
0.1929415748031496
0
LINE
8
BLACK
6
CONTINUOUS
10
0.3337607480314961
20
0.1929415748031496
11
0.3354229527559055
21
0.1921541338582677
0
LINE
8
BLACK
6
CONTINUOUS
10
0.3354229527559055
20
0.1921541338582677
11
0.3362541732283464
21
0.190342874015748
0
LINE
8
BLACK
6
CONTINUOUS
10
0.3362541732283464
20
0.190342874015748
11
0.336263779527559
21
0.1901066141732284
0
LINE
8
BLACK
6
CONTINUOUS
10
0.336263779527559
20
0.1901066141732284
11
0.336263779527559
21
0.0375533464566929
0
LINE
8
BLACK
6
CONTINUOUS
10
0.336263779527559
20
0.0375533464566929
11
0.3355821653543307
21
0.0356806692913386
0
LINE
8
BLACK
6
CONTINUOUS
10
0.3355821653543307
20
0.0356806692913386
11
0.3354104724409449
21
0.0354932677165354
0
LINE
8
BLACK
6
CONTINUOUS
10
0.3354104724409449
20
0.0354932677165354
11
0.242128779527559
21
-0.0577884251968504
0
LINE
8
BLACK
6
CONTINUOUS
10
0.242128779527559
20
-0.0577884251968504
11
0.2403226377952756
21
-0.0586306299212598
0
LINE
8
BLACK
6
CONTINUOUS
10
0.2403226377952756
20
-0.0586306299212598
11
0.2400687007874016
21
-0.0586417322834646
0
LINE
8
BLACK
6
CONTINUOUS
10
0.2400687007874016
20
-0.0586417322834646
11
0.1907579527559055
21
-0.0586417322834646
0
LINE
8
BLACK
6
CONTINUOUS
10
0.1907579527559055
20
-0.0586417322834646
11
0.1896066929133858
21
-0.0588707086614173
0
LINE
8
BLACK
6
CONTINUOUS
10
0.1896066929133858
20
-0.0588707086614173
11
0.1884553937007874
21
-0.0590997244094488
0
LINE
8
BLACK
6
CONTINUOUS
10
0.1884553937007874
20
-0.0590997244094488
11
0.1858444488188976
21
-0.0608443700787402
0
LINE
8
BLACK
6
CONTINUOUS
10
0.1858444488188976
20
-0.0608443700787402
11
0.1858443700787402
21
-0.0608444488188976
0
LINE
8
BLACK
6
CONTINUOUS
10
0.1858443700787402
20
-0.0608444488188976
11
0.1840997244094488
21
-0.0634553937007874
0
LINE
8
BLACK
6
CONTINUOUS
10
0.1840997244094488
20
-0.0634553937007874
11
0.1836417322834646
21
-0.0657579921259843
0
LINE
8
BLACK
6
CONTINUOUS
10
0.1836417322834646
20
-0.0657579921259843
11
0.1836417322834646
21
-0.134241968503937
0
LINE
8
BLACK
6
CONTINUOUS
10
0.1836417322834646
20
-0.134241968503937
11
0.1840997244094488
21
-0.1365445669291339
0
LINE
8
BLACK
6
CONTINUOUS
10
0.1840997244094488
20
-0.1365445669291339
11
0.185260157480315
21
-0.1382812204724409
0
LINE
8
BLACK
6
CONTINUOUS
10
0.185260157480315
20
-0.1382812204724409
11
0.1858444094488189
21
-0.1391555905511811
0
LINE
8
BLACK
6
CONTINUOUS
10
0.1858444094488189
20
-0.1391555905511811
11
0.1875811023622047
21
-0.1403160236220472
0
LINE
8
BLACK
6
CONTINUOUS
10
0.1875811023622047
20
-0.1403160236220472
11
0.1884553937007874
21
-0.1409002362204724
0
LINE
8
BLACK
6
CONTINUOUS
10
0.1884553937007874
20
-0.1409002362204724
11
0.1884554330708661
21
-0.1409002362204724
0
LINE
8
BLACK
6
CONTINUOUS
10
0.1884554330708661
20
-0.1409002362204724
11
0.1884554724409449
21
-0.1409002755905512
0
LINE
8
BLACK
6
CONTINUOUS
10
0.1884554724409449
20
-0.1409002755905512
11
0.1907579527559055
21
-0.1413582677165354
0
LINE
8
BLACK
6
CONTINUOUS
10
0.1907579527559055
20
-0.1413582677165354
11
0.2377382283464567
21
-0.1413582677165354
0
LINE
8
BLACK
6
CONTINUOUS
10
0.2377382283464567
20
-0.1413582677165354
11
0.239610905511811
21
-0.1420398818897638
0
LINE
8
BLACK
6
CONTINUOUS
10
0.239610905511811
20
-0.1420398818897638
11
0.2397983070866142
21
-0.1422115748031496
0
LINE
8
BLACK
6
CONTINUOUS
10
0.2397983070866142
20
-0.1422115748031496
11
0.2633789763779528
21
-0.1657922047244094
0
LINE
8
BLACK
6
CONTINUOUS
10
0.2633789763779528
20
-0.1657922047244094
11
0.2642211811023622
21
-0.1675983464566929
0
LINE
8
BLACK
6
CONTINUOUS
10
0.2642211811023622
20
-0.1675983464566929
11
0.2642322834645669
21
-0.1678522834645669
0
LINE
8
BLACK
6
CONTINUOUS
10
0.2642322834645669
20
-0.1678522834645669
11
0.2642322834645669
21
-0.2091103937007874
0
LINE
8
BLACK
6
CONTINUOUS
10
0.2642322834645669
20
-0.2091103937007874
11
0.2635506692913386
21
-0.2109830708661417
0
LINE
8
BLACK
6
CONTINUOUS
10
0.2635506692913386
20
-0.2109830708661417
11
0.2618248031496063
21
-0.2119795275590551
0
LINE
8
BLACK
6
CONTINUOUS
10
0.2618248031496063
20
-0.2119795275590551
11
0.2613188976377953
21
-0.212023779527559
0
LINE
8
BLACK
6
CONTINUOUS
10
0.2613188976377953
20
-0.212023779527559
11
0.2457579527559055
21
-0.212023779527559
0
LINE
8
BLACK
6
CONTINUOUS
10
0.2457579527559055
20
-0.212023779527559
11
0.2446066929133858
21
-0.2122527559055118
0
LINE
8
BLACK
6
CONTINUOUS
10
0.2446066929133858
20
-0.2122527559055118
11
0.2434553937007874
21
-0.2124817716535433
0
LINE
8
BLACK
6
CONTINUOUS
10
0.2434553937007874
20
-0.2124817716535433
11
0.2408444488188976
21
-0.2142264173228347
0
LINE
8
BLACK
6
CONTINUOUS
10
0.2408444488188976
20
-0.2142264173228347
11
0.2408443700787402
21
-0.2142264960629921
0
LINE
8
BLACK
6
CONTINUOUS
10
0.2408443700787402
20
-0.2142264960629921
11
0.2390997244094488
21
-0.2168374409448819
0
LINE
8
BLACK
6
CONTINUOUS
10
0.2390997244094488
20
-0.2168374409448819
11
0.2390997244094488
21
-0.2168375196850394
0
LINE
8
BLACK
6
CONTINUOUS
10
0.2390997244094488
20
-0.2168375196850394
11
0.2386848818897638
21
-0.2189231889763779
0
LINE
8
BLACK
6
CONTINUOUS
10
0.2386848818897638
20
-0.2189231889763779
11
0.2386417322834646
21
-0.2191400393700787
0
LINE
8
BLACK
6
CONTINUOUS
10
0.2386417322834646
20
-0.2191400393700787
11
0.2386417322834646
21
-0.2408053149606299
0
LINE
8
BLACK
6
CONTINUOUS
10
0.2386417322834646
20
-0.2408053149606299
11
0.2379601181102362
21
-0.2426779921259843
0
LINE
8
BLACK
6
CONTINUOUS
10
0.2379601181102362
20
-0.2426779921259843
11
0.2362342519685039
21
-0.2436744488188976
0
LINE
8
BLACK
6
CONTINUOUS
10
0.2362342519685039
20
-0.2436744488188976
11
0.2342716535433071
21
-0.2433283858267717
0
LINE
8
BLACK
6
CONTINUOUS
10
0.2342716535433071
20
-0.2433283858267717
11
0.2336682677165354
21
-0.2428653937007874
0
LINE
8
BLACK
6
CONTINUOUS
10
0.2336682677165354
20
-0.2428653937007874
11
0.2266210236220473
21
-0.2358181496062992
0
LINE
8
BLACK
6
CONTINUOUS
10
0.2266210236220473
20
-0.2358181496062992
11
0.2257788188976378
21
-0.2340120078740157
0
LINE
8
BLACK
6
CONTINUOUS
10
0.2257788188976378
20
-0.2340120078740157
11
0.2257677165354331
21
-0.2337580708661417
0
LINE
8
BLACK
6
CONTINUOUS
10
0.2257677165354331
20
-0.2337580708661417
11
0.2257677165354331
21
-0.2075026377952756
0
LINE
8
BLACK
6
CONTINUOUS
10
0.2257677165354331
20
-0.2075026377952756
11
0.2254502362204724
21
-0.2065256299212598
0
LINE
8
BLACK
6
CONTINUOUS
10
0.2254502362204724
20
-0.2065256299212598
11
0.2253435826771653
21
-0.2060812204724409
0
LINE
8
BLACK
6
CONTINUOUS
10
0.2253435826771653
20
-0.2060812204724409
11
0.2251829133858268
21
-0.2050667322834646
0
LINE
8
BLACK
6
CONTINUOUS
10
0.2251829133858268
20
-0.2050667322834646
11
0.2247166535433071
21
-0.2041517322834646
0
LINE
8
BLACK
6
CONTINUOUS
10
0.2247166535433071
20
-0.2041517322834646
11
0.2245416141732283
21
-0.2037292125984252
0
LINE
8
BLACK
6
CONTINUOUS
10
0.2245416141732283
20
-0.2037292125984252
11
0.224500905511811
21
-0.203603937007874
0
LINE
8
BLACK
6
CONTINUOUS
10
0.224500905511811
20
-0.203603937007874
11
0.2242242519685039
21
-0.2027523622047244
0
LINE
8
BLACK
6
CONTINUOUS
10
0.2242242519685039
20
-0.2027523622047244
11
0.2236202362204724
21
-0.2019209842519685
0
LINE
8
BLACK
6
CONTINUOUS
10
0.2236202362204724
20
-0.2019209842519685
11
0.2233816929133858
21
-0.2015317322834645
0
LINE
8
BLACK
6
CONTINUOUS
10
0.2233816929133858
20
-0.2015317322834645
11
0.2229153543307087
21
-0.2006164566929134
0
LINE
8
BLACK
6
CONTINUOUS
10
0.2229153543307087
20
-0.2006164566929134
11
0.2221288188976378
21
-0.1998299212598425
0
LINE
8
BLACK
6
CONTINUOUS
10
0.2221288188976378
20
-0.1998299212598425
11
0.2221286614173228
21
-0.1998297244094488
0
LINE
8
BLACK
6
CONTINUOUS
10
0.2221286614173228
20
-0.1998297244094488
11
0.1883135039370079
21
-0.1660145669291339
0
LINE
8
BLACK
6
CONTINUOUS
10
0.1883135039370079
20
-0.1660145669291339
11
0.1883129133858268
21
-0.1660140157480315
0
LINE
8
BLACK
6
CONTINUOUS
10
0.1883129133858268
20
-0.1660140157480315
11
0.1874978346456693
21
-0.165198937007874
0
LINE
8
BLACK
6
CONTINUOUS
10
0.1874978346456693
20
-0.165198937007874
11
0.1865825984251968
21
-0.1647325590551181
0
LINE
8
BLACK
6
CONTINUOUS
10
0.1865825984251968
20
-0.1647325590551181
11
0.1861929527559055
21
-0.1644937795275591
0
LINE
8
BLACK
6
CONTINUOUS
10
0.1861929527559055
20
-0.1644937795275591
11
0.1853619291338583
21
-0.1638900393700787
0
LINE
8
BLACK
6
CONTINUOUS
10
0.1853619291338583
20
-0.1638900393700787
11
0.1853618897637795
21
-0.16389
0
LINE
8
BLACK
6
CONTINUOUS
10
0.1853618897637795
20
-0.16389
11
0.1843850787401575
21
-0.1635726377952756
0
LINE
8
BLACK
6
CONTINUOUS
10
0.1843850787401575
20
-0.1635726377952756
11
0.1839627165354331
21
-0.1633977165354331
0
LINE
8
BLACK
6
CONTINUOUS
10
0.1839627165354331
20
-0.1633977165354331
11
0.1830474803149606
21
-0.1629313779527559
0
LINE
8
BLACK
6
CONTINUOUS
10
0.1830474803149606
20
-0.1629313779527559
11
0.1830472440944882
21
-0.1629312992125984
0
LINE
8
BLACK
6
CONTINUOUS
10
0.1830472440944882
20
-0.1629312992125984
11
0.1820329527559055
21
-0.1627706299212598
0
LINE
8
BLACK
6
CONTINUOUS
10
0.1820329527559055
20
-0.1627706299212598
11
0.1815887007874016
21
-0.1626640157480315
0
LINE
8
BLACK
6
CONTINUOUS
10
0.1815887007874016
20
-0.1626640157480315
11
0.1809257086614173
21
-0.1624486220472441
0
LINE
8
BLACK
6
CONTINUOUS
10
0.1809257086614173
20
-0.1624486220472441
11
0.1806116929133858
21
-0.1623466141732283
0
LINE
8
BLACK
6
CONTINUOUS
10
0.1806116929133858
20
-0.1623466141732283
11
0.1793552362204724
21
-0.1623466141732283
0
LINE
8
BLACK
6
CONTINUOUS
10
0.1793552362204724
20
-0.1623466141732283
11
-0.0918355511811024
21
-0.1623466141732283
0
LINE
8
BLACK
6
CONTINUOUS
10
-0.0918355511811024
20
-0.1623466141732283
11
-0.0919554330708661
21
-0.1623466141732283
0
LINE
8
BLACK
6
CONTINUOUS
10
-0.0919554330708661
20
-0.1623466141732283
11
-0.0919563779527559
21
-0.1623466535433071
0
LINE
8
BLACK
6
CONTINUOUS
10
-0.0919563779527559
20
-0.1623466535433071
11
-0.0930920078740157
21
-0.1623466535433071
0
LINE
8
BLACK
6
CONTINUOUS
10
-0.0930920078740157
20
-0.1623466535433071
11
-0.0940687401574803
21
-0.1626639763779527
0
LINE
8
BLACK
6
CONTINUOUS
10
-0.0940687401574803
20
-0.1626639763779527
11
-0.0945131102362205
21
-0.1627706692913386
0
LINE
8
BLACK
6
CONTINUOUS
10
-0.0945131102362205
20
-0.1627706692913386
11
-0.095527874015748
21
-0.1629314173228346
0
LINE
8
BLACK
6
CONTINUOUS
10
-0.095527874015748
20
-0.1629314173228346
11
-0.0964431102362205
21
-0.1633977165354331
0
LINE
8
BLACK
6
CONTINUOUS
10
-0.0964431102362205
20
-0.1633977165354331
11
-0.0968652362204724
21
-0.1635725590551181
0
LINE
8
BLACK
6
CONTINUOUS
10
-0.0968652362204724
20
-0.1635725590551181
11
-0.0978422834645669
21
-0.1638900393700787
0
LINE
8
BLACK
6
CONTINUOUS
10
-0.0978422834645669
20
-0.1638900393700787
11
-0.0978423622047244
21
-0.1638900787401575
0
LINE
8
BLACK
6
CONTINUOUS
10
-0.0978423622047244
20
-0.1638900787401575
11
-0.0986732283464567
21
-0.1644937795275591
0
LINE
8
BLACK
6
CONTINUOUS
10
-0.0986732283464567
20
-0.1644937795275591
11
-0.0990629921259843
21
-0.1647326377952756
0
LINE
8
BLACK
6
CONTINUOUS
10
-0.0990629921259843
20
-0.1647326377952756
11
-0.0999781889763779
21
-0.165198937007874
0
LINE
8
BLACK
6
CONTINUOUS
10
-0.0999781889763779
20
-0.165198937007874
11
-0.1008666535433071
21
-0.1660874409448819
0
LINE
8
BLACK
6
CONTINUOUS
10
-0.1008666535433071
20
-0.1660874409448819
11
-0.157803937007874
21
-0.2230246456692913
0
LINE
8
BLACK
6
CONTINUOUS
10
-0.157803937007874
20
-0.2230246456692913
11
-0.1596101181102362
21
-0.2238668503937008
0
LINE
8
BLACK
6
CONTINUOUS
10
-0.1596101181102362
20
-0.2238668503937008
11
-0.1598640157480315
21
-0.2238779527559055
0
LINE
8
BLACK
6
CONTINUOUS
10
-0.1598640157480315
20
-0.2238779527559055
11
-0.1637306692913386
21
-0.2238779527559055
0
LINE
8
BLACK
6
CONTINUOUS
10
-0.1637306692913386
20
-0.2238779527559055
11
-0.1656033464566929
21
-0.2231963385826772
0
LINE
8
BLACK
6
CONTINUOUS
10
-0.1656033464566929
20
-0.2231963385826772
11
-0.1657907480314961
21
-0.2230246456692913
0
LINE
8
BLACK
6
CONTINUOUS
10
-0.1657907480314961
20
-0.2230246456692913
11
-0.1978008267716535
21
-0.1910145669291338
0
LINE
8
BLACK
6
CONTINUOUS
10
-0.1978008267716535
20
-0.1910145669291338
11
-0.1978014173228346
21
-0.1910140157480315
0
LINE
8
BLACK
6
CONTINUOUS
10
-0.1978014173228346
20
-0.1910140157480315
11
-0.1986164960629921
21
-0.190198937007874
0
LINE
8
BLACK
6
CONTINUOUS
10
-0.1986164960629921
20
-0.190198937007874
11
-0.1995317322834646
21
-0.1897325590551181
0
LINE
8
BLACK
6
CONTINUOUS
10
-0.1995317322834646
20
-0.1897325590551181
11
-0.1999213779527559
21
-0.1894937795275591
0
LINE
8
BLACK
6
CONTINUOUS
10
-0.1999213779527559
20
-0.1894937795275591
11
-0.2007524015748031
21
-0.1888900393700787
0
LINE
8
BLACK
6
CONTINUOUS
10
-0.2007524015748031
20
-0.1888900393700787
11
-0.2007524409448819
21
-0.18889
0
LINE
8
BLACK
6
CONTINUOUS
10
-0.2007524409448819
20
-0.18889
11
-0.2017292519685039
21
-0.1885726377952756
0
LINE
8
BLACK
6
CONTINUOUS
10
-0.2017292519685039
20
-0.1885726377952756
11
-0.2021516141732284
21
-0.1883977165354331
0
LINE
8
BLACK
6
CONTINUOUS
10
-0.2021516141732284
20
-0.1883977165354331
11
-0.2030668503937008
21
-0.1879313779527559
0
LINE
8
BLACK
6
CONTINUOUS
10
-0.2030668503937008
20
-0.1879313779527559
11
-0.2030670866141732
21
-0.1879312992125984
0
LINE
8
BLACK
6
CONTINUOUS
10
-0.2030670866141732
20
-0.1879312992125984
11
-0.2040813779527559
21
-0.1877706299212598
0
LINE
8
BLACK
6
CONTINUOUS
10
-0.2040813779527559
20
-0.1877706299212598
11
-0.2045256299212598
21
-0.1876640157480315
0
LINE
8
BLACK
6
CONTINUOUS
10
-0.2045256299212598
20
-0.1876640157480315
11
-0.2051886220472441
21
-0.1874486220472441
0
LINE
8
BLACK
6
CONTINUOUS
10
-0.2051886220472441
20
-0.1874486220472441
11
-0.2055026377952756
21
-0.1873466141732283
0
LINE
8
BLACK
6
CONTINUOUS
10
-0.2055026377952756
20
-0.1873466141732283
11
-0.2055026771653543
21
-0.1873466141732283
0
LINE
8
BLACK
6
CONTINUOUS
10
-0.2055026771653543
20
-0.1873466141732283
11
-0.2622620078740158
21
-0.1873466141732283
0
LINE
8
BLACK
6
CONTINUOUS
10
-0.2622620078740158
20
-0.1873466141732283
11
-0.2641346850393701
21
-0.186665
0
LINE
8
BLACK
6
CONTINUOUS
10
-0.2641346850393701
20
-0.186665
11
-0.2643220866141732
21
-0.1864933070866142
0
LINE
8
BLACK
6
CONTINUOUS
10
-0.2643220866141732
20
-0.1864933070866142
11
-0.2683002362204724
21
-0.182515157480315
0
LINE
8
BLACK
6
CONTINUOUS
10
-0.2683002362204724
20
-0.182515157480315
11
-0.2691424409448819
21
-0.1807090157480315
0
LINE
8
BLACK
6
CONTINUOUS
10
-0.2691424409448819
20
-0.1807090157480315
11
-0.2691535433070866
21
-0.1804550787401575
0
LINE
8
BLACK
6
CONTINUOUS
10
-0.2691535433070866
20
-0.1804550787401575
11
-0.2691535433070866
21
-0.1043444488188976
0
LINE
8
BLACK
6
CONTINUOUS
10
-0.2691535433070866
20
-0.1043444488188976
11
-0.2691535433070866
21
-0.1043441732283465
0
LINE
8
BLACK
6
CONTINUOUS
10
-0.2691535433070866
20
-0.1043441732283465
11
-0.2697610236220472
21
-0.0999244094488189
0
LINE
8
BLACK
6
CONTINUOUS
10
-0.2697610236220472
20
-0.0999244094488189
11
-0.2721346456692914
21
-0.094459842519685
0
LINE
8
BLACK
6
CONTINUOUS
10
-0.2721346456692914
20
-0.094459842519685
11
-0.2758945669291338
21
-0.0898382677165354
0
LINE
8
BLACK
6
CONTINUOUS
10
-0.2758945669291338
20
-0.0898382677165354
11
-0.2758946062992126
21
-0.0898382283464567
0
LINE
8
BLACK
6
CONTINUOUS
10
-0.2758946062992126
20
-0.0898382283464567
11
-0.2758946456692913
21
-0.089838188976378
0
LINE
8
BLACK
6
CONTINUOUS
10
-0.2758946456692913
20
-0.089838188976378
11
-0.2807619291338583
21
-0.0864024803149606
0
LINE
8
BLACK
6
CONTINUOUS
10
-0.2807619291338583
20
-0.0864024803149606
11
-0.2807620078740157
21
-0.0864024409448819
0
LINE
8
BLACK
6
CONTINUOUS
10
-0.2807620078740157
20
-0.0864024409448819
11
-0.2863756299212598
21
-0.0844073622047244
0
LINE
8
BLACK
6
CONTINUOUS
10
-0.2863756299212598
20
-0.0844073622047244
11
-0.2863756692913386
21
-0.0844073228346457
0
LINE
8
BLACK
6
CONTINUOUS
10
-0.2863756692913386
20
-0.0844073228346457
11
-0.2863757480314961
21
-0.0844073228346457
0
LINE
8
BLACK
6
CONTINUOUS
10
-0.2863757480314961
20
-0.0844073228346457
11
-0.286375905511811
21
-0.0844072834645669
0
LINE
8
BLACK
6
CONTINUOUS
10
-0.286375905511811
20
-0.0844072834645669
11
-0.2863760236220472
21
-0.0844072834645669
0
LINE
8
BLACK
6
CONTINUOUS
10
-0.2863760236220472
20
-0.0844072834645669
11
-0.2923196850393701
21
-0.0840007086614173
0
LINE
8
BLACK
6
CONTINUOUS
10
-0.2923196850393701
20
-0.0840007086614173
11
-0.298152874015748
21
-0.085212874015748
0
LINE
8
BLACK
6
CONTINUOUS
10
-0.298152874015748
20
-0.085212874015748
11
-0.2981529527559055
21
-0.0852129133858268
0
LINE
8
BLACK
6
CONTINUOUS
10
-0.2981529527559055
20
-0.0852129133858268
11
-0.303442874015748
21
-0.087953937007874
0
LINE
8
BLACK
6
CONTINUOUS
10
-0.303442874015748
20
-0.087953937007874
11
-0.3077970472440945
21
-0.0920204724409449
0
LINE
8
BLACK
6
CONTINUOUS
10
-0.3077970472440945
20
-0.0920204724409449
11
-0.3108925984251968
21
-0.0971108661417323
0
LINE
8
BLACK
6
CONTINUOUS
10
-0.3108925984251968
20
-0.0971108661417323
11
-0.3108925984251968
21
-0.097110905511811
0
LINE
8
BLACK
6
CONTINUOUS
10
-0.3108925984251968
20
-0.097110905511811
11
-0.3125
21
-0.1028477559055118
0
LINE
8
BLACK
6
CONTINUOUS
10
-0.3125
20
-0.1028477559055118
11
-0.3125
21
-0.1821126771653543
0
LINE
8
BLACK
6
CONTINUOUS
10
-0.3125
20
-0.1821126771653543
11
-0.3118925590551181
21
-0.186532125984252
0
LINE
8
BLACK
6
CONTINUOUS
10
-0.3118925590551181
20
-0.186532125984252
11
-0.3118925196850393
21
-0.1865322834645669
0
LINE
8
BLACK
6
CONTINUOUS
10
-0.3118925196850393
20
-0.1865322834645669
11
-0.3095188976377953
21
-0.1919968503937008
0
LINE
8
BLACK
6
CONTINUOUS
10
-0.3095188976377953
20
-0.1919968503937008
11
-0.3057589763779527
21
-0.1966184251968504
0
LINE
8
BLACK
6
CONTINUOUS
10
-0.3057589763779527
20
-0.1966184251968504
11
-0.3008916141732284
21
-0.2000542125984252
0
LINE
8
BLACK
6
CONTINUOUS
10
-0.3008916141732284
20
-0.2000542125984252
11
-0.2952777952755906
21
-0.2020493700787402
0
LINE
8
BLACK
6
CONTINUOUS
10
-0.2952777952755906
20
-0.2020493700787402
11
-0.2943126377952756
21
-0.2021153543307087
0
LINE
8
BLACK
6
CONTINUOUS
10
-0.2943126377952756
20
-0.2021153543307087
11
-0.2924908661417323
21
-0.2029231496062992
0
LINE
8
BLACK
6
CONTINUOUS
10
-0.2924908661417323
20
-0.2029231496062992
11
-0.2924513779527559
21
-0.2029618897637795
0
LINE
8
BLACK
6
CONTINUOUS
10
-0.2924513779527559
20
-0.2029618897637795
11
-0.2801704724409449
21
-0.2152427952755905
0
LINE
8
BLACK
6
CONTINUOUS
10
-0.2801704724409449
20
-0.2152427952755905
11
-0.2801700787401575
21
-0.2152431496062992
0
LINE
8
BLACK
6
CONTINUOUS
10
-0.2801700787401575
20
-0.2152431496062992
11
-0.2793835433070866
21
-0.2160296850393701
0
LINE
8
BLACK
6
CONTINUOUS
10
-0.2793835433070866
20
-0.2160296850393701
11
-0.2784682677165354
21
-0.2164960236220472
0
LINE
8
BLACK
6
CONTINUOUS
10
-0.2784682677165354
20
-0.2164960236220472
11
-0.2780790157480315
21
-0.2167345669291338
0
LINE
8
BLACK
6
CONTINUOUS
10
-0.2780790157480315
20
-0.2167345669291338
11
-0.2772476377952756
21
-0.2173385826771654
0
LINE
8
BLACK
6
CONTINUOUS
10
-0.2772476377952756
20
-0.2173385826771654
11
-0.2762706299212598
21
-0.2176559842519685
0
LINE
8
BLACK
6
CONTINUOUS
10
-0.2762706299212598
20
-0.2176559842519685
11
-0.2758482677165354
21
-0.2178309842519685
0
LINE
8
BLACK
6
CONTINUOUS
10
-0.2758482677165354
20
-0.2178309842519685
11
-0.2749332283464567
21
-0.2182972440944882
0
LINE
8
BLACK
6
CONTINUOUS
10
-0.2749332283464567
20
-0.2182972440944882
11
-0.2749332677165354
21
-0.2182972440944882
0
LINE
8
BLACK
6
CONTINUOUS
10
-0.2749332677165354
20
-0.2182972440944882
11
-0.2739187795275591
21
-0.2184579133858268
0
LINE
8
BLACK
6
CONTINUOUS
10
-0.2739187795275591
20
-0.2184579133858268
11
-0.2734743700787401
21
-0.2185645669291338
0
LINE
8
BLACK
6
CONTINUOUS
10
-0.2734743700787401
20
-0.2185645669291338
11
-0.2724973622047244
21
-0.2188820472440945
0
LINE
8
BLACK
6
CONTINUOUS
10
-0.2724973622047244
20
-0.2188820472440945
11
-0.271240905511811
21
-0.2188820472440945
0
LINE
8
BLACK
6
CONTINUOUS
10
-0.271240905511811
20
-0.2188820472440945
11
-0.2157379921259842
21
-0.2188820472440945
0
LINE
8
BLACK
6
CONTINUOUS
10
-0.2157379921259842
20
-0.2188820472440945
11
-0.2138653149606299
21
-0.2195636614173228
0
LINE
8
BLACK
6
CONTINUOUS
10
-0.2138653149606299
20
-0.2195636614173228
11
-0.2136779133858268
21
-0.2197353543307086
0
LINE
8
BLACK
6
CONTINUOUS
10
-0.2136779133858268
20
-0.2197353543307086
11
-0.1874477952755906
21
-0.2459654724409449
0
LINE
8
BLACK
6
CONTINUOUS
10
-0.1874477952755906
20
-0.2459654724409449
11
-0.1866055905511811
21
-0.2477716141732283
0
LINE
8
BLACK
6
CONTINUOUS
10
-0.1866055905511811
20
-0.2477716141732283
11
-0.1865944881889764
21
-0.2480255511811024
0
LINE
8
BLACK
6
CONTINUOUS
10
-0.1865944881889764
20
-0.2480255511811024
11
-0.1865944881889764
21
-0.2566346062992126
0
LINE
8
BLACK
6
CONTINUOUS
10
-0.1865944881889764
20
-0.2566346062992126
11
-0.1860097244094488
21
-0.2603269291338582
0
LINE
8
BLACK
6
CONTINUOUS
10
-0.1860097244094488
20
-0.2603269291338582
11
-0.1860096850393701
21
-0.2603270078740157
0
LINE
8
BLACK
6
CONTINUOUS
10
-0.1860096850393701
20
-0.2603270078740157
11
-0.1843605118110236
21
-0.2635636220472441
0
LINE
8
BLACK
6
CONTINUOUS
10
-0.1843605118110236
20
-0.2635636220472441
11
-0.183742125984252
21
-0.2647772440944882
0
LINE
8
BLACK
6
CONTINUOUS
10
-0.183742125984252
20
-0.2647772440944882
11
-0.1802103149606299
21
-0.2683090551181102
0
LINE
8
BLACK
6
CONTINUOUS
10
-0.1802103149606299
20
-0.2683090551181102
11
-0.17576
21
-0.2705766141732283
0
LINE
8
BLACK
6
CONTINUOUS
10
-0.17576
20
-0.2705766141732283
11
-0.1720676771653543
21
-0.2711614173228347
0
LINE
8
BLACK
6
CONTINUOUS
10
-0.1720676771653543
20
-0.2711614173228347
11
-0.1480135826771654
21
-0.2711613779527559
0
LINE
8
BLACK
6
CONTINUOUS
10
-0.1480135826771654
20
-0.2711613779527559
11
-0.146140905511811
21
-0.2718429921259842
0
LINE
8
BLACK
6
CONTINUOUS
10
-0.146140905511811
20
-0.2718429921259842
11
-0.1451444488188976
21
-0.2735688582677165
0
LINE
8
BLACK
6
CONTINUOUS
10
-0.1451444488188976
20
-0.2735688582677165
11
-0.1454905118110236
21
-0.2755314566929134
0
LINE
8
BLACK
6
CONTINUOUS
10
-0.1454905118110236
20
-0.2755314566929134
11
-0.1459535039370079
21
-0.276134842519685
0
LINE
8
BLACK
6
CONTINUOUS
10
-0.1459535039370079
20
-0.276134842519685
11
-0.1578039763779528
21
-0.2879852755905511
0
LINE
8
BLACK
6
CONTINUOUS
10
-0.1578039763779528
20
-0.2879852755905511
11
-0.159610157480315
21
-0.2888274803149606
0
LINE
8
BLACK
6
CONTINUOUS
10
-0.159610157480315
20
-0.2888274803149606
11
-0.1598640551181102
21
-0.2888385826771653
0
LINE
8
BLACK
6
CONTINUOUS
10
-0.1598640551181102
20
-0.2888385826771653
11
-0.1720677165354331
21
-0.2888385826771653
0
LINE
8
BLACK
6
CONTINUOUS
10
-0.1720677165354331
20
-0.2888385826771653
11
-0.1757600393700787
21
-0.2894233464566929
0
LINE
8
BLACK
6
CONTINUOUS
10
-0.1757600393700787
20
-0.2894233464566929
11
-0.1757601181102362
21
-0.2894233858267716
0
LINE
8
BLACK
6
CONTINUOUS
10
-0.1757601181102362
20
-0.2894233858267716
11
-0.1802103543307086
21
-0.2916909448818897
0
LINE
8
BLACK
6
CONTINUOUS
10
-0.1802103543307086
20
-0.2916909448818897
11
-0.1837420866141732
21
-0.2952226771653543
0
LINE
8
BLACK
6
CONTINUOUS
10
-0.1837420866141732
20
-0.2952226771653543
11
-0.1860097244094488
21
-0.2996731496062992
0
LINE
8
BLACK
6
CONTINUOUS
10
-0.1860097244094488
20
-0.2996731496062992
11
-0.1865944881889764
21
-0.3033653543307087
0
LINE
8
BLACK
6
CONTINUOUS
10
-0.1865944881889764
20
-0.3033653543307087
11
-0.1865944881889764
21
-0.3215952362204724
0
LINE
8
BLACK
6
CONTINUOUS
10
-0.1865944881889764
20
-0.3215952362204724
11
-0.1860097244094488
21
-0.3252875590551181
0
LINE
8
BLACK
6
CONTINUOUS
10
-0.1860097244094488
20
-0.3252875590551181
11
-0.1860096850393701
21
-0.3252876377952756
0
LINE
8
BLACK
6
CONTINUOUS
10
-0.1860096850393701
20
-0.3252876377952756
11
-0.184698031496063
21
-0.3278618110236221
0
LINE
8
BLACK
6
CONTINUOUS
10
-0.184698031496063
20
-0.3278618110236221
11
-0.183742125984252
21
-0.329737874015748
0
LINE
8
BLACK
6
CONTINUOUS
10
-0.183742125984252
20
-0.329737874015748
11
-0.1802103149606299
21
-0.33326968503937
0
LINE
8
BLACK
6
CONTINUOUS
10
-0.1802103149606299
20
-0.33326968503937
11
-0.17576
21
-0.3355372440944882
0
LINE
8
BLACK
6
CONTINUOUS
10
-0.17576
20
-0.3355372440944882
11
-0.1720676771653543
21
-0.3361220472440945
0
LINE
8
BLACK
6
CONTINUOUS
10
-0.1720676771653543
20
-0.3361220472440945
11
-0.1479323622047244
21
-0.3361220078740157
0
LINE
8
BLACK
6
CONTINUOUS
10
-0.1479323622047244
20
-0.3361220078740157
11
-0.1479323228346457
21
-0.3361220078740157
0
LINE
8
BLACK
6
CONTINUOUS
10
-0.1479323228346457
20
-0.3361220078740157
11
-0.14424
21
-0.3355372440944882
0
LINE
8
BLACK
6
CONTINUOUS
10
-0.14424
20
-0.3355372440944882
11
-0.1442399212598425
21
-0.3355372047244095
0
LINE
8
BLACK
6
CONTINUOUS
10
-0.1442399212598425
20
-0.3355372047244095
11
-0.1441567322834646
21
-0.3354948031496063
0
LINE
8
BLACK
6
CONTINUOUS
10
-0.1441567322834646
20
-0.3354948031496063
11
-0.1397896850393701
21
-0.33326968503937
0
LINE
8
BLACK
6
CONTINUOUS
10
-0.1397896850393701
20
-0.33326968503937
11
-0.136257874015748
21
-0.329737874015748
0
LINE
8
BLACK
6
CONTINUOUS
10
-0.136257874015748
20
-0.329737874015748
11
-0.1339903149606299
21
-0.3252875590551181
0
LINE
8
BLACK
6
CONTINUOUS
10
-0.1339903149606299
20
-0.3252875590551181
11
-0.1334055118110236
21
-0.3215952362204724
0
LINE
8
BLACK
6
CONTINUOUS
10
-0.1334055118110236
20
-0.3215952362204724
11
-0.1334055511811024
21
-0.3093914566929134
0
LINE
8
BLACK
6
CONTINUOUS
10
-0.1334055511811024
20
-0.3093914566929134
11
-0.132723937007874
21
-0.3075188188976378
0
LINE
8
BLACK
6
CONTINUOUS
10
-0.132723937007874
20
-0.3075188188976378
11
-0.1325526771653543
21
-0.3073318503937008
0
LINE
8
BLACK
6
CONTINUOUS
10
-0.1325526771653543
20
-0.3073318503937008
11
-0.1174323622047244
21
-0.2922115748031496
0
LINE
8
BLACK
6
CONTINUOUS
10
-0.1174323622047244
20
-0.2922115748031496
11
-0.1156261811023622
21
-0.2913693700787401
0
LINE
8
BLACK
6
CONTINUOUS
10
-0.1156261811023622
20
-0.2913693700787401
11
-0.1153722834645669
21
-0.2913582677165354
0
LINE
8
BLACK
6
CONTINUOUS
10
-0.1153722834645669
20
-0.2913582677165354
11
-0.1143503937007874
21
-0.2913582677165354
0
LINE
8
BLACK
6
CONTINUOUS
10
-0.1143503937007874
20
-0.2913582677165354
11
-0.1124777165354331
21
-0.2920398818897638
0
LINE
8
BLACK
6
CONTINUOUS
10
-0.1124777165354331
20
-0.2920398818897638
11
-0.1114812598425197
21
-0.2937657480314961
0
LINE
8
BLACK
6
CONTINUOUS
10
-0.1114812598425197
20
-0.2937657480314961
11
-0.1114370078740157
21
-0.2942716535433071
0
LINE
8
BLACK
6
CONTINUOUS
10
-0.1114370078740157
20
-0.2942716535433071
11
-0.1114370078740157
21
-0.3058955905511811
0
LINE
8
BLACK
6
CONTINUOUS
10
-0.1114370078740157
20
-0.3058955905511811
11
-0.111235
21
-0.306911220472441
0
LINE
8
BLACK
6
CONTINUOUS
10
-0.111235
20
-0.306911220472441
11
-0.1109790157480315
21
-0.3081981102362205
0
LINE
8
BLACK
6
CONTINUOUS
10
-0.1109790157480315
20
-0.3081981102362205
11
-0.1101815748031496
21
-0.3093914960629921
0
LINE
8
BLACK
6
CONTINUOUS
10
-0.1101815748031496
20
-0.3093914960629921
11
-0.1092343307086614
21
-0.3108091338582677
0
LINE
8
BLACK
6
CONTINUOUS
10
-0.1092343307086614
20
-0.3108091338582677
11
-0.1085468897637795
21
-0.3112684645669291
0
LINE
8
BLACK
6
CONTINUOUS
10
-0.1085468897637795
20
-0.3112684645669291
11
-0.1066233464566929
21
-0.312553779527559
0
LINE
8
BLACK
6
CONTINUOUS
10
-0.1066233464566929
20
-0.312553779527559
11
-0.1066233070866142
21
-0.312553779527559
0
LINE
8
BLACK
6
CONTINUOUS
10
-0.1066233070866142
20
-0.312553779527559
11
-0.1066232677165354
21
-0.3125538188976378
0
LINE
8
BLACK
6
CONTINUOUS
10
-0.1066232677165354
20
-0.3125538188976378
11
-0.1043207874015748
21
-0.313011811023622
0
LINE
8
BLACK
6
CONTINUOUS
10
-0.1043207874015748
20
-0.313011811023622
11
-0.0639900787401575
21
-0.313011811023622
0
LINE
8
BLACK
6
CONTINUOUS
10
-0.0639900787401575
20
-0.313011811023622
11
-0.0621174015748031
21
-0.3136934251968504
0
LINE
8
BLACK
6
CONTINUOUS
10
-0.0621174015748031
20
-0.3136934251968504
11
-0.0612524015748031
21
-0.314928779527559
0
LINE
8
BLACK
6
CONTINUOUS
10
-0.0612524015748031
20
-0.314928779527559
11
-0.0594576771653543
21
-0.319859842519685
0
LINE
8
BLACK
6
CONTINUOUS
10
-0.0594576771653543
20
-0.319859842519685
11
-0.0594575590551181
21
-0.3198601574803149
0
LINE
8
BLACK
6
CONTINUOUS
10
-0.0594575590551181
20
-0.3198601574803149
11
-0.0567334645669291
21
-0.3245783858267716
0
LINE
8
BLACK
6
CONTINUOUS
10
-0.0567334645669291
20
-0.3245783858267716
11
-0.0560114960629921
21
-0.3258288582677165
0
LINE
8
BLACK
6
CONTINUOUS
10
-0.0560114960629921
20
-0.3258288582677165
11
-0.0515812204724409
21
-0.3311087007874016
0
LINE
8
BLACK
6
CONTINUOUS
10
-0.0515812204724409
20
-0.3311087007874016
11
-0.0515811811023622
21
-0.3311087401574803
0
LINE
8
BLACK
6
CONTINUOUS
10
-0.0515811811023622
20
-0.3311087401574803
11
-0.0515811023622047
21
-0.3311088188976378
0
LINE
8
BLACK
6
CONTINUOUS
10
-0.0515811023622047
20
-0.3311088188976378
11
-0.0515809448818898
21
-0.331108937007874
0
LINE
8
BLACK
6
CONTINUOUS
10
-0.0515809448818898
20
-0.331108937007874
11
-0.0463014173228346
21
-0.3355390157480315
0
LINE
8
BLACK
6
CONTINUOUS
10
-0.0463014173228346
20
-0.3355390157480315
11
-0.0403324803149606
21
-0.3389851968503937
0
LINE
8
BLACK
6
CONTINUOUS
10
-0.0403324803149606
20
-0.3389851968503937
11
-0.0338558267716535
21
-0.3413425196850394
0
LINE
8
BLACK
6
CONTINUOUS
10
-0.0338558267716535
20
-0.3413425196850394
11
-0.0270682283464567
21
-0.3425393700787401
0
LINE
8
BLACK
6
CONTINUOUS
10
-0.0270682283464567
20
-0.3425393700787401
11
-0.0250314566929134
21
-0.3425393700787401
0
LINE
8
BLACK
6
CONTINUOUS
10
-0.0250314566929134
20
-0.3425393700787401
11
0.021027874015748
21
-0.3425393700787401
0
LINE
8
BLACK
6
CONTINUOUS
10
0.021027874015748
20
-0.3425393700787401
11
0.0224151181102362
21
-0.3425393700787401
0
LINE
8
BLACK
6
CONTINUOUS
10
0.0224151181102362
20
-0.3425393700787401
11
0.0224155511811024
21
-0.3425395275590551
0
LINE
8
BLACK
6
CONTINUOUS
10
0.0224155511811024
20
-0.3425395275590551
11
0.0236220472440945
21
-0.3425395275590551
0
LINE
8
BLACK
6
CONTINUOUS
10
0.0236220472440945
20
-0.3425395275590551
11
0.0270680708661417
21
-0.3425395275590551
0
LINE
8
BLACK
6
CONTINUOUS
10
0.0270680708661417
20
-0.3425395275590551
11
0.0270682283464567
21
-0.3425395275590551
0
LINE
8
BLACK
6
CONTINUOUS
10
0.0270682283464567
20
-0.3425395275590551
11
0.0338558661417323
21
-0.3413426771653543
0
LINE
8
BLACK
6
CONTINUOUS
10
0.0338558661417323
20
-0.3413426771653543
11
0.0403325590551181
21
-0.3389853543307086
0
LINE
8
BLACK
6
CONTINUOUS
10
0.0403325590551181
20
-0.3389853543307086
11
0.0463014960629921
21
-0.3355391732283465
0
LINE
8
BLACK
6
CONTINUOUS
10
0.0463014960629921
20
-0.3355391732283465
11
0.0515813385826772
21
-0.3311088188976378
0
LINE
8
BLACK
6
CONTINUOUS
10
0.0515813385826772
20
-0.3311088188976378
11
0.0560116141732283
21
-0.325828937007874
0
LINE
8
BLACK
6
CONTINUOUS
10
0.0560116141732283
20
-0.325828937007874
11
0.0594577559055118
21
-0.31986
0
LINE
8
BLACK
6
CONTINUOUS
10
0.0594577559055118
20
-0.31986
11
0.0618150393700787
21
-0.3133832677165354
0
LINE
8
BLACK
6
CONTINUOUS
10
0.0618150393700787
20
-0.3133832677165354
11
0.0630118503937008
21
-0.3065956299212598
0
LINE
8
BLACK
6
CONTINUOUS
10
0.0630118503937008
20
-0.3065956299212598
11
0.0630118503937008
21
-0.3051181102362205
0
LINE
8
BLACK
6
CONTINUOUS
10
0.0630118503937008
20
-0.3051181102362205
11
0.0444881889763779
21
-0.3051181102362205
0
LINE
8
BLACK
6
CONTINUOUS
10
0.0444881889763779
20
-0.3051181102362205
11
0.0444881889763779
21
-0.2460629921259843
0
LINE
8
BLACK
6
CONTINUOUS
10
0.0444881889763779
20
-0.2460629921259843
11
0.063011968503937
21
-0.2460629921259843
0
LINE
8
BLACK
6
CONTINUOUS
10
0.063011968503937
20
-0.2460629921259843
11
0.063011968503937
21
-0.2445852755905512
0
LINE
8
BLACK
6
CONTINUOUS
10
0.063011968503937
20
-0.2445852755905512
11
0.063011968503937
21
-0.2445851968503937
0
LINE
8
BLACK
6
CONTINUOUS
10
0.063011968503937
20
-0.2445851968503937
11
0.0618150787401575
21
-0.2377975984251968
0
LINE
8
BLACK
6
CONTINUOUS
10
0.0618150787401575
20
-0.2377975984251968
11
0.0594577165354331
21
-0.2313209448818898
0
LINE
8
BLACK
6
CONTINUOUS
10
0.0594577165354331
20
-0.2313209448818898
11
0.0560115354330709
21
-0.2253520472440945
0
LINE
8
BLACK
6
CONTINUOUS
10
0.0560115354330709
20
-0.2253520472440945
11
0.0520194488188976
21
-0.2205944881889764
0
LINE
8
BLACK
6
CONTINUOUS
10
0.0520194488188976
20
-0.2205944881889764
11
0.0515813385826772
21
-0.2200723622047244
0
LINE
8
BLACK
6
CONTINUOUS
10
0.0515813385826772
20
-0.2200723622047244
11
0.0515812598425197
21
-0.2200722834645669
0
LINE
8
BLACK
6
CONTINUOUS
10
0.0515812598425197
20
-0.2200722834645669
11
0.0511797244094488
21
-0.2197353543307086
0
LINE
8
BLACK
6
CONTINUOUS
10
0.0511797244094488
20
-0.2197353543307086
11
0.0463013779527559
21
-0.2156420078740157
0
LINE
8
BLACK
6
CONTINUOUS
10
0.0463013779527559
20
-0.2156420078740157
11
0.0456105118110236
21
-0.2152431496062992
0
LINE
8
BLACK
6
CONTINUOUS
10
0.0456105118110236
20
-0.2152431496062992
11
0.0435266535433071
21
-0.2140400393700787
0
LINE
8
BLACK
6
CONTINUOUS
10
0.0435266535433071
20
-0.2140400393700787
11
0.0403324409448819
21
-0.2121958661417323
0
LINE
8
BLACK
6
CONTINUOUS
10
0.0403324409448819
20
-0.2121958661417323
11
0.0403323622047244
21
-0.2121958267716536
0
LINE
8
BLACK
6
CONTINUOUS
10
0.0403323622047244
20
-0.2121958267716536
11
0.0403322834645669
21
-0.2121957874015748
0
LINE
8
BLACK
6
CONTINUOUS
10
0.0403322834645669
20
-0.2121957874015748
11
0.0338557480314961
21
-0.2098385039370079
0
LINE
8
BLACK
6
CONTINUOUS
10
0.0338557480314961
20
-0.2098385039370079
11
0.0270683070866142
21
-0.2086417322834646
0
LINE
8
BLACK
6
CONTINUOUS
10
0.0270683070866142
20
-0.2086417322834646
11
0.027068188976378
21
-0.2086417322834646
0
LINE
8
BLACK
6
CONTINUOUS
10
0.027068188976378
20
-0.2086417322834646
11
0.0250314566929134
21
-0.2086417322834646
0
LINE
8
BLACK
6
CONTINUOUS
10
0.0250314566929134
20
-0.2086417322834646
11
-0.0250314566929134
21
-0.2086417322834646
0
LINE
8
BLACK
6
CONTINUOUS
10
-0.0250314566929134
20
-0.2086417322834646
11
-0.0251326377952756
21
-0.2086417322834646
0
LINE
8
BLACK
6
CONTINUOUS
10
-0.0251326377952756
20
-0.2086417322834646
11
-0.0251370472440945
21
-0.2086418897637795
0
LINE
8
BLACK
6
CONTINUOUS
10
-0.0251370472440945
20
-0.2086418897637795
11
-0.0270683464566929
21
-0.2086418897637795
0
LINE
8
BLACK
6
CONTINUOUS
10
-0.0270683464566929
20
-0.2086418897637795
11
-0.0338557480314961
21
-0.2098386614173228
0
LINE
8
BLACK
6
CONTINUOUS
10
-0.0338557480314961
20
-0.2098386614173228
11
-0.0403323228346457
21
-0.2121959448818898
0
LINE
8
BLACK
6
CONTINUOUS
10
-0.0403323228346457
20
-0.2121959448818898
11
-0.0403324015748031
21
-0.2121959448818898
0
LINE
8
BLACK
6
CONTINUOUS
10
-0.0403324015748031
20
-0.2121959448818898
11
-0.0403324015748031
21
-0.2121959842519685
0
LINE
8
BLACK
6
CONTINUOUS
10
-0.0403324015748031
20
-0.2121959842519685
11
-0.046300905511811
21
-0.2156418897637795
0
LINE
8
BLACK
6
CONTINUOUS
10
-0.046300905511811
20
-0.2156418897637795
11
-0.0463012992125984
21
-0.215642125984252
0
LINE
8
BLACK
6
CONTINUOUS
10
-0.0463012992125984
20
-0.215642125984252
11
-0.0515811811023622
21
-0.2200724015748032
0
LINE
8
BLACK
6
CONTINUOUS
10
-0.0515811811023622
20
-0.2200724015748032
11
-0.0515812598425197
21
-0.2200724803149606
0
LINE
8
BLACK
6
CONTINUOUS
10
-0.0515812598425197
20
-0.2200724803149606
11
-0.0560113385826772
21
-0.2253520472440945
0
LINE
8
BLACK
6
CONTINUOUS
10
-0.0560113385826772
20
-0.2253520472440945
11
-0.0560114173228346
21
-0.2253520866141732
0
LINE
8
BLACK
6
CONTINUOUS
10
-0.0560114173228346
20
-0.2253520866141732
11
-0.0560114173228346
21
-0.2253521653543307
0
LINE
8
BLACK
6
CONTINUOUS
10
-0.0560114173228346
20
-0.2253521653543307
11
-0.0591367322834646
21
-0.2307653543307087
0
LINE
8
BLACK
6
CONTINUOUS
10
-0.0591367322834646
20
-0.2307653543307087
11
-0.0594575984251969
21
-0.2313211023622047
0
LINE
8
BLACK
6
CONTINUOUS
10
-0.0594575984251969
20
-0.2313211023622047
11
-0.0612524803149606
21
-0.2362523622047244
0
LINE
8
BLACK
6
CONTINUOUS
10
-0.0612524803149606
20
-0.2362523622047244
11
-0.0625335039370079
21
-0.2377789763779528
0
LINE
8
BLACK
6
CONTINUOUS
10
-0.0625335039370079
20
-0.2377789763779528
11
-0.063990157480315
21
-0.2381692913385827
0
LINE
8
BLACK
6
CONTINUOUS
10
-0.063990157480315
20
-0.2381692913385827
11
-0.1043207874015748
21
-0.2381692913385827
0
LINE
8
BLACK
6
CONTINUOUS
10
-0.1043207874015748
20
-0.2381692913385827
11
-0.1054720472440945
21
-0.2383982677165354
0
LINE
8
BLACK
6
CONTINUOUS
10
-0.1054720472440945
20
-0.2383982677165354
11
-0.1066233464566929
21
-0.2386272834645669
0
LINE
8
BLACK
6
CONTINUOUS
10
-0.1066233464566929
20
-0.2386272834645669
11
-0.1092342913385827
21
-0.2403719291338583
0
LINE
8
BLACK
6
CONTINUOUS
10
-0.1092342913385827
20
-0.2403719291338583
11
-0.1092343700787402
21
-0.2403720078740157
0
LINE
8
BLACK
6
CONTINUOUS
10
-0.1092343700787402
20
-0.2403720078740157
11
-0.1109790157480315
21
-0.2429829527559055
0
LINE
8
BLACK
6
CONTINUOUS
10
-0.1109790157480315
20
-0.2429829527559055
11
-0.1114370078740157
21
-0.2452855511811023
0
LINE
8
BLACK
6
CONTINUOUS
10
-0.1114370078740157
20
-0.2452855511811023
11
-0.1114370078740157
21
-0.2569094488188977
0
LINE
8
BLACK
6
CONTINUOUS
10
-0.1114370078740157
20
-0.2569094488188977
11
-0.1121186220472441
21
-0.258782125984252
0
LINE
8
BLACK
6
CONTINUOUS
10
-0.1121186220472441
20
-0.258782125984252
11
-0.1138444881889764
21
-0.2597785826771654
0
LINE
8
BLACK
6
CONTINUOUS
10
-0.1138444881889764
20
-0.2597785826771654
11
-0.1143503937007874
21
-0.2598228346456693
0
LINE
8
BLACK
6
CONTINUOUS
10
-0.1143503937007874
20
-0.2598228346456693
11
-0.120612874015748
21
-0.2598228346456693
0
LINE
8
BLACK
6
CONTINUOUS
10
-0.120612874015748
20
-0.2598228346456693
11
-0.1256075984251968
21
-0.2598228346456693
0
LINE
8
BLACK
6
CONTINUOUS
10
-0.1256075984251968
20
-0.2598228346456693
11
-0.1260336614173228
21
-0.2599612204724409
0
LINE
8
BLACK
6
CONTINUOUS
10
-0.1260336614173228
20
-0.2599612204724409
11
-0.1265846062992126
21
-0.2601402362204724
0
LINE
8
BLACK
6
CONTINUOUS
10
-0.1265846062992126
20
-0.2601402362204724
11
-0.1270288582677165
21
-0.2602468503937008
0
LINE
8
BLACK
6
CONTINUOUS
10
-0.1270288582677165
20
-0.2602468503937008
11
-0.1280432283464567
21
-0.2604075196850394
0
LINE
8
BLACK
6
CONTINUOUS
10
-0.1280432283464567
20
-0.2604075196850394
11
-0.1280433858267717
21
-0.2604075984251968
0
LINE
8
BLACK
6
CONTINUOUS
10
-0.1280433858267717
20
-0.2604075984251968
11
-0.1289588976377953
21
-0.2608740157480315
0
LINE
8
BLACK
6
CONTINUOUS
10
-0.1289588976377953
20
-0.2608740157480315
11
-0.1293810236220472
21
-0.2610488582677165
0
LINE
8
BLACK
6
CONTINUOUS
10
-0.1293810236220472
20
-0.2610488582677165
11
-0.1298393700787402
21
-0.2611977952755906
0
LINE
8
BLACK
6
CONTINUOUS
10
-0.1298393700787402
20
-0.2611977952755906
11
-0.1318310236220472
21
-0.2611282677165354
0
LINE
8
BLACK
6
CONTINUOUS
10
-0.1318310236220472
20
-0.2611282677165354
11
-0.1333120472440945
21
-0.2597948031496063
0
LINE
8
BLACK
6
CONTINUOUS
10
-0.1333120472440945
20
-0.2597948031496063
11
-0.1336172440944882
21
-0.2579712992125984
0
LINE
8
BLACK
6
CONTINUOUS
10
-0.1336172440944882
20
-0.2579712992125984
11
-0.1334055118110236
21
-0.2566346062992126
0
LINE
8
BLACK
6
CONTINUOUS
10
-0.1334055118110236
20
-0.2566346062992126
11
-0.1334055511811024
21
-0.2444308267716535
0
LINE
8
BLACK
6
CONTINUOUS
10
-0.1334055511811024
20
-0.2444308267716535
11
-0.132723937007874
21
-0.242558188976378
0
LINE
8
BLACK
6
CONTINUOUS
10
-0.132723937007874
20
-0.242558188976378
11
-0.1325526771653543
21
-0.2423712204724409
0
LINE
8
BLACK
6
CONTINUOUS
10
-0.1325526771653543
20
-0.2423712204724409
11
-0.0849167716535433
21
-0.1947353543307087
0
LINE
8
BLACK
6
CONTINUOUS
10
-0.0849167716535433
20
-0.1947353543307087
11
-0.0831105905511811
21
-0.1938931496062992
0
LINE
8
BLACK
6
CONTINUOUS
10
-0.0831105905511811
20
-0.1938931496062992
11
-0.0828566929133858
21
-0.1938820472440945
0
LINE
8
BLACK
6
CONTINUOUS
10
-0.0828566929133858
20
-0.1938820472440945
11
0.0897908661417323
21
-0.1938820472440945
0
LINE
8
BLACK
6
CONTINUOUS
10
0.0897908661417323
20
-0.1938820472440945
11
0.0916635433070866
21
-0.1945636614173228
0
LINE
8
BLACK
6
CONTINUOUS
10
0.0916635433070866
20
-0.1945636614173228
11
0.09266
21
-0.1962895275590551
0
LINE
8
BLACK
6
CONTINUOUS
10
0.09266
20
-0.1962895275590551
11
0.0923602755905512
21
-0.1979894488188976
0
LINE
8
BLACK
6
CONTINUOUS
10
0.0923602755905512
20
-0.1979894488188976
11
0.0924220472440945
21
-0.1980150393700787
0
LINE
8
BLACK
6
CONTINUOUS
10
0.0924220472440945
20
-0.1980150393700787
11
0.0899667322834646
21
-0.2039425984251969
0
LINE
8
BLACK
6
CONTINUOUS
10
0.0899667322834646
20
-0.2039425984251969
11
0.0899667322834646
21
-0.2039426377952756
0
LINE
8
BLACK
6
CONTINUOUS
10
0.0899667322834646
20
-0.2039426377952756
11
0.0891542519685039
21
-0.2101143307086614
0
LINE
8
BLACK
6
CONTINUOUS
10
0.0891542519685039
20
-0.2101143307086614
11
0.0899667322834646
21
-0.2162859842519685
0
LINE
8
BLACK
6
CONTINUOUS
10
0.0899667322834646
20
-0.2162859842519685
11
0.0899667322834646
21
-0.2162860236220472
0
LINE
8
BLACK
6
CONTINUOUS
10
0.0899667322834646
20
-0.2162860236220472
11
0.0923489763779528
21
-0.2220372047244094
0
LINE
8
BLACK
6
CONTINUOUS
10
0.0923489763779528
20
-0.2220372047244094
11
0.0961383858267717
21
-0.2269757086614173
0
LINE
8
BLACK
6
CONTINUOUS
10
0.0961383858267717
20
-0.2269757086614173
11
0.0961385826771654
21
-0.226975905511811
0
LINE
8
BLACK
6
CONTINUOUS
10
0.0961385826771654
20
-0.226975905511811
11
0.0981493307086614
21
-0.2285187795275591
0
LINE
8
BLACK
6
CONTINUOUS
10
0.0981493307086614
20
-0.2285187795275591
11
0.101077125984252
21
-0.2307653543307087
0
LINE
8
BLACK
6
CONTINUOUS
10
0.101077125984252
20
-0.2307653543307087
11
0.1068282677165354
21
-0.2331475590551181
0
LINE
8
BLACK
6
CONTINUOUS
10
0.1068282677165354
20
-0.2331475590551181
11
0.110594842519685
21
-0.2336434251968504
0
LINE
8
BLACK
6
CONTINUOUS
10
0.110594842519685
20
-0.2336434251968504
11
0.1122746456692913
21
-0.2344718110236221
0
LINE
8
BLACK
6
CONTINUOUS
10
0.1122746456692913
20
-0.2344718110236221
11
0.1195243307086614
21
-0.2417214566929134
0
LINE
8
BLACK
6
CONTINUOUS
10
0.1195243307086614
20
-0.2417214566929134
11
0.1197417322834646
21
-0.2419647244094488
0
LINE
8
BLACK
6
CONTINUOUS
10
0.1197417322834646
20
-0.2419647244094488
11
0.1203105511811024
21
-0.2426779921259843
0
LINE
8
BLACK
6
CONTINUOUS
10
0.1203105511811024
20
-0.2426779921259843
11
0.1206857086614173
21
-0.2431484251968504
0
LINE
8
BLACK
6
CONTINUOUS
10
0.1206857086614173
20
-0.2431484251968504
11
0.1225761023622047
21
-0.2444372834645669
0
LINE
8
BLACK
6
CONTINUOUS
10
0.1225761023622047
20
-0.2444372834645669
11
0.1226649606299213
21
-0.2445003543307087
0
LINE
8
BLACK
6
CONTINUOUS
10
0.1226649606299213
20
-0.2445003543307087
11
0.1245044881889764
21
-0.2458579921259842
0
LINE
8
BLACK
6
CONTINUOUS
10
0.1245044881889764
20
-0.2458579921259842
11
0.1246975590551181
21
-0.2459600393700787
0
LINE
8
BLACK
6
CONTINUOUS
10
0.1246975590551181
20
-0.2459600393700787
11
0.1246966535433071
21
-0.2459616929133858
0
LINE
8
BLACK
6
CONTINUOUS
10
0.1246966535433071
20
-0.2459616929133858
11
0.1249057480314961
21
-0.2460672047244094
0
LINE
8
BLACK
6
CONTINUOUS
10
0.1249057480314961
20
-0.2460672047244094
11
0.1249065354330709
21
-0.2460655905511811
0
LINE
8
BLACK
6
CONTINUOUS
10
0.1249065354330709
20
-0.2460655905511811
11
0.1251030708661417
21
-0.2461602362204724
0
LINE
8
BLACK
6
CONTINUOUS
10
0.1251030708661417
20
-0.2461602362204724
11
0.125103188976378
21
-0.2461602755905512
0
LINE
8
BLACK
6
CONTINUOUS
10
0.125103188976378
20
-0.2461602755905512
11
0.1251032677165354
21
-0.2461603149606299
0
LINE
8
BLACK
6
CONTINUOUS
10
0.1251032677165354
20
-0.2461603149606299
11
0.1270338976377953
21
-0.2467557874015748
0
LINE
8
BLACK
6
CONTINUOUS
10
0.1270338976377953
20
-0.2467557874015748
11
0.1272898818897638
21
-0.2468347637795276
0
LINE
8
BLACK
6
CONTINUOUS
10
0.1272898818897638
20
-0.2468347637795276
11
0.1273934251968504
21
-0.2468688582677165
0
LINE
8
BLACK
6
CONTINUOUS
10
0.1273934251968504
20
-0.2468688582677165
11
0.1295510236220472
21
-0.2476238582677165
0
LINE
8
BLACK
6
CONTINUOUS
10
0.1295510236220472
20
-0.2476238582677165
11
0.1297655905511811
21
-0.2476644488188976
0
LINE
8
BLACK
6
CONTINUOUS
10
0.1297655905511811
20
-0.2476644488188976
11
0.1297652362204724
21
-0.2476662598425197
0
LINE
8
BLACK
6
CONTINUOUS
10
0.1297652362204724
20
-0.2476662598425197
11
0.1299961023622047
21
-0.2477054724409449
0
LINE
8
BLACK
6
CONTINUOUS
10
0.1299961023622047
20
-0.2477054724409449
11
0.1299963779527559
21
-0.2477036614173228
0
LINE
8
BLACK
6
CONTINUOUS
10
0.1299963779527559
20
-0.2477036614173228
11
0.1302123228346457
21
-0.2477361811023622
0
LINE
8
BLACK
6
CONTINUOUS
10
0.1302123228346457
20
-0.2477361811023622
11
0.1302123622047244
21
-0.2477362204724409
0
LINE
8
BLACK
6
CONTINUOUS
10
0.1302123622047244
20
-0.2477362204724409
11
0.1324990551181102
21
-0.2477362204724409
0
LINE
8
BLACK
6
CONTINUOUS
10
0.1324990551181102
20
-0.2477362204724409
11
0.132608031496063
21
-0.2477382677165354
0
LINE
8
BLACK
6
CONTINUOUS
10
0.132608031496063
20
-0.2477382677165354
11
0.1348937401574803
21
-0.2478238188976378
0
LINE
8
BLACK
6
CONTINUOUS
10
0.1348937401574803
20
-0.2478238188976378
11
0.134893779527559
21
-0.247823779527559
0
LINE
8
BLACK
6
CONTINUOUS
10
0.134893779527559
20
-0.247823779527559
11
0.134893937007874
21
-0.2478238188976378
0
LINE
8
BLACK
6
CONTINUOUS
10
0.134893937007874
20
-0.2478238188976378
11
0.1348940551181102
21
-0.247823779527559
0
LINE
8
BLACK
6
CONTINUOUS
10
0.1348940551181102
20
-0.247823779527559
11
0.1351108661417323
21
-0.2477993700787401
0
LINE
8
BLACK
6
CONTINUOUS
10
0.1351108661417323
20
-0.2477993700787401
11
0.135111062992126
21
-0.2478011417322835
0
LINE
8
BLACK
6
CONTINUOUS
10
0.135111062992126
20
-0.2478011417322835
11
0.1356044488188976
21
-0.2477362204724409
0
LINE
8
BLACK
6
CONTINUOUS
10
0.1356044488188976
20
-0.2477362204724409
11
0.1397834645669291
21
-0.2477362204724409
0
LINE
8
BLACK
6
CONTINUOUS
10
0.1397834645669291
20
-0.2477362204724409
11
0.1416561417322835
21
-0.2484178346456693
0
LINE
8
BLACK
6
CONTINUOUS
10
0.1416561417322835
20
-0.2484178346456693
11
0.1426525984251968
21
-0.2501437007874016
0
LINE
8
BLACK
6
CONTINUOUS
10
0.1426525984251968
20
-0.2501437007874016
11
0.1426968503937008
21
-0.2506496062992126
0
LINE
8
BLACK
6
CONTINUOUS
10
0.1426968503937008
20
-0.2506496062992126
11
0.1426968503937008
21
-0.2552554330708661
0
LINE
8
BLACK
6
CONTINUOUS
10
0.1426968503937008
20
-0.2552554330708661
11
0.1433181102362205
21
-0.2591781496062992
0
LINE
8
BLACK
6
CONTINUOUS
10
0.1433181102362205
20
-0.2591781496062992
11
0.1433181496062992
21
-0.259178188976378
0
LINE
8
BLACK
6
CONTINUOUS
10
0.1433181496062992
20
-0.259178188976378
11
0.1455526377952756
21
-0.2635636614173228
0
LINE
8
BLACK
6
CONTINUOUS
10
0.1455526377952756
20
-0.2635636614173228
11
0.1457272440944882
21
-0.2639062992125984
0
LINE
8
BLACK
6
CONTINUOUS
10
0.1457272440944882
20
-0.2639062992125984
11
0.1494795275590551
21
-0.2676585826771654
0
LINE
8
BLACK
6
CONTINUOUS
10
0.1494795275590551
20
-0.2676585826771654
11
0.1542076377952756
21
-0.2700676771653543
0
LINE
8
BLACK
6
CONTINUOUS
10
0.1542076377952756
20
-0.2700676771653543
11
0.1581303543307087
21
-0.2706889763779528
0
LINE
8
BLACK
6
CONTINUOUS
10
0.1581303543307087
20
-0.2706889763779528
11
0.1581303937007874
21
-0.2706889763779528
0
LINE
8
BLACK
6
CONTINUOUS
10
0.1581303937007874
20
-0.2706889763779528
11
0.1713958661417323
21
-0.2706889763779528
0
LINE
8
BLACK
6
CONTINUOUS
10
0.1713958661417323
20
-0.2706889763779528
11
0.1732685433070866
21
-0.2713705905511811
0
LINE
8
BLACK
6
CONTINUOUS
10
0.1732685433070866
20
-0.2713705905511811
11
0.1734559448818898
21
-0.2715422834645669
0
LINE
8
BLACK
6
CONTINUOUS
10
0.1734559448818898
20
-0.2715422834645669
11
0.221558031496063
21
-0.3196443700787401
0
LINE
8
BLACK
6
CONTINUOUS
10
0.221558031496063
20
-0.3196443700787401
11
0.2215584251968504
21
-0.3196447244094488
0
LINE
8
BLACK
6
CONTINUOUS
10
0.2215584251968504
20
-0.3196447244094488
11
0.2223449606299213
21
-0.3204312598425197
0
LINE
8
BLACK
6
CONTINUOUS
10
0.2223449606299213
20
-0.3204312598425197
11
0.2232602362204724
21
-0.3208975984251968
0
LINE
8
BLACK
6
CONTINUOUS
10
0.2232602362204724
20
-0.3208975984251968
11
0.2236494881889764
21
-0.3211361417322834
0
LINE
8
BLACK
6
CONTINUOUS
10
0.2236494881889764
20
-0.3211361417322834
11
0.2244808661417323
21
-0.3217401574803149
0
LINE
8
BLACK
6
CONTINUOUS
10
0.2244808661417323
20
-0.3217401574803149
11
0.225457874015748
21
-0.3220575590551181
0
LINE
8
BLACK
6
CONTINUOUS
10
0.225457874015748
20
-0.3220575590551181
11
0.2258802362204724
21
-0.3222325590551181
0
LINE
8
BLACK
6
CONTINUOUS
10
0.2258802362204724
20
-0.3222325590551181
11
0.2267952755905512
21
-0.3226988188976378
0
LINE
8
BLACK
6
CONTINUOUS
10
0.2267952755905512
20
-0.3226988188976378
11
0.2267952362204724
21
-0.3226988188976378
0
LINE
8
BLACK
6
CONTINUOUS
10
0.2267952362204724
20
-0.3226988188976378
11
0.2278097244094488
21
-0.3228594881889764
0
LINE
8
BLACK
6
CONTINUOUS
10
0.2278097244094488
20
-0.3228594881889764
11
0.2282541338582677
21
-0.3229661417322834
0
LINE
8
BLACK
6
CONTINUOUS
10
0.2282541338582677
20
-0.3229661417322834
11
0.2292311417322835
21
-0.3232836220472441
0
LINE
8
BLACK
6
CONTINUOUS
10
0.2292311417322835
20
-0.3232836220472441
11
0.2304875984251968
21
-0.3232836220472441
0
LINE
8
BLACK
6
CONTINUOUS
10
0.2304875984251968
20
-0.3232836220472441
11
0.2374706692913386
21
-0.3232836220472441
0
LINE
8
BLACK
6
CONTINUOUS
10
0.2374706692913386
20
-0.3232836220472441
11
0.2393433464566929
21
-0.3239652362204724
0
LINE
8
BLACK
6
CONTINUOUS
10
0.2393433464566929
20
-0.3239652362204724
11
0.2398929921259843
21
-0.3245783464566929
0
LINE
8
BLACK
6
CONTINUOUS
10
0.2398929921259843
20
-0.3245783464566929
11
0.2408444094488189
21
-0.3260022047244094
0
LINE
8
BLACK
6
CONTINUOUS
10
0.2408444094488189
20
-0.3260022047244094
11
0.2425811023622047
21
-0.3271626377952756
0
LINE
8
BLACK
6
CONTINUOUS
10
0.2425811023622047
20
-0.3271626377952756
11
0.2434553937007874
21
-0.3277468503937008
0
LINE
8
BLACK
6
CONTINUOUS
10
0.2434553937007874
20
-0.3277468503937008
11
0.2434554330708661
21
-0.3277468503937008
0
LINE
8
BLACK
6
CONTINUOUS
10
0.2434554330708661
20
-0.3277468503937008
11
0.2434554724409449
21
-0.3277468897637795
0
LINE
8
BLACK
6
CONTINUOUS
10
0.2434554724409449
20
-0.3277468897637795
11
0.2457579527559055
21
-0.3282048818897638
0
LINE
8
BLACK
6
CONTINUOUS
10
0.2457579527559055
20
-0.3282048818897638
11
0.245758031496063
21
-0.3282048818897638
0
LINE
8
BLACK
6
CONTINUOUS
10
0.245758031496063
20
-0.3282048818897638
11
0.2630608661417323
21
-0.3282048818897638
0
LINE
8
BLACK
6
CONTINUOUS
10
0.2630608661417323
20
-0.3282048818897638
11
0.2630609448818897
21
-0.3282048818897638
0
LINE
8
BLACK
6
CONTINUOUS
10
0.2630609448818897
20
-0.3282048818897638
11
0.2653634251968504
21
-0.3277468897637795
0
LINE
8
BLACK
6
CONTINUOUS
10
0.2653634251968504
20
-0.3277468897637795
11
0.2679744881889763
21
-0.3260022047244094
0
LINE
8
BLACK
6
CONTINUOUS
10
0.2679744881889763
20
-0.3260022047244094
11
0.2697191732283464
21
-0.3233911417322834
0
LINE
8
BLACK
6
CONTINUOUS
10
0.2697191732283464
20
-0.3233911417322834
11
0.2701771653543307
21
-0.3210886614173228
0
LINE
8
BLACK
6
CONTINUOUS
10
0.2701771653543307
20
-0.3210886614173228
11
0.2701771653543307
21
-0.308986062992126
0
LINE
8
BLACK
6
CONTINUOUS
10
0.2701771653543307
20
-0.308986062992126
11
0.270213031496063
21
-0.3085303149606299
0
LINE
8
BLACK
6
CONTINUOUS
10
0.270213031496063
20
-0.3085303149606299
11
0.2703737007874016
21
-0.3075158661417323
0
LINE
8
BLACK
6
CONTINUOUS
10
0.2703737007874016
20
-0.3075158661417323
11
0.270213031496063
21
-0.3065014173228346
0
LINE
8
BLACK
6
CONTINUOUS
10
0.270213031496063
20
-0.3065014173228346
11
0.2701771653543307
21
-0.3060456692913386
0
LINE
8
BLACK
6
CONTINUOUS
10
0.2701771653543307
20
-0.3060456692913386
11
0.2701771653543307
21
-0.2995096456692913
0
LINE
8
BLACK
6
CONTINUOUS
10
0.2701771653543307
20
-0.2995096456692913
11
0.270858779527559
21
-0.297636968503937
0
LINE
8
BLACK
6
CONTINUOUS
10
0.270858779527559
20
-0.297636968503937
11
0.2725846456692914
21
-0.2966405118110236
0
LINE
8
BLACK
6
CONTINUOUS
10
0.2725846456692914
20
-0.2966405118110236
11
0.2745472440944882
21
-0.2969865748031496
0
LINE
8
BLACK
6
CONTINUOUS
10
0.2745472440944882
20
-0.2969865748031496
11
0.2751506299212598
21
-0.2974495669291338
0
LINE
8
BLACK
6
CONTINUOUS
10
0.2751506299212598
20
-0.2974495669291338
11
0.2889695275590551
21
-0.3112684645669291
0
LINE
8
BLACK
6
CONTINUOUS
10
0.2889695275590551
20
-0.3112684645669291
11
0.2898117322834646
21
-0.3130746062992126
0
LINE
8
BLACK
6
CONTINUOUS
10
0.2898117322834646
20
-0.3130746062992126
11
0.2898228346456693
21
-0.3133285433070866
0
LINE
8
BLACK
6
CONTINUOUS
10
0.2898228346456693
20
-0.3133285433070866
11
0.2898228346456693
21
-0.3210886614173228
0
LINE
8
BLACK
6
CONTINUOUS
10
0.2898228346456693
20
-0.3210886614173228
11
0.2901281496062992
21
-0.3226236220472441
0
LINE
8
BLACK
6
CONTINUOUS
10
0.2901281496062992
20
-0.3226236220472441
11
0.2902808267716535
21
-0.3233911811023622
0
LINE
8
BLACK
6
CONTINUOUS
10
0.2902808267716535
20
-0.3233911811023622
11
0.2910741338582677
21
-0.3245783858267716
0
LINE
8
BLACK
6
CONTINUOUS
10
0.2910741338582677
20
-0.3245783858267716
11
0.2920255118110236
21
-0.3260022047244094
0
LINE
8
BLACK
6
CONTINUOUS
10
0.2920255118110236
20
-0.3260022047244094
11
0.2937622047244094
21
-0.3271626377952756
0
LINE
8
BLACK
6
CONTINUOUS
10
0.2937622047244094
20
-0.3271626377952756
11
0.2946364960629921
21
-0.3277468503937008
0
LINE
8
BLACK
6
CONTINUOUS
10
0.2946364960629921
20
-0.3277468503937008
11
0.2946365354330708
21
-0.3277468503937008
0
LINE
8
BLACK
6
CONTINUOUS
10
0.2946365354330708
20
-0.3277468503937008
11
0.2946365748031496
21
-0.3277468897637795
0
LINE
8
BLACK
6
CONTINUOUS
10
0.2946365748031496
20
-0.3277468897637795
11
0.2969390551181103
21
-0.3282048818897638
0
LINE
8
BLACK
6
CONTINUOUS
10
0.2969390551181103
20
-0.3282048818897638
11
0.2969391338582677
21
-0.3282048818897638
0
LINE
8
BLACK
6
CONTINUOUS
10
0.2969391338582677
20
-0.3282048818897638
11
0.314241968503937
21
-0.3282048818897638
0
LINE
8
BLACK
6
CONTINUOUS
10
0.314241968503937
20
-0.3282048818897638
11
0.3142420472440945
21
-0.3282048818897638
0
LINE
8
BLACK
6
CONTINUOUS
10
0.3142420472440945
20
-0.3282048818897638
11
0.3165445275590551
21
-0.3277468897637795
0
LINE
8
BLACK
6
CONTINUOUS
10
0.3165445275590551
20
-0.3277468897637795
11
0.3191555905511811
21
-0.3260022047244094
0
LINE
8
BLACK
6
CONTINUOUS
10
0.3191555905511811
20
-0.3260022047244094
11
0.3209002755905512
21
-0.3233911417322834
0
LINE
8
BLACK
6
CONTINUOUS
10
0.3209002755905512
20
-0.3233911417322834
11
0.3213582677165354
21
-0.3210886614173228
0
LINE
8
BLACK
6
CONTINUOUS
10
0.3213582677165354
20
-0.3210886614173228
11
0.3213582677165354
21
-0.2939431496062992
0
LINE
8
BLACK
6
CONTINUOUS
10
0.3213582677165354
20
-0.2939431496062992
11
0.3209002755905512
21
-0.2916406692913386
0
LINE
8
BLACK
6
CONTINUOUS
10
0.3209002755905512
20
-0.2916406692913386
11
0.3191555905511811
21
-0.2890296062992126
0
LINE
8
BLACK
6
CONTINUOUS
10
0.3191555905511811
20
-0.2890296062992126
11
0.3178706692913386
21
-0.2881710236220472
0
LINE
8
BLACK
6
CONTINUOUS
10
0.3178706692913386
20
-0.2881710236220472
11
0.3165445669291339
21
-0.2872849212598425
0
LINE
8
BLACK
6
CONTINUOUS
10
0.3165445669291339
20
-0.2872849212598425
11
0.3165446062992126
21
-0.2872849212598425
0
LINE
8
BLACK
6
CONTINUOUS
10
0.3165446062992126
20
-0.2872849212598425
11
0.3153932677165354
21
-0.287055905511811
0
LINE
8
BLACK
6
CONTINUOUS
10
0.3153932677165354
20
-0.287055905511811
11
0.3142420472440945
21
-0.2868269291338583
0
LINE
8
BLACK
6
CONTINUOUS
10
0.3142420472440945
20
-0.2868269291338583
11
0.314241968503937
21
-0.2868269291338583
0
LINE
8
BLACK
6
CONTINUOUS
10
0.314241968503937
20
-0.2868269291338583
11
0.3103326377952756
21
-0.2868269291338583
0
LINE
8
BLACK
6
CONTINUOUS
10
0.3103326377952756
20
-0.2868269291338583
11
0.3084599606299213
21
-0.2861453149606299
0
LINE
8
BLACK
6
CONTINUOUS
10
0.3084599606299213
20
-0.2861453149606299
11
0.3082725590551181
21
-0.2859736220472441
0
LINE
8
BLACK
6
CONTINUOUS
10
0.3082725590551181
20
-0.2859736220472441
11
0.2978894881889764
21
-0.2755905511811024
0
LINE
8
BLACK
6
CONTINUOUS
10
0.2978894881889764
20
-0.2755905511811024
11
0.2806741338582677
21
-0.2583751968503937
0
LINE
8
BLACK
6
CONTINUOUS
10
0.2806741338582677
20
-0.2583751968503937
11
0.2798319291338582
21
-0.2565690551181102
0
LINE
8
BLACK
6
CONTINUOUS
10
0.2798319291338582
20
-0.2565690551181102
11
0.2803477165354331
21
-0.2546440551181102
0
LINE
8
BLACK
6
CONTINUOUS
10
0.2803477165354331
20
-0.2546440551181102
11
0.281980157480315
21
-0.2535009842519685
0
LINE
8
BLACK
6
CONTINUOUS
10
0.281980157480315
20
-0.2535009842519685
11
0.2827342125984252
21
-0.2534017322834646
0
LINE
8
BLACK
6
CONTINUOUS
10
0.2827342125984252
20
-0.2534017322834646
11
0.2886514173228346
21
-0.2534017322834646
0
LINE
8
BLACK
6
CONTINUOUS
10
0.2886514173228346
20
-0.2534017322834646
11
0.2886514960629921
21
-0.2534017322834646
0
LINE
8
BLACK
6
CONTINUOUS
10
0.2886514960629921
20
-0.2534017322834646
11
0.2909539763779527
21
-0.2529437401574803
0
LINE
8
BLACK
6
CONTINUOUS
10
0.2909539763779527
20
-0.2529437401574803
11
0.2935650393700787
21
-0.2511990551181102
0
LINE
8
BLACK
6
CONTINUOUS
10
0.2935650393700787
20
-0.2511990551181102
11
0.2953097244094488
21
-0.2485879921259843
0
LINE
8
BLACK
6
CONTINUOUS
10
0.2953097244094488
20
-0.2485879921259843
11
0.295767716535433
21
-0.2462855118110236
0
LINE
8
BLACK
6
CONTINUOUS
10
0.295767716535433
20
-0.2462855118110236
11
0.295767716535433
21
-0.21914
0
LINE
8
BLACK
6
CONTINUOUS
10
0.295767716535433
20
-0.21914
11
0.295767716535433
21
-0.1588734251968504
0
LINE
8
BLACK
6
CONTINUOUS
10
0.295767716535433
20
-0.1588734251968504
11
0.295767716535433
21
-0.1587706299212598
0
LINE
8
BLACK
6
CONTINUOUS
10
0.295767716535433
20
-0.1587706299212598
11
0.2957676771653543
21
-0.1587694488188976
0
LINE
8
BLACK
6
CONTINUOUS
10
0.2957676771653543
20
-0.1587694488188976
11
0.2957676771653543
21
-0.157616968503937
0
LINE
8
BLACK
6
CONTINUOUS
10
0.2957676771653543
20
-0.157616968503937
11
0.2954502362204725
21
-0.1566400787401575
0
LINE
8
BLACK
6
CONTINUOUS
10
0.2954502362204725
20
-0.1566400787401575
11
0.2953435433070866
21
-0.1561955118110236
0
LINE
8
BLACK
6
CONTINUOUS
10
0.2953435433070866
20
-0.1561955118110236
11
0.2951829133858268
21
-0.1551811023622047
0
LINE
8
BLACK
6
CONTINUOUS
10
0.2951829133858268
20
-0.1551811023622047
11
0.2951828346456693
21
-0.1551809842519685
0
LINE
8
BLACK
6
CONTINUOUS
10
0.2951828346456693
20
-0.1551809842519685
11
0.2951828346456693
21
-0.155180905511811
0
LINE
8
BLACK
6
CONTINUOUS
10
0.2951828346456693
20
-0.155180905511811
11
0.2947165748031496
21
-0.1542658661417323
0
LINE
8
BLACK
6
CONTINUOUS
10
0.2947165748031496
20
-0.1542658661417323
11
0.2945415748031496
21
-0.1538433858267717
0
LINE
8
BLACK
6
CONTINUOUS
10
0.2945415748031496
20
-0.1538433858267717
11
0.2942242519685039
21
-0.1528666535433071
0
LINE
8
BLACK
6
CONTINUOUS
10
0.2942242519685039
20
-0.1528666535433071
11
0.2936204724409449
21
-0.1520357086614173
0
LINE
8
BLACK
6
CONTINUOUS
10
0.2936204724409449
20
-0.1520357086614173
11
0.2933815354330709
21
-0.1516457874015748
0
LINE
8
BLACK
6
CONTINUOUS
10
0.2933815354330709
20
-0.1516457874015748
11
0.2931887401574803
21
-0.1512673622047244
0
LINE
8
BLACK
6
CONTINUOUS
10
0.2931887401574803
20
-0.1512673622047244
11
0.2929153543307086
21
-0.1507307874015748
0
LINE
8
BLACK
6
CONTINUOUS
10
0.2929153543307086
20
-0.1507307874015748
11
0.2893835433070866
21
-0.1471989763779528
0
LINE
8
BLACK
6
CONTINUOUS
10
0.2893835433070866
20
-0.1471989763779528
11
0.2672115748031496
21
-0.125026968503937
0
LINE
8
BLACK
6
CONTINUOUS
10
0.2672115748031496
20
-0.125026968503937
11
0.2663693700787402
21
-0.1232207874015748
0
LINE
8
BLACK
6
CONTINUOUS
10
0.2663693700787402
20
-0.1232207874015748
11
0.2663582677165354
21
-0.1229668897637795
0
LINE
8
BLACK
6
CONTINUOUS
10
0.2663582677165354
20
-0.1229668897637795
11
0.2663582677165354
21
-0.0849312598425197
0
LINE
8
BLACK
6
CONTINUOUS
10
0.2663582677165354
20
-0.0849312598425197
11
0.2670398818897638
21
-0.0830585826771654
0
LINE
8
BLACK
6
CONTINUOUS
10
0.2670398818897638
20
-0.0830585826771654
11
0.2672111417322834
21
-0.0828716141732283
0
LINE
8
BLACK
6
CONTINUOUS
10
0.2672111417322834
20
-0.0828716141732283
11
0.3657217716535433
21
0.0156390551181102
0
LINE
8
BLACK
6
CONTINUOUS
10
0.3657217716535433
20
0.0156390551181102
11
0.3659642913385827
21
0.0158557874015748
0
LINE
8
BLACK
6
CONTINUOUS
10
0.3659642913385827
20
0.0158557874015748
11
0.3671484251968504
21
0.0168000393700787
0
LINE
8
BLACK
6
CONTINUOUS
10
0.3671484251968504
20
0.0168000393700787
11
0.3684376771653543
21
0.0186911023622047
0
LINE
8
BLACK
6
CONTINUOUS
10
0.3684376771653543
20
0.0186911023622047
11
0.3684987795275591
21
0.0187772834645669
0
LINE
8
BLACK
6
CONTINUOUS
10
0.3684987795275591
20
0.0187772834645669
11
0.3698579921259842
21
0.0206188188976378
0
LINE
8
BLACK
6
CONTINUOUS
10
0.3698579921259842
20
0.0206188188976378
11
0.3698580708661417
21
0.0206190157480315
0
LINE
8
BLACK
6
CONTINUOUS
10
0.3698580708661417
20
0.0206190157480315
11
0.3699600787401575
21
0.020811968503937
0
LINE
8
BLACK
6
CONTINUOUS
10
0.3699600787401575
20
0.020811968503937
11
0.3699617716535433
21
0.020811062992126
0
LINE
8
BLACK
6
CONTINUOUS
10
0.3699617716535433
20
0.020811062992126
11
0.3700673228346457
21
0.021020157480315
0
LINE
8
BLACK
6
CONTINUOUS
10
0.3700673228346457
20
0.021020157480315
11
0.3700655905511811
21
0.0210209842519685
0
LINE
8
BLACK
6
CONTINUOUS
10
0.3700655905511811
20
0.0210209842519685
11
0.3701601181102362
21
0.0212173228346457
0
LINE
8
BLACK
6
CONTINUOUS
10
0.3701601181102362
20
0.0212173228346457
11
0.3701603149606299
21
0.0212175984251969
0
LINE
8
BLACK
6
CONTINUOUS
10
0.3701603149606299
20
0.0212175984251969
11
0.3708347637795276
21
0.0234042519685039
0
LINE
8
BLACK
6
CONTINUOUS
10
0.3708347637795276
20
0.0234042519685039
11
0.3708684645669291
21
0.0235067716535433
0
LINE
8
BLACK
6
CONTINUOUS
10
0.3708684645669291
20
0.0235067716535433
11
0.3716238582677165
21
0.0256653937007874
0
LINE
8
BLACK
6
CONTINUOUS
10
0.3716238582677165
20
0.0256653937007874
11
0.3716238582677165
21
0.0256655511811024
0
LINE
8
BLACK
6
CONTINUOUS
10
0.3716238582677165
20
0.0256655511811024
11
0.3716644488188977
21
0.0258799212598425
0
LINE
8
BLACK
6
CONTINUOUS
10
0.3716644488188977
20
0.0258799212598425
11
0.3716662598425197
21
0.0258796062992126
0
LINE
8
BLACK
6
CONTINUOUS
10
0.3716662598425197
20
0.0258796062992126
11
0.3717054724409449
21
0.0261104724409449
0
LINE
8
BLACK
6
CONTINUOUS
10
0.3717054724409449
20
0.0261104724409449
11
0.3717036614173228
21
0.0261107086614173
0
LINE
8
BLACK
6
CONTINUOUS
10
0.3717036614173228
20
0.0261107086614173
11
0.3717362204724409
21
0.0263267716535433
0
LINE
8
BLACK
6
CONTINUOUS
10
0.3717362204724409
20
0.0263267716535433
11
0.3717362204724409
21
0.0286140551181102
0
LINE
8
BLACK
6
CONTINUOUS
10
0.3717362204724409
20
0.0286140551181102
11
0.3717382677165354
21
0.028723031496063
0
LINE
8
BLACK
6
CONTINUOUS
10
0.3717382677165354
20
0.028723031496063
11
0.3718237795275591
21
0.0310082677165354
0
LINE
8
BLACK
6
CONTINUOUS
10
0.3718237795275591
20
0.0310082677165354
11
0.3717993700787401
21
0.0312250393700787
0
LINE
8
BLACK
6
CONTINUOUS
10
0.3717993700787401
20
0.0312250393700787
11
0.3718011417322835
21
0.0312252755905512
0
LINE
8
BLACK
6
CONTINUOUS
10
0.3718011417322835
20
0.0312252755905512
11
0.3717362204724409
21
0.0317185826771654
0
LINE
8
BLACK
6
CONTINUOUS
10
0.3717362204724409
20
0.0317185826771654
11
0.3717362204724409
21
0.1899879921259842
0
LINE
8
BLACK
6
CONTINUOUS
10
0.3717362204724409
20
0.1899879921259842
11
0.3724178346456693
21
0.1918606692913386
0
LINE
8
BLACK
6
CONTINUOUS
10
0.3724178346456693
20
0.1918606692913386
11
0.3741437007874016
21
0.192857125984252
0
LINE
8
BLACK
6
CONTINUOUS
10
0.3741437007874016
20
0.192857125984252
11
0.3744310236220472
21
0.1928890157480315
0
LINE
8
BLACK
6
CONTINUOUS
10
0.3744310236220472
20
0.1928890157480315
11
0.3744308267716535
21
0.1928911417322835
0
LINE
8
BLACK
6
CONTINUOUS
10
0.3744308267716535
20
0.1928911417322835
11
0.3744983858267716
21
0.1928974803149606
0
LINE
8
BLACK
6
CONTINUOUS
10
0.3744983858267716
20
0.1928974803149606
11
0.3744986614173229
21
0.1928974803149606
0
LINE
8
BLACK
6
CONTINUOUS
10
0.3744986614173229
20
0.1928974803149606
11
0.375696811023622
21
0.193009842519685
0
LINE
8
BLACK
6
CONTINUOUS
10
0.375696811023622
20
0.193009842519685
11
0.3807433858267716
21
0.1947757086614173
0
LINE
8
BLACK
6
CONTINUOUS
10
0.3807433858267716
20
0.1947757086614173
11
0.3850452755905512
21
0.1979506299212598
0
LINE
8
BLACK
6
CONTINUOUS
10
0.3850452755905512
20
0.1979506299212598
11
0.3882201968503937
21
0.2022525196850394
0
LINE
8
BLACK
6
CONTINUOUS
10
0.3882201968503937
20
0.2022525196850394
11
0.389986062992126
21
0.207299094488189
0
LINE
8
BLACK
6
CONTINUOUS
10
0.389986062992126
20
0.207299094488189
11
0.3900984251968504
21
0.2084972440944882
0
LINE
8
BLACK
6
CONTINUOUS
10
0.3900984251968504
20
0.2084972440944882
11
0.3900984251968504
21
0.2334394488188976
0
LINE
8
BLACK
6
CONTINUOUS
10
0.3900984251968504
20
0.2334394488188976
11
0.389986062992126
21
0.2346375984251969
0
LINE
8
BLACK
6
CONTINUOUS
10
0.389986062992126
20
0.2346375984251969
11
0.3899598031496063
21
0.2347125984251968
0
LINE
8
BLACK
6
CONTINUOUS
10
0.3899598031496063
20
0.2347125984251968
11
0.3882201968503937
21
0.2396841732283465
0
LINE
8
BLACK
6
CONTINUOUS
10
0.3882201968503937
20
0.2396841732283465
11
0.388220157480315
21
0.2396842519685039
0
LINE
8
BLACK
6
CONTINUOUS
10
0.388220157480315
20
0.2396842519685039
11
0.3850453937007874
21
0.2439859448818898
0
LINE
8
BLACK
6
CONTINUOUS
10
0.3850453937007874
20
0.2439859448818898
11
0.3850451181102362
21
0.243986220472441
0
LINE
8
BLACK
6
CONTINUOUS
10
0.3850451181102362
20
0.243986220472441
11
0.3807434251968504
21
0.2471609842519685
0
LINE
8
BLACK
6
CONTINUOUS
10
0.3807434251968504
20
0.2471609842519685
11
0.3807433464566929
21
0.2471610236220472
0
LINE
8
BLACK
6
CONTINUOUS
10
0.3807433464566929
20
0.2471610236220472
11
0.3756970078740157
21
0.248926811023622
0
LINE
8
BLACK
6
CONTINUOUS
10
0.3756970078740157
20
0.248926811023622
11
0.3756970472440945
21
0.248926811023622
0
LINE
8
BLACK
6
CONTINUOUS
10
0.3756970472440945
20
0.248926811023622
11
0.3756968503937008
21
0.2489268503937008
0
LINE
8
BLACK
6
CONTINUOUS
10
0.3756968503937008
20
0.2489268503937008
11
0.375696811023622
21
0.2489268503937008
0
LINE
8
BLACK
6
CONTINUOUS
10
0.375696811023622
20
0.2489268503937008
11
0.3744986614173229
21
0.2490392125984252
0
LINE
8
BLACK
6
CONTINUOUS
10
0.3744986614173229
20
0.2490392125984252
11
0.3347926771653543
21
0.2490392125984252
0
LINE
8
BLACK
6
CONTINUOUS
10
0.3347926771653543
20
0.2490392125984252
11
0.3335945275590551
21
0.2489268503937008
0
LINE
8
BLACK
6
CONTINUOUS
10
0.3335945275590551
20
0.2489268503937008
11
0.3335944488188976
21
0.2489268503937008
0
LINE
8
BLACK
6
CONTINUOUS
10
0.3335944488188976
20
0.2489268503937008
11
0.3335942913385826
21
0.248926811023622
0
LINE
8
BLACK
6
CONTINUOUS
10
0.3335942913385826
20
0.248926811023622
11
0.3285479527559055
21
0.2471610236220472
0
LINE
8
BLACK
6
CONTINUOUS
10
0.3285479527559055
20
0.2471610236220472
11
0.328547874015748
21
0.2471609842519685
0
LINE
8
BLACK
6
CONTINUOUS
10
0.328547874015748
20
0.2471609842519685
11
0.3242461811023622
21
0.243986220472441
0
LINE
8
BLACK
6
CONTINUOUS
10
0.3242461811023622
20
0.243986220472441
11
0.324245905511811
21
0.2439859448818898
0
LINE
8
BLACK
6
CONTINUOUS
10
0.324245905511811
20
0.2439859448818898
11
0.3210711417322835
21
0.2396842519685039
0
LINE
8
BLACK
6
CONTINUOUS
10
0.3210711417322835
20
0.2396842519685039
11
0.3210711023622047
21
0.2396841732283465
0
LINE
8
BLACK
6
CONTINUOUS
10
0.3210711023622047
20
0.2396841732283465
11
0.3193053149606299
21
0.2346378346456693
0
LINE
8
BLACK
6
CONTINUOUS
10
0.3193053149606299
20
0.2346378346456693
11
0.3193052755905512
21
0.2346376771653543
0
LINE
8
BLACK
6
CONTINUOUS
10
0.3193052755905512
20
0.2346376771653543
11
0.3193052755905512
21
0.2346375984251969
0
LINE
8
BLACK
6
CONTINUOUS
10
0.3193052755905512
20
0.2346375984251969
11
0.3191929133858268
21
0.2334394488188976
0
LINE
8
BLACK
6
CONTINUOUS
10
0.3191929133858268
20
0.2334394488188976
11
0.3191929133858268
21
0.2084972440944882
0
LINE
8
BLACK
6
CONTINUOUS
10
0.3191929133858268
20
0.2084972440944882
11
0.3193052755905512
21
0.207299094488189
0
LINE
8
BLACK
6
CONTINUOUS
10
0.3193052755905512
20
0.207299094488189
11
0.3193053149606299
21
0.2072988582677165
0
LINE
8
BLACK
6
CONTINUOUS
10
0.3193053149606299
20
0.2072988582677165
11
0.3193431496062992
21
0.2071255905511811
0
LINE
8
BLACK
6
CONTINUOUS
10
0.3193431496062992
20
0.2071255905511811
11
0.3192944881889764
21
0.207115
0
LINE
8
BLACK
6
CONTINUOUS
10
0.3192944881889764
20
0.207115
11
0.3192720078740157
21
0.2053295669291338
0
LINE
8
BLACK
6
CONTINUOUS
10
0.3192720078740157
20
0.2053295669291338
11
0.3179718897637795
21
0.2038192125984252
0
LINE
8
BLACK
6
CONTINUOUS
10
0.3179718897637795
20
0.2038192125984252
11
0.3160050787401575
21
0.2034979133858268
0
LINE
8
BLACK
6
CONTINUOUS
10
0.3160050787401575
20
0.2034979133858268
11
0.3144870078740157
21
0.2043003543307086
0
LINE
8
BLACK
6
CONTINUOUS
10
0.3144870078740157
20
0.2043003543307086
11
0.2947706299212599
21
0.2240167322834646
0
LINE
8
BLACK
6
CONTINUOUS
10
0.2947706299212599
20
0.2240167322834646
11
0.2939284251968504
21
0.225822874015748
0
LINE
8
BLACK
6
CONTINUOUS
10
0.2939284251968504
20
0.225822874015748
11
0.2939173228346457
21
0.226076811023622
0
LINE
8
BLACK
6
CONTINUOUS
10
0.2939173228346457
20
0.226076811023622
11
0.2939173228346457
21
0.2365584645669291
0
LINE
8
BLACK
6
CONTINUOUS
10
0.2939173228346457
20
0.2365584645669291
11
0.2932960236220473
21
0.2404811811023622
0
LINE
8
BLACK
6
CONTINUOUS
10
0.2932960236220473
20
0.2404811811023622
11
0.2932959842519685
21
0.2404812204724409
0
LINE
8
BLACK
6
CONTINUOUS
10
0.2932959842519685
20
0.2404812204724409
11
0.2931709448818898
21
0.2407266141732284
0
LINE
8
BLACK
6
CONTINUOUS
10
0.2931709448818898
20
0.2407266141732284
11
0.2908869291338583
21
0.2452092913385827
0
LINE
8
BLACK
6
CONTINUOUS
10
0.2908869291338583
20
0.2452092913385827
11
0.2871346456692913
21
0.2489615748031496
0
LINE
8
BLACK
6
CONTINUOUS
10
0.2871346456692913
20
0.2489615748031496
11
0.2871346062992126
21
0.2489616141732283
0
LINE
8
BLACK
6
CONTINUOUS
10
0.2871346062992126
20
0.2489616141732283
11
0.2824065354330709
21
0.2513706692913386
0
LINE
8
BLACK
6
CONTINUOUS
10
0.2824065354330709
20
0.2513706692913386
11
0.2824064960629921
21
0.2513707086614173
0
LINE
8
BLACK
6
CONTINUOUS
10
0.2824064960629921
20
0.2513707086614173
11
0.2784838188976378
21
0.251991968503937
0
LINE
8
BLACK
6
CONTINUOUS
10
0.2784838188976378
20
0.251991968503937
11
0.278483779527559
21
0.251991968503937
0
LINE
8
BLACK
6
CONTINUOUS
10
0.278483779527559
20
0.251991968503937
11
0.2561618897637795
21
0.251991968503937
0
LINE
8
BLACK
6
CONTINUOUS
10
0.2561618897637795
20
0.251991968503937
11
0.2561618503937008
21
0.251991968503937
0
LINE
8
BLACK
6
CONTINUOUS
10
0.2561618503937008
20
0.251991968503937
11
0.2522391338582677
21
0.2513707086614173
0
LINE
8
BLACK
6
CONTINUOUS
10
0.2522391338582677
20
0.2513707086614173
11
0.252239094488189
21
0.2513706692913386
0
LINE
8
BLACK
6
CONTINUOUS
10
0.252239094488189
20
0.2513706692913386
11
0.2475110236220472
21
0.2489616141732283
0
LINE
8
BLACK
6
CONTINUOUS
10
0.2475110236220472
20
0.2489616141732283
11
0.2437587795275591
21
0.2452093700787402
0
LINE
8
BLACK
6
CONTINUOUS
10
0.2437587795275591
20
0.2452093700787402
11
0.2412548818897638
21
0.2402952755905512
0
LINE
8
BLACK
6
CONTINUOUS
10
0.2412548818897638
20
0.2402952755905512
11
0.2397973622047244
21
0.2389361417322834
0
LINE
8
BLACK
6
CONTINUOUS
10
0.2397973622047244
20
0.2389361417322834
11
0.2386590551181102
21
0.2387045669291339
0
LINE
8
BLACK
6
CONTINUOUS
10
0.2386590551181102
20
0.2387045669291339
11
0.2157682677165354
21
0.2387045669291339
0
LINE
8
BLACK
6
CONTINUOUS
10
0.2157682677165354
20
0.2387045669291339
11
0.2138955905511811
21
0.2393861811023622
0
LINE
8
BLACK
6
CONTINUOUS
10
0.2138955905511811
20
0.2393861811023622
11
0.2134241732283464
21
0.2398879133858268
0
LINE
8
BLACK
6
CONTINUOUS
10
0.2134241732283464
20
0.2398879133858268
11
0.2103996062992126
21
0.243986062992126
0
LINE
8
BLACK
6
CONTINUOUS
10
0.2103996062992126
20
0.243986062992126
11
0.2103994488188976
21
0.243986220472441
0
LINE
8
BLACK
6
CONTINUOUS
10
0.2103994488188976
20
0.243986220472441
11
0.2060977559055118
21
0.2471609842519685
0
LINE
8
BLACK
6
CONTINUOUS
10
0.2060977559055118
20
0.2471609842519685
11
0.2060976771653543
21
0.2471610236220472
0
LINE
8
BLACK
6
CONTINUOUS
10
0.2060976771653543
20
0.2471610236220472
11
0.2010513385826772
21
0.248926811023622
0
LINE
8
BLACK
6
CONTINUOUS
10
0.2010513385826772
20
0.248926811023622
11
0.2010513779527559
21
0.248926811023622
0
LINE
8
BLACK
6
CONTINUOUS
10
0.2010513779527559
20
0.248926811023622
11
0.2010511811023622
21
0.2489268503937008
0
LINE
8
BLACK
6
CONTINUOUS
10
0.2010511811023622
20
0.2489268503937008
11
0.2010511417322835
21
0.2489268503937008
0
LINE
8
BLACK
6
CONTINUOUS
10
0.2010511417322835
20
0.2489268503937008
11
0.1998529921259843
21
0.2490392125984252
0
LINE
8
BLACK
6
CONTINUOUS
10
0.1998529921259843
20
0.2490392125984252
11
0.1998527559055118
21
0.2490392125984252
0
LINE
8
BLACK
6
CONTINUOUS
10
0.1998527559055118
20
0.2490392125984252
11
0.1683368503937008
21
0.2490392125984252
0
LINE
8
BLACK
6
CONTINUOUS
10
0.1683368503937008
20
0.2490392125984252
11
0.1664641732283464
21
0.2497208267716535
0
LINE
8
BLACK
6
CONTINUOUS
10
0.1664641732283464
20
0.2497208267716535
11
0.1654677165354331
21
0.2514466929133858
0
LINE
8
BLACK
6
CONTINUOUS
10
0.1654677165354331
20
0.2514466929133858
11
0.165813779527559
21
0.2534092913385827
0
LINE
8
BLACK
6
CONTINUOUS
10
0.165813779527559
20
0.2534092913385827
11
0.1662767716535433
21
0.2540126771653543
0
LINE
8
BLACK
6
CONTINUOUS
10
0.1662767716535433
20
0.2540126771653543
11
0.1681696062992126
21
0.2559055118110236
0
LINE
8
BLACK
6
CONTINUOUS
10
0.1681696062992126
20
0.2559055118110236
11
0.1761586220472441
21
0.2638945669291339
0
LINE
8
BLACK
6
CONTINUOUS
10
0.1761586220472441
20
0.2638945669291339
11
0.1779647637795276
21
0.2647367716535433
0
LINE
8
BLACK
6
CONTINUOUS
10
0.1779647637795276
20
0.2647367716535433
11
0.1782187007874016
21
0.264747874015748
0
LINE
8
BLACK
6
CONTINUOUS
10
0.1782187007874016
20
0.264747874015748
11
0.1998526771653543
21
0.264747874015748
0
LINE
8
BLACK
6
CONTINUOUS
10
0.1998526771653543
20
0.264747874015748
11
0.1998529921259843
21
0.264747874015748
0
LINE
8
BLACK
6
CONTINUOUS
10
0.1998529921259843
20
0.264747874015748
11
0.2010511417322835
21
0.2648602362204724
0
LINE
8
BLACK
6
CONTINUOUS
10
0.2010511417322835
20
0.2648602362204724
11
0.2060977165354331
21
0.2666261023622047
0
LINE
8
BLACK
6
CONTINUOUS
10
0.2060977165354331
20
0.2666261023622047
11
0.2103996062992126
21
0.2698010236220472
0
LINE
8
BLACK
6
CONTINUOUS
10
0.2103996062992126
20
0.2698010236220472
11
0.2135745275590551
21
0.2741029133858268
0
LINE
8
BLACK
6
CONTINUOUS
10
0.2135745275590551
20
0.2741029133858268
11
0.2153403937007874
21
0.2791494881889764
0
LINE
8
BLACK
6
CONTINUOUS
10
0.2153403937007874
20
0.2791494881889764
11
0.2154527559055118
21
0.2803476377952756
0
LINE
8
BLACK
6
CONTINUOUS
10
0.2154527559055118
20
0.2803476377952756
11
0.2154527559055118
21
0.3047658267716535
0
LINE
8
BLACK
6
CONTINUOUS
10
0.2154527559055118
20
0.3047658267716535
11
0.2161343700787401
21
0.3066385039370079
0
LINE
8
BLACK
6
CONTINUOUS
10
0.2161343700787401
20
0.3066385039370079
11
0.216306062992126
21
0.306825905511811
0
LINE
8
BLACK
6
CONTINUOUS
10
0.216306062992126
20
0.306825905511811
11
0.2165913385826772
21
0.3071111811023622
0
LINE
8
BLACK
6
CONTINUOUS
10
0.2165913385826772
20
0.3071111811023622
11
0.2183974803149606
21
0.3079533858267716
0
LINE
8
BLACK
6
CONTINUOUS
10
0.2183974803149606
20
0.3079533858267716
11
0.2186514173228346
21
0.3079644881889764
0
LINE
8
BLACK
6
CONTINUOUS
10
0.2186514173228346
20
0.3079644881889764
11
0.3159942125984252
21
0.3079644881889764
0
LINE
8
BLACK
6
CONTINUOUS
10
0.3159942125984252
20
0.3079644881889764
11
0.3178668897637795
21
0.307282874015748
0
LINE
8
BLACK
6
CONTINUOUS
10
0.3178668897637795
20
0.307282874015748
11
0.3180542913385827
21
0.3071111811023622
0
LINE
8
BLACK
6
CONTINUOUS
10
0.3180542913385827
20
0.3071111811023622
11
0.3183396062992126
21
0.3068258661417323
0
LINE
8
BLACK
6
CONTINUOUS
10
0.3183396062992126
20
0.3068258661417323
11
0.319181811023622
21
0.3050197244094488
0
LINE
8
BLACK
6
CONTINUOUS
10
0.319181811023622
20
0.3050197244094488
11
0.3191929133858268
21
0.3047658267716535
0
LINE
8
BLACK
6
CONTINUOUS
10
0.3191929133858268
20
0.3047658267716535
11
0.3191929133858268
21
0.2803476377952756
0
LINE
8
BLACK
6
CONTINUOUS
10
0.3191929133858268
20
0.2803476377952756
11
0.3193052755905512
21
0.2791494881889764
0
LINE
8
BLACK
6
CONTINUOUS
10
0.3193052755905512
20
0.2791494881889764
11
0.3193052755905512
21
0.2791494094488189
0
LINE
8
BLACK
6
CONTINUOUS
10
0.3193052755905512
20
0.2791494094488189
11
0.3193053149606299
21
0.2791492913385827
0
LINE
8
BLACK
6
CONTINUOUS
10
0.3193053149606299
20
0.2791492913385827
11
0.3210711023622047
21
0.2741029527559055
0
LINE
8
BLACK
6
CONTINUOUS
10
0.3210711023622047
20
0.2741029527559055
11
0.3210711417322835
21
0.274102874015748
0
LINE
8
BLACK
6
CONTINUOUS
10
0.3210711417322835
20
0.274102874015748
11
0.324245905511811
21
0.2698011811023622
0
LINE
8
BLACK
6
CONTINUOUS
10
0.324245905511811
20
0.2698011811023622
11
0.3242461811023622
21
0.269800905511811
0
LINE
8
BLACK
6
CONTINUOUS
10
0.3242461811023622
20
0.269800905511811
11
0.328547874015748
21
0.2666261417322834
0
LINE
8
BLACK
6
CONTINUOUS
10
0.328547874015748
20
0.2666261417322834
11
0.3285479527559055
21
0.2666261023622047
0
LINE
8
BLACK
6
CONTINUOUS
10
0.3285479527559055
20
0.2666261023622047
11
0.3335942913385826
21
0.2648603149606299
0
LINE
8
BLACK
6
CONTINUOUS
10
0.3335942913385826
20
0.2648603149606299
11
0.3335945275590551
21
0.2648602362204724
0
LINE
8
BLACK
6
CONTINUOUS
10
0.3335945275590551
20
0.2648602362204724
11
0.3347926771653543
21
0.264747874015748
0
LINE
8
BLACK
6
CONTINUOUS
10
0.3347926771653543
20
0.264747874015748
11
0.3347929527559055
21
0.264747874015748
0
LINE
8
BLACK
6
CONTINUOUS
10
0.3347929527559055
20
0.264747874015748
11
0.3744983464566929
21
0.264747874015748
0
LINE
8
BLACK
6
CONTINUOUS
10
0.3744983464566929
20
0.264747874015748
11
0.3744986614173229
21
0.264747874015748
0
LINE
8
BLACK
6
CONTINUOUS
10
0.3744986614173229
20
0.264747874015748
11
0.375696811023622
21
0.2648602362204724
0
LINE
8
BLACK
6
CONTINUOUS
10
0.375696811023622
20
0.2648602362204724
11
0.3807433858267716
21
0.2666261023622047
0
LINE
8
BLACK
6
CONTINUOUS
10
0.3807433858267716
20
0.2666261023622047
11
0.3850452755905512
21
0.2698010236220472
0
LINE
8
BLACK
6
CONTINUOUS
10
0.3850452755905512
20
0.2698010236220472
11
0.3882201968503937
21
0.2741029133858268
0
LINE
8
BLACK
6
CONTINUOUS
10
0.3882201968503937
20
0.2741029133858268
11
0.389986062992126
21
0.2791494881889764
0
LINE
8
BLACK
6
CONTINUOUS
10
0.389986062992126
20
0.2791494881889764
11
0.3900984251968504
21
0.2803476377952756
0
LINE
8
BLACK
6
CONTINUOUS
10
0.3900984251968504
20
0.2803476377952756
11
0.3900984251968504
21
0.3052898425196851
0
LINE
8
BLACK
6
CONTINUOUS
10
0.3900984251968504
20
0.3052898425196851
11
0.389986062992126
21
0.3064879921259843
0
LINE
8
BLACK
6
CONTINUOUS
10
0.389986062992126
20
0.3064879921259843
11
0.3894266929133858
21
0.3080865354330709
0
LINE
8
BLACK
6
CONTINUOUS
10
0.3894266929133858
20
0.3080865354330709
11
0.3882201968503937
21
0.3115345669291338
0
LINE
8
BLACK
6
CONTINUOUS
10
0.3882201968503937
20
0.3115345669291338
11
0.388220157480315
21
0.3115346456692913
0
LINE
8
BLACK
6
CONTINUOUS
10
0.388220157480315
20
0.3115346456692913
11
0.3850453937007874
21
0.3158363385826772
0
LINE
8
BLACK
6
CONTINUOUS
10
0.3850453937007874
20
0.3158363385826772
11
0.3850451181102362
21
0.3158366141732283
0
LINE
8
BLACK
6
CONTINUOUS
10
0.3850451181102362
20
0.3158366141732283
11
0.3807434251968504
21
0.3190113779527559
0
LINE
8
BLACK
6
CONTINUOUS
10
0.3807434251968504
20
0.3190113779527559
11
0.3807433464566929
21
0.3190114173228346
0
LINE
8
BLACK
6
CONTINUOUS
10
0.3807433464566929
20
0.3190114173228346
11
0.3756970078740157
21
0.3207772047244095
0
LINE
8
BLACK
6
CONTINUOUS
10
0.3756970078740157
20
0.3207772047244095
11
0.3756970472440945
21
0.3207772047244095
0
LINE
8
BLACK
6
CONTINUOUS
10
0.3756970472440945
20
0.3207772047244095
11
0.3756968503937008
21
0.3207772440944882
0
LINE
8
BLACK
6
CONTINUOUS
10
0.3756968503937008
20
0.3207772440944882
11
0.375696811023622
21
0.3207772440944882
0
LINE
8
BLACK
6
CONTINUOUS
10
0.375696811023622
20
0.3207772440944882
11
0.3744986614173229
21
0.3208896062992126
0
LINE
8
BLACK
6
CONTINUOUS
10
0.3744986614173229
20
0.3208896062992126
11
0.3744984251968504
21
0.3208896062992126
0
LINE
8
BLACK
6
CONTINUOUS
10
0.3744984251968504
20
0.3208896062992126
11
0.3500805118110236
21
0.3208896062992126
0
LINE
8
BLACK
6
CONTINUOUS
10
0.3500805118110236
20
0.3208896062992126
11
0.3482078346456693
21
0.3215712204724409
0
LINE
8
BLACK
6
CONTINUOUS
10
0.3482078346456693
20
0.3215712204724409
11
0.3480204330708661
21
0.3217429133858268
0
LINE
8
BLACK
6
CONTINUOUS
10
0.3480204330708661
20
0.3217429133858268
11
0.3339313779527559
21
0.335831968503937
0
LINE
8
BLACK
6
CONTINUOUS
10
0.3339313779527559
20
0.335831968503937
11
0.3339307874015748
21
0.3358325196850394
0
LINE
8
BLACK
6
CONTINUOUS
10
0.3339307874015748
20
0.3358325196850394
11
0.3331157086614173
21
0.3366475984251969
0
LINE
8
BLACK
6
CONTINUOUS
10
0.3331157086614173
20
0.3366475984251969
11
0.3322004724409449
21
0.3371139763779528
0
LINE
8
BLACK
6
CONTINUOUS
10
0.3322004724409449
20
0.3371139763779528
11
0.3318108267716535
21
0.3373527559055118
0
LINE
8
BLACK
6
CONTINUOUS
10
0.3318108267716535
20
0.3373527559055118
11
0.3309798031496063
21
0.3379564960629921
0
LINE
8
BLACK
6
CONTINUOUS
10
0.3309798031496063
20
0.3379564960629921
11
0.3309797637795275
21
0.3379565354330709
0
LINE
8
BLACK
6
CONTINUOUS
10
0.3309797637795275
20
0.3379565354330709
11
0.3300029527559055
21
0.3382738976377953
0
LINE
8
BLACK
6
CONTINUOUS
10
0.3300029527559055
20
0.3382738976377953
11
0.3295805905511811
21
0.3384488188976378
0
LINE
8
BLACK
6
CONTINUOUS
10
0.3295805905511811
20
0.3384488188976378
11
0.3286653543307086
21
0.338915157480315
0
LINE
8
BLACK
6
CONTINUOUS
10
0.3286653543307086
20
0.338915157480315
11
0.3286651181102362
21
0.3389152362204724
0
LINE
8
BLACK
6
CONTINUOUS
10
0.3286651181102362
20
0.3389152362204724
11
0.3276508267716535
21
0.339075905511811
0
LINE
8
BLACK
6
CONTINUOUS
10
0.3276508267716535
20
0.339075905511811
11
0.3272065748031496
21
0.3391825196850394
0
LINE
8
BLACK
6
CONTINUOUS
10
0.3272065748031496
20
0.3391825196850394
11
0.3265435826771653
21
0.3393979133858268
0
LINE
8
BLACK
6
CONTINUOUS
10
0.3265435826771653
20
0.3393979133858268
11
0.3262295669291339
21
0.3394999212598425
0
LINE
8
BLACK
6
CONTINUOUS
10
0.3262295669291339
20
0.3394999212598425
11
0.3249731102362204
21
0.3394999212598425
0
LINE
8
BLACK
6
CONTINUOUS
10
0.3249731102362204
20
0.3394999212598425
11
0.2096725590551181
21
0.3394999212598425
0
LINE
8
BLACK
6
CONTINUOUS
10
0.2096725590551181
20
0.3394999212598425
11
0.2095526771653543
21
0.3394999212598425
0
LINE
8
BLACK
6
CONTINUOUS
10
0.2095526771653543
20
0.3394999212598425
11
0.2095517322834646
21
0.3394998818897638
0
LINE
8
BLACK
6
CONTINUOUS
10
0.2095517322834646
20
0.3394998818897638
11
0.2084161023622047
21
0.3394998818897638
0
LINE
8
BLACK
6
CONTINUOUS
10
0.2084161023622047
20
0.3394998818897638
11
0.2074393700787402
21
0.3391825590551181
0
LINE
8
BLACK
6
CONTINUOUS
10
0.2074393700787402
20
0.3391825590551181
11
0.206995
21
0.3390758661417323
0
LINE
8
BLACK
6
CONTINUOUS
10
0.206995
20
0.3390758661417323
11
0.2059802362204724
21
0.3389151181102362
0
LINE
8
BLACK
6
CONTINUOUS
10
0.2059802362204724
20
0.3389151181102362
11
0.205065
21
0.3384488188976378
0
LINE
8
BLACK
6
CONTINUOUS
10
0.205065
20
0.3384488188976378
11
0.204642874015748
21
0.3382739763779528
0
LINE
8
BLACK
6
CONTINUOUS
10
0.204642874015748
20
0.3382739763779528
11
0.2036658267716535
21
0.3379564960629921
0
LINE
8
BLACK
6
CONTINUOUS
10
0.2036658267716535
20
0.3379564960629921
11
0.2036657480314961
21
0.3379564566929134
0
LINE
8
BLACK
6
CONTINUOUS
10
0.2036657480314961
20
0.3379564566929134
11
0.2028348818897638
21
0.3373527559055118
0
LINE
8
BLACK
6
CONTINUOUS
10
0.2028348818897638
20
0.3373527559055118
11
0.2024451181102362
21
0.3371138976377953
0
LINE
8
BLACK
6
CONTINUOUS
10
0.2024451181102362
20
0.3371138976377953
11
0.2015299212598425
21
0.3366475984251969
0
LINE
8
BLACK
6
CONTINUOUS
10
0.2015299212598425
20
0.3366475984251969
11
0.1866252755905512
21
0.3217429133858268
0
LINE
8
BLACK
6
CONTINUOUS
10
0.1866252755905512
20
0.3217429133858268
11
0.1848191338582677
21
0.3209007086614173
0
LINE
8
BLACK
6
CONTINUOUS
10
0.1848191338582677
20
0.3209007086614173
11
0.1845651968503937
21
0.3208896062992126
0
LINE
8
BLACK
6
CONTINUOUS
10
0.1845651968503937
20
0.3208896062992126
11
0.1601470078740158
21
0.3208896062992126
0
LINE
8
BLACK
6
CONTINUOUS
10
0.1601470078740158
20
0.3208896062992126
11
0.1589488582677165
21
0.3207772440944882
0
LINE
8
BLACK
6
CONTINUOUS
10
0.1589488582677165
20
0.3207772440944882
11
0.1589487795275591
21
0.3207772440944882
0
LINE
8
BLACK
6
CONTINUOUS
10
0.1589487795275591
20
0.3207772440944882
11
0.1589486220472441
21
0.3207772047244095
0
LINE
8
BLACK
6
CONTINUOUS
10
0.1589486220472441
20
0.3207772047244095
11
0.1539022834645669
21
0.3190114173228346
0
LINE
8
BLACK
6
CONTINUOUS
10
0.1539022834645669
20
0.3190114173228346
11
0.1539022047244094
21
0.3190113779527559
0
LINE
8
BLACK
6
CONTINUOUS
10
0.1539022047244094
20
0.3190113779527559
11
0.1496005118110236
21
0.3158366141732283
0
LINE
8
BLACK
6
CONTINUOUS
10
0.1496005118110236
20
0.3158366141732283
11
0.1496003543307086
21
0.3158364566929134
0
LINE
8
BLACK
6
CONTINUOUS
10
0.1496003543307086
20
0.3158364566929134
11
0.1467467716535433
21
0.3119699606299213
0
LINE
8
BLACK
6
CONTINUOUS
10
0.1467467716535433
20
0.3119699606299213
11
0.1450862992125984
21
0.3108679527559055
0
LINE
8
BLACK
6
CONTINUOUS
10
0.1450862992125984
20
0.3108679527559055
11
0.1431059842519685
21
0.3110911023622047
0
LINE
8
BLACK
6
CONTINUOUS
10
0.1431059842519685
20
0.3110911023622047
11
0.1420913385826772
21
0.3119264566929134
0
LINE
8
BLACK
6
CONTINUOUS
10
0.1420913385826772
20
0.3119264566929134
11
0.1389088188976378
21
0.3160740157480315
0
LINE
8
BLACK
6
CONTINUOUS
10
0.1389088188976378
20
0.3160740157480315
11
0.1389086220472441
21
0.3160742125984252
0
LINE
8
BLACK
6
CONTINUOUS
10
0.1389086220472441
20
0.3160742125984252
11
0.1339701181102362
21
0.3198636220472441
0
LINE
8
BLACK
6
CONTINUOUS
10
0.1339701181102362
20
0.3198636220472441
11
0.128218937007874
21
0.3222458661417323
0
LINE
8
BLACK
6
CONTINUOUS
10
0.128218937007874
20
0.3222458661417323
11
0.1220472440944882
21
0.3230583464566929
0
LINE
8
BLACK
6
CONTINUOUS
10
0.1220472440944882
20
0.3230583464566929
11
0.1158755511811024
21
0.3222458661417323
0
LINE
8
BLACK
6
CONTINUOUS
10
0.1158755511811024
20
0.3222458661417323
11
0.1158755118110236
21
0.3222458661417323
0
LINE
8
BLACK
6
CONTINUOUS
10
0.1158755118110236
20
0.3222458661417323
11
0.1113858661417323
21
0.3203861811023622
0
LINE
8
BLACK
6
CONTINUOUS
10
0.1113858661417323
20
0.3203861811023622
11
0.1101243700787402
21
0.3198636220472441
0
LINE
8
BLACK
6
CONTINUOUS
10
0.1101243700787402
20
0.3198636220472441
11
0.1101243307086614
21
0.3198636220472441
0
LINE
8
BLACK
6
CONTINUOUS
10
0.1101243307086614
20
0.3198636220472441
11
0.1099479921259842
21
0.3197905511811023
0
LINE
8
BLACK
6
CONTINUOUS
10
0.1099479921259842
20
0.3197905511811023
11
0.1099107874015748
21
0.3198803543307087
0
LINE
8
BLACK
6
CONTINUOUS
10
0.1099107874015748
20
0.3198803543307087
11
0.1082962204724409
21
0.3195971259842519
0
LINE
8
BLACK
6
CONTINUOUS
10
0.1082962204724409
20
0.3195971259842519
11
0.1065712204724409
21
0.3205950787401575
0
LINE
8
BLACK
6
CONTINUOUS
10
0.1065712204724409
20
0.3205950787401575
11
0.1063540157480315
21
0.3208903149606299
0
LINE
8
BLACK
6
CONTINUOUS
10
0.1063540157480315
20
0.3208903149606299
11
0.1059542125984252
21
0.3215124409448819
0
LINE
8
BLACK
6
CONTINUOUS
10
0.1059542125984252
20
0.3215124409448819
11
0.1044540157480315
21
0.3232437401574803
0
LINE
8
BLACK
6
CONTINUOUS
10
0.1044540157480315
20
0.3232437401574803
11
0.1044539763779528
21
0.3232437795275591
0
LINE
8
BLACK
6
CONTINUOUS
10
0.1044539763779528
20
0.3232437795275591
11
0.104453779527559
21
0.3232439763779528
0
LINE
8
BLACK
6
CONTINUOUS
10
0.104453779527559
20
0.3232439763779528
11
0.1023988188976378
21
0.3250245669291338
0
LINE
8
BLACK
6
CONTINUOUS
10
0.1023988188976378
20
0.3250245669291338
11
0.1001760236220472
21
0.3269505905511811
0
LINE
8
BLACK
6
CONTINUOUS
10
0.1001760236220472
20
0.3269505905511811
11
0.0989375196850394
21
0.3277465354330709
0
LINE
8
BLACK
6
CONTINUOUS
10
0.0989375196850394
20
0.3277465354330709
11
0.0982488976377953
21
0.3281890944881889
0
LINE
8
BLACK
6
CONTINUOUS
10
0.0982488976377953
20
0.3281890944881889
11
0.0931000393700787
21
0.3305405118110236
0
LINE
8
BLACK
6
CONTINUOUS
10
0.0931000393700787
20
0.3305405118110236
11
0.0930999212598425
21
0.3305405511811024
0
LINE
8
BLACK
6
CONTINUOUS
10
0.0930999212598425
20
0.3305405511811024
11
0.0909018897637795
21
0.3311859448818897
0
LINE
8
BLACK
6
CONTINUOUS
10
0.0909018897637795
20
0.3311859448818897
11
0.0909017322834646
21
0.3311859842519685
0
LINE
8
BLACK
6
CONTINUOUS
10
0.0909017322834646
20
0.3311859842519685
11
0.0909016929133858
21
0.3311859842519685
0
LINE
8
BLACK
6
CONTINUOUS
10
0.0909016929133858
20
0.3311859842519685
11
0.085299094488189
21
0.3319915354330709
0
LINE
8
BLACK
6
CONTINUOUS
10
0.085299094488189
20
0.3319915354330709
11
0.085298937007874
21
0.3319915354330709
0
LINE
8
BLACK
6
CONTINUOUS
10
0.085298937007874
20
0.3319915354330709
11
0.0830081496062992
21
0.3319915354330709
0
LINE
8
BLACK
6
CONTINUOUS
10
0.0830081496062992
20
0.3319915354330709
11
0.0830079527559055
21
0.3319915354330709
0
LINE
8
BLACK
6
CONTINUOUS
10
0.0830079527559055
20
0.3319915354330709
11
0.0823761417322835
21
0.3319006692913386
0
LINE
8
BLACK
6
CONTINUOUS
10
0.0823761417322835
20
0.3319006692913386
11
0.0819615354330709
21
0.3318710236220472
0
LINE
8
BLACK
6
CONTINUOUS
10
0.0819615354330709
20
0.3318710236220472
11
0.0666605118110236
21
0.3318710236220472
0
LINE
8
BLACK
6
CONTINUOUS
10
0.0666605118110236
20
0.3318710236220472
11
0.066245905511811
21
0.3319006692913386
0
LINE
8
BLACK
6
CONTINUOUS
10
0.066245905511811
20
0.3319006692913386
11
0.0656140551181102
21
0.3319915354330709
0
LINE
8
BLACK
6
CONTINUOUS
10
0.0656140551181102
20
0.3319915354330709
11
0.0656138976377953
21
0.3319915354330709
0
LINE
8
BLACK
6
CONTINUOUS
10
0.0656138976377953
20
0.3319915354330709
11
0.0633231102362205
21
0.3319915354330709
0
LINE
8
BLACK
6
CONTINUOUS
10
0.0633231102362205
20
0.3319915354330709
11
0.0633229133858268
21
0.3319915354330709
0
LINE
8
BLACK
6
CONTINUOUS
10
0.0633229133858268
20
0.3319915354330709
11
0.0577203149606299
21
0.3311859842519685
0
LINE
8
BLACK
6
CONTINUOUS
10
0.0577203149606299
20
0.3311859842519685
11
0.0577201968503937
21
0.3311859842519685
0
LINE
8
BLACK
6
CONTINUOUS
10
0.0577201968503937
20
0.3311859842519685
11
0.057720157480315
21
0.3311859448818897
0
LINE
8
BLACK
6
CONTINUOUS
10
0.057720157480315
20
0.3311859448818897
11
0.0566211417322835
21
0.3308632677165354
0
LINE
8
BLACK
6
CONTINUOUS
10
0.0566211417322835
20
0.3308632677165354
11
0.055521968503937
21
0.3305405118110236
0
LINE
8
BLACK
6
CONTINUOUS
10
0.055521968503937
20
0.3305405118110236
11
0.0503731496062992
21
0.3281890944881889
0
LINE
8
BLACK
6
CONTINUOUS
10
0.0503731496062992
20
0.3281890944881889
11
0.0503731102362205
21
0.3281890944881889
0
LINE
8
BLACK
6
CONTINUOUS
10
0.0503731102362205
20
0.3281890944881889
11
0.0484460236220472
21
0.3269505905511811
0
LINE
8
BLACK
6
CONTINUOUS
10
0.0484460236220472
20
0.3269505905511811
11
0.0441682677165354
21
0.3232439763779528
0
LINE
8
BLACK
6
CONTINUOUS
10
0.0441682677165354
20
0.3232439763779528
11
0.0441681496062992
21
0.3232438582677165
0
LINE
8
BLACK
6
CONTINUOUS
10
0.0441681496062992
20
0.3232438582677165
11
0.044168031496063
21
0.3232437401574803
0
LINE
8
BLACK
6
CONTINUOUS
10
0.044168031496063
20
0.3232437401574803
11
0.0440074015748032
21
0.3230583464566929
0
LINE
8
BLACK
6
CONTINUOUS
10
0.0440074015748032
20
0.3230583464566929
11
0.0426677165354331
21
0.3215123622047244
0
LINE
8
BLACK
6
CONTINUOUS
10
0.0426677165354331
20
0.3215123622047244
11
0.0396076377952756
21
0.3167507480314961
0
LINE
8
BLACK
6
CONTINUOUS
10
0.0396076377952756
20
0.3167507480314961
11
0.0396075984251969
21
0.3167506692913385
0
LINE
8
BLACK
6
CONTINUOUS
10
0.0396075984251969
20
0.3167506692913385
11
0.038655905511811
21
0.3146667322834645
0
LINE
8
BLACK
6
CONTINUOUS
10
0.038655905511811
20
0.3146667322834645
11
0.037061062992126
21
0.3092351968503937
0
LINE
8
BLACK
6
CONTINUOUS
10
0.037061062992126
20
0.3092351968503937
11
0.0367351181102362
21
0.3069681102362204
0
LINE
8
BLACK
6
CONTINUOUS
10
0.0367351181102362
20
0.3069681102362204
11
0.0367351181102362
21
0.3069679133858267
0
LINE
8
BLACK
6
CONTINUOUS
10
0.0367351181102362
20
0.3069679133858267
11
0.0367351181102362
21
0.282484094488189
0
LINE
8
BLACK
6
CONTINUOUS
10
0.0367351181102362
20
0.282484094488189
11
0.0367615748031496
21
0.2823511023622047
0
LINE
8
BLACK
6
CONTINUOUS
10
0.0367615748031496
20
0.2823511023622047
11
0.0373477165354331
21
0.2794041732283464
0
LINE
8
BLACK
6
CONTINUOUS
10
0.0373477165354331
20
0.2794041732283464
11
0.0374965748031496
21
0.2791814173228346
0
LINE
8
BLACK
6
CONTINUOUS
10
0.0374965748031496
20
0.2791814173228346
11
0.0379702362204724
21
0.2772456692913386
0
LINE
8
BLACK
6
CONTINUOUS
10
0.0379702362204724
20
0.2772456692913386
11
0.0374965748031496
21
0.2759442519685039
0
LINE
8
BLACK
6
CONTINUOUS
10
0.0374965748031496
20
0.2759442519685039
11
0.0373477559055118
21
0.2757215748031496
0
LINE
8
BLACK
6
CONTINUOUS
10
0.0373477559055118
20
0.2757215748031496
11
0.0373477559055118
21
0.2757215354330709
0
LINE
8
BLACK
6
CONTINUOUS
10
0.0373477559055118
20
0.2757215354330709
11
0.0368897637795276
21
0.2734190551181102
0
LINE
8
BLACK
6
CONTINUOUS
10
0.0368897637795276
20
0.2734190551181102
11
0.0368897637795276
21
0.2324940157480315
0
LINE
8
BLACK
6
CONTINUOUS
10
0.0368897637795276
20
0.2324940157480315
11
0.0371642913385827
21
0.231113937007874
0
LINE
8
BLACK
6
CONTINUOUS
10
0.0371642913385827
20
0.231113937007874
11
0.0373477559055118
21
0.2301915354330709
0
LINE
8
BLACK
6
CONTINUOUS
10
0.0373477559055118
20
0.2301915354330709
11
0.0374965748031496
21
0.2299688188976378
0
LINE
8
BLACK
6
CONTINUOUS
10
0.0374965748031496
20
0.2299688188976378
11
0.0379702362204724
21
0.2280330708661417
0
LINE
8
BLACK
6
CONTINUOUS
10
0.0379702362204724
20
0.2280330708661417
11
0.0374965748031496
21
0.2267316535433071
0
LINE
8
BLACK
6
CONTINUOUS
10
0.0374965748031496
20
0.2267316535433071
11
0.0373477165354331
21
0.226508937007874
0
LINE
8
BLACK
6
CONTINUOUS
10
0.0373477165354331
20
0.226508937007874
11
0.0367351181102362
21
0.2234289763779528
0
LINE
8
BLACK
6
CONTINUOUS
10
0.0367351181102362
20
0.2234289763779528
11
0.0367351181102362
21
0.2224250393700787
0
LINE
8
BLACK
6
CONTINUOUS
10
0.0367351181102362
20
0.2224250393700787
11
0.0360535039370079
21
0.2205523622047244
0
LINE
8
BLACK
6
CONTINUOUS
10
0.0360535039370079
20
0.2205523622047244
11
0.0343276377952756
21
0.219555905511811
0
LINE
8
BLACK
6
CONTINUOUS
10
0.0343276377952756
20
0.219555905511811
11
0.0338217322834646
21
0.2195116535433071
0
LINE
8
BLACK
6
CONTINUOUS
10
0.0338217322834646
20
0.2195116535433071
11
0.0315061417322835
21
0.2195116535433071
0
LINE
8
BLACK
6
CONTINUOUS
10
0.0315061417322835
20
0.2195116535433071
11
0.0296334645669291
21
0.2201932677165354
0
LINE
8
BLACK
6
CONTINUOUS
10
0.0296334645669291
20
0.2201932677165354
11
0.029446062992126
21
0.2203649606299213
0
LINE
8
BLACK
6
CONTINUOUS
10
0.029446062992126
20
0.2203649606299213
11
0.0159517322834646
21
0.2338592913385827
0
LINE
8
BLACK
6
CONTINUOUS
10
0.0159517322834646
20
0.2338592913385827
11
0.0151095275590551
21
0.2356654330708661
0
LINE
8
BLACK
6
CONTINUOUS
10
0.0151095275590551
20
0.2356654330708661
11
0.0150984251968504
21
0.2359193700787401
0
LINE
8
BLACK
6
CONTINUOUS
10
0.0150984251968504
20
0.2359193700787401
11
0.0150984251968504
21
0.2464009842519685
0
LINE
8
BLACK
6
CONTINUOUS
10
0.0150984251968504
20
0.2464009842519685
11
0.014477125984252
21
0.2503237007874016
0
LINE
8
BLACK
6
CONTINUOUS
10
0.014477125984252
20
0.2503237007874016
11
0.0144770866141732
21
0.2503237401574803
0
LINE
8
BLACK
6
CONTINUOUS
10
0.0144770866141732
20
0.2503237401574803
11
0.0142745275590551
21
0.2507212598425197
0
LINE
8
BLACK
6
CONTINUOUS
10
0.0142745275590551
20
0.2507212598425197
11
0.012068031496063
21
0.2550518110236221
0
LINE
8
BLACK
6
CONTINUOUS
10
0.012068031496063
20
0.2550518110236221
11
0.0083157480314961
21
0.258804094488189
0
LINE
8
BLACK
6
CONTINUOUS
10
0.0083157480314961
20
0.258804094488189
11
0.0083157086614173
21
0.2588041338582677
0
LINE
8
BLACK
6
CONTINUOUS
10
0.0083157086614173
20
0.2588041338582677
11
0.0035876377952756
21
0.261213188976378
0
LINE
8
BLACK
6
CONTINUOUS
10
0.0035876377952756
20
0.261213188976378
11
0.0035875984251969
21
0.2612132283464567
0
LINE
8
BLACK
6
CONTINUOUS
10
0.0035875984251969
20
0.2612132283464567
11
-0.0003350787401575
21
0.2618344881889764
0
LINE
8
BLACK
6
CONTINUOUS
10
-0.0003350787401575
20
0.2618344881889764
11
-0.0003351181102362
21
0.2618344881889764
0
LINE
8
BLACK
6
CONTINUOUS
10
-0.0003351181102362
20
0.2618344881889764
11
-0.0226570078740157
21
0.2618344881889764
0
LINE
8
BLACK
6
CONTINUOUS
10
-0.0226570078740157
20
0.2618344881889764
11
-0.0226570472440945
21
0.2618344881889764
0
LINE
8
BLACK
6
CONTINUOUS
10
-0.0226570472440945
20
0.2618344881889764
11
-0.0265797637795276
21
0.2612132283464567
0
LINE
8
BLACK
6
CONTINUOUS
10
-0.0265797637795276
20
0.2612132283464567
11
-0.0265798031496063
21
0.261213188976378
0
LINE
8
BLACK
6
CONTINUOUS
10
-0.0265798031496063
20
0.261213188976378
11
-0.031307874015748
21
0.2588041338582677
0
LINE
8
BLACK
6
CONTINUOUS
10
-0.031307874015748
20
0.2588041338582677
11
-0.0350601968503937
21
0.2550518110236221
0
LINE
8
BLACK
6
CONTINUOUS
10
-0.0350601968503937
20
0.2550518110236221
11
-0.0374692519685039
21
0.2503237401574803
0
LINE
8
BLACK
6
CONTINUOUS
10
-0.0374692519685039
20
0.2503237401574803
11
-0.0374692913385827
21
0.2503237007874016
0
LINE
8
BLACK
6
CONTINUOUS
10
-0.0374692913385827
20
0.2503237007874016
11
-0.0380905511811024
21
0.2464009842519685
0
LINE
8
BLACK
6
CONTINUOUS
10
-0.0380905511811024
20
0.2464009842519685
11
-0.0380905511811024
21
0.2460470866141732
0
LINE
8
BLACK
6
CONTINUOUS
10
-0.0380905511811024
20
0.2460470866141732
11
-0.0387721653543307
21
0.2441744094488189
0
LINE
8
BLACK
6
CONTINUOUS
10
-0.0387721653543307
20
0.2441744094488189
11
-0.040498031496063
21
0.2431779527559055
0
LINE
8
BLACK
6
CONTINUOUS
10
-0.040498031496063
20
0.2431779527559055
11
-0.041003937007874
21
0.2431337007874016
0
LINE
8
BLACK
6
CONTINUOUS
10
-0.041003937007874
20
0.2431337007874016
11
-0.0665951181102362
21
0.2431337007874016
0
LINE
8
BLACK
6
CONTINUOUS
10
-0.0665951181102362
20
0.2431337007874016
11
-0.0678746456692913
21
0.2434297244094488
0
LINE
8
BLACK
6
CONTINUOUS
10
-0.0678746456692913
20
0.2434297244094488
11
-0.0704962992125984
21
0.2447113779527559
0
LINE
8
BLACK
6
CONTINUOUS
10
-0.0704962992125984
20
0.2447113779527559
11
-0.0731785826771654
21
0.2451022047244094
0
LINE
8
BLACK
6
CONTINUOUS
10
-0.0731785826771654
20
0.2451022047244094
11
-0.0731787401574803
21
0.2451022047244094
0
LINE
8
BLACK
6
CONTINUOUS
10
-0.0731787401574803
20
0.2451022047244094
11
-0.1127932677165354
21
0.2451022047244094
0
LINE
8
BLACK
6
CONTINUOUS
10
-0.1127932677165354
20
0.2451022047244094
11
-0.1146659448818898
21
0.2457838188976378
0
LINE
8
BLACK
6
CONTINUOUS
10
-0.1146659448818898
20
0.2457838188976378
11
-0.1156624015748031
21
0.2475096850393701
0
LINE
8
BLACK
6
CONTINUOUS
10
-0.1156624015748031
20
0.2475096850393701
11
-0.1153163385826772
21
0.2494722834645669
0
LINE
8
BLACK
6
CONTINUOUS
10
-0.1153163385826772
20
0.2494722834645669
11
-0.1151046062992126
21
0.2497891732283465
0
LINE
8
BLACK
6
CONTINUOUS
10
-0.1151046062992126
20
0.2497891732283465
11
-0.1144895669291339
21
0.2505907086614173
0
LINE
8
BLACK
6
CONTINUOUS
10
-0.1144895669291339
20
0.2505907086614173
11
-0.1133489763779528
21
0.252077125984252
0
LINE
8
BLACK
6
CONTINUOUS
10
-0.1133489763779528
20
0.252077125984252
11
-0.1109667716535433
21
0.2578282677165354
0
LINE
8
BLACK
6
CONTINUOUS
10
-0.1109667716535433
20
0.2578282677165354
11
-0.1101542519685039
21
0.264
0
LINE
8
BLACK
6
CONTINUOUS
10
-0.1101542519685039
20
0.264
11
-0.1109667716535433
21
0.2701717322834646
0
LINE
8
BLACK
6
CONTINUOUS
10
-0.1109667716535433
20
0.2701717322834646
11
-0.1111825984251968
21
0.2706927559055118
0
LINE
8
BLACK
6
CONTINUOUS
10
-0.1111825984251968
20
0.2706927559055118
11
-0.1133490157480315
21
0.2759229921259843
0
LINE
8
BLACK
6
CONTINUOUS
10
-0.1133490157480315
20
0.2759229921259843
11
-0.1134444094488189
21
0.2760881889763779
0
LINE
8
BLACK
6
CONTINUOUS
10
-0.1134444094488189
20
0.2760881889763779
11
-0.1133641732283465
21
0.2761345669291339
0
LINE
8
BLACK
6
CONTINUOUS
10
-0.1133641732283465
20
0.2761345669291339
11
-0.1138608661417323
21
0.2777092125984252
0
LINE
8
BLACK
6
CONTINUOUS
10
-0.1138608661417323
20
0.2777092125984252
11
-0.1130984645669291
21
0.2795504724409449
0
LINE
8
BLACK
6
CONTINUOUS
10
-0.1130984645669291
20
0.2795504724409449
11
-0.111330905511811
21
0.2804709448818898
0
LINE
8
BLACK
6
CONTINUOUS
10
-0.111330905511811
20
0.2804709448818898
11
-0.1109502362204724
21
0.280495905511811
0
LINE
8
BLACK
6
CONTINUOUS
10
-0.1109502362204724
20
0.280495905511811
11
-0.0731789763779528
21
0.280495905511811
0
LINE
8
BLACK
6
CONTINUOUS
10
-0.0731789763779528
20
0.280495905511811
11
-0.0731787401574803
21
0.280495905511811
0
LINE
8
BLACK
6
CONTINUOUS
10
-0.0731787401574803
20
0.280495905511811
11
-0.0704963385826772
21
0.2808867322834646
0
LINE
8
BLACK
6
CONTINUOUS
10
-0.0704963385826772
20
0.2808867322834646
11
-0.066358937007874
21
0.2829093700787402
0
LINE
8
BLACK
6
CONTINUOUS
10
-0.066358937007874
20
0.2829093700787402
11
-0.0631024409448819
21
0.2861658661417323
0
LINE
8
BLACK
6
CONTINUOUS
10
-0.0631024409448819
20
0.2861658661417323
11
-0.0610798031496063
21
0.2903032677165354
0
LINE
8
BLACK
6
CONTINUOUS
10
-0.0610798031496063
20
0.2903032677165354
11
-0.0606889763779528
21
0.2929856692913386
0
LINE
8
BLACK
6
CONTINUOUS
10
-0.0606889763779528
20
0.2929856692913386
11
-0.0606889763779528
21
0.3074155905511811
0
LINE
8
BLACK
6
CONTINUOUS
10
-0.0606889763779528
20
0.3074155905511811
11
-0.0610798031496063
21
0.3100979921259843
0
LINE
8
BLACK
6
CONTINUOUS
10
-0.0610798031496063
20
0.3100979921259843
11
-0.0631024409448819
21
0.3142353937007874
0
LINE
8
BLACK
6
CONTINUOUS
10
-0.0631024409448819
20
0.3142353937007874
11
-0.066358937007874
21
0.3174918897637795
0
LINE
8
BLACK
6
CONTINUOUS
10
-0.066358937007874
20
0.3174918897637795
11
-0.0663589763779528
21
0.3174919291338583
0
LINE
8
BLACK
6
CONTINUOUS
10
-0.0663589763779528
20
0.3174919291338583
11
-0.0704962992125984
21
0.3195145275590551
0
LINE
8
BLACK
6
CONTINUOUS
10
-0.0704962992125984
20
0.3195145275590551
11
-0.0731785826771654
21
0.3199053543307087
0
LINE
8
BLACK
6
CONTINUOUS
10
-0.0731785826771654
20
0.3199053543307087
11
-0.0731787401574803
21
0.3199053543307087
0
LINE
8
BLACK
6
CONTINUOUS
10
-0.0731787401574803
20
0.3199053543307087
11
-0.116151968503937
21
0.3199053543307087
0
LINE
8
BLACK
6
CONTINUOUS
10
-0.116151968503937
20
0.3199053543307087
11
-0.1161521653543307
21
0.3199053543307087
0
LINE
8
BLACK
6
CONTINUOUS
10
-0.1161521653543307
20
0.3199053543307087
11
-0.1188344094488189
21
0.3195145275590551
0
LINE
8
BLACK
6
CONTINUOUS
10
-0.1188344094488189
20
0.3195145275590551
11
-0.1188344488188976
21
0.3195145275590551
0
LINE
8
BLACK
6
CONTINUOUS
10
-0.1188344488188976
20
0.3195145275590551
11
-0.1229717716535433
21
0.3174919291338583
0
LINE
8
BLACK
6
CONTINUOUS
10
-0.1229717716535433
20
0.3174919291338583
11
-0.1262283070866142
21
0.3142353937007874
0
LINE
8
BLACK
6
CONTINUOUS
10
-0.1262283070866142
20
0.3142353937007874
11
-0.128250905511811
21
0.3100980708661417
0
LINE
8
BLACK
6
CONTINUOUS
10
-0.128250905511811
20
0.3100980708661417
11
-0.128250905511811
21
0.310098031496063
0
LINE
8
BLACK
6
CONTINUOUS
10
-0.128250905511811
20
0.310098031496063
11
-0.1286417322834646
21
0.3074157874015748
0
LINE
8
BLACK
6
CONTINUOUS
10
-0.1286417322834646
20
0.3074157874015748
11
-0.1286417322834646
21
0.3057580708661417
0
LINE
8
BLACK
6
CONTINUOUS
10
-0.1286417322834646
20
0.3057580708661417
11
-0.1293233464566929
21
0.3038853937007874
0
LINE
8
BLACK
6
CONTINUOUS
10
-0.1293233464566929
20
0.3038853937007874
11
-0.1310492125984252
21
0.302888937007874
0
LINE
8
BLACK
6
CONTINUOUS
10
-0.1310492125984252
20
0.302888937007874
11
-0.1330118110236221
21
0.303235
0
LINE
8
BLACK
6
CONTINUOUS
10
-0.1330118110236221
20
0.303235
11
-0.1336151968503937
21
0.3036979921259843
0
LINE
8
BLACK
6
CONTINUOUS
10
-0.1336151968503937
20
0.3036979921259843
11
-0.1418392125984252
21
0.3119220078740157
0
LINE
8
BLACK
6
CONTINUOUS
10
-0.1418392125984252
20
0.3119220078740157
11
-0.1420569291338583
21
0.3121656299212598
0
LINE
8
BLACK
6
CONTINUOUS
10
-0.1420569291338583
20
0.3121656299212598
11
-0.1423530708661417
21
0.312536968503937
0
LINE
8
BLACK
6
CONTINUOUS
10
-0.1423530708661417
20
0.312536968503937
11
-0.1430006692913386
21
0.3133490551181102
0
LINE
8
BLACK
6
CONTINUOUS
10
-0.1430006692913386
20
0.3133490551181102
11
-0.1430007086614173
21
0.313349094488189
0
LINE
8
BLACK
6
CONTINUOUS
10
-0.1430007086614173
20
0.313349094488189
11
-0.1430007480314961
21
0.3133491338582677
0
LINE
8
BLACK
6
CONTINUOUS
10
-0.1430007480314961
20
0.3133491338582677
11
-0.1448904330708661
21
0.3146374803149606
0
LINE
8
BLACK
6
CONTINUOUS
10
-0.1448904330708661
20
0.3146374803149606
11
-0.1449793307086614
21
0.3147005511811024
0
LINE
8
BLACK
6
CONTINUOUS
10
-0.1449793307086614
20
0.3147005511811024
11
-0.1468194488188976
21
0.3160586220472441
0
LINE
8
BLACK
6
CONTINUOUS
10
-0.1468194488188976
20
0.3160586220472441
11
-0.1470124015748031
21
0.3161605905511811
0
LINE
8
BLACK
6
CONTINUOUS
10
-0.1470124015748031
20
0.3161605905511811
11
-0.1470115748031496
21
0.3161622440944882
0
LINE
8
BLACK
6
CONTINUOUS
10
-0.1470115748031496
20
0.3161622440944882
11
-0.1472208267716535
21
0.316267874015748
0
LINE
8
BLACK
6
CONTINUOUS
10
-0.1472208267716535
20
0.316267874015748
11
-0.1472215748031496
21
0.3162662598425197
0
LINE
8
BLACK
6
CONTINUOUS
10
-0.1472215748031496
20
0.3162662598425197
11
-0.1474182677165354
21
0.3163609842519685
0
LINE
8
BLACK
6
CONTINUOUS
10
-0.1474182677165354
20
0.3163609842519685
11
-0.1496046456692913
21
0.3170353937007874
0
LINE
8
BLACK
6
CONTINUOUS
10
-0.1496046456692913
20
0.3170353937007874
11
-0.1497081102362205
21
0.3170694094488189
0
LINE
8
BLACK
6
CONTINUOUS
10
-0.1497081102362205
20
0.3170694094488189
11
-0.1509156299212598
21
0.3174919291338583
0
LINE
8
BLACK
6
CONTINUOUS
10
-0.1509156299212598
20
0.3174919291338583
11
-0.1518660236220472
21
0.3178244881889764
0
LINE
8
BLACK
6
CONTINUOUS
10
-0.1518660236220472
20
0.3178244881889764
11
-0.1518661023622047
21
0.3178245275590551
0
LINE
8
BLACK
6
CONTINUOUS
10
-0.1518661023622047
20
0.3178245275590551
11
-0.1518661811023622
21
0.3178245275590551
0
LINE
8
BLACK
6
CONTINUOUS
10
-0.1518661811023622
20
0.3178245275590551
11
-0.1520805118110236
21
0.3178650787401575
0
LINE
8
BLACK
6
CONTINUOUS
10
-0.1520805118110236
20
0.3178650787401575
11
-0.1520801968503937
21
0.3178668503937008
0
LINE
8
BLACK
6
CONTINUOUS
10
-0.1520801968503937
20
0.3178668503937008
11
-0.1523112204724409
21
0.3179061023622047
0
LINE
8
BLACK
6
CONTINUOUS
10
-0.1523112204724409
20
0.3179061023622047
11
-0.1523114566929134
21
0.3179043307086614
0
LINE
8
BLACK
6
CONTINUOUS
10
-0.1523114566929134
20
0.3179043307086614
11
-0.1525272834645669
21
0.3179368503937008
0
LINE
8
BLACK
6
CONTINUOUS
10
-0.1525272834645669
20
0.3179368503937008
11
-0.1525273228346457
21
0.3179368503937008
0
LINE
8
BLACK
6
CONTINUOUS
10
-0.1525273228346457
20
0.3179368503937008
11
-0.1548146062992126
21
0.3179368503937008
0
LINE
8
BLACK
6
CONTINUOUS
10
-0.1548146062992126
20
0.3179368503937008
11
-0.1549235826771654
21
0.3179388976377953
0
LINE
8
BLACK
6
CONTINUOUS
10
-0.1549235826771654
20
0.3179388976377953
11
-0.1549572047244094
21
0.317940157480315
0
LINE
8
BLACK
6
CONTINUOUS
10
-0.1549572047244094
20
0.317940157480315
11
-0.1563827952755905
21
0.3179935433070866
0
LINE
8
BLACK
6
CONTINUOUS
10
-0.1563827952755905
20
0.3179935433070866
11
-0.1575533070866142
21
0.3182875196850394
0
LINE
8
BLACK
6
CONTINUOUS
10
-0.1575533070866142
20
0.3182875196850394
11
-0.1600631889763779
21
0.3195144881889764
0
LINE
8
BLACK
6
CONTINUOUS
10
-0.1600631889763779
20
0.3195144881889764
11
-0.1600632677165354
21
0.3195145275590551
0
LINE
8
BLACK
6
CONTINUOUS
10
-0.1600632677165354
20
0.3195145275590551
11
-0.1627455118110236
21
0.3199053543307087
0
LINE
8
BLACK
6
CONTINUOUS
10
-0.1627455118110236
20
0.3199053543307087
11
-0.1627456692913386
21
0.3199053543307087
0
LINE
8
BLACK
6
CONTINUOUS
10
-0.1627456692913386
20
0.3199053543307087
11
-0.2057188976377953
21
0.3199053543307087
0
LINE
8
BLACK
6
CONTINUOUS
10
-0.2057188976377953
20
0.3199053543307087
11
-0.205719094488189
21
0.3199053543307087
0
LINE
8
BLACK
6
CONTINUOUS
10
-0.205719094488189
20
0.3199053543307087
11
-0.2084013385826771
21
0.3195145275590551
0
LINE
8
BLACK
6
CONTINUOUS
10
-0.2084013385826771
20
0.3195145275590551
11
-0.2084013779527559
21
0.3195145275590551
0
LINE
8
BLACK
6
CONTINUOUS
10
-0.2084013779527559
20
0.3195145275590551
11
-0.2125387007874016
21
0.3174919291338583
0
LINE
8
BLACK
6
CONTINUOUS
10
-0.2125387007874016
20
0.3174919291338583
11
-0.2157952362204724
21
0.3142353937007874
0
LINE
8
BLACK
6
CONTINUOUS
10
-0.2157952362204724
20
0.3142353937007874
11
-0.2178178346456693
21
0.3100980708661417
0
LINE
8
BLACK
6
CONTINUOUS
10
-0.2178178346456693
20
0.3100980708661417
11
-0.2178178346456693
21
0.310098031496063
0
LINE
8
BLACK
6
CONTINUOUS
10
-0.2178178346456693
20
0.310098031496063
11
-0.2182086614173228
21
0.3074157874015748
0
LINE
8
BLACK
6
CONTINUOUS
10
-0.2182086614173228
20
0.3074157874015748
11
-0.2182086614173228
21
0.2929855118110236
0
LINE
8
BLACK
6
CONTINUOUS
10
-0.2182086614173228
20
0.2929855118110236
11
-0.2178178346456693
21
0.2903032677165354
0
LINE
8
BLACK
6
CONTINUOUS
10
-0.2178178346456693
20
0.2903032677165354
11
-0.2178178346456693
21
0.2903032283464567
0
LINE
8
BLACK
6
CONTINUOUS
10
-0.2178178346456693
20
0.2903032283464567
11
-0.2157952362204724
21
0.286165905511811
0
LINE
8
BLACK
6
CONTINUOUS
10
-0.2157952362204724
20
0.286165905511811
11
-0.2157951968503937
21
0.2861658661417323
0
LINE
8
BLACK
6
CONTINUOUS
10
-0.2157951968503937
20
0.2861658661417323
11
-0.2125387007874016
21
0.2829093700787402
0
LINE
8
BLACK
6
CONTINUOUS
10
-0.2125387007874016
20
0.2829093700787402
11
-0.2084012992125984
21
0.2808867322834646
0
LINE
8
BLACK
6
CONTINUOUS
10
-0.2084012992125984
20
0.2808867322834646
11
-0.2057188976377953
21
0.280495905511811
0
LINE
8
BLACK
6
CONTINUOUS
10
-0.2057188976377953
20
0.280495905511811
11
-0.2057186614173228
21
0.280495905511811
0
LINE
8
BLACK
6
CONTINUOUS
10
-0.2057186614173228
20
0.280495905511811
11
-0.1627458661417323
21
0.280495905511811
0
LINE
8
BLACK
6
CONTINUOUS
10
-0.1627458661417323
20
0.280495905511811
11
-0.1627456692913386
21
0.280495905511811
0
LINE
8
BLACK
6
CONTINUOUS
10
-0.1627456692913386
20
0.280495905511811
11
-0.1623009842519685
21
0.2805607086614173
0
LINE
8
BLACK
6
CONTINUOUS
10
-0.1623009842519685
20
0.2805607086614173
11
-0.1603495669291339
21
0.2801563385826771
0
LINE
8
BLACK
6
CONTINUOUS
10
-0.1603495669291339
20
0.2801563385826771
11
-0.1598207086614173
21
0.279737874015748
0
LINE
8
BLACK
6
CONTINUOUS
10
-0.1598207086614173
20
0.279737874015748
11
-0.1564243307086614
21
0.2763414960629921
0
LINE
8
BLACK
6
CONTINUOUS
10
-0.1564243307086614
20
0.2763414960629921
11
-0.155582125984252
21
0.2745353543307086
0
LINE
8
BLACK
6
CONTINUOUS
10
-0.155582125984252
20
0.2745353543307086
11
-0.1557927559055118
21
0.2731665748031496
0
LINE
8
BLACK
6
CONTINUOUS
10
-0.1557927559055118
20
0.2731665748031496
11
-0.1570332677165354
21
0.2701716929133858
0
LINE
8
BLACK
6
CONTINUOUS
10
-0.1570332677165354
20
0.2701716929133858
11
-0.1570332677165354
21
0.2701716535433071
0
LINE
8
BLACK
6
CONTINUOUS
10
-0.1570332677165354
20
0.2701716535433071
11
-0.1578457480314961
21
0.264
0
LINE
8
BLACK
6
CONTINUOUS
10
-0.1578457480314961
20
0.264
11
-0.1570332677165354
21
0.2578283464566929
0
LINE
8
BLACK
6
CONTINUOUS
10
-0.1570332677165354
20
0.2578283464566929
11
-0.1570332677165354
21
0.2578283070866142
0
LINE
8
BLACK
6
CONTINUOUS
10
-0.1570332677165354
20
0.2578283070866142
11
-0.154914094488189
21
0.2527122440944882
0
LINE
8
BLACK
6
CONTINUOUS
10
-0.154914094488189
20
0.2527122440944882
11
-0.1548271653543307
21
0.2507212598425197
0
LINE
8
BLACK
6
CONTINUOUS
10
-0.1548271653543307
20
0.2507212598425197
11
-0.1555456299212598
21
0.2495372440944882
0
LINE
8
BLACK
6
CONTINUOUS
10
-0.1555456299212598
20
0.2495372440944882
11
-0.1592986614173228
21
0.2457842125984252
0
LINE
8
BLACK
6
CONTINUOUS
10
-0.1592986614173228
20
0.2457842125984252
11
-0.1611048031496063
21
0.2449420078740157
0
LINE
8
BLACK
6
CONTINUOUS
10
-0.1611048031496063
20
0.2449420078740157
11
-0.1617787401574803
21
0.2449613385826772
0
LINE
8
BLACK
6
CONTINUOUS
10
-0.1617787401574803
20
0.2449613385826772
11
-0.1627453937007874
21
0.2451022047244094
0
LINE
8
BLACK
6
CONTINUOUS
10
-0.1627453937007874
20
0.2451022047244094
11
-0.1627456692913386
21
0.2451022047244094
0
LINE
8
BLACK
6
CONTINUOUS
10
-0.1627456692913386
20
0.2451022047244094
11
-0.2057188976377953
21
0.2451022047244094
0
LINE
8
BLACK
6
CONTINUOUS
10
-0.2057188976377953
20
0.2451022047244094
11
-0.205719094488189
21
0.2451022047244094
0
LINE
8
BLACK
6
CONTINUOUS
10
-0.205719094488189
20
0.2451022047244094
11
-0.2084013385826771
21
0.2447113779527559
0
LINE
8
BLACK
6
CONTINUOUS
10
-0.2084013385826771
20
0.2447113779527559
11
-0.2084013779527559
21
0.2447113779527559
0
LINE
8
BLACK
6
CONTINUOUS
10
-0.2084013779527559
20
0.2447113779527559
11
-0.2125387007874016
21
0.242688779527559
0
LINE
8
BLACK
6
CONTINUOUS
10
-0.2125387007874016
20
0.242688779527559
11
-0.2157952362204724
21
0.2394322440944882
0
LINE
8
BLACK
6
CONTINUOUS
10
-0.2157952362204724
20
0.2394322440944882
11
-0.2178178346456693
21
0.2352949212598425
0
LINE
8
BLACK
6
CONTINUOUS
10
-0.2178178346456693
20
0.2352949212598425
11
-0.2178178346456693
21
0.2352948818897638
0
LINE
8
BLACK
6
CONTINUOUS
10
-0.2178178346456693
20
0.2352948818897638
11
-0.2182086614173228
21
0.2326126377952756
0
LINE
8
BLACK
6
CONTINUOUS
10
-0.2182086614173228
20
0.2326126377952756
11
-0.2182086614173228
21
0.2181823622047244
0
LINE
8
BLACK
6
CONTINUOUS
10
-0.2182086614173228
20
0.2181823622047244
11
-0.2178178346456693
21
0.2155001181102362
0
LINE
8
BLACK
6
CONTINUOUS
10
-0.2178178346456693
20
0.2155001181102362
11
-0.2178178346456693
21
0.2155000787401575
0
LINE
8
BLACK
6
CONTINUOUS
10
-0.2178178346456693
20
0.2155000787401575
11
-0.2157952362204724
21
0.2113627559055118
0
LINE
8
BLACK
6
CONTINUOUS
10
-0.2157952362204724
20
0.2113627559055118
11
-0.2157951968503937
21
0.2113627165354331
0
LINE
8
BLACK
6
CONTINUOUS
10
-0.2157951968503937
20
0.2113627165354331
11
-0.2125387007874016
21
0.2081062204724409
0
LINE
8
BLACK
6
CONTINUOUS
10
-0.2125387007874016
20
0.2081062204724409
11
-0.2084012992125984
21
0.2060835826771653
0
LINE
8
BLACK
6
CONTINUOUS
10
-0.2084012992125984
20
0.2060835826771653
11
-0.2057188976377953
21
0.2056927559055118
0
LINE
8
BLACK
6
CONTINUOUS
10
-0.2057188976377953
20
0.2056927559055118
11
-0.2057186614173228
21
0.2056927559055118
0
LINE
8
BLACK
6
CONTINUOUS
10
-0.2057186614173228
20
0.2056927559055118
11
-0.162745905511811
21
0.2056927559055118
0
LINE
8
BLACK
6
CONTINUOUS
10
-0.162745905511811
20
0.2056927559055118
11
-0.1627456692913386
21
0.2056927559055118
0
LINE
8
BLACK
6
CONTINUOUS
10
-0.1627456692913386
20
0.2056927559055118
11
-0.1600632677165354
21
0.2060835826771653
0
LINE
8
BLACK
6
CONTINUOUS
10
-0.1600632677165354
20
0.2060835826771653
11
-0.1597476771653543
21
0.2062379133858268
0
LINE
8
BLACK
6
CONTINUOUS
10
-0.1597476771653543
20
0.2062379133858268
11
-0.1577659842519685
21
0.2064479921259842
0
LINE
8
BLACK
6
CONTINUOUS
10
-0.1577659842519685
20
0.2064479921259842
11
-0.1561127559055118
21
0.2053351574803149
0
LINE
8
BLACK
6
CONTINUOUS
10
-0.1561127559055118
20
0.2053351574803149
11
-0.1555616535433071
21
0.20342
0
LINE
8
BLACK
6
CONTINUOUS
10
-0.1555616535433071
20
0.20342
11
-0.1563705511811024
21
0.2015986614173228
0
LINE
8
BLACK
6
CONTINUOUS
10
-0.1563705511811024
20
0.2015986614173228
11
-0.1564080708661417
21
0.2015604330708661
0
LINE
8
BLACK
6
CONTINUOUS
10
-0.1564080708661417
20
0.2015604330708661
11
-0.1681074409448819
21
0.1898610236220472
0
LINE
8
BLACK
6
CONTINUOUS
10
-0.1681074409448819
20
0.1898610236220472
11
-0.1699135826771654
21
0.1890188188976378
0
LINE
8
BLACK
6
CONTINUOUS
10
-0.1699135826771654
20
0.1890188188976378
11
-0.1701675196850394
21
0.1890077165354331
0
LINE
8
BLACK
6
CONTINUOUS
10
-0.1701675196850394
20
0.1890077165354331
11
-0.1821609842519685
21
0.1890077165354331
0
LINE
8
BLACK
6
CONTINUOUS
10
-0.1821609842519685
20
0.1890077165354331
11
-0.1860837007874016
21
0.1883864566929134
0
LINE
8
BLACK
6
CONTINUOUS
10
-0.1860837007874016
20
0.1883864566929134
11
-0.1860837401574803
21
0.1883864173228346
0
LINE
8
BLACK
6
CONTINUOUS
10
-0.1860837401574803
20
0.1883864173228346
11
-0.190811811023622
21
0.1859773622047244
0
LINE
8
BLACK
6
CONTINUOUS
10
-0.190811811023622
20
0.1859773622047244
11
-0.1908118503937008
21
0.1859773228346457
0
LINE
8
BLACK
6
CONTINUOUS
10
-0.1908118503937008
20
0.1859773228346457
11
-0.194726220472441
21
0.1820629133858268
0
LINE
8
BLACK
6
CONTINUOUS
10
-0.194726220472441
20
0.1820629133858268
11
-0.1947911023622047
21
0.1821277952755906
0
LINE
8
BLACK
6
CONTINUOUS
10
-0.1947911023622047
20
0.1821277952755906
11
-0.1961368503937008
21
0.1812201968503937
0
LINE
8
BLACK
6
CONTINUOUS
10
-0.1961368503937008
20
0.1812201968503937
11
-0.1968414566929134
21
0.1811337007874016
0
LINE
8
BLACK
6
CONTINUOUS
10
-0.1968414566929134
20
0.1811337007874016
11
-0.2079584645669291
21
0.1811337007874016
0
LINE
8
BLACK
6
CONTINUOUS
10
-0.2079584645669291
20
0.1811337007874016
11
-0.2098311417322835
21
0.1818153149606299
0
LINE
8
BLACK
6
CONTINUOUS
10
-0.2098311417322835
20
0.1818153149606299
11
-0.2100185433070866
21
0.1819870078740158
0
LINE
8
BLACK
6
CONTINUOUS
10
-0.2100185433070866
20
0.1819870078740158
11
-0.2429812598425197
21
0.2149497244094488
0
LINE
8
BLACK
6
CONTINUOUS
10
-0.2429812598425197
20
0.2149497244094488
11
-0.2431989763779528
21
0.2151933464566929
0
LINE
8
BLACK
6
CONTINUOUS
10
-0.2431989763779528
20
0.2151933464566929
11
-0.2441427952755905
21
0.2163768503937008
0
LINE
8
BLACK
6
CONTINUOUS
10
-0.2441427952755905
20
0.2163768503937008
11
-0.2460324803149606
21
0.2176651968503937
0
LINE
8
BLACK
6
CONTINUOUS
10
-0.2460324803149606
20
0.2176651968503937
11
-0.2461213779527559
21
0.2177282677165354
0
LINE
8
BLACK
6
CONTINUOUS
10
-0.2461213779527559
20
0.2177282677165354
11
-0.2479614960629921
21
0.2190863385826771
0
LINE
8
BLACK
6
CONTINUOUS
10
-0.2479614960629921
20
0.2190863385826771
11
-0.2481544488188976
21
0.2191883070866142
0
LINE
8
BLACK
6
CONTINUOUS
10
-0.2481544488188976
20
0.2191883070866142
11
-0.2481536220472441
21
0.2191899606299212
0
LINE
8
BLACK
6
CONTINUOUS
10
-0.2481536220472441
20
0.2191899606299212
11
-0.248362874015748
21
0.2192955905511811
0
LINE
8
BLACK
6
CONTINUOUS
10
-0.248362874015748
20
0.2192955905511811
11
-0.2483636220472441
21
0.2192939763779528
0
LINE
8
BLACK
6
CONTINUOUS
10
-0.2483636220472441
20
0.2192939763779528
11
-0.2485603149606299
21
0.2193887007874016
0
LINE
8
BLACK
6
CONTINUOUS
10
-0.2485603149606299
20
0.2193887007874016
11
-0.2507466929133858
21
0.2200631102362205
0
LINE
8
BLACK
6
CONTINUOUS
10
-0.2507466929133858
20
0.2200631102362205
11
-0.250850157480315
21
0.220097125984252
0
LINE
8
BLACK
6
CONTINUOUS
10
-0.250850157480315
20
0.220097125984252
11
-0.2516155905511811
21
0.2203649606299213
0
LINE
8
BLACK
6
CONTINUOUS
10
-0.2516155905511811
20
0.2203649606299213
11
-0.2530080708661417
21
0.2208522047244094
0
LINE
8
BLACK
6
CONTINUOUS
10
-0.2530080708661417
20
0.2208522047244094
11
-0.2530081496062992
21
0.2208522440944882
0
LINE
8
BLACK
6
CONTINUOUS
10
-0.2530081496062992
20
0.2208522440944882
11
-0.2530082283464567
21
0.2208522440944882
0
LINE
8
BLACK
6
CONTINUOUS
10
-0.2530082283464567
20
0.2208522440944882
11
-0.2532225590551181
21
0.2208927952755906
0
LINE
8
BLACK
6
CONTINUOUS
10
-0.2532225590551181
20
0.2208927952755906
11
-0.2532222440944882
21
0.2208945669291338
0
LINE
8
BLACK
6
CONTINUOUS
10
-0.2532222440944882
20
0.2208945669291338
11
-0.2534532677165354
21
0.2209338188976378
0
LINE
8
BLACK
6
CONTINUOUS
10
-0.2534532677165354
20
0.2209338188976378
11
-0.2534535039370079
21
0.2209320472440945
0
LINE
8
BLACK
6
CONTINUOUS
10
-0.2534535039370079
20
0.2209320472440945
11
-0.2536693307086614
21
0.2209645669291339
0
LINE
8
BLACK
6
CONTINUOUS
10
-0.2536693307086614
20
0.2209645669291339
11
-0.2536693700787401
21
0.2209645669291339
0
LINE
8
BLACK
6
CONTINUOUS
10
-0.2536693700787401
20
0.2209645669291339
11
-0.2559566929133858
21
0.2209645669291339
0
LINE
8
BLACK
6
CONTINUOUS
10
-0.2559566929133858
20
0.2209645669291339
11
-0.2560656692913386
21
0.2209666141732284
0
LINE
8
BLACK
6
CONTINUOUS
10
-0.2560656692913386
20
0.2209666141732284
11
-0.2583507874015748
21
0.2210521653543307
0
LINE
8
BLACK
6
CONTINUOUS
10
-0.2583507874015748
20
0.2210521653543307
11
-0.2585678346456693
21
0.2210276771653543
0
LINE
8
BLACK
6
CONTINUOUS
10
-0.2585678346456693
20
0.2210276771653543
11
-0.2585680708661418
21
0.2210295275590551
0
LINE
8
BLACK
6
CONTINUOUS
10
-0.2585680708661418
20
0.2210295275590551
11
-0.2590612598425197
21
0.2209645669291339
0
LINE
8
BLACK
6
CONTINUOUS
10
-0.2590612598425197
20
0.2209645669291339
11
-0.2662401574803149
21
0.2209645669291339
0
LINE
8
BLACK
6
CONTINUOUS
10
-0.2662401574803149
20
0.2209645669291339
11
-0.2681128346456693
21
0.2216461811023622
0
LINE
8
BLACK
6
CONTINUOUS
10
-0.2681128346456693
20
0.2216461811023622
11
-0.2691092913385827
21
0.2233720472440945
0
LINE
8
BLACK
6
CONTINUOUS
10
-0.2691092913385827
20
0.2233720472440945
11
-0.2691535433070866
21
0.2238779527559055
0
LINE
8
BLACK
6
CONTINUOUS
10
-0.2691535433070866
20
0.2238779527559055
11
-0.2691535433070866
21
0.2421122440944882
0
LINE
8
BLACK
6
CONTINUOUS
10
-0.2691535433070866
20
0.2421122440944882
11
-0.2691535433070866
21
0.2421125196850394
0
LINE
8
BLACK
6
CONTINUOUS
10
-0.2691535433070866
20
0.2421125196850394
11
-0.2697610236220472
21
0.2465322834645669
0
LINE
8
BLACK
6
CONTINUOUS
10
-0.2697610236220472
20
0.2465322834645669
11
-0.2721346456692914
21
0.2519968503937008
0
LINE
8
BLACK
6
CONTINUOUS
10
-0.2721346456692914
20
0.2519968503937008
11
-0.2733500393700787
21
0.2534907480314961
0
LINE
8
BLACK
6
CONTINUOUS
10
-0.2733500393700787
20
0.2534907480314961
11
-0.2740031102362205
21
0.2553735433070866
0
LINE
8
BLACK
6
CONTINUOUS
10
-0.2740031102362205
20
0.2553735433070866
11
-0.2732931889763779
21
0.2572356692913386
0
LINE
8
BLACK
6
CONTINUOUS
10
-0.2732931889763779
20
0.2572356692913386
11
-0.2731505905511811
21
0.2573889763779528
0
LINE
8
BLACK
6
CONTINUOUS
10
-0.2731505905511811
20
0.2573889763779528
11
-0.2656607086614173
21
0.2648788976377953
0
LINE
8
BLACK
6
CONTINUOUS
10
-0.2656607086614173
20
0.2648788976377953
11
-0.2638545669291338
21
0.265721062992126
0
LINE
8
BLACK
6
CONTINUOUS
10
-0.2638545669291338
20
0.265721062992126
11
-0.2636006299212598
21
0.2657321653543307
0
LINE
8
BLACK
6
CONTINUOUS
10
-0.2636006299212598
20
0.2657321653543307
11
-0.2513968897637795
21
0.2657321653543307
0
LINE
8
BLACK
6
CONTINUOUS
10
-0.2513968897637795
20
0.2657321653543307
11
-0.2477045669291338
21
0.2663169291338582
0
LINE
8
BLACK
6
CONTINUOUS
10
-0.2477045669291338
20
0.2663169291338582
11
-0.2477044881889764
21
0.266316968503937
0
LINE
8
BLACK
6
CONTINUOUS
10
-0.2477044881889764
20
0.266316968503937
11
-0.2464721653543307
21
0.2669448818897638
0
LINE
8
BLACK
6
CONTINUOUS
10
-0.2464721653543307
20
0.2669448818897638
11
-0.2432542519685039
21
0.2685844881889763
0
LINE
8
BLACK
6
CONTINUOUS
10
-0.2432542519685039
20
0.2685844881889763
11
-0.2397224409448819
21
0.2721162992125984
0
LINE
8
BLACK
6
CONTINUOUS
10
-0.2397224409448819
20
0.2721162992125984
11
-0.2374548818897638
21
0.2765666141732284
0
LINE
8
BLACK
6
CONTINUOUS
10
-0.2374548818897638
20
0.2765666141732284
11
-0.2368700787401575
21
0.280258937007874
0
LINE
8
BLACK
6
CONTINUOUS
10
-0.2368700787401575
20
0.280258937007874
11
-0.2368701181102362
21
0.3043942519685039
0
LINE
8
BLACK
6
CONTINUOUS
10
-0.2368701181102362
20
0.3043942519685039
11
-0.236870157480315
21
0.3043944488188977
0
LINE
8
BLACK
6
CONTINUOUS
10
-0.236870157480315
20
0.3043944488188977
11
-0.2374548818897638
21
0.3080866535433071
0
LINE
8
BLACK
6
CONTINUOUS
10
-0.2374548818897638
20
0.3080866535433071
11
-0.2374549212598425
21
0.3080867322834646
0
LINE
8
BLACK
6
CONTINUOUS
10
-0.2374549212598425
20
0.3080867322834646
11
-0.2386311023622047
21
0.3103950787401575
0
LINE
8
BLACK
6
CONTINUOUS
10
-0.2386311023622047
20
0.3103950787401575
11
-0.2397224409448819
21
0.3125369291338583
0
LINE
8
BLACK
6
CONTINUOUS
10
-0.2397224409448819
20
0.3125369291338583
11
-0.2432542519685039
21
0.3160687401574803
0
LINE
8
BLACK
6
CONTINUOUS
10
-0.2432542519685039
20
0.3160687401574803
11
-0.2477045669291338
21
0.3183362992125984
0
LINE
8
BLACK
6
CONTINUOUS
10
-0.2477045669291338
20
0.3183362992125984
11
-0.2477046456692913
21
0.3183363385826772
0
LINE
8
BLACK
6
CONTINUOUS
10
-0.2477046456692913
20
0.3183363385826772
11
-0.2477046850393701
21
0.3183363385826772
0
LINE
8
BLACK
6
CONTINUOUS
10
-0.2477046850393701
20
0.3183363385826772
11
-0.2513968503937008
21
0.3189211023622047
0
LINE
8
BLACK
6
CONTINUOUS
10
-0.2513968503937008
20
0.3189211023622047
11
-0.2513968897637795
21
0.3189211023622047
0
LINE
8
BLACK
6
CONTINUOUS
10
-0.2513968897637795
20
0.3189211023622047
11
-0.2567108267716535
21
0.3189211023622047
0
LINE
8
BLACK
6
CONTINUOUS
10
-0.2567108267716535
20
0.3189211023622047
11
-0.2585835039370079
21
0.319602716535433
0
LINE
8
BLACK
6
CONTINUOUS
10
-0.2585835039370079
20
0.319602716535433
11
-0.258770905511811
21
0.3197744094488189
0
LINE
8
BLACK
6
CONTINUOUS
10
-0.258770905511811
20
0.3197744094488189
11
-0.2778527952755905
21
0.3388562992125984
0
LINE
8
BLACK
6
CONTINUOUS
10
-0.2778527952755905
20
0.3388562992125984
11
-0.2778533858267717
21
0.3388568503937008
0
LINE
8
BLACK
6
CONTINUOUS
10
-0.2778533858267717
20
0.3388568503937008
11
-0.2786684645669291
21
0.3396719291338582
0
LINE
8
BLACK
6
CONTINUOUS
10
-0.2786684645669291
20
0.3396719291338582
11
-0.2795837007874016
21
0.3401383070866142
0
LINE
8
BLACK
6
CONTINUOUS
10
-0.2795837007874016
20
0.3401383070866142
11
-0.2799733464566929
21
0.3403770866141732
0
LINE
8
BLACK
6
CONTINUOUS
10
-0.2799733464566929
20
0.3403770866141732
11
-0.2808043700787402
21
0.3409808267716535
0
LINE
8
BLACK
6
CONTINUOUS
10
-0.2808043700787402
20
0.3409808267716535
11
-0.2808044094488189
21
0.3409808661417323
0
LINE
8
BLACK
6
CONTINUOUS
10
-0.2808044094488189
20
0.3409808661417323
11
-0.2817812204724409
21
0.3412982283464567
0
LINE
8
BLACK
6
CONTINUOUS
10
-0.2817812204724409
20
0.3412982283464567
11
-0.2822035826771653
21
0.3414731496062992
0
LINE
8
BLACK
6
CONTINUOUS
10
-0.2822035826771653
20
0.3414731496062992
11
-0.2831188188976378
21
0.3419394881889763
0
LINE
8
BLACK
6
CONTINUOUS
10
-0.2831188188976378
20
0.3419394881889763
11
-0.2831190551181103
21
0.3419395669291339
0
LINE
8
BLACK
6
CONTINUOUS
10
-0.2831190551181103
20
0.3419395669291339
11
-0.2841333464566929
21
0.3421002362204724
0
LINE
8
BLACK
6
CONTINUOUS
10
-0.2841333464566929
20
0.3421002362204724
11
-0.2845775984251969
21
0.3422068503937008
0
LINE
8
BLACK
6
CONTINUOUS
10
-0.2845775984251969
20
0.3422068503937008
11
-0.2852405905511811
21
0.3424222440944882
0
LINE
8
BLACK
6
CONTINUOUS
10
-0.2852405905511811
20
0.3424222440944882
11
-0.2855546062992126
21
0.3425242519685039
0
LINE
8
BLACK
6
CONTINUOUS
10
-0.2855546062992126
20
0.3425242519685039
11
-0.286811062992126
21
0.3425242519685039
0
LINE
8
BLACK
6
CONTINUOUS
10
-0.286811062992126
20
0.3425242519685039
11
-0.3554742913385827
21
0.3425242519685039
0
LINE
8
BLACK
6
CONTINUOUS
10
-0.3554742913385827
20
0.3425242519685039
11
-0.3604690157480315
21
0.3425242519685039
0
LINE
8
BLACK
6
CONTINUOUS
10
-0.3604690157480315
20
0.3425242519685039
11
-0.3608950787401575
21
0.3423858661417323
0
LINE
8
BLACK
6
CONTINUOUS
10
-0.6940383070866142
20
-0.2714683858267716
11
-0.6940383070866142
21
-0.2714684251968504
0
LINE
8
BLACK
6
CONTINUOUS
10
-0.6940383070866142
20
-0.2714684251968504
11
-0.6920157086614173
21
-0.2756057480314961
0
LINE
8
BLACK
6
CONTINUOUS
10
-0.6920157086614173
20
-0.2756057480314961
11
-0.6920156692913386
21
-0.2756057874015748
0
LINE
8
BLACK
6
CONTINUOUS
10
-0.6920156692913386
20
-0.2756057874015748
11
-0.6887591732283465
21
-0.2788622834645669
0
LINE
8
BLACK
6
CONTINUOUS
10
-0.6887591732283465
20
-0.2788622834645669
11
-0.6846217716535433
21
-0.2808849212598425
0
LINE
8
BLACK
6
CONTINUOUS
10
-0.6846217716535433
20
-0.2808849212598425
11
-0.6819393700787402
21
-0.2812757480314961
0
LINE
8
BLACK
6
CONTINUOUS
10
-0.6819393700787402
20
-0.2812757480314961
11
-0.6819391338582677
21
-0.2812757480314961
0
LINE
8
BLACK
6
CONTINUOUS
10
-0.6819391338582677
20
-0.2812757480314961
11
-0.6242025984251969
21
-0.2812757480314961
0
LINE
8
BLACK
6
CONTINUOUS
10
-0.6242025984251969
20
-0.2812757480314961
11
-0.6242023622047244
21
-0.2812757480314961
0
LINE
8
BLACK
6
CONTINUOUS
10
-0.6242023622047244
20
-0.2812757480314961
11
-0.6215199606299212
21
-0.2808849212598425
0
LINE
8
BLACK
6
CONTINUOUS
10
-0.6215199606299212
20
-0.2808849212598425
11
-0.6188982677165354
21
-0.2796032677165354
0
LINE
8
BLACK
6
CONTINUOUS
10
-0.6188982677165354
20
-0.2796032677165354
11
-0.6176187401574803
21
-0.2793072440944882
0
LINE
8
BLACK
6
CONTINUOUS
10
-0.6176187401574803
20
-0.2793072440944882
11
-0.5727308267716535
21
-0.2793072440944882
0
LINE
8
BLACK
6
CONTINUOUS
10
-0.5727308267716535
20
-0.2793072440944882
11
-0.5724046456692913
21
-0.2793255511811024
0
LINE
8
BLACK
6
CONTINUOUS
10
-0.5724046456692913
20
-0.2793255511811024
11
-0.5709003543307086
21
-0.2794950393700787
0
LINE
8
BLACK
6
CONTINUOUS
10
-0.5709003543307086
20
-0.2794950393700787
11
-0.5686522440944882
21
-0.2790696062992126
0
LINE
8
BLACK
6
CONTINUOUS
10
-0.5686522440944882
20
-0.2790696062992126
11
-0.5685462598425197
21
-0.2790516141732283
0
LINE
8
BLACK
6
CONTINUOUS
10
-0.5685462598425197
20
-0.2790516141732283
11
-0.5662841338582677
21
-0.2787107086614173
0
LINE
8
BLACK
6
CONTINUOUS
10
-0.5662841338582677
20
-0.2787107086614173
11
-0.5662840157480314
21
-0.2787106299212598
0
LINE
8
BLACK
6
CONTINUOUS
10
-0.5662840157480314
20
-0.2787106299212598
11
-0.5660753543307087
21
-0.2786462992125984
0
LINE
8
BLACK
6
CONTINUOUS
10
-0.5660753543307087
20
-0.2786462992125984
11
-0.5660748031496062
21
-0.2786481496062992
0
LINE
8
BLACK
6
CONTINUOUS
10
-0.5660748031496062
20
-0.2786481496062992
11
-0.5658524409448819
21
-0.2785749606299213
0
LINE
8
BLACK
6
CONTINUOUS
10
-0.5658524409448819
20
-0.2785749606299213
11
-0.565853031496063
21
-0.278573188976378
0
LINE
8
BLACK
6
CONTINUOUS
10
-0.565853031496063
20
-0.278573188976378
11
-0.5656468897637795
21
-0.278501062992126
0
LINE
8
BLACK
6
CONTINUOUS
10
-0.5656468897637795
20
-0.278501062992126
11
-0.5636239763779527
21
-0.2774318503937008
0
LINE
8
BLACK
6
CONTINUOUS
10
-0.5636239763779527
20
-0.2774318503937008
11
-0.5635285826771653
21
-0.2773836220472441
0
LINE
8
BLACK
6
CONTINUOUS
10
-0.5635285826771653
20
-0.2773836220472441
11
-0.5614670078740157
21
-0.276390905511811
0
LINE
8
BLACK
6
CONTINUOUS
10
-0.5614670078740157
20
-0.276390905511811
11
-0.5614668503937008
21
-0.276390748031496
0
LINE
8
BLACK
6
CONTINUOUS
10
-0.5614668503937008
20
-0.276390748031496
11
-0.5612866929133858
21
-0.2762679527559055
0
LINE
8
BLACK
6
CONTINUOUS
10
-0.5612866929133858
20
-0.2762679527559055
11
-0.5612856692913386
21
-0.2762694881889764
0
LINE
8
BLACK
6
CONTINUOUS
10
-0.5612856692913386
20
-0.2762694881889764
11
-0.5610945669291338
21
-0.2761338976377953
0
LINE
8
BLACK
6
CONTINUOUS
10
-0.5610945669291338
20
-0.2761338976377953
11
-0.5610956299212598
21
-0.2761324409448819
0
LINE
8
BLACK
6
CONTINUOUS
10
-0.5610956299212598
20
-0.2761324409448819
11
-0.5609202362204724
21
-0.276002874015748
0
LINE
8
BLACK
6
CONTINUOUS
10
-0.5609202362204724
20
-0.276002874015748
11
-0.5609199212598425
21
-0.2760027559055118
0
LINE
8
BLACK
6
CONTINUOUS
10
-0.5609199212598425
20
-0.2760027559055118
11
-0.5601017322834646
21
-0.2751844881889764
0
LINE
8
BLACK
6
CONTINUOUS
10
-0.5601017322834646
20
-0.2751844881889764
11
-0.5593026377952756
21
-0.2743854724409449
0
LINE
8
BLACK
6
CONTINUOUS
10
-0.5593026377952756
20
-0.2743854724409449
11
-0.5592241338582677
21
-0.274309842519685
0
LINE
8
BLACK
6
CONTINUOUS
10
-0.5592241338582677
20
-0.274309842519685
11
-0.5575476377952756
21
-0.2727542913385826
0
LINE
8
BLACK
6
CONTINUOUS
10
-0.5575476377952756
20
-0.2727542913385826
11
-0.5574114566929134
21
-0.2725835433070866
0
LINE
8
BLACK
6
CONTINUOUS
10
-0.5574114566929134
20
-0.2725835433070866
11
-0.5574100393700787
21
-0.2725846456692914
0
LINE
8
BLACK
6
CONTINUOUS
10
-0.5574100393700787
20
-0.2725846456692914
11
-0.5571074015748031
21
-0.2721901574803149
0
LINE
8
BLACK
6
CONTINUOUS
10
-0.5571074015748031
20
-0.2721901574803149
11
-0.53927468503937
21
-0.2543574409448819
0
LINE
8
BLACK
6
CONTINUOUS
10
-0.53927468503937
20
-0.2543574409448819
11
-0.5375949212598425
21
-0.2535290944881889
0
LINE
8
BLACK
6
CONTINUOUS
10
-0.5375949212598425
20
-0.2535290944881889
11
-0.5338282677165355
21
-0.2530332283464567
0
LINE
8
BLACK
6
CONTINUOUS
10
-0.5338282677165355
20
-0.2530332283464567
11
-0.5280771259842519
21
-0.2506510236220472
0
LINE
8
BLACK
6
CONTINUOUS
10
-0.5280771259842519
20
-0.2506510236220472
11
-0.5250630708661417
21
-0.2483382677165354
0
LINE
8
BLACK
6
CONTINUOUS
10
-0.5250630708661417
20
-0.2483382677165354
11
-0.5232895275590551
21
-0.2477362204724409
0
LINE
8
BLACK
6
CONTINUOUS
10
-0.5232895275590551
20
-0.2477362204724409
11
-0.5218604724409449
21
-0.2477362204724409
0
LINE
8
BLACK
6
CONTINUOUS
10
-0.5218604724409449
20
-0.2477362204724409
11
-0.5199877952755906
21
-0.2484178346456693
0
LINE
8
BLACK
6
CONTINUOUS
10
-0.5199877952755906
20
-0.2484178346456693
11
-0.5198003937007873
21
-0.2485895275590551
0
LINE
8
BLACK
6
CONTINUOUS
10
-0.5198003937007873
20
-0.2485895275590551
11
-0.5059911023622047
21
-0.262398779527559
0
LINE
8
BLACK
6
CONTINUOUS
10
-0.5059911023622047
20
-0.262398779527559
11
-0.5051488976377952
21
-0.2642049212598425
0
LINE
8
BLACK
6
CONTINUOUS
10
-0.5051488976377952
20
-0.2642049212598425
11
-0.5051377952755906
21
-0.2644588582677165
0
LINE
8
BLACK
6
CONTINUOUS
10
-0.5051377952755906
20
-0.2644588582677165
11
-0.5051377952755906
21
-0.3058955905511811
0
LINE
8
BLACK
6
CONTINUOUS
10
-0.5051377952755906
20
-0.3058955905511811
11
-0.5049357874015747
21
-0.306911220472441
0
LINE
8
BLACK
6
CONTINUOUS
10
-0.5049357874015747
20
-0.306911220472441
11
-0.5046798031496063
21
-0.3081981102362205
0
LINE
8
BLACK
6
CONTINUOUS
10
-0.5046798031496063
20
-0.3081981102362205
11
-0.5038823622047244
21
-0.3093914960629921
0
LINE
8
BLACK
6
CONTINUOUS
10
-0.5038823622047244
20
-0.3093914960629921
11
-0.5029351181102362
21
-0.3108091338582677
0
LINE
8
BLACK
6
CONTINUOUS
10
-0.5029351181102362
20
-0.3108091338582677
11
-0.5022476771653543
21
-0.3112684645669291
0
LINE
8
BLACK
6
CONTINUOUS
10
-0.5022476771653543
20
-0.3112684645669291
11
-0.5003241338582677
21
-0.312553779527559
0
LINE
8
BLACK
6
CONTINUOUS
10
-0.5003241338582677
20
-0.312553779527559
11
-0.5003240944881889
21
-0.312553779527559
0
LINE
8
BLACK
6
CONTINUOUS
10
-0.5003240944881889
20
-0.312553779527559
11
-0.5003240551181102
21
-0.3125538188976378
0
LINE
8
BLACK
6
CONTINUOUS
10
-0.5003240551181102
20
-0.3125538188976378
11
-0.4980215748031496
21
-0.313011811023622
0
LINE
8
BLACK
6
CONTINUOUS
10
-0.4980215748031496
20
-0.313011811023622
11
-0.4576908661417323
21
-0.313011811023622
0
LINE
8
BLACK
6
CONTINUOUS
10
-0.4576908661417323
20
-0.313011811023622
11
-0.4558181889763779
21
-0.3136934251968504
0
LINE
8
BLACK
6
CONTINUOUS
10
-0.4558181889763779
20
-0.3136934251968504
11
-0.4549531889763779
21
-0.314928779527559
0
LINE
8
BLACK
6
CONTINUOUS
10
-0.4549531889763779
20
-0.314928779527559
11
-0.4531584645669291
21
-0.319859842519685
0
LINE
8
BLACK
6
CONTINUOUS
10
-0.4531584645669291
20
-0.319859842519685
11
-0.4531583464566929
21
-0.3198601574803149
0
LINE
8
BLACK
6
CONTINUOUS
10
-0.4531583464566929
20
-0.3198601574803149
11
-0.450434251968504
21
-0.3245783858267716
0
LINE
8
BLACK
6
CONTINUOUS
10
-0.450434251968504
20
-0.3245783858267716
11
-0.4497122834645669
21
-0.3258288582677165
0
LINE
8
BLACK
6
CONTINUOUS
10
-0.4497122834645669
20
-0.3258288582677165
11
-0.4452820078740157
21
-0.3311087007874016
0
LINE
8
BLACK
6
CONTINUOUS
10
-0.4452820078740157
20
-0.3311087007874016
11
-0.445281968503937
21
-0.3311087401574803
0
LINE
8
BLACK
6
CONTINUOUS
10
-0.445281968503937
20
-0.3311087401574803
11
-0.4452818897637795
21
-0.3311088188976378
0
LINE
8
BLACK
6
CONTINUOUS
10
-0.4452818897637795
20
-0.3311088188976378
11
-0.4452817322834646
21
-0.331108937007874
0
LINE
8
BLACK
6
CONTINUOUS
10
-0.4452817322834646
20
-0.331108937007874
11
-0.4400022047244094
21
-0.3355390157480315
0
LINE
8
BLACK
6
CONTINUOUS
10
-0.4400022047244094
20
-0.3355390157480315
11
-0.4340332677165354
21
-0.3389851968503937
0
LINE
8
BLACK
6
CONTINUOUS
10
-0.4340332677165354
20
-0.3389851968503937
11
-0.4275566141732283
21
-0.3413425196850394
0
LINE
8
BLACK
6
CONTINUOUS
10
-0.4275566141732283
20
-0.3413425196850394
11
-0.4207690157480315
21
-0.3425393700787401
0
LINE
8
BLACK
6
CONTINUOUS
10
-0.4207690157480315
20
-0.3425393700787401
11
-0.4187322440944882
21
-0.3425393700787401
0
LINE
8
BLACK
6
CONTINUOUS
10
-0.4187322440944882
20
-0.3425393700787401
11
-0.3726729133858268
21
-0.3425393700787401
0
LINE
8
BLACK
6
CONTINUOUS
10
-0.3726729133858268
20
-0.3425393700787401
11
-0.3712856692913385
21
-0.3425393700787401
0
LINE
8
BLACK
6
CONTINUOUS
10
-0.3712856692913385
20
-0.3425393700787401
11
-0.3712852362204724
21
-0.3425395275590551
0
LINE
8
BLACK
6
CONTINUOUS
10
-0.3712852362204724
20
-0.3425395275590551
11
-0.3700787401574803
21
-0.3425395275590551
0
LINE
8
BLACK
6
CONTINUOUS
10
-0.3700787401574803
20
-0.3425395275590551
11
-0.3666327165354331
21
-0.3425395275590551
0
LINE
8
BLACK
6
CONTINUOUS
10
-0.3666327165354331
20
-0.3425395275590551
11
-0.3666325590551181
21
-0.3425395275590551
0
LINE
8
BLACK
6
CONTINUOUS
10
-0.3666325590551181
20
-0.3425395275590551
11
-0.3598449212598425
21
-0.3413426771653543
0
LINE
8
BLACK
6
CONTINUOUS
10
-0.3598449212598425
20
-0.3413426771653543
11
-0.3533682283464567
21
-0.3389853543307086
0
LINE
8
BLACK
6
CONTINUOUS
10
-0.3533682283464567
20
-0.3389853543307086
11
-0.3473992913385827
21
-0.3355391732283465
0
LINE
8
BLACK
6
CONTINUOUS
10
-0.3473992913385827
20
-0.3355391732283465
11
-0.3421194488188976
21
-0.3311088188976378
0
LINE
8
BLACK
6
CONTINUOUS
10
-0.3421194488188976
20
-0.3311088188976378
11
-0.3376891732283465
21
-0.325828937007874
0
LINE
8
BLACK
6
CONTINUOUS
10
-0.3376891732283465
20
-0.325828937007874
11
-0.334243031496063
21
-0.31986
0
LINE
8
BLACK
6
CONTINUOUS
10
-0.334243031496063
20
-0.31986
11
-0.3333192913385827
21
-0.3173219291338583
0
LINE
8
BLACK
6
CONTINUOUS
10
-0.3333192913385827
20
-0.3173219291338583
11
-0.3324482283464567
21
-0.314928779527559
0
LINE
8
BLACK
6
CONTINUOUS
10
-0.3324482283464567
20
-0.314928779527559
11
-0.3311672440944882
21
-0.313402125984252
0
LINE
8
BLACK
6
CONTINUOUS
10
-0.3311672440944882
20
-0.313402125984252
11
-0.3297105511811024
21
-0.313011811023622
0
LINE
8
BLACK
6
CONTINUOUS
10
-0.3297105511811024
20
-0.313011811023622
11
-0.2893800787401575
21
-0.313011811023622
0
LINE
8
BLACK
6
CONTINUOUS
10
-0.2893800787401575
20
-0.313011811023622
11
-0.28938
21
-0.313011811023622
0
LINE
8
BLACK
6
CONTINUOUS
10
-0.28938
20
-0.313011811023622
11
-0.2870775196850394
21
-0.3125538188976378
0
LINE
8
BLACK
6
CONTINUOUS
10
-0.2870775196850394
20
-0.3125538188976378
11
-0.2844664566929134
21
-0.3108091338582677
0
LINE
8
BLACK
6
CONTINUOUS
10
-0.2844664566929134
20
-0.3108091338582677
11
-0.2827217716535433
21
-0.3081980708661417
0
LINE
8
BLACK
6
CONTINUOUS
10
-0.2827217716535433
20
-0.3081980708661417
11
-0.282263779527559
21
-0.3058955905511811
0
LINE
8
BLACK
6
CONTINUOUS
10
-0.282263779527559
20
-0.3058955905511811
11
-0.282263779527559
21
-0.2970687007874016
0
LINE
8
BLACK
6
CONTINUOUS
10
-0.282263779527559
20
-0.2970687007874016
11
-0.2815821653543307
21
-0.2951960236220472
0
LINE
8
BLACK
6
CONTINUOUS
10
-0.2815821653543307
20
-0.2951960236220472
11
-0.2798562992125984
21
-0.2941995669291338
0
LINE
8
BLACK
6
CONTINUOUS
10
-0.2798562992125984
20
-0.2941995669291338
11
-0.2778937007874016
21
-0.2945456299212598
0
LINE
8
BLACK
6
CONTINUOUS
10
-0.2778937007874016
20
-0.2945456299212598
11
-0.2772903149606299
21
-0.2950086220472441
0
LINE
8
BLACK
6
CONTINUOUS
10
-0.2772903149606299
20
-0.2950086220472441
11
-0.2674477952755905
21
-0.3048511417322834
0
LINE
8
BLACK
6
CONTINUOUS
10
-0.2674477952755905
20
-0.3048511417322834
11
-0.2666055905511811
21
-0.3066572834645669
0
LINE
8
BLACK
6
CONTINUOUS
10
-0.2666055905511811
20
-0.3066572834645669
11
-0.2665944881889764
21
-0.306911220472441
0
LINE
8
BLACK
6
CONTINUOUS
10
-0.2665944881889764
20
-0.306911220472441
11
-0.2665944881889764
21
-0.3215952362204724
0
LINE
8
BLACK
6
CONTINUOUS
10
-0.2665944881889764
20
-0.3215952362204724
11
-0.2660097244094488
21
-0.3252875590551181
0
LINE
8
BLACK
6
CONTINUOUS
10
-0.2660097244094488
20
-0.3252875590551181
11
-0.2660096850393701
21
-0.3252876377952756
0
LINE
8
BLACK
6
CONTINUOUS
10
-0.2660096850393701
20
-0.3252876377952756
11
-0.264698031496063
21
-0.3278618110236221
0
LINE
8
BLACK
6
CONTINUOUS
10
-0.264698031496063
20
-0.3278618110236221
11
-0.263742125984252
21
-0.329737874015748
0
LINE
8
BLACK
6
CONTINUOUS
10
-0.263742125984252
20
-0.329737874015748
11
-0.2602103149606299
21
-0.33326968503937
0
LINE
8
BLACK
6
CONTINUOUS
10
-0.2602103149606299
20
-0.33326968503937
11
-0.25576
21
-0.3355372440944882
0
LINE
8
BLACK
6
CONTINUOUS
10
-0.25576
20
-0.3355372440944882
11
-0.2520676771653543
21
-0.3361220472440945
0
LINE
8
BLACK
6
CONTINUOUS
10
-0.2520676771653543
20
-0.3361220472440945
11
-0.2279323622047244
21
-0.3361220078740157
0
LINE
8
BLACK
6
CONTINUOUS
10
-0.2279323622047244
20
-0.3361220078740157
11
-0.2279323228346457
21
-0.3361220078740157
0
LINE
8
BLACK
6
CONTINUOUS
10
-0.2279323228346457
20
-0.3361220078740157
11
-0.22424
21
-0.3355372440944882
0
LINE
8
BLACK
6
CONTINUOUS
10
-0.22424
20
-0.3355372440944882
11
-0.2242399212598425
21
-0.3355372047244095
0
LINE
8
BLACK
6
CONTINUOUS
10
-0.2242399212598425
20
-0.3355372047244095
11
-0.2241567322834646
21
-0.3354948031496063
0
LINE
8
BLACK
6
CONTINUOUS
10
-0.2241567322834646
20
-0.3354948031496063
11
-0.2197896850393701
21
-0.33326968503937
0
LINE
8
BLACK
6
CONTINUOUS
10
-0.2197896850393701
20
-0.33326968503937
11
-0.216257874015748
21
-0.329737874015748
0
LINE
8
BLACK
6
CONTINUOUS
10
-0.216257874015748
20
-0.329737874015748
11
-0.2139903149606299
21
-0.3252875590551181
0
LINE
8
BLACK
6
CONTINUOUS
10
-0.2139903149606299
20
-0.3252875590551181
11
-0.2134055118110236
21
-0.3215952362204724
0
LINE
8
BLACK
6
CONTINUOUS
10
-0.2134055118110236
20
-0.3215952362204724
11
-0.2134055511811024
21
-0.3033654330708661
0
LINE
8
BLACK
6
CONTINUOUS
10
-0.2134055511811024
20
-0.3033654330708661
11
-0.2135616141732283
21
-0.3023801181102362
0
LINE
8
BLACK
6
CONTINUOUS
10
-0.2135616141732283
20
-0.3023801181102362
11
-0.2139903149606299
21
-0.299673031496063
0
LINE
8
BLACK
6
CONTINUOUS
10
-0.2139903149606299
20
-0.299673031496063
11
-0.2139903543307086
21
-0.2996729527559055
0
LINE
8
BLACK
6
CONTINUOUS
10
-0.2139903543307086
20
-0.2996729527559055
11
-0.2153591732283464
21
-0.2969865748031496
0
LINE
8
BLACK
6
CONTINUOUS
10
-0.2153591732283464
20
-0.2969865748031496
11
-0.216257874015748
21
-0.2952227559055118
0
LINE
8
BLACK
6
CONTINUOUS
10
-0.216257874015748
20
-0.2952227559055118
11
-0.2197896850393701
21
-0.2916909448818897
0
LINE
8
BLACK
6
CONTINUOUS
10
-0.2197896850393701
20
-0.2916909448818897
11
-0.22424
21
-0.2894233858267716
0
LINE
8
BLACK
6
CONTINUOUS
10
-0.22424
20
-0.2894233858267716
11
-0.2242400787401575
21
-0.2894233464566929
0
LINE
8
BLACK
6
CONTINUOUS
10
-0.2242400787401575
20
-0.2894233464566929
11
-0.2242401181102362
21
-0.2894233464566929
0
LINE
8
BLACK
6
CONTINUOUS
10
-0.2242401181102362
20
-0.2894233464566929
11
-0.2279322834645669
21
-0.2888385826771653
0
LINE
8
BLACK
6
CONTINUOUS
10
-0.2279322834645669
20
-0.2888385826771653
11
-0.2279323228346457
21
-0.2888385826771653
0
LINE
8
BLACK
6
CONTINUOUS
10
-0.2279323228346457
20
-0.2888385826771653
11
-0.2376557086614173
21
-0.2888385826771653
0
LINE
8
BLACK
6
CONTINUOUS
10
-0.2376557086614173
20
-0.2888385826771653
11
-0.2395283858267717
21
-0.288156968503937
0
LINE
8
BLACK
6
CONTINUOUS
10
-0.2395283858267717
20
-0.288156968503937
11
-0.2397157874015748
21
-0.2879852755905511
0
LINE
8
BLACK
6
CONTINUOUS
10
-0.2397157874015748
20
-0.2879852755905511
11
-0.2642102755905512
21
-0.2634907874015748
0
LINE
8
BLACK
6
CONTINUOUS
10
-0.2642102755905512
20
-0.2634907874015748
11
-0.2642108661417323
21
-0.2634902362204725
0
LINE
8
BLACK
6
CONTINUOUS
10
-0.2642108661417323
20
-0.2634902362204725
11
-0.2650259448818897
21
-0.2626751574803149
0
LINE
8
BLACK
6
CONTINUOUS
10
-0.2650259448818897
20
-0.2626751574803149
11
-0.2659411811023622
21
-0.2622087795275591
0
LINE
8
BLACK
6
CONTINUOUS
10
-0.2659411811023622
20
-0.2622087795275591
11
-0.2663308267716535
21
-0.26197
0
LINE
8
BLACK
6
CONTINUOUS
10
-0.2663308267716535
20
-0.26197
11
-0.2671618503937008
21
-0.2613662598425197
0
LINE
8
BLACK
6
CONTINUOUS
10
-0.2671618503937008
20
-0.2613662598425197
11
-0.2671618897637795
21
-0.261366220472441
0
LINE
8
BLACK
6
CONTINUOUS
10
-0.2671618897637795
20
-0.261366220472441
11
-0.2681387007874016
21
-0.2610488582677165
0
LINE
8
BLACK
6
CONTINUOUS
10
-0.2681387007874016
20
-0.2610488582677165
11
-0.268561062992126
21
-0.260873937007874
0
LINE
8
BLACK
6
CONTINUOUS
10
-0.268561062992126
20
-0.260873937007874
11
-0.2694762992125984
21
-0.2604075984251968
0
LINE
8
BLACK
6
CONTINUOUS
10
-0.2694762992125984
20
-0.2604075984251968
11
-0.2694765354330709
21
-0.2604075196850394
0
LINE
8
BLACK
6
CONTINUOUS
10
-0.2694765354330709
20
-0.2604075196850394
11
-0.2704908267716535
21
-0.2602468503937008
0
LINE
8
BLACK
6
CONTINUOUS
10
-0.2704908267716535
20
-0.2602468503937008
11
-0.2709350787401575
21
-0.2601402362204724
0
LINE
8
BLACK
6
CONTINUOUS
10
-0.2709350787401575
20
-0.2601402362204724
11
-0.2715980708661417
21
-0.259924842519685
0
LINE
8
BLACK
6
CONTINUOUS
10
-0.2715980708661417
20
-0.259924842519685
11
-0.2719120866141732
21
-0.2598228346456693
0
LINE
8
BLACK
6
CONTINUOUS
10
-0.2719120866141732
20
-0.2598228346456693
11
-0.271912125984252
21
-0.2598228346456693
0
LINE
8
BLACK
6
CONTINUOUS
10
-0.271912125984252
20
-0.2598228346456693
11
-0.2793503937007874
21
-0.2598228346456693
0
LINE
8
BLACK
6
CONTINUOUS
10
-0.2793503937007874
20
-0.2598228346456693
11
-0.2812230708661417
21
-0.2591412204724409
0
LINE
8
BLACK
6
CONTINUOUS
10
-0.2812230708661417
20
-0.2591412204724409
11
-0.2822195275590551
21
-0.2574153543307087
0
LINE
8
BLACK
6
CONTINUOUS
10
-0.2822195275590551
20
-0.2574153543307087
11
-0.282263779527559
21
-0.2569094488188977
0
LINE
8
BLACK
6
CONTINUOUS
10
-0.282263779527559
20
-0.2569094488188977
11
-0.282263779527559
21
-0.2452855511811023
0
LINE
8
BLACK
6
CONTINUOUS
10
-0.282263779527559
20
-0.2452855511811023
11
-0.2824030708661417
21
-0.2445852755905512
0
LINE
8
BLACK
6
CONTINUOUS
10
-0.2824030708661417
20
-0.2445852755905512
11
-0.2827217716535433
21
-0.242983031496063
0
LINE
8
BLACK
6
CONTINUOUS
10
-0.2827217716535433
20
-0.242983031496063
11
-0.2828003937007874
21
-0.2428653937007874
0
LINE
8
BLACK
6
CONTINUOUS
10
-0.2828003937007874
20
-0.2428653937007874
11
-0.2834875196850394
21
-0.2418370078740157
0
LINE
8
BLACK
6
CONTINUOUS
10
-0.2834875196850394
20
-0.2418370078740157
11
-0.2844664566929134
21
-0.240371968503937
0
LINE
8
BLACK
6
CONTINUOUS
10
-0.2844664566929134
20
-0.240371968503937
11
-0.2853408267716535
21
-0.2397877165354331
0
LINE
8
BLACK
6
CONTINUOUS
10
-0.2853408267716535
20
-0.2397877165354331
11
-0.2870774803149606
21
-0.2386272834645669
0
LINE
8
BLACK
6
CONTINUOUS
10
-0.2870774803149606
20
-0.2386272834645669
11
-0.2870774409448819
21
-0.2386272834645669
0
LINE
8
BLACK
6
CONTINUOUS
10
-0.2870774409448819
20
-0.2386272834645669
11
-0.288228779527559
21
-0.2383982677165354
0
LINE
8
BLACK
6
CONTINUOUS
10
-0.288228779527559
20
-0.2383982677165354
11
-0.28938
21
-0.2381692913385827
0
LINE
8
BLACK
6
CONTINUOUS
10
-0.28938
20
-0.2381692913385827
11
-0.2893800787401575
21
-0.2381692913385827
0
LINE
8
BLACK
6
CONTINUOUS
10
-0.2893800787401575
20
-0.2381692913385827
11
-0.3297104724409449
21
-0.2381692913385827
0
LINE
8
BLACK
6
CONTINUOUS
10
-0.3297104724409449
20
-0.2381692913385827
11
-0.3315831496062992
21
-0.2374876771653543
0
LINE
8
BLACK
6
CONTINUOUS
10
-0.3315831496062992
20
-0.2374876771653543
11
-0.3324481496062992
21
-0.2362523622047244
0
LINE
8
BLACK
6
CONTINUOUS
10
-0.3324481496062992
20
-0.2362523622047244
11
-0.3332635826771653
21
-0.2340120078740157
0
LINE
8
BLACK
6
CONTINUOUS
10
-0.3332635826771653
20
-0.2340120078740157
11
-0.3342430708661417
21
-0.2313209448818898
0
LINE
8
BLACK
6
CONTINUOUS
10
-0.3342430708661417
20
-0.2313209448818898
11
-0.3376892519685039
21
-0.2253520472440945
0
LINE
8
BLACK
6
CONTINUOUS
10
-0.3376892519685039
20
-0.2253520472440945
11
-0.3416813385826771
21
-0.2205944881889764
0
LINE
8
BLACK
6
CONTINUOUS
10
-0.3416813385826771
20
-0.2205944881889764
11
-0.3421194488188976
21
-0.2200723622047244
0
LINE
8
BLACK
6
CONTINUOUS
10
-0.3421194488188976
20
-0.2200723622047244
11
-0.3421195275590551
21
-0.2200722834645669
0
LINE
8
BLACK
6
CONTINUOUS
10
-0.3421195275590551
20
-0.2200722834645669
11
-0.342521062992126
21
-0.2197353543307086
0
LINE
8
BLACK
6
CONTINUOUS
10
-0.342521062992126
20
-0.2197353543307086
11
-0.3473994094488189
21
-0.2156420078740157
0
LINE
8
BLACK
6
CONTINUOUS
10
-0.3473994094488189
20
-0.2156420078740157
11
-0.3480902755905512
21
-0.2152431496062992
0
LINE
8
BLACK
6
CONTINUOUS
10
-0.3480902755905512
20
-0.2152431496062992
11
-0.3501741338582677
21
-0.2140400393700787
0
LINE
8
BLACK
6
CONTINUOUS
10
-0.3501741338582677
20
-0.2140400393700787
11
-0.3533683464566929
21
-0.2121958661417323
0
LINE
8
BLACK
6
CONTINUOUS
10
-0.3533683464566929
20
-0.2121958661417323
11
-0.3533684251968504
21
-0.2121958267716536
0
LINE
8
BLACK
6
CONTINUOUS
10
-0.3533684251968504
20
-0.2121958267716536
11
-0.3533685039370079
21
-0.2121957874015748
0
LINE
8
BLACK
6
CONTINUOUS
10
-0.3533685039370079
20
-0.2121957874015748
11
-0.3598450393700787
21
-0.2098385039370079
0
LINE
8
BLACK
6
CONTINUOUS
10
-0.3598450393700787
20
-0.2098385039370079
11
-0.3666324803149606
21
-0.2086417322834646
0
LINE
8
BLACK
6
CONTINUOUS
10
-0.3666324803149606
20
-0.2086417322834646
11
-0.3666325984251969
21
-0.2086417322834646
0
LINE
8
BLACK
6
CONTINUOUS
10
-0.3666325984251969
20
-0.2086417322834646
11
-0.3686693307086614
21
-0.2086417322834646
0
LINE
8
BLACK
6
CONTINUOUS
10
-0.3686693307086614
20
-0.2086417322834646
11
-0.4187322440944882
21
-0.2086417322834646
0
LINE
8
BLACK
6
CONTINUOUS
10
-0.4187322440944882
20
-0.2086417322834646
11
-0.4188334251968504
21
-0.2086417322834646
0
LINE
8
BLACK
6
CONTINUOUS
10
-0.4188334251968504
20
-0.2086417322834646
11
-0.4188378346456693
21
-0.2086418897637795
0
LINE
8
BLACK
6
CONTINUOUS
10
-0.4188378346456693
20
-0.2086418897637795
11
-0.4207691338582677
21
-0.2086418897637795
0
LINE
8
BLACK
6
CONTINUOUS
10
-0.4207691338582677
20
-0.2086418897637795
11
-0.4275565354330709
21
-0.2098386614173228
0
LINE
8
BLACK
6
CONTINUOUS
10
-0.4275565354330709
20
-0.2098386614173228
11
-0.4340331102362205
21
-0.2121959448818898
0
LINE
8
BLACK
6
CONTINUOUS
10
-0.4340331102362205
20
-0.2121959448818898
11
-0.4340331889763779
21
-0.2121959448818898
0
LINE
8
BLACK
6
CONTINUOUS
10
-0.4340331889763779
20
-0.2121959448818898
11
-0.4340331889763779
21
-0.2121959842519685
0
LINE
8
BLACK
6
CONTINUOUS
10
-0.4340331889763779
20
-0.2121959842519685
11
-0.4400016929133858
21
-0.2156418897637795
0
LINE
8
BLACK
6
CONTINUOUS
10
-0.4400016929133858
20
-0.2156418897637795
11
-0.4400020866141732
21
-0.215642125984252
0
LINE
8
BLACK
6
CONTINUOUS
10
-0.4400020866141732
20
-0.215642125984252
11
-0.445281968503937
21
-0.2200724015748032
0
LINE
8
BLACK
6
CONTINUOUS
10
-0.445281968503937
20
-0.2200724015748032
11
-0.4452820472440945
21
-0.2200724803149606
0
LINE
8
BLACK
6
CONTINUOUS
10
-0.4452820472440945
20
-0.2200724803149606
11
-0.449712125984252
21
-0.2253520472440945
0
LINE
8
BLACK
6
CONTINUOUS
10
-0.449712125984252
20
-0.2253520472440945
11
-0.4497122047244094
21
-0.2253520866141732
0
LINE
8
BLACK
6
CONTINUOUS
10
-0.4497122047244094
20
-0.2253520866141732
11
-0.4497122047244094
21
-0.2253521653543307
0
LINE
8
BLACK
6
CONTINUOUS
10
-0.4497122047244094
20
-0.2253521653543307
11
-0.4528375196850394
21
-0.2307653543307087
0
LINE
8
BLACK
6
CONTINUOUS
10
-0.4528375196850394
20
-0.2307653543307087
11
-0.4531583858267716
21
-0.2313211023622047
0
LINE
8
BLACK
6
CONTINUOUS
10
-0.4531583858267716
20
-0.2313211023622047
11
-0.4549532677165354
21
-0.2362523622047244
0
LINE
8
BLACK
6
CONTINUOUS
10
-0.4549532677165354
20
-0.2362523622047244
11
-0.4562342913385827
21
-0.2377789763779528
0
LINE
8
BLACK
6
CONTINUOUS
10
-0.4562342913385827
20
-0.2377789763779528
11
-0.4576909448818898
21
-0.2381692913385827
0
LINE
8
BLACK
6
CONTINUOUS
10
-0.4576909448818898
20
-0.2381692913385827
11
-0.4788482283464567
21
-0.2381692913385827
0
LINE
8
BLACK
6
CONTINUOUS
10
-0.4788482283464567
20
-0.2381692913385827
11
-0.480720905511811
21
-0.2374876771653543
0
LINE
8
BLACK
6
CONTINUOUS
10
-0.480720905511811
20
-0.2374876771653543
11
-0.4809083070866141
21
-0.2373159842519685
0
LINE
8
BLACK
6
CONTINUOUS
10
-0.4809083070866141
20
-0.2373159842519685
11
-0.4999456692913385
21
-0.2182786220472441
0
LINE
8
BLACK
6
CONTINUOUS
10
-0.4999456692913385
20
-0.2182786220472441
11
-0.5001633858267717
21
-0.218035
0
LINE
8
BLACK
6
CONTINUOUS
10
-0.5001633858267717
20
-0.218035
11
-0.501107125984252
21
-0.2168515748031496
0
LINE
8
BLACK
6
CONTINUOUS
10
-0.501107125984252
20
-0.2168515748031496
11
-0.5011071653543308
21
-0.2168515354330709
0
LINE
8
BLACK
6
CONTINUOUS
10
-0.5011071653543308
20
-0.2168515354330709
11
-0.5011072047244094
21
-0.2168514960629921
0
LINE
8
BLACK
6
CONTINUOUS
10
-0.5011072047244094
20
-0.2168514960629921
11
-0.5028285433070866
21
-0.2156779133858268
0
LINE
8
BLACK
6
CONTINUOUS
10
-0.5028285433070866
20
-0.2156779133858268
11
-0.502997283464567
21
-0.215562874015748
0
LINE
8
BLACK
6
CONTINUOUS
10
-0.502997283464567
20
-0.215562874015748
11
-0.5030857874015748
21
-0.2155000787401575
0
LINE
8
BLACK
6
CONTINUOUS
10
-0.5030857874015748
20
-0.2155000787401575
11
-0.504925905511811
21
-0.2141420078740157
0
LINE
8
BLACK
6
CONTINUOUS
10
-0.504925905511811
20
-0.2141420078740157
11
-0.5051188582677165
21
-0.2140400393700787
0
LINE
8
BLACK
6
CONTINUOUS
10
-0.5051188582677165
20
-0.2140400393700787
11
-0.5051180314960629
21
-0.2140383858267716
0
LINE
8
BLACK
6
CONTINUOUS
10
-0.5051180314960629
20
-0.2140383858267716
11
-0.5053272834645669
21
-0.2139327559055118
0
LINE
8
BLACK
6
CONTINUOUS
10
-0.5053272834645669
20
-0.2139327559055118
11
-0.505328031496063
21
-0.2139343700787402
0
LINE
8
BLACK
6
CONTINUOUS
10
-0.505328031496063
20
-0.2139343700787402
11
-0.5055247244094488
21
-0.2138396456692913
0
LINE
8
BLACK
6
CONTINUOUS
10
-0.5055247244094488
20
-0.2138396456692913
11
-0.5077111023622047
21
-0.2131652362204724
0
LINE
8
BLACK
6
CONTINUOUS
10
-0.5077111023622047
20
-0.2131652362204724
11
-0.5078145669291338
21
-0.2131312204724409
0
LINE
8
BLACK
6
CONTINUOUS
10
-0.5078145669291338
20
-0.2131312204724409
11
-0.5087402362204724
21
-0.2128073228346457
0
LINE
8
BLACK
6
CONTINUOUS
10
-0.5087402362204724
20
-0.2128073228346457
11
-0.5099724803149606
21
-0.2123761417322834
0
LINE
8
BLACK
6
CONTINUOUS
10
-0.5099724803149606
20
-0.2123761417322834
11
-0.5099725590551181
21
-0.2123761023622047
0
LINE
8
BLACK
6
CONTINUOUS
10
-0.5099725590551181
20
-0.2123761023622047
11
-0.5099726377952756
21
-0.2123761023622047
0
LINE
8
BLACK
6
CONTINUOUS
10
-0.5099726377952756
20
-0.2123761023622047
11
-0.510186968503937
21
-0.2123355511811024
0
LINE
8
BLACK
6
CONTINUOUS
10
-0.510186968503937
20
-0.2123355511811024
11
-0.5101866535433071
21
-0.2123337795275591
0
LINE
8
BLACK
6
CONTINUOUS
10
-0.5101866535433071
20
-0.2123337795275591
11
-0.5104176771653544
21
-0.2122945275590551
0
LINE
8
BLACK
6
CONTINUOUS
10
-0.5104176771653544
20
-0.2122945275590551
11
-0.5104179133858268
21
-0.2122962992125984
0
LINE
8
BLACK
6
CONTINUOUS
10
-0.5104179133858268
20
-0.2122962992125984
11
-0.5106337401574803
21
-0.212263779527559
0
LINE
8
BLACK
6
CONTINUOUS
10
-0.5106337401574803
20
-0.212263779527559
11
-0.5106337795275591
21
-0.212263779527559
0
LINE
8
BLACK
6
CONTINUOUS
10
-0.5106337795275591
20
-0.212263779527559
11
-0.5129211023622047
21
-0.212263779527559
0
LINE
8
BLACK
6
CONTINUOUS
10
-0.5129211023622047
20
-0.212263779527559
11
-0.5130300787401575
21
-0.2122617322834646
0
LINE
8
BLACK
6
CONTINUOUS
10
-0.5130300787401575
20
-0.2122617322834646
11
-0.5153151968503937
21
-0.2121761811023622
0
LINE
8
BLACK
6
CONTINUOUS
10
-0.5153151968503937
20
-0.2121761811023622
11
-0.5155322440944882
21
-0.2122006692913386
0
LINE
8
BLACK
6
CONTINUOUS
10
-0.5155322440944882
20
-0.2122006692913386
11
-0.5155324803149606
21
-0.2121988188976378
0
LINE
8
BLACK
6
CONTINUOUS
10
-0.5155324803149606
20
-0.2121988188976378
11
-0.5160256692913385
21
-0.212263779527559
0
LINE
8
BLACK
6
CONTINUOUS
10
-0.5160256692913385
20
-0.212263779527559
11
-0.5232895275590551
21
-0.212263779527559
0
LINE
8
BLACK
6
CONTINUOUS
10
-0.5232895275590551
20
-0.212263779527559
11
-0.5250630708661417
21
-0.2116617322834645
0
LINE
8
BLACK
6
CONTINUOUS
10
-0.5250630708661417
20
-0.2116617322834645
11
-0.5280771259842519
21
-0.2093489763779527
0
LINE
8
BLACK
6
CONTINUOUS
10
-0.5280771259842519
20
-0.2093489763779527
11
-0.5338283070866141
21
-0.2069667322834646
0
LINE
8
BLACK
6
CONTINUOUS
10
-0.5338283070866141
20
-0.2069667322834646
11
-0.54
21
-0.2061542519685039
0
LINE
8
BLACK
6
CONTINUOUS
10
-0.54
20
-0.2061542519685039
11
-0.5461716929133859
21
-0.2069667322834646
0
LINE
8
BLACK
6
CONTINUOUS
10
-0.5461716929133859
20
-0.2069667322834646
11
-0.5461717322834646
21
-0.2069667322834646
0
LINE
8
BLACK
6
CONTINUOUS
10
-0.5461717322834646
20
-0.2069667322834646
11
-0.5519229133858268
21
-0.2093489763779527
0
LINE
8
BLACK
6
CONTINUOUS
10
-0.5519229133858268
20
-0.2093489763779527
11
-0.5568614173228347
21
-0.2131383858267716
0
LINE
8
BLACK
6
CONTINUOUS
10
-0.5568614173228347
20
-0.2131383858267716
11
-0.5568616141732283
21
-0.2131385826771653
0
LINE
8
BLACK
6
CONTINUOUS
10
-0.5568616141732283
20
-0.2131385826771653
11
-0.5606510236220472
21
-0.2180770866141732
0
LINE
8
BLACK
6
CONTINUOUS
10
-0.5606510236220472
20
-0.2180770866141732
11
-0.5630332677165354
21
-0.2238282677165354
0
LINE
8
BLACK
6
CONTINUOUS
10
-0.5630332677165354
20
-0.2238282677165354
11
-0.5635291732283464
21
-0.2275949212598425
0
LINE
8
BLACK
6
CONTINUOUS
10
-0.5635291732283464
20
-0.2275949212598425
11
-0.5643575590551181
21
-0.2292746850393701
0
LINE
8
BLACK
6
CONTINUOUS
10
-0.5643575590551181
20
-0.2292746850393701
11
-0.5780642913385826
21
-0.2429814960629921
0
LINE
8
BLACK
6
CONTINUOUS
10
-0.5780642913385826
20
-0.2429814960629921
11
-0.5798704330708662
21
-0.2438237007874016
0
LINE
8
BLACK
6
CONTINUOUS
10
-0.5798704330708662
20
-0.2438237007874016
11
-0.5801243700787402
21
-0.2438348031496063
0
LINE
8
BLACK
6
CONTINUOUS
10
-0.5801243700787402
20
-0.2438348031496063
11
-0.6176187401574803
21
-0.2438348031496063
0
LINE
8
BLACK
6
CONTINUOUS
10
-0.6176187401574803
20
-0.2438348031496063
11
-0.6188982677165354
21
-0.2435387795275591
0
LINE
8
BLACK
6
CONTINUOUS
10
-0.6188982677165354
20
-0.2435387795275591
11
-0.6215199212598425
21
-0.242257125984252
0
LINE
8
BLACK
6
CONTINUOUS
10
-0.6215199212598425
20
-0.242257125984252
11
-0.6242022047244095
21
-0.2418662992125984
0
LINE
8
BLACK
6
CONTINUOUS
10
-0.6242022047244095
20
-0.2418662992125984
11
-0.6242023622047244
21
-0.2418662992125984
0
LINE
8
BLACK
6
CONTINUOUS
10
-0.6242023622047244
20
-0.2418662992125984
11
-0.6819393700787402
21
-0.2418662992125984
0
LINE
8
BLACK
6
CONTINUOUS
10
-0.6819393700787402
20
-0.2418662992125984
11
-0.6819395669291338
21
-0.2418662992125984
0
LINE
8
BLACK
6
CONTINUOUS
10
-0.6819395669291338
20
-0.2418662992125984
11
-0.6846218110236221
21
-0.242257125984252
0
LINE
8
BLACK
6
CONTINUOUS
10
-0.6846218110236221
20
-0.242257125984252
11
-0.6846218503937008
21
-0.242257125984252
0
LINE
8
BLACK
6
CONTINUOUS
10
-0.6846218503937008
20
-0.242257125984252
11
-0.6887591732283465
21
-0.2442797244094488
0
LINE
8
BLACK
6
CONTINUOUS
10
-0.6887591732283465
20
-0.2442797244094488
11
-0.6920157086614173
21
-0.2475362598425197
0
LINE
8
BLACK
6
CONTINUOUS
10
-0.6920157086614173
20
-0.2475362598425197
11
-0.6940383070866142
21
-0.2516735826771653
0
LINE
8
BLACK
6
CONTINUOUS
10
-0.6940383070866142
20
-0.2516735826771653
11
-0.6940383070866142
21
-0.2516736220472441
0
LINE
8
BLACK
6
CONTINUOUS
10
-0.6940383070866142
20
-0.2516736220472441
11
-0.6944291338582677
21
-0.2543558661417323
0
LINE
8
BLACK
6
CONTINUOUS
10
-0.6944291338582677
20
-0.2543558661417323
11
-0.6944291338582677
21
-0.2687861417322834
0
LINE
8
BLACK
6
CONTINUOUS
10
-0.6944291338582677
20
-0.2687861417322834
11
-0.6940383070866142
21
-0.2714683858267716
0
LINE
8
BLACK
6
CONTINUOUS
10
0.5248795275590551
20
-0.2466018503937008
11
0.5248792125984252
21
-0.2466019291338583
0
LINE
8
BLACK
6
CONTINUOUS
10
0.5248792125984252
20
-0.2466019291338583
11
0.5185948031496063
21
-0.2488009448818898
0
LINE
8
BLACK
6
CONTINUOUS
10
0.5185948031496063
20
-0.2488009448818898
11
0.5129572440944882
21
-0.2523432677165354
0
LINE
8
BLACK
6
CONTINUOUS
10
0.5129572440944882
20
-0.2523432677165354
11
0.5082487795275591
21
-0.2570517322834646
0
LINE
8
BLACK
6
CONTINUOUS
10
0.5082487795275591
20
-0.2570517322834646
11
0.5047064566929134
21
-0.2626892913385827
0
LINE
8
BLACK
6
CONTINUOUS
10
0.5047064566929134
20
-0.2626892913385827
11
0.5025074409448819
21
-0.2689737007874016
0
LINE
8
BLACK
6
CONTINUOUS
10
0.5025074409448819
20
-0.2689737007874016
11
0.5025073622047244
21
-0.2689740157480315
0
LINE
8
BLACK
6
CONTINUOUS
10
0.5025073622047244
20
-0.2689740157480315
11
0.5017618503937008
21
-0.2755905511811024
0
LINE
8
BLACK
6
CONTINUOUS
10
0.5017618503937008
20
-0.2755905511811024
11
0.5025073622047244
21
-0.2822070472440945
0
LINE
8
BLACK
6
CONTINUOUS
10
0.5025073622047244
20
-0.2822070472440945
11
0.5025074409448819
21
-0.2822073622047244
0
LINE
8
BLACK
6
CONTINUOUS
10
0.5025074409448819
20
-0.2822073622047244
11
0.5047064566929134
21
-0.2884917716535433
0
LINE
8
BLACK
6
CONTINUOUS
10
0.5047064566929134
20
-0.2884917716535433
11
0.5082487795275591
21
-0.2941293307086614
0
LINE
8
BLACK
6
CONTINUOUS
10
0.5082487795275591
20
-0.2941293307086614
11
0.5082488582677165
21
-0.2941294094488189
0
LINE
8
BLACK
6
CONTINUOUS
10
0.5082488582677165
20
-0.2941294094488189
11
0.508248937007874
21
-0.2941295275590551
0
LINE
8
BLACK
6
CONTINUOUS
10
0.508248937007874
20
-0.2941295275590551
11
0.5129570866141732
21
-0.2988376771653543
0
LINE
8
BLACK
6
CONTINUOUS
10
0.5129570866141732
20
-0.2988376771653543
11
0.5129571653543307
21
-0.2988377165354331
0
LINE
8
BLACK
6
CONTINUOUS
10
0.5129571653543307
20
-0.2988377165354331
11
0.5129572440944882
21
-0.2988377952755906
0
LINE
8
BLACK
6
CONTINUOUS
10
0.5129572440944882
20
-0.2988377952755906
11
0.5185948031496063
21
-0.3023801181102362
0
LINE
8
BLACK
6
CONTINUOUS
10
0.5185948031496063
20
-0.3023801181102362
11
0.5185948818897638
21
-0.3023801574803149
0
LINE
8
BLACK
6
CONTINUOUS
10
0.5185948818897638
20
-0.3023801574803149
11
0.5248795669291338
21
-0.3045792519685039
0
LINE
8
BLACK
6
CONTINUOUS
10
0.5248795669291338
20
-0.3045792519685039
11
0.5314960629921259
21
-0.3053247637795276
0
LINE
8
BLACK
6
CONTINUOUS
10
0.5314960629921259
20
-0.3053247637795276
11
0.5381125590551181
21
-0.3045792519685039
0
LINE
8
BLACK
6
CONTINUOUS
10
0.5381125590551181
20
-0.3045792519685039
11
0.5443972440944882
21
-0.3023801574803149
0
LINE
8
BLACK
6
CONTINUOUS
10
0.5443972440944882
20
-0.3023801574803149
11
0.5500350393700787
21
-0.2988376771653543
0
LINE
8
BLACK
6
CONTINUOUS
10
0.5500350393700787
20
-0.2988376771653543
11
0.554743188976378
21
-0.2941295275590551
0
LINE
8
BLACK
6
CONTINUOUS
10
0.554743188976378
20
-0.2941295275590551
11
0.5582856692913386
21
-0.2884917322834646
0
LINE
8
BLACK
6
CONTINUOUS
10
0.5582856692913386
20
-0.2884917322834646
11
0.5604847637795275
21
-0.2822070472440945
0
LINE
8
BLACK
6
CONTINUOUS
10
0.5604847637795275
20
-0.2822070472440945
11
0.5612302755905512
21
-0.2755905511811024
0
LINE
8
BLACK
6
CONTINUOUS
10
0.5612302755905512
20
-0.2755905511811024
11
0.5604847637795275
21
-0.2689740551181102
0
LINE
8
BLACK
6
CONTINUOUS
10
0.5604847637795275
20
-0.2689740551181102
11
0.560418937007874
21
-0.2687859842519685
0
LINE
8
BLACK
6
CONTINUOUS
10
0.560418937007874
20
-0.2687859842519685
11
0.5597544488188976
21
-0.266886968503937
0
LINE
8
BLACK
6
CONTINUOUS
10
0.5597544488188976
20
-0.266886968503937
11
0.5582856692913386
21
-0.2626893700787402
0
LINE
8
BLACK
6
CONTINUOUS
10
0.5582856692913386
20
-0.2626893700787402
11
0.5579837007874016
21
-0.2622087795275591
0
LINE
8
BLACK
6
CONTINUOUS
10
0.5579837007874016
20
-0.2622087795275591
11
0.5547433070866141
21
-0.2570517322834646
0
LINE
8
BLACK
6
CONTINUOUS
10
0.5547433070866141
20
-0.2570517322834646
11
0.5547432283464567
21
-0.2570516535433071
0
LINE
8
BLACK
6
CONTINUOUS
10
0.5547432283464567
20
-0.2570516535433071
11
0.554743188976378
21
-0.2570515748031496
0
LINE
8
BLACK
6
CONTINUOUS
10
0.554743188976378
20
-0.2570515748031496
11
0.5500350393700787
21
-0.2523434251968504
0
LINE
8
BLACK
6
CONTINUOUS
10
0.5500350393700787
20
-0.2523434251968504
11
0.5500349212598425
21
-0.2523433464566929
0
LINE
8
BLACK
6
CONTINUOUS
10
0.5500349212598425
20
-0.2523433464566929
11
0.550034842519685
21
-0.2523432677165354
0
LINE
8
BLACK
6
CONTINUOUS
10
0.550034842519685
20
-0.2523432677165354
11
0.544397283464567
21
-0.2488009448818898
0
LINE
8
BLACK
6
CONTINUOUS
10
0.544397283464567
20
-0.2488009448818898
11
0.538112874015748
21
-0.2466019291338583
0
LINE
8
BLACK
6
CONTINUOUS
10
0.538112874015748
20
-0.2466019291338583
11
0.5381125590551181
21
-0.2466018503937008
0
LINE
8
BLACK
6
CONTINUOUS
10
0.5381125590551181
20
-0.2466018503937008
11
0.5314960629921259
21
-0.2458563385826772
0
LINE
8
BLACK
6
CONTINUOUS
10
0.5314960629921259
20
-0.2458563385826772
11
0.5248795275590551
21
-0.2466018503937008
0
LINE
8
BLACK
6
CONTINUOUS
10
-0.3421716929133858
20
-0.044081062992126
11
-0.3421717322834645
21
-0.044081062992126
0
LINE
8
BLACK
6
CONTINUOUS
10
-0.3421717322834645
20
-0.044081062992126
11
-0.3479229133858268
21
-0.0464633070866142
0
LINE
8
BLACK
6
CONTINUOUS
10
-0.3479229133858268
20
-0.0464633070866142
11
-0.3528613385826772
21
-0.0502526377952756
0
LINE
8
BLACK
6
CONTINUOUS
10
-0.3528613385826772
20
-0.0502526377952756
11
-0.3529963385826771
21
-0.0503877165354331
0
LINE
8
BLACK
6
CONTINUOUS
10
-0.3529963385826771
20
-0.0503877165354331
11
-0.3530406299212598
21
-0.0503434251968504
0
LINE
8
BLACK
6
CONTINUOUS
10
-0.3530406299212598
20
-0.0503434251968504
11
-0.354506968503937
21
-0.0512775590551181
0
LINE
8
BLACK
6
CONTINUOUS
10
-0.354506968503937
20
-0.0512775590551181
11
-0.3551374803149606
21
-0.0513466141732283
0
LINE
8
BLACK
6
CONTINUOUS
10
-0.3551374803149606
20
-0.0513466141732283
11
-0.3559555511811023
21
-0.0513466141732283
0
LINE
8
BLACK
6
CONTINUOUS
10
-0.3559555511811023
20
-0.0513466141732283
11
-0.3609502755905512
21
-0.0513466141732283
0
LINE
8
BLACK
6
CONTINUOUS
10
-0.3609502755905512
20
-0.0513466141732283
11
-0.3613763385826771
21
-0.051485
0
LINE
8
BLACK
6
CONTINUOUS
10
-0.3613763385826771
20
-0.051485
11
-0.3619272834645669
21
-0.0516640157480315
0
LINE
8
BLACK
6
CONTINUOUS
10
-0.3619272834645669
20
-0.0516640157480315
11
-0.3623715354330709
21
-0.0517706299212598
0
LINE
8
BLACK
6
CONTINUOUS
10
-0.3623715354330709
20
-0.0517706299212598
11
-0.363385905511811
21
-0.0519312992125984
0
LINE
8
BLACK
6
CONTINUOUS
10
-0.363385905511811
20
-0.0519312992125984
11
-0.363386062992126
21
-0.0519313779527559
0
LINE
8
BLACK
6
CONTINUOUS
10
-0.363386062992126
20
-0.0519313779527559
11
-0.3643015748031496
21
-0.0523977952755905
0
LINE
8
BLACK
6
CONTINUOUS
10
-0.3643015748031496
20
-0.0523977952755905
11
-0.3647236220472441
21
-0.0525725984251968
0
LINE
8
BLACK
6
CONTINUOUS
10
-0.3647236220472441
20
-0.0525725984251968
11
-0.3657005511811023
21
-0.0528900393700787
0
LINE
8
BLACK
6
CONTINUOUS
10
-0.3657005511811023
20
-0.0528900393700787
11
-0.3657006299212598
21
-0.0528900787401575
0
LINE
8
BLACK
6
CONTINUOUS
10
-0.3657006299212598
20
-0.0528900787401575
11
-0.3665314960629921
21
-0.0534937795275591
0
LINE
8
BLACK
6
CONTINUOUS
10
-0.3665314960629921
20
-0.0534937795275591
11
-0.3669212598425197
21
-0.0537326377952756
0
LINE
8
BLACK
6
CONTINUOUS
10
-0.3669212598425197
20
-0.0537326377952756
11
-0.3678364566929134
21
-0.054198937007874
0
LINE
8
BLACK
6
CONTINUOUS
10
-0.3678364566929134
20
-0.054198937007874
11
-0.3687249212598425
21
-0.0550874409448819
0
LINE
8
BLACK
6
CONTINUOUS
10
-0.3687249212598425
20
-0.0550874409448819
11
-0.3992814960629921
21
-0.0856438976377953
0
LINE
8
BLACK
6
CONTINUOUS
10
-0.3992814960629921
20
-0.0856438976377953
11
-0.4000012204724409
21
-0.0861705511811024
0
LINE
8
BLACK
6
CONTINUOUS
10
-0.4000012204724409
20
-0.0861705511811024
11
-0.4034426771653543
21
-0.087953779527559
0
LINE
8
BLACK
6
CONTINUOUS
10
-0.4034426771653543
20
-0.087953779527559
11
-0.403442874015748
21
-0.0879538976377953
0
LINE
8
BLACK
6
CONTINUOUS
10
-0.403442874015748
20
-0.0879538976377953
11
-0.4077970472440945
21
-0.0920204724409449
0
LINE
8
BLACK
6
CONTINUOUS
10
-0.4077970472440945
20
-0.0920204724409449
11
-0.4108925984251968
21
-0.0971108661417323
0
LINE
8
BLACK
6
CONTINUOUS
10
-0.4108925984251968
20
-0.0971108661417323
11
-0.4108925984251968
21
-0.097110905511811
0
LINE
8
BLACK
6
CONTINUOUS
10
-0.4108925984251968
20
-0.097110905511811
11
-0.4125
21
-0.1028477559055118
0
LINE
8
BLACK
6
CONTINUOUS
10
-0.4125
20
-0.1028477559055118
11
-0.4125
21
-0.1821126771653543
0
LINE
8
BLACK
6
CONTINUOUS
10
-0.4125
20
-0.1821126771653543
11
-0.4118925590551181
21
-0.186532125984252
0
LINE
8
BLACK
6
CONTINUOUS
10
-0.4118925590551181
20
-0.186532125984252
11
-0.4118925196850394
21
-0.1865322834645669
0
LINE
8
BLACK
6
CONTINUOUS
10
-0.4118925196850394
20
-0.1865322834645669
11
-0.4095188976377953
21
-0.1919968503937008
0
LINE
8
BLACK
6
CONTINUOUS
10
-0.4095188976377953
20
-0.1919968503937008
11
-0.4057589763779528
21
-0.1966184251968504
0
LINE
8
BLACK
6
CONTINUOUS
10
-0.4057589763779528
20
-0.1966184251968504
11
-0.4008916141732283
21
-0.2000542125984252
0
LINE
8
BLACK
6
CONTINUOUS
10
-0.4008916141732283
20
-0.2000542125984252
11
-0.3952777952755905
21
-0.2020493700787402
0
LINE
8
BLACK
6
CONTINUOUS
10
-0.3952777952755905
20
-0.2020493700787402
11
-0.390819842519685
21
-0.2023542913385827
0
LINE
8
BLACK
6
CONTINUOUS
10
-0.390819842519685
20
-0.2023542913385827
11
-0.3893338976377952
21
-0.2024559448818898
0
LINE
8
BLACK
6
CONTINUOUS
10
-0.3893338976377952
20
-0.2024559448818898
11
-0.3893338976377952
21
-0.202455905511811
0
LINE
8
BLACK
6
CONTINUOUS
10
-0.3893338976377952
20
-0.202455905511811
11
-0.3893338188976378
21
-0.2024559448818898
0
LINE
8
BLACK
6
CONTINUOUS
10
-0.3893338188976378
20
-0.2024559448818898
11
-0.3835005905511811
21
-0.2012437795275591
0
LINE
8
BLACK
6
CONTINUOUS
10
-0.3835005905511811
20
-0.2012437795275591
11
-0.3782107480314961
21
-0.1985027952755906
0
LINE
8
BLACK
6
CONTINUOUS
10
-0.3782107480314961
20
-0.1985027952755906
11
-0.3738565354330708
21
-0.1944362204724409
0
LINE
8
BLACK
6
CONTINUOUS
10
-0.3738565354330708
20
-0.1944362204724409
11
-0.3707609448818898
21
-0.1893457480314961
0
LINE
8
BLACK
6
CONTINUOUS
10
-0.3707609448818898
20
-0.1893457480314961
11
-0.3691535433070866
21
-0.1836088582677165
0
LINE
8
BLACK
6
CONTINUOUS
10
-0.3691535433070866
20
-0.1836088582677165
11
-0.3691535433070866
21
-0.1043441732283465
0
LINE
8
BLACK
6
CONTINUOUS
10
-0.3691535433070866
20
-0.1043441732283465
11
-0.3694677165354331
21
-0.1020585039370079
0
LINE
8
BLACK
6
CONTINUOUS
10
-0.3694677165354331
20
-0.1020585039370079
11
-0.3690474803149606
21
-0.1001105511811024
0
LINE
8
BLACK
6
CONTINUOUS
10
-0.3690474803149606
20
-0.1001105511811024
11
-0.3686416929133858
21
-0.099601968503937
0
LINE
8
BLACK
6
CONTINUOUS
10
-0.3686416929133858
20
-0.099601968503937
11
-0.366713031496063
21
-0.0976733070866142
0
LINE
8
BLACK
6
CONTINUOUS
10
-0.366713031496063
20
-0.0976733070866142
11
-0.3649069291338582
21
-0.0968311417322835
0
LINE
8
BLACK
6
CONTINUOUS
10
-0.3649069291338582
20
-0.0968311417322835
11
-0.3629819291338582
21
-0.0973469291338583
0
LINE
8
BLACK
6
CONTINUOUS
10
-0.3629819291338582
20
-0.0973469291338583
11
-0.3618388582677165
21
-0.0989793700787402
0
LINE
8
BLACK
6
CONTINUOUS
10
-0.3618388582677165
20
-0.0989793700787402
11
-0.3618476377952756
21
-0.1005194488188976
0
LINE
8
BLACK
6
CONTINUOUS
10
-0.3618476377952756
20
-0.1005194488188976
11
-0.3625
21
-0.1028477559055118
0
LINE
8
BLACK
6
CONTINUOUS
10
-0.3625
20
-0.1028477559055118
11
-0.3625
21
-0.1821126771653543
0
LINE
8
BLACK
6
CONTINUOUS
10
-0.3625
20
-0.1821126771653543
11
-0.3618925590551181
21
-0.186532125984252
0
LINE
8
BLACK
6
CONTINUOUS
10
-0.3618925590551181
20
-0.186532125984252
11
-0.3618925196850394
21
-0.1865322834645669
0
LINE
8
BLACK
6
CONTINUOUS
10
-0.3618925196850394
20
-0.1865322834645669
11
-0.3595188976377953
21
-0.1919968503937008
0
LINE
8
BLACK
6
CONTINUOUS
10
-0.3595188976377953
20
-0.1919968503937008
11
-0.3557589763779527
21
-0.1966184251968504
0
LINE
8
BLACK
6
CONTINUOUS
10
-0.3557589763779527
20
-0.1966184251968504
11
-0.3508916141732283
21
-0.2000542125984252
0
LINE
8
BLACK
6
CONTINUOUS
10
-0.3508916141732283
20
-0.2000542125984252
11
-0.3452777952755905
21
-0.2020493700787402
0
LINE
8
BLACK
6
CONTINUOUS
10
-0.3452777952755905
20
-0.2020493700787402
11
-0.3408198425196851
21
-0.2023542913385827
0
LINE
8
BLACK
6
CONTINUOUS
10
-0.3408198425196851
20
-0.2023542913385827
11
-0.3393338976377953
21
-0.2024559448818898
0
LINE
8
BLACK
6
CONTINUOUS
10
-0.3393338976377953
20
-0.2024559448818898
11
-0.3393338976377953
21
-0.202455905511811
0
LINE
8
BLACK
6
CONTINUOUS
10
-0.3393338976377953
20
-0.202455905511811
11
-0.3393338188976378
21
-0.2024559448818898
0
LINE
8
BLACK
6
CONTINUOUS
10
-0.3393338188976378
20
-0.2024559448818898
11
-0.3335005905511811
21
-0.2012437795275591
0
LINE
8
BLACK
6
CONTINUOUS
10
-0.3335005905511811
20
-0.2012437795275591
11
-0.3282107480314961
21
-0.1985027952755906
0
LINE
8
BLACK
6
CONTINUOUS
10
-0.3282107480314961
20
-0.1985027952755906
11
-0.3238565354330709
21
-0.1944362204724409
0
LINE
8
BLACK
6
CONTINUOUS
10
-0.3238565354330709
20
-0.1944362204724409
11
-0.3207609448818898
21
-0.1893457480314961
0
LINE
8
BLACK
6
CONTINUOUS
10
-0.3207609448818898
20
-0.1893457480314961
11
-0.3191535433070866
21
-0.1836088582677165
0
LINE
8
BLACK
6
CONTINUOUS
10
-0.3191535433070866
20
-0.1836088582677165
11
-0.3191535433070866
21
-0.1043441732283465
0
LINE
8
BLACK
6
CONTINUOUS
10
-0.3191535433070866
20
-0.1043441732283465
11
-0.3197610236220472
21
-0.0999244094488189
0
LINE
8
BLACK
6
CONTINUOUS
10
-0.3197610236220472
20
-0.0999244094488189
11
-0.3221346456692913
21
-0.094459842519685
0
LINE
8
BLACK
6
CONTINUOUS
10
-0.3221346456692913
20
-0.094459842519685
11
-0.3243426771653543
21
-0.0917457874015748
0
LINE
8
BLACK
6
CONTINUOUS
10
-0.3243426771653543
20
-0.0917457874015748
11
-0.3249957480314961
21
-0.0898629921259843
0
LINE
8
BLACK
6
CONTINUOUS
10
-0.3249957480314961
20
-0.0898629921259843
11
-0.3242858267716535
21
-0.0880008661417323
0
LINE
8
BLACK
6
CONTINUOUS
10
-0.3242858267716535
20
-0.0880008661417323
11
-0.3238562598425197
21
-0.0875958661417323
0
LINE
8
BLACK
6
CONTINUOUS
10
-0.3238562598425197
20
-0.0875958661417323
11
-0.3223009842519685
21
-0.0864024803149606
0
LINE
8
BLACK
6
CONTINUOUS
10
-0.3223009842519685
20
-0.0864024803149606
11
-0.3191385039370079
21
-0.0839758267716535
0
LINE
8
BLACK
6
CONTINUOUS
10
-0.3191385039370079
20
-0.0839758267716535
11
-0.3153489763779527
21
-0.0790372047244094
0
LINE
8
BLACK
6
CONTINUOUS
10
-0.3153489763779527
20
-0.0790372047244094
11
-0.3129667716535433
21
-0.073286062992126
0
LINE
8
BLACK
6
CONTINUOUS
10
-0.3129667716535433
20
-0.073286062992126
11
-0.3121542519685039
21
-0.0671143307086614
0
LINE
8
BLACK
6
CONTINUOUS
10
-0.3121542519685039
20
-0.0671143307086614
11
-0.3129667716535433
21
-0.0609425984251969
0
LINE
8
BLACK
6
CONTINUOUS
10
-0.3129667716535433
20
-0.0609425984251969
11
-0.3153489763779527
21
-0.0551914566929134
0
LINE
8
BLACK
6
CONTINUOUS
10
-0.3153489763779527
20
-0.0551914566929134
11
-0.3174127952755905
21
-0.052501811023622
0
LINE
8
BLACK
6
CONTINUOUS
10
-0.3174127952755905
20
-0.052501811023622
11
-0.3191384251968504
21
-0.0502529133858268
0
LINE
8
BLACK
6
CONTINUOUS
10
-0.3191384251968504
20
-0.0502529133858268
11
-0.3191386220472441
21
-0.0502527165354331
0
LINE
8
BLACK
6
CONTINUOUS
10
-0.3191386220472441
20
-0.0502527165354331
11
-0.324077125984252
21
-0.0464633070866142
0
LINE
8
BLACK
6
CONTINUOUS
10
-0.324077125984252
20
-0.0464633070866142
11
-0.3298283070866141
21
-0.044081062992126
0
LINE
8
BLACK
6
CONTINUOUS
10
-0.3298283070866141
20
-0.044081062992126
11
-0.336
21
-0.0432685826771654
0
LINE
8
BLACK
6
CONTINUOUS
10
-0.336
20
-0.0432685826771654
11
-0.3421716929133858
21
-0.044081062992126
0
LINE
8
BLACK
6
CONTINUOUS
10
-0.483190748031496
20
0.0915092913385827
11
-0.483190748031496
21
0.0915092519685039
0
LINE
8
BLACK
6
CONTINUOUS
10
-0.483190748031496
20
0.0915092519685039
11
-0.4808085039370079
21
0.0857580708661417
0
LINE
8
BLACK
6
CONTINUOUS
10
-0.4808085039370079
20
0.0857580708661417
11
-0.477019094488189
21
0.0808195669291339
0
LINE
8
BLACK
6
CONTINUOUS
10
-0.477019094488189
20
0.0808195669291339
11
-0.4770188976377953
21
0.0808193700787402
0
LINE
8
BLACK
6
CONTINUOUS
10
-0.4770188976377953
20
0.0808193700787402
11
-0.4737265748031496
21
0.0782931102362205
0
LINE
8
BLACK
6
CONTINUOUS
10
-0.4737265748031496
20
0.0782931102362205
11
-0.4720803543307087
21
0.0770299212598425
0
LINE
8
BLACK
6
CONTINUOUS
10
-0.4720803543307087
20
0.0770299212598425
11
-0.4663292125984252
21
0.0746477165354331
0
LINE
8
BLACK
6
CONTINUOUS
10
-0.4663292125984252
20
0.0746477165354331
11
-0.4601574803149606
21
0.0738351968503937
0
LINE
8
BLACK
6
CONTINUOUS
10
-0.4601574803149606
20
0.0738351968503937
11
-0.4539857480314961
21
0.0746477165354331
0
LINE
8
BLACK
6
CONTINUOUS
10
-0.4539857480314961
20
0.0746477165354331
11
-0.4482346062992126
21
0.0770299212598425
0
LINE
8
BLACK
6
CONTINUOUS
10
-0.4482346062992126
20
0.0770299212598425
11
-0.4432959842519685
21
0.0808194488188976
0
LINE
8
BLACK
6
CONTINUOUS
10
-0.4432959842519685
20
0.0808194488188976
11
-0.4395064566929134
21
0.0857580708661417
0
LINE
8
BLACK
6
CONTINUOUS
10
-0.4395064566929134
20
0.0857580708661417
11
-0.4371242519685039
21
0.0915092125984252
0
LINE
8
BLACK
6
CONTINUOUS
10
-0.4371242519685039
20
0.0915092125984252
11
-0.4363117322834645
21
0.0976809448818898
0
LINE
8
BLACK
6
CONTINUOUS
10
-0.4363117322834645
20
0.0976809448818898
11
-0.4363117322834645
21
0.0976809842519685
0
LINE
8
BLACK
6
CONTINUOUS
10
-0.4363117322834645
20
0.0976809842519685
11
-0.4363117322834645
21
0.0978718897637795
0
LINE
8
BLACK
6
CONTINUOUS
10
-0.4363117322834645
20
0.0978718897637795
11
-0.4362490157480315
21
0.0978718897637795
0
LINE
8
BLACK
6
CONTINUOUS
10
-0.4362490157480315
20
0.0978718897637795
11
-0.4358729527559055
21
0.0995688976377953
0
LINE
8
BLACK
6
CONTINUOUS
10
-0.4358729527559055
20
0.0995688976377953
11
-0.4354759842519685
21
0.1000635826771653
0
LINE
8
BLACK
6
CONTINUOUS
10
-0.4354759842519685
20
0.1000635826771653
11
-0.428799842519685
21
0.1067396456692913
0
LINE
8
BLACK
6
CONTINUOUS
10
-0.428799842519685
20
0.1067396456692913
11
-0.4287998031496063
21
0.1067397637795276
0
LINE
8
BLACK
6
CONTINUOUS
10
-0.4287998031496063
20
0.1067397637795276
11
-0.428633937007874
21
0.1069055905511811
0
LINE
8
BLACK
6
CONTINUOUS
10
-0.428633937007874
20
0.1069055905511811
11
-0.428633779527559
21
0.1069057874015748
0
LINE
8
BLACK
6
CONTINUOUS
10
-0.428633779527559
20
0.1069057874015748
11
-0.4279114173228346
21
0.1076281102362205
0
LINE
8
BLACK
6
CONTINUOUS
10
-0.4279114173228346
20
0.1076281102362205
11
-0.4274448818897638
21
0.1085438582677165
0
LINE
8
BLACK
6
CONTINUOUS
10
-0.4274448818897638
20
0.1085438582677165
11
-0.4272065354330709
21
0.1089327165354331
0
LINE
8
BLACK
6
CONTINUOUS
10
-0.4272065354330709
20
0.1089327165354331
11
-0.4266025196850394
21
0.1097640551181102
0
LINE
8
BLACK
6
CONTINUOUS
10
-0.4266025196850394
20
0.1097640551181102
11
-0.4262850787401575
21
0.1107411023622047
0
LINE
8
BLACK
6
CONTINUOUS
10
-0.4262850787401575
20
0.1107411023622047
11
-0.4261101574803149
21
0.1111633070866142
0
LINE
8
BLACK
6
CONTINUOUS
10
-0.4261101574803149
20
0.1111633070866142
11
-0.426055
21
0.1112715354330709
0
LINE
8
BLACK
6
CONTINUOUS
10
-0.426055
20
0.1112715354330709
11
-0.4256438582677165
21
0.1120784251968504
0
LINE
8
BLACK
6
CONTINUOUS
10
-0.4256438582677165
20
0.1120784251968504
11
-0.4254832283464567
21
0.1130929133858268
0
LINE
8
BLACK
6
CONTINUOUS
10
-0.4254832283464567
20
0.1130929133858268
11
-0.4253764566929134
21
0.1135374409448819
0
LINE
8
BLACK
6
CONTINUOUS
10
-0.4253764566929134
20
0.1135374409448819
11
-0.425059094488189
21
0.1145141732283464
0
LINE
8
BLACK
6
CONTINUOUS
10
-0.425059094488189
20
0.1145141732283464
11
-0.4250590551181102
21
0.1145142519685039
0
LINE
8
BLACK
6
CONTINUOUS
10
-0.4250590551181102
20
0.1145142519685039
11
-0.4250590551181102
21
0.149631968503937
0
LINE
8
BLACK
6
CONTINUOUS
10
-0.4250590551181102
20
0.149631968503937
11
-0.4243774409448819
21
0.1515046456692913
0
LINE
8
BLACK
6
CONTINUOUS
10
-0.4243774409448819
20
0.1515046456692913
11
-0.4241345275590551
21
0.1517608661417323
0
LINE
8
BLACK
6
CONTINUOUS
10
-0.4241345275590551
20
0.1517608661417323
11
-0.4238565354330708
21
0.1520204724409449
0
LINE
8
BLACK
6
CONTINUOUS
10
-0.4238565354330708
20
0.1520204724409449
11
-0.4207609448818898
21
0.1571109448818898
0
LINE
8
BLACK
6
CONTINUOUS
10
-0.4207609448818898
20
0.1571109448818898
11
-0.4191827559055118
21
0.1627435039370079
0
LINE
8
BLACK
6
CONTINUOUS
10
-0.4191827559055118
20
0.1627435039370079
11
-0.4191535433070866
21
0.1628477952755905
0
LINE
8
BLACK
6
CONTINUOUS
10
-0.4191535433070866
20
0.1628477952755905
11
-0.4191535433070866
21
0.2421122440944882
0
LINE
8
BLACK
6
CONTINUOUS
10
-0.4191535433070866
20
0.2421122440944882
11
-0.4191535433070866
21
0.2421125196850394
0
LINE
8
BLACK
6
CONTINUOUS
10
-0.4191535433070866
20
0.2421125196850394
11
-0.4197610236220473
21
0.2465322834645669
0
LINE
8
BLACK
6
CONTINUOUS
10
-0.4197610236220473
20
0.2465322834645669
11
-0.4221346456692913
21
0.2519968503937008
0
LINE
8
BLACK
6
CONTINUOUS
10
-0.4221346456692913
20
0.2519968503937008
11
-0.4232837401574803
21
0.2534092913385827
0
LINE
8
BLACK
6
CONTINUOUS
10
-0.4232837401574803
20
0.2534092913385827
11
-0.4244056299212599
21
0.2547883070866142
0
LINE
8
BLACK
6
CONTINUOUS
10
-0.4244056299212599
20
0.2547883070866142
11
-0.4250590551181102
21
0.2566268897637795
0
LINE
8
BLACK
6
CONTINUOUS
10
-0.4250590551181102
20
0.2566268897637795
11
-0.4250590551181102
21
0.2782886220472441
0
LINE
8
BLACK
6
CONTINUOUS
10
-0.4250590551181102
20
0.2782886220472441
11
-0.4253764566929134
21
0.2792653149606299
0
LINE
8
BLACK
6
CONTINUOUS
10
-0.4253764566929134
20
0.2792653149606299
11
-0.4254831889763779
21
0.2797098031496063
0
LINE
8
BLACK
6
CONTINUOUS
10
-0.4254831889763779
20
0.2797098031496063
11
-0.4256438582677165
21
0.2807244094488189
0
LINE
8
BLACK
6
CONTINUOUS
10
-0.4256438582677165
20
0.2807244094488189
11
-0.4261103149606299
21
0.2816398818897638
0
LINE
8
BLACK
6
CONTINUOUS
10
-0.4261103149606299
20
0.2816398818897638
11
-0.4262851181102362
21
0.2820618503937008
0
LINE
8
BLACK
6
CONTINUOUS
10
-0.4262851181102362
20
0.2820618503937008
11
-0.4266025196850394
21
0.2830387795275591
0
LINE
8
BLACK
6
CONTINUOUS
10
-0.4266025196850394
20
0.2830387795275591
11
-0.4272064566929134
21
0.2838700393700787
0
LINE
8
BLACK
6
CONTINUOUS
10
-0.4272064566929134
20
0.2838700393700787
11
-0.4274451181102362
21
0.2842595669291338
0
LINE
8
BLACK
6
CONTINUOUS
10
-0.4274451181102362
20
0.2842595669291338
11
-0.4279114566929134
21
0.2851747637795276
0
LINE
8
BLACK
6
CONTINUOUS
10
-0.4279114566929134
20
0.2851747637795276
11
-0.4286979527559055
21
0.2859612598425197
0
LINE
8
BLACK
6
CONTINUOUS
10
-0.4286979527559055
20
0.2859612598425197
11
-0.4286981102362205
21
0.2859614566929134
0
LINE
8
BLACK
6
CONTINUOUS
10
-0.4286981102362205
20
0.2859614566929134
11
-0.4308987007874016
21
0.2881620472440945
0
LINE
8
BLACK
6
CONTINUOUS
10
-0.4308987007874016
20
0.2881620472440945
11
-0.431740905511811
21
0.2899681889763779
0
LINE
8
BLACK
6
CONTINUOUS
10
-0.431740905511811
20
0.2899681889763779
11
-0.4317520078740157
21
0.290222125984252
0
LINE
8
BLACK
6
CONTINUOUS
10
-0.4317520078740157
20
0.290222125984252
11
-0.4317520078740157
21
0.3043943307086614
0
LINE
8
BLACK
6
CONTINUOUS
10
-0.4317520078740157
20
0.3043943307086614
11
-0.4323367716535433
21
0.3080866535433071
0
LINE
8
BLACK
6
CONTINUOUS
10
-0.4323367716535433
20
0.3080866535433071
11
-0.432336811023622
21
0.3080867322834646
0
LINE
8
BLACK
6
CONTINUOUS
10
-0.432336811023622
20
0.3080867322834646
11
-0.4335129921259843
21
0.3103950787401575
0
LINE
8
BLACK
6
CONTINUOUS
10
-0.4335129921259843
20
0.3103950787401575
11
-0.4346043307086614
21
0.3125369291338583
0
LINE
8
BLACK
6
CONTINUOUS
10
-0.4346043307086614
20
0.3125369291338583
11
-0.4381361417322834
21
0.3160687401574803
0
LINE
8
BLACK
6
CONTINUOUS
10
-0.4381361417322834
20
0.3160687401574803
11
-0.4425864566929134
21
0.3183362992125984
0
LINE
8
BLACK
6
CONTINUOUS
10
-0.4425864566929134
20
0.3183362992125984
11
-0.4425865354330709
21
0.3183363385826772
0
LINE
8
BLACK
6
CONTINUOUS
10
-0.4425865354330709
20
0.3183363385826772
11
-0.4425865748031496
21
0.3183363385826772
0
LINE
8
BLACK
6
CONTINUOUS
10
-0.4425865748031496
20
0.3183363385826772
11
-0.4462787795275591
21
0.3189211023622047
0
LINE
8
BLACK
6
CONTINUOUS
10
-0.4462787795275591
20
0.3189211023622047
11
-0.4645086614173228
21
0.3189211023622047
0
LINE
8
BLACK
6
CONTINUOUS
10
-0.4645086614173228
20
0.3189211023622047
11
-0.4682009842519685
21
0.3183363385826772
0
LINE
8
BLACK
6
CONTINUOUS
10
-0.4682009842519685
20
0.3183363385826772
11
-0.468201062992126
21
0.3183362992125984
0
LINE
8
BLACK
6
CONTINUOUS
10
-0.468201062992126
20
0.3183362992125984
11
-0.4726512992125984
21
0.3160687401574803
0
LINE
8
BLACK
6
CONTINUOUS
10
-0.4726512992125984
20
0.3160687401574803
11
-0.476183031496063
21
0.3125370078740157
0
LINE
8
BLACK
6
CONTINUOUS
10
-0.476183031496063
20
0.3125370078740157
11
-0.4784506692913386
21
0.3080865354330709
0
LINE
8
BLACK
6
CONTINUOUS
10
-0.4784506692913386
20
0.3080865354330709
11
-0.4790354330708662
21
0.3043943307086614
0
LINE
8
BLACK
6
CONTINUOUS
10
-0.4790354330708662
20
0.3043943307086614
11
-0.4790354330708662
21
0.280258937007874
0
LINE
8
BLACK
6
CONTINUOUS
10
-0.4790354330708662
20
0.280258937007874
11
-0.4784506692913386
21
0.2765666141732284
0
LINE
8
BLACK
6
CONTINUOUS
10
-0.4784506692913386
20
0.2765666141732284
11
-0.4784506299212598
21
0.2765665354330709
0
LINE
8
BLACK
6
CONTINUOUS
10
-0.4784506299212598
20
0.2765665354330709
11
-0.4761830708661417
21
0.2721162992125984
0
LINE
8
BLACK
6
CONTINUOUS
10
-0.4761830708661417
20
0.2721162992125984
11
-0.4726512598425197
21
0.2685844881889763
0
LINE
8
BLACK
6
CONTINUOUS
10
-0.4726512598425197
20
0.2685844881889763
11
-0.4682009448818897
21
0.2663169291338582
0
LINE
8
BLACK
6
CONTINUOUS
10
-0.4682009448818897
20
0.2663169291338582
11
-0.4645086220472441
21
0.2657321259842519
0
LINE
8
BLACK
6
CONTINUOUS
10
-0.4645086220472441
20
0.2657321259842519
11
-0.459507874015748
21
0.2657321653543307
0
LINE
8
BLACK
6
CONTINUOUS
10
-0.459507874015748
20
0.2657321653543307
11
-0.4576351968503937
21
0.2650505905511811
0
LINE
8
BLACK
6
CONTINUOUS
10
-0.4576351968503937
20
0.2650505905511811
11
-0.4566387401574803
21
0.2633247244094488
0
LINE
8
BLACK
6
CONTINUOUS
10
-0.4566387401574803
20
0.2633247244094488
11
-0.4565944881889764
21
0.2628187795275591
0
LINE
8
BLACK
6
CONTINUOUS
10
-0.4565944881889764
20
0.2628187795275591
11
-0.4565944881889764
21
0.2568247637795276
0
LINE
8
BLACK
6
CONTINUOUS
10
-0.4565944881889764
20
0.2568247637795276
11
-0.4572761023622047
21
0.2549520866141732
0
LINE
8
BLACK
6
CONTINUOUS
10
-0.4572761023622047
20
0.2549520866141732
11
-0.4575192913385827
21
0.2546955905511811
0
LINE
8
BLACK
6
CONTINUOUS
10
-0.4575192913385827
20
0.2546955905511811
11
-0.4577970472440945
21
0.254436220472441
0
LINE
8
BLACK
6
CONTINUOUS
10
-0.4577970472440945
20
0.254436220472441
11
-0.4608925984251969
21
0.2493458267716535
0
LINE
8
BLACK
6
CONTINUOUS
10
-0.4608925984251969
20
0.2493458267716535
11
-0.4608925984251969
21
0.2493457874015748
0
LINE
8
BLACK
6
CONTINUOUS
10
-0.4608925984251969
20
0.2493457874015748
11
-0.4625
21
0.243608937007874
0
LINE
8
BLACK
6
CONTINUOUS
10
-0.4625
20
0.243608937007874
11
-0.4625
21
0.1643440157480315
0
LINE
8
BLACK
6
CONTINUOUS
10
-0.4625
20
0.1643440157480315
11
-0.4618925590551181
21
0.1599245669291338
0
LINE
8
BLACK
6
CONTINUOUS
10
-0.4618925590551181
20
0.1599245669291338
11
-0.4618925196850394
21
0.1599244094488189
0
LINE
8
BLACK
6
CONTINUOUS
10
-0.4618925196850394
20
0.1599244094488189
11
-0.4606704330708661
21
0.1571109448818898
0
LINE
8
BLACK
6
CONTINUOUS
10
-0.4606704330708661
20
0.1571109448818898
11
-0.4595188976377952
21
0.154459842519685
0
LINE
8
BLACK
6
CONTINUOUS
10
-0.4595188976377952
20
0.154459842519685
11
-0.4572479133858268
21
0.1516684251968504
0
LINE
8
BLACK
6
CONTINUOUS
10
-0.4572479133858268
20
0.1516684251968504
11
-0.4565944881889764
21
0.149829842519685
0
LINE
8
BLACK
6
CONTINUOUS
10
-0.4565944881889764
20
0.149829842519685
11
-0.4565944881889764
21
0.1247496456692913
0
LINE
8
BLACK
6
CONTINUOUS
10
-0.4565944881889764
20
0.1247496456692913
11
-0.4572761023622047
21
0.122876968503937
0
LINE
8
BLACK
6
CONTINUOUS
10
-0.4572761023622047
20
0.122876968503937
11
-0.4574479133858267
21
0.1226894488188976
0
LINE
8
BLACK
6
CONTINUOUS
10
-0.4574479133858267
20
0.1226894488188976
11
-0.457774842519685
21
0.1223625590551181
0
LINE
8
BLACK
6
CONTINUOUS
10
-0.457774842519685
20
0.1223625590551181
11
-0.459581062992126
21
0.1215204330708661
0
LINE
8
BLACK
6
CONTINUOUS
10
-0.459581062992126
20
0.1215204330708661
11
-0.4599665748031496
21
0.1215288582677165
0
LINE
8
BLACK
6
CONTINUOUS
10
-0.4599665748031496
20
0.1215288582677165
11
-0.4599665748031496
21
0.1215266929133858
0
LINE
8
BLACK
6
CONTINUOUS
10
-0.4599665748031496
20
0.1215266929133858
11
-0.4601574803149606
21
0.1215266929133858
0
LINE
8
BLACK
6
CONTINUOUS
10
-0.4601574803149606
20
0.1215266929133858
11
-0.4663291732283464
21
0.1207142125984252
0
LINE
8
BLACK
6
CONTINUOUS
10
-0.4663291732283464
20
0.1207142125984252
11
-0.4663292125984252
21
0.1207142125984252
0
LINE
8
BLACK
6
CONTINUOUS
10
-0.4663292125984252
20
0.1207142125984252
11
-0.4720803937007874
21
0.118331968503937
0
LINE
8
BLACK
6
CONTINUOUS
10
-0.4720803937007874
20
0.118331968503937
11
-0.4770188976377953
21
0.1145425590551181
0
LINE
8
BLACK
6
CONTINUOUS
10
-0.4770188976377953
20
0.1145425590551181
11
-0.477019094488189
21
0.1145423622047244
0
LINE
8
BLACK
6
CONTINUOUS
10
-0.477019094488189
20
0.1145423622047244
11
-0.4808085039370079
21
0.1096038582677165
0
LINE
8
BLACK
6
CONTINUOUS
10
-0.4808085039370079
20
0.1096038582677165
11
-0.483190748031496
21
0.1038526771653543
0
LINE
8
BLACK
6
CONTINUOUS
10
-0.483190748031496
20
0.1038526771653543
11
-0.483190748031496
21
0.1038526377952756
0
LINE
8
BLACK
6
CONTINUOUS
10
-0.483190748031496
20
0.1038526377952756
11
-0.4840032283464567
21
0.0976809448818898
0
LINE
8
BLACK
6
CONTINUOUS
10
-0.4840032283464567
20
0.0976809448818898
11
-0.483190748031496
21
0.0915092913385827
0
LINE
8
BLACK
6
CONTINUOUS
10
0.235
20
0.1318992125984252
11
0.2353411023622047
21
0.1318266929133858
0
LINE
8
BLACK
6
CONTINUOUS
10
0.2353411023622047
20
0.1318266929133858
11
0.2417322834645669
21
0.1289811811023622
0
LINE
8
BLACK
6
CONTINUOUS
10
0.2417322834645669
20
0.1289811811023622
11
0.2473921653543307
21
0.1248690157480315
0
LINE
8
BLACK
6
CONTINUOUS
10
0.2473921653543307
20
0.1248690157480315
11
0.2520733858267716
21
0.1196699606299213
0
LINE
8
BLACK
6
CONTINUOUS
10
0.2520733858267716
20
0.1196699606299213
11
0.2555714173228346
21
0.1136112598425197
0
LINE
8
BLACK
6
CONTINUOUS
10
0.2555714173228346
20
0.1136112598425197
11
0.2567447637795275
21
0.11
0
LINE
8
BLACK
6
CONTINUOUS
10
0.2567447637795275
20
0.11
11
0.2776198031496063
21
0.11
0
LINE
8
BLACK
6
CONTINUOUS
10
0.2776198031496063
20
0.11
11
0.275740905511811
21
0.1174196850393701
0
LINE
8
BLACK
6
CONTINUOUS
10
0.275740905511811
20
0.1174196850393701
11
0.2721817716535433
21
0.1255335826771654
0
LINE
8
BLACK
6
CONTINUOUS
10
0.2721817716535433
20
0.1255335826771654
11
0.2673356692913386
21
0.132951062992126
0
LINE
8
BLACK
6
CONTINUOUS
10
0.2673356692913386
20
0.132951062992126
11
0.2613346850393701
21
0.1394699212598425
0
LINE
8
BLACK
6
CONTINUOUS
10
0.2613346850393701
20
0.1394699212598425
11
0.2543427165354331
21
0.1449120078740158
0
LINE
8
BLACK
6
CONTINUOUS
10
0.2543427165354331
20
0.1449120078740158
11
0.2543422440944882
21
0.1449122834645669
0
LINE
8
BLACK
6
CONTINUOUS
10
0.2543422440944882
20
0.1449122834645669
11
0.2465501181102362
21
0.1491292125984252
0
LINE
8
BLACK
6
CONTINUOUS
10
0.2465501181102362
20
0.1491292125984252
11
0.2381696062992126
21
0.1520062204724409
0
LINE
8
BLACK
6
CONTINUOUS
10
0.2381696062992126
20
0.1520062204724409
11
0.235
21
0.152535157480315
0
LINE
8
BLACK
6
CONTINUOUS
10
0.235
20
0.152535157480315
11
0.235
21
0.1318992125984252
0
LINE
8
BLACK
6
CONTINUOUS
10
0.2118303543307087
20
0.1520062204724409
11
0.203449842519685
21
0.1491292125984252
0
LINE
8
BLACK
6
CONTINUOUS
10
0.203449842519685
20
0.1491292125984252
11
0.1956577165354331
21
0.1449122834645669
0
LINE
8
BLACK
6
CONTINUOUS
10
0.1956577165354331
20
0.1449122834645669
11
0.1956572440944882
21
0.1449120078740158
0
LINE
8
BLACK
6
CONTINUOUS
10
0.1956572440944882
20
0.1449120078740158
11
0.1886652755905512
21
0.1394699212598425
0
LINE
8
BLACK
6
CONTINUOUS
10
0.1886652755905512
20
0.1394699212598425
11
0.1826642913385827
21
0.132951062992126
0
LINE
8
BLACK
6
CONTINUOUS
10
0.1826642913385827
20
0.132951062992126
11
0.1778181889763779
21
0.1255335826771654
0
LINE
8
BLACK
6
CONTINUOUS
10
0.1778181889763779
20
0.1255335826771654
11
0.1742590551181102
21
0.1174196850393701
0
LINE
8
BLACK
6
CONTINUOUS
10
0.1742590551181102
20
0.1174196850393701
11
0.1723801968503937
21
0.11
0
LINE
8
BLACK
6
CONTINUOUS
10
0.1723801968503937
20
0.11
11
0.1932552362204724
21
0.11
0
LINE
8
BLACK
6
CONTINUOUS
10
0.1932552362204724
20
0.11
11
0.1944285826771653
21
0.1136112598425197
0
LINE
8
BLACK
6
CONTINUOUS
10
0.1944285826771653
20
0.1136112598425197
11
0.1979266141732283
21
0.1196699606299213
0
LINE
8
BLACK
6
CONTINUOUS
10
0.1979266141732283
20
0.1196699606299213
11
0.2026078346456693
21
0.1248690157480315
0
LINE
8
BLACK
6
CONTINUOUS
10
0.2026078346456693
20
0.1248690157480315
11
0.2082677165354331
21
0.1289811811023622
0
LINE
8
BLACK
6
CONTINUOUS
10
0.2082677165354331
20
0.1289811811023622
11
0.2146588976377953
21
0.1318266929133858
0
LINE
8
BLACK
6
CONTINUOUS
10
0.2146588976377953
20
0.1318266929133858
11
0.215
21
0.1318992125984252
0
LINE
8
BLACK
6
CONTINUOUS
10
0.215
20
0.1318992125984252
11
0.215
21
0.152535157480315
0
LINE
8
BLACK
6
CONTINUOUS
10
0.215
20
0.152535157480315
11
0.2118303543307087
21
0.1520062204724409
0
LINE
8
BLACK
6
CONTINUOUS
10
-0.7181716929133858
20
0.235918937007874
11
-0.7181717322834645
21
0.235918937007874
0
LINE
8
BLACK
6
CONTINUOUS
10
-0.7181717322834645
20
0.235918937007874
11
-0.7239229133858267
21
0.2335366929133858
0
LINE
8
BLACK
6
CONTINUOUS
10
-0.7239229133858267
20
0.2335366929133858
11
-0.7288614173228346
21
0.2297472834645669
0
LINE
8
BLACK
6
CONTINUOUS
10
-0.7288614173228346
20
0.2297472834645669
11
-0.7288616141732284
21
0.2297470866141732
0
LINE
8
BLACK
6
CONTINUOUS
10
-0.7288616141732284
20
0.2297470866141732
11
-0.7326510236220473
21
0.2248085826771654
0
LINE
8
BLACK
6
CONTINUOUS
10
-0.7326510236220473
20
0.2248085826771654
11
-0.7350332677165354
21
0.2190574015748031
0
LINE
8
BLACK
6
CONTINUOUS
10
-0.7350332677165354
20
0.2190574015748031
11
-0.7350332677165354
21
0.2190573622047244
0
LINE
8
BLACK
6
CONTINUOUS
10
-0.7350332677165354
20
0.2190573622047244
11
-0.735845748031496
21
0.2128856692913386
0
LINE
8
BLACK
6
CONTINUOUS
10
-0.735845748031496
20
0.2128856692913386
11
-0.7350332677165354
21
0.2067140157480315
0
LINE
8
BLACK
6
CONTINUOUS
10
-0.7350332677165354
20
0.2067140157480315
11
-0.7350332677165354
21
0.2067139763779527
0
LINE
8
BLACK
6
CONTINUOUS
10
-0.7350332677165354
20
0.2067139763779527
11
-0.7326510236220473
21
0.2009627952755906
0
LINE
8
BLACK
6
CONTINUOUS
10
-0.7326510236220473
20
0.2009627952755906
11
-0.7288616141732284
21
0.1960242913385827
0
LINE
8
BLACK
6
CONTINUOUS
10
-0.7288616141732284
20
0.1960242913385827
11
-0.7288614173228346
21
0.196024094488189
0
LINE
8
BLACK
6
CONTINUOUS
10
-0.7288614173228346
20
0.196024094488189
11
-0.7264951574803149
21
0.1942084251968504
0
LINE
8
BLACK
6
CONTINUOUS
10
-0.7264951574803149
20
0.1942084251968504
11
-0.7239228740157481
21
0.1922346456692913
0
LINE
8
BLACK
6
CONTINUOUS
10
-0.7239228740157481
20
0.1922346456692913
11
-0.7181717322834645
21
0.1898524409448819
0
LINE
8
BLACK
6
CONTINUOUS
10
-0.7181717322834645
20
0.1898524409448819
11
-0.712
21
0.1890399212598425
0
LINE
8
BLACK
6
CONTINUOUS
10
-0.712
20
0.1890399212598425
11
-0.7058282677165354
21
0.1898524409448819
0
LINE
8
BLACK
6
CONTINUOUS
10
-0.7058282677165354
20
0.1898524409448819
11
-0.700077125984252
21
0.1922346456692913
0
LINE
8
BLACK
6
CONTINUOUS
10
-0.700077125984252
20
0.1922346456692913
11
-0.697504842519685
21
0.1942084251968504
0
LINE
8
BLACK
6
CONTINUOUS
10
-0.697504842519685
20
0.1942084251968504
11
-0.6958418897637795
21
0.1954844094488189
0
LINE
8
BLACK
6
CONTINUOUS
10
-0.6958418897637795
20
0.1954844094488189
11
-0.6940683464566929
21
0.1960864566929134
0
LINE
8
BLACK
6
CONTINUOUS
10
-0.6940683464566929
20
0.1960864566929134
11
-0.6885229921259842
21
0.1960864566929134
0
LINE
8
BLACK
6
CONTINUOUS
10
-0.6885229921259842
20
0.1960864566929134
11
-0.6872434645669291
21
0.1957904330708661
0
LINE
8
BLACK
6
CONTINUOUS
10
-0.6872434645669291
20
0.1957904330708661
11
-0.6853107480314961
21
0.1948455905511811
0
LINE
8
BLACK
6
CONTINUOUS
10
-0.6853107480314961
20
0.1948455905511811
11
-0.6846217716535433
21
0.194508779527559
0
LINE
8
BLACK
6
CONTINUOUS
10
-0.6846217716535433
20
0.194508779527559
11
-0.6819393700787402
21
0.1941179527559055
0
LINE
8
BLACK
6
CONTINUOUS
10
-0.6819393700787402
20
0.1941179527559055
11
-0.6819391338582677
21
0.1941179527559055
0
LINE
8
BLACK
6
CONTINUOUS
10
-0.6819391338582677
20
0.1941179527559055
11
-0.6242025984251969
21
0.1941179527559055
0
LINE
8
BLACK
6
CONTINUOUS
10
-0.6242025984251969
20
0.1941179527559055
11
-0.6242023622047244
21
0.1941179527559055
0
LINE
8
BLACK
6
CONTINUOUS
10
-0.6242023622047244
20
0.1941179527559055
11
-0.6215199606299212
21
0.194508779527559
0
LINE
8
BLACK
6
CONTINUOUS
10
-0.6215199606299212
20
0.194508779527559
11
-0.6173825590551181
21
0.1965314173228346
0
LINE
8
BLACK
6
CONTINUOUS
10
-0.6173825590551181
20
0.1965314173228346
11
-0.614126062992126
21
0.1997879133858268
0
LINE
8
BLACK
6
CONTINUOUS
10
-0.614126062992126
20
0.1997879133858268
11
-0.6121034251968503
21
0.2039253149606299
0
LINE
8
BLACK
6
CONTINUOUS
10
-0.6121034251968503
20
0.2039253149606299
11
-0.6117125984251969
21
0.2066077165354331
0
LINE
8
BLACK
6
CONTINUOUS
10
-0.6117125984251969
20
0.2066077165354331
11
-0.6117125984251969
21
0.2210376377952756
0
LINE
8
BLACK
6
CONTINUOUS
10
-0.6117125984251969
20
0.2210376377952756
11
-0.6121034251968503
21
0.2237200393700787
0
LINE
8
BLACK
6
CONTINUOUS
10
-0.6121034251968503
20
0.2237200393700787
11
-0.614126062992126
21
0.2278574409448819
0
LINE
8
BLACK
6
CONTINUOUS
10
-0.614126062992126
20
0.2278574409448819
11
-0.6173825590551181
21
0.231113937007874
0
LINE
8
BLACK
6
CONTINUOUS
10
-0.6173825590551181
20
0.231113937007874
11
-0.6173825984251968
21
0.2311139763779528
0
LINE
8
BLACK
6
CONTINUOUS
10
-0.6173825984251968
20
0.2311139763779528
11
-0.6215199212598425
21
0.2331365748031496
0
LINE
8
BLACK
6
CONTINUOUS
10
-0.6215199212598425
20
0.2331365748031496
11
-0.6242022047244095
21
0.2335274015748031
0
LINE
8
BLACK
6
CONTINUOUS
10
-0.6242022047244095
20
0.2335274015748031
11
-0.6242023622047244
21
0.2335274015748031
0
LINE
8
BLACK
6
CONTINUOUS
10
-0.6242023622047244
20
0.2335274015748031
11
-0.6819393700787402
21
0.2335274015748031
0
LINE
8
BLACK
6
CONTINUOUS
10
-0.6819393700787402
20
0.2335274015748031
11
-0.6819395669291338
21
0.2335274015748031
0
LINE
8
BLACK
6
CONTINUOUS
10
-0.6819395669291338
20
0.2335274015748031
11
-0.6846218110236221
21
0.2331365748031496
0
LINE
8
BLACK
6
CONTINUOUS
10
-0.6846218110236221
20
0.2331365748031496
11
-0.6846218503937008
21
0.2331365748031496
0
LINE
8
BLACK
6
CONTINUOUS
10
-0.6846218503937008
20
0.2331365748031496
11
-0.6872434645669291
21
0.2318549212598425
0
LINE
8
BLACK
6
CONTINUOUS
10
-0.6872434645669291
20
0.2318549212598425
11
-0.6885229921259842
21
0.2315588976377953
0
LINE
8
BLACK
6
CONTINUOUS
10
-0.6885229921259842
20
0.2315588976377953
11
-0.6965106692913385
21
0.2315588976377953
0
LINE
8
BLACK
6
CONTINUOUS
10
-0.6965106692913385
20
0.2315588976377953
11
-0.6982842125984252
21
0.2321609448818898
0
LINE
8
BLACK
6
CONTINUOUS
10
-0.6982842125984252
20
0.2321609448818898
11
-0.700077125984252
21
0.2335366929133858
0
LINE
8
BLACK
6
CONTINUOUS
10
-0.700077125984252
20
0.2335366929133858
11
-0.7000772047244095
21
0.2335367322834646
0
LINE
8
BLACK
6
CONTINUOUS
10
-0.7000772047244095
20
0.2335367322834646
11
-0.7058283070866141
21
0.235918937007874
0
LINE
8
BLACK
6
CONTINUOUS
10
-0.7058283070866141
20
0.235918937007874
11
-0.712
21
0.2367314173228346
0
LINE
8
BLACK
6
CONTINUOUS
10
-0.712
20
0.2367314173228346
11
-0.7181716929133858
21
0.235918937007874
0
LINE
8
BLACK
6
CONTINUOUS
10
0.5248795275590551
20
0.2848942125984252
11
0.5248792125984252
21
0.2848941338582677
0
LINE
8
BLACK
6
CONTINUOUS
10
0.5248792125984252
20
0.2848941338582677
11
0.5185948031496063
21
0.2826951181102362
0
LINE
8
BLACK
6
CONTINUOUS
10
0.5185948031496063
20
0.2826951181102362
11
0.5129572440944882
21
0.2791527952755906
0
LINE
8
BLACK
6
CONTINUOUS
10
0.5129572440944882
20
0.2791527952755906
11
0.5082487795275591
21
0.2744443307086614
0
LINE
8
BLACK
6
CONTINUOUS
10
0.5082487795275591
20
0.2744443307086614
11
0.5047064566929134
21
0.2688067716535433
0
LINE
8
BLACK
6
CONTINUOUS
10
0.5047064566929134
20
0.2688067716535433
11
0.5025074409448819
21
0.2625223622047244
0
LINE
8
BLACK
6
CONTINUOUS
10
0.5025074409448819
20
0.2625223622047244
11
0.5025073622047244
21
0.2625220472440945
0
LINE
8
BLACK
6
CONTINUOUS
10
0.5025073622047244
20
0.2625220472440945
11
0.5017618503937008
21
0.2559055118110236
0
LINE
8
BLACK
6
CONTINUOUS
10
0.5017618503937008
20
0.2559055118110236
11
0.5025073622047244
21
0.2492890157480315
0
LINE
8
BLACK
6
CONTINUOUS
10
0.5025073622047244
20
0.2492890157480315
11
0.5025074409448819
21
0.2492887007874016
0
LINE
8
BLACK
6
CONTINUOUS
10
0.5025074409448819
20
0.2492887007874016
11
0.5047064566929134
21
0.2430042913385827
0
LINE
8
BLACK
6
CONTINUOUS
10
0.5047064566929134
20
0.2430042913385827
11
0.5082487795275591
21
0.2373667322834646
0
LINE
8
BLACK
6
CONTINUOUS
10
0.5082487795275591
20
0.2373667322834646
11
0.5082488582677165
21
0.2373666535433071
0
LINE
8
BLACK
6
CONTINUOUS
10
0.5082488582677165
20
0.2373666535433071
11
0.508248937007874
21
0.2373665354330709
0
LINE
8
BLACK
6
CONTINUOUS
10
0.508248937007874
20
0.2373665354330709
11
0.5129570866141732
21
0.2326583858267716
0
LINE
8
BLACK
6
CONTINUOUS
10
0.5129570866141732
20
0.2326583858267716
11
0.5129571653543307
21
0.2326583464566929
0
LINE
8
BLACK
6
CONTINUOUS
10
0.5129571653543307
20
0.2326583464566929
11
0.5129572440944882
21
0.2326582677165354
0
LINE
8
BLACK
6
CONTINUOUS
10
0.5129572440944882
20
0.2326582677165354
11
0.5172374803149606
21
0.2299688188976378
0
LINE
8
BLACK
6
CONTINUOUS
10
0.5172374803149606
20
0.2299688188976378
11
0.5185948818897638
21
0.229115905511811
0
LINE
8
BLACK
6
CONTINUOUS
10
0.5185948818897638
20
0.229115905511811
11
0.5248795669291338
21
0.226916811023622
0
LINE
8
BLACK
6
CONTINUOUS
10
0.5248795669291338
20
0.226916811023622
11
0.5314960629921259
21
0.2261712992125984
0
LINE
8
BLACK
6
CONTINUOUS
10
0.5314960629921259
20
0.2261712992125984
11
0.5381125590551181
21
0.226916811023622
0
LINE
8
BLACK
6
CONTINUOUS
10
0.5381125590551181
20
0.226916811023622
11
0.5443972440944882
21
0.229115905511811
0
LINE
8
BLACK
6
CONTINUOUS
10
0.5443972440944882
20
0.229115905511811
11
0.5500350393700787
21
0.2326583858267716
0
LINE
8
BLACK
6
CONTINUOUS
10
0.5500350393700787
20
0.2326583858267716
11
0.554743188976378
21
0.2373665354330709
0
LINE
8
BLACK
6
CONTINUOUS
10
0.554743188976378
20
0.2373665354330709
11
0.5582856692913386
21
0.2430043307086614
0
LINE
8
BLACK
6
CONTINUOUS
10
0.5582856692913386
20
0.2430043307086614
11
0.5604847637795275
21
0.2492890157480315
0
LINE
8
BLACK
6
CONTINUOUS
10
0.5604847637795275
20
0.2492890157480315
11
0.5612302755905512
21
0.2559055118110236
0
LINE
8
BLACK
6
CONTINUOUS
10
0.5612302755905512
20
0.2559055118110236
11
0.5604847637795275
21
0.2625220078740158
0
LINE
8
BLACK
6
CONTINUOUS
10
0.5604847637795275
20
0.2625220078740158
11
0.5582856692913386
21
0.2688066929133858
0
LINE
8
BLACK
6
CONTINUOUS
10
0.5582856692913386
20
0.2688066929133858
11
0.5577428740157481
21
0.2696705511811023
0
LINE
8
BLACK
6
CONTINUOUS
10
0.5577428740157481
20
0.2696705511811023
11
0.5547433070866141
21
0.2744443307086614
0
LINE
8
BLACK
6
CONTINUOUS
10
0.5547433070866141
20
0.2744443307086614
11
0.5547432283464567
21
0.2744444094488189
0
LINE
8
BLACK
6
CONTINUOUS
10
0.5547432283464567
20
0.2744444094488189
11
0.554743188976378
21
0.2744444881889764
0
LINE
8
BLACK
6
CONTINUOUS
10
0.554743188976378
20
0.2744444881889764
11
0.5500350393700787
21
0.2791526377952756
0
LINE
8
BLACK
6
CONTINUOUS
10
0.5500350393700787
20
0.2791526377952756
11
0.5500349212598425
21
0.2791527165354331
0
LINE
8
BLACK
6
CONTINUOUS
10
0.5500349212598425
20
0.2791527165354331
11
0.550034842519685
21
0.2791527952755906
0
LINE
8
BLACK
6
CONTINUOUS
10
0.550034842519685
20
0.2791527952755906
11
0.544397283464567
21
0.2826951181102362
0
LINE
8
BLACK
6
CONTINUOUS
10
0.544397283464567
20
0.2826951181102362
11
0.538112874015748
21
0.2848941338582677
0
LINE
8
BLACK
6
CONTINUOUS
10
0.538112874015748
20
0.2848941338582677
11
0.5381125590551181
21
0.2848942125984252
0
LINE
8
BLACK
6
CONTINUOUS
10
0.5381125590551181
20
0.2848942125984252
11
0.5314960629921259
21
0.2856397244094488
0
LINE
8
BLACK
6
CONTINUOUS
10
0.5314960629921259
20
0.2856397244094488
11
0.5248795275590551
21
0.2848942125984252
0
CIRCLE
8
BLACK
10
0.
20
0.
40
0.0068897637795276
0
CIRCLE
8
BLACK
10
0.225
20
-0.1
40
0.0068897637795276
0
CIRCLE
8
BLACK
10
0.225
20
0.
40
0.0068897637795276
0
CIRCLE
8
BLACK
10
0.225
20
0.1
40
0.0068897637795276
0
CIRCLE
8
BLACK
10
-0.05
20
0.33
40
0.0078740157480315
0
CIRCLE
8
BLACK
10
0.4492913385826772
20
-0.0461143307086614
40
0.0078740157480315
0
CIRCLE
8
BLACK
10
-0.48
20
0.1498856692913386
40
0.0078740157480315
0
CIRCLE
8
BLACK
10
-0.6799999999999999
20
-0.33
40
0.0078740157480315
0
CIRCLE
8
BLACK
10
-0.48
20
-0.3301143307086614
40
0.0078740157480315
0
CIRCLE
8
BLACK
10
-0.7999999999999999
20
0.13
40
0.0078740157480315
0
CIRCLE
8
BLACK
10
-0.7999999999999999
20
-0.25
40
0.0078740157480315
0
CIRCLE
8
BLACK
10
-0.7999999999999999
20
-0.13
40
0.0078740157480315
0
CIRCLE
8
BLACK
10
-0.7999999999999999
20
-0.21
40
0.0078740157480315
0
CIRCLE
8
BLACK
10
-0.7999999999999999
20
0.25
40
0.0078740157480315
0
CIRCLE
8
BLACK
10
-0.7999999999999999
20
-0.17
40
0.0078740157480315
0
CIRCLE
8
BLACK
10
-0.7999999999999999
20
0.21
40
0.0078740157480315
0
CIRCLE
8
BLACK
10
-0.7999999999999999
20
0.17
40
0.0078740157480315
0
CIRCLE
8
BLACK
10
-0.64
20
0.3348856692913386
40
0.0078740157480315
0
CIRCLE
8
BLACK
10
0.24
20
-0.18
40
0.0078740157480315
0
CIRCLE
8
BLACK
10
0.4492913385826772
20
-0.1990907086614173
40
0.0078740157480315
0
CIRCLE
8
BLACK
10
0.4492913385826772
20
-0.2425552755905512
40
0.0078740157480315
0
CIRCLE
8
BLACK
10
0.4492913385826772
20
-0.1556261417322835
40
0.0078740157480315
0
CIRCLE
8
BLACK
10
0.4492913385826772
20
0.3255155905511811
40
0.0078740157480315
0
CIRCLE
8
BLACK
10
-0.09
20
0.1498856692913386
40
0.0078740157480315
0
CIRCLE
8
BLACK
10
0.4492913385826772
20
-0.3294844094488189
40
0.0078740157480315
0
CIRCLE
8
BLACK
10
0.4492913385826772
20
-0.286019842519685
40
0.0078740157480315
0
CIRCLE
8
BLACK
10
0.1500787401574803
20
0.1232714960629921
40
0.0078740157480315
0
CIRCLE
8
BLACK
10
0.1500787401574803
20
0.0563423622047244
40
0.0078740157480315
0
CIRCLE
8
BLACK
10
0.4492913385826772
20
0.2805155905511811
40
0.0078740157480315
0
CIRCLE
8
BLACK
10
-0.1
20
-0.3301143307086614
40
0.0078740157480315
0
CIRCLE
8
BLACK
10
-0.67
20
0.
40
0.0078740157480315
0
CIRCLE
8
BLACK
10
-0.015748031496063
20
0.1456692913385827
40
0.0078740157480315
0
CIRCLE
8
BLACK
10
0.09
20
-0.33
40
0.0078740157480315
0
CIRCLE
8
BLACK
10
-0.44
20
0.05
40
0.0078740157480315
0
CIRCLE
8
BLACK
10
-0.5
20
-0.0201143307086614
40
0.0078740157480315
0
CIRCLE
8
BLACK
10
-0.0757246456692913
20
-0.2133533464566929
40
0.0078740157480315
0
CIRCLE
8
BLACK
10
0.4059842519685039
20
-0.1995631496062992
40
0.0078740157480315
0
CIRCLE
8
BLACK
10
-0.3110236220472441
20
-0.2204724409448819
40
0.0078740157480315
0
CIRCLE
8
BLACK
10
-0.231
20
-0.1591143307086614
40
0.0078740157480315
0
CIRCLE
8
BLACK
10
-0.1648818897637795
20
-0.0538938582677165
40
0.0078740157480315
0
CIRCLE
8
BLACK
10
-0.5
20
0.0498856692913386
40
0.0078740157480315
0
CIRCLE
8
BLACK
10
-0.1648818897637795
20
0.0130352755905512
40
0.0078740157480315
0
CIRCLE
8
BLACK
10
0.1184251968503937
20
-0.093500157480315
40
0.0078740157480315
0
CIRCLE
8
BLACK
10
-0.34
20
0.11
40
0.0078740157480315
0
CIRCLE
8
BLACK
10
0.4492913385826772
20
0.2006299212598425
40
0.0078740157480315
0
CIRCLE
8
BLACK
10
0.4492913385826772
20
0.2406299212598425
40
0.0078740157480315
0
CIRCLE
8
BLACK
10
0.23
20
0.17
40
0.0078740157480315
0
CIRCLE
8
BLACK
10
-0.3
20
-0.3301143307086614
40
0.0078740157480315
0
CIRCLE
8
BLACK
10
-0.67
20
-0.05
40
0.0078740157480315
0
CIRCLE
8
BLACK
10
-0.493
20
0.3348856692913386
40
0.0078740157480315
0
CIRCLE
8
BLACK
10
0.15
20
-0.13
40
0.0078740157480315
0
CIRCLE
8
BLACK
10
-0.7339370078740157
20
0.2746100787401575
40
0.0078740157480315
0
CIRCLE
8
BLACK
10
-0.67
20
0.05
40
0.0078740157480315
0
CIRCLE
8
BLACK
10
-0.6899999999999999
20
0.3348856692913386
40
0.0078740157480315
0
CIRCLE
8
BLACK
10
-0.139408031496063
20
-0.119408031496063
40
0.0078740157480315
0
CIRCLE
8
BLACK
10
-0.2
20
-0.2795275590551181
40
0.0078740157480315
0
CIRCLE
8
BLACK
10
-0.29
20
0.1
40
0.0078740157480315
0
CIRCLE
8
BLACK
10
0.113
20
-0.2101143307086614
40
0.0078740157480315
0
CIRCLE
8
BLACK
10
-0.5599999999999999
20
0.01
40
0.0078740157480315
0
CIRCLE
8
BLACK
10
-0.5036220472440944
20
0.2490195275590551
40
0.0078740157480315
0
CIRCLE
8
BLACK
10
-0.54
20
-0.23
40
0.0078740157480315
0
CIRCLE
8
BLACK
10
0.1220472440944882
20
0.2992125984251968
40
0.0078740157480315
0
CIRCLE
8
BLACK
10
-0.134
20
0.264
40
0.0078740157480315
0
CIRCLE
8
BLACK
10
-0.5944881889763779
20
-0.1023622047244094
40
0.0078740157480315
0
CIRCLE
8
BLACK
10
-0.712
20
0.2128856692913386
40
0.0078740157480315
0
CIRCLE
8
BLACK
10
-0.4601574803149606
20
0.0976809448818898
40
0.0078740157480315
0
CIRCLE
8
BLACK
10
-0.336
20
-0.0671143307086614
40
0.0078740157480315
  0
ENDSEC
  0
EOF
