  0
SECTION
  2
HEADER
  9
$ANGBASE
  50
0.0
  9
$ANGDIR
  70
1
  9
$MEASUREMENT
  70
0
  0
ENDSEC
  0
SECTION
  2
TABLES
  0
TABLE
  2
LTYPE
  70
4
  0
LTYPE
  5
40F
  2
CONTINUOUS
  70
0
  3
Solid line
  72
65
  73
0
  40
0.0
  0
LTYPE
  5
410
  2
DASHDOT
 70
0
  3
Dash Dot ____ _ ____ _
 72
65
 73
4
 40
2.0
 49
1.25
 49
-0.25
 49
0.25
 49
-0.25
  0
LTYPE
  5
411
  2
DASHED
 70
0
  3
Dashed __ __ __ __ __
 72
65
 73
2
 40
0.75
 49
0.5
 49
-0.25
  0
LTYPE
  5
43B
  2
DOTTED
 70
0
  3
Dotted .  .  .  .
 72
65
 73
2
 40
0.2
 49
0.0
 49
-0.2
  0
ENDTAB
  0
TABLE
  2
STYLE
  70
4
  0
STYLE
  2
KICAD
  70
0
  40
0
  41
1
  42
1
  50
0
  71
0
  3
isocp.shx
  0
STYLE
  2
KICADB
  70
0
  40
0
  41
1
  42
1
  50
0
  71
0
  3
isocp.shx
  0
STYLE
  2
KICADI
  70
0
  40
0
  41
1
  42
1
  50
15
  71
0
  3
isocp.shx
  0
STYLE
  2
KICADBI
  70
0
  40
0
  41
1
  42
1
  50
15
  71
0
  3
isocp.shx
  0
ENDTAB
  0
TABLE
  2
LAYER
  70
1
  0
LAYER
  2
BLACK
  70
0
  62
7
  6
CONTINUOUS
  0
ENDTAB
  0
ENDSEC
  0
SECTION
  2
ENTITIES
0
LINE
8
BLACK
6
CONTINUOUS
10
-0.7096609448818898
20
-0.187538937007874
11
-0.7077861417322835
21
-0.1894137007874016
0
LINE
8
BLACK
6
CONTINUOUS
10
-0.7077861417322835
20
-0.1894137007874016
11
-0.7072797637795275
21
-0.1901368503937008
0
LINE
8
BLACK
6
CONTINUOUS
10
-0.7072797637795275
20
-0.1901368503937008
11
-0.7072329921259842
21
-0.1901811417322835
0
LINE
8
BLACK
6
CONTINUOUS
10
-0.7072329921259842
20
-0.1901811417322835
11
-0.7053582283464567
21
-0.1939306692913386
0
LINE
8
BLACK
6
CONTINUOUS
10
-0.7053582283464567
20
-0.1939306692913386
11
-0.7050658661417323
21
-0.1949135826771654
0
LINE
8
BLACK
6
CONTINUOUS
10
-0.7050658661417323
20
-0.1949135826771654
11
-0.7051068897637796
21
-0.1950852755905512
0
LINE
8
BLACK
6
CONTINUOUS
10
-0.7051068897637796
20
-0.1950852755905512
11
-0.7050464960629921
21
-0.1952511811023622
0
LINE
8
BLACK
6
CONTINUOUS
10
-0.7050464960629921
20
-0.1952511811023622
11
-0.7050464960629921
21
-0.2064997637795276
0
LINE
8
BLACK
6
CONTINUOUS
10
-0.7050464960629921
20
-0.2064997637795276
11
-0.7052245669291338
21
-0.2075096850393701
0
LINE
8
BLACK
6
CONTINUOUS
10
-0.7052245669291338
20
-0.2075096850393701
11
-0.7053380708661418
21
-0.2076449212598425
0
LINE
8
BLACK
6
CONTINUOUS
10
-0.7053380708661418
20
-0.2076449212598425
11
-0.7053582283464567
21
-0.2078202755905512
0
LINE
8
BLACK
6
CONTINUOUS
10
-0.7053582283464567
20
-0.2078202755905512
11
-0.7072329921259842
21
-0.2115698031496063
0
LINE
8
BLACK
6
CONTINUOUS
10
-0.7072329921259842
20
-0.2115698031496063
11
-0.7077589763779527
21
-0.2122788976377953
0
LINE
8
BLACK
6
CONTINUOUS
10
-0.7077589763779527
20
-0.2122788976377953
11
-0.7077861417322835
21
-0.2123372440944882
0
LINE
8
BLACK
6
CONTINUOUS
10
-0.7077861417322835
20
-0.2123372440944882
11
-0.7096609448818898
21
-0.2142120078740157
0
LINE
8
BLACK
6
CONTINUOUS
10
-0.7096609448818898
20
-0.2142120078740157
11
-0.7103840157480314
21
-0.2147182677165354
0
LINE
8
BLACK
6
CONTINUOUS
10
-0.7103840157480314
20
-0.2147182677165354
11
-0.7104283070866142
21
-0.2147650787401575
0
LINE
8
BLACK
6
CONTINUOUS
10
-0.7104283070866142
20
-0.2147650787401575
11
-0.7141778346456693
21
-0.216639842519685
0
LINE
8
BLACK
6
CONTINUOUS
10
-0.7141778346456693
20
-0.216639842519685
11
-0.7151607874015747
21
-0.2169322047244094
0
LINE
8
BLACK
6
CONTINUOUS
10
-0.7151607874015747
20
-0.2169322047244094
11
-0.7153324803149607
21
-0.2168911811023622
0
LINE
8
BLACK
6
CONTINUOUS
10
-0.7153324803149607
20
-0.2168911811023622
11
-0.7154983464566929
21
-0.2169515748031496
0
LINE
8
BLACK
6
CONTINUOUS
10
-0.7154983464566929
20
-0.2169515748031496
11
-0.7248721653543307
21
-0.2169515748031496
0
LINE
8
BLACK
6
CONTINUOUS
10
-0.7248721653543307
20
-0.2169515748031496
11
-0.7258820866141732
21
-0.2167735039370079
0
LINE
8
BLACK
6
CONTINUOUS
10
-0.7258820866141732
20
-0.2167735039370079
11
-0.7260173622047243
21
-0.21666
0
LINE
8
BLACK
6
CONTINUOUS
10
-0.7260173622047243
20
-0.21666
11
-0.7261926771653543
21
-0.216639842519685
0
LINE
8
BLACK
6
CONTINUOUS
10
-0.7261926771653543
20
-0.216639842519685
11
-0.7299422047244094
21
-0.2147650787401575
0
LINE
8
BLACK
6
CONTINUOUS
10
-0.7299422047244094
20
-0.2147650787401575
11
-0.7306512992125984
21
-0.2142391732283465
0
LINE
8
BLACK
6
CONTINUOUS
10
-0.7306512992125984
20
-0.2142391732283465
11
-0.7307096062992126
21
-0.214211968503937
0
LINE
8
BLACK
6
CONTINUOUS
10
-0.7307096062992126
20
-0.214211968503937
11
-0.7325843700787401
21
-0.2123372047244095
0
LINE
8
BLACK
6
CONTINUOUS
10
-0.7325843700787401
20
-0.2123372047244095
11
-0.7330906692913386
21
-0.211614094488189
0
LINE
8
BLACK
6
CONTINUOUS
10
-0.7330906692913386
20
-0.211614094488189
11
-0.7331374803149606
21
-0.2115698031496063
0
LINE
8
BLACK
6
CONTINUOUS
10
-0.7331374803149606
20
-0.2115698031496063
11
-0.7350122440944882
21
-0.2078202755905512
0
LINE
8
BLACK
6
CONTINUOUS
10
-0.7350122440944882
20
-0.2078202755905512
11
-0.7351799212598426
21
-0.2072565748031496
0
LINE
8
BLACK
6
CONTINUOUS
10
-0.7351799212598426
20
-0.2072565748031496
11
-0.7454249212598425
21
-0.2162209842519685
0
LINE
8
BLACK
6
CONTINUOUS
10
-0.7454249212598425
20
-0.2162209842519685
11
-0.7458048031496063
21
-0.2164508661417323
0
LINE
8
BLACK
6
CONTINUOUS
10
-0.7458048031496063
20
-0.2164508661417323
11
-0.7458929527559055
21
-0.2165559842519685
0
LINE
8
BLACK
6
CONTINUOUS
10
-0.7458929527559055
20
-0.2165559842519685
11
-0.7460135433070866
21
-0.2165772047244094
0
LINE
8
BLACK
6
CONTINUOUS
10
-0.7460135433070866
20
-0.2165772047244094
11
-0.7463022440944882
21
-0.2167520078740157
0
LINE
8
BLACK
6
CONTINUOUS
10
-0.7463022440944882
20
-0.2167520078740157
11
-0.7470981102362204
21
-0.2167684645669291
0
LINE
8
BLACK
6
CONTINUOUS
10
-0.7470981102362204
20
-0.2167684645669291
11
-0.7478820866141732
21
-0.2169067322834645
0
LINE
8
BLACK
6
CONTINUOUS
10
-0.7478820866141732
20
-0.2169067322834645
11
-0.7480861023622047
21
-0.216788937007874
0
LINE
8
BLACK
6
CONTINUOUS
10
-0.7480861023622047
20
-0.216788937007874
11
-0.7483215748031495
21
-0.2167938188976378
0
LINE
8
BLACK
6
CONTINUOUS
10
-0.7483215748031495
20
-0.2167938188976378
11
-0.7489418503937008
21
-0.216294842519685
0
LINE
8
BLACK
6
CONTINUOUS
10
-0.7489418503937008
20
-0.216294842519685
11
-0.7496312598425197
21
-0.215896811023622
0
LINE
8
BLACK
6
CONTINUOUS
10
-0.7496312598425197
20
-0.215896811023622
11
-0.7497118503937008
21
-0.2156754330708661
0
LINE
8
BLACK
6
CONTINUOUS
10
-0.7497118503937008
20
-0.2156754330708661
11
-0.7498953937007874
21
-0.2155277952755905
0
LINE
8
BLACK
6
CONTINUOUS
10
-0.7498953937007874
20
-0.2155277952755905
11
-0.750049842519685
21
-0.214746811023622
0
LINE
8
BLACK
6
CONTINUOUS
10
-0.750049842519685
20
-0.214746811023622
11
-0.7503220866141732
21
-0.2139988188976378
0
LINE
8
BLACK
6
CONTINUOUS
10
-0.7503220866141732
20
-0.2139988188976378
11
-0.7503220866141732
21
-0.1896268897637795
0
LINE
8
BLACK
6
CONTINUOUS
10
-0.7503220866141732
20
-0.1896268897637795
11
-0.7501440157480315
21
-0.188616968503937
0
LINE
8
BLACK
6
CONTINUOUS
10
-0.7501440157480315
20
-0.188616968503937
11
-0.7488457086614173
21
-0.1870697244094488
0
LINE
8
BLACK
6
CONTINUOUS
10
-0.7488457086614173
20
-0.1870697244094488
11
-0.7468565748031496
21
-0.1867189763779528
0
LINE
8
BLACK
6
CONTINUOUS
10
-0.7468565748031496
20
-0.1867189763779528
11
-0.7451074015748032
21
-0.1877288976377953
0
LINE
8
BLACK
6
CONTINUOUS
10
-0.7451074015748032
20
-0.1877288976377953
11
-0.7444165748031496
21
-0.1896268897637795
0
LINE
8
BLACK
6
CONTINUOUS
10
-0.7444165748031496
20
-0.1896268897637795
11
-0.7444165748031496
21
-0.2074916141732283
0
LINE
8
BLACK
6
CONTINUOUS
10
-0.7444165748031496
20
-0.2074916141732283
11
-0.7343156299212599
21
-0.1986533070866142
0
LINE
8
BLACK
6
CONTINUOUS
10
-0.7343156299212599
20
-0.1986533070866142
11
-0.7339357874015748
21
-0.1984233858267717
0
LINE
8
BLACK
6
CONTINUOUS
10
-0.7339357874015748
20
-0.1984233858267717
11
-0.7338475984251969
21
-0.1983183070866142
0
LINE
8
BLACK
6
CONTINUOUS
10
-0.7338475984251969
20
-0.1983183070866142
11
-0.7337270472440944
21
-0.1982970472440945
0
LINE
8
BLACK
6
CONTINUOUS
10
-0.7337270472440944
20
-0.1982970472440945
11
-0.7334383070866142
21
-0.1981222834645669
0
LINE
8
BLACK
6
CONTINUOUS
10
-0.7334383070866142
20
-0.1981222834645669
11
-0.7326424803149606
21
-0.1981057874015748
0
LINE
8
BLACK
6
CONTINUOUS
10
-0.7326424803149606
20
-0.1981057874015748
11
-0.7318584645669292
21
-0.1979675590551181
0
LINE
8
BLACK
6
CONTINUOUS
10
-0.7318584645669292
20
-0.1979675590551181
11
-0.7316544881889764
21
-0.1980853149606299
0
LINE
8
BLACK
6
CONTINUOUS
10
-0.7316544881889764
20
-0.1980853149606299
11
-0.731418937007874
21
-0.1980804724409449
0
LINE
8
BLACK
6
CONTINUOUS
10
-0.731418937007874
20
-0.1980804724409449
11
-0.7307986614173229
21
-0.1985794488188976
0
LINE
8
BLACK
6
CONTINUOUS
10
-0.7307986614173229
20
-0.1985794488188976
11
-0.7301092913385827
21
-0.1989774803149606
0
LINE
8
BLACK
6
CONTINUOUS
10
-0.7301092913385827
20
-0.1989774803149606
11
-0.7300287401574803
21
-0.1991988188976378
0
LINE
8
BLACK
6
CONTINUOUS
10
-0.7300287401574803
20
-0.1991988188976378
11
-0.729845157480315
21
-0.1993464960629921
0
LINE
8
BLACK
6
CONTINUOUS
10
-0.729845157480315
20
-0.1993464960629921
11
-0.729690748031496
21
-0.2001274409448819
0
LINE
8
BLACK
6
CONTINUOUS
10
-0.729690748031496
20
-0.2001274409448819
11
-0.7294184645669292
21
-0.2008754724409449
0
LINE
8
BLACK
6
CONTINUOUS
10
-0.7294184645669292
20
-0.2008754724409449
11
-0.7294184645669292
21
-0.2058027165354331
0
LINE
8
BLACK
6
CONTINUOUS
10
-0.7294184645669292
20
-0.2058027165354331
11
-0.7280697244094488
21
-0.2085001968503937
0
LINE
8
BLACK
6
CONTINUOUS
10
-0.7280697244094488
20
-0.2085001968503937
11
-0.7268725984251968
21
-0.2096973228346457
0
LINE
8
BLACK
6
CONTINUOUS
10
-0.7268725984251968
20
-0.2096973228346457
11
-0.7241751181102362
21
-0.211046062992126
0
LINE
8
BLACK
6
CONTINUOUS
10
-0.7241751181102362
20
-0.211046062992126
11
-0.7161953937007873
21
-0.211046062992126
0
LINE
8
BLACK
6
CONTINUOUS
10
-0.7161953937007873
20
-0.211046062992126
11
-0.7134979133858268
21
-0.2096972834645669
0
LINE
8
BLACK
6
CONTINUOUS
10
-0.7134979133858268
20
-0.2096972834645669
11
-0.712300748031496
21
-0.2085001574803149
0
LINE
8
BLACK
6
CONTINUOUS
10
-0.712300748031496
20
-0.2085001574803149
11
-0.7109520078740157
21
-0.2058027165354331
0
LINE
8
BLACK
6
CONTINUOUS
10
-0.7109520078740157
20
-0.2058027165354331
11
-0.7109520078740157
21
-0.1959482283464567
0
LINE
8
BLACK
6
CONTINUOUS
10
-0.7109520078740157
20
-0.1959482283464567
11
-0.712300748031496
21
-0.1932507480314961
0
LINE
8
BLACK
6
CONTINUOUS
10
-0.712300748031496
20
-0.1932507480314961
11
-0.7138366929133858
21
-0.191714842519685
0
LINE
8
BLACK
6
CONTINUOUS
10
-0.7138366929133858
20
-0.191714842519685
11
-0.7144249212598425
21
-0.1908748031496063
0
LINE
8
BLACK
6
CONTINUOUS
10
-0.7144249212598425
20
-0.1908748031496063
11
-0.7146009842519685
21
-0.1888626771653543
0
LINE
8
BLACK
6
CONTINUOUS
10
-0.7146009842519685
20
-0.1888626771653543
11
-0.7134424803149606
21
-0.1872081102362205
0
LINE
8
BLACK
6
CONTINUOUS
10
-0.7134424803149606
20
-0.1872081102362205
11
-0.7114914960629921
21
-0.1866853937007874
0
LINE
8
BLACK
6
CONTINUOUS
10
-0.7114914960629921
20
-0.1866853937007874
11
-0.7096609448818898
21
-0.187538937007874
0
LINE
8
BLACK
6
CONTINUOUS
10
-0.7057373228346456
20
-0.1577326377952756
11
-0.7050464960629921
21
-0.1596306299212598
0
LINE
8
BLACK
6
CONTINUOUS
10
-0.7050464960629921
20
-0.1596306299212598
11
-0.7050464960629921
21
-0.163380157480315
0
LINE
8
BLACK
6
CONTINUOUS
10
-0.7050464960629921
20
-0.163380157480315
11
-0.7051998031496063
21
-0.1642495275590551
0
LINE
8
BLACK
6
CONTINUOUS
10
-0.7051998031496063
20
-0.1642495275590551
11
-0.705198031496063
21
-0.164313937007874
0
LINE
8
BLACK
6
CONTINUOUS
10
-0.705198031496063
20
-0.164313937007874
11
-0.7070727952755905
21
-0.1699381889763779
0
LINE
8
BLACK
6
CONTINUOUS
10
-0.7070727952755905
20
-0.1699381889763779
11
-0.7075611023622047
21
-0.1708399606299213
0
LINE
8
BLACK
6
CONTINUOUS
10
-0.7075611023622047
20
-0.1708399606299213
11
-0.7077114960629921
21
-0.1709323228346457
0
LINE
8
BLACK
6
CONTINUOUS
10
-0.7077114960629921
20
-0.1709323228346457
11
-0.7077861023622047
21
-0.1710923622047244
0
LINE
8
BLACK
6
CONTINUOUS
10
-0.7077861023622047
20
-0.1710923622047244
11
-0.7115356692913386
21
-0.1748418897637795
0
LINE
8
BLACK
6
CONTINUOUS
10
-0.7115356692913386
20
-0.1748418897637795
11
-0.7123757086614173
21
-0.1754301181102362
0
LINE
8
BLACK
6
CONTINUOUS
10
-0.7123757086614173
20
-0.1754301181102362
11
-0.7125516535433071
21
-0.1754454724409449
0
LINE
8
BLACK
6
CONTINUOUS
10
-0.7125516535433071
20
-0.1754454724409449
11
-0.712689842519685
21
-0.1755551968503937
0
LINE
8
BLACK
6
CONTINUOUS
10
-0.712689842519685
20
-0.1755551968503937
11
-0.7183141338582677
21
-0.1774299606299213
0
LINE
8
BLACK
6
CONTINUOUS
10
-0.7183141338582677
20
-0.1774299606299213
11
-0.7191873228346457
21
-0.1775594094488189
0
LINE
8
BLACK
6
CONTINUOUS
10
-0.7191873228346457
20
-0.1775594094488189
11
-0.719247874015748
21
-0.1775814960629921
0
LINE
8
BLACK
6
CONTINUOUS
10
-0.719247874015748
20
-0.1775814960629921
11
-0.7473693307086614
21
-0.1775814960629921
0
LINE
8
BLACK
6
CONTINUOUS
10
-0.7473693307086614
20
-0.1775814960629921
11
-0.748379251968504
21
-0.1774034251968504
0
LINE
8
BLACK
6
CONTINUOUS
10
-0.748379251968504
20
-0.1774034251968504
11
-0.7499264960629921
21
-0.1761051181102362
0
LINE
8
BLACK
6
CONTINUOUS
10
-0.7499264960629921
20
-0.1761051181102362
11
-0.7502772440944881
21
-0.1741159842519685
0
LINE
8
BLACK
6
CONTINUOUS
10
-0.7502772440944881
20
-0.1741159842519685
11
-0.7492673228346457
21
-0.172366811023622
0
LINE
8
BLACK
6
CONTINUOUS
10
-0.7492673228346457
20
-0.172366811023622
11
-0.7473693307086614
21
-0.1716759842519685
0
LINE
8
BLACK
6
CONTINUOUS
10
-0.7473693307086614
20
-0.1716759842519685
11
-0.7197270078740158
21
-0.1716759842519685
0
LINE
8
BLACK
6
CONTINUOUS
10
-0.7197270078740158
20
-0.1716759842519685
11
-0.7152186220472441
21
-0.1701731496062992
0
LINE
8
BLACK
6
CONTINUOUS
10
-0.7152186220472441
20
-0.1701731496062992
11
-0.7124548031496063
21
-0.1674093700787402
0
LINE
8
BLACK
6
CONTINUOUS
10
-0.7124548031496063
20
-0.1674093700787402
11
-0.7109520078740157
21
-0.1629010236220473
0
LINE
8
BLACK
6
CONTINUOUS
10
-0.7109520078740157
20
-0.1629010236220473
11
-0.7109520078740157
21
-0.1596306299212598
0
LINE
8
BLACK
6
CONTINUOUS
10
-0.7109520078740157
20
-0.1596306299212598
11
-0.7107739370078739
21
-0.1586207086614173
0
LINE
8
BLACK
6
CONTINUOUS
10
-0.7107739370078739
20
-0.1586207086614173
11
-0.7094756299212598
21
-0.1570734645669291
0
LINE
8
BLACK
6
CONTINUOUS
10
-0.7094756299212598
20
-0.1570734645669291
11
-0.7074864960629921
21
-0.1567227165354331
0
LINE
8
BLACK
6
CONTINUOUS
10
-0.7074864960629921
20
-0.1567227165354331
11
-0.7057373228346456
21
-0.1577326377952756
0
LINE
8
BLACK
6
CONTINUOUS
10
-0.6629133858267716
20
-0.0233820472440945
11
-0.6615214566929134
21
-0.0239586220472441
0
LINE
8
BLACK
6
CONTINUOUS
10
-0.6615214566929134
20
-0.0239586220472441
11
-0.6609448818897637
21
-0.0253505511811024
0
LINE
8
BLACK
6
CONTINUOUS
10
-0.6609448818897637
20
-0.0253505511811024
11
-0.6609448818897637
21
-0.3501537007874015
0
LINE
8
BLACK
6
CONTINUOUS
10
-0.6609448818897637
20
-0.3501537007874015
11
-0.6615214566929134
21
-0.3515456299212598
0
LINE
8
BLACK
6
CONTINUOUS
10
-0.6615214566929134
20
-0.3515456299212598
11
-0.6629133858267716
21
-0.3521222047244094
0
LINE
8
BLACK
6
CONTINUOUS
10
-0.6629133858267716
20
-0.3521222047244094
11
-0.8223622047244095
21
-0.3521222047244094
0
LINE
8
BLACK
6
CONTINUOUS
10
-0.8223622047244095
20
-0.3521222047244094
11
-0.8237541338582677
21
-0.3515456299212598
0
LINE
8
BLACK
6
CONTINUOUS
10
-0.8237541338582677
20
-0.3515456299212598
11
-0.8243307086614173
21
-0.3501537007874015
0
LINE
8
BLACK
6
CONTINUOUS
10
-0.8243307086614173
20
-0.3501537007874015
11
-0.8243307086614173
21
-0.0253505511811024
0
LINE
8
BLACK
6
CONTINUOUS
10
-0.8243307086614173
20
-0.0253505511811024
11
-0.8237541338582677
21
-0.0239586220472441
0
LINE
8
BLACK
6
CONTINUOUS
10
-0.8237541338582677
20
-0.0239586220472441
11
-0.8223622047244095
21
-0.0233820472440945
0
LINE
8
BLACK
6
CONTINUOUS
10
-0.8223622047244095
20
-0.0233820472440945
11
-0.6629133858267716
21
-0.0233820472440945
0
LINE
8
BLACK
6
CONTINUOUS
10
-0.8203937007874016
20
-0.0273190551181102
11
-0.8203937007874016
21
-0.3481851968503937
0
LINE
8
BLACK
6
CONTINUOUS
10
-0.8203937007874016
20
-0.3481851968503937
11
-0.6648818897637795
21
-0.3481851968503937
0
LINE
8
BLACK
6
CONTINUOUS
10
-0.6648818897637795
20
-0.3481851968503937
11
-0.6648818897637795
21
-0.282275
0
LINE
8
BLACK
6
CONTINUOUS
10
-0.6648818897637795
20
-0.282275
11
-0.691888779527559
21
-0.2631783070866142
0
LINE
8
BLACK
6
CONTINUOUS
10
-0.691888779527559
20
-0.2631783070866142
11
-0.6920708267716535
21
-0.2628895669291338
0
LINE
8
BLACK
6
CONTINUOUS
10
-0.6920708267716535
20
-0.2628895669291338
11
-0.6923595275590551
21
-0.2627075590551181
0
LINE
8
BLACK
6
CONTINUOUS
10
-0.6923595275590551
20
-0.2627075590551181
11
-0.6924570472440945
21
-0.2622770866141732
0
LINE
8
BLACK
6
CONTINUOUS
10
-0.6924570472440945
20
-0.2622770866141732
11
-0.6926923622047244
21
-0.2619038976377953
0
LINE
8
BLACK
6
CONTINUOUS
10
-0.6926923622047244
20
-0.2619038976377953
11
-0.6926169685039369
21
-0.2615710236220473
0
LINE
8
BLACK
6
CONTINUOUS
10
-0.6926169685039369
20
-0.2615710236220473
11
-0.6926923622047244
21
-0.2612381496062992
0
LINE
8
BLACK
6
CONTINUOUS
10
-0.6926923622047244
20
-0.2612381496062992
11
-0.6924570472440945
21
-0.2608649212598425
0
LINE
8
BLACK
6
CONTINUOUS
10
-0.6924570472440945
20
-0.2608649212598425
11
-0.6923595275590551
21
-0.2604344881889764
0
LINE
8
BLACK
6
CONTINUOUS
10
-0.6923595275590551
20
-0.2604344881889764
11
-0.6920708267716535
21
-0.2602524409448819
0
LINE
8
BLACK
6
CONTINUOUS
10
-0.6920708267716535
20
-0.2602524409448819
11
-0.691888779527559
21
-0.2599637401574803
0
LINE
8
BLACK
6
CONTINUOUS
10
-0.691888779527559
20
-0.2599637401574803
11
-0.6648818897637795
21
-0.2408670078740157
0
LINE
8
BLACK
6
CONTINUOUS
10
-0.6648818897637795
20
-0.2408670078740157
11
-0.6648818897637795
21
-0.0273190551181102
0
LINE
8
BLACK
6
CONTINUOUS
10
-0.6648818897637795
20
-0.0273190551181102
11
-0.8203937007874016
21
-0.0273190551181102
0
LINE
8
BLACK
6
CONTINUOUS
10
-0.6873426771653544
20
-0.2615710236220473
11
-0.6648818897637795
21
-0.2774531496062992
0
LINE
8
BLACK
6
CONTINUOUS
10
-0.6648818897637795
20
-0.2774531496062992
11
-0.6648818897637795
21
-0.2456888582677165
0
LINE
8
BLACK
6
CONTINUOUS
10
-0.6648818897637795
20
-0.2456888582677165
11
-0.6873426771653544
21
-0.2615710236220473
0
LINE
8
BLACK
6
CONTINUOUS
10
-0.5478134645669291
20
-0.3209655511811024
11
-0.5474385039370079
21
-0.3213405118110236
0
LINE
8
BLACK
6
CONTINUOUS
10
-0.5474385039370079
20
-0.3213405118110236
11
-0.5473889370078741
21
-0.3214601968503937
0
LINE
8
BLACK
6
CONTINUOUS
10
-0.5473889370078741
20
-0.3214601968503937
11
-0.5472909842519685
21
-0.321545157480315
0
LINE
8
BLACK
6
CONTINUOUS
10
-0.5472909842519685
20
-0.321545157480315
11
-0.5469160629921259
21
-0.3222950393700788
0
LINE
8
BLACK
6
CONTINUOUS
10
-0.5469160629921259
20
-0.3222950393700788
11
-0.5469031102362205
21
-0.3224778346456693
0
LINE
8
BLACK
6
CONTINUOUS
10
-0.5469031102362205
20
-0.3224778346456693
11
-0.5468329527559055
21
-0.3226471653543307
0
LINE
8
BLACK
6
CONTINUOUS
10
-0.5468329527559055
20
-0.3226471653543307
11
-0.5468329527559055
21
-0.3248968897637795
0
LINE
8
BLACK
6
CONTINUOUS
10
-0.5468329527559055
20
-0.3248968897637795
11
-0.5469031102362205
21
-0.3250661811023622
0
LINE
8
BLACK
6
CONTINUOUS
10
-0.5469031102362205
20
-0.3250661811023622
11
-0.5469160629921259
21
-0.3252489763779527
0
LINE
8
BLACK
6
CONTINUOUS
10
-0.5469160629921259
20
-0.3252489763779527
11
-0.5472909842519685
21
-0.325998937007874
0
LINE
8
BLACK
6
CONTINUOUS
10
-0.5472909842519685
20
-0.325998937007874
11
-0.5473889370078741
21
-0.3260838582677165
0
LINE
8
BLACK
6
CONTINUOUS
10
-0.5473889370078741
20
-0.3260838582677165
11
-0.5474385039370079
21
-0.3262035826771654
0
LINE
8
BLACK
6
CONTINUOUS
10
-0.5474385039370079
20
-0.3262035826771654
11
-0.5478134645669291
21
-0.3265785433070866
0
LINE
8
BLACK
6
CONTINUOUS
10
-0.5478134645669291
20
-0.3265785433070866
11
-0.547933188976378
21
-0.3266281102362205
0
LINE
8
BLACK
6
CONTINUOUS
10
-0.547933188976378
20
-0.3266281102362205
11
-0.5480181102362205
21
-0.326726062992126
0
LINE
8
BLACK
6
CONTINUOUS
10
-0.5480181102362205
20
-0.326726062992126
11
-0.548768031496063
21
-0.3271009842519685
0
LINE
8
BLACK
6
CONTINUOUS
10
-0.548768031496063
20
-0.3271009842519685
11
-0.5489508661417323
21
-0.327113937007874
0
LINE
8
BLACK
6
CONTINUOUS
10
-0.5489508661417323
20
-0.327113937007874
11
-0.549120157480315
21
-0.327184094488189
0
LINE
8
BLACK
6
CONTINUOUS
10
-0.549120157480315
20
-0.327184094488189
11
-0.5509949212598425
21
-0.327184094488189
0
LINE
8
BLACK
6
CONTINUOUS
10
-0.5509949212598425
20
-0.327184094488189
11
-0.5511642519685039
21
-0.327113937007874
0
LINE
8
BLACK
6
CONTINUOUS
10
-0.5511642519685039
20
-0.327113937007874
11
-0.5513470078740157
21
-0.3271009842519685
0
LINE
8
BLACK
6
CONTINUOUS
10
-0.5513470078740157
20
-0.3271009842519685
11
-0.552096968503937
21
-0.326726062992126
0
LINE
8
BLACK
6
CONTINUOUS
10
-0.552096968503937
20
-0.326726062992126
11
-0.5521819291338582
21
-0.3266280708661417
0
LINE
8
BLACK
6
CONTINUOUS
10
-0.5521819291338582
20
-0.3266280708661417
11
-0.5523016535433071
21
-0.3265785039370079
0
LINE
8
BLACK
6
CONTINUOUS
10
-0.5523016535433071
20
-0.3265785039370079
11
-0.5526765748031496
21
-0.3262035433070866
0
LINE
8
BLACK
6
CONTINUOUS
10
-0.5526765748031496
20
-0.3262035433070866
11
-0.5527261811023622
21
-0.3260838188976378
0
LINE
8
BLACK
6
CONTINUOUS
10
-0.5527261811023622
20
-0.3260838188976378
11
-0.5528240551181102
21
-0.325998937007874
0
LINE
8
BLACK
6
CONTINUOUS
10
-0.5528240551181102
20
-0.325998937007874
11
-0.5531344881889764
21
-0.3253780708661417
0
LINE
8
BLACK
6
CONTINUOUS
10
-0.5531344881889764
20
-0.3253780708661417
11
-0.5549758661417322
21
-0.3269892913385827
0
LINE
8
BLACK
6
CONTINUOUS
10
-0.5549758661417322
20
-0.3269892913385827
11
-0.5552385826771653
21
-0.3270781102362205
0
LINE
8
BLACK
6
CONTINUOUS
10
-0.5552385826771653
20
-0.3270781102362205
11
-0.5554943700787401
21
-0.327184094488189
0
LINE
8
BLACK
6
CONTINUOUS
10
-0.5554943700787401
20
-0.327184094488189
11
-0.5555202362204724
21
-0.3271733464566929
0
LINE
8
BLACK
6
CONTINUOUS
10
-0.5555202362204724
20
-0.3271733464566929
11
-0.5555467716535433
21
-0.3271823622047244
0
LINE
8
BLACK
6
CONTINUOUS
10
-0.5555467716535433
20
-0.3271823622047244
11
-0.5557953937007873
21
-0.3270593700787401
0
LINE
8
BLACK
6
CONTINUOUS
10
-0.5557953937007873
20
-0.3270593700787401
11
-0.5560511417322834
21
-0.3269534645669291
0
LINE
8
BLACK
6
CONTINUOUS
10
-0.5560511417322834
20
-0.3269534645669291
11
-0.5560618503937008
21
-0.3269275984251969
0
LINE
8
BLACK
6
CONTINUOUS
10
-0.5560618503937008
20
-0.3269275984251969
11
-0.556086968503937
21
-0.3269151968503937
0
LINE
8
BLACK
6
CONTINUOUS
10
-0.556086968503937
20
-0.3269151968503937
11
-0.5561758267716536
21
-0.3266524803149606
0
LINE
8
BLACK
6
CONTINUOUS
10
-0.5561758267716536
20
-0.3266524803149606
11
-0.5562817716535433
21
-0.3263966929133858
0
LINE
8
BLACK
6
CONTINUOUS
10
-0.5562817716535433
20
-0.3263966929133858
11
-0.5562817716535433
21
-0.3215223228346457
0
LINE
8
BLACK
6
CONTINUOUS
10
-0.5562817716535433
20
-0.3215223228346457
11
-0.5560511417322834
21
-0.3209655511811024
0
LINE
8
BLACK
6
CONTINUOUS
10
-0.5560511417322834
20
-0.3209655511811024
11
-0.5554943700787401
21
-0.3207349212598425
0
LINE
8
BLACK
6
CONTINUOUS
10
-0.5554943700787401
20
-0.3207349212598425
11
-0.5549375984251969
21
-0.3209655511811024
0
LINE
8
BLACK
6
CONTINUOUS
10
-0.5549375984251969
20
-0.3209655511811024
11
-0.554706968503937
21
-0.3215223228346457
0
LINE
8
BLACK
6
CONTINUOUS
10
-0.554706968503937
20
-0.3215223228346457
11
-0.554706968503937
21
-0.3246614566929134
0
LINE
8
BLACK
6
CONTINUOUS
10
-0.554706968503937
20
-0.3246614566929134
11
-0.5530132283464567
21
-0.3231794881889763
0
LINE
8
BLACK
6
CONTINUOUS
10
-0.5530132283464567
20
-0.3231794881889763
11
-0.5527509842519684
21
-0.3230907874015748
0
LINE
8
BLACK
6
CONTINUOUS
10
-0.5527509842519684
20
-0.3230907874015748
11
-0.5524947244094488
21
-0.3229846456692913
0
LINE
8
BLACK
6
CONTINUOUS
10
-0.5524947244094488
20
-0.3229846456692913
11
-0.5524688582677165
21
-0.3229953543307086
0
LINE
8
BLACK
6
CONTINUOUS
10
-0.5524688582677165
20
-0.3229953543307086
11
-0.5524423622047244
21
-0.3229864173228346
0
LINE
8
BLACK
6
CONTINUOUS
10
-0.5524423622047244
20
-0.3229864173228346
11
-0.5521942519685039
21
-0.323109094488189
0
LINE
8
BLACK
6
CONTINUOUS
10
-0.5521942519685039
20
-0.323109094488189
11
-0.5519379527559055
21
-0.3232152755905512
0
LINE
8
BLACK
6
CONTINUOUS
10
-0.5519379527559055
20
-0.3232152755905512
11
-0.5519272440944881
21
-0.3232411417322835
0
LINE
8
BLACK
6
CONTINUOUS
10
-0.5519272440944881
20
-0.3232411417322835
11
-0.5519021653543307
21
-0.3232535433070866
0
LINE
8
BLACK
6
CONTINUOUS
10
-0.5519021653543307
20
-0.3232535433070866
11
-0.5518135433070867
21
-0.3235156692913386
0
LINE
8
BLACK
6
CONTINUOUS
10
-0.5518135433070867
20
-0.3235156692913386
11
-0.5517073228346456
21
-0.3237720472440945
0
LINE
8
BLACK
6
CONTINUOUS
10
-0.5517073228346456
20
-0.3237720472440945
11
-0.5517073228346456
21
-0.3247109842519685
0
LINE
8
BLACK
6
CONTINUOUS
10
-0.5517073228346456
20
-0.3247109842519685
11
-0.5514726377952756
21
-0.3251803937007874
0
LINE
8
BLACK
6
CONTINUOUS
10
-0.5514726377952756
20
-0.3251803937007874
11
-0.5512784251968503
21
-0.3253746062992126
0
LINE
8
BLACK
6
CONTINUOUS
10
-0.5512784251968503
20
-0.3253746062992126
11
-0.5508090157480315
21
-0.3256092913385827
0
LINE
8
BLACK
6
CONTINUOUS
10
-0.5508090157480315
20
-0.3256092913385827
11
-0.5493060236220473
21
-0.3256092913385827
0
LINE
8
BLACK
6
CONTINUOUS
10
-0.5493060236220473
20
-0.3256092913385827
11
-0.5488366535433071
21
-0.3253746062992126
0
LINE
8
BLACK
6
CONTINUOUS
10
-0.5488366535433071
20
-0.3253746062992126
11
-0.5486424803149607
21
-0.3251804330708661
0
LINE
8
BLACK
6
CONTINUOUS
10
-0.5486424803149607
20
-0.3251804330708661
11
-0.5484077559055118
21
-0.3247109842519685
0
LINE
8
BLACK
6
CONTINUOUS
10
-0.5484077559055118
20
-0.3247109842519685
11
-0.5484077559055118
21
-0.322833031496063
0
LINE
8
BLACK
6
CONTINUOUS
10
-0.5484077559055118
20
-0.322833031496063
11
-0.5486424803149607
21
-0.3223636220472441
0
LINE
8
BLACK
6
CONTINUOUS
10
-0.5486424803149607
20
-0.3223636220472441
11
-0.5489270078740157
21
-0.3220790944881889
0
LINE
8
BLACK
6
CONTINUOUS
10
-0.5489270078740157
20
-0.3220790944881889
11
-0.5491576377952756
21
-0.3215223228346457
0
LINE
8
BLACK
6
CONTINUOUS
10
-0.5491576377952756
20
-0.3215223228346457
11
-0.5489270078740157
21
-0.3209655511811024
0
LINE
8
BLACK
6
CONTINUOUS
10
-0.5489270078740157
20
-0.3209655511811024
11
-0.5483702362204724
21
-0.3207349212598425
0
LINE
8
BLACK
6
CONTINUOUS
10
-0.5483702362204724
20
-0.3207349212598425
11
-0.5478134645669291
21
-0.3209655511811024
0
LINE
8
BLACK
6
CONTINUOUS
10
-0.5470635826771654
20
-0.3138414566929134
11
-0.5468329527559055
21
-0.3143982283464567
0
LINE
8
BLACK
6
CONTINUOUS
10
-0.5468329527559055
20
-0.3143982283464567
11
-0.5468329527559055
21
-0.3162729921259843
0
LINE
8
BLACK
6
CONTINUOUS
10
-0.5468329527559055
20
-0.3162729921259843
11
-0.5468825590551181
21
-0.3163926771653543
0
LINE
8
BLACK
6
CONTINUOUS
10
-0.5468825590551181
20
-0.3163926771653543
11
-0.5468733464566929
21
-0.316521968503937
0
LINE
8
BLACK
6
CONTINUOUS
10
-0.5468733464566929
20
-0.316521968503937
11
-0.5472482677165355
21
-0.317646811023622
0
LINE
8
BLACK
6
CONTINUOUS
10
-0.5472482677165355
20
-0.317646811023622
11
-0.5473683858267716
21
-0.3177852755905512
0
LINE
8
BLACK
6
CONTINUOUS
10
-0.5473683858267716
20
-0.3177852755905512
11
-0.5474385039370079
21
-0.3179546062992126
0
LINE
8
BLACK
6
CONTINUOUS
10
-0.5474385039370079
20
-0.3179546062992126
11
-0.5481884251968504
21
-0.3187045275590551
0
LINE
8
BLACK
6
CONTINUOUS
10
-0.5481884251968504
20
-0.3187045275590551
11
-0.5483081496062993
21
-0.318754094488189
0
LINE
8
BLACK
6
CONTINUOUS
10
-0.5483081496062993
20
-0.318754094488189
11
-0.5483930708661418
21
-0.3188520472440945
0
LINE
8
BLACK
6
CONTINUOUS
10
-0.5483930708661418
20
-0.3188520472440945
11
-0.5491429921259843
21
-0.319226968503937
0
LINE
8
BLACK
6
CONTINUOUS
10
-0.5491429921259843
20
-0.319226968503937
11
-0.5492322834645669
21
-0.3192333070866142
0
LINE
8
BLACK
6
CONTINUOUS
10
-0.5492322834645669
20
-0.3192333070866142
11
-0.5493041732283465
21
-0.3192865748031496
0
LINE
8
BLACK
6
CONTINUOUS
10
-0.5493041732283465
20
-0.3192865748031496
11
-0.550803937007874
21
-0.3196615354330709
0
LINE
8
BLACK
6
CONTINUOUS
10
-0.550803937007874
20
-0.3196615354330709
11
-0.5509027165354331
21
-0.319646811023622
0
LINE
8
BLACK
6
CONTINUOUS
10
-0.5509027165354331
20
-0.319646811023622
11
-0.5509949212598425
21
-0.3196850393700787
0
LINE
8
BLACK
6
CONTINUOUS
10
-0.5509949212598425
20
-0.3196850393700787
11
-0.5521197637795275
21
-0.3196850393700787
0
LINE
8
BLACK
6
CONTINUOUS
10
-0.5521197637795275
20
-0.3196850393700787
11
-0.5522120078740157
21
-0.319646811023622
0
LINE
8
BLACK
6
CONTINUOUS
10
-0.5522120078740157
20
-0.319646811023622
11
-0.552310748031496
21
-0.3196615354330709
0
LINE
8
BLACK
6
CONTINUOUS
10
-0.552310748031496
20
-0.3196615354330709
11
-0.5538105905511811
21
-0.3192865748031496
0
LINE
8
BLACK
6
CONTINUOUS
10
-0.5538105905511811
20
-0.3192865748031496
11
-0.5538825196850393
21
-0.3192332677165354
0
LINE
8
BLACK
6
CONTINUOUS
10
-0.5538825196850393
20
-0.3192332677165354
11
-0.5539717322834645
21
-0.319226968503937
0
LINE
8
BLACK
6
CONTINUOUS
10
-0.5539717322834645
20
-0.319226968503937
11
-0.5547216141732283
21
-0.3188520472440945
0
LINE
8
BLACK
6
CONTINUOUS
10
-0.5547216141732283
20
-0.3188520472440945
11
-0.5548065748031495
21
-0.318754094488189
0
LINE
8
BLACK
6
CONTINUOUS
10
-0.5548065748031495
20
-0.318754094488189
11
-0.5549262598425196
21
-0.3187045275590551
0
LINE
8
BLACK
6
CONTINUOUS
10
-0.5549262598425196
20
-0.3187045275590551
11
-0.5556761811023622
21
-0.3179546062992126
0
LINE
8
BLACK
6
CONTINUOUS
10
-0.5556761811023622
20
-0.3179546062992126
11
-0.5557463385826772
21
-0.3177852755905512
0
LINE
8
BLACK
6
CONTINUOUS
10
-0.5557463385826772
20
-0.3177852755905512
11
-0.5558663779527558
21
-0.3176468503937008
0
LINE
8
BLACK
6
CONTINUOUS
10
-0.5558663779527558
20
-0.3176468503937008
11
-0.5562413779527559
21
-0.3165220078740157
0
LINE
8
BLACK
6
CONTINUOUS
10
-0.5562413779527559
20
-0.3165220078740157
11
-0.5562322047244095
21
-0.3163926771653543
0
LINE
8
BLACK
6
CONTINUOUS
10
-0.5562322047244095
20
-0.3163926771653543
11
-0.5562817716535433
21
-0.3162729921259843
0
LINE
8
BLACK
6
CONTINUOUS
10
-0.5562817716535433
20
-0.3162729921259843
11
-0.5562817716535433
21
-0.3143982283464567
0
LINE
8
BLACK
6
CONTINUOUS
10
-0.5562817716535433
20
-0.3143982283464567
11
-0.5560511417322834
21
-0.3138414566929134
0
LINE
8
BLACK
6
CONTINUOUS
10
-0.5560511417322834
20
-0.3138414566929134
11
-0.5554943700787401
21
-0.3136108267716535
0
LINE
8
BLACK
6
CONTINUOUS
10
-0.5554943700787401
20
-0.3136108267716535
11
-0.5476203543307087
21
-0.3136108267716535
0
LINE
8
BLACK
6
CONTINUOUS
10
-0.5476203543307087
20
-0.3136108267716535
11
-0.5470635826771654
21
-0.3138414566929134
0
LINE
8
BLACK
6
CONTINUOUS
10
-0.554706968503937
20
-0.316145157480315
11
-0.5544311811023622
21
-0.3169725196850394
0
LINE
8
BLACK
6
CONTINUOUS
10
-0.5544311811023622
20
-0.3169725196850394
11
-0.5539031496062992
21
-0.3175005511811024
0
LINE
8
BLACK
6
CONTINUOUS
10
-0.5539031496062992
20
-0.3175005511811024
11
-0.5533448031496063
21
-0.3177797244094488
0
LINE
8
BLACK
6
CONTINUOUS
10
-0.5533448031496063
20
-0.3177797244094488
11
-0.5520228346456693
21
-0.3181102362204724
0
LINE
8
BLACK
6
CONTINUOUS
10
-0.5520228346456693
20
-0.3181102362204724
11
-0.5510918897637795
21
-0.3181102362204724
0
LINE
8
BLACK
6
CONTINUOUS
10
-0.5510918897637795
20
-0.3181102362204724
11
-0.5497699606299212
21
-0.3177797244094488
0
LINE
8
BLACK
6
CONTINUOUS
10
-0.5497699606299212
20
-0.3177797244094488
11
-0.5492116141732283
21
-0.3175005905511811
0
LINE
8
BLACK
6
CONTINUOUS
10
-0.5492116141732283
20
-0.3175005905511811
11
-0.5486835433070866
21
-0.3169725196850394
0
LINE
8
BLACK
6
CONTINUOUS
10
-0.5486835433070866
20
-0.3169725196850394
11
-0.5484077559055118
21
-0.3161451968503937
0
LINE
8
BLACK
6
CONTINUOUS
10
-0.5484077559055118
20
-0.3161451968503937
11
-0.5484077559055118
21
-0.3151856299212598
0
LINE
8
BLACK
6
CONTINUOUS
10
-0.5484077559055118
20
-0.3151856299212598
11
-0.554706968503937
21
-0.3151856299212598
0
LINE
8
BLACK
6
CONTINUOUS
10
-0.554706968503937
20
-0.3151856299212598
11
-0.554706968503937
21
-0.316145157480315
0
LINE
8
BLACK
6
CONTINUOUS
10
-0.5470635826771654
20
-0.3100919291338582
11
-0.5468329527559055
21
-0.3106487007874016
0
LINE
8
BLACK
6
CONTINUOUS
10
-0.5468329527559055
20
-0.3106487007874016
11
-0.5470635826771654
21
-0.3112054724409449
0
LINE
8
BLACK
6
CONTINUOUS
10
-0.5470635826771654
20
-0.3112054724409449
11
-0.5476203543307087
21
-0.3114361023622047
0
LINE
8
BLACK
6
CONTINUOUS
10
-0.5476203543307087
20
-0.3114361023622047
11
-0.5554943700787401
21
-0.3114361023622047
0
LINE
8
BLACK
6
CONTINUOUS
10
-0.5554943700787401
20
-0.3114361023622047
11
-0.5560511417322834
21
-0.3112054724409449
0
LINE
8
BLACK
6
CONTINUOUS
10
-0.5560511417322834
20
-0.3112054724409449
11
-0.5562817716535433
21
-0.3106487007874016
0
LINE
8
BLACK
6
CONTINUOUS
10
-0.5562817716535433
20
-0.3106487007874016
11
-0.5560511417322834
21
-0.3100919291338582
0
LINE
8
BLACK
6
CONTINUOUS
10
-0.5560511417322834
20
-0.3100919291338582
11
-0.5554943700787401
21
-0.3098612992125984
0
LINE
8
BLACK
6
CONTINUOUS
10
-0.5554943700787401
20
-0.3098612992125984
11
-0.5476203543307087
21
-0.3098612992125984
0
LINE
8
BLACK
6
CONTINUOUS
10
-0.5476203543307087
20
-0.3098612992125984
11
-0.5470635826771654
21
-0.3100919291338582
0
LINE
8
BLACK
6
CONTINUOUS
10
-0.5470635826771654
20
-0.3033427559055118
11
-0.5468329527559055
21
-0.3038995275590551
0
LINE
8
BLACK
6
CONTINUOUS
10
-0.5468329527559055
20
-0.3038995275590551
11
-0.5470635826771654
21
-0.3044562992125984
0
LINE
8
BLACK
6
CONTINUOUS
10
-0.5470635826771654
20
-0.3044562992125984
11
-0.5476203543307087
21
-0.3046869291338583
0
LINE
8
BLACK
6
CONTINUOUS
10
-0.5476203543307087
20
-0.3046869291338583
11
-0.5509574409448819
21
-0.3046869291338583
0
LINE
8
BLACK
6
CONTINUOUS
10
-0.5509574409448819
20
-0.3046869291338583
11
-0.5509574409448819
21
-0.3065241732283465
0
LINE
8
BLACK
6
CONTINUOUS
10
-0.5509574409448819
20
-0.3065241732283465
11
-0.5511880708661417
21
-0.3070809448818898
0
LINE
8
BLACK
6
CONTINUOUS
10
-0.5511880708661417
20
-0.3070809448818898
11
-0.551744842519685
21
-0.3073115748031496
0
LINE
8
BLACK
6
CONTINUOUS
10
-0.551744842519685
20
-0.3073115748031496
11
-0.5523016141732283
21
-0.3070809448818898
0
LINE
8
BLACK
6
CONTINUOUS
10
-0.5523016141732283
20
-0.3070809448818898
11
-0.5525322440944882
21
-0.3065241732283465
0
LINE
8
BLACK
6
CONTINUOUS
10
-0.5525322440944882
20
-0.3065241732283465
11
-0.5525322440944882
21
-0.3046869291338583
0
LINE
8
BLACK
6
CONTINUOUS
10
-0.5525322440944882
20
-0.3046869291338583
11
-0.554706968503937
21
-0.3046869291338583
0
LINE
8
BLACK
6
CONTINUOUS
10
-0.554706968503937
20
-0.3046869291338583
11
-0.554706968503937
21
-0.3076490551181102
0
LINE
8
BLACK
6
CONTINUOUS
10
-0.554706968503937
20
-0.3076490551181102
11
-0.5549375984251969
21
-0.3082058267716535
0
LINE
8
BLACK
6
CONTINUOUS
10
-0.5549375984251969
20
-0.3082058267716535
11
-0.5554943700787401
21
-0.3084364566929134
0
LINE
8
BLACK
6
CONTINUOUS
10
-0.5554943700787401
20
-0.3084364566929134
11
-0.5560511417322834
21
-0.3082058267716535
0
LINE
8
BLACK
6
CONTINUOUS
10
-0.5560511417322834
20
-0.3082058267716535
11
-0.5562817716535433
21
-0.3076490551181102
0
LINE
8
BLACK
6
CONTINUOUS
10
-0.5562817716535433
20
-0.3076490551181102
11
-0.5562817716535433
21
-0.3038995275590551
0
LINE
8
BLACK
6
CONTINUOUS
10
-0.5562817716535433
20
-0.3038995275590551
11
-0.5560511417322834
21
-0.3033427559055118
0
LINE
8
BLACK
6
CONTINUOUS
10
-0.5560511417322834
20
-0.3033427559055118
11
-0.5554943700787401
21
-0.303112125984252
0
LINE
8
BLACK
6
CONTINUOUS
10
-0.5554943700787401
20
-0.303112125984252
11
-0.5476203543307087
21
-0.303112125984252
0
LINE
8
BLACK
6
CONTINUOUS
10
-0.5476203543307087
20
-0.303112125984252
11
-0.5470635826771654
21
-0.3033427559055118
0
LINE
8
BLACK
6
CONTINUOUS
10
-0.5441725590551181
20
-0.284254251968504
11
-0.5375154724409449
21
-0.2865836614173228
0
LINE
8
BLACK
6
CONTINUOUS
10
-0.5375154724409449
20
-0.2865836614173228
11
-0.531543622047244
21
-0.2903360236220472
0
LINE
8
BLACK
6
CONTINUOUS
10
-0.531543622047244
20
-0.2903360236220472
11
-0.5265564960629922
21
-0.2953231496062992
0
LINE
8
BLACK
6
CONTINUOUS
10
-0.5265564960629922
20
-0.2953231496062992
11
-0.5228041338582677
21
-0.301295
0
LINE
8
BLACK
6
CONTINUOUS
10
-0.5228041338582677
20
-0.301295
11
-0.5204747244094488
21
-0.3079520866141732
0
LINE
8
BLACK
6
CONTINUOUS
10
-0.5204747244094488
20
-0.3079520866141732
11
-0.5196850393700787
21
-0.3149606299212598
0
LINE
8
BLACK
6
CONTINUOUS
10
-0.5196850393700787
20
-0.3149606299212598
11
-0.5204747244094488
21
-0.3219691732283465
0
LINE
8
BLACK
6
CONTINUOUS
10
-0.5204747244094488
20
-0.3219691732283465
11
-0.5228041338582677
21
-0.3286262598425197
0
LINE
8
BLACK
6
CONTINUOUS
10
-0.5228041338582677
20
-0.3286262598425197
11
-0.5265564960629922
21
-0.3345981102362205
0
LINE
8
BLACK
6
CONTINUOUS
10
-0.5265564960629922
20
-0.3345981102362205
11
-0.531543622047244
21
-0.3395852362204724
0
LINE
8
BLACK
6
CONTINUOUS
10
-0.531543622047244
20
-0.3395852362204724
11
-0.5375154724409449
21
-0.3433375984251968
0
LINE
8
BLACK
6
CONTINUOUS
10
-0.5375154724409449
20
-0.3433375984251968
11
-0.5441725590551181
21
-0.3456670078740157
0
LINE
8
BLACK
6
CONTINUOUS
10
-0.5441725590551181
20
-0.3456670078740157
11
-0.5511811023622047
21
-0.3464566929133858
0
LINE
8
BLACK
6
CONTINUOUS
10
-0.5511811023622047
20
-0.3464566929133858
11
-0.5581896456692913
21
-0.3456670078740157
0
LINE
8
BLACK
6
CONTINUOUS
10
-0.5581896456692913
20
-0.3456670078740157
11
-0.5648467322834646
21
-0.3433375984251968
0
LINE
8
BLACK
6
CONTINUOUS
10
-0.5648467322834646
20
-0.3433375984251968
11
-0.5708185826771653
21
-0.3395852362204724
0
LINE
8
BLACK
6
CONTINUOUS
10
-0.5708185826771653
20
-0.3395852362204724
11
-0.5758057086614173
21
-0.3345981102362205
0
LINE
8
BLACK
6
CONTINUOUS
10
-0.5758057086614173
20
-0.3345981102362205
11
-0.5795580708661418
21
-0.3286262598425197
0
LINE
8
BLACK
6
CONTINUOUS
10
-0.5795580708661418
20
-0.3286262598425197
11
-0.5818874803149606
21
-0.3219691732283465
0
LINE
8
BLACK
6
CONTINUOUS
10
-0.5818874803149606
20
-0.3219691732283465
11
-0.5826771653543307
21
-0.3149606299212598
0
LINE
8
BLACK
6
CONTINUOUS
10
-0.5826771653543307
20
-0.3149606299212598
11
-0.5818874803149606
21
-0.3079520866141732
0
LINE
8
BLACK
6
CONTINUOUS
10
-0.5818874803149606
20
-0.3079520866141732
11
-0.5795580708661418
21
-0.301295
0
LINE
8
BLACK
6
CONTINUOUS
10
-0.5795580708661418
20
-0.301295
11
-0.5758057086614173
21
-0.2953231496062992
0
LINE
8
BLACK
6
CONTINUOUS
10
-0.5758057086614173
20
-0.2953231496062992
11
-0.5708185826771653
21
-0.2903360236220472
0
LINE
8
BLACK
6
CONTINUOUS
10
-0.5708185826771653
20
-0.2903360236220472
11
-0.5648467322834646
21
-0.2865836614173228
0
LINE
8
BLACK
6
CONTINUOUS
10
-0.5648467322834646
20
-0.2865836614173228
11
-0.5581896456692913
21
-0.284254251968504
0
LINE
8
BLACK
6
CONTINUOUS
10
-0.5581896456692913
20
-0.284254251968504
11
-0.5511811023622047
21
-0.2834645669291339
0
LINE
8
BLACK
6
CONTINUOUS
10
-0.5511811023622047
20
-0.2834645669291339
11
-0.5441725590551181
21
-0.284254251968504
0
LINE
8
BLACK
6
CONTINUOUS
10
-0.5781358661417323
20
-0.3216043700787402
11
-0.5757626377952756
21
-0.3278620078740158
0
LINE
8
BLACK
6
CONTINUOUS
10
-0.5757626377952756
20
-0.3278620078740158
11
-0.5719608661417322
21
-0.3333698818897638
0
LINE
8
BLACK
6
CONTINUOUS
10
-0.5719608661417322
20
-0.3333698818897638
11
-0.5669514173228346
21
-0.337807874015748
0
LINE
8
BLACK
6
CONTINUOUS
10
-0.5669514173228346
20
-0.337807874015748
11
-0.5610254330708662
21
-0.340918031496063
0
LINE
8
BLACK
6
CONTINUOUS
10
-0.5610254330708662
20
-0.340918031496063
11
-0.5545273622047244
21
-0.3425196850393701
0
LINE
8
BLACK
6
CONTINUOUS
10
-0.5545273622047244
20
-0.3425196850393701
11
-0.5478348425196851
21
-0.3425196850393701
0
LINE
8
BLACK
6
CONTINUOUS
10
-0.5478348425196851
20
-0.3425196850393701
11
-0.5413367716535433
21
-0.340918031496063
0
LINE
8
BLACK
6
CONTINUOUS
10
-0.5413367716535433
20
-0.340918031496063
11
-0.5354107874015748
21
-0.337807874015748
0
LINE
8
BLACK
6
CONTINUOUS
10
-0.5354107874015748
20
-0.337807874015748
11
-0.5304013385826771
21
-0.3333698818897638
0
LINE
8
BLACK
6
CONTINUOUS
10
-0.5304013385826771
20
-0.3333698818897638
11
-0.5265995669291339
21
-0.3278620078740158
0
LINE
8
BLACK
6
CONTINUOUS
10
-0.5265995669291339
20
-0.3278620078740158
11
-0.5242263385826772
21
-0.3216043700787402
0
LINE
8
BLACK
6
CONTINUOUS
10
-0.5242263385826772
20
-0.3216043700787402
11
-0.5234196456692913
21
-0.3149606299212598
0
LINE
8
BLACK
6
CONTINUOUS
10
-0.5234196456692913
20
-0.3149606299212598
11
-0.5242263385826772
21
-0.3083168897637795
0
LINE
8
BLACK
6
CONTINUOUS
10
-0.5242263385826772
20
-0.3083168897637795
11
-0.5265995669291339
21
-0.3020592519685039
0
LINE
8
BLACK
6
CONTINUOUS
10
-0.5265995669291339
20
-0.3020592519685039
11
-0.5304013385826771
21
-0.2965513779527559
0
LINE
8
BLACK
6
CONTINUOUS
10
-0.5304013385826771
20
-0.2965513779527559
11
-0.5354107874015748
21
-0.2921133858267717
0
LINE
8
BLACK
6
CONTINUOUS
10
-0.5354107874015748
20
-0.2921133858267717
11
-0.5413367716535433
21
-0.2890032283464567
0
LINE
8
BLACK
6
CONTINUOUS
10
-0.5413367716535433
20
-0.2890032283464567
11
-0.5478348425196851
21
-0.2874015748031496
0
LINE
8
BLACK
6
CONTINUOUS
10
-0.5478348425196851
20
-0.2874015748031496
11
-0.5545273622047244
21
-0.2874015748031496
0
LINE
8
BLACK
6
CONTINUOUS
10
-0.5545273622047244
20
-0.2874015748031496
11
-0.5610254330708662
21
-0.2890032283464567
0
LINE
8
BLACK
6
CONTINUOUS
10
-0.5610254330708662
20
-0.2890032283464567
11
-0.5669514173228346
21
-0.2921133858267717
0
LINE
8
BLACK
6
CONTINUOUS
10
-0.5669514173228346
20
-0.2921133858267717
11
-0.5719608661417322
21
-0.2965513779527559
0
LINE
8
BLACK
6
CONTINUOUS
10
-0.5719608661417322
20
-0.2965513779527559
11
-0.5757626377952756
21
-0.3020592519685039
0
LINE
8
BLACK
6
CONTINUOUS
10
-0.5757626377952756
20
-0.3020592519685039
11
-0.5781358661417323
21
-0.3083168897637795
0
LINE
8
BLACK
6
CONTINUOUS
10
-0.5781358661417323
20
-0.3083168897637795
11
-0.578942559055118
21
-0.3149606299212598
0
LINE
8
BLACK
6
CONTINUOUS
10
-0.578942559055118
20
-0.3149606299212598
11
-0.5781358661417323
21
-0.3216043700787402
0
LINE
8
BLACK
6
CONTINUOUS
10
-0.4010242125984252
20
-0.2456397244094488
11
-0.399476968503937
21
-0.246938031496063
0
LINE
8
BLACK
6
CONTINUOUS
10
-0.399476968503937
20
-0.246938031496063
11
-0.399126220472441
21
-0.2489271653543307
0
LINE
8
BLACK
6
CONTINUOUS
10
-0.399126220472441
20
-0.2489271653543307
11
-0.4001361417322835
21
-0.2506763385826772
0
LINE
8
BLACK
6
CONTINUOUS
10
-0.4001361417322835
20
-0.2506763385826772
11
-0.4020341338582677
21
-0.2513671653543307
0
LINE
8
BLACK
6
CONTINUOUS
10
-0.4020341338582677
20
-0.2513671653543307
11
-0.4264793307086614
21
-0.2513671653543307
0
LINE
8
BLACK
6
CONTINUOUS
10
-0.4264793307086614
20
-0.2513671653543307
11
-0.4140976771653543
21
-0.2655175984251968
0
LINE
8
BLACK
6
CONTINUOUS
10
-0.4140976771653543
20
-0.2655175984251968
11
-0.4138677952755905
21
-0.2658974409448819
0
LINE
8
BLACK
6
CONTINUOUS
10
-0.4138677952755905
20
-0.2658974409448819
11
-0.4137626771653543
21
-0.2659856299212598
0
LINE
8
BLACK
6
CONTINUOUS
10
-0.4137626771653543
20
-0.2659856299212598
11
-0.4137414566929134
21
-0.2661061811023622
0
LINE
8
BLACK
6
CONTINUOUS
10
-0.4137414566929134
20
-0.2661061811023622
11
-0.4135666535433071
21
-0.2663949212598425
0
LINE
8
BLACK
6
CONTINUOUS
10
-0.4135666535433071
20
-0.2663949212598425
11
-0.4135501968503937
21
-0.2671907480314961
0
LINE
8
BLACK
6
CONTINUOUS
10
-0.4135501968503937
20
-0.2671907480314961
11
-0.4134119291338583
21
-0.2679747637795276
0
LINE
8
BLACK
6
CONTINUOUS
10
-0.4134119291338583
20
-0.2679747637795276
11
-0.4135297244094488
21
-0.2681787401574803
0
LINE
8
BLACK
6
CONTINUOUS
10
-0.4135297244094488
20
-0.2681787401574803
11
-0.413524842519685
21
-0.2684142913385827
0
LINE
8
BLACK
6
CONTINUOUS
10
-0.413524842519685
20
-0.2684142913385827
11
-0.4140238976377953
21
-0.2690346456692913
0
LINE
8
BLACK
6
CONTINUOUS
10
-0.4140238976377953
20
-0.2690346456692913
11
-0.4144218503937008
21
-0.269723937007874
0
LINE
8
BLACK
6
CONTINUOUS
10
-0.4144218503937008
20
-0.269723937007874
11
-0.4146431889763779
21
-0.2698044488188976
0
LINE
8
BLACK
6
CONTINUOUS
10
-0.4146431889763779
20
-0.2698044488188976
11
-0.4147908661417323
21
-0.2699881102362205
0
LINE
8
BLACK
6
CONTINUOUS
10
-0.4147908661417323
20
-0.2699881102362205
11
-0.415571968503937
21
-0.2701425196850394
0
LINE
8
BLACK
6
CONTINUOUS
10
-0.415571968503937
20
-0.2701425196850394
11
-0.416319842519685
21
-0.2704147637795276
0
LINE
8
BLACK
6
CONTINUOUS
10
-0.416319842519685
20
-0.2704147637795276
11
-0.4227656692913386
21
-0.2704147637795276
0
LINE
8
BLACK
6
CONTINUOUS
10
-0.4227656692913386
20
-0.2704147637795276
11
-0.4264755118110236
21
-0.2722696456692913
0
LINE
8
BLACK
6
CONTINUOUS
10
-0.4264755118110236
20
-0.2722696456692913
11
-0.4281788582677165
21
-0.2739729921259842
0
LINE
8
BLACK
6
CONTINUOUS
10
-0.4281788582677165
20
-0.2739729921259842
11
-0.4300337795275591
21
-0.277682874015748
0
LINE
8
BLACK
6
CONTINUOUS
10
-0.4300337795275591
20
-0.277682874015748
11
-0.4300337795275591
21
-0.2881935039370079
0
LINE
8
BLACK
6
CONTINUOUS
10
-0.4300337795275591
20
-0.2881935039370079
11
-0.4281788582677165
21
-0.2919033858267717
0
LINE
8
BLACK
6
CONTINUOUS
10
-0.4281788582677165
20
-0.2919033858267717
11
-0.4264755118110236
21
-0.2936067322834646
0
LINE
8
BLACK
6
CONTINUOUS
10
-0.4264755118110236
20
-0.2936067322834646
11
-0.4227656692913386
21
-0.2954616535433071
0
LINE
8
BLACK
6
CONTINUOUS
10
-0.4227656692913386
20
-0.2954616535433071
11
-0.4098740551181102
21
-0.2954616535433071
0
LINE
8
BLACK
6
CONTINUOUS
10
-0.4098740551181102
20
-0.2954616535433071
11
-0.4061642125984252
21
-0.2936067322834646
0
LINE
8
BLACK
6
CONTINUOUS
10
-0.4061642125984252
20
-0.2936067322834646
11
-0.4041220472440945
21
-0.2915645669291339
0
LINE
8
BLACK
6
CONTINUOUS
10
-0.4041220472440945
20
-0.2915645669291339
11
-0.4032820078740157
21
-0.2909763779527559
0
LINE
8
BLACK
6
CONTINUOUS
10
-0.4032820078740157
20
-0.2909763779527559
11
-0.4012699212598425
21
-0.2908003149606299
0
LINE
8
BLACK
6
CONTINUOUS
10
-0.4012699212598425
20
-0.2908003149606299
11
-0.3996153543307087
21
-0.2919588188976378
0
LINE
8
BLACK
6
CONTINUOUS
10
-0.3996153543307087
20
-0.2919588188976378
11
-0.3990925984251968
21
-0.2939098031496063
0
LINE
8
BLACK
6
CONTINUOUS
10
-0.3990925984251968
20
-0.2939098031496063
11
-0.3999461811023622
21
-0.2957403543307087
0
LINE
8
BLACK
6
CONTINUOUS
10
-0.3999461811023622
20
-0.2957403543307087
11
-0.4023271653543307
21
-0.2981213779527559
0
LINE
8
BLACK
6
CONTINUOUS
10
-0.4023271653543307
20
-0.2981213779527559
11
-0.4030504330708661
21
-0.2986277952755905
0
LINE
8
BLACK
6
CONTINUOUS
10
-0.4030504330708661
20
-0.2986277952755905
11
-0.4030946062992126
21
-0.2986744881889764
0
LINE
8
BLACK
6
CONTINUOUS
10
-0.4030946062992126
20
-0.2986744881889764
11
-0.4078564960629921
21
-0.3010554330708661
0
LINE
8
BLACK
6
CONTINUOUS
10
-0.4078564960629921
20
-0.3010554330708661
11
-0.4088394488188976
21
-0.3013477952755905
0
LINE
8
BLACK
6
CONTINUOUS
10
-0.4088394488188976
20
-0.3013477952755905
11
-0.4090111417322835
21
-0.3013067716535433
0
LINE
8
BLACK
6
CONTINUOUS
10
-0.4090111417322835
20
-0.3013067716535433
11
-0.4091770078740157
21
-0.3013671653543307
0
LINE
8
BLACK
6
CONTINUOUS
10
-0.4091770078740157
20
-0.3013671653543307
11
-0.423462716535433
21
-0.3013671653543307
0
LINE
8
BLACK
6
CONTINUOUS
10
-0.423462716535433
20
-0.3013671653543307
11
-0.4244726377952756
21
-0.301189094488189
0
LINE
8
BLACK
6
CONTINUOUS
10
-0.4244726377952756
20
-0.301189094488189
11
-0.4246079133858268
21
-0.3010755905511811
0
LINE
8
BLACK
6
CONTINUOUS
10
-0.4246079133858268
20
-0.3010755905511811
11
-0.4247832283464567
21
-0.3010554330708661
0
LINE
8
BLACK
6
CONTINUOUS
10
-0.4247832283464567
20
-0.3010554330708661
11
-0.4295451181102362
21
-0.2986744881889764
0
LINE
8
BLACK
6
CONTINUOUS
10
-0.4295451181102362
20
-0.2986744881889764
11
-0.4302542125984252
21
-0.2981485826771654
0
LINE
8
BLACK
6
CONTINUOUS
10
-0.4302542125984252
20
-0.2981485826771654
11
-0.4303125196850394
21
-0.2981213779527559
0
LINE
8
BLACK
6
CONTINUOUS
10
-0.4303125196850394
20
-0.2981213779527559
11
-0.4326934645669291
21
-0.2957403937007874
0
LINE
8
BLACK
6
CONTINUOUS
10
-0.4326934645669291
20
-0.2957403937007874
11
-0.4331997244094488
21
-0.2950174015748032
0
LINE
8
BLACK
6
CONTINUOUS
10
-0.4331997244094488
20
-0.2950174015748032
11
-0.4332465748031496
21
-0.294973031496063
0
LINE
8
BLACK
6
CONTINUOUS
10
-0.4332465748031496
20
-0.294973031496063
11
-0.4356275590551181
21
-0.2902111023622047
0
LINE
8
BLACK
6
CONTINUOUS
10
-0.4356275590551181
20
-0.2902111023622047
11
-0.4359199212598425
21
-0.2892281889763779
0
LINE
8
BLACK
6
CONTINUOUS
10
-0.4359199212598425
20
-0.2892281889763779
11
-0.435878937007874
21
-0.2890564566929134
0
LINE
8
BLACK
6
CONTINUOUS
10
-0.435878937007874
20
-0.2890564566929134
11
-0.4359392913385827
21
-0.2888905905511811
0
LINE
8
BLACK
6
CONTINUOUS
10
-0.4359392913385827
20
-0.2888905905511811
11
-0.4359392913385827
21
-0.2769858267716535
0
LINE
8
BLACK
6
CONTINUOUS
10
-0.4359392913385827
20
-0.2769858267716535
11
-0.4357612204724409
21
-0.275975905511811
0
LINE
8
BLACK
6
CONTINUOUS
10
-0.4357612204724409
20
-0.275975905511811
11
-0.4356477559055118
21
-0.2758406299212599
0
LINE
8
BLACK
6
CONTINUOUS
10
-0.4356477559055118
20
-0.2758406299212599
11
-0.4356275590551181
21
-0.2756653149606299
0
LINE
8
BLACK
6
CONTINUOUS
10
-0.4356275590551181
20
-0.2756653149606299
11
-0.4332465748031496
21
-0.2709033858267716
0
LINE
8
BLACK
6
CONTINUOUS
10
-0.4332465748031496
20
-0.2709033858267716
11
-0.4327207086614173
21
-0.2701943700787401
0
LINE
8
BLACK
6
CONTINUOUS
10
-0.4327207086614173
20
-0.2701943700787401
11
-0.4326934645669291
21
-0.2701360236220472
0
LINE
8
BLACK
6
CONTINUOUS
10
-0.4326934645669291
20
-0.2701360236220472
11
-0.4303125196850394
21
-0.2677550393700787
0
LINE
8
BLACK
6
CONTINUOUS
10
-0.4303125196850394
20
-0.2677550393700787
11
-0.4295894488188976
21
-0.2672487401574803
0
LINE
8
BLACK
6
CONTINUOUS
10
-0.4295894488188976
20
-0.2672487401574803
11
-0.4295451181102362
21
-0.2672019291338583
0
LINE
8
BLACK
6
CONTINUOUS
10
-0.4295451181102362
20
-0.2672019291338583
11
-0.4247832283464567
21
-0.2648209842519685
0
LINE
8
BLACK
6
CONTINUOUS
10
-0.4247832283464567
20
-0.2648209842519685
11
-0.4238003149606299
21
-0.2645286220472441
0
LINE
8
BLACK
6
CONTINUOUS
10
-0.4238003149606299
20
-0.2645286220472441
11
-0.4236286220472441
21
-0.2645696062992126
0
LINE
8
BLACK
6
CONTINUOUS
10
-0.4236286220472441
20
-0.2645696062992126
11
-0.423462716535433
21
-0.2645092519685039
0
LINE
8
BLACK
6
CONTINUOUS
10
-0.423462716535433
20
-0.2645092519685039
11
-0.4228270472440945
21
-0.2645092519685039
0
LINE
8
BLACK
6
CONTINUOUS
10
-0.4228270472440945
20
-0.2645092519685039
11
-0.4352087007874016
21
-0.2503588188976378
0
LINE
8
BLACK
6
CONTINUOUS
10
-0.4352087007874016
20
-0.2503588188976378
11
-0.4354386220472441
21
-0.249978937007874
0
LINE
8
BLACK
6
CONTINUOUS
10
-0.4354386220472441
20
-0.249978937007874
11
-0.4355437007874016
21
-0.2498907874015748
0
LINE
8
BLACK
6
CONTINUOUS
10
-0.4355437007874016
20
-0.2498907874015748
11
-0.4355649606299212
21
-0.2497701968503937
0
LINE
8
BLACK
6
CONTINUOUS
10
-0.4355649606299212
20
-0.2497701968503937
11
-0.4357397244094488
21
-0.2494814960629921
0
LINE
8
BLACK
6
CONTINUOUS
10
-0.4357397244094488
20
-0.2494814960629921
11
-0.4357562204724409
21
-0.2486856299212598
0
LINE
8
BLACK
6
CONTINUOUS
10
-0.4357562204724409
20
-0.2486856299212598
11
-0.4358944488188976
21
-0.2479016535433071
0
LINE
8
BLACK
6
CONTINUOUS
10
-0.4358944488188976
20
-0.2479016535433071
11
-0.4357766929133858
21
-0.2476976377952756
0
LINE
8
BLACK
6
CONTINUOUS
10
-0.4357766929133858
20
-0.2476976377952756
11
-0.4357815354330709
21
-0.2474621653543307
0
LINE
8
BLACK
6
CONTINUOUS
10
-0.4357815354330709
20
-0.2474621653543307
11
-0.4352825984251968
21
-0.2468418897637795
0
LINE
8
BLACK
6
CONTINUOUS
10
-0.4352825984251968
20
-0.2468418897637795
11
-0.4348845275590551
21
-0.2461524803149606
0
LINE
8
BLACK
6
CONTINUOUS
10
-0.4348845275590551
20
-0.2461524803149606
11
-0.434663188976378
21
-0.2460718897637795
0
LINE
8
BLACK
6
CONTINUOUS
10
-0.434663188976378
20
-0.2460718897637795
11
-0.4345155118110236
21
-0.2458883464566929
0
LINE
8
BLACK
6
CONTINUOUS
10
-0.4345155118110236
20
-0.2458883464566929
11
-0.4337345669291339
21
-0.2457338976377953
0
LINE
8
BLACK
6
CONTINUOUS
10
-0.4337345669291339
20
-0.2457338976377953
11
-0.4329865354330709
21
-0.2454616535433071
0
LINE
8
BLACK
6
CONTINUOUS
10
-0.4329865354330709
20
-0.2454616535433071
11
-0.4020341338582677
21
-0.2454616535433071
0
LINE
8
BLACK
6
CONTINUOUS
10
-0.4020341338582677
20
-0.2454616535433071
11
-0.4010242125984252
21
-0.2456397244094488
0
LINE
8
BLACK
6
CONTINUOUS
10
-0.3564125196850393
20
-0.2455292519685039
11
-0.3562832677165354
21
-0.2455064960629921
0
LINE
8
BLACK
6
CONTINUOUS
10
-0.3562832677165354
20
-0.2455064960629921
11
-0.3561696850393701
21
-0.2455720866141732
0
LINE
8
BLACK
6
CONTINUOUS
10
-0.3561696850393701
20
-0.2455720866141732
11
-0.3557861023622047
21
-0.2456397244094488
0
LINE
8
BLACK
6
CONTINUOUS
10
-0.3557861023622047
20
-0.2456397244094488
11
-0.3551984251968504
21
-0.2461328346456693
0
LINE
8
BLACK
6
CONTINUOUS
10
-0.3551984251968504
20
-0.2461328346456693
11
-0.354534094488189
21
-0.2465164173228346
0
LINE
8
BLACK
6
CONTINUOUS
10
-0.354534094488189
20
-0.2465164173228346
11
-0.3544429921259842
21
-0.2467667322834646
0
LINE
8
BLACK
6
CONTINUOUS
10
-0.3544429921259842
20
-0.2467667322834646
11
-0.3542388582677165
21
-0.246938031496063
0
LINE
8
BLACK
6
CONTINUOUS
10
-0.3542388582677165
20
-0.246938031496063
11
-0.3541056299212598
21
-0.2476935826771653
0
LINE
8
BLACK
6
CONTINUOUS
10
-0.3541056299212598
20
-0.2476935826771653
11
-0.3538432677165354
21
-0.2484144094488189
0
LINE
8
BLACK
6
CONTINUOUS
10
-0.3538432677165354
20
-0.2484144094488189
11
-0.3538432677165354
21
-0.2984144094488189
0
LINE
8
BLACK
6
CONTINUOUS
10
-0.3538432677165354
20
-0.2984144094488189
11
-0.353910905511811
21
-0.2987979133858268
0
LINE
8
BLACK
6
CONTINUOUS
10
-0.353910905511811
20
-0.2987979133858268
11
-0.3538881102362205
21
-0.2989271653543307
0
LINE
8
BLACK
6
CONTINUOUS
10
-0.3538881102362205
20
-0.2989271653543307
11
-0.3539537401574803
21
-0.2990407480314961
0
LINE
8
BLACK
6
CONTINUOUS
10
-0.3539537401574803
20
-0.2990407480314961
11
-0.3540213385826771
21
-0.2994243307086614
0
LINE
8
BLACK
6
CONTINUOUS
10
-0.3540213385826771
20
-0.2994243307086614
11
-0.3545144881889764
21
-0.3000120078740157
0
LINE
8
BLACK
6
CONTINUOUS
10
-0.3545144881889764
20
-0.3000120078740157
11
-0.354898031496063
21
-0.3006763385826772
0
LINE
8
BLACK
6
CONTINUOUS
10
-0.354898031496063
20
-0.3006763385826772
11
-0.3551483858267717
21
-0.3007674409448819
0
LINE
8
BLACK
6
CONTINUOUS
10
-0.3551483858267717
20
-0.3007674409448819
11
-0.3553196456692913
21
-0.3009715748031496
0
LINE
8
BLACK
6
CONTINUOUS
10
-0.3553196456692913
20
-0.3009715748031496
11
-0.3560752362204724
21
-0.3011048031496063
0
LINE
8
BLACK
6
CONTINUOUS
10
-0.3560752362204724
20
-0.3011048031496063
11
-0.3567960236220472
21
-0.3013671653543307
0
LINE
8
BLACK
6
CONTINUOUS
10
-0.3567960236220472
20
-0.3013671653543307
11
-0.3687007874015748
21
-0.3013671653543307
0
LINE
8
BLACK
6
CONTINUOUS
10
-0.3687007874015748
20
-0.3013671653543307
11
-0.3695701968503937
21
-0.3012138582677165
0
LINE
8
BLACK
6
CONTINUOUS
10
-0.3695701968503937
20
-0.3012138582677165
11
-0.3696345275590551
21
-0.3012156299212598
0
LINE
8
BLACK
6
CONTINUOUS
10
-0.3696345275590551
20
-0.3012156299212598
11
-0.3767774015748032
21
-0.2988346850393701
0
LINE
8
BLACK
6
CONTINUOUS
10
-0.3767774015748032
20
-0.2988346850393701
11
-0.3776791732283464
21
-0.2983464173228346
0
LINE
8
BLACK
6
CONTINUOUS
10
-0.3776791732283464
20
-0.2983464173228346
11
-0.3777716141732284
21
-0.2981959448818898
0
LINE
8
BLACK
6
CONTINUOUS
10
-0.3777716141732284
20
-0.2981959448818898
11
-0.3779315748031496
21
-0.2981213779527559
0
LINE
8
BLACK
6
CONTINUOUS
10
-0.3779315748031496
20
-0.2981213779527559
11
-0.3826934645669291
21
-0.2933594488188976
0
LINE
8
BLACK
6
CONTINUOUS
10
-0.3826934645669291
20
-0.2933594488188976
11
-0.3831998031496063
21
-0.2926363779527559
0
LINE
8
BLACK
6
CONTINUOUS
10
-0.3831998031496063
20
-0.2926363779527559
11
-0.3832465748031496
21
-0.2925920866141732
0
LINE
8
BLACK
6
CONTINUOUS
10
-0.3832465748031496
20
-0.2925920866141732
11
-0.3856275590551181
21
-0.2878301574803149
0
LINE
8
BLACK
6
CONTINUOUS
10
-0.3856275590551181
20
-0.2878301574803149
11
-0.385772874015748
21
-0.2873416929133858
0
LINE
8
BLACK
6
CONTINUOUS
10
-0.385772874015748
20
-0.2873416929133858
11
-0.3858511417322835
21
-0.2872257874015748
0
LINE
8
BLACK
6
CONTINUOUS
10
-0.3858511417322835
20
-0.2872257874015748
11
-0.3882320866141732
21
-0.277701968503937
0
LINE
8
BLACK
6
CONTINUOUS
10
-0.3882320866141732
20
-0.277701968503937
11
-0.3882735826771653
21
-0.2771140551181102
0
LINE
8
BLACK
6
CONTINUOUS
10
-0.3882735826771653
20
-0.2771140551181102
11
-0.3883202362204725
21
-0.2769858267716535
0
LINE
8
BLACK
6
CONTINUOUS
10
-0.3883202362204725
20
-0.2769858267716535
11
-0.3883202362204725
21
-0.2698429527559055
0
LINE
8
BLACK
6
CONTINUOUS
10
-0.3883202362204725
20
-0.2698429527559055
11
-0.3882179133858268
21
-0.2692625590551181
0
LINE
8
BLACK
6
CONTINUOUS
10
-0.3882179133858268
20
-0.2692625590551181
11
-0.3882320866141732
21
-0.269126811023622
0
LINE
8
BLACK
6
CONTINUOUS
10
-0.3882320866141732
20
-0.269126811023622
11
-0.3858511417322835
21
-0.259603031496063
0
LINE
8
BLACK
6
CONTINUOUS
10
-0.3858511417322835
20
-0.259603031496063
11
-0.3856435826771654
21
-0.2591375590551181
0
LINE
8
BLACK
6
CONTINUOUS
10
-0.3856435826771654
20
-0.2591375590551181
11
-0.3856275590551181
21
-0.2589986614173228
0
LINE
8
BLACK
6
CONTINUOUS
10
-0.3856275590551181
20
-0.2589986614173228
11
-0.3832465748031496
21
-0.2542367322834646
0
LINE
8
BLACK
6
CONTINUOUS
10
-0.3832465748031496
20
-0.2542367322834646
11
-0.382720748031496
21
-0.2535277559055118
0
LINE
8
BLACK
6
CONTINUOUS
10
-0.382720748031496
20
-0.2535277559055118
11
-0.3826934645669291
21
-0.2534693307086614
0
LINE
8
BLACK
6
CONTINUOUS
10
-0.3826934645669291
20
-0.2534693307086614
11
-0.3779315748031496
21
-0.2487074409448819
0
LINE
8
BLACK
6
CONTINUOUS
10
-0.3779315748031496
20
-0.2487074409448819
11
-0.3770915354330708
21
-0.2481192519685039
0
LINE
8
BLACK
6
CONTINUOUS
10
-0.3770915354330708
20
-0.2481192519685039
11
-0.3769157086614173
21
-0.2481038582677165
0
LINE
8
BLACK
6
CONTINUOUS
10
-0.3769157086614173
20
-0.2481038582677165
11
-0.3767774015748032
21
-0.2479941338582677
0
LINE
8
BLACK
6
CONTINUOUS
10
-0.3767774015748032
20
-0.2479941338582677
11
-0.3696345275590551
21
-0.245613188976378
0
LINE
8
BLACK
6
CONTINUOUS
10
-0.3696345275590551
20
-0.245613188976378
11
-0.3687613779527559
21
-0.2454837007874016
0
LINE
8
BLACK
6
CONTINUOUS
10
-0.3687613779527559
20
-0.2454837007874016
11
-0.3687007874015748
21
-0.2454616535433071
0
LINE
8
BLACK
6
CONTINUOUS
10
-0.3687007874015748
20
-0.2454616535433071
11
-0.3567960236220472
21
-0.2454616535433071
0
LINE
8
BLACK
6
CONTINUOUS
10
-0.3567960236220472
20
-0.2454616535433071
11
-0.3564125196850393
21
-0.2455292519685039
0
LINE
8
BLACK
6
CONTINUOUS
10
-0.3742486614173228
20
-0.2533761417322835
11
-0.3781788582677165
21
-0.2573063385826772
0
LINE
8
BLACK
6
CONTINUOUS
10
-0.3781788582677165
20
-0.2573063385826772
11
-0.3802005511811024
21
-0.2613497244094488
0
LINE
8
BLACK
6
CONTINUOUS
10
-0.3802005511811024
20
-0.2613497244094488
11
-0.3824147244094488
21
-0.2702064960629921
0
LINE
8
BLACK
6
CONTINUOUS
10
-0.3824147244094488
20
-0.2702064960629921
11
-0.3824147244094488
21
-0.2766222834645669
0
LINE
8
BLACK
6
CONTINUOUS
10
-0.3824147244094488
20
-0.2766222834645669
11
-0.3802005511811024
21
-0.2854790551181102
0
LINE
8
BLACK
6
CONTINUOUS
10
-0.3802005511811024
20
-0.2854790551181102
11
-0.3781788582677165
21
-0.2895224015748031
0
LINE
8
BLACK
6
CONTINUOUS
10
-0.3781788582677165
20
-0.2895224015748031
11
-0.3742486220472441
21
-0.2934526771653543
0
LINE
8
BLACK
6
CONTINUOUS
10
-0.3742486220472441
20
-0.2934526771653543
11
-0.3682216535433071
21
-0.2954616535433071
0
LINE
8
BLACK
6
CONTINUOUS
10
-0.3682216535433071
20
-0.2954616535433071
11
-0.3597487795275591
21
-0.2954616535433071
0
LINE
8
BLACK
6
CONTINUOUS
10
-0.3597487795275591
20
-0.2954616535433071
11
-0.3597487795275591
21
-0.2513671653543307
0
LINE
8
BLACK
6
CONTINUOUS
10
-0.3597487795275591
20
-0.2513671653543307
11
-0.3682216535433071
21
-0.2513671653543307
0
LINE
8
BLACK
6
CONTINUOUS
10
-0.3682216535433071
20
-0.2513671653543307
11
-0.3742486614173228
21
-0.2533761417322835
0
LINE
8
BLACK
6
CONTINUOUS
10
-0.334089094488189
20
-0.2443264960629921
11
-0.3105583070866142
21
-0.2678572440944882
0
LINE
8
BLACK
6
CONTINUOUS
10
-0.3105583070866142
20
-0.2678572440944882
11
-0.3105583070866142
21
-0.2464144094488189
0
LINE
8
BLACK
6
CONTINUOUS
10
-0.3105583070866142
20
-0.2464144094488189
11
-0.3103802362204724
21
-0.2454044881889764
0
LINE
8
BLACK
6
CONTINUOUS
10
-0.3103802362204724
20
-0.2454044881889764
11
-0.3090819291338582
21
-0.2438572440944882
0
LINE
8
BLACK
6
CONTINUOUS
10
-0.3090819291338582
20
-0.2438572440944882
11
-0.3070927952755905
21
-0.2435064960629921
0
LINE
8
BLACK
6
CONTINUOUS
10
-0.3070927952755905
20
-0.2435064960629921
11
-0.3053436220472441
21
-0.2445164173228346
0
LINE
8
BLACK
6
CONTINUOUS
10
-0.3053436220472441
20
-0.2445164173228346
11
-0.3046527952755905
21
-0.2464144094488189
0
LINE
8
BLACK
6
CONTINUOUS
10
-0.3046527952755905
20
-0.2464144094488189
11
-0.3046527952755905
21
-0.2964144094488189
0
LINE
8
BLACK
6
CONTINUOUS
10
-0.3046527952755905
20
-0.2964144094488189
11
-0.3048308661417323
21
-0.2974243307086614
0
LINE
8
BLACK
6
CONTINUOUS
10
-0.3048308661417323
20
-0.2974243307086614
11
-0.3061291732283464
21
-0.2989715748031496
0
LINE
8
BLACK
6
CONTINUOUS
10
-0.3061291732283464
20
-0.2989715748031496
11
-0.3081183070866141
21
-0.2993223228346457
0
LINE
8
BLACK
6
CONTINUOUS
10
-0.3081183070866141
20
-0.2993223228346457
11
-0.3098674803149606
21
-0.2983124015748032
0
LINE
8
BLACK
6
CONTINUOUS
10
-0.3098674803149606
20
-0.2983124015748032
11
-0.3105583070866142
21
-0.2964144094488189
0
LINE
8
BLACK
6
CONTINUOUS
10
-0.3105583070866142
20
-0.2964144094488189
11
-0.3105583070866142
21
-0.2762088976377953
0
LINE
8
BLACK
6
CONTINUOUS
10
-0.3105583070866142
20
-0.2762088976377953
11
-0.3144289763779528
21
-0.2723382283464567
0
LINE
8
BLACK
6
CONTINUOUS
10
-0.3144289763779528
20
-0.2723382283464567
11
-0.3338148031496063
21
-0.298186062992126
0
LINE
8
BLACK
6
CONTINUOUS
10
-0.3338148031496063
20
-0.298186062992126
11
-0.3345632283464567
21
-0.2988871653543307
0
LINE
8
BLACK
6
CONTINUOUS
10
-0.3345632283464567
20
-0.2988871653543307
11
-0.3365301968503937
21
-0.2993459842519685
0
LINE
8
BLACK
6
CONTINUOUS
10
-0.3365301968503937
20
-0.2993459842519685
11
-0.338331968503937
21
-0.2984330708661417
0
LINE
8
BLACK
6
CONTINUOUS
10
-0.338331968503937
20
-0.2984330708661417
11
-0.3391253543307087
21
-0.2965756299212599
0
LINE
8
BLACK
6
CONTINUOUS
10
-0.3391253543307087
20
-0.2965756299212599
11
-0.3385392125984252
21
-0.2946427559055118
0
LINE
8
BLACK
6
CONTINUOUS
10
-0.3385392125984252
20
-0.2946427559055118
11
-0.3186472047244094
21
-0.26812
0
LINE
8
BLACK
6
CONTINUOUS
10
-0.3186472047244094
20
-0.26812
11
-0.3382649212598425
21
-0.2485023228346457
0
LINE
8
BLACK
6
CONTINUOUS
10
-0.3382649212598425
20
-0.2485023228346457
11
-0.3388531102362204
21
-0.2476622834645669
0
LINE
8
BLACK
6
CONTINUOUS
10
-0.3388531102362204
20
-0.2476622834645669
11
-0.3390291732283465
21
-0.2456501968503937
0
LINE
8
BLACK
6
CONTINUOUS
10
-0.3390291732283465
20
-0.2456501968503937
11
-0.3378706299212598
21
-0.2439956299212598
0
LINE
8
BLACK
6
CONTINUOUS
10
-0.3378706299212598
20
-0.2439956299212598
11
-0.3359196850393701
21
-0.2434729133858268
0
LINE
8
BLACK
6
CONTINUOUS
10
-0.3359196850393701
20
-0.2434729133858268
11
-0.334089094488189
21
-0.2443264960629921
0
LINE
8
BLACK
6
CONTINUOUS
10
-0.2966908661417323
20
-0.2168158661417323
11
-0.2962823228346457
21
-0.2171586614173228
0
LINE
8
BLACK
6
CONTINUOUS
10
-0.2962823228346457
20
-0.2171586614173228
11
-0.2961771653543307
21
-0.2170333858267716
0
LINE
8
BLACK
6
CONTINUOUS
10
-0.2961771653543307
20
-0.2170333858267716
11
-0.294188031496063
21
-0.2166826377952756
0
LINE
8
BLACK
6
CONTINUOUS
10
-0.294188031496063
20
-0.2166826377952756
11
-0.2924388582677165
21
-0.2176925590551181
0
LINE
8
BLACK
6
CONTINUOUS
10
-0.2924388582677165
20
-0.2176925590551181
11
-0.291748031496063
21
-0.2195905511811024
0
LINE
8
BLACK
6
CONTINUOUS
10
-0.291748031496063
20
-0.2195905511811024
11
-0.291748031496063
21
-0.3315905511811024
0
LINE
8
BLACK
6
CONTINUOUS
10
-0.291748031496063
20
-0.3315905511811024
11
-0.2919261023622047
21
-0.3326004724409449
0
LINE
8
BLACK
6
CONTINUOUS
10
-0.2919261023622047
20
-0.3326004724409449
11
-0.2932244094488189
21
-0.3341477165354331
0
LINE
8
BLACK
6
CONTINUOUS
10
-0.2932244094488189
20
-0.3341477165354331
11
-0.2952135433070866
21
-0.3344984645669291
0
LINE
8
BLACK
6
CONTINUOUS
10
-0.2952135433070866
20
-0.3344984645669291
11
-0.2953543307086614
21
-0.3344171653543307
0
LINE
8
BLACK
6
CONTINUOUS
10
-0.2953543307086614
20
-0.3344171653543307
11
-0.2957007874015748
21
-0.3345433070866142
0
LINE
8
BLACK
6
CONTINUOUS
10
-0.2957007874015748
20
-0.3345433070866142
11
-0.4907007874015748
21
-0.3345433070866142
0
LINE
8
BLACK
6
CONTINUOUS
10
-0.4907007874015748
20
-0.3345433070866142
11
-0.4917107086614173
21
-0.3343652362204724
0
LINE
8
BLACK
6
CONTINUOUS
10
-0.4917107086614173
20
-0.3343652362204724
11
-0.4918405118110236
21
-0.3342563385826772
0
LINE
8
BLACK
6
CONTINUOUS
10
-0.4918405118110236
20
-0.3342563385826772
11
-0.4932135433070866
21
-0.3344984645669291
0
LINE
8
BLACK
6
CONTINUOUS
10
-0.4932135433070866
20
-0.3344984645669291
11
-0.4949627165354331
21
-0.3334885433070866
0
LINE
8
BLACK
6
CONTINUOUS
10
-0.4949627165354331
20
-0.3334885433070866
11
-0.4956535433070866
21
-0.3315905511811024
0
LINE
8
BLACK
6
CONTINUOUS
10
-0.4956535433070866
20
-0.3315905511811024
11
-0.4956535433070866
21
-0.2195905511811024
0
LINE
8
BLACK
6
CONTINUOUS
10
-0.4956535433070866
20
-0.2195905511811024
11
-0.4955859448818897
21
-0.2192070078740157
0
LINE
8
BLACK
6
CONTINUOUS
10
-0.4955859448818897
20
-0.2192070078740157
11
-0.4956087007874015
21
-0.2190777952755905
0
LINE
8
BLACK
6
CONTINUOUS
10
-0.4956087007874015
20
-0.2190777952755905
11
-0.4955431102362204
21
-0.2189641732283465
0
LINE
8
BLACK
6
CONTINUOUS
10
-0.4955431102362204
20
-0.2189641732283465
11
-0.4954754724409449
21
-0.2185806299212598
0
LINE
8
BLACK
6
CONTINUOUS
10
-0.4954754724409449
20
-0.2185806299212598
11
-0.4949823622047244
21
-0.2179929133858268
0
LINE
8
BLACK
6
CONTINUOUS
10
-0.4949823622047244
20
-0.2179929133858268
11
-0.494598779527559
21
-0.2173286220472441
0
LINE
8
BLACK
6
CONTINUOUS
10
-0.494598779527559
20
-0.2173286220472441
11
-0.4943484645669291
21
-0.2172374803149606
0
LINE
8
BLACK
6
CONTINUOUS
10
-0.4943484645669291
20
-0.2172374803149606
11
-0.4941771653543307
21
-0.2170333858267716
0
LINE
8
BLACK
6
CONTINUOUS
10
-0.4941771653543307
20
-0.2170333858267716
11
-0.4934216141732283
21
-0.2169001181102362
0
LINE
8
BLACK
6
CONTINUOUS
10
-0.4934216141732283
20
-0.2169001181102362
11
-0.4927007874015748
21
-0.2166377952755905
0
LINE
8
BLACK
6
CONTINUOUS
10
-0.4927007874015748
20
-0.2166377952755905
11
-0.2977007874015748
21
-0.2166377952755905
0
LINE
8
BLACK
6
CONTINUOUS
10
-0.2977007874015748
20
-0.2166377952755905
11
-0.2966908661417323
21
-0.2168158661417323
0
LINE
8
BLACK
6
CONTINUOUS
10
-0.2977007874015748
20
-0.2225433070866142
11
-0.489748031496063
21
-0.2225433070866142
0
LINE
8
BLACK
6
CONTINUOUS
10
-0.489748031496063
20
-0.2225433070866142
11
-0.489748031496063
21
-0.3286377952755906
0
LINE
8
BLACK
6
CONTINUOUS
10
-0.489748031496063
20
-0.3286377952755906
11
-0.2976535433070866
21
-0.3286377952755906
0
LINE
8
BLACK
6
CONTINUOUS
10
-0.2976535433070866
20
-0.3286377952755906
11
-0.2976535433070866
21
-0.2225261023622047
0
LINE
8
BLACK
6
CONTINUOUS
10
-0.2976535433070866
20
-0.2225261023622047
11
-0.2977007874015748
21
-0.2225433070866142
0
LINE
8
BLACK
6
CONTINUOUS
10
-0.0168472440944882
20
-0.2456397244094488
11
-0.0167120078740157
21
-0.2457531889763779
0
LINE
8
BLACK
6
CONTINUOUS
10
-0.0167120078740157
20
-0.2457531889763779
11
-0.0165366535433071
21
-0.2457733858267716
0
LINE
8
BLACK
6
CONTINUOUS
10
-0.0165366535433071
20
-0.2457733858267716
11
-0.0117747637795276
21
-0.2481543307086614
0
LINE
8
BLACK
6
CONTINUOUS
10
-0.0117747637795276
20
-0.2481543307086614
11
-0.0110657086614173
21
-0.2486801968503937
0
LINE
8
BLACK
6
CONTINUOUS
10
-0.0110657086614173
20
-0.2486801968503937
11
-0.0110073228346457
21
-0.2487074409448819
0
LINE
8
BLACK
6
CONTINUOUS
10
-0.0110073228346457
20
-0.2487074409448819
11
-0.0086263779527559
21
-0.2510883858267716
0
LINE
8
BLACK
6
CONTINUOUS
10
-0.0086263779527559
20
-0.2510883858267716
11
-0.008038188976378
21
-0.2519284251968504
0
LINE
8
BLACK
6
CONTINUOUS
10
-0.008038188976378
20
-0.2519284251968504
11
-0.007862125984252
21
-0.2539405511811024
0
LINE
8
BLACK
6
CONTINUOUS
10
-0.007862125984252
20
-0.2539405511811024
11
-0.0090206692913386
21
-0.2555950787401575
0
LINE
8
BLACK
6
CONTINUOUS
10
-0.0090206692913386
20
-0.2555950787401575
11
-0.0109716141732283
21
-0.2561177952755905
0
LINE
8
BLACK
6
CONTINUOUS
10
-0.0109716141732283
20
-0.2561177952755905
11
-0.0128022047244094
21
-0.2552642125984252
0
LINE
8
BLACK
6
CONTINUOUS
10
-0.0128022047244094
20
-0.2552642125984252
11
-0.0148443307086614
21
-0.2532220866141732
0
LINE
8
BLACK
6
CONTINUOUS
10
-0.0148443307086614
20
-0.2532220866141732
11
-0.0185542125984252
21
-0.2513671653543307
0
LINE
8
BLACK
6
CONTINUOUS
10
-0.0185542125984252
20
-0.2513671653543307
11
-0.0290648818897638
21
-0.2513671653543307
0
LINE
8
BLACK
6
CONTINUOUS
10
-0.0290648818897638
20
-0.2513671653543307
11
-0.0327747244094488
21
-0.2532220866141732
0
LINE
8
BLACK
6
CONTINUOUS
10
-0.0327747244094488
20
-0.2532220866141732
11
-0.0344780708661417
21
-0.2549253937007874
0
LINE
8
BLACK
6
CONTINUOUS
10
-0.0344780708661417
20
-0.2549253937007874
11
-0.0363329921259843
21
-0.2586352362204724
0
LINE
8
BLACK
6
CONTINUOUS
10
-0.0363329921259843
20
-0.2586352362204724
11
-0.0363329921259843
21
-0.2622209448818897
0
LINE
8
BLACK
6
CONTINUOUS
10
-0.0363329921259843
20
-0.2622209448818897
11
-0.0343239763779528
21
-0.2682479133858268
0
LINE
8
BLACK
6
CONTINUOUS
10
-0.0343239763779528
20
-0.2682479133858268
11
-0.0062454330708661
21
-0.2963264960629921
0
LINE
8
BLACK
6
CONTINUOUS
10
-0.0062454330708661
20
-0.2963264960629921
11
-0.0058757480314961
21
-0.2968544881889764
0
LINE
8
BLACK
6
CONTINUOUS
10
-0.0058757480314961
20
-0.2968544881889764
11
-0.0057761811023622
21
-0.296938031496063
0
LINE
8
BLACK
6
CONTINUOUS
10
-0.0057761811023622
20
-0.296938031496063
11
-0.0057623622047244
21
-0.2970163779527559
0
LINE
8
BLACK
6
CONTINUOUS
10
-0.0057623622047244
20
-0.2970163779527559
11
-0.0056572440944882
21
-0.2971665354330709
0
LINE
8
BLACK
6
CONTINUOUS
10
-0.0056572440944882
20
-0.2971665354330709
11
-0.005579842519685
21
-0.2980516535433071
0
LINE
8
BLACK
6
CONTINUOUS
10
-0.005579842519685
20
-0.2980516535433071
11
-0.0054254330708661
21
-0.2989271653543307
0
LINE
8
BLACK
6
CONTINUOUS
10
-0.0054254330708661
20
-0.2989271653543307
11
-0.0054929921259843
21
-0.2990441338582677
0
LINE
8
BLACK
6
CONTINUOUS
10
-0.0054929921259843
20
-0.2990441338582677
11
-0.0054812204724409
21
-0.2991786220472441
0
LINE
8
BLACK
6
CONTINUOUS
10
-0.0054812204724409
20
-0.2991786220472441
11
-0.005990905511811
21
-0.2999064960629921
0
LINE
8
BLACK
6
CONTINUOUS
10
-0.005990905511811
20
-0.2999064960629921
11
-0.0064353543307087
21
-0.3006763385826772
0
LINE
8
BLACK
6
CONTINUOUS
10
-0.0064353543307087
20
-0.3006763385826772
11
-0.0065622440944882
21
-0.3007225196850394
0
LINE
8
BLACK
6
CONTINUOUS
10
-0.0065622440944882
20
-0.3007225196850394
11
-0.0066397244094488
21
-0.300833188976378
0
LINE
8
BLACK
6
CONTINUOUS
10
-0.0066397244094488
20
-0.300833188976378
11
-0.0074982677165354
21
-0.301063188976378
0
LINE
8
BLACK
6
CONTINUOUS
10
-0.0074982677165354
20
-0.301063188976378
11
-0.0083333464566929
21
-0.3013671653543307
0
LINE
8
BLACK
6
CONTINUOUS
10
-0.0083333464566929
20
-0.3013671653543307
11
-0.0392857480314961
21
-0.3013671653543307
0
LINE
8
BLACK
6
CONTINUOUS
10
-0.0392857480314961
20
-0.3013671653543307
11
-0.0402956692913386
21
-0.301189094488189
0
LINE
8
BLACK
6
CONTINUOUS
10
-0.0402956692913386
20
-0.301189094488189
11
-0.0418429133858268
21
-0.2998907874015748
0
LINE
8
BLACK
6
CONTINUOUS
10
-0.0418429133858268
20
-0.2998907874015748
11
-0.0421936614173228
21
-0.2979016535433071
0
LINE
8
BLACK
6
CONTINUOUS
10
-0.0421936614173228
20
-0.2979016535433071
11
-0.0411837401574803
21
-0.2961524803149606
0
LINE
8
BLACK
6
CONTINUOUS
10
-0.0411837401574803
20
-0.2961524803149606
11
-0.0392857480314961
21
-0.2954616535433071
0
LINE
8
BLACK
6
CONTINUOUS
10
-0.0392857480314961
20
-0.2954616535433071
11
-0.0154619291338583
21
-0.2954616535433071
0
LINE
8
BLACK
6
CONTINUOUS
10
-0.0154619291338583
20
-0.2954616535433071
11
-0.0389926771653543
21
-0.2719308661417323
0
LINE
8
BLACK
6
CONTINUOUS
10
-0.0389926771653543
20
-0.2719308661417323
11
-0.0395808661417323
21
-0.2710908267716535
0
LINE
8
BLACK
6
CONTINUOUS
10
-0.0395808661417323
20
-0.2710908267716535
11
-0.0395962598425197
21
-0.2709149606299213
0
LINE
8
BLACK
6
CONTINUOUS
10
-0.0395962598425197
20
-0.2709149606299213
11
-0.0397059842519685
21
-0.2707766929133858
0
LINE
8
BLACK
6
CONTINUOUS
10
-0.0397059842519685
20
-0.2707766929133858
11
-0.042086968503937
21
-0.2636338582677165
0
LINE
8
BLACK
6
CONTINUOUS
10
-0.042086968503937
20
-0.2636338582677165
11
-0.0422164960629921
21
-0.2627606692913386
0
LINE
8
BLACK
6
CONTINUOUS
10
-0.0422164960629921
20
-0.2627606692913386
11
-0.0422385039370079
21
-0.2627001181102362
0
LINE
8
BLACK
6
CONTINUOUS
10
-0.0422385039370079
20
-0.2627001181102362
11
-0.0422385039370079
21
-0.2579381889763779
0
LINE
8
BLACK
6
CONTINUOUS
10
-0.0422385039370079
20
-0.2579381889763779
11
-0.0420604330708661
21
-0.2569282677165354
0
LINE
8
BLACK
6
CONTINUOUS
10
-0.0420604330708661
20
-0.2569282677165354
11
-0.041946968503937
21
-0.2567929921259842
0
LINE
8
BLACK
6
CONTINUOUS
10
-0.041946968503937
20
-0.2567929921259842
11
-0.0419267716535433
21
-0.2566176771653543
0
LINE
8
BLACK
6
CONTINUOUS
10
-0.0419267716535433
20
-0.2566176771653543
11
-0.0395457874015748
21
-0.2518557480314961
0
LINE
8
BLACK
6
CONTINUOUS
10
-0.0395457874015748
20
-0.2518557480314961
11
-0.0390199212598425
21
-0.2511467322834646
0
LINE
8
BLACK
6
CONTINUOUS
10
-0.0390199212598425
20
-0.2511467322834646
11
-0.0389926771653543
21
-0.2510883858267716
0
LINE
8
BLACK
6
CONTINUOUS
10
-0.0389926771653543
20
-0.2510883858267716
11
-0.0366117322834646
21
-0.2487074409448819
0
LINE
8
BLACK
6
CONTINUOUS
10
-0.0366117322834646
20
-0.2487074409448819
11
-0.0358886614173228
21
-0.2482011417322835
0
LINE
8
BLACK
6
CONTINUOUS
10
-0.0358886614173228
20
-0.2482011417322835
11
-0.0358443307086614
21
-0.2481543307086614
0
LINE
8
BLACK
6
CONTINUOUS
10
-0.0358443307086614
20
-0.2481543307086614
11
-0.0310824409448819
21
-0.2457733858267716
0
LINE
8
BLACK
6
CONTINUOUS
10
-0.0310824409448819
20
-0.2457733858267716
11
-0.0300995275590551
21
-0.2454810236220472
0
LINE
8
BLACK
6
CONTINUOUS
10
-0.0300995275590551
20
-0.2454810236220472
11
-0.0299278346456693
21
-0.2455220078740157
0
LINE
8
BLACK
6
CONTINUOUS
10
-0.0299278346456693
20
-0.2455220078740157
11
-0.0297619291338583
21
-0.2454616535433071
0
LINE
8
BLACK
6
CONTINUOUS
10
-0.0297619291338583
20
-0.2454616535433071
11
-0.0178571653543307
21
-0.2454616535433071
0
LINE
8
BLACK
6
CONTINUOUS
10
-0.0178571653543307
20
-0.2454616535433071
11
-0.0168472440944882
21
-0.2456397244094488
0
LINE
8
BLACK
6
CONTINUOUS
10
0.0372882677165354
20
-0.2455292519685039
11
0.0374175196850394
21
-0.2455064960629921
0
LINE
8
BLACK
6
CONTINUOUS
10
0.0374175196850394
20
-0.2455064960629921
11
0.0375311023622047
21
-0.2455720866141732
0
LINE
8
BLACK
6
CONTINUOUS
10
0.0375311023622047
20
-0.2455720866141732
11
0.0379146850393701
21
-0.2456397244094488
0
LINE
8
BLACK
6
CONTINUOUS
10
0.0379146850393701
20
-0.2456397244094488
11
0.0385023622047244
21
-0.2461328346456693
0
LINE
8
BLACK
6
CONTINUOUS
10
0.0385023622047244
20
-0.2461328346456693
11
0.0391666929133858
21
-0.2465164173228346
0
LINE
8
BLACK
6
CONTINUOUS
10
0.0391666929133858
20
-0.2465164173228346
11
0.0392577952755905
21
-0.2467667322834646
0
LINE
8
BLACK
6
CONTINUOUS
10
0.0392577952755905
20
-0.2467667322834646
11
0.0394619291338583
21
-0.246938031496063
0
LINE
8
BLACK
6
CONTINUOUS
10
0.0394619291338583
20
-0.246938031496063
11
0.039595157480315
21
-0.2476935826771653
0
LINE
8
BLACK
6
CONTINUOUS
10
0.039595157480315
20
-0.2476935826771653
11
0.0398575196850394
21
-0.2484144094488189
0
LINE
8
BLACK
6
CONTINUOUS
10
0.0398575196850394
20
-0.2484144094488189
11
0.0398575196850394
21
-0.2984144094488189
0
LINE
8
BLACK
6
CONTINUOUS
10
0.0398575196850394
20
-0.2984144094488189
11
0.0397898818897638
21
-0.2987979133858268
0
LINE
8
BLACK
6
CONTINUOUS
10
0.0397898818897638
20
-0.2987979133858268
11
0.0398126771653543
21
-0.2989271653543307
0
LINE
8
BLACK
6
CONTINUOUS
10
0.0398126771653543
20
-0.2989271653543307
11
0.0397470472440945
21
-0.2990407480314961
0
LINE
8
BLACK
6
CONTINUOUS
10
0.0397470472440945
20
-0.2990407480314961
11
0.0396794488188976
21
-0.2994243307086614
0
LINE
8
BLACK
6
CONTINUOUS
10
0.0396794488188976
20
-0.2994243307086614
11
0.0391862992125984
21
-0.3000120078740157
0
LINE
8
BLACK
6
CONTINUOUS
10
0.0391862992125984
20
-0.3000120078740157
11
0.0388027559055118
21
-0.3006763385826772
0
LINE
8
BLACK
6
CONTINUOUS
10
0.0388027559055118
20
-0.3006763385826772
11
0.0385524015748031
21
-0.3007674409448819
0
LINE
8
BLACK
6
CONTINUOUS
10
0.0385524015748031
20
-0.3007674409448819
11
0.0383811417322835
21
-0.3009715748031496
0
LINE
8
BLACK
6
CONTINUOUS
10
0.0383811417322835
20
-0.3009715748031496
11
0.0376255511811024
21
-0.3011048031496063
0
LINE
8
BLACK
6
CONTINUOUS
10
0.0376255511811024
20
-0.3011048031496063
11
0.0369047637795276
21
-0.3013671653543307
0
LINE
8
BLACK
6
CONTINUOUS
10
0.0369047637795276
20
-0.3013671653543307
11
0.025
21
-0.3013671653543307
0
LINE
8
BLACK
6
CONTINUOUS
10
0.025
20
-0.3013671653543307
11
0.0241305905511811
21
-0.3012138582677165
0
LINE
8
BLACK
6
CONTINUOUS
10
0.0241305905511811
20
-0.3012138582677165
11
0.0240662598425197
21
-0.3012156299212598
0
LINE
8
BLACK
6
CONTINUOUS
10
0.0240662598425197
20
-0.3012156299212598
11
0.0169233858267717
21
-0.2988346850393701
0
LINE
8
BLACK
6
CONTINUOUS
10
0.0169233858267717
20
-0.2988346850393701
11
0.0160216141732283
21
-0.2983464173228346
0
LINE
8
BLACK
6
CONTINUOUS
10
0.0160216141732283
20
-0.2983464173228346
11
0.0159291732283465
21
-0.2981959448818898
0
LINE
8
BLACK
6
CONTINUOUS
10
0.0159291732283465
20
-0.2981959448818898
11
0.0157692125984252
21
-0.2981213779527559
0
LINE
8
BLACK
6
CONTINUOUS
10
0.0157692125984252
20
-0.2981213779527559
11
0.0110073228346457
21
-0.2933594488188976
0
LINE
8
BLACK
6
CONTINUOUS
10
0.0110073228346457
20
-0.2933594488188976
11
0.0105009842519685
21
-0.2926363779527559
0
LINE
8
BLACK
6
CONTINUOUS
10
0.0105009842519685
20
-0.2926363779527559
11
0.0104542125984252
21
-0.2925920866141732
0
LINE
8
BLACK
6
CONTINUOUS
10
0.0104542125984252
20
-0.2925920866141732
11
0.0080732283464567
21
-0.2878301574803149
0
LINE
8
BLACK
6
CONTINUOUS
10
0.0080732283464567
20
-0.2878301574803149
11
0.0079279133858268
21
-0.2873416929133858
0
LINE
8
BLACK
6
CONTINUOUS
10
0.0079279133858268
20
-0.2873416929133858
11
0.0078496456692913
21
-0.2872257874015748
0
LINE
8
BLACK
6
CONTINUOUS
10
0.0078496456692913
20
-0.2872257874015748
11
0.0054687007874016
21
-0.277701968503937
0
LINE
8
BLACK
6
CONTINUOUS
10
0.0054687007874016
20
-0.277701968503937
11
0.0054272047244094
21
-0.2771140551181102
0
LINE
8
BLACK
6
CONTINUOUS
10
0.0054272047244094
20
-0.2771140551181102
11
0.0053805511811024
21
-0.2769858267716535
0
LINE
8
BLACK
6
CONTINUOUS
10
0.0053805511811024
20
-0.2769858267716535
11
0.0053805511811024
21
-0.2698429527559055
0
LINE
8
BLACK
6
CONTINUOUS
10
0.0053805511811024
20
-0.2698429527559055
11
0.005482874015748
21
-0.2692625590551181
0
LINE
8
BLACK
6
CONTINUOUS
10
0.005482874015748
20
-0.2692625590551181
11
0.0054687007874016
21
-0.269126811023622
0
LINE
8
BLACK
6
CONTINUOUS
10
0.0054687007874016
20
-0.269126811023622
11
0.0078496456692913
21
-0.259603031496063
0
LINE
8
BLACK
6
CONTINUOUS
10
0.0078496456692913
20
-0.259603031496063
11
0.0080572047244094
21
-0.2591375590551181
0
LINE
8
BLACK
6
CONTINUOUS
10
0.0080572047244094
20
-0.2591375590551181
11
0.0080732283464567
21
-0.2589986614173228
0
LINE
8
BLACK
6
CONTINUOUS
10
0.0080732283464567
20
-0.2589986614173228
11
0.0104542125984252
21
-0.2542367322834646
0
LINE
8
BLACK
6
CONTINUOUS
10
0.0104542125984252
20
-0.2542367322834646
11
0.0109800393700787
21
-0.2535277559055118
0
LINE
8
BLACK
6
CONTINUOUS
10
0.0109800393700787
20
-0.2535277559055118
11
0.0110073228346457
21
-0.2534693307086614
0
LINE
8
BLACK
6
CONTINUOUS
10
0.0110073228346457
20
-0.2534693307086614
11
0.0157692125984252
21
-0.2487074409448819
0
LINE
8
BLACK
6
CONTINUOUS
10
0.0157692125984252
20
-0.2487074409448819
11
0.0166092519685039
21
-0.2481192519685039
0
LINE
8
BLACK
6
CONTINUOUS
10
0.0166092519685039
20
-0.2481192519685039
11
0.0167850787401575
21
-0.2481038582677165
0
LINE
8
BLACK
6
CONTINUOUS
10
0.0167850787401575
20
-0.2481038582677165
11
0.0169233858267717
21
-0.2479941338582677
0
LINE
8
BLACK
6
CONTINUOUS
10
0.0169233858267717
20
-0.2479941338582677
11
0.0240662598425197
21
-0.245613188976378
0
LINE
8
BLACK
6
CONTINUOUS
10
0.0240662598425197
20
-0.245613188976378
11
0.0249394094488189
21
-0.2454837007874016
0
LINE
8
BLACK
6
CONTINUOUS
10
0.0249394094488189
20
-0.2454837007874016
11
0.025
21
-0.2454616535433071
0
LINE
8
BLACK
6
CONTINUOUS
10
0.025
20
-0.2454616535433071
11
0.0369047637795276
21
-0.2454616535433071
0
LINE
8
BLACK
6
CONTINUOUS
10
0.0369047637795276
20
-0.2454616535433071
11
0.0372882677165354
21
-0.2455292519685039
0
LINE
8
BLACK
6
CONTINUOUS
10
0.019452125984252
20
-0.2533761417322835
11
0.0155219291338583
21
-0.2573063385826772
0
LINE
8
BLACK
6
CONTINUOUS
10
0.0155219291338583
20
-0.2573063385826772
11
0.0135002362204724
21
-0.2613497244094488
0
LINE
8
BLACK
6
CONTINUOUS
10
0.0135002362204724
20
-0.2613497244094488
11
0.011286062992126
21
-0.2702064960629921
0
LINE
8
BLACK
6
CONTINUOUS
10
0.011286062992126
20
-0.2702064960629921
11
0.011286062992126
21
-0.2766222834645669
0
LINE
8
BLACK
6
CONTINUOUS
10
0.011286062992126
20
-0.2766222834645669
11
0.0135002362204724
21
-0.2854790551181102
0
LINE
8
BLACK
6
CONTINUOUS
10
0.0135002362204724
20
-0.2854790551181102
11
0.0155219291338583
21
-0.2895224015748031
0
LINE
8
BLACK
6
CONTINUOUS
10
0.0155219291338583
20
-0.2895224015748031
11
0.0194521653543307
21
-0.2934526771653543
0
LINE
8
BLACK
6
CONTINUOUS
10
0.0194521653543307
20
-0.2934526771653543
11
0.0254791338582677
21
-0.2954616535433071
0
LINE
8
BLACK
6
CONTINUOUS
10
0.0254791338582677
20
-0.2954616535433071
11
0.0339520078740157
21
-0.2954616535433071
0
LINE
8
BLACK
6
CONTINUOUS
10
0.0339520078740157
20
-0.2954616535433071
11
0.0339520078740157
21
-0.2513671653543307
0
LINE
8
BLACK
6
CONTINUOUS
10
0.0339520078740157
20
-0.2513671653543307
11
0.0254791338582677
21
-0.2513671653543307
0
LINE
8
BLACK
6
CONTINUOUS
10
0.0254791338582677
20
-0.2513671653543307
11
0.019452125984252
21
-0.2533761417322835
0
LINE
8
BLACK
6
CONTINUOUS
10
0.0596116929133858
20
-0.2443264960629921
11
0.0831424803149606
21
-0.2678572440944882
0
LINE
8
BLACK
6
CONTINUOUS
10
0.0831424803149606
20
-0.2678572440944882
11
0.0831424803149606
21
-0.2464144094488189
0
LINE
8
BLACK
6
CONTINUOUS
10
0.0831424803149606
20
-0.2464144094488189
11
0.0833205511811024
21
-0.2454044881889764
0
LINE
8
BLACK
6
CONTINUOUS
10
0.0833205511811024
20
-0.2454044881889764
11
0.0846188582677165
21
-0.2438572440944882
0
LINE
8
BLACK
6
CONTINUOUS
10
0.0846188582677165
20
-0.2438572440944882
11
0.0866079921259842
21
-0.2435064960629921
0
LINE
8
BLACK
6
CONTINUOUS
10
0.0866079921259842
20
-0.2435064960629921
11
0.0883571653543307
21
-0.2445164173228346
0
LINE
8
BLACK
6
CONTINUOUS
10
0.0883571653543307
20
-0.2445164173228346
11
0.0890479921259842
21
-0.2464144094488189
0
LINE
8
BLACK
6
CONTINUOUS
10
0.0890479921259842
20
-0.2464144094488189
11
0.0890479921259842
21
-0.2964144094488189
0
LINE
8
BLACK
6
CONTINUOUS
10
0.0890479921259842
20
-0.2964144094488189
11
0.0888699212598425
21
-0.2974243307086614
0
LINE
8
BLACK
6
CONTINUOUS
10
0.0888699212598425
20
-0.2974243307086614
11
0.0875716141732283
21
-0.2989715748031496
0
LINE
8
BLACK
6
CONTINUOUS
10
0.0875716141732283
20
-0.2989715748031496
11
0.0855824803149606
21
-0.2993223228346457
0
LINE
8
BLACK
6
CONTINUOUS
10
0.0855824803149606
20
-0.2993223228346457
11
0.0838333070866142
21
-0.2983124015748032
0
LINE
8
BLACK
6
CONTINUOUS
10
0.0838333070866142
20
-0.2983124015748032
11
0.0831424803149606
21
-0.2964144094488189
0
LINE
8
BLACK
6
CONTINUOUS
10
0.0831424803149606
20
-0.2964144094488189
11
0.0831424803149606
21
-0.2762088976377953
0
LINE
8
BLACK
6
CONTINUOUS
10
0.0831424803149606
20
-0.2762088976377953
11
0.079271811023622
21
-0.2723382283464567
0
LINE
8
BLACK
6
CONTINUOUS
10
0.079271811023622
20
-0.2723382283464567
11
0.0598859842519685
21
-0.298186062992126
0
LINE
8
BLACK
6
CONTINUOUS
10
0.0598859842519685
20
-0.298186062992126
11
0.0591375590551181
21
-0.2988871653543307
0
LINE
8
BLACK
6
CONTINUOUS
10
0.0591375590551181
20
-0.2988871653543307
11
0.0571705905511811
21
-0.2993459842519685
0
LINE
8
BLACK
6
CONTINUOUS
10
0.0571705905511811
20
-0.2993459842519685
11
0.0553688188976378
21
-0.2984330708661417
0
LINE
8
BLACK
6
CONTINUOUS
10
0.0553688188976378
20
-0.2984330708661417
11
0.0545754330708661
21
-0.2965756299212599
0
LINE
8
BLACK
6
CONTINUOUS
10
0.0545754330708661
20
-0.2965756299212599
11
0.0551615748031496
21
-0.2946427559055118
0
LINE
8
BLACK
6
CONTINUOUS
10
0.0551615748031496
20
-0.2946427559055118
11
0.0750535826771654
21
-0.26812
0
LINE
8
BLACK
6
CONTINUOUS
10
0.0750535826771654
20
-0.26812
11
0.0554358661417323
21
-0.2485023228346457
0
LINE
8
BLACK
6
CONTINUOUS
10
0.0554358661417323
20
-0.2485023228346457
11
0.0548476771653543
21
-0.2476622834645669
0
LINE
8
BLACK
6
CONTINUOUS
10
0.0548476771653543
20
-0.2476622834645669
11
0.0546716141732283
21
-0.2456501968503937
0
LINE
8
BLACK
6
CONTINUOUS
10
0.0546716141732283
20
-0.2456501968503937
11
0.055830157480315
21
-0.2439956299212598
0
LINE
8
BLACK
6
CONTINUOUS
10
0.055830157480315
20
-0.2439956299212598
11
0.0577811023622047
21
-0.2434729133858268
0
LINE
8
BLACK
6
CONTINUOUS
10
0.0577811023622047
20
-0.2434729133858268
11
0.0596116929133858
21
-0.2443264960629921
0
LINE
8
BLACK
6
CONTINUOUS
10
0.0970099212598425
20
-0.2168158661417323
11
0.0974184645669291
21
-0.2171586614173228
0
LINE
8
BLACK
6
CONTINUOUS
10
0.0974184645669291
20
-0.2171586614173228
11
0.0975236220472441
21
-0.2170333858267716
0
LINE
8
BLACK
6
CONTINUOUS
10
0.0975236220472441
20
-0.2170333858267716
11
0.0995127559055118
21
-0.2166826377952756
0
LINE
8
BLACK
6
CONTINUOUS
10
0.0995127559055118
20
-0.2166826377952756
11
0.1012619291338583
21
-0.2176925590551181
0
LINE
8
BLACK
6
CONTINUOUS
10
0.1012619291338583
20
-0.2176925590551181
11
0.1019527559055118
21
-0.2195905511811024
0
LINE
8
BLACK
6
CONTINUOUS
10
0.1019527559055118
20
-0.2195905511811024
11
0.1019527559055118
21
-0.3315905511811024
0
LINE
8
BLACK
6
CONTINUOUS
10
0.1019527559055118
20
-0.3315905511811024
11
0.1017746850393701
21
-0.3326004724409449
0
LINE
8
BLACK
6
CONTINUOUS
10
0.1017746850393701
20
-0.3326004724409449
11
0.1004763779527559
21
-0.3341477165354331
0
LINE
8
BLACK
6
CONTINUOUS
10
0.1004763779527559
20
-0.3341477165354331
11
0.0984872440944882
21
-0.3344984645669291
0
LINE
8
BLACK
6
CONTINUOUS
10
0.0984872440944882
20
-0.3344984645669291
11
0.0983464566929134
21
-0.3344171653543307
0
LINE
8
BLACK
6
CONTINUOUS
10
0.0983464566929134
20
-0.3344171653543307
11
0.098
21
-0.3345433070866142
0
LINE
8
BLACK
6
CONTINUOUS
10
0.098
20
-0.3345433070866142
11
-0.097
21
-0.3345433070866142
0
LINE
8
BLACK
6
CONTINUOUS
10
-0.097
20
-0.3345433070866142
11
-0.0980099212598425
21
-0.3343652362204724
0
LINE
8
BLACK
6
CONTINUOUS
10
-0.0980099212598425
20
-0.3343652362204724
11
-0.0981397244094488
21
-0.3342563385826772
0
LINE
8
BLACK
6
CONTINUOUS
10
-0.0981397244094488
20
-0.3342563385826772
11
-0.0995127559055118
21
-0.3344984645669291
0
LINE
8
BLACK
6
CONTINUOUS
10
-0.0995127559055118
20
-0.3344984645669291
11
-0.1012619291338583
21
-0.3334885433070866
0
LINE
8
BLACK
6
CONTINUOUS
10
-0.1012619291338583
20
-0.3334885433070866
11
-0.1019527559055118
21
-0.3315905511811024
0
LINE
8
BLACK
6
CONTINUOUS
10
-0.1019527559055118
20
-0.3315905511811024
11
-0.1019527559055118
21
-0.2195905511811024
0
LINE
8
BLACK
6
CONTINUOUS
10
-0.1019527559055118
20
-0.2195905511811024
11
-0.101885157480315
21
-0.2192070078740157
0
LINE
8
BLACK
6
CONTINUOUS
10
-0.101885157480315
20
-0.2192070078740157
11
-0.1019079133858268
21
-0.2190777952755905
0
LINE
8
BLACK
6
CONTINUOUS
10
-0.1019079133858268
20
-0.2190777952755905
11
-0.1018423228346457
21
-0.2189641732283465
0
LINE
8
BLACK
6
CONTINUOUS
10
-0.1018423228346457
20
-0.2189641732283465
11
-0.1017746850393701
21
-0.2185806299212598
0
LINE
8
BLACK
6
CONTINUOUS
10
-0.1017746850393701
20
-0.2185806299212598
11
-0.1012815748031496
21
-0.2179929133858268
0
LINE
8
BLACK
6
CONTINUOUS
10
-0.1012815748031496
20
-0.2179929133858268
11
-0.1008979921259843
21
-0.2173286220472441
0
LINE
8
BLACK
6
CONTINUOUS
10
-0.1008979921259843
20
-0.2173286220472441
11
-0.1006476771653543
21
-0.2172374803149606
0
LINE
8
BLACK
6
CONTINUOUS
10
-0.1006476771653543
20
-0.2172374803149606
11
-0.1004763779527559
21
-0.2170333858267716
0
LINE
8
BLACK
6
CONTINUOUS
10
-0.1004763779527559
20
-0.2170333858267716
11
-0.0997208267716535
21
-0.2169001181102362
0
LINE
8
BLACK
6
CONTINUOUS
10
-0.0997208267716535
20
-0.2169001181102362
11
-0.099
21
-0.2166377952755905
0
LINE
8
BLACK
6
CONTINUOUS
10
-0.099
20
-0.2166377952755905
11
0.096
21
-0.2166377952755905
0
LINE
8
BLACK
6
CONTINUOUS
10
0.096
20
-0.2166377952755905
11
0.0970099212598425
21
-0.2168158661417323
0
LINE
8
BLACK
6
CONTINUOUS
10
0.096
20
-0.2225433070866142
11
-0.0960472440944882
21
-0.2225433070866142
0
LINE
8
BLACK
6
CONTINUOUS
10
-0.0960472440944882
20
-0.2225433070866142
11
-0.0960472440944882
21
-0.3286377952755906
0
LINE
8
BLACK
6
CONTINUOUS
10
-0.0960472440944882
20
-0.3286377952755906
11
0.0960472440944882
21
-0.3286377952755906
0
LINE
8
BLACK
6
CONTINUOUS
10
0.0960472440944882
20
-0.3286377952755906
11
0.0960472440944882
21
-0.2225261023622047
0
LINE
8
BLACK
6
CONTINUOUS
10
0.0960472440944882
20
-0.2225261023622047
11
0.096
21
-0.2225433070866142
0
LINE
8
BLACK
6
CONTINUOUS
10
-0.2335021653543307
20
-0.2825394094488189
11
-0.2327522440944882
21
-0.2832893307086614
0
LINE
8
BLACK
6
CONTINUOUS
10
-0.2327522440944882
20
-0.2832893307086614
11
-0.232677874015748
21
-0.2834688976377953
0
LINE
8
BLACK
6
CONTINUOUS
10
-0.232677874015748
20
-0.2834688976377953
11
-0.2325309842519685
21
-0.2835962992125984
0
LINE
8
BLACK
6
CONTINUOUS
10
-0.2325309842519685
20
-0.2835962992125984
11
-0.2317811023622047
21
-0.2850961023622047
0
LINE
8
BLACK
6
CONTINUOUS
10
-0.2317811023622047
20
-0.2850961023622047
11
-0.2317616535433071
21
-0.2853702755905512
0
LINE
8
BLACK
6
CONTINUOUS
10
-0.2317616535433071
20
-0.2853702755905512
11
-0.2316564173228347
21
-0.2856242913385827
0
LINE
8
BLACK
6
CONTINUOUS
10
-0.2316564173228347
20
-0.2856242913385827
11
-0.2316564173228347
21
-0.2893738188976378
0
LINE
8
BLACK
6
CONTINUOUS
10
-0.2316564173228347
20
-0.2893738188976378
11
-0.2317616535433071
21
-0.2896277952755906
0
LINE
8
BLACK
6
CONTINUOUS
10
-0.2317616535433071
20
-0.2896277952755906
11
-0.2317811023622047
21
-0.2899020078740158
0
LINE
8
BLACK
6
CONTINUOUS
10
-0.2317811023622047
20
-0.2899020078740158
11
-0.2325309842519685
21
-0.2914018110236221
0
LINE
8
BLACK
6
CONTINUOUS
10
-0.2325309842519685
20
-0.2914018110236221
11
-0.232677874015748
21
-0.2915291732283464
0
LINE
8
BLACK
6
CONTINUOUS
10
-0.232677874015748
20
-0.2915291732283464
11
-0.2327522440944882
21
-0.291708779527559
0
LINE
8
BLACK
6
CONTINUOUS
10
-0.2327522440944882
20
-0.291708779527559
11
-0.2335021653543307
21
-0.2924587007874015
0
LINE
8
BLACK
6
CONTINUOUS
10
-0.2335021653543307
20
-0.2924587007874015
11
-0.2336817716535433
21
-0.2925330708661417
0
LINE
8
BLACK
6
CONTINUOUS
10
-0.2336817716535433
20
-0.2925330708661417
11
-0.2338091338582677
21
-0.2926799606299212
0
LINE
8
BLACK
6
CONTINUOUS
10
-0.2338091338582677
20
-0.2926799606299212
11
-0.235308937007874
21
-0.293429842519685
0
LINE
8
BLACK
6
CONTINUOUS
10
-0.235308937007874
20
-0.293429842519685
11
-0.2355831496062992
21
-0.2934492913385827
0
LINE
8
BLACK
6
CONTINUOUS
10
-0.2355831496062992
20
-0.2934492913385827
11
-0.235837125984252
21
-0.2935545275590551
0
LINE
8
BLACK
6
CONTINUOUS
10
-0.235837125984252
20
-0.2935545275590551
11
-0.2395866535433071
21
-0.2935545275590551
0
LINE
8
BLACK
6
CONTINUOUS
10
-0.2395866535433071
20
-0.2935545275590551
11
-0.2398406692913386
21
-0.2934492913385827
0
LINE
8
BLACK
6
CONTINUOUS
10
-0.2398406692913386
20
-0.2934492913385827
11
-0.240114842519685
21
-0.293429842519685
0
LINE
8
BLACK
6
CONTINUOUS
10
-0.240114842519685
20
-0.293429842519685
11
-0.2416146850393701
21
-0.2926799606299212
0
LINE
8
BLACK
6
CONTINUOUS
10
-0.2416146850393701
20
-0.2926799606299212
11
-0.2417420866141732
21
-0.292533031496063
0
LINE
8
BLACK
6
CONTINUOUS
10
-0.2417420866141732
20
-0.292533031496063
11
-0.2419216929133858
21
-0.2924586614173229
0
LINE
8
BLACK
6
CONTINUOUS
10
-0.2419216929133858
20
-0.2924586614173229
11
-0.2426715748031496
21
-0.291708779527559
0
LINE
8
BLACK
6
CONTINUOUS
10
-0.2426715748031496
20
-0.291708779527559
11
-0.2427459842519685
21
-0.2915291732283464
0
LINE
8
BLACK
6
CONTINUOUS
10
-0.2427459842519685
20
-0.2915291732283464
11
-0.2428927952755905
21
-0.2914018503937008
0
LINE
8
BLACK
6
CONTINUOUS
10
-0.2428927952755905
20
-0.2914018503937008
11
-0.2436427165354331
21
-0.2899020472440945
0
LINE
8
BLACK
6
CONTINUOUS
10
-0.2436427165354331
20
-0.2899020472440945
11
-0.2436622047244094
21
-0.2896277559055118
0
LINE
8
BLACK
6
CONTINUOUS
10
-0.2436622047244094
20
-0.2896277559055118
11
-0.2437674015748031
21
-0.2893738188976378
0
LINE
8
BLACK
6
CONTINUOUS
10
-0.2437674015748031
20
-0.2893738188976378
11
-0.2437674015748031
21
-0.2856242913385827
0
LINE
8
BLACK
6
CONTINUOUS
10
-0.2437674015748031
20
-0.2856242913385827
11
-0.2436622047244094
21
-0.2853703149606299
0
LINE
8
BLACK
6
CONTINUOUS
10
-0.2436622047244094
20
-0.2853703149606299
11
-0.2436427165354331
21
-0.285096062992126
0
LINE
8
BLACK
6
CONTINUOUS
10
-0.2436427165354331
20
-0.285096062992126
11
-0.2434959448818897
21
-0.2848024803149606
0
LINE
8
BLACK
6
CONTINUOUS
10
-0.2434959448818897
20
-0.2848024803149606
11
-0.2474044488188976
21
-0.2851933464566929
0
LINE
8
BLACK
6
CONTINUOUS
10
-0.2474044488188976
20
-0.2851933464566929
11
-0.2474044488188976
21
-0.2916235433070866
0
LINE
8
BLACK
6
CONTINUOUS
10
-0.2474044488188976
20
-0.2916235433070866
11
-0.2477503937007874
21
-0.2924587007874015
0
LINE
8
BLACK
6
CONTINUOUS
10
-0.2477503937007874
20
-0.2924587007874015
11
-0.2485855511811023
21
-0.2928046456692913
0
LINE
8
BLACK
6
CONTINUOUS
10
-0.2485855511811023
20
-0.2928046456692913
11
-0.2494207086614173
21
-0.2924587007874015
0
LINE
8
BLACK
6
CONTINUOUS
10
-0.2494207086614173
20
-0.2924587007874015
11
-0.2497666535433071
21
-0.2916235433070866
0
LINE
8
BLACK
6
CONTINUOUS
10
-0.2497666535433071
20
-0.2916235433070866
11
-0.2497666535433071
21
-0.2841244881889764
0
LINE
8
BLACK
6
CONTINUOUS
10
-0.2497666535433071
20
-0.2841244881889764
11
-0.2496145669291339
21
-0.2837572440944882
0
LINE
8
BLACK
6
CONTINUOUS
10
-0.2496145669291339
20
-0.2837572440944882
11
-0.2494996850393701
21
-0.2833765748031496
0
LINE
8
BLACK
6
CONTINUOUS
10
-0.2494996850393701
20
-0.2833765748031496
11
-0.2494446456692913
21
-0.2833470078740157
0
LINE
8
BLACK
6
CONTINUOUS
10
-0.2494446456692913
20
-0.2833470078740157
11
-0.2494207086614173
21
-0.2832893307086614
0
LINE
8
BLACK
6
CONTINUOUS
10
-0.2494207086614173
20
-0.2832893307086614
11
-0.2490534645669291
21
-0.2831371653543307
0
LINE
8
BLACK
6
CONTINUOUS
10
-0.2490534645669291
20
-0.2831371653543307
11
-0.2487030708661417
21
-0.282949251968504
0
LINE
8
BLACK
6
CONTINUOUS
10
-0.2487030708661417
20
-0.282949251968504
11
-0.2412040157480315
21
-0.2821993307086614
0
LINE
8
BLACK
6
CONTINUOUS
10
-0.2412040157480315
20
-0.2821993307086614
11
-0.2411442519685039
21
-0.2822173622047244
0
LINE
8
BLACK
6
CONTINUOUS
10
-0.2411442519685039
20
-0.2822173622047244
11
-0.2410865354330708
21
-0.2821934645669291
0
LINE
8
BLACK
6
CONTINUOUS
10
-0.2410865354330708
20
-0.2821934645669291
11
-0.2407192913385827
21
-0.2823455511811024
0
LINE
8
BLACK
6
CONTINUOUS
10
-0.2407192913385827
20
-0.2823455511811024
11
-0.2403385826771653
21
-0.2824604330708662
0
LINE
8
BLACK
6
CONTINUOUS
10
-0.2403385826771653
20
-0.2824604330708662
11
-0.2403090551181102
21
-0.2825154724409449
0
LINE
8
BLACK
6
CONTINUOUS
10
-0.2403090551181102
20
-0.2825154724409449
11
-0.2402513779527559
21
-0.2825393700787401
0
LINE
8
BLACK
6
CONTINUOUS
10
-0.2402513779527559
20
-0.2825393700787401
11
-0.2400992519685039
21
-0.2829066141732283
0
LINE
8
BLACK
6
CONTINUOUS
10
-0.2400992519685039
20
-0.2829066141732283
11
-0.2399112598425197
21
-0.2832570472440945
0
LINE
8
BLACK
6
CONTINUOUS
10
-0.2399112598425197
20
-0.2832570472440945
11
-0.2399293307086614
21
-0.2833168110236221
0
LINE
8
BLACK
6
CONTINUOUS
10
-0.2399293307086614
20
-0.2833168110236221
11
-0.2399053937007874
21
-0.2833745275590551
0
LINE
8
BLACK
6
CONTINUOUS
10
-0.2399053937007874
20
-0.2833745275590551
11
-0.2400576377952756
21
-0.2837420472440945
0
LINE
8
BLACK
6
CONTINUOUS
10
-0.2400576377952756
20
-0.2837420472440945
11
-0.2401724015748032
21
-0.2841224803149606
0
LINE
8
BLACK
6
CONTINUOUS
10
-0.2401724015748032
20
-0.2841224803149606
11
-0.2402274015748032
21
-0.284151968503937
0
LINE
8
BLACK
6
CONTINUOUS
10
-0.2402274015748032
20
-0.284151968503937
11
-0.2402512992125984
21
-0.2842097244094488
0
LINE
8
BLACK
6
CONTINUOUS
10
-0.2402512992125984
20
-0.2842097244094488
11
-0.2408657086614173
21
-0.2848241338582677
0
LINE
8
BLACK
6
CONTINUOUS
10
-0.2408657086614173
20
-0.2848241338582677
11
-0.2414051968503937
21
-0.2859031496062992
0
LINE
8
BLACK
6
CONTINUOUS
10
-0.2414051968503937
20
-0.2859031496062992
11
-0.2414051968503937
21
-0.2890949606299212
0
LINE
8
BLACK
6
CONTINUOUS
10
-0.2414051968503937
20
-0.2890949606299212
11
-0.2408657086614173
21
-0.290173937007874
0
LINE
8
BLACK
6
CONTINUOUS
10
-0.2408657086614173
20
-0.290173937007874
11
-0.2403868110236221
21
-0.2906528346456693
0
LINE
8
BLACK
6
CONTINUOUS
10
-0.2403868110236221
20
-0.2906528346456693
11
-0.2393078346456693
21
-0.2911923228346457
0
LINE
8
BLACK
6
CONTINUOUS
10
-0.2393078346456693
20
-0.2911923228346457
11
-0.2361159448818897
21
-0.2911923228346457
0
LINE
8
BLACK
6
CONTINUOUS
10
-0.2361159448818897
20
-0.2911923228346457
11
-0.2350369291338583
21
-0.2906527952755906
0
LINE
8
BLACK
6
CONTINUOUS
10
-0.2350369291338583
20
-0.2906527952755906
11
-0.2345581496062992
21
-0.2901740157480315
0
LINE
8
BLACK
6
CONTINUOUS
10
-0.2345581496062992
20
-0.2901740157480315
11
-0.2340186220472441
21
-0.289095
0
LINE
8
BLACK
6
CONTINUOUS
10
-0.2340186220472441
20
-0.289095
11
-0.2340186220472441
21
-0.2859030708661418
0
LINE
8
BLACK
6
CONTINUOUS
10
-0.2340186220472441
20
-0.2859030708661418
11
-0.2345581496062992
21
-0.2848240551181102
0
LINE
8
BLACK
6
CONTINUOUS
10
-0.2345581496062992
20
-0.2848240551181102
11
-0.2351724803149606
21
-0.2842097244094488
0
LINE
8
BLACK
6
CONTINUOUS
10
-0.2351724803149606
20
-0.2842097244094488
11
-0.2355184251968504
21
-0.2833745669291339
0
LINE
8
BLACK
6
CONTINUOUS
10
-0.2355184251968504
20
-0.2833745669291339
11
-0.2351724803149606
21
-0.2825394094488189
0
LINE
8
BLACK
6
CONTINUOUS
10
-0.2351724803149606
20
-0.2825394094488189
11
-0.2343373228346457
21
-0.2821934645669291
0
LINE
8
BLACK
6
CONTINUOUS
10
-0.2343373228346457
20
-0.2821934645669291
11
-0.2335021653543307
21
-0.2825394094488189
0
LINE
8
BLACK
6
CONTINUOUS
10
-0.2320023622047244
20
-0.2675412992125984
11
-0.2316564173228347
21
-0.2683764566929134
0
LINE
8
BLACK
6
CONTINUOUS
10
-0.2316564173228347
20
-0.2683764566929134
11
-0.2320023622047244
21
-0.2692116141732284
0
LINE
8
BLACK
6
CONTINUOUS
10
-0.2320023622047244
20
-0.2692116141732284
11
-0.2328375196850394
21
-0.2695575590551181
0
LINE
8
BLACK
6
CONTINUOUS
10
-0.2328375196850394
20
-0.2695575590551181
11
-0.2391554724409449
21
-0.2695575590551181
0
LINE
8
BLACK
6
CONTINUOUS
10
-0.2391554724409449
20
-0.2695575590551181
11
-0.2391554724409449
21
-0.2715110236220473
0
LINE
8
BLACK
6
CONTINUOUS
10
-0.2391554724409449
20
-0.2715110236220473
11
-0.2321602362204724
21
-0.2764077165354331
0
LINE
8
BLACK
6
CONTINUOUS
10
-0.2321602362204724
20
-0.2764077165354331
11
-0.2316744094488189
21
-0.2771700393700787
0
LINE
8
BLACK
6
CONTINUOUS
10
-0.2316744094488189
20
-0.2771700393700787
11
-0.2318699212598425
21
-0.2780526377952756
0
LINE
8
BLACK
6
CONTINUOUS
10
-0.2318699212598425
20
-0.2780526377952756
11
-0.2326322834645669
21
-0.2785384251968504
0
LINE
8
BLACK
6
CONTINUOUS
10
-0.2326322834645669
20
-0.2785384251968504
11
-0.233514842519685
21
-0.2783429133858268
0
LINE
8
BLACK
6
CONTINUOUS
10
-0.233514842519685
20
-0.2783429133858268
11
-0.2391615354330709
21
-0.2743902362204724
0
LINE
8
BLACK
6
CONTINUOUS
10
-0.2391615354330709
20
-0.2743902362204724
11
-0.2392607086614173
21
-0.2746296850393701
0
LINE
8
BLACK
6
CONTINUOUS
10
-0.2392607086614173
20
-0.2746296850393701
11
-0.2392801574803149
21
-0.2749038976377953
0
LINE
8
BLACK
6
CONTINUOUS
10
-0.2392801574803149
20
-0.2749038976377953
11
-0.2400300787401575
21
-0.2764037401574803
0
LINE
8
BLACK
6
CONTINUOUS
10
-0.2400300787401575
20
-0.2764037401574803
11
-0.2401769291338583
21
-0.276531062992126
0
LINE
8
BLACK
6
CONTINUOUS
10
-0.2401769291338583
20
-0.276531062992126
11
-0.2402512992125984
21
-0.2767106692913386
0
LINE
8
BLACK
6
CONTINUOUS
10
-0.2402512992125984
20
-0.2767106692913386
11
-0.2410012204724409
21
-0.2774605511811024
0
LINE
8
BLACK
6
CONTINUOUS
10
-0.2410012204724409
20
-0.2774605511811024
11
-0.2411807874015748
21
-0.2775348818897638
0
LINE
8
BLACK
6
CONTINUOUS
10
-0.2411807874015748
20
-0.2775348818897638
11
-0.2413081496062992
21
-0.277681811023622
0
LINE
8
BLACK
6
CONTINUOUS
10
-0.2413081496062992
20
-0.277681811023622
11
-0.242808031496063
21
-0.2784317322834646
0
LINE
8
BLACK
6
CONTINUOUS
10
-0.242808031496063
20
-0.2784317322834646
11
-0.2430822440944882
21
-0.2784511811023622
0
LINE
8
BLACK
6
CONTINUOUS
10
-0.2430822440944882
20
-0.2784511811023622
11
-0.2433362204724409
21
-0.2785564173228346
0
LINE
8
BLACK
6
CONTINUOUS
10
-0.2433362204724409
20
-0.2785564173228346
11
-0.245585905511811
21
-0.2785564173228346
0
LINE
8
BLACK
6
CONTINUOUS
10
-0.245585905511811
20
-0.2785564173228346
11
-0.2458399212598425
21
-0.2784511811023622
0
LINE
8
BLACK
6
CONTINUOUS
10
-0.2458399212598425
20
-0.2784511811023622
11
-0.246114094488189
21
-0.2784317322834646
0
LINE
8
BLACK
6
CONTINUOUS
10
-0.246114094488189
20
-0.2784317322834646
11
-0.247613937007874
21
-0.277681811023622
0
LINE
8
BLACK
6
CONTINUOUS
10
-0.247613937007874
20
-0.277681811023622
11
-0.2477412992125984
21
-0.2775349606299213
0
LINE
8
BLACK
6
CONTINUOUS
10
-0.2477412992125984
20
-0.2775349606299213
11
-0.247920905511811
21
-0.2774605905511811
0
LINE
8
BLACK
6
CONTINUOUS
10
-0.247920905511811
20
-0.2774605905511811
11
-0.2486707874015748
21
-0.2767106692913386
0
LINE
8
BLACK
6
CONTINUOUS
10
-0.2486707874015748
20
-0.2767106692913386
11
-0.2487451968503937
21
-0.2765311023622047
0
LINE
8
BLACK
6
CONTINUOUS
10
-0.2487451968503937
20
-0.2765311023622047
11
-0.2488920472440945
21
-0.2764037401574803
0
LINE
8
BLACK
6
CONTINUOUS
10
-0.2488920472440945
20
-0.2764037401574803
11
-0.249641968503937
21
-0.274903937007874
0
LINE
8
BLACK
6
CONTINUOUS
10
-0.249641968503937
20
-0.274903937007874
11
-0.2496614566929134
21
-0.2746296456692913
0
LINE
8
BLACK
6
CONTINUOUS
10
-0.2496614566929134
20
-0.2746296456692913
11
-0.2497666535433071
21
-0.2743757086614173
0
LINE
8
BLACK
6
CONTINUOUS
10
-0.2497666535433071
20
-0.2743757086614173
11
-0.2497666535433071
21
-0.2683764566929134
0
LINE
8
BLACK
6
CONTINUOUS
10
-0.2497666535433071
20
-0.2683764566929134
11
-0.2494207086614173
21
-0.2675412992125984
0
LINE
8
BLACK
6
CONTINUOUS
10
-0.2494207086614173
20
-0.2675412992125984
11
-0.2485855511811023
21
-0.2671953543307087
0
LINE
8
BLACK
6
CONTINUOUS
10
-0.2485855511811023
20
-0.2671953543307087
11
-0.2328375196850394
21
-0.2671953543307087
0
LINE
8
BLACK
6
CONTINUOUS
10
-0.2328375196850394
20
-0.2671953543307087
11
-0.2320023622047244
21
-0.2675412992125984
0
LINE
8
BLACK
6
CONTINUOUS
10
-0.2474044488188976
20
-0.2740968503937008
11
-0.2468649606299212
21
-0.2751758661417323
0
LINE
8
BLACK
6
CONTINUOUS
10
-0.2468649606299212
20
-0.2751758661417323
11
-0.2463861023622047
21
-0.2756546850393701
0
LINE
8
BLACK
6
CONTINUOUS
10
-0.2463861023622047
20
-0.2756546850393701
11
-0.2453070472440945
21
-0.2761942125984252
0
LINE
8
BLACK
6
CONTINUOUS
10
-0.2453070472440945
20
-0.2761942125984252
11
-0.2436150393700787
21
-0.2761942125984252
0
LINE
8
BLACK
6
CONTINUOUS
10
-0.2436150393700787
20
-0.2761942125984252
11
-0.2425360236220472
21
-0.2756546850393701
0
LINE
8
BLACK
6
CONTINUOUS
10
-0.2425360236220472
20
-0.2756546850393701
11
-0.2420572440944882
21
-0.2751758661417323
0
LINE
8
BLACK
6
CONTINUOUS
10
-0.2420572440944882
20
-0.2751758661417323
11
-0.2415176771653543
21
-0.274096811023622
0
LINE
8
BLACK
6
CONTINUOUS
10
-0.2415176771653543
20
-0.274096811023622
11
-0.2415176771653543
21
-0.2695575590551181
0
LINE
8
BLACK
6
CONTINUOUS
10
-0.2415176771653543
20
-0.2695575590551181
11
-0.2474044488188976
21
-0.2695575590551181
0
LINE
8
BLACK
6
CONTINUOUS
10
-0.2474044488188976
20
-0.2695575590551181
11
-0.2474044488188976
21
-0.2740968503937008
0
LINE
8
BLACK
6
CONTINUOUS
10
-0.223759842519685
20
-0.2465354330708661
11
-0.2223679133858268
21
-0.2471120078740157
0
LINE
8
BLACK
6
CONTINUOUS
10
-0.2223679133858268
20
-0.2471120078740157
11
-0.2217913385826772
21
-0.248503937007874
0
LINE
8
BLACK
6
CONTINUOUS
10
-0.2217913385826772
20
-0.248503937007874
11
-0.2217913385826772
21
-0.311496062992126
0
LINE
8
BLACK
6
CONTINUOUS
10
-0.2217913385826772
20
-0.311496062992126
11
-0.2223679133858268
21
-0.3128879921259842
0
LINE
8
BLACK
6
CONTINUOUS
10
-0.2223679133858268
20
-0.3128879921259842
11
-0.223759842519685
21
-0.3134645669291338
0
LINE
8
BLACK
6
CONTINUOUS
10
-0.223759842519685
20
-0.3134645669291338
11
-0.256240157480315
21
-0.3134645669291338
0
LINE
8
BLACK
6
CONTINUOUS
10
-0.256240157480315
20
-0.3134645669291338
11
-0.2576320866141733
21
-0.3128879921259842
0
LINE
8
BLACK
6
CONTINUOUS
10
-0.2576320866141733
20
-0.3128879921259842
11
-0.2582086614173228
21
-0.311496062992126
0
LINE
8
BLACK
6
CONTINUOUS
10
-0.2582086614173228
20
-0.311496062992126
11
-0.2582086614173228
21
-0.248503937007874
0
LINE
8
BLACK
6
CONTINUOUS
10
-0.2582086614173228
20
-0.248503937007874
11
-0.2576320866141733
21
-0.2471120078740157
0
LINE
8
BLACK
6
CONTINUOUS
10
-0.2576320866141733
20
-0.2471120078740157
11
-0.256240157480315
21
-0.2465354330708661
0
LINE
8
BLACK
6
CONTINUOUS
10
-0.256240157480315
20
-0.2465354330708661
11
-0.223759842519685
21
-0.2465354330708661
0
LINE
8
BLACK
6
CONTINUOUS
10
-0.2542716535433071
20
-0.2504724409448819
11
-0.2542716535433071
21
-0.3095275590551181
0
LINE
8
BLACK
6
CONTINUOUS
10
-0.2542716535433071
20
-0.3095275590551181
11
-0.2257283464566929
21
-0.3095275590551181
0
LINE
8
BLACK
6
CONTINUOUS
10
-0.2257283464566929
20
-0.3095275590551181
11
-0.2257283464566929
21
-0.2504724409448819
0
LINE
8
BLACK
6
CONTINUOUS
10
-0.2257283464566929
20
-0.2504724409448819
11
-0.2542716535433071
21
-0.2504724409448819
0
LINE
8
BLACK
6
CONTINUOUS
10
-0.157832874015748
20
-0.2822986614173228
11
-0.1575586614173228
21
-0.2823181496062992
0
LINE
8
BLACK
6
CONTINUOUS
10
-0.1575586614173228
20
-0.2823181496062992
11
-0.1574312992125984
21
-0.282465
0
LINE
8
BLACK
6
CONTINUOUS
10
-0.1574312992125984
20
-0.282465
11
-0.1572516929133858
21
-0.2825394094488189
0
LINE
8
BLACK
6
CONTINUOUS
10
-0.1572516929133858
20
-0.2825394094488189
11
-0.1571464960629921
21
-0.2827933858267717
0
LINE
8
BLACK
6
CONTINUOUS
10
-0.1571464960629921
20
-0.2827933858267717
11
-0.1569663779527559
21
-0.283001062992126
0
LINE
8
BLACK
6
CONTINUOUS
10
-0.1569663779527559
20
-0.283001062992126
11
-0.156980157480315
21
-0.2831949212598425
0
LINE
8
BLACK
6
CONTINUOUS
10
-0.156980157480315
20
-0.2831949212598425
11
-0.1569057480314961
21
-0.2833745669291339
0
LINE
8
BLACK
6
CONTINUOUS
10
-0.1569057480314961
20
-0.2833745669291339
11
-0.1569057480314961
21
-0.2896925196850393
0
LINE
8
BLACK
6
CONTINUOUS
10
-0.1569057480314961
20
-0.2896925196850393
11
-0.1528375196850394
21
-0.2896925196850393
0
LINE
8
BLACK
6
CONTINUOUS
10
-0.1528375196850394
20
-0.2896925196850393
11
-0.1520023622047244
21
-0.2900384645669291
0
LINE
8
BLACK
6
CONTINUOUS
10
-0.1520023622047244
20
-0.2900384645669291
11
-0.1516564173228346
21
-0.2908736220472441
0
LINE
8
BLACK
6
CONTINUOUS
10
-0.1516564173228346
20
-0.2908736220472441
11
-0.1520023622047244
21
-0.291708779527559
0
LINE
8
BLACK
6
CONTINUOUS
10
-0.1520023622047244
20
-0.291708779527559
11
-0.1528375196850394
21
-0.2920547244094488
0
LINE
8
BLACK
6
CONTINUOUS
10
-0.1528375196850394
20
-0.2920547244094488
11
-0.1569057480314961
21
-0.2920547244094488
0
LINE
8
BLACK
6
CONTINUOUS
10
-0.1569057480314961
20
-0.2920547244094488
11
-0.1569057480314961
21
-0.2931233464566929
0
LINE
8
BLACK
6
CONTINUOUS
10
-0.1569057480314961
20
-0.2931233464566929
11
-0.1572516929133858
21
-0.2939585039370078
0
LINE
8
BLACK
6
CONTINUOUS
10
-0.1572516929133858
20
-0.2939585039370078
11
-0.1580868503937008
21
-0.2943044488188976
0
LINE
8
BLACK
6
CONTINUOUS
10
-0.1580868503937008
20
-0.2943044488188976
11
-0.1589220078740158
21
-0.2939585039370078
0
LINE
8
BLACK
6
CONTINUOUS
10
-0.1589220078740158
20
-0.2939585039370078
11
-0.1592679527559055
21
-0.2931233464566929
0
LINE
8
BLACK
6
CONTINUOUS
10
-0.1592679527559055
20
-0.2931233464566929
11
-0.1592679527559055
21
-0.2920547244094488
0
LINE
8
BLACK
6
CONTINUOUS
10
-0.1592679527559055
20
-0.2920547244094488
11
-0.163336220472441
21
-0.2920547244094488
0
LINE
8
BLACK
6
CONTINUOUS
10
-0.163336220472441
20
-0.2920547244094488
11
-0.1641713779527559
21
-0.291708779527559
0
LINE
8
BLACK
6
CONTINUOUS
10
-0.1641713779527559
20
-0.291708779527559
11
-0.1645173228346457
21
-0.2908736220472441
0
LINE
8
BLACK
6
CONTINUOUS
10
-0.1645173228346457
20
-0.2908736220472441
11
-0.1641713779527559
21
-0.2900384645669291
0
LINE
8
BLACK
6
CONTINUOUS
10
-0.1641713779527559
20
-0.2900384645669291
11
-0.163336220472441
21
-0.2896925196850393
0
LINE
8
BLACK
6
CONTINUOUS
10
-0.163336220472441
20
-0.2896925196850393
11
-0.1592679527559055
21
-0.2896925196850393
0
LINE
8
BLACK
6
CONTINUOUS
10
-0.1592679527559055
20
-0.2896925196850393
11
-0.1592679527559055
21
-0.2850132283464567
0
LINE
8
BLACK
6
CONTINUOUS
10
-0.1592679527559055
20
-0.2850132283464567
11
-0.1689619291338583
21
-0.2882445669291339
0
LINE
8
BLACK
6
CONTINUOUS
10
-0.1689619291338583
20
-0.2882445669291339
11
-0.1698636220472441
21
-0.2881805118110236
0
LINE
8
BLACK
6
CONTINUOUS
10
-0.1698636220472441
20
-0.2881805118110236
11
-0.170455905511811
21
-0.2874975984251968
0
LINE
8
BLACK
6
CONTINUOUS
10
-0.170455905511811
20
-0.2874975984251968
11
-0.1703918503937008
21
-0.286595905511811
0
LINE
8
BLACK
6
CONTINUOUS
10
-0.1703918503937008
20
-0.286595905511811
11
-0.169708937007874
21
-0.2860036220472441
0
LINE
8
BLACK
6
CONTINUOUS
10
-0.169708937007874
20
-0.2860036220472441
11
-0.1584603543307087
21
-0.2822540944881889
0
LINE
8
BLACK
6
CONTINUOUS
10
-0.1584603543307087
20
-0.2822540944881889
11
-0.1582664960629921
21
-0.2822678346456693
0
LINE
8
BLACK
6
CONTINUOUS
10
-0.1582664960629921
20
-0.2822678346456693
11
-0.1580868503937008
21
-0.2821934645669291
0
LINE
8
BLACK
6
CONTINUOUS
10
-0.1580868503937008
20
-0.2821934645669291
11
-0.157832874015748
21
-0.2822986614173228
0
LINE
8
BLACK
6
CONTINUOUS
10
-0.1520023622047244
20
-0.2675412992125984
11
-0.1516564173228346
21
-0.2683764566929134
0
LINE
8
BLACK
6
CONTINUOUS
10
-0.1516564173228346
20
-0.2683764566929134
11
-0.1520023622047244
21
-0.2692116141732284
0
LINE
8
BLACK
6
CONTINUOUS
10
-0.1520023622047244
20
-0.2692116141732284
11
-0.1528375196850394
21
-0.2695575590551181
0
LINE
8
BLACK
6
CONTINUOUS
10
-0.1528375196850394
20
-0.2695575590551181
11
-0.1591554724409449
21
-0.2695575590551181
0
LINE
8
BLACK
6
CONTINUOUS
10
-0.1591554724409449
20
-0.2695575590551181
11
-0.1591554724409449
21
-0.2715110236220473
0
LINE
8
BLACK
6
CONTINUOUS
10
-0.1591554724409449
20
-0.2715110236220473
11
-0.1521602362204725
21
-0.2764077165354331
0
LINE
8
BLACK
6
CONTINUOUS
10
-0.1521602362204725
20
-0.2764077165354331
11
-0.1516744094488189
21
-0.2771700393700787
0
LINE
8
BLACK
6
CONTINUOUS
10
-0.1516744094488189
20
-0.2771700393700787
11
-0.1518699212598425
21
-0.2780526377952756
0
LINE
8
BLACK
6
CONTINUOUS
10
-0.1518699212598425
20
-0.2780526377952756
11
-0.1526322834645669
21
-0.2785384251968504
0
LINE
8
BLACK
6
CONTINUOUS
10
-0.1526322834645669
20
-0.2785384251968504
11
-0.153514842519685
21
-0.2783429133858268
0
LINE
8
BLACK
6
CONTINUOUS
10
-0.153514842519685
20
-0.2783429133858268
11
-0.1591615354330708
21
-0.2743902362204724
0
LINE
8
BLACK
6
CONTINUOUS
10
-0.1591615354330708
20
-0.2743902362204724
11
-0.1592607086614173
21
-0.2746296850393701
0
LINE
8
BLACK
6
CONTINUOUS
10
-0.1592607086614173
20
-0.2746296850393701
11
-0.159280157480315
21
-0.2749038976377953
0
LINE
8
BLACK
6
CONTINUOUS
10
-0.159280157480315
20
-0.2749038976377953
11
-0.1600300787401575
21
-0.2764037401574803
0
LINE
8
BLACK
6
CONTINUOUS
10
-0.1600300787401575
20
-0.2764037401574803
11
-0.1601769291338583
21
-0.276531062992126
0
LINE
8
BLACK
6
CONTINUOUS
10
-0.1601769291338583
20
-0.276531062992126
11
-0.1602512992125984
21
-0.2767106692913386
0
LINE
8
BLACK
6
CONTINUOUS
10
-0.1602512992125984
20
-0.2767106692913386
11
-0.1610012204724409
21
-0.2774605511811024
0
LINE
8
BLACK
6
CONTINUOUS
10
-0.1610012204724409
20
-0.2774605511811024
11
-0.1611807874015748
21
-0.2775348818897638
0
LINE
8
BLACK
6
CONTINUOUS
10
-0.1611807874015748
20
-0.2775348818897638
11
-0.1613081496062992
21
-0.277681811023622
0
LINE
8
BLACK
6
CONTINUOUS
10
-0.1613081496062992
20
-0.277681811023622
11
-0.162808031496063
21
-0.2784317322834646
0
LINE
8
BLACK
6
CONTINUOUS
10
-0.162808031496063
20
-0.2784317322834646
11
-0.1630822440944882
21
-0.2784511811023622
0
LINE
8
BLACK
6
CONTINUOUS
10
-0.1630822440944882
20
-0.2784511811023622
11
-0.163336220472441
21
-0.2785564173228346
0
LINE
8
BLACK
6
CONTINUOUS
10
-0.163336220472441
20
-0.2785564173228346
11
-0.165585905511811
21
-0.2785564173228346
0
LINE
8
BLACK
6
CONTINUOUS
10
-0.165585905511811
20
-0.2785564173228346
11
-0.1658399212598425
21
-0.2784511811023622
0
LINE
8
BLACK
6
CONTINUOUS
10
-0.1658399212598425
20
-0.2784511811023622
11
-0.166114094488189
21
-0.2784317322834646
0
LINE
8
BLACK
6
CONTINUOUS
10
-0.166114094488189
20
-0.2784317322834646
11
-0.167613937007874
21
-0.277681811023622
0
LINE
8
BLACK
6
CONTINUOUS
10
-0.167613937007874
20
-0.277681811023622
11
-0.1677412992125984
21
-0.2775349606299213
0
LINE
8
BLACK
6
CONTINUOUS
10
-0.1677412992125984
20
-0.2775349606299213
11
-0.167920905511811
21
-0.2774605905511811
0
LINE
8
BLACK
6
CONTINUOUS
10
-0.167920905511811
20
-0.2774605905511811
11
-0.1686707874015748
21
-0.2767106692913386
0
LINE
8
BLACK
6
CONTINUOUS
10
-0.1686707874015748
20
-0.2767106692913386
11
-0.1687451968503937
21
-0.2765311023622047
0
LINE
8
BLACK
6
CONTINUOUS
10
-0.1687451968503937
20
-0.2765311023622047
11
-0.1688920472440945
21
-0.2764037401574803
0
LINE
8
BLACK
6
CONTINUOUS
10
-0.1688920472440945
20
-0.2764037401574803
11
-0.169641968503937
21
-0.274903937007874
0
LINE
8
BLACK
6
CONTINUOUS
10
-0.169641968503937
20
-0.274903937007874
11
-0.1696614566929134
21
-0.2746296456692913
0
LINE
8
BLACK
6
CONTINUOUS
10
-0.1696614566929134
20
-0.2746296456692913
11
-0.1697666535433071
21
-0.2743757086614173
0
LINE
8
BLACK
6
CONTINUOUS
10
-0.1697666535433071
20
-0.2743757086614173
11
-0.1697666535433071
21
-0.2683764566929134
0
LINE
8
BLACK
6
CONTINUOUS
10
-0.1697666535433071
20
-0.2683764566929134
11
-0.1694207086614173
21
-0.2675412992125984
0
LINE
8
BLACK
6
CONTINUOUS
10
-0.1694207086614173
20
-0.2675412992125984
11
-0.1685855511811024
21
-0.2671953543307087
0
LINE
8
BLACK
6
CONTINUOUS
10
-0.1685855511811024
20
-0.2671953543307087
11
-0.1528375196850394
21
-0.2671953543307087
0
LINE
8
BLACK
6
CONTINUOUS
10
-0.1528375196850394
20
-0.2671953543307087
11
-0.1520023622047244
21
-0.2675412992125984
0
LINE
8
BLACK
6
CONTINUOUS
10
-0.1674044488188976
20
-0.2740968503937008
11
-0.1668649606299213
21
-0.2751758661417323
0
LINE
8
BLACK
6
CONTINUOUS
10
-0.1668649606299213
20
-0.2751758661417323
11
-0.1663861023622047
21
-0.2756546850393701
0
LINE
8
BLACK
6
CONTINUOUS
10
-0.1663861023622047
20
-0.2756546850393701
11
-0.1653070472440945
21
-0.2761942125984252
0
LINE
8
BLACK
6
CONTINUOUS
10
-0.1653070472440945
20
-0.2761942125984252
11
-0.1636150393700787
21
-0.2761942125984252
0
LINE
8
BLACK
6
CONTINUOUS
10
-0.1636150393700787
20
-0.2761942125984252
11
-0.1625360236220472
21
-0.2756546850393701
0
LINE
8
BLACK
6
CONTINUOUS
10
-0.1625360236220472
20
-0.2756546850393701
11
-0.1620572440944882
21
-0.2751758661417323
0
LINE
8
BLACK
6
CONTINUOUS
10
-0.1620572440944882
20
-0.2751758661417323
11
-0.1615176771653543
21
-0.274096811023622
0
LINE
8
BLACK
6
CONTINUOUS
10
-0.1615176771653543
20
-0.274096811023622
11
-0.1615176771653543
21
-0.2695575590551181
0
LINE
8
BLACK
6
CONTINUOUS
10
-0.1615176771653543
20
-0.2695575590551181
11
-0.1674044488188976
21
-0.2695575590551181
0
LINE
8
BLACK
6
CONTINUOUS
10
-0.1674044488188976
20
-0.2695575590551181
11
-0.1674044488188976
21
-0.2740968503937008
0
LINE
8
BLACK
6
CONTINUOUS
10
-0.143759842519685
20
-0.2465354330708661
11
-0.1423679133858268
21
-0.2471120078740157
0
LINE
8
BLACK
6
CONTINUOUS
10
-0.1423679133858268
20
-0.2471120078740157
11
-0.1417913385826772
21
-0.248503937007874
0
LINE
8
BLACK
6
CONTINUOUS
10
-0.1417913385826772
20
-0.248503937007874
11
-0.1417913385826772
21
-0.311496062992126
0
LINE
8
BLACK
6
CONTINUOUS
10
-0.1417913385826772
20
-0.311496062992126
11
-0.1423679133858268
21
-0.3128879921259842
0
LINE
8
BLACK
6
CONTINUOUS
10
-0.1423679133858268
20
-0.3128879921259842
11
-0.143759842519685
21
-0.3134645669291338
0
LINE
8
BLACK
6
CONTINUOUS
10
-0.143759842519685
20
-0.3134645669291338
11
-0.176240157480315
21
-0.3134645669291338
0
LINE
8
BLACK
6
CONTINUOUS
10
-0.176240157480315
20
-0.3134645669291338
11
-0.1776320866141732
21
-0.3128879921259842
0
LINE
8
BLACK
6
CONTINUOUS
10
-0.1776320866141732
20
-0.3128879921259842
11
-0.1782086614173228
21
-0.311496062992126
0
LINE
8
BLACK
6
CONTINUOUS
10
-0.1782086614173228
20
-0.311496062992126
11
-0.1782086614173228
21
-0.248503937007874
0
LINE
8
BLACK
6
CONTINUOUS
10
-0.1782086614173228
20
-0.248503937007874
11
-0.1776320866141732
21
-0.2471120078740157
0
LINE
8
BLACK
6
CONTINUOUS
10
-0.1776320866141732
20
-0.2471120078740157
11
-0.176240157480315
21
-0.2465354330708661
0
LINE
8
BLACK
6
CONTINUOUS
10
-0.176240157480315
20
-0.2465354330708661
11
-0.143759842519685
21
-0.2465354330708661
0
LINE
8
BLACK
6
CONTINUOUS
10
-0.1742716535433071
20
-0.2504724409448819
11
-0.1742716535433071
21
-0.3095275590551181
0
LINE
8
BLACK
6
CONTINUOUS
10
-0.1742716535433071
20
-0.3095275590551181
11
-0.1457283464566929
21
-0.3095275590551181
0
LINE
8
BLACK
6
CONTINUOUS
10
-0.1457283464566929
20
-0.3095275590551181
11
-0.1457283464566929
21
-0.2504724409448819
0
LINE
8
BLACK
6
CONTINUOUS
10
-0.1457283464566929
20
-0.2504724409448819
11
-0.1742716535433071
21
-0.2504724409448819
0
LINE
8
BLACK
6
CONTINUOUS
10
0.1737081496062992
20
-0.2778892125984252
11
0.1739824409448819
21
-0.2779087007874015
0
LINE
8
BLACK
6
CONTINUOUS
10
0.1739824409448819
20
-0.2779087007874015
11
0.1754822440944882
21
-0.2786586220472441
0
LINE
8
BLACK
6
CONTINUOUS
10
0.1754822440944882
20
-0.2786586220472441
11
0.1756095669291338
21
-0.2788054330708661
0
LINE
8
BLACK
6
CONTINUOUS
10
0.1756095669291338
20
-0.2788054330708661
11
0.1757891732283464
21
-0.278879842519685
0
LINE
8
BLACK
6
CONTINUOUS
10
0.1757891732283464
20
-0.278879842519685
11
0.1765390551181102
21
-0.2796297244094488
0
LINE
8
BLACK
6
CONTINUOUS
10
0.1765390551181102
20
-0.2796297244094488
11
0.1766134251968504
21
-0.2798093307086614
0
LINE
8
BLACK
6
CONTINUOUS
10
0.1766134251968504
20
-0.2798093307086614
11
0.1767603543307087
21
-0.2799367322834646
0
LINE
8
BLACK
6
CONTINUOUS
10
0.1767603543307087
20
-0.2799367322834646
11
0.1775102362204724
21
-0.2814365354330708
0
LINE
8
BLACK
6
CONTINUOUS
10
0.1775102362204724
20
-0.2814365354330708
11
0.1775296850393701
21
-0.2817107086614173
0
LINE
8
BLACK
6
CONTINUOUS
10
0.1775296850393701
20
-0.2817107086614173
11
0.1776349212598425
21
-0.2819647244094488
0
LINE
8
BLACK
6
CONTINUOUS
10
0.1776349212598425
20
-0.2819647244094488
11
0.1776349212598425
21
-0.2849643700787401
0
LINE
8
BLACK
6
CONTINUOUS
10
0.1776349212598425
20
-0.2849643700787401
11
0.1775296850393701
21
-0.2852183464566929
0
LINE
8
BLACK
6
CONTINUOUS
10
0.1775296850393701
20
-0.2852183464566929
11
0.1775102362204724
21
-0.2854925590551181
0
LINE
8
BLACK
6
CONTINUOUS
10
0.1775102362204724
20
-0.2854925590551181
11
0.1767603543307087
21
-0.2869923622047244
0
LINE
8
BLACK
6
CONTINUOUS
10
0.1767603543307087
20
-0.2869923622047244
11
0.1766134645669291
21
-0.2871197244094488
0
LINE
8
BLACK
6
CONTINUOUS
10
0.1766134645669291
20
-0.2871197244094488
11
0.176539094488189
21
-0.2872993307086614
0
LINE
8
BLACK
6
CONTINUOUS
10
0.176539094488189
20
-0.2872993307086614
11
0.1757891732283464
21
-0.2880492519685039
0
LINE
8
BLACK
6
CONTINUOUS
10
0.1757891732283464
20
-0.2880492519685039
11
0.1756095669291338
21
-0.2881236220472441
0
LINE
8
BLACK
6
CONTINUOUS
10
0.1756095669291338
20
-0.2881236220472441
11
0.1754822047244095
21
-0.2882705118110236
0
LINE
8
BLACK
6
CONTINUOUS
10
0.1754822047244095
20
-0.2882705118110236
11
0.1739824015748032
21
-0.2890203937007874
0
LINE
8
BLACK
6
CONTINUOUS
10
0.1739824015748032
20
-0.2890203937007874
11
0.1737081889763779
21
-0.289039842519685
0
LINE
8
BLACK
6
CONTINUOUS
10
0.1737081889763779
20
-0.289039842519685
11
0.1734542125984252
21
-0.2891450787401575
0
LINE
8
BLACK
6
CONTINUOUS
10
0.1734542125984252
20
-0.2891450787401575
11
0.1697046850393701
21
-0.2891450787401575
0
LINE
8
BLACK
6
CONTINUOUS
10
0.1697046850393701
20
-0.2891450787401575
11
0.1694506692913386
21
-0.289039842519685
0
LINE
8
BLACK
6
CONTINUOUS
10
0.1694506692913386
20
-0.289039842519685
11
0.1691764960629921
21
-0.2890203937007874
0
LINE
8
BLACK
6
CONTINUOUS
10
0.1691764960629921
20
-0.2890203937007874
11
0.1676766535433071
21
-0.2882705118110236
0
LINE
8
BLACK
6
CONTINUOUS
10
0.1676766535433071
20
-0.2882705118110236
11
0.1675492519685039
21
-0.2881235826771654
0
LINE
8
BLACK
6
CONTINUOUS
10
0.1675492519685039
20
-0.2881235826771654
11
0.1673696456692913
21
-0.2880492125984252
0
LINE
8
BLACK
6
CONTINUOUS
10
0.1673696456692913
20
-0.2880492125984252
11
0.1666197637795276
21
-0.2872993307086614
0
LINE
8
BLACK
6
CONTINUOUS
10
0.1666197637795276
20
-0.2872993307086614
11
0.1665453543307087
21
-0.2871197244094488
0
LINE
8
BLACK
6
CONTINUOUS
10
0.1665453543307087
20
-0.2871197244094488
11
0.1663985433070866
21
-0.2869924015748032
0
LINE
8
BLACK
6
CONTINUOUS
10
0.1663985433070866
20
-0.2869924015748032
11
0.1656486220472441
21
-0.2854925984251969
0
LINE
8
BLACK
6
CONTINUOUS
10
0.1656486220472441
20
-0.2854925984251969
11
0.1656291338582677
21
-0.2852183070866142
0
LINE
8
BLACK
6
CONTINUOUS
10
0.1656291338582677
20
-0.2852183070866142
11
0.165523937007874
21
-0.2849643700787401
0
LINE
8
BLACK
6
CONTINUOUS
10
0.165523937007874
20
-0.2849643700787401
11
0.165523937007874
21
-0.2819647244094488
0
LINE
8
BLACK
6
CONTINUOUS
10
0.165523937007874
20
-0.2819647244094488
11
0.1656291338582677
21
-0.281710748031496
0
LINE
8
BLACK
6
CONTINUOUS
10
0.1656291338582677
20
-0.281710748031496
11
0.1656486220472441
21
-0.2814364960629921
0
LINE
8
BLACK
6
CONTINUOUS
10
0.1656486220472441
20
-0.2814364960629921
11
0.1661070866141732
21
-0.2805194881889764
0
LINE
8
BLACK
6
CONTINUOUS
10
0.1661070866141732
20
-0.2805194881889764
11
0.1649403149606299
21
-0.2808112204724409
0
LINE
8
BLACK
6
CONTINUOUS
10
0.1649403149606299
20
-0.2808112204724409
11
0.162958031496063
21
-0.282132716535433
0
LINE
8
BLACK
6
CONTINUOUS
10
0.162958031496063
20
-0.282132716535433
11
0.1624263779527559
21
-0.2826643307086614
0
LINE
8
BLACK
6
CONTINUOUS
10
0.1624263779527559
20
-0.2826643307086614
11
0.1618868897637795
21
-0.2837433858267717
0
LINE
8
BLACK
6
CONTINUOUS
10
0.1618868897637795
20
-0.2837433858267717
11
0.1618868897637795
21
-0.2864641732283464
0
LINE
8
BLACK
6
CONTINUOUS
10
0.1618868897637795
20
-0.2864641732283464
11
0.1615409448818897
21
-0.2872993307086614
0
LINE
8
BLACK
6
CONTINUOUS
10
0.1615409448818897
20
-0.2872993307086614
11
0.1607057874015748
21
-0.2876452755905512
0
LINE
8
BLACK
6
CONTINUOUS
10
0.1607057874015748
20
-0.2876452755905512
11
0.1598706299212598
21
-0.2872993307086614
0
LINE
8
BLACK
6
CONTINUOUS
10
0.1598706299212598
20
-0.2872993307086614
11
0.1595246850393701
21
-0.2864641732283464
0
LINE
8
BLACK
6
CONTINUOUS
10
0.1595246850393701
20
-0.2864641732283464
11
0.1595246850393701
21
-0.2834645669291339
0
LINE
8
BLACK
6
CONTINUOUS
10
0.1595246850393701
20
-0.2834645669291339
11
0.1596298818897638
21
-0.2832105511811023
0
LINE
8
BLACK
6
CONTINUOUS
10
0.1596298818897638
20
-0.2832105511811023
11
0.1596493700787402
21
-0.2829363779527559
0
LINE
8
BLACK
6
CONTINUOUS
10
0.1596493700787402
20
-0.2829363779527559
11
0.1603992913385827
21
-0.2814364960629921
0
LINE
8
BLACK
6
CONTINUOUS
10
0.1603992913385827
20
-0.2814364960629921
11
0.1605461811023622
21
-0.281309094488189
0
LINE
8
BLACK
6
CONTINUOUS
10
0.1605461811023622
20
-0.281309094488189
11
0.1606205511811024
21
-0.2811295669291339
0
LINE
8
BLACK
6
CONTINUOUS
10
0.1606205511811024
20
-0.2811295669291339
11
0.1613704330708661
21
-0.2803796456692914
0
LINE
8
BLACK
6
CONTINUOUS
10
0.1613704330708661
20
-0.2803796456692914
11
0.1614827559055118
21
-0.2803331102362205
0
LINE
8
BLACK
6
CONTINUOUS
10
0.1614827559055118
20
-0.2803331102362205
11
0.1615504330708661
21
-0.2802320866141732
0
LINE
8
BLACK
6
CONTINUOUS
10
0.1615504330708661
20
-0.2802320866141732
11
0.163800157480315
21
-0.2787323228346457
0
LINE
8
BLACK
6
CONTINUOUS
10
0.163800157480315
20
-0.2787323228346457
11
0.1640027952755906
21
-0.2786922047244094
0
LINE
8
BLACK
6
CONTINUOUS
10
0.1640027952755906
20
-0.2786922047244094
11
0.1641688582677165
21
-0.2785692125984252
0
LINE
8
BLACK
6
CONTINUOUS
10
0.1641688582677165
20
-0.2785692125984252
11
0.1671685039370079
21
-0.2778192913385827
0
LINE
8
BLACK
6
CONTINUOUS
10
0.1671685039370079
20
-0.2778192913385827
11
0.1673165748031496
21
-0.2778412992125984
0
LINE
8
BLACK
6
CONTINUOUS
10
0.1673165748031496
20
-0.2778412992125984
11
0.1674549606299213
21
-0.2777840157480315
0
LINE
8
BLACK
6
CONTINUOUS
10
0.1674549606299213
20
-0.2777840157480315
11
0.1734542125984252
21
-0.2777840157480315
0
LINE
8
BLACK
6
CONTINUOUS
10
0.1734542125984252
20
-0.2777840157480315
11
0.1737081496062992
21
-0.2778892125984252
0
LINE
8
BLACK
6
CONTINUOUS
10
0.1689044881889764
20
-0.2806857086614173
11
0.1684256299212598
21
-0.2811645275590551
0
LINE
8
BLACK
6
CONTINUOUS
10
0.1684256299212598
20
-0.2811645275590551
11
0.1678861417322835
21
-0.2822435826771654
0
LINE
8
BLACK
6
CONTINUOUS
10
0.1678861417322835
20
-0.2822435826771654
11
0.1678861417322835
21
-0.2846855118110236
0
LINE
8
BLACK
6
CONTINUOUS
10
0.1678861417322835
20
-0.2846855118110236
11
0.1684256299212598
21
-0.2857644881889764
0
LINE
8
BLACK
6
CONTINUOUS
10
0.1684256299212598
20
-0.2857644881889764
11
0.1689045275590551
21
-0.2862433858267717
0
LINE
8
BLACK
6
CONTINUOUS
10
0.1689045275590551
20
-0.2862433858267717
11
0.1699835039370079
21
-0.286782874015748
0
LINE
8
BLACK
6
CONTINUOUS
10
0.1699835039370079
20
-0.286782874015748
11
0.1731753937007874
21
-0.286782874015748
0
LINE
8
BLACK
6
CONTINUOUS
10
0.1731753937007874
20
-0.286782874015748
11
0.1742544094488189
21
-0.2862433464566929
0
LINE
8
BLACK
6
CONTINUOUS
10
0.1742544094488189
20
-0.2862433464566929
11
0.174733188976378
21
-0.2857645669291339
0
LINE
8
BLACK
6
CONTINUOUS
10
0.174733188976378
20
-0.2857645669291339
11
0.1752727165354331
21
-0.2846855511811023
0
LINE
8
BLACK
6
CONTINUOUS
10
0.1752727165354331
20
-0.2846855511811023
11
0.1752727165354331
21
-0.2822435039370079
0
LINE
8
BLACK
6
CONTINUOUS
10
0.1752727165354331
20
-0.2822435039370079
11
0.1747332677165354
21
-0.2811646062992126
0
LINE
8
BLACK
6
CONTINUOUS
10
0.1747332677165354
20
-0.2811646062992126
11
0.1742543307086614
21
-0.2806857086614173
0
LINE
8
BLACK
6
CONTINUOUS
10
0.1742543307086614
20
-0.2806857086614173
11
0.1731753543307087
21
-0.2801462204724409
0
LINE
8
BLACK
6
CONTINUOUS
10
0.1731753543307087
20
-0.2801462204724409
11
0.1699835433070866
21
-0.2801462204724409
0
LINE
8
BLACK
6
CONTINUOUS
10
0.1699835433070866
20
-0.2801462204724409
11
0.1689044881889764
21
-0.2806857086614173
0
LINE
8
BLACK
6
CONTINUOUS
10
0.169843031496063
20
-0.2620932677165354
11
0.1699911417322835
21
-0.2620712598425197
0
LINE
8
BLACK
6
CONTINUOUS
10
0.1699911417322835
20
-0.2620712598425197
11
0.1729907480314961
21
-0.2628211811023622
0
LINE
8
BLACK
6
CONTINUOUS
10
0.1729907480314961
20
-0.2628211811023622
11
0.1730985826771654
21
-0.262901062992126
0
LINE
8
BLACK
6
CONTINUOUS
10
0.1730985826771654
20
-0.262901062992126
11
0.1732324803149606
21
-0.2629105905511811
0
LINE
8
BLACK
6
CONTINUOUS
10
0.1732324803149606
20
-0.2629105905511811
11
0.1747322834645669
21
-0.2636604724409449
0
LINE
8
BLACK
6
CONTINUOUS
10
0.1747322834645669
20
-0.2636604724409449
11
0.1748596456692913
21
-0.2638073228346456
0
LINE
8
BLACK
6
CONTINUOUS
10
0.1748596456692913
20
-0.2638073228346456
11
0.1750392519685039
21
-0.2638817322834646
0
LINE
8
BLACK
6
CONTINUOUS
10
0.1750392519685039
20
-0.2638817322834646
11
0.176539094488189
21
-0.2653814960629921
0
LINE
8
BLACK
6
CONTINUOUS
10
0.176539094488189
20
-0.2653814960629921
11
0.1766442913385827
21
-0.2656354724409449
0
LINE
8
BLACK
6
CONTINUOUS
10
0.1766442913385827
20
-0.2656354724409449
11
0.1768244488188976
21
-0.2658431889763779
0
LINE
8
BLACK
6
CONTINUOUS
10
0.1768244488188976
20
-0.2658431889763779
11
0.1775743307086614
21
-0.2680929527559055
0
LINE
8
BLACK
6
CONTINUOUS
10
0.1775743307086614
20
-0.2680929527559055
11
0.1775605118110236
21
-0.2682868110236221
0
LINE
8
BLACK
6
CONTINUOUS
10
0.1775605118110236
20
-0.2682868110236221
11
0.1776349212598425
21
-0.2684664173228347
0
LINE
8
BLACK
6
CONTINUOUS
10
0.1776349212598425
20
-0.2684664173228347
11
0.1776349212598425
21
-0.2699662598425197
0
LINE
8
BLACK
6
CONTINUOUS
10
0.1776349212598425
20
-0.2699662598425197
11
0.1775605118110236
21
-0.2701457874015748
0
LINE
8
BLACK
6
CONTINUOUS
10
0.1775605118110236
20
-0.2701457874015748
11
0.1775743307086614
21
-0.2703397637795276
0
LINE
8
BLACK
6
CONTINUOUS
10
0.1775743307086614
20
-0.2703397637795276
11
0.1768244488188976
21
-0.2725894488188976
0
LINE
8
BLACK
6
CONTINUOUS
10
0.1768244488188976
20
-0.2725894488188976
11
0.1766442519685039
21
-0.272797125984252
0
LINE
8
BLACK
6
CONTINUOUS
10
0.1766442519685039
20
-0.272797125984252
11
0.176539094488189
21
-0.2730511023622047
0
LINE
8
BLACK
6
CONTINUOUS
10
0.176539094488189
20
-0.2730511023622047
11
0.1757891732283464
21
-0.2738010236220472
0
LINE
8
BLACK
6
CONTINUOUS
10
0.1757891732283464
20
-0.2738010236220472
11
0.1749540157480315
21
-0.274146968503937
0
LINE
8
BLACK
6
CONTINUOUS
10
0.1749540157480315
20
-0.274146968503937
11
0.1741188582677165
21
-0.2738010236220472
0
LINE
8
BLACK
6
CONTINUOUS
10
0.1741188582677165
20
-0.2738010236220472
11
0.1737729133858268
21
-0.2729658661417323
0
LINE
8
BLACK
6
CONTINUOUS
10
0.1737729133858268
20
-0.2729658661417323
11
0.1741188582677165
21
-0.2721307086614173
0
LINE
8
BLACK
6
CONTINUOUS
10
0.1741188582677165
20
-0.2721307086614173
11
0.1746715354330709
21
-0.2715779921259843
0
LINE
8
BLACK
6
CONTINUOUS
10
0.1746715354330709
20
-0.2715779921259843
11
0.1752727165354331
21
-0.2697745275590551
0
LINE
8
BLACK
6
CONTINUOUS
10
0.1752727165354331
20
-0.2697745275590551
11
0.1752727165354331
21
-0.2686581102362205
0
LINE
8
BLACK
6
CONTINUOUS
10
0.1752727165354331
20
-0.2686581102362205
11
0.1746715354330709
21
-0.2668546456692913
0
LINE
8
BLACK
6
CONTINUOUS
10
0.1746715354330709
20
-0.2668546456692913
11
0.1735044881889764
21
-0.2656875984251968
0
LINE
8
BLACK
6
CONTINUOUS
10
0.1735044881889764
20
-0.2656875984251968
11
0.1722920078740157
21
-0.2650813385826772
0
LINE
8
BLACK
6
CONTINUOUS
10
0.1722920078740157
20
-0.2650813385826772
11
0.1695593307086614
21
-0.264398188976378
0
LINE
8
BLACK
6
CONTINUOUS
10
0.1695593307086614
20
-0.264398188976378
11
0.1676003149606299
21
-0.264398188976378
0
LINE
8
BLACK
6
CONTINUOUS
10
0.1676003149606299
20
-0.264398188976378
11
0.1648675590551181
21
-0.2650813779527559
0
LINE
8
BLACK
6
CONTINUOUS
10
0.1648675590551181
20
-0.2650813779527559
11
0.163655157480315
21
-0.2656875590551181
0
LINE
8
BLACK
6
CONTINUOUS
10
0.163655157480315
20
-0.2656875590551181
11
0.1624879921259842
21
-0.2668546850393701
0
LINE
8
BLACK
6
CONTINUOUS
10
0.1624879921259842
20
-0.2668546850393701
11
0.1618868897637795
21
-0.268658031496063
0
LINE
8
BLACK
6
CONTINUOUS
10
0.1618868897637795
20
-0.268658031496063
11
0.1618868897637795
21
-0.2697746062992126
0
LINE
8
BLACK
6
CONTINUOUS
10
0.1618868897637795
20
-0.2697746062992126
11
0.1624879921259842
21
-0.271577874015748
0
LINE
8
BLACK
6
CONTINUOUS
10
0.1624879921259842
20
-0.271577874015748
11
0.1630407874015748
21
-0.2721307086614173
0
LINE
8
BLACK
6
CONTINUOUS
10
0.1630407874015748
20
-0.2721307086614173
11
0.1633866929133858
21
-0.272965905511811
0
LINE
8
BLACK
6
CONTINUOUS
10
0.1633866929133858
20
-0.272965905511811
11
0.1630407086614173
21
-0.273801062992126
0
LINE
8
BLACK
6
CONTINUOUS
10
0.1630407086614173
20
-0.273801062992126
11
0.1622055511811024
21
-0.274146968503937
0
LINE
8
BLACK
6
CONTINUOUS
10
0.1622055511811024
20
-0.274146968503937
11
0.1613703937007874
21
-0.2738009842519685
0
LINE
8
BLACK
6
CONTINUOUS
10
0.1613703937007874
20
-0.2738009842519685
11
0.1606205118110236
21
-0.2730511023622047
0
LINE
8
BLACK
6
CONTINUOUS
10
0.1606205118110236
20
-0.2730511023622047
11
0.1605152755905512
21
-0.2727970472440945
0
LINE
8
BLACK
6
CONTINUOUS
10
0.1605152755905512
20
-0.2727970472440945
11
0.1603352362204724
21
-0.2725894488188976
0
LINE
8
BLACK
6
CONTINUOUS
10
0.1603352362204724
20
-0.2725894488188976
11
0.1595853149606299
21
-0.2703397637795276
0
LINE
8
BLACK
6
CONTINUOUS
10
0.1595853149606299
20
-0.2703397637795276
11
0.1595990551181102
21
-0.2701458661417323
0
LINE
8
BLACK
6
CONTINUOUS
10
0.1595990551181102
20
-0.2701458661417323
11
0.1595246850393701
21
-0.2699662598425197
0
LINE
8
BLACK
6
CONTINUOUS
10
0.1595246850393701
20
-0.2699662598425197
11
0.1595246850393701
21
-0.2684664173228347
0
LINE
8
BLACK
6
CONTINUOUS
10
0.1595246850393701
20
-0.2684664173228347
11
0.1595990551181102
21
-0.2682867716535433
0
LINE
8
BLACK
6
CONTINUOUS
10
0.1595990551181102
20
-0.2682867716535433
11
0.1595853149606299
21
-0.2680929133858267
0
LINE
8
BLACK
6
CONTINUOUS
10
0.1595853149606299
20
-0.2680929133858267
11
0.1603352362204724
21
-0.2658431889763779
0
LINE
8
BLACK
6
CONTINUOUS
10
0.1603352362204724
20
-0.2658431889763779
11
0.1605153149606299
21
-0.2656355118110236
0
LINE
8
BLACK
6
CONTINUOUS
10
0.1605153149606299
20
-0.2656355118110236
11
0.1606205511811024
21
-0.2653815354330709
0
LINE
8
BLACK
6
CONTINUOUS
10
0.1606205511811024
20
-0.2653815354330709
11
0.1621203149606299
21
-0.2638817322834646
0
LINE
8
BLACK
6
CONTINUOUS
10
0.1621203149606299
20
-0.2638817322834646
11
0.1622999212598425
21
-0.2638073228346456
0
LINE
8
BLACK
6
CONTINUOUS
10
0.1622999212598425
20
-0.2638073228346456
11
0.1624273228346457
21
-0.2636604724409449
0
LINE
8
BLACK
6
CONTINUOUS
10
0.1624273228346457
20
-0.2636604724409449
11
0.163927125984252
21
-0.2629105905511811
0
LINE
8
BLACK
6
CONTINUOUS
10
0.163927125984252
20
-0.2629105905511811
11
0.1640609842519685
21
-0.262901062992126
0
LINE
8
BLACK
6
CONTINUOUS
10
0.1640609842519685
20
-0.262901062992126
11
0.1641688582677165
21
-0.2628211811023622
0
LINE
8
BLACK
6
CONTINUOUS
10
0.1641688582677165
20
-0.2628211811023622
11
0.1671685039370079
21
-0.2620712598425197
0
LINE
8
BLACK
6
CONTINUOUS
10
0.1671685039370079
20
-0.2620712598425197
11
0.1673165748031496
21
-0.2620932677165354
0
LINE
8
BLACK
6
CONTINUOUS
10
0.1673165748031496
20
-0.2620932677165354
11
0.1674549606299213
21
-0.2620359842519685
0
LINE
8
BLACK
6
CONTINUOUS
10
0.1674549606299213
20
-0.2620359842519685
11
0.1697046850393701
21
-0.2620359842519685
0
LINE
8
BLACK
6
CONTINUOUS
10
0.1697046850393701
20
-0.2620359842519685
11
0.169843031496063
21
-0.2620932677165354
0
LINE
8
BLACK
6
CONTINUOUS
10
0.1850393700787402
20
-0.2421259842519685
11
0.1864312992125984
21
-0.2427025590551181
0
LINE
8
BLACK
6
CONTINUOUS
10
0.1864312992125984
20
-0.2427025590551181
11
0.187007874015748
21
-0.2440944881889764
0
LINE
8
BLACK
6
CONTINUOUS
10
0.187007874015748
20
-0.2440944881889764
11
0.187007874015748
21
-0.3070866141732284
0
LINE
8
BLACK
6
CONTINUOUS
10
0.187007874015748
20
-0.3070866141732284
11
0.1864312992125984
21
-0.3084785433070866
0
LINE
8
BLACK
6
CONTINUOUS
10
0.1864312992125984
20
-0.3084785433070866
11
0.1850393700787402
21
-0.3090551181102362
0
LINE
8
BLACK
6
CONTINUOUS
10
0.1850393700787402
20
-0.3090551181102362
11
0.1535433070866142
21
-0.3090551181102362
0
LINE
8
BLACK
6
CONTINUOUS
10
0.1535433070866142
20
-0.3090551181102362
11
0.1521513779527559
21
-0.3084785433070866
0
LINE
8
BLACK
6
CONTINUOUS
10
0.1521513779527559
20
-0.3084785433070866
11
0.1515748031496063
21
-0.3070866141732284
0
LINE
8
BLACK
6
CONTINUOUS
10
0.1515748031496063
20
-0.3070866141732284
11
0.1515748031496063
21
-0.2440944881889764
0
LINE
8
BLACK
6
CONTINUOUS
10
0.1515748031496063
20
-0.2440944881889764
11
0.1521513779527559
21
-0.2427025590551181
0
LINE
8
BLACK
6
CONTINUOUS
10
0.1521513779527559
20
-0.2427025590551181
11
0.1535433070866142
21
-0.2421259842519685
0
LINE
8
BLACK
6
CONTINUOUS
10
0.1535433070866142
20
-0.2421259842519685
11
0.1850393700787402
21
-0.2421259842519685
0
LINE
8
BLACK
6
CONTINUOUS
10
0.155511811023622
20
-0.2460629921259843
11
0.155511811023622
21
-0.3051181102362205
0
LINE
8
BLACK
6
CONTINUOUS
10
0.155511811023622
20
-0.3051181102362205
11
0.1830708661417323
21
-0.3051181102362205
0
LINE
8
BLACK
6
CONTINUOUS
10
0.1830708661417323
20
-0.3051181102362205
11
0.1830708661417323
21
-0.2460629921259843
0
LINE
8
BLACK
6
CONTINUOUS
10
0.1830708661417323
20
-0.2460629921259843
11
0.155511811023622
21
-0.2460629921259843
0
LINE
8
BLACK
6
CONTINUOUS
10
0.5236038582677165
20
-0.27056
11
0.5237866929133859
21
-0.270573031496063
0
LINE
8
BLACK
6
CONTINUOUS
10
0.5237866929133859
20
-0.270573031496063
11
0.5245365354330709
21
-0.2709479527559055
0
LINE
8
BLACK
6
CONTINUOUS
10
0.5245365354330709
20
-0.2709479527559055
11
0.5246214173228346
21
-0.2710458661417323
0
LINE
8
BLACK
6
CONTINUOUS
10
0.5246214173228346
20
-0.2710458661417323
11
0.5247411811023622
21
-0.2710954724409449
0
LINE
8
BLACK
6
CONTINUOUS
10
0.5247411811023622
20
-0.2710954724409449
11
0.5251161417322835
21
-0.2714704330708662
0
LINE
8
BLACK
6
CONTINUOUS
10
0.5251161417322835
20
-0.2714704330708662
11
0.5253467716535433
21
-0.2720272047244094
0
LINE
8
BLACK
6
CONTINUOUS
10
0.5253467716535433
20
-0.2720272047244094
11
0.5251161417322835
21
-0.2725839763779527
0
LINE
8
BLACK
6
CONTINUOUS
10
0.5251161417322835
20
-0.2725839763779527
11
0.5245593700787401
21
-0.2728146062992126
0
LINE
8
BLACK
6
CONTINUOUS
10
0.5245593700787401
20
-0.2728146062992126
11
0.5240025984251968
21
-0.2725839763779527
0
LINE
8
BLACK
6
CONTINUOUS
10
0.5240025984251968
20
-0.2725839763779527
11
0.5237179527559055
21
-0.2722993307086614
0
LINE
8
BLACK
6
CONTINUOUS
10
0.5237179527559055
20
-0.2722993307086614
11
0.5232486614173228
21
-0.2720646850393701
0
LINE
8
BLACK
6
CONTINUOUS
10
0.5232486614173228
20
-0.2720646850393701
11
0.5217456692913386
21
-0.2720646850393701
0
LINE
8
BLACK
6
CONTINUOUS
10
0.5217456692913386
20
-0.2720646850393701
11
0.5212762204724409
21
-0.2722994094488189
0
LINE
8
BLACK
6
CONTINUOUS
10
0.5212762204724409
20
-0.2722994094488189
11
0.5210820078740157
21
-0.2724935826771653
0
LINE
8
BLACK
6
CONTINUOUS
10
0.5210820078740157
20
-0.2724935826771653
11
0.5208473622047244
21
-0.2729629921259842
0
LINE
8
BLACK
6
CONTINUOUS
10
0.5208473622047244
20
-0.2729629921259842
11
0.5208473622047244
21
-0.2733992125984252
0
LINE
8
BLACK
6
CONTINUOUS
10
0.5208473622047244
20
-0.2733992125984252
11
0.5211231102362205
21
-0.2742265748031496
0
LINE
8
BLACK
6
CONTINUOUS
10
0.5211231102362205
20
-0.2742265748031496
11
0.5254911023622048
21
-0.2785945275590551
0
LINE
8
BLACK
6
CONTINUOUS
10
0.5254911023622048
20
-0.2785945275590551
11
0.5257217322834645
21
-0.2791512992125984
0
LINE
8
BLACK
6
CONTINUOUS
10
0.5257217322834645
20
-0.2791512992125984
11
0.5254911023622048
21
-0.2797080708661417
0
LINE
8
BLACK
6
CONTINUOUS
10
0.5254911023622048
20
-0.2797080708661417
11
0.5249343307086614
21
-0.2799387007874016
0
LINE
8
BLACK
6
CONTINUOUS
10
0.5249343307086614
20
-0.2799387007874016
11
0.5200599606299212
21
-0.2799387007874016
0
LINE
8
BLACK
6
CONTINUOUS
10
0.5200599606299212
20
-0.2799387007874016
11
0.5195031889763779
21
-0.2797080708661417
0
LINE
8
BLACK
6
CONTINUOUS
10
0.5195031889763779
20
-0.2797080708661417
11
0.519272559055118
21
-0.2791512992125984
0
LINE
8
BLACK
6
CONTINUOUS
10
0.519272559055118
20
-0.2791512992125984
11
0.5195031889763779
21
-0.2785945275590551
0
LINE
8
BLACK
6
CONTINUOUS
10
0.5195031889763779
20
-0.2785945275590551
11
0.5200599606299212
21
-0.2783638976377953
0
LINE
8
BLACK
6
CONTINUOUS
10
0.5200599606299212
20
-0.2783638976377953
11
0.5230333858267716
21
-0.2783638976377953
0
LINE
8
BLACK
6
CONTINUOUS
10
0.5230333858267716
20
-0.2783638976377953
11
0.5198781102362204
21
-0.2752086614173228
0
LINE
8
BLACK
6
CONTINUOUS
10
0.5198781102362204
20
-0.2752086614173228
11
0.5198079527559055
21
-0.2750393307086614
0
LINE
8
BLACK
6
CONTINUOUS
10
0.5198079527559055
20
-0.2750393307086614
11
0.519687874015748
21
-0.2749008661417323
0
LINE
8
BLACK
6
CONTINUOUS
10
0.519687874015748
20
-0.2749008661417323
11
0.5193129527559055
21
-0.2737759842519685
0
LINE
8
BLACK
6
CONTINUOUS
10
0.5193129527559055
20
-0.2737759842519685
11
0.519322125984252
21
-0.2736466929133858
0
LINE
8
BLACK
6
CONTINUOUS
10
0.519322125984252
20
-0.2736466929133858
11
0.519272559055118
21
-0.2735270078740157
0
LINE
8
BLACK
6
CONTINUOUS
10
0.519272559055118
20
-0.2735270078740157
11
0.519272559055118
21
-0.272777125984252
0
LINE
8
BLACK
6
CONTINUOUS
10
0.519272559055118
20
-0.272777125984252
11
0.5193426771653543
21
-0.2726077952755905
0
LINE
8
BLACK
6
CONTINUOUS
10
0.5193426771653543
20
-0.2726077952755905
11
0.5193556692913386
21
-0.272425
0
LINE
8
BLACK
6
CONTINUOUS
10
0.5193556692913386
20
-0.272425
11
0.5197305905511811
21
-0.2716750787401574
0
LINE
8
BLACK
6
CONTINUOUS
10
0.5197305905511811
20
-0.2716750787401574
11
0.5198285039370079
21
-0.2715901181102362
0
LINE
8
BLACK
6
CONTINUOUS
10
0.5198285039370079
20
-0.2715901181102362
11
0.5198781102362204
21
-0.2714704330708662
0
LINE
8
BLACK
6
CONTINUOUS
10
0.5198781102362204
20
-0.2714704330708662
11
0.5202530708661417
21
-0.2710954724409449
0
LINE
8
BLACK
6
CONTINUOUS
10
0.5202530708661417
20
-0.2710954724409449
11
0.5203727952755905
21
-0.2710458661417323
0
LINE
8
BLACK
6
CONTINUOUS
10
0.5203727952755905
20
-0.2710458661417323
11
0.520457716535433
21
-0.2709479527559055
0
LINE
8
BLACK
6
CONTINUOUS
10
0.520457716535433
20
-0.2709479527559055
11
0.5212075984251968
21
-0.270573031496063
0
LINE
8
BLACK
6
CONTINUOUS
10
0.5212075984251968
20
-0.270573031496063
11
0.5213903543307087
21
-0.2705600393700787
0
LINE
8
BLACK
6
CONTINUOUS
10
0.5213903543307087
20
-0.2705600393700787
11
0.5215597637795275
21
-0.2704898818897638
0
LINE
8
BLACK
6
CONTINUOUS
10
0.5215597637795275
20
-0.2704898818897638
11
0.5234345275590551
21
-0.2704898818897638
0
LINE
8
BLACK
6
CONTINUOUS
10
0.5234345275590551
20
-0.2704898818897638
11
0.5236038582677165
21
-0.27056
0
LINE
8
BLACK
6
CONTINUOUS
10
0.5326151968503937
20
-0.2707205118110236
11
0.5328458267716535
21
-0.2712772834645669
0
LINE
8
BLACK
6
CONTINUOUS
10
0.5328458267716535
20
-0.2712772834645669
11
0.5328458267716535
21
-0.2791512992125984
0
LINE
8
BLACK
6
CONTINUOUS
10
0.5328458267716535
20
-0.2791512992125984
11
0.5326151968503937
21
-0.2797080708661417
0
LINE
8
BLACK
6
CONTINUOUS
10
0.5326151968503937
20
-0.2797080708661417
11
0.5320584251968504
21
-0.2799387007874016
0
LINE
8
BLACK
6
CONTINUOUS
10
0.5320584251968504
20
-0.2799387007874016
11
0.5301836614173229
21
-0.2799387007874016
0
LINE
8
BLACK
6
CONTINUOUS
10
0.5301836614173229
20
-0.2799387007874016
11
0.530063937007874
21
-0.279889094488189
0
LINE
8
BLACK
6
CONTINUOUS
10
0.530063937007874
20
-0.279889094488189
11
0.52993468503937
21
-0.2798983070866142
0
LINE
8
BLACK
6
CONTINUOUS
10
0.52993468503937
20
-0.2798983070866142
11
0.528809842519685
21
-0.2795233858267717
0
LINE
8
BLACK
6
CONTINUOUS
10
0.528809842519685
20
-0.2795233858267717
11
0.5286713385826771
21
-0.2794032677165355
0
LINE
8
BLACK
6
CONTINUOUS
10
0.5286713385826771
20
-0.2794032677165355
11
0.5285020472440944
21
-0.2793331496062992
0
LINE
8
BLACK
6
CONTINUOUS
10
0.5285020472440944
20
-0.2793331496062992
11
0.5277521259842519
21
-0.2785832283464567
0
LINE
8
BLACK
6
CONTINUOUS
10
0.5277521259842519
20
-0.2785832283464567
11
0.5277025196850393
21
-0.2784635039370079
0
LINE
8
BLACK
6
CONTINUOUS
10
0.5277025196850393
20
-0.2784635039370079
11
0.5276046062992126
21
-0.2783785826771654
0
LINE
8
BLACK
6
CONTINUOUS
10
0.5276046062992126
20
-0.2783785826771654
11
0.5272296850393701
21
-0.2776286614173228
0
LINE
8
BLACK
6
CONTINUOUS
10
0.5272296850393701
20
-0.2776286614173228
11
0.5272233070866141
21
-0.2775393700787401
0
LINE
8
BLACK
6
CONTINUOUS
10
0.5272233070866141
20
-0.2775393700787401
11
0.5271700787401574
21
-0.2774674803149606
0
LINE
8
BLACK
6
CONTINUOUS
10
0.5271700787401574
20
-0.2774674803149606
11
0.5267951181102362
21
-0.2759677165354331
0
LINE
8
BLACK
6
CONTINUOUS
10
0.5267951181102362
20
-0.2759677165354331
11
0.5268098031496062
21
-0.275868937007874
0
LINE
8
BLACK
6
CONTINUOUS
10
0.5268098031496062
20
-0.275868937007874
11
0.5267716141732284
21
-0.2757767322834646
0
LINE
8
BLACK
6
CONTINUOUS
10
0.5267716141732284
20
-0.2757767322834646
11
0.5267716141732284
21
-0.2746518897637795
0
LINE
8
BLACK
6
CONTINUOUS
10
0.5267716141732284
20
-0.2746518897637795
11
0.5268098031496062
21
-0.2745596456692913
0
LINE
8
BLACK
6
CONTINUOUS
10
0.5268098031496062
20
-0.2745596456692913
11
0.5267951181102362
21
-0.274460905511811
0
LINE
8
BLACK
6
CONTINUOUS
10
0.5267951181102362
20
-0.274460905511811
11
0.5271700787401574
21
-0.2729611023622047
0
LINE
8
BLACK
6
CONTINUOUS
10
0.5271700787401574
20
-0.2729611023622047
11
0.5272233070866141
21
-0.2728891732283464
0
LINE
8
BLACK
6
CONTINUOUS
10
0.5272233070866141
20
-0.2728891732283464
11
0.5272296850393701
21
-0.2727999212598425
0
LINE
8
BLACK
6
CONTINUOUS
10
0.5272296850393701
20
-0.2727999212598425
11
0.5276046062992126
21
-0.2720500393700787
0
LINE
8
BLACK
6
CONTINUOUS
10
0.5276046062992126
20
-0.2720500393700787
11
0.5277025196850393
21
-0.2719650787401575
0
LINE
8
BLACK
6
CONTINUOUS
10
0.5277025196850393
20
-0.2719650787401575
11
0.5277521259842519
21
-0.2718453937007874
0
LINE
8
BLACK
6
CONTINUOUS
10
0.5277521259842519
20
-0.2718453937007874
11
0.5285020472440944
21
-0.2710954724409449
0
LINE
8
BLACK
6
CONTINUOUS
10
0.5285020472440944
20
-0.2710954724409449
11
0.5286712992125984
21
-0.2710253149606299
0
LINE
8
BLACK
6
CONTINUOUS
10
0.5286712992125984
20
-0.2710253149606299
11
0.5288098031496062
21
-0.2709052362204724
0
LINE
8
BLACK
6
CONTINUOUS
10
0.5288098031496062
20
-0.2709052362204724
11
0.52993468503937
21
-0.2705302755905512
0
LINE
8
BLACK
6
CONTINUOUS
10
0.52993468503937
20
-0.2705302755905512
11
0.530063937007874
21
-0.2705394488188976
0
LINE
8
BLACK
6
CONTINUOUS
10
0.530063937007874
20
-0.2705394488188976
11
0.5301836614173229
21
-0.2704898818897638
0
LINE
8
BLACK
6
CONTINUOUS
10
0.5301836614173229
20
-0.2704898818897638
11
0.5320584251968504
21
-0.2704898818897638
0
LINE
8
BLACK
6
CONTINUOUS
10
0.5320584251968504
20
-0.2704898818897638
11
0.5326151968503937
21
-0.2707205118110236
0
LINE
8
BLACK
6
CONTINUOUS
10
0.529484094488189
20
-0.2723404724409449
11
0.5289560629921259
21
-0.2728685039370078
0
LINE
8
BLACK
6
CONTINUOUS
10
0.5289560629921259
20
-0.2728685039370078
11
0.5286768897637795
21
-0.2734268503937008
0
LINE
8
BLACK
6
CONTINUOUS
10
0.5286768897637795
20
-0.2734268503937008
11
0.5283464173228346
21
-0.2747488582677166
0
LINE
8
BLACK
6
CONTINUOUS
10
0.5283464173228346
20
-0.2747488582677166
11
0.5283464173228346
21
-0.2756797244094488
0
LINE
8
BLACK
6
CONTINUOUS
10
0.5283464173228346
20
-0.2756797244094488
11
0.5286768897637795
21
-0.2770016929133858
0
LINE
8
BLACK
6
CONTINUOUS
10
0.5286768897637795
20
-0.2770016929133858
11
0.5289560236220472
21
-0.2775600393700787
0
LINE
8
BLACK
6
CONTINUOUS
10
0.5289560236220472
20
-0.2775600393700787
11
0.529484094488189
21
-0.2780881102362205
0
LINE
8
BLACK
6
CONTINUOUS
10
0.529484094488189
20
-0.2780881102362205
11
0.5303114566929134
21
-0.2783638976377953
0
LINE
8
BLACK
6
CONTINUOUS
10
0.5303114566929134
20
-0.2783638976377953
11
0.5312710236220473
21
-0.2783638976377953
0
LINE
8
BLACK
6
CONTINUOUS
10
0.5312710236220473
20
-0.2783638976377953
11
0.5312710236220473
21
-0.2720646850393701
0
LINE
8
BLACK
6
CONTINUOUS
10
0.5312710236220473
20
-0.2720646850393701
11
0.5303113779527558
21
-0.2720646850393701
0
LINE
8
BLACK
6
CONTINUOUS
10
0.5303113779527558
20
-0.2720646850393701
11
0.529484094488189
21
-0.2723404724409449
0
LINE
8
BLACK
6
CONTINUOUS
10
0.5363647244094488
20
-0.2707205118110236
11
0.5365953543307086
21
-0.2712772834645669
0
LINE
8
BLACK
6
CONTINUOUS
10
0.5365953543307086
20
-0.2712772834645669
11
0.5365953543307086
21
-0.2791512992125984
0
LINE
8
BLACK
6
CONTINUOUS
10
0.5365953543307086
20
-0.2791512992125984
11
0.5363647244094488
21
-0.2797080708661417
0
LINE
8
BLACK
6
CONTINUOUS
10
0.5363647244094488
20
-0.2797080708661417
11
0.5358079527559055
21
-0.2799387007874016
0
LINE
8
BLACK
6
CONTINUOUS
10
0.5358079527559055
20
-0.2799387007874016
11
0.5352511811023621
21
-0.2797080708661417
0
LINE
8
BLACK
6
CONTINUOUS
10
0.5352511811023621
20
-0.2797080708661417
11
0.5350205511811024
21
-0.2791512992125984
0
LINE
8
BLACK
6
CONTINUOUS
10
0.5350205511811024
20
-0.2791512992125984
11
0.5350205511811024
21
-0.2712772834645669
0
LINE
8
BLACK
6
CONTINUOUS
10
0.5350205511811024
20
-0.2712772834645669
11
0.5352511811023621
21
-0.2707205118110236
0
LINE
8
BLACK
6
CONTINUOUS
10
0.5352511811023621
20
-0.2707205118110236
11
0.5358079527559055
21
-0.2704898818897638
0
LINE
8
BLACK
6
CONTINUOUS
10
0.5358079527559055
20
-0.2704898818897638
11
0.5363647244094488
21
-0.2707205118110236
0
LINE
8
BLACK
6
CONTINUOUS
10
0.5431138976377953
20
-0.2707205118110236
11
0.5433445275590552
21
-0.2712772834645669
0
LINE
8
BLACK
6
CONTINUOUS
10
0.5433445275590552
20
-0.2712772834645669
11
0.5433445275590552
21
-0.2791512992125984
0
LINE
8
BLACK
6
CONTINUOUS
10
0.5433445275590552
20
-0.2791512992125984
11
0.5431138976377953
21
-0.2797080708661417
0
LINE
8
BLACK
6
CONTINUOUS
10
0.5431138976377953
20
-0.2797080708661417
11
0.542557125984252
21
-0.2799387007874016
0
LINE
8
BLACK
6
CONTINUOUS
10
0.542557125984252
20
-0.2799387007874016
11
0.5420003543307087
21
-0.2797080708661417
0
LINE
8
BLACK
6
CONTINUOUS
10
0.5420003543307087
20
-0.2797080708661417
11
0.5417697244094488
21
-0.2791512992125984
0
LINE
8
BLACK
6
CONTINUOUS
10
0.5417697244094488
20
-0.2791512992125984
11
0.5417697244094488
21
-0.2758142125984252
0
LINE
8
BLACK
6
CONTINUOUS
10
0.5417697244094488
20
-0.2758142125984252
11
0.5399324803149607
21
-0.2758142125984252
0
LINE
8
BLACK
6
CONTINUOUS
10
0.5399324803149607
20
-0.2758142125984252
11
0.5393757086614173
21
-0.2755835826771654
0
LINE
8
BLACK
6
CONTINUOUS
10
0.5393757086614173
20
-0.2755835826771654
11
0.5391450787401575
21
-0.275026811023622
0
LINE
8
BLACK
6
CONTINUOUS
10
0.5391450787401575
20
-0.275026811023622
11
0.5393757086614173
21
-0.2744700393700787
0
LINE
8
BLACK
6
CONTINUOUS
10
0.5393757086614173
20
-0.2744700393700787
11
0.5399324803149607
21
-0.2742394094488189
0
LINE
8
BLACK
6
CONTINUOUS
10
0.5399324803149607
20
-0.2742394094488189
11
0.5417697244094488
21
-0.2742394094488189
0
LINE
8
BLACK
6
CONTINUOUS
10
0.5417697244094488
20
-0.2742394094488189
11
0.5417697244094488
21
-0.2720646850393701
0
LINE
8
BLACK
6
CONTINUOUS
10
0.5417697244094488
20
-0.2720646850393701
11
0.5388075984251969
21
-0.2720646850393701
0
LINE
8
BLACK
6
CONTINUOUS
10
0.5388075984251969
20
-0.2720646850393701
11
0.5382508267716535
21
-0.2718340551181102
0
LINE
8
BLACK
6
CONTINUOUS
10
0.5382508267716535
20
-0.2718340551181102
11
0.5380201968503937
21
-0.2712772834645669
0
LINE
8
BLACK
6
CONTINUOUS
10
0.5380201968503937
20
-0.2712772834645669
11
0.5382508267716535
21
-0.2707205118110236
0
LINE
8
BLACK
6
CONTINUOUS
10
0.5382508267716535
20
-0.2707205118110236
11
0.5388075984251969
21
-0.2704898818897638
0
LINE
8
BLACK
6
CONTINUOUS
10
0.5388075984251969
20
-0.2704898818897638
11
0.542557125984252
21
-0.2704898818897638
0
LINE
8
BLACK
6
CONTINUOUS
10
0.542557125984252
20
-0.2704898818897638
11
0.5431138976377953
21
-0.2707205118110236
0
LINE
8
BLACK
6
CONTINUOUS
10
0.5385046062992126
20
-0.2448841732283465
11
0.5451616929133858
21
-0.2472135826771653
0
LINE
8
BLACK
6
CONTINUOUS
10
0.5451616929133858
20
-0.2472135826771653
11
0.5511335433070866
21
-0.2509659448818898
0
LINE
8
BLACK
6
CONTINUOUS
10
0.5511335433070866
20
-0.2509659448818898
11
0.5561206692913385
21
-0.2559530708661417
0
LINE
8
BLACK
6
CONTINUOUS
10
0.5561206692913385
20
-0.2559530708661417
11
0.5598730314960629
21
-0.2619249212598425
0
LINE
8
BLACK
6
CONTINUOUS
10
0.5598730314960629
20
-0.2619249212598425
11
0.5622024409448819
21
-0.2685820078740158
0
LINE
8
BLACK
6
CONTINUOUS
10
0.5622024409448819
20
-0.2685820078740158
11
0.562992125984252
21
-0.2755905511811024
0
LINE
8
BLACK
6
CONTINUOUS
10
0.562992125984252
20
-0.2755905511811024
11
0.5622024409448819
21
-0.282599094488189
0
LINE
8
BLACK
6
CONTINUOUS
10
0.5622024409448819
20
-0.282599094488189
11
0.5598730314960629
21
-0.2892561811023622
0
LINE
8
BLACK
6
CONTINUOUS
10
0.5598730314960629
20
-0.2892561811023622
11
0.5561206692913385
21
-0.295228031496063
0
LINE
8
BLACK
6
CONTINUOUS
10
0.5561206692913385
20
-0.295228031496063
11
0.5511335433070866
21
-0.300215157480315
0
LINE
8
BLACK
6
CONTINUOUS
10
0.5511335433070866
20
-0.300215157480315
11
0.5451616929133858
21
-0.3039675196850394
0
LINE
8
BLACK
6
CONTINUOUS
10
0.5451616929133858
20
-0.3039675196850394
11
0.5385046062992126
21
-0.3062969291338583
0
LINE
8
BLACK
6
CONTINUOUS
10
0.5385046062992126
20
-0.3062969291338583
11
0.5314960629921259
21
-0.3070866141732284
0
LINE
8
BLACK
6
CONTINUOUS
10
0.5314960629921259
20
-0.3070866141732284
11
0.5244875196850394
21
-0.3062969291338583
0
LINE
8
BLACK
6
CONTINUOUS
10
0.5244875196850394
20
-0.3062969291338583
11
0.5178304330708662
21
-0.3039675196850394
0
LINE
8
BLACK
6
CONTINUOUS
10
0.5178304330708662
20
-0.3039675196850394
11
0.5118585826771653
21
-0.300215157480315
0
LINE
8
BLACK
6
CONTINUOUS
10
0.5118585826771653
20
-0.300215157480315
11
0.5068714566929133
21
-0.295228031496063
0
LINE
8
BLACK
6
CONTINUOUS
10
0.5068714566929133
20
-0.295228031496063
11
0.5031190944881889
21
-0.2892561811023622
0
LINE
8
BLACK
6
CONTINUOUS
10
0.5031190944881889
20
-0.2892561811023622
11
0.50078968503937
21
-0.282599094488189
0
LINE
8
BLACK
6
CONTINUOUS
10
0.50078968503937
20
-0.282599094488189
11
0.5
21
-0.2755905511811024
0
LINE
8
BLACK
6
CONTINUOUS
10
0.5
20
-0.2755905511811024
11
0.50078968503937
21
-0.2685820078740158
0
LINE
8
BLACK
6
CONTINUOUS
10
0.50078968503937
20
-0.2685820078740158
11
0.5031190944881889
21
-0.2619249212598425
0
LINE
8
BLACK
6
CONTINUOUS
10
0.5031190944881889
20
-0.2619249212598425
11
0.5068714566929133
21
-0.2559530708661417
0
LINE
8
BLACK
6
CONTINUOUS
10
0.5068714566929133
20
-0.2559530708661417
11
0.5118585826771653
21
-0.2509659448818898
0
LINE
8
BLACK
6
CONTINUOUS
10
0.5118585826771653
20
-0.2509659448818898
11
0.5178304330708662
21
-0.2472135826771653
0
LINE
8
BLACK
6
CONTINUOUS
10
0.5178304330708662
20
-0.2472135826771653
11
0.5244875196850394
21
-0.2448841732283465
0
LINE
8
BLACK
6
CONTINUOUS
10
0.5244875196850394
20
-0.2448841732283465
11
0.5314960629921259
21
-0.2440944881889764
0
LINE
8
BLACK
6
CONTINUOUS
10
0.5314960629921259
20
-0.2440944881889764
11
0.5385046062992126
21
-0.2448841732283465
0
LINE
8
BLACK
6
CONTINUOUS
10
0.5045412992125984
20
-0.2822342913385827
11
0.5069145275590551
21
-0.2884919291338582
0
LINE
8
BLACK
6
CONTINUOUS
10
0.5069145275590551
20
-0.2884919291338582
11
0.5107162992125984
21
-0.2939998031496063
0
LINE
8
BLACK
6
CONTINUOUS
10
0.5107162992125984
20
-0.2939998031496063
11
0.5157257480314961
21
-0.2984377952755906
0
LINE
8
BLACK
6
CONTINUOUS
10
0.5157257480314961
20
-0.2984377952755906
11
0.5216517322834645
21
-0.3015479527559055
0
LINE
8
BLACK
6
CONTINUOUS
10
0.5216517322834645
20
-0.3015479527559055
11
0.5281498031496062
21
-0.3031496062992126
0
LINE
8
BLACK
6
CONTINUOUS
10
0.5281498031496062
20
-0.3031496062992126
11
0.5348423228346456
21
-0.3031496062992126
0
LINE
8
BLACK
6
CONTINUOUS
10
0.5348423228346456
20
-0.3031496062992126
11
0.5413403937007873
21
-0.3015479527559055
0
LINE
8
BLACK
6
CONTINUOUS
10
0.5413403937007873
20
-0.3015479527559055
11
0.5472663779527559
21
-0.2984377952755906
0
LINE
8
BLACK
6
CONTINUOUS
10
0.5472663779527559
20
-0.2984377952755906
11
0.5522758267716535
21
-0.2939998031496063
0
LINE
8
BLACK
6
CONTINUOUS
10
0.5522758267716535
20
-0.2939998031496063
11
0.5560775984251969
21
-0.2884919291338582
0
LINE
8
BLACK
6
CONTINUOUS
10
0.5560775984251969
20
-0.2884919291338582
11
0.5584508267716536
21
-0.2822342913385827
0
LINE
8
BLACK
6
CONTINUOUS
10
0.5584508267716536
20
-0.2822342913385827
11
0.5592575196850393
21
-0.2755905511811024
0
LINE
8
BLACK
6
CONTINUOUS
10
0.5592575196850393
20
-0.2755905511811024
11
0.5584508267716536
21
-0.2689468110236221
0
LINE
8
BLACK
6
CONTINUOUS
10
0.5584508267716536
20
-0.2689468110236221
11
0.5560775984251969
21
-0.2626891732283465
0
LINE
8
BLACK
6
CONTINUOUS
10
0.5560775984251969
20
-0.2626891732283465
11
0.5522758267716535
21
-0.2571812992125984
0
LINE
8
BLACK
6
CONTINUOUS
10
0.5522758267716535
20
-0.2571812992125984
11
0.5472663779527559
21
-0.2527433070866142
0
LINE
8
BLACK
6
CONTINUOUS
10
0.5472663779527559
20
-0.2527433070866142
11
0.5413403937007873
21
-0.2496331496062992
0
LINE
8
BLACK
6
CONTINUOUS
10
0.5413403937007873
20
-0.2496331496062992
11
0.5348423228346456
21
-0.2480314960629921
0
LINE
8
BLACK
6
CONTINUOUS
10
0.5348423228346456
20
-0.2480314960629921
11
0.5281498031496062
21
-0.2480314960629921
0
LINE
8
BLACK
6
CONTINUOUS
10
0.5281498031496062
20
-0.2480314960629921
11
0.5216517322834645
21
-0.2496331496062992
0
LINE
8
BLACK
6
CONTINUOUS
10
0.5216517322834645
20
-0.2496331496062992
11
0.5157257480314961
21
-0.2527433070866142
0
LINE
8
BLACK
6
CONTINUOUS
10
0.5157257480314961
20
-0.2527433070866142
11
0.5107162992125984
21
-0.2571812992125984
0
LINE
8
BLACK
6
CONTINUOUS
10
0.5107162992125984
20
-0.2571812992125984
11
0.5069145275590551
21
-0.2626891732283465
0
LINE
8
BLACK
6
CONTINUOUS
10
0.5069145275590551
20
-0.2626891732283465
11
0.5045412992125984
21
-0.2689468110236221
0
LINE
8
BLACK
6
CONTINUOUS
10
0.5045412992125984
20
-0.2689468110236221
11
0.5037346062992126
21
-0.2755905511811024
0
LINE
8
BLACK
6
CONTINUOUS
10
0.5037346062992126
20
-0.2755905511811024
11
0.5045412992125984
21
-0.2822342913385827
0
LINE
8
BLACK
6
CONTINUOUS
10
0.2728183858267716
20
-0.2580375196850394
11
0.2731611811023622
21
-0.2580618897637795
0
LINE
8
BLACK
6
CONTINUOUS
10
0.2731611811023622
20
-0.2580618897637795
11
0.2750359448818898
21
-0.2589992913385827
0
LINE
8
BLACK
6
CONTINUOUS
10
0.2750359448818898
20
-0.2589992913385827
11
0.2751950787401575
21
-0.2591827952755906
0
LINE
8
BLACK
6
CONTINUOUS
10
0.2751950787401575
20
-0.2591827952755906
11
0.2754196456692913
21
-0.2592758267716536
0
LINE
8
BLACK
6
CONTINUOUS
10
0.2754196456692913
20
-0.2592758267716536
11
0.276356968503937
21
-0.260213188976378
0
LINE
8
BLACK
6
CONTINUOUS
10
0.276356968503937
20
-0.260213188976378
11
0.2767894488188976
21
-0.2612571653543307
0
LINE
8
BLACK
6
CONTINUOUS
10
0.2767894488188976
20
-0.2612571653543307
11
0.276356968503937
21
-0.2623011023622047
0
LINE
8
BLACK
6
CONTINUOUS
10
0.276356968503937
20
-0.2623011023622047
11
0.275313031496063
21
-0.2627335826771653
0
LINE
8
BLACK
6
CONTINUOUS
10
0.275313031496063
20
-0.2627335826771653
11
0.2742690551181102
21
-0.2623011023622047
0
LINE
8
BLACK
6
CONTINUOUS
10
0.2742690551181102
20
-0.2623011023622047
11
0.273501062992126
21
-0.2615331496062992
0
LINE
8
BLACK
6
CONTINUOUS
10
0.273501062992126
20
-0.2615331496062992
11
0.2721523622047244
21
-0.260858779527559
0
LINE
8
BLACK
6
CONTINUOUS
10
0.2721523622047244
20
-0.260858779527559
11
0.2681625196850393
21
-0.260858779527559
0
LINE
8
BLACK
6
CONTINUOUS
10
0.2681625196850393
20
-0.260858779527559
11
0.2668137401574803
21
-0.2615331496062992
0
LINE
8
BLACK
6
CONTINUOUS
10
0.2668137401574803
20
-0.2615331496062992
11
0.2662151968503937
21
-0.2621317322834645
0
LINE
8
BLACK
6
CONTINUOUS
10
0.2662151968503937
20
-0.2621317322834645
11
0.2655408267716535
21
-0.2634804724409449
0
LINE
8
BLACK
6
CONTINUOUS
10
0.2655408267716535
20
-0.2634804724409449
11
0.2655408267716535
21
-0.2647670078740157
0
LINE
8
BLACK
6
CONTINUOUS
10
0.2655408267716535
20
-0.2647670078740157
11
0.2662922440944882
21
-0.2670212992125984
0
LINE
8
BLACK
6
CONTINUOUS
10
0.2662922440944882
20
-0.2670212992125984
11
0.2772943307086614
21
-0.2780234251968504
0
LINE
8
BLACK
6
CONTINUOUS
10
0.2772943307086614
20
-0.2780234251968504
11
0.2772944094488189
21
-0.2780234645669291
0
LINE
8
BLACK
6
CONTINUOUS
10
0.2772944094488189
20
-0.2780234645669291
11
0.2773385826771653
21
-0.2781301181102362
0
LINE
8
BLACK
6
CONTINUOUS
10
0.2773385826771653
20
-0.2781301181102362
11
0.2777268503937008
21
-0.2790674409448819
0
LINE
8
BLACK
6
CONTINUOUS
10
0.2777268503937008
20
-0.2790674409448819
11
0.2772944094488189
21
-0.2801114173228346
0
LINE
8
BLACK
6
CONTINUOUS
10
0.2772944094488189
20
-0.2801114173228346
11
0.2762504330708661
21
-0.2805438582677166
0
LINE
8
BLACK
6
CONTINUOUS
10
0.2762504330708661
20
-0.2805438582677166
11
0.2762503543307087
21
-0.2805438188976378
0
LINE
8
BLACK
6
CONTINUOUS
10
0.2762503543307087
20
-0.2805438188976378
11
0.2640644488188976
21
-0.2805438188976378
0
LINE
8
BLACK
6
CONTINUOUS
10
0.2640644488188976
20
-0.2805438188976378
11
0.2630204724409449
21
-0.2801114173228346
0
LINE
8
BLACK
6
CONTINUOUS
10
0.2630204724409449
20
-0.2801114173228346
11
0.2625880708661417
21
-0.2790674409448819
0
LINE
8
BLACK
6
CONTINUOUS
10
0.2625880708661417
20
-0.2790674409448819
11
0.2630204724409449
21
-0.2780234645669291
0
LINE
8
BLACK
6
CONTINUOUS
10
0.2630204724409449
20
-0.2780234645669291
11
0.2640644488188976
21
-0.277591062992126
0
LINE
8
BLACK
6
CONTINUOUS
10
0.2640644488188976
20
-0.277591062992126
11
0.2726861417322834
21
-0.277591062992126
0
LINE
8
BLACK
6
CONTINUOUS
10
0.2726861417322834
20
-0.277591062992126
11
0.2639578740157481
21
-0.2688628346456693
0
LINE
8
BLACK
6
CONTINUOUS
10
0.2639578740157481
20
-0.2688628346456693
11
0.2638263385826772
21
-0.2685453149606299
0
LINE
8
BLACK
6
CONTINUOUS
10
0.2638263385826772
20
-0.2685453149606299
11
0.2636012204724409
21
-0.2682857480314961
0
LINE
8
BLACK
6
CONTINUOUS
10
0.2636012204724409
20
-0.2682857480314961
11
0.2626638188976378
21
-0.2654735826771654
0
LINE
8
BLACK
6
CONTINUOUS
10
0.2626638188976378
20
-0.2654735826771654
11
0.2626810236220473
21
-0.2652311417322835
0
LINE
8
BLACK
6
CONTINUOUS
10
0.2626810236220473
20
-0.2652311417322835
11
0.2625880708661417
21
-0.2650066929133858
0
LINE
8
BLACK
6
CONTINUOUS
10
0.2625880708661417
20
-0.2650066929133858
11
0.2625880708661417
21
-0.2631319291338582
0
LINE
8
BLACK
6
CONTINUOUS
10
0.2625880708661417
20
-0.2631319291338582
11
0.2627195669291338
21
-0.2628144094488189
0
LINE
8
BLACK
6
CONTINUOUS
10
0.2627195669291338
20
-0.2628144094488189
11
0.262743937007874
21
-0.2624716535433071
0
LINE
8
BLACK
6
CONTINUOUS
10
0.262743937007874
20
-0.2624716535433071
11
0.2636813385826772
21
-0.2605968897637795
0
LINE
8
BLACK
6
CONTINUOUS
10
0.2636813385826772
20
-0.2605968897637795
11
0.2638648425196851
21
-0.2604377165354331
0
LINE
8
BLACK
6
CONTINUOUS
10
0.2638648425196851
20
-0.2604377165354331
11
0.2639578740157481
21
-0.260213188976378
0
LINE
8
BLACK
6
CONTINUOUS
10
0.2639578740157481
20
-0.260213188976378
11
0.2648952362204725
21
-0.2592758661417323
0
LINE
8
BLACK
6
CONTINUOUS
10
0.2648952362204725
20
-0.2592758661417323
11
0.2651197244094488
21
-0.2591828346456693
0
LINE
8
BLACK
6
CONTINUOUS
10
0.2651197244094488
20
-0.2591828346456693
11
0.265278937007874
21
-0.2589992913385827
0
LINE
8
BLACK
6
CONTINUOUS
10
0.265278937007874
20
-0.2589992913385827
11
0.2671537007874016
21
-0.2580618897637795
0
LINE
8
BLACK
6
CONTINUOUS
10
0.2671537007874016
20
-0.2580618897637795
11
0.2674964566929134
21
-0.2580375196850394
0
LINE
8
BLACK
6
CONTINUOUS
10
0.2674964566929134
20
-0.2580375196850394
11
0.2678139763779527
21
-0.2579060236220472
0
LINE
8
BLACK
6
CONTINUOUS
10
0.2678139763779527
20
-0.2579060236220472
11
0.272500905511811
21
-0.2579060236220472
0
LINE
8
BLACK
6
CONTINUOUS
10
0.272500905511811
20
-0.2579060236220472
11
0.2728183858267716
21
-0.2580375196850394
0
LINE
8
BLACK
6
CONTINUOUS
10
0.2960420866141732
20
-0.2583384251968504
11
0.2964744881889764
21
-0.2593824015748031
0
LINE
8
BLACK
6
CONTINUOUS
10
0.2964744881889764
20
-0.2593824015748031
11
0.2964744881889764
21
-0.2753179133858268
0
LINE
8
BLACK
6
CONTINUOUS
10
0.2964744881889764
20
-0.2753179133858268
11
0.2963429527559055
21
-0.2756353937007874
0
LINE
8
BLACK
6
CONTINUOUS
10
0.2963429527559055
20
-0.2756353937007874
11
0.2963186220472441
21
-0.2759781889763779
0
LINE
8
BLACK
6
CONTINUOUS
10
0.2963186220472441
20
-0.2759781889763779
11
0.2953812204724409
21
-0.2778529527559055
0
LINE
8
BLACK
6
CONTINUOUS
10
0.2953812204724409
20
-0.2778529527559055
11
0.2951976377952756
21
-0.278012125984252
0
LINE
8
BLACK
6
CONTINUOUS
10
0.2951976377952756
20
-0.278012125984252
11
0.2951046850393701
21
-0.2782366141732283
0
LINE
8
BLACK
6
CONTINUOUS
10
0.2951046850393701
20
-0.2782366141732283
11
0.2941673228346456
21
-0.2791740157480315
0
LINE
8
BLACK
6
CONTINUOUS
10
0.2941673228346456
20
-0.2791740157480315
11
0.2939427559055118
21
-0.2792670078740158
0
LINE
8
BLACK
6
CONTINUOUS
10
0.2939427559055118
20
-0.2792670078740158
11
0.2937835826771654
21
-0.2794505905511811
0
LINE
8
BLACK
6
CONTINUOUS
10
0.2937835826771654
20
-0.2794505905511811
11
0.2919088188976378
21
-0.2803879527559055
0
LINE
8
BLACK
6
CONTINUOUS
10
0.2919088188976378
20
-0.2803879527559055
11
0.291566062992126
21
-0.2804122834645669
0
LINE
8
BLACK
6
CONTINUOUS
10
0.291566062992126
20
-0.2804122834645669
11
0.2912485826771654
21
-0.2805438188976378
0
LINE
8
BLACK
6
CONTINUOUS
10
0.2912485826771654
20
-0.2805438188976378
11
0.2874990551181102
21
-0.2805438188976378
0
LINE
8
BLACK
6
CONTINUOUS
10
0.2874990551181102
20
-0.2805438188976378
11
0.2871815354330708
21
-0.2804122834645669
0
LINE
8
BLACK
6
CONTINUOUS
10
0.2871815354330708
20
-0.2804122834645669
11
0.286838779527559
21
-0.2803879527559055
0
LINE
8
BLACK
6
CONTINUOUS
10
0.286838779527559
20
-0.2803879527559055
11
0.2849640551181102
21
-0.2794505905511811
0
LINE
8
BLACK
6
CONTINUOUS
10
0.2849640551181102
20
-0.2794505905511811
11
0.2848048031496063
21
-0.2792670078740158
0
LINE
8
BLACK
6
CONTINUOUS
10
0.2848048031496063
20
-0.2792670078740158
11
0.2845803149606299
21
-0.2791740157480315
0
LINE
8
BLACK
6
CONTINUOUS
10
0.2845803149606299
20
-0.2791740157480315
11
0.2836429133858268
21
-0.2782366535433071
0
LINE
8
BLACK
6
CONTINUOUS
10
0.2836429133858268
20
-0.2782366535433071
11
0.2835498818897638
21
-0.2780120472440945
0
LINE
8
BLACK
6
CONTINUOUS
10
0.2835498818897638
20
-0.2780120472440945
11
0.2833663779527559
21
-0.2778529133858267
0
LINE
8
BLACK
6
CONTINUOUS
10
0.2833663779527559
20
-0.2778529133858267
11
0.2824290157480315
21
-0.2759781496062992
0
LINE
8
BLACK
6
CONTINUOUS
10
0.2824290157480315
20
-0.2759781496062992
11
0.2824046456692914
21
-0.2756353937007874
0
LINE
8
BLACK
6
CONTINUOUS
10
0.2824046456692914
20
-0.2756353937007874
11
0.2822731496062992
21
-0.2753179133858268
0
LINE
8
BLACK
6
CONTINUOUS
10
0.2822731496062992
20
-0.2753179133858268
11
0.2822731496062992
21
-0.2593824015748031
0
LINE
8
BLACK
6
CONTINUOUS
10
0.2822731496062992
20
-0.2593824015748031
11
0.2827055511811024
21
-0.2583384251968504
0
LINE
8
BLACK
6
CONTINUOUS
10
0.2827055511811024
20
-0.2583384251968504
11
0.2837495275590551
21
-0.2579060236220472
0
LINE
8
BLACK
6
CONTINUOUS
10
0.2837495275590551
20
-0.2579060236220472
11
0.2847935039370079
21
-0.2583384251968504
0
LINE
8
BLACK
6
CONTINUOUS
10
0.2847935039370079
20
-0.2583384251968504
11
0.285225905511811
21
-0.2593824015748031
0
LINE
8
BLACK
6
CONTINUOUS
10
0.285225905511811
20
-0.2593824015748031
11
0.285225905511811
21
-0.2749694094488189
0
LINE
8
BLACK
6
CONTINUOUS
10
0.285225905511811
20
-0.2749694094488189
11
0.2859002362204724
21
-0.2763180708661417
0
LINE
8
BLACK
6
CONTINUOUS
10
0.2859002362204724
20
-0.2763180708661417
11
0.2864988582677165
21
-0.2769167322834646
0
LINE
8
BLACK
6
CONTINUOUS
10
0.2864988582677165
20
-0.2769167322834646
11
0.2878475590551181
21
-0.277591062992126
0
LINE
8
BLACK
6
CONTINUOUS
10
0.2878475590551181
20
-0.277591062992126
11
0.2909000787401575
21
-0.277591062992126
0
LINE
8
BLACK
6
CONTINUOUS
10
0.2909000787401575
20
-0.277591062992126
11
0.2922487795275591
21
-0.2769166929133858
0
LINE
8
BLACK
6
CONTINUOUS
10
0.2922487795275591
20
-0.2769166929133858
11
0.2928472834645669
21
-0.2763181496062992
0
LINE
8
BLACK
6
CONTINUOUS
10
0.2928472834645669
20
-0.2763181496062992
11
0.2935217322834646
21
-0.2749693307086614
0
LINE
8
BLACK
6
CONTINUOUS
10
0.2935217322834646
20
-0.2749693307086614
11
0.2935217322834646
21
-0.2593824015748031
0
LINE
8
BLACK
6
CONTINUOUS
10
0.2935217322834646
20
-0.2593824015748031
11
0.2939541338582677
21
-0.2583384251968504
0
LINE
8
BLACK
6
CONTINUOUS
10
0.2939541338582677
20
-0.2583384251968504
11
0.2949981102362205
21
-0.2579060236220472
0
LINE
8
BLACK
6
CONTINUOUS
10
0.2949981102362205
20
-0.2579060236220472
11
0.2960420866141732
21
-0.2583384251968504
0
LINE
8
BLACK
6
CONTINUOUS
10
0.3233070866141732
20
-0.2415710236220472
11
0.3246990157480315
21
-0.2421475984251968
0
LINE
8
BLACK
6
CONTINUOUS
10
0.3246990157480315
20
-0.2421475984251968
11
0.3252755905511811
21
-0.2435395275590551
0
LINE
8
BLACK
6
CONTINUOUS
10
0.3252755905511811
20
-0.2435395275590551
11
0.3252755905511811
21
-0.2966891338582677
0
LINE
8
BLACK
6
CONTINUOUS
10
0.3252755905511811
20
-0.2966891338582677
11
0.3246990157480315
21
-0.298081062992126
0
LINE
8
BLACK
6
CONTINUOUS
10
0.3246990157480315
20
-0.298081062992126
11
0.3233070866141732
21
-0.2986576377952756
0
LINE
8
BLACK
6
CONTINUOUS
10
0.3233070866141732
20
-0.2986576377952756
11
0.2366929133858268
21
-0.2986576377952756
0
LINE
8
BLACK
6
CONTINUOUS
10
0.2366929133858268
20
-0.2986576377952756
11
0.2353009842519685
21
-0.298081062992126
0
LINE
8
BLACK
6
CONTINUOUS
10
0.2353009842519685
20
-0.298081062992126
11
0.2347244094488189
21
-0.2966891338582677
0
LINE
8
BLACK
6
CONTINUOUS
10
0.2347244094488189
20
-0.2966891338582677
11
0.2347244094488189
21
-0.2632245669291339
0
LINE
8
BLACK
6
CONTINUOUS
10
0.2347244094488189
20
-0.2632245669291339
11
0.2353009842519685
21
-0.2618326377952756
0
LINE
8
BLACK
6
CONTINUOUS
10
0.2353009842519685
20
-0.2618326377952756
11
0.2549860236220473
21
-0.2421475984251968
0
LINE
8
BLACK
6
CONTINUOUS
10
0.2549860236220473
20
-0.2421475984251968
11
0.2563779527559055
21
-0.2415710236220472
0
LINE
8
BLACK
6
CONTINUOUS
10
0.2563779527559055
20
-0.2415710236220472
11
0.3233070866141732
21
-0.2415710236220472
0
LINE
8
BLACK
6
CONTINUOUS
10
0.2571933070866141
20
-0.245508031496063
11
0.2386614173228346
21
-0.2640399212598425
0
LINE
8
BLACK
6
CONTINUOUS
10
0.2386614173228346
20
-0.2640399212598425
11
0.2386614173228346
21
-0.2947206299212599
0
LINE
8
BLACK
6
CONTINUOUS
10
0.2386614173228346
20
-0.2947206299212599
11
0.3213385826771654
21
-0.2947206299212599
0
LINE
8
BLACK
6
CONTINUOUS
10
0.3213385826771654
20
-0.2947206299212599
11
0.3213385826771654
21
-0.245508031496063
0
LINE
8
BLACK
6
CONTINUOUS
10
0.3213385826771654
20
-0.245508031496063
11
0.2571933070866141
21
-0.245508031496063
0
LINE
8
BLACK
6
CONTINUOUS
10
0.3255989763779528
20
-0.0013779527559055
11
0.3267118110236221
21
-0.0030635039370079
0
LINE
8
BLACK
6
CONTINUOUS
10
0.3267118110236221
20
-0.0030635039370079
11
0.326480905511811
21
-0.0050700393700787
0
LINE
8
BLACK
6
CONTINUOUS
10
0.326480905511811
20
-0.0050700393700787
11
0.3246061417322835
21
-0.0088195669291339
0
LINE
8
BLACK
6
CONTINUOUS
10
0.3246061417322835
20
-0.0088195669291339
11
0.3240801968503937
21
-0.0095286220472441
0
LINE
8
BLACK
6
CONTINUOUS
10
0.3240801968503937
20
-0.0095286220472441
11
0.324053031496063
21
-0.009586968503937
0
LINE
8
BLACK
6
CONTINUOUS
10
0.324053031496063
20
-0.009586968503937
11
0.3215946456692914
21
-0.0120453543307087
0
LINE
8
BLACK
6
CONTINUOUS
10
0.3215946456692914
20
-0.0120453543307087
11
0.3490086220472441
21
-0.0120453543307087
0
LINE
8
BLACK
6
CONTINUOUS
10
0.3490086220472441
20
-0.0120453543307087
11
0.3490086220472441
21
-0.0037495275590551
0
LINE
8
BLACK
6
CONTINUOUS
10
0.3490086220472441
20
-0.0037495275590551
11
0.3491866929133858
21
-0.0027396062992126
0
LINE
8
BLACK
6
CONTINUOUS
10
0.3491866929133858
20
-0.0027396062992126
11
0.350485
21
-0.0011923622047244
0
LINE
8
BLACK
6
CONTINUOUS
10
0.350485
20
-0.0011923622047244
11
0.3524741338582677
21
-0.0008416141732283
0
LINE
8
BLACK
6
CONTINUOUS
10
0.3524741338582677
20
-0.0008416141732283
11
0.3542233070866141
21
-0.0018515354330709
0
LINE
8
BLACK
6
CONTINUOUS
10
0.3542233070866141
20
-0.0018515354330709
11
0.3549141338582677
21
-0.0037495275590551
0
LINE
8
BLACK
6
CONTINUOUS
10
0.3549141338582677
20
-0.0037495275590551
11
0.3549141338582677
21
-0.0262466929133858
0
LINE
8
BLACK
6
CONTINUOUS
10
0.3549141338582677
20
-0.0262466929133858
11
0.354736062992126
21
-0.0272566141732283
0
LINE
8
BLACK
6
CONTINUOUS
10
0.354736062992126
20
-0.0272566141732283
11
0.3534377559055118
21
-0.0288038582677165
0
LINE
8
BLACK
6
CONTINUOUS
10
0.3534377559055118
20
-0.0288038582677165
11
0.3514486220472441
21
-0.0291546062992126
0
LINE
8
BLACK
6
CONTINUOUS
10
0.3514486220472441
20
-0.0291546062992126
11
0.3496994488188976
21
-0.0281446850393701
0
LINE
8
BLACK
6
CONTINUOUS
10
0.3496994488188976
20
-0.0281446850393701
11
0.3490086220472441
21
-0.0262466929133858
0
LINE
8
BLACK
6
CONTINUOUS
10
0.3490086220472441
20
-0.0262466929133858
11
0.3490086220472441
21
-0.0179508661417323
0
LINE
8
BLACK
6
CONTINUOUS
10
0.3490086220472441
20
-0.0179508661417323
11
0.3125912992125984
21
-0.0179508661417323
0
LINE
8
BLACK
6
CONTINUOUS
10
0.3125912992125984
20
-0.0179508661417323
11
0.3115813779527559
21
-0.0177727952755906
0
LINE
8
BLACK
6
CONTINUOUS
10
0.3115813779527559
20
-0.0177727952755906
11
0.3114512992125984
21
-0.0176636614173228
0
LINE
8
BLACK
6
CONTINUOUS
10
0.3114512992125984
20
-0.0176636614173228
11
0.3112825590551181
21
-0.017645
0
LINE
8
BLACK
6
CONTINUOUS
10
0.3112825590551181
20
-0.017645
11
0.3106906299212598
21
-0.0170253543307087
0
LINE
8
BLACK
6
CONTINUOUS
10
0.3106906299212598
20
-0.0170253543307087
11
0.3100341338582677
21
-0.0164744881889764
0
LINE
8
BLACK
6
CONTINUOUS
10
0.3100341338582677
20
-0.0164744881889764
11
0.3100046456692913
21
-0.0163072440944882
0
LINE
8
BLACK
6
CONTINUOUS
10
0.3100046456692913
20
-0.0163072440944882
11
0.3098873622047244
21
-0.0161844881889764
0
LINE
8
BLACK
6
CONTINUOUS
10
0.3098873622047244
20
-0.0161844881889764
11
0.3098322047244094
21
-0.0153293307086614
0
LINE
8
BLACK
6
CONTINUOUS
10
0.3098322047244094
20
-0.0153293307086614
11
0.3096833858267716
21
-0.0144853543307087
0
LINE
8
BLACK
6
CONTINUOUS
10
0.3096833858267716
20
-0.0144853543307087
11
0.3097682677165354
21
-0.0143382677165354
0
LINE
8
BLACK
6
CONTINUOUS
10
0.3097682677165354
20
-0.0143382677165354
11
0.3097573622047244
21
-0.0141688976377953
0
LINE
8
BLACK
6
CONTINUOUS
10
0.3097573622047244
20
-0.0141688976377953
11
0.3102648031496063
21
-0.0134782677165354
0
LINE
8
BLACK
6
CONTINUOUS
10
0.3102648031496063
20
-0.0134782677165354
11
0.3106933070866142
21
-0.0127361811023622
0
LINE
8
BLACK
6
CONTINUOUS
10
0.3106933070866142
20
-0.0127361811023622
11
0.3108527952755906
21
-0.0126781102362205
0
LINE
8
BLACK
6
CONTINUOUS
10
0.3108527952755906
20
-0.0126781102362205
11
0.3109533858267716
21
-0.0125412598425197
0
LINE
8
BLACK
6
CONTINUOUS
10
0.3109533858267716
20
-0.0125412598425197
11
0.3163344094488189
21
-0.0089538976377953
0
LINE
8
BLACK
6
CONTINUOUS
10
0.3163344094488189
20
-0.0089538976377953
11
0.3195383858267716
21
-0.0057499606299213
0
LINE
8
BLACK
6
CONTINUOUS
10
0.3195383858267716
20
-0.0057499606299213
11
0.3211988582677165
21
-0.0024290157480315
0
LINE
8
BLACK
6
CONTINUOUS
10
0.3211988582677165
20
-0.0024290157480315
11
0.3218097637795275
21
-0.0016053543307087
0
LINE
8
BLACK
6
CONTINUOUS
10
0.3218097637795275
20
-0.0016053543307087
11
0.3236629527559055
21
-0.0008020866141732
0
LINE
8
BLACK
6
CONTINUOUS
10
0.3236629527559055
20
-0.0008020866141732
11
0.3255989763779528
21
-0.0013779527559055
0
LINE
8
BLACK
6
CONTINUOUS
10
0.3542233070866141
20
0.0300194881889764
11
0.3549141338582677
21
0.0281214960629921
0
LINE
8
BLACK
6
CONTINUOUS
10
0.3549141338582677
20
0.0281214960629921
11
0.3549141338582677
21
0.024371968503937
0
LINE
8
BLACK
6
CONTINUOUS
10
0.3549141338582677
20
0.024371968503937
11
0.3547608267716535
21
0.0235025984251968
0
LINE
8
BLACK
6
CONTINUOUS
10
0.3547608267716535
20
0.0235025984251968
11
0.3547625984251969
21
0.023438188976378
0
LINE
8
BLACK
6
CONTINUOUS
10
0.3547625984251969
20
0.023438188976378
11
0.3528878346456693
21
0.017813937007874
0
LINE
8
BLACK
6
CONTINUOUS
10
0.3528878346456693
20
0.017813937007874
11
0.3523995275590551
21
0.0169121653543307
0
LINE
8
BLACK
6
CONTINUOUS
10
0.3523995275590551
20
0.0169121653543307
11
0.3522491338582677
21
0.0168198031496063
0
LINE
8
BLACK
6
CONTINUOUS
10
0.3522491338582677
20
0.0168198031496063
11
0.3521745275590551
21
0.0166597637795276
0
LINE
8
BLACK
6
CONTINUOUS
10
0.3521745275590551
20
0.0166597637795276
11
0.3484249606299212
21
0.0129102362204724
0
LINE
8
BLACK
6
CONTINUOUS
10
0.3484249606299212
20
0.0129102362204724
11
0.3475849212598425
21
0.0123220078740157
0
LINE
8
BLACK
6
CONTINUOUS
10
0.3475849212598425
20
0.0123220078740157
11
0.3474089763779528
21
0.0123066535433071
0
LINE
8
BLACK
6
CONTINUOUS
10
0.3474089763779528
20
0.0123066535433071
11
0.3472707874015748
21
0.0121969291338583
0
LINE
8
BLACK
6
CONTINUOUS
10
0.3472707874015748
20
0.0121969291338583
11
0.3416464960629921
21
0.0103221653543307
0
LINE
8
BLACK
6
CONTINUOUS
10
0.3416464960629921
20
0.0103221653543307
11
0.3407733070866142
21
0.0101927165354331
0
LINE
8
BLACK
6
CONTINUOUS
10
0.3407733070866142
20
0.0101927165354331
11
0.3407127559055118
21
0.0101706299212598
0
LINE
8
BLACK
6
CONTINUOUS
10
0.3407127559055118
20
0.0101706299212598
11
0.3125912992125984
21
0.0101706299212598
0
LINE
8
BLACK
6
CONTINUOUS
10
0.3125912992125984
20
0.0101706299212598
11
0.3115813779527559
21
0.0103487007874016
0
LINE
8
BLACK
6
CONTINUOUS
10
0.3115813779527559
20
0.0103487007874016
11
0.3100341338582677
21
0.0116470078740157
0
LINE
8
BLACK
6
CONTINUOUS
10
0.3100341338582677
20
0.0116470078740157
11
0.3096833858267716
21
0.0136361417322835
0
LINE
8
BLACK
6
CONTINUOUS
10
0.3096833858267716
20
0.0136361417322835
11
0.3106933070866142
21
0.0153853149606299
0
LINE
8
BLACK
6
CONTINUOUS
10
0.3106933070866142
20
0.0153853149606299
11
0.3125912992125984
21
0.0160761417322835
0
LINE
8
BLACK
6
CONTINUOUS
10
0.3125912992125984
20
0.0160761417322835
11
0.3402336220472441
21
0.0160761417322835
0
LINE
8
BLACK
6
CONTINUOUS
10
0.3402336220472441
20
0.0160761417322835
11
0.3447420078740158
21
0.0175789763779528
0
LINE
8
BLACK
6
CONTINUOUS
10
0.3447420078740158
20
0.0175789763779528
11
0.3475058267716535
21
0.0203427559055118
0
LINE
8
BLACK
6
CONTINUOUS
10
0.3475058267716535
20
0.0203427559055118
11
0.3490086220472441
21
0.0248511023622047
0
LINE
8
BLACK
6
CONTINUOUS
10
0.3490086220472441
20
0.0248511023622047
11
0.3490086220472441
21
0.0281214960629921
0
LINE
8
BLACK
6
CONTINUOUS
10
0.3490086220472441
20
0.0281214960629921
11
0.3491866929133858
21
0.0291314173228346
0
LINE
8
BLACK
6
CONTINUOUS
10
0.3491866929133858
20
0.0291314173228346
11
0.350485
21
0.0306786614173228
0
LINE
8
BLACK
6
CONTINUOUS
10
0.350485
20
0.0306786614173228
11
0.3524741338582677
21
0.0310294094488189
0
LINE
8
BLACK
6
CONTINUOUS
10
0.3524741338582677
20
0.0310294094488189
11
0.3542233070866141
21
0.0300194881889764
0
LINE
8
BLACK
6
CONTINUOUS
10
0.3840551181102362
20
0.1519685039370079
11
0.3854470472440945
21
0.1513919291338583
0
LINE
8
BLACK
6
CONTINUOUS
10
0.3854470472440945
20
0.1513919291338583
11
0.3860236220472441
21
0.15
0
LINE
8
BLACK
6
CONTINUOUS
10
0.3860236220472441
20
0.15
11
0.3860236220472441
21
0.1145669291338583
0
LINE
8
BLACK
6
CONTINUOUS
10
0.3860236220472441
20
0.1145669291338583
11
0.6202755905511811
21
0.1145669291338583
0
LINE
8
BLACK
6
CONTINUOUS
10
0.6202755905511811
20
0.1145669291338583
11
0.6216675196850393
21
0.1139903543307087
0
LINE
8
BLACK
6
CONTINUOUS
10
0.6216675196850393
20
0.1139903543307087
11
0.622244094488189
21
0.1125984251968504
0
LINE
8
BLACK
6
CONTINUOUS
10
0.622244094488189
20
0.1125984251968504
11
0.622244094488189
21
0.0874015748031496
0
LINE
8
BLACK
6
CONTINUOUS
10
0.622244094488189
20
0.0874015748031496
11
0.6216675196850393
21
0.0860096456692913
0
LINE
8
BLACK
6
CONTINUOUS
10
0.6216675196850393
20
0.0860096456692913
11
0.6202755905511811
21
0.0854330708661417
0
LINE
8
BLACK
6
CONTINUOUS
10
0.6202755905511811
20
0.0854330708661417
11
0.3860236220472441
21
0.0854330708661417
0
LINE
8
BLACK
6
CONTINUOUS
10
0.3860236220472441
20
0.0854330708661417
11
0.3860236220472441
21
0.0145669291338583
0
LINE
8
BLACK
6
CONTINUOUS
10
0.3860236220472441
20
0.0145669291338583
11
0.6202755905511811
21
0.0145669291338583
0
LINE
8
BLACK
6
CONTINUOUS
10
0.6202755905511811
20
0.0145669291338583
11
0.6216675196850393
21
0.0139903543307087
0
LINE
8
BLACK
6
CONTINUOUS
10
0.6216675196850393
20
0.0139903543307087
11
0.622244094488189
21
0.0125984251968504
0
LINE
8
BLACK
6
CONTINUOUS
10
0.622244094488189
20
0.0125984251968504
11
0.622244094488189
21
-0.0125984251968504
0
LINE
8
BLACK
6
CONTINUOUS
10
0.622244094488189
20
-0.0125984251968504
11
0.6216675196850393
21
-0.0139903543307087
0
LINE
8
BLACK
6
CONTINUOUS
10
0.6216675196850393
20
-0.0139903543307087
11
0.6202755905511811
21
-0.0145669291338583
0
LINE
8
BLACK
6
CONTINUOUS
10
0.6202755905511811
20
-0.0145669291338583
11
0.3860236220472441
21
-0.0145669291338583
0
LINE
8
BLACK
6
CONTINUOUS
10
0.3860236220472441
20
-0.0145669291338583
11
0.3860236220472441
21
-0.0854330708661417
0
LINE
8
BLACK
6
CONTINUOUS
10
0.3860236220472441
20
-0.0854330708661417
11
0.6202755905511811
21
-0.0854330708661417
0
LINE
8
BLACK
6
CONTINUOUS
10
0.6202755905511811
20
-0.0854330708661417
11
0.6216675196850393
21
-0.0860096456692913
0
LINE
8
BLACK
6
CONTINUOUS
10
0.6216675196850393
20
-0.0860096456692913
11
0.622244094488189
21
-0.0874015748031496
0
LINE
8
BLACK
6
CONTINUOUS
10
0.622244094488189
20
-0.0874015748031496
11
0.622244094488189
21
-0.1125984251968504
0
LINE
8
BLACK
6
CONTINUOUS
10
0.622244094488189
20
-0.1125984251968504
11
0.6216675196850393
21
-0.1139903543307087
0
LINE
8
BLACK
6
CONTINUOUS
10
0.6216675196850393
20
-0.1139903543307087
11
0.6202755905511811
21
-0.1145669291338583
0
LINE
8
BLACK
6
CONTINUOUS
10
0.6202755905511811
20
-0.1145669291338583
11
0.3860236220472441
21
-0.1145669291338583
0
LINE
8
BLACK
6
CONTINUOUS
10
0.3860236220472441
20
-0.1145669291338583
11
0.3860236220472441
21
-0.15
0
LINE
8
BLACK
6
CONTINUOUS
10
0.3860236220472441
20
-0.15
11
0.3854470472440945
21
-0.1513919291338583
0
LINE
8
BLACK
6
CONTINUOUS
10
0.3854470472440945
20
-0.1513919291338583
11
0.3840551181102362
21
-0.1519685039370079
0
LINE
8
BLACK
6
CONTINUOUS
10
0.3840551181102362
20
-0.1519685039370079
11
0.3090551181102362
21
-0.1519685039370079
0
LINE
8
BLACK
6
CONTINUOUS
10
0.3090551181102362
20
-0.1519685039370079
11
0.307663188976378
21
-0.151391968503937
0
LINE
8
BLACK
6
CONTINUOUS
10
0.307663188976378
20
-0.151391968503937
11
0.2826631889763779
21
-0.1263919291338583
0
LINE
8
BLACK
6
CONTINUOUS
10
0.2826631889763779
20
-0.1263919291338583
11
0.2820866141732283
21
-0.125
0
LINE
8
BLACK
6
CONTINUOUS
10
0.2820866141732283
20
-0.125
11
0.2820866141732283
21
-0.1145669291338583
0
LINE
8
BLACK
6
CONTINUOUS
10
0.2820866141732283
20
-0.1145669291338583
11
0.2124015748031496
21
-0.1145669291338583
0
LINE
8
BLACK
6
CONTINUOUS
10
0.2124015748031496
20
-0.1145669291338583
11
0.2110096456692913
21
-0.1139903543307087
0
LINE
8
BLACK
6
CONTINUOUS
10
0.2110096456692913
20
-0.1139903543307087
11
0.2104330708661417
21
-0.1125984251968504
0
LINE
8
BLACK
6
CONTINUOUS
10
0.2104330708661417
20
-0.1125984251968504
11
0.2104330708661417
21
-0.0874015748031496
0
LINE
8
BLACK
6
CONTINUOUS
10
0.2104330708661417
20
-0.0874015748031496
11
0.2110096456692913
21
-0.0860096456692913
0
LINE
8
BLACK
6
CONTINUOUS
10
0.2110096456692913
20
-0.0860096456692913
11
0.2124015748031496
21
-0.0854330708661417
0
LINE
8
BLACK
6
CONTINUOUS
10
0.2124015748031496
20
-0.0854330708661417
11
0.2820866141732283
21
-0.0854330708661417
0
LINE
8
BLACK
6
CONTINUOUS
10
0.2820866141732283
20
-0.0854330708661417
11
0.2820866141732283
21
-0.0145669291338583
0
LINE
8
BLACK
6
CONTINUOUS
10
0.2820866141732283
20
-0.0145669291338583
11
0.2124015748031496
21
-0.0145669291338583
0
LINE
8
BLACK
6
CONTINUOUS
10
0.2124015748031496
20
-0.0145669291338583
11
0.2110096456692913
21
-0.0139903543307087
0
LINE
8
BLACK
6
CONTINUOUS
10
0.2110096456692913
20
-0.0139903543307087
11
0.2104330708661417
21
-0.0125984251968504
0
LINE
8
BLACK
6
CONTINUOUS
10
0.2104330708661417
20
-0.0125984251968504
11
0.2104330708661417
21
0.0125984251968504
0
LINE
8
BLACK
6
CONTINUOUS
10
0.2104330708661417
20
0.0125984251968504
11
0.2110096456692913
21
0.0139903543307087
0
LINE
8
BLACK
6
CONTINUOUS
10
0.2110096456692913
20
0.0139903543307087
11
0.2124015748031496
21
0.0145669291338583
0
LINE
8
BLACK
6
CONTINUOUS
10
0.2124015748031496
20
0.0145669291338583
11
0.2820866141732283
21
0.0145669291338583
0
LINE
8
BLACK
6
CONTINUOUS
10
0.2820866141732283
20
0.0145669291338583
11
0.2820866141732283
21
0.0854330708661417
0
LINE
8
BLACK
6
CONTINUOUS
10
0.2820866141732283
20
0.0854330708661417
11
0.2124015748031496
21
0.0854330708661417
0
LINE
8
BLACK
6
CONTINUOUS
10
0.2124015748031496
20
0.0854330708661417
11
0.2110096456692913
21
0.0860096456692913
0
LINE
8
BLACK
6
CONTINUOUS
10
0.2110096456692913
20
0.0860096456692913
11
0.2104330708661417
21
0.0874015748031496
0
LINE
8
BLACK
6
CONTINUOUS
10
0.2104330708661417
20
0.0874015748031496
11
0.2104330708661417
21
0.1125984251968504
0
LINE
8
BLACK
6
CONTINUOUS
10
0.2104330708661417
20
0.1125984251968504
11
0.2110096456692913
21
0.1139903543307087
0
LINE
8
BLACK
6
CONTINUOUS
10
0.2110096456692913
20
0.1139903543307087
11
0.2124015748031496
21
0.1145669291338583
0
LINE
8
BLACK
6
CONTINUOUS
10
0.2124015748031496
20
0.1145669291338583
11
0.2820866141732283
21
0.1145669291338583
0
LINE
8
BLACK
6
CONTINUOUS
10
0.2820866141732283
20
0.1145669291338583
11
0.2820866141732283
21
0.15
0
LINE
8
BLACK
6
CONTINUOUS
10
0.2820866141732283
20
0.15
11
0.2826631889763779
21
0.1513919291338583
0
LINE
8
BLACK
6
CONTINUOUS
10
0.2826631889763779
20
0.1513919291338583
11
0.2840551181102362
21
0.1519685039370079
0
LINE
8
BLACK
6
CONTINUOUS
10
0.2840551181102362
20
0.1519685039370079
11
0.3840551181102362
21
0.1519685039370079
0
LINE
8
BLACK
6
CONTINUOUS
10
0.2860236220472441
20
0.1480314960629921
11
0.2860236220472441
21
-0.1241846062992126
0
LINE
8
BLACK
6
CONTINUOUS
10
0.2860236220472441
20
-0.1241846062992126
11
0.3098705118110236
21
-0.1480314960629921
0
LINE
8
BLACK
6
CONTINUOUS
10
0.3098705118110236
20
-0.1480314960629921
11
0.3820866141732283
21
-0.1480314960629921
0
LINE
8
BLACK
6
CONTINUOUS
10
0.3820866141732283
20
-0.1480314960629921
11
0.3820866141732283
21
0.1480314960629921
0
LINE
8
BLACK
6
CONTINUOUS
10
0.3820866141732283
20
0.1480314960629921
11
0.2860236220472441
21
0.1480314960629921
0
LINE
8
BLACK
6
CONTINUOUS
10
0.3860236220472441
20
-0.0893700787401575
11
0.3860236220472441
21
-0.1106299212598425
0
LINE
8
BLACK
6
CONTINUOUS
10
0.3860236220472441
20
-0.1106299212598425
11
0.6183070866141732
21
-0.1106299212598425
0
LINE
8
BLACK
6
CONTINUOUS
10
0.6183070866141732
20
-0.1106299212598425
11
0.6183070866141732
21
-0.0893700787401575
0
LINE
8
BLACK
6
CONTINUOUS
10
0.6183070866141732
20
-0.0893700787401575
11
0.3860236220472441
21
-0.0893700787401575
0
LINE
8
BLACK
6
CONTINUOUS
10
0.2143700787401575
20
-0.0893700787401575
11
0.2143700787401575
21
-0.1106299212598425
0
LINE
8
BLACK
6
CONTINUOUS
10
0.2143700787401575
20
-0.1106299212598425
11
0.2820866141732283
21
-0.1106299212598425
0
LINE
8
BLACK
6
CONTINUOUS
10
0.2820866141732283
20
-0.1106299212598425
11
0.2820866141732283
21
-0.0893700787401575
0
LINE
8
BLACK
6
CONTINUOUS
10
0.2820866141732283
20
-0.0893700787401575
11
0.2143700787401575
21
-0.0893700787401575
0
LINE
8
BLACK
6
CONTINUOUS
10
0.3860236220472441
20
0.0106299212598425
11
0.3860236220472441
21
-0.0106299212598425
0
LINE
8
BLACK
6
CONTINUOUS
10
0.3860236220472441
20
-0.0106299212598425
11
0.6183070866141732
21
-0.0106299212598425
0
LINE
8
BLACK
6
CONTINUOUS
10
0.6183070866141732
20
-0.0106299212598425
11
0.6183070866141732
21
0.0106299212598425
0
LINE
8
BLACK
6
CONTINUOUS
10
0.6183070866141732
20
0.0106299212598425
11
0.3860236220472441
21
0.0106299212598425
0
LINE
8
BLACK
6
CONTINUOUS
10
0.2143700787401575
20
0.0106299212598425
11
0.2143700787401575
21
-0.0106299212598425
0
LINE
8
BLACK
6
CONTINUOUS
10
0.2143700787401575
20
-0.0106299212598425
11
0.2820866141732283
21
-0.0106299212598425
0
LINE
8
BLACK
6
CONTINUOUS
10
0.2820866141732283
20
-0.0106299212598425
11
0.2820866141732283
21
0.0106299212598425
0
LINE
8
BLACK
6
CONTINUOUS
10
0.2820866141732283
20
0.0106299212598425
11
0.2143700787401575
21
0.0106299212598425
0
LINE
8
BLACK
6
CONTINUOUS
10
0.3860236220472441
20
0.1106299212598425
11
0.3860236220472441
21
0.0893700787401575
0
LINE
8
BLACK
6
CONTINUOUS
10
0.3860236220472441
20
0.0893700787401575
11
0.6183070866141732
21
0.0893700787401575
0
LINE
8
BLACK
6
CONTINUOUS
10
0.6183070866141732
20
0.0893700787401575
11
0.6183070866141732
21
0.1106299212598425
0
LINE
8
BLACK
6
CONTINUOUS
10
0.6183070866141732
20
0.1106299212598425
11
0.3860236220472441
21
0.1106299212598425
0
LINE
8
BLACK
6
CONTINUOUS
10
0.2143700787401575
20
0.1106299212598425
11
0.2143700787401575
21
0.0893700787401575
0
LINE
8
BLACK
6
CONTINUOUS
10
0.2143700787401575
20
0.0893700787401575
11
0.2820866141732283
21
0.0893700787401575
0
LINE
8
BLACK
6
CONTINUOUS
10
0.2820866141732283
20
0.0893700787401575
11
0.2820866141732283
21
0.1106299212598425
0
LINE
8
BLACK
6
CONTINUOUS
10
0.2820866141732283
20
0.1106299212598425
11
0.2143700787401575
21
0.1106299212598425
0
LINE
8
BLACK
6
CONTINUOUS
10
-0.2608683070866142
20
-0.0637822834645669
11
-0.2586615748031496
21
-0.0665494094488189
0
LINE
8
BLACK
6
CONTINUOUS
10
-0.2586615748031496
20
-0.0665494094488189
11
-0.2578740157480315
21
-0.07
0
LINE
8
BLACK
6
CONTINUOUS
10
-0.2578740157480315
20
-0.07
11
-0.2586615748031496
21
-0.0734505905511811
0
LINE
8
BLACK
6
CONTINUOUS
10
-0.2586615748031496
20
-0.0734505905511811
11
-0.2608683070866142
21
-0.0762177165354331
0
LINE
8
BLACK
6
CONTINUOUS
10
-0.2608683070866142
20
-0.0762177165354331
11
-0.264057125984252
21
-0.0777533464566929
0
LINE
8
BLACK
6
CONTINUOUS
10
-0.264057125984252
20
-0.0777533464566929
11
-0.2675964173228346
21
-0.0777533464566929
0
LINE
8
BLACK
6
CONTINUOUS
10
-0.2675964173228346
20
-0.0777533464566929
11
-0.2707852362204725
21
-0.0762177165354331
0
LINE
8
BLACK
6
CONTINUOUS
10
-0.2707852362204725
20
-0.0762177165354331
11
-0.272991968503937
21
-0.0734505905511811
0
LINE
8
BLACK
6
CONTINUOUS
10
-0.272991968503937
20
-0.0734505905511811
11
-0.2737795275590551
21
-0.07
0
LINE
8
BLACK
6
CONTINUOUS
10
-0.2737795275590551
20
-0.07
11
-0.272991968503937
21
-0.0665494094488189
0
LINE
8
BLACK
6
CONTINUOUS
10
-0.272991968503937
20
-0.0665494094488189
11
-0.2707852362204725
21
-0.0637822834645669
0
LINE
8
BLACK
6
CONTINUOUS
10
-0.2707852362204725
20
-0.0637822834645669
11
-0.2675964173228346
21
-0.0622466535433071
0
LINE
8
BLACK
6
CONTINUOUS
10
-0.2675964173228346
20
-0.0622466535433071
11
-0.264057125984252
21
-0.0622466535433071
0
LINE
8
BLACK
6
CONTINUOUS
10
-0.264057125984252
20
-0.0622466535433071
11
-0.2608683070866142
21
-0.0637822834645669
0
LINE
8
BLACK
6
CONTINUOUS
10
-0.2673936614173228
20
-0.0715668897637795
11
-0.2658267716535433
21
-0.072215905511811
0
LINE
8
BLACK
6
CONTINUOUS
10
-0.2658267716535433
20
-0.072215905511811
11
-0.2642598818897638
21
-0.0715668897637795
0
LINE
8
BLACK
6
CONTINUOUS
10
-0.2642598818897638
20
-0.0715668897637795
11
-0.2636108661417323
21
-0.07
0
LINE
8
BLACK
6
CONTINUOUS
10
-0.2636108661417323
20
-0.07
11
-0.2642598818897638
21
-0.0684331102362205
0
LINE
8
BLACK
6
CONTINUOUS
10
-0.2642598818897638
20
-0.0684331102362205
11
-0.2658267716535433
21
-0.067784094488189
0
LINE
8
BLACK
6
CONTINUOUS
10
-0.2658267716535433
20
-0.067784094488189
11
-0.2673936614173228
21
-0.0684331102362205
0
LINE
8
BLACK
6
CONTINUOUS
10
-0.2673936614173228
20
-0.0684331102362205
11
-0.2680426771653543
21
-0.07
0
LINE
8
BLACK
6
CONTINUOUS
10
-0.2680426771653543
20
-0.07
11
-0.2673936614173228
21
-0.0715668897637795
0
LINE
8
BLACK
6
CONTINUOUS
10
-0.3858148818897638
20
0.0308747244094488
11
-0.3843846850393701
21
0.0289062204724409
0
LINE
8
BLACK
6
CONTINUOUS
10
-0.3843846850393701
20
0.0289062204724409
11
-0.3843846850393701
21
0.0264729921259843
0
LINE
8
BLACK
6
CONTINUOUS
10
-0.3843846850393701
20
0.0264729921259843
11
-0.3858148818897638
21
0.0245044881889764
0
LINE
8
BLACK
6
CONTINUOUS
10
-0.3858148818897638
20
0.0245044881889764
11
-0.3881290157480315
21
0.0237525984251968
0
LINE
8
BLACK
6
CONTINUOUS
10
-0.3881290157480315
20
0.0237525984251968
11
-0.3954405905511811
21
0.0237525984251968
0
LINE
8
BLACK
6
CONTINUOUS
10
-0.3954405905511811
20
0.0237525984251968
11
-0.3954405905511811
21
-0.0116804724409449
0
LINE
8
BLACK
6
CONTINUOUS
10
-0.3954405905511811
20
-0.0116804724409449
11
-0.395466220472441
21
-0.0117592913385827
0
LINE
8
BLACK
6
CONTINUOUS
10
-0.395466220472441
20
-0.0117592913385827
11
-0.395443779527559
21
-0.0118391732283465
0
LINE
8
BLACK
6
CONTINUOUS
10
-0.395443779527559
20
-0.0118391732283465
11
-0.3958399212598425
21
-0.0129094094488189
0
LINE
8
BLACK
6
CONTINUOUS
10
-0.3958399212598425
20
-0.0129094094488189
11
-0.3961924803149606
21
-0.0139946062992126
0
LINE
8
BLACK
6
CONTINUOUS
10
-0.3961924803149606
20
-0.0139946062992126
11
-0.3962596062992126
21
-0.0140433464566929
0
LINE
8
BLACK
6
CONTINUOUS
10
-0.3962596062992126
20
-0.0140433464566929
11
-0.3962883464566929
21
-0.0141211023622047
0
LINE
8
BLACK
6
CONTINUOUS
10
-0.3962883464566929
20
-0.0141211023622047
11
-0.3972379133858268
21
-0.014754094488189
0
LINE
8
BLACK
6
CONTINUOUS
10
-0.3972379133858268
20
-0.014754094488189
11
-0.3981609842519685
21
-0.0154248031496063
0
LINE
8
BLACK
6
CONTINUOUS
10
-0.3981609842519685
20
-0.0154248031496063
11
-0.3982438976377953
21
-0.0154248031496063
0
LINE
8
BLACK
6
CONTINUOUS
10
-0.3982438976377953
20
-0.0154248031496063
11
-0.3983129133858268
21
-0.0154708267716535
0
LINE
8
BLACK
6
CONTINUOUS
10
-0.3983129133858268
20
-0.0154708267716535
11
-0.3994538582677165
21
-0.0154248031496063
0
LINE
8
BLACK
6
CONTINUOUS
10
-0.3994538582677165
20
-0.0154248031496063
11
-0.4005942125984252
21
-0.0154248031496063
0
LINE
8
BLACK
6
CONTINUOUS
10
-0.4005942125984252
20
-0.0154248031496063
11
-0.4006612598425197
21
-0.015376062992126
0
LINE
8
BLACK
6
CONTINUOUS
10
-0.4006612598425197
20
-0.015376062992126
11
-0.4007441338582677
21
-0.0153727559055118
0
LINE
8
BLACK
6
CONTINUOUS
10
-0.4007441338582677
20
-0.0153727559055118
11
-0.4016395669291338
21
-0.0146653149606299
0
LINE
8
BLACK
6
CONTINUOUS
10
-0.4016395669291338
20
-0.0146653149606299
11
-0.4025627165354331
21
-0.0139946062992126
0
LINE
8
BLACK
6
CONTINUOUS
10
-0.4025627165354331
20
-0.0139946062992126
11
-0.4025883858267716
21
-0.0139157086614173
0
LINE
8
BLACK
6
CONTINUOUS
10
-0.4025883858267716
20
-0.0139157086614173
11
-0.4026533858267716
21
-0.0138643307086614
0
LINE
8
BLACK
6
CONTINUOUS
10
-0.4026533858267716
20
-0.0138643307086614
11
-0.4061866141732283
21
-0.0085644881889764
0
LINE
8
BLACK
6
CONTINUOUS
10
-0.4061866141732283
20
-0.0085644881889764
11
-0.4092088188976378
21
-0.0055422834645669
0
LINE
8
BLACK
6
CONTINUOUS
10
-0.4092088188976378
20
-0.0055422834645669
11
-0.4123868503937008
21
-0.0039532677165354
0
LINE
8
BLACK
6
CONTINUOUS
10
-0.4123868503937008
20
-0.0039532677165354
11
-0.4141204330708662
21
-0.0022458267716535
0
LINE
8
BLACK
6
CONTINUOUS
10
-0.4141204330708662
20
-0.0022458267716535
11
-0.4145192913385827
21
0.0001544488188976
0
LINE
8
BLACK
6
CONTINUOUS
10
-0.4145192913385827
20
0.0001544488188976
11
-0.4134311417322835
21
0.0023307874015748
0
LINE
8
BLACK
6
CONTINUOUS
10
-0.4134311417322835
20
0.0023307874015748
11
-0.4112715748031496
21
0.0034518897637795
0
LINE
8
BLACK
6
CONTINUOUS
10
-0.4112715748031496
20
0.0034518897637795
11
-0.4088655118110236
21
0.0030894881889764
0
LINE
8
BLACK
6
CONTINUOUS
10
-0.4088655118110236
20
0.0030894881889764
11
-0.4051159842519685
21
0.0012147244094488
0
LINE
8
BLACK
6
CONTINUOUS
10
-0.4051159842519685
20
0.0012147244094488
11
-0.4046613779527559
21
0.000766968503937
0
LINE
8
BLACK
6
CONTINUOUS
10
-0.4046613779527559
20
0.000766968503937
11
-0.4040927559055118
21
0.0004772440944882
0
LINE
8
BLACK
6
CONTINUOUS
10
-0.4040927559055118
20
0.0004772440944882
11
-0.4033146062992126
21
-0.000300905511811
0
LINE
8
BLACK
6
CONTINUOUS
10
-0.4033146062992126
20
-0.000300905511811
11
-0.4033146062992126
21
0.0237525984251968
0
LINE
8
BLACK
6
CONTINUOUS
10
-0.4033146062992126
20
0.0237525984251968
11
-0.4106261811023622
21
0.0237525984251968
0
LINE
8
BLACK
6
CONTINUOUS
10
-0.4106261811023622
20
0.0237525984251968
11
-0.4129403149606299
21
0.0245044881889764
0
LINE
8
BLACK
6
CONTINUOUS
10
-0.4129403149606299
20
0.0245044881889764
11
-0.4143705118110236
21
0.0264729921259843
0
LINE
8
BLACK
6
CONTINUOUS
10
-0.4143705118110236
20
0.0264729921259843
11
-0.4143705118110236
21
0.0289062204724409
0
LINE
8
BLACK
6
CONTINUOUS
10
-0.4143705118110236
20
0.0289062204724409
11
-0.4129403149606299
21
0.0308747244094488
0
LINE
8
BLACK
6
CONTINUOUS
10
-0.4129403149606299
20
0.0308747244094488
11
-0.4106261811023622
21
0.0316266141732283
0
LINE
8
BLACK
6
CONTINUOUS
10
-0.4106261811023622
20
0.0316266141732283
11
-0.3881290157480315
21
0.0316266141732283
0
LINE
8
BLACK
6
CONTINUOUS
10
-0.3881290157480315
20
0.0316266141732283
11
-0.3858148818897638
21
0.0308747244094488
0
LINE
8
BLACK
6
CONTINUOUS
10
-0.4341349212598425
20
0.0313461417322835
11
-0.4332374409448819
21
0.0312109448818898
0
LINE
8
BLACK
6
CONTINUOUS
10
-0.4332374409448819
20
0.0312109448818898
11
-0.4294879133858268
21
0.0293361417322835
0
LINE
8
BLACK
6
CONTINUOUS
10
-0.4294879133858268
20
0.0293361417322835
11
-0.4290333464566929
21
0.0288884251968504
0
LINE
8
BLACK
6
CONTINUOUS
10
-0.4290333464566929
20
0.0288884251968504
11
-0.4284647244094488
21
0.0285987007874016
0
LINE
8
BLACK
6
CONTINUOUS
10
-0.4284647244094488
20
0.0285987007874016
11
-0.42659
21
0.026723937007874
0
LINE
8
BLACK
6
CONTINUOUS
10
-0.42659
20
0.026723937007874
11
-0.4263003149606299
21
0.0261553937007874
0
LINE
8
BLACK
6
CONTINUOUS
10
-0.4263003149606299
20
0.0261553937007874
11
-0.4258524803149606
21
0.0257007086614173
0
LINE
8
BLACK
6
CONTINUOUS
10
-0.4258524803149606
20
0.0257007086614173
11
-0.423977716535433
21
0.0219512204724409
0
LINE
8
BLACK
6
CONTINUOUS
10
-0.423977716535433
20
0.0219512204724409
11
-0.4238425590551181
21
0.0210536614173228
0
LINE
8
BLACK
6
CONTINUOUS
10
-0.4238425590551181
20
0.0210536614173228
11
-0.4235620866141732
21
0.0201905118110236
0
LINE
8
BLACK
6
CONTINUOUS
10
-0.4235620866141732
20
0.0201905118110236
11
-0.4235620866141732
21
-0.0116804724409449
0
LINE
8
BLACK
6
CONTINUOUS
10
-0.4235620866141732
20
-0.0116804724409449
11
-0.4243139763779528
21
-0.0139946062992126
0
LINE
8
BLACK
6
CONTINUOUS
10
-0.4243139763779528
20
-0.0139946062992126
11
-0.4262824803149606
21
-0.0154248031496063
0
LINE
8
BLACK
6
CONTINUOUS
10
-0.4262824803149606
20
-0.0154248031496063
11
-0.4287157086614173
21
-0.0154248031496063
0
LINE
8
BLACK
6
CONTINUOUS
10
-0.4287157086614173
20
-0.0154248031496063
11
-0.4306842125984252
21
-0.0139946062992126
0
LINE
8
BLACK
6
CONTINUOUS
10
-0.4306842125984252
20
-0.0139946062992126
11
-0.4314361023622047
21
-0.0116804724409449
0
LINE
8
BLACK
6
CONTINUOUS
10
-0.4314361023622047
20
-0.0116804724409449
11
-0.4314361023622047
21
0.0192611023622047
0
LINE
8
BLACK
6
CONTINUOUS
10
-0.4314361023622047
20
0.0192611023622047
11
-0.4326095275590551
21
0.0216079527559055
0
LINE
8
BLACK
6
CONTINUOUS
10
-0.4326095275590551
20
0.0216079527559055
11
-0.4335808267716535
21
0.0225792519685039
0
LINE
8
BLACK
6
CONTINUOUS
10
-0.4335808267716535
20
0.0225792519685039
11
-0.4359275196850393
21
0.0237525984251968
0
LINE
8
BLACK
6
CONTINUOUS
10
-0.4359275196850393
20
0.0237525984251968
11
-0.4415678346456693
21
0.0237525984251968
0
LINE
8
BLACK
6
CONTINUOUS
10
-0.4415678346456693
20
0.0237525984251968
11
-0.4439146062992126
21
0.0225792125984252
0
LINE
8
BLACK
6
CONTINUOUS
10
-0.4439146062992126
20
0.0225792125984252
11
-0.4448858267716536
21
0.0216079527559055
0
LINE
8
BLACK
6
CONTINUOUS
10
-0.4448858267716536
20
0.0216079527559055
11
-0.4460592519685039
21
0.0192611023622047
0
LINE
8
BLACK
6
CONTINUOUS
10
-0.4460592519685039
20
0.0192611023622047
11
-0.4460592519685039
21
-0.0116804724409449
0
LINE
8
BLACK
6
CONTINUOUS
10
-0.4460592519685039
20
-0.0116804724409449
11
-0.4468111417322835
21
-0.0139946062992126
0
LINE
8
BLACK
6
CONTINUOUS
10
-0.4468111417322835
20
-0.0139946062992126
11
-0.4487796456692913
21
-0.0154248031496063
0
LINE
8
BLACK
6
CONTINUOUS
10
-0.4487796456692913
20
-0.0154248031496063
11
-0.451212874015748
21
-0.0154248031496063
0
LINE
8
BLACK
6
CONTINUOUS
10
-0.451212874015748
20
-0.0154248031496063
11
-0.4531813779527559
21
-0.0139946062992126
0
LINE
8
BLACK
6
CONTINUOUS
10
-0.4531813779527559
20
-0.0139946062992126
11
-0.4539332677165354
21
-0.0116804724409449
0
LINE
8
BLACK
6
CONTINUOUS
10
-0.4539332677165354
20
-0.0116804724409449
11
-0.4539332677165354
21
0.0201905118110236
0
LINE
8
BLACK
6
CONTINUOUS
10
-0.4539332677165354
20
0.0201905118110236
11
-0.4536528346456693
21
0.0210536614173228
0
LINE
8
BLACK
6
CONTINUOUS
10
-0.4536528346456693
20
0.0210536614173228
11
-0.4535176377952756
21
0.0219511811023622
0
LINE
8
BLACK
6
CONTINUOUS
10
-0.4535176377952756
20
0.0219511811023622
11
-0.451642874015748
21
0.0257007086614173
0
LINE
8
BLACK
6
CONTINUOUS
10
-0.451642874015748
20
0.0257007086614173
11
-0.4511951181102362
21
0.0261553543307087
0
LINE
8
BLACK
6
CONTINUOUS
10
-0.4511951181102362
20
0.0261553543307087
11
-0.4509053937007874
21
0.026723937007874
0
LINE
8
BLACK
6
CONTINUOUS
10
-0.4509053937007874
20
0.026723937007874
11
-0.4490306299212598
21
0.0285986614173228
0
LINE
8
BLACK
6
CONTINUOUS
10
-0.4490306299212598
20
0.0285986614173228
11
-0.4484620866141732
21
0.0288883858267717
0
LINE
8
BLACK
6
CONTINUOUS
10
-0.4484620866141732
20
0.0288883858267717
11
-0.4480074409448819
21
0.0293361417322835
0
LINE
8
BLACK
6
CONTINUOUS
10
-0.4480074409448819
20
0.0293361417322835
11
-0.4442579133858268
21
0.0312109448818898
0
LINE
8
BLACK
6
CONTINUOUS
10
-0.4442579133858268
20
0.0312109448818898
11
-0.4433604724409449
21
0.0313461417322835
0
LINE
8
BLACK
6
CONTINUOUS
10
-0.4433604724409449
20
0.0313461417322835
11
-0.4424972047244095
21
0.0316266141732283
0
LINE
8
BLACK
6
CONTINUOUS
10
-0.4424972047244095
20
0.0316266141732283
11
-0.4349981496062992
21
0.0316266141732283
0
LINE
8
BLACK
6
CONTINUOUS
10
-0.4349981496062992
20
0.0316266141732283
11
-0.4341349212598425
21
0.0313461417322835
0
LINE
8
BLACK
6
CONTINUOUS
10
-0.2138684645669291
20
0.1844599606299213
11
-0.2137392125984252
21
0.1844827165354331
0
LINE
8
BLACK
6
CONTINUOUS
10
-0.2137392125984252
20
0.1844827165354331
11
-0.2136256299212598
21
0.184417125984252
0
LINE
8
BLACK
6
CONTINUOUS
10
-0.2136256299212598
20
0.184417125984252
11
-0.2132420472440945
21
0.1843494881889764
0
LINE
8
BLACK
6
CONTINUOUS
10
-0.2132420472440945
20
0.1843494881889764
11
-0.2126543700787402
21
0.1838563779527559
0
LINE
8
BLACK
6
CONTINUOUS
10
-0.2126543700787402
20
0.1838563779527559
11
-0.2119900393700787
21
0.1834727952755905
0
LINE
8
BLACK
6
CONTINUOUS
10
-0.2119900393700787
20
0.1834727952755905
11
-0.211898937007874
21
0.1832224803149606
0
LINE
8
BLACK
6
CONTINUOUS
10
-0.211898937007874
20
0.1832224803149606
11
-0.2116948031496063
21
0.1830511811023622
0
LINE
8
BLACK
6
CONTINUOUS
10
-0.2116948031496063
20
0.1830511811023622
11
-0.2115615748031496
21
0.1822956299212598
0
LINE
8
BLACK
6
CONTINUOUS
10
-0.2115615748031496
20
0.1822956299212598
11
-0.2112992125984252
21
0.1815748031496063
0
LINE
8
BLACK
6
CONTINUOUS
10
-0.2112992125984252
20
0.1815748031496063
11
-0.2112992125984252
21
-0.1215748031496063
0
LINE
8
BLACK
6
CONTINUOUS
10
-0.2112992125984252
20
-0.1215748031496063
11
-0.2113668503937008
21
-0.1219583070866142
0
LINE
8
BLACK
6
CONTINUOUS
10
-0.2113668503937008
20
-0.1219583070866142
11
-0.2113440551181102
21
-0.1220875590551181
0
LINE
8
BLACK
6
CONTINUOUS
10
-0.2113440551181102
20
-0.1220875590551181
11
-0.2114096850393701
21
-0.1222011417322835
0
LINE
8
BLACK
6
CONTINUOUS
10
-0.2114096850393701
20
-0.1222011417322835
11
-0.2114772834645669
21
-0.1225847244094488
0
LINE
8
BLACK
6
CONTINUOUS
10
-0.2114772834645669
20
-0.1225847244094488
11
-0.2119704330708661
21
-0.1231724015748032
0
LINE
8
BLACK
6
CONTINUOUS
10
-0.2119704330708661
20
-0.1231724015748032
11
-0.2123539763779528
21
-0.1238367322834646
0
LINE
8
BLACK
6
CONTINUOUS
10
-0.2123539763779528
20
-0.1238367322834646
11
-0.2126043307086614
21
-0.1239278346456693
0
LINE
8
BLACK
6
CONTINUOUS
10
-0.2126043307086614
20
-0.1239278346456693
11
-0.2127755905511811
21
-0.124131968503937
0
LINE
8
BLACK
6
CONTINUOUS
10
-0.2127755905511811
20
-0.124131968503937
11
-0.2135311811023622
21
-0.1242651968503937
0
LINE
8
BLACK
6
CONTINUOUS
10
-0.2135311811023622
20
-0.1242651968503937
11
-0.214251968503937
21
-0.1245275590551181
0
LINE
8
BLACK
6
CONTINUOUS
10
-0.214251968503937
20
-0.1245275590551181
11
-0.5174015748031496
21
-0.1245275590551181
0
LINE
8
BLACK
6
CONTINUOUS
10
-0.5174015748031496
20
-0.1245275590551181
11
-0.5177851181102362
21
-0.1244599212598425
0
LINE
8
BLACK
6
CONTINUOUS
10
-0.5177851181102362
20
-0.1244599212598425
11
-0.5179143307086614
21
-0.1244827165354331
0
LINE
8
BLACK
6
CONTINUOUS
10
-0.5179143307086614
20
-0.1244827165354331
11
-0.5180279527559055
21
-0.1244170866141732
0
LINE
8
BLACK
6
CONTINUOUS
10
-0.5180279527559055
20
-0.1244170866141732
11
-0.5184114960629921
21
-0.1243494881889764
0
LINE
8
BLACK
6
CONTINUOUS
10
-0.5184114960629921
20
-0.1243494881889764
11
-0.5189992125984252
21
-0.1238563385826772
0
LINE
8
BLACK
6
CONTINUOUS
10
-0.5189992125984252
20
-0.1238563385826772
11
-0.5196635039370079
21
-0.1234727952755905
0
LINE
8
BLACK
6
CONTINUOUS
10
-0.5196635039370079
20
-0.1234727952755905
11
-0.5197546456692913
21
-0.1232224409448819
0
LINE
8
BLACK
6
CONTINUOUS
10
-0.5197546456692913
20
-0.1232224409448819
11
-0.5199587401574803
21
-0.1230511811023622
0
LINE
8
BLACK
6
CONTINUOUS
10
-0.5199587401574803
20
-0.1230511811023622
11
-0.5200920078740158
21
-0.1222955905511811
0
LINE
8
BLACK
6
CONTINUOUS
10
-0.5200920078740158
20
-0.1222955905511811
11
-0.5203543307086614
21
-0.1215748031496063
0
LINE
8
BLACK
6
CONTINUOUS
10
-0.5203543307086614
20
-0.1215748031496063
11
-0.5203543307086614
21
0.1815748031496063
0
LINE
8
BLACK
6
CONTINUOUS
10
-0.5203543307086614
20
0.1815748031496063
11
-0.5202867322834646
21
0.1819583464566929
0
LINE
8
BLACK
6
CONTINUOUS
10
-0.5202867322834646
20
0.1819583464566929
11
-0.5203094881889764
21
0.1820875590551181
0
LINE
8
BLACK
6
CONTINUOUS
10
-0.5203094881889764
20
0.1820875590551181
11
-0.5202438976377952
21
0.1822011811023622
0
LINE
8
BLACK
6
CONTINUOUS
10
-0.5202438976377952
20
0.1822011811023622
11
-0.5201762598425197
21
0.1825847244094488
0
LINE
8
BLACK
6
CONTINUOUS
10
-0.5201762598425197
20
0.1825847244094488
11
-0.5196831496062992
21
0.1831724409448819
0
LINE
8
BLACK
6
CONTINUOUS
10
-0.5196831496062992
20
0.1831724409448819
11
-0.5192995669291338
21
0.1838367322834646
0
LINE
8
BLACK
6
CONTINUOUS
10
-0.5192995669291338
20
0.1838367322834646
11
-0.5190492519685039
21
0.183927874015748
0
LINE
8
BLACK
6
CONTINUOUS
10
-0.5190492519685039
20
0.183927874015748
11
-0.5188779527559055
21
0.184131968503937
0
LINE
8
BLACK
6
CONTINUOUS
10
-0.5188779527559055
20
0.184131968503937
11
-0.5181224015748032
21
0.1842652362204724
0
LINE
8
BLACK
6
CONTINUOUS
10
-0.5181224015748032
20
0.1842652362204724
11
-0.5174015748031496
21
0.1845275590551181
0
LINE
8
BLACK
6
CONTINUOUS
10
-0.5174015748031496
20
0.1845275590551181
11
-0.214251968503937
21
0.1845275590551181
0
LINE
8
BLACK
6
CONTINUOUS
10
-0.214251968503937
20
0.1845275590551181
11
-0.2138684645669291
21
0.1844599606299213
0
LINE
8
BLACK
6
CONTINUOUS
10
-0.5144488188976378
20
-0.0989370078740157
11
-0.5144488188976378
21
-0.1186220472440945
0
LINE
8
BLACK
6
CONTINUOUS
10
-0.5144488188976378
20
-0.1186220472440945
11
-0.2172047244094488
21
-0.1186220472440945
0
LINE
8
BLACK
6
CONTINUOUS
10
-0.2172047244094488
20
-0.1186220472440945
11
-0.2172047244094488
21
-0.0989370078740157
0
LINE
8
BLACK
6
CONTINUOUS
10
-0.2172047244094488
20
-0.0989370078740157
11
-0.5144488188976378
21
-0.0989370078740157
0
LINE
8
BLACK
6
CONTINUOUS
10
-0.5144488188976378
20
0.1786220472440945
11
-0.5144488188976378
21
-0.0930314960629921
0
LINE
8
BLACK
6
CONTINUOUS
10
-0.5144488188976378
20
-0.0930314960629921
11
-0.2172047244094488
21
-0.0930314960629921
0
LINE
8
BLACK
6
CONTINUOUS
10
-0.2172047244094488
20
-0.0930314960629921
11
-0.2172047244094488
21
0.1786220472440945
0
LINE
8
BLACK
6
CONTINUOUS
10
-0.2172047244094488
20
0.1786220472440945
11
-0.5144488188976378
21
0.1786220472440945
0
LINE
8
BLACK
6
CONTINUOUS
10
-0.6090252755905512
20
-0.0658274803149606
11
-0.6088558661417323
21
-0.0658165748031496
0
LINE
8
BLACK
6
CONTINUOUS
10
-0.6088558661417323
20
-0.0658165748031496
11
-0.6081652755905511
21
-0.0663240157480315
0
LINE
8
BLACK
6
CONTINUOUS
10
-0.6081652755905511
20
-0.0663240157480315
11
-0.6074231496062992
21
-0.0667525196850394
0
LINE
8
BLACK
6
CONTINUOUS
10
-0.6074231496062992
20
-0.0667525196850394
11
-0.6073651181102362
21
-0.0669120078740157
0
LINE
8
BLACK
6
CONTINUOUS
10
-0.6073651181102362
20
-0.0669120078740157
11
-0.6072282283464567
21
-0.0670125984251968
0
LINE
8
BLACK
6
CONTINUOUS
10
-0.6072282283464567
20
-0.0670125984251968
11
-0.603640905511811
21
-0.0723936220472441
0
LINE
8
BLACK
6
CONTINUOUS
10
-0.603640905511811
20
-0.0723936220472441
11
-0.6004369291338583
21
-0.0755975984251969
0
LINE
8
BLACK
6
CONTINUOUS
10
-0.6004369291338583
20
-0.0755975984251969
11
-0.5971159842519685
21
-0.0772580708661417
0
LINE
8
BLACK
6
CONTINUOUS
10
-0.5971159842519685
20
-0.0772580708661417
11
-0.5962923228346456
21
-0.0778689763779528
0
LINE
8
BLACK
6
CONTINUOUS
10
-0.5962923228346456
20
-0.0778689763779528
11
-0.5954890551181102
21
-0.0797221653543307
0
LINE
8
BLACK
6
CONTINUOUS
10
-0.5954890551181102
20
-0.0797221653543307
11
-0.5960649212598425
21
-0.081658188976378
0
LINE
8
BLACK
6
CONTINUOUS
10
-0.5960649212598425
20
-0.081658188976378
11
-0.5977504724409448
21
-0.0827710236220472
0
LINE
8
BLACK
6
CONTINUOUS
10
-0.5977504724409448
20
-0.0827710236220472
11
-0.5997570078740158
21
-0.0825401181102362
0
LINE
8
BLACK
6
CONTINUOUS
10
-0.5997570078740158
20
-0.0825401181102362
11
-0.6035065354330709
21
-0.0806653543307087
0
LINE
8
BLACK
6
CONTINUOUS
10
-0.6035065354330709
20
-0.0806653543307087
11
-0.6042156299212599
21
-0.0801394094488189
0
LINE
8
BLACK
6
CONTINUOUS
10
-0.6042156299212599
20
-0.0801394094488189
11
-0.604273937007874
21
-0.0801122440944882
0
LINE
8
BLACK
6
CONTINUOUS
10
-0.604273937007874
20
-0.0801122440944882
11
-0.6067323228346456
21
-0.0776538582677165
0
LINE
8
BLACK
6
CONTINUOUS
10
-0.6067323228346456
20
-0.0776538582677165
11
-0.6067323228346456
21
-0.1050678346456693
0
LINE
8
BLACK
6
CONTINUOUS
10
-0.6067323228346456
20
-0.1050678346456693
11
-0.5984364960629921
21
-0.1050678346456693
0
LINE
8
BLACK
6
CONTINUOUS
10
-0.5984364960629921
20
-0.1050678346456693
11
-0.5974265748031496
21
-0.105245905511811
0
LINE
8
BLACK
6
CONTINUOUS
10
-0.5974265748031496
20
-0.105245905511811
11
-0.5958793307086614
21
-0.1065442125984252
0
LINE
8
BLACK
6
CONTINUOUS
10
-0.5958793307086614
20
-0.1065442125984252
11
-0.5955285826771654
21
-0.1085333464566929
0
LINE
8
BLACK
6
CONTINUOUS
10
-0.5955285826771654
20
-0.1085333464566929
11
-0.5965385039370079
21
-0.1102825196850394
0
LINE
8
BLACK
6
CONTINUOUS
10
-0.5965385039370079
20
-0.1102825196850394
11
-0.5984364960629921
21
-0.1109733464566929
0
LINE
8
BLACK
6
CONTINUOUS
10
-0.5984364960629921
20
-0.1109733464566929
11
-0.6209336614173229
21
-0.1109733464566929
0
LINE
8
BLACK
6
CONTINUOUS
10
-0.6209336614173229
20
-0.1109733464566929
11
-0.6219435826771653
21
-0.1107952755905512
0
LINE
8
BLACK
6
CONTINUOUS
10
-0.6219435826771653
20
-0.1107952755905512
11
-0.6234908267716536
21
-0.109496968503937
0
LINE
8
BLACK
6
CONTINUOUS
10
-0.6234908267716536
20
-0.109496968503937
11
-0.6238415748031496
21
-0.1075078346456693
0
LINE
8
BLACK
6
CONTINUOUS
10
-0.6238415748031496
20
-0.1075078346456693
11
-0.6228316535433071
21
-0.1057586614173228
0
LINE
8
BLACK
6
CONTINUOUS
10
-0.6228316535433071
20
-0.1057586614173228
11
-0.6209336614173229
21
-0.1050678346456693
0
LINE
8
BLACK
6
CONTINUOUS
10
-0.6209336614173229
20
-0.1050678346456693
11
-0.6126378346456692
21
-0.1050678346456693
0
LINE
8
BLACK
6
CONTINUOUS
10
-0.6126378346456692
20
-0.1050678346456693
11
-0.6126378346456692
21
-0.0686505118110236
0
LINE
8
BLACK
6
CONTINUOUS
10
-0.6126378346456692
20
-0.0686505118110236
11
-0.6124597637795276
21
-0.0676405905511811
0
LINE
8
BLACK
6
CONTINUOUS
10
-0.6124597637795276
20
-0.0676405905511811
11
-0.6123506692913385
21
-0.0675105118110236
0
LINE
8
BLACK
6
CONTINUOUS
10
-0.6123506692913385
20
-0.0675105118110236
11
-0.612331968503937
21
-0.0673417716535433
0
LINE
8
BLACK
6
CONTINUOUS
10
-0.612331968503937
20
-0.0673417716535433
11
-0.6117123622047244
21
-0.066749842519685
0
LINE
8
BLACK
6
CONTINUOUS
10
-0.6117123622047244
20
-0.066749842519685
11
-0.6111614566929133
21
-0.0660933464566929
0
LINE
8
BLACK
6
CONTINUOUS
10
-0.6111614566929133
20
-0.0660933464566929
11
-0.6109942519685039
21
-0.0660638582677165
0
LINE
8
BLACK
6
CONTINUOUS
10
-0.6109942519685039
20
-0.0660638582677165
11
-0.6108714566929133
21
-0.0659465748031496
0
LINE
8
BLACK
6
CONTINUOUS
10
-0.6108714566929133
20
-0.0659465748031496
11
-0.6100163385826771
21
-0.0658914173228346
0
LINE
8
BLACK
6
CONTINUOUS
10
-0.6100163385826771
20
-0.0658914173228346
11
-0.6091723228346456
21
-0.0657425984251968
0
LINE
8
BLACK
6
CONTINUOUS
10
-0.6091723228346456
20
-0.0657425984251968
11
-0.6090252755905512
21
-0.0658274803149606
0
LINE
8
BLACK
6
CONTINUOUS
10
-0.5605576771653543
20
-0.0657653543307087
11
-0.5604284251968504
21
-0.0657425984251968
0
LINE
8
BLACK
6
CONTINUOUS
10
-0.5604284251968504
20
-0.0657425984251968
11
-0.560314842519685
21
-0.065808188976378
0
LINE
8
BLACK
6
CONTINUOUS
10
-0.560314842519685
20
-0.065808188976378
11
-0.5599312598425197
21
-0.0658758267716535
0
LINE
8
BLACK
6
CONTINUOUS
10
-0.5599312598425197
20
-0.0658758267716535
11
-0.5593435826771653
21
-0.066368937007874
0
LINE
8
BLACK
6
CONTINUOUS
10
-0.5593435826771653
20
-0.066368937007874
11
-0.5586792519685039
21
-0.0667525196850394
0
LINE
8
BLACK
6
CONTINUOUS
10
-0.5586792519685039
20
-0.0667525196850394
11
-0.5585881496062992
21
-0.0670028346456693
0
LINE
8
BLACK
6
CONTINUOUS
10
-0.5585881496062992
20
-0.0670028346456693
11
-0.5583840157480315
21
-0.0671741338582677
0
LINE
8
BLACK
6
CONTINUOUS
10
-0.5583840157480315
20
-0.0671741338582677
11
-0.5582507874015747
21
-0.0679296850393701
0
LINE
8
BLACK
6
CONTINUOUS
10
-0.5582507874015747
20
-0.0679296850393701
11
-0.5579884251968504
21
-0.0686505118110236
0
LINE
8
BLACK
6
CONTINUOUS
10
-0.5579884251968504
20
-0.0686505118110236
11
-0.5579884251968504
21
-0.1080205905511811
0
LINE
8
BLACK
6
CONTINUOUS
10
-0.5579884251968504
20
-0.1080205905511811
11
-0.558056062992126
21
-0.108404094488189
0
LINE
8
BLACK
6
CONTINUOUS
10
-0.558056062992126
20
-0.108404094488189
11
-0.5580332677165354
21
-0.1085333464566929
0
LINE
8
BLACK
6
CONTINUOUS
10
-0.5580332677165354
20
-0.1085333464566929
11
-0.5580988976377953
21
-0.1086469291338583
0
LINE
8
BLACK
6
CONTINUOUS
10
-0.5580988976377953
20
-0.1086469291338583
11
-0.5581664960629921
21
-0.1090305118110236
0
LINE
8
BLACK
6
CONTINUOUS
10
-0.5581664960629921
20
-0.1090305118110236
11
-0.5586596456692913
21
-0.109618188976378
0
LINE
8
BLACK
6
CONTINUOUS
10
-0.5586596456692913
20
-0.109618188976378
11
-0.5590431889763779
21
-0.1102825196850394
0
LINE
8
BLACK
6
CONTINUOUS
10
-0.5590431889763779
20
-0.1102825196850394
11
-0.5592935433070866
21
-0.1103736220472441
0
LINE
8
BLACK
6
CONTINUOUS
10
-0.5592935433070866
20
-0.1103736220472441
11
-0.5594648031496063
21
-0.1105777559055118
0
LINE
8
BLACK
6
CONTINUOUS
10
-0.5594648031496063
20
-0.1105777559055118
11
-0.5602203937007874
21
-0.1107109842519685
0
LINE
8
BLACK
6
CONTINUOUS
10
-0.5602203937007874
20
-0.1107109842519685
11
-0.5609411811023622
21
-0.1109733464566929
0
LINE
8
BLACK
6
CONTINUOUS
10
-0.5609411811023622
20
-0.1109733464566929
11
-0.570315
21
-0.1109733464566929
0
LINE
8
BLACK
6
CONTINUOUS
10
-0.570315
20
-0.1109733464566929
11
-0.5711844094488189
21
-0.1108200393700787
0
LINE
8
BLACK
6
CONTINUOUS
10
-0.5711844094488189
20
-0.1108200393700787
11
-0.571248779527559
21
-0.110821811023622
0
LINE
8
BLACK
6
CONTINUOUS
10
-0.571248779527559
20
-0.110821811023622
11
-0.5768730314960629
21
-0.1089470472440945
0
LINE
8
BLACK
6
CONTINUOUS
10
-0.5768730314960629
20
-0.1089470472440945
11
-0.5777748031496063
21
-0.1084587401574803
0
LINE
8
BLACK
6
CONTINUOUS
10
-0.5777748031496063
20
-0.1084587401574803
11
-0.5778672047244094
21
-0.1083083464566929
0
LINE
8
BLACK
6
CONTINUOUS
10
-0.5778672047244094
20
-0.1083083464566929
11
-0.5780272047244094
21
-0.1082337401574803
0
LINE
8
BLACK
6
CONTINUOUS
10
-0.5780272047244094
20
-0.1082337401574803
11
-0.5817767322834646
21
-0.1044841732283465
0
LINE
8
BLACK
6
CONTINUOUS
10
-0.5817767322834646
20
-0.1044841732283465
11
-0.5822831496062992
21
-0.1037609842519685
0
LINE
8
BLACK
6
CONTINUOUS
10
-0.5822831496062992
20
-0.1037609842519685
11
-0.582329842519685
21
-0.1037167716535433
0
LINE
8
BLACK
6
CONTINUOUS
10
-0.582329842519685
20
-0.1037167716535433
11
-0.5842046062992126
21
-0.0999672440944882
0
LINE
8
BLACK
6
CONTINUOUS
10
-0.5842046062992126
20
-0.0999672440944882
11
-0.5843499212598425
21
-0.0994787795275591
0
LINE
8
BLACK
6
CONTINUOUS
10
-0.5843499212598425
20
-0.0994787795275591
11
-0.5844281889763779
21
-0.099362874015748
0
LINE
8
BLACK
6
CONTINUOUS
10
-0.5844281889763779
20
-0.099362874015748
11
-0.5863029527559055
21
-0.0918638188976378
0
LINE
8
BLACK
6
CONTINUOUS
10
-0.5863029527559055
20
-0.0918638188976378
11
-0.5863444488188976
21
-0.091275905511811
0
LINE
8
BLACK
6
CONTINUOUS
10
-0.5863444488188976
20
-0.091275905511811
11
-0.5863911023622047
21
-0.0911476771653543
0
LINE
8
BLACK
6
CONTINUOUS
10
-0.5863911023622047
20
-0.0911476771653543
11
-0.5863911023622047
21
-0.0855233858267717
0
LINE
8
BLACK
6
CONTINUOUS
10
-0.5863911023622047
20
-0.0855233858267717
11
-0.5862887795275591
21
-0.0849429921259842
0
LINE
8
BLACK
6
CONTINUOUS
10
-0.5862887795275591
20
-0.0849429921259842
11
-0.5863029527559055
21
-0.0848072440944882
0
LINE
8
BLACK
6
CONTINUOUS
10
-0.5863029527559055
20
-0.0848072440944882
11
-0.5844281889763779
21
-0.077308188976378
0
LINE
8
BLACK
6
CONTINUOUS
10
-0.5844281889763779
20
-0.077308188976378
11
-0.5842206299212598
21
-0.0768427165354331
0
LINE
8
BLACK
6
CONTINUOUS
10
-0.5842206299212598
20
-0.0768427165354331
11
-0.5842046062992126
21
-0.0767038188976378
0
LINE
8
BLACK
6
CONTINUOUS
10
-0.5842046062992126
20
-0.0767038188976378
11
-0.582329842519685
21
-0.0729542913385827
0
LINE
8
BLACK
6
CONTINUOUS
10
-0.582329842519685
20
-0.0729542913385827
11
-0.581803937007874
21
-0.0722451968503937
0
LINE
8
BLACK
6
CONTINUOUS
10
-0.581803937007874
20
-0.0722451968503937
11
-0.5817767322834646
21
-0.0721868897637795
0
LINE
8
BLACK
6
CONTINUOUS
10
-0.5817767322834646
20
-0.0721868897637795
11
-0.5780272047244094
21
-0.0684373622047244
0
LINE
8
BLACK
6
CONTINUOUS
10
-0.5780272047244094
20
-0.0684373622047244
11
-0.5771871653543307
21
-0.0678491338582677
0
LINE
8
BLACK
6
CONTINUOUS
10
-0.5771871653543307
20
-0.0678491338582677
11
-0.5770112598425197
21
-0.0678337401574803
0
LINE
8
BLACK
6
CONTINUOUS
10
-0.5770112598425197
20
-0.0678337401574803
11
-0.5768730314960629
21
-0.0677240551181102
0
LINE
8
BLACK
6
CONTINUOUS
10
-0.5768730314960629
20
-0.0677240551181102
11
-0.571248779527559
21
-0.0658492913385827
0
LINE
8
BLACK
6
CONTINUOUS
10
-0.571248779527559
20
-0.0658492913385827
11
-0.5703755511811024
21
-0.0657197637795276
0
LINE
8
BLACK
6
CONTINUOUS
10
-0.5703755511811024
20
-0.0657197637795276
11
-0.570315
21
-0.0656977559055118
0
LINE
8
BLACK
6
CONTINUOUS
10
-0.570315
20
-0.0656977559055118
11
-0.5609411811023622
21
-0.0656977559055118
0
LINE
8
BLACK
6
CONTINUOUS
10
-0.5609411811023622
20
-0.0656977559055118
11
-0.5605576771653543
21
-0.0657653543307087
0
LINE
8
BLACK
6
CONTINUOUS
10
-0.5743442519685039
20
-0.073106062992126
11
-0.5772620866141732
21
-0.0760238976377953
0
LINE
8
BLACK
6
CONTINUOUS
10
-0.5772620866141732
20
-0.0760238976377953
11
-0.5787775984251968
21
-0.0790548818897638
0
LINE
8
BLACK
6
CONTINUOUS
10
-0.5787775984251968
20
-0.0790548818897638
11
-0.5804855905511811
21
-0.0858869291338583
0
LINE
8
BLACK
6
CONTINUOUS
10
-0.5804855905511811
20
-0.0858869291338583
11
-0.5804855905511811
21
-0.0907841338582677
0
LINE
8
BLACK
6
CONTINUOUS
10
-0.5804855905511811
20
-0.0907841338582677
11
-0.5787775984251968
21
-0.0976161811023622
0
LINE
8
BLACK
6
CONTINUOUS
10
-0.5787775984251968
20
-0.0976161811023622
11
-0.5772620866141732
21
-0.1006471653543307
0
LINE
8
BLACK
6
CONTINUOUS
10
-0.5772620866141732
20
-0.1006471653543307
11
-0.5743442519685039
21
-0.1035650393700787
0
LINE
8
BLACK
6
CONTINUOUS
10
-0.5743442519685039
20
-0.1035650393700787
11
-0.5698358661417323
21
-0.1050678346456693
0
LINE
8
BLACK
6
CONTINUOUS
10
-0.5698358661417323
20
-0.1050678346456693
11
-0.563893937007874
21
-0.1050678346456693
0
LINE
8
BLACK
6
CONTINUOUS
10
-0.563893937007874
20
-0.1050678346456693
11
-0.563893937007874
21
-0.0716032677165354
0
LINE
8
BLACK
6
CONTINUOUS
10
-0.563893937007874
20
-0.0716032677165354
11
-0.5698358661417323
21
-0.0716032677165354
0
LINE
8
BLACK
6
CONTINUOUS
10
-0.5698358661417323
20
-0.0716032677165354
11
-0.5743442519685039
21
-0.073106062992126
0
LINE
8
BLACK
6
CONTINUOUS
10
-0.5807340551181103
20
-0.0307340551181102
11
-0.5801574803149606
21
-0.0321259842519685
0
LINE
8
BLACK
6
CONTINUOUS
10
-0.5801574803149606
20
-0.0321259842519685
11
-0.5801574803149606
21
-0.0380314960629921
0
LINE
8
BLACK
6
CONTINUOUS
10
-0.5801574803149606
20
-0.0380314960629921
11
-0.5762204724409449
21
-0.0380314960629921
0
LINE
8
BLACK
6
CONTINUOUS
10
-0.5762204724409449
20
-0.0380314960629921
11
-0.5748285433070865
21
-0.0386080708661417
0
LINE
8
BLACK
6
CONTINUOUS
10
-0.5748285433070865
20
-0.0386080708661417
11
-0.574251968503937
21
-0.04
0
LINE
8
BLACK
6
CONTINUOUS
10
-0.574251968503937
20
-0.04
11
-0.5748285433070865
21
-0.0413919291338583
0
LINE
8
BLACK
6
CONTINUOUS
10
-0.5748285433070865
20
-0.0413919291338583
11
-0.5762204724409449
21
-0.0419685039370079
0
LINE
8
BLACK
6
CONTINUOUS
10
-0.5762204724409449
20
-0.0419685039370079
11
-0.5801574803149606
21
-0.0419685039370079
0
LINE
8
BLACK
6
CONTINUOUS
10
-0.5801574803149606
20
-0.0419685039370079
11
-0.5801574803149606
21
-0.0478740157480315
0
LINE
8
BLACK
6
CONTINUOUS
10
-0.5801574803149606
20
-0.0478740157480315
11
-0.5807340551181103
21
-0.0492659448818898
0
LINE
8
BLACK
6
CONTINUOUS
10
-0.5807340551181103
20
-0.0492659448818898
11
-0.5821259842519685
21
-0.0498425196850394
0
LINE
8
BLACK
6
CONTINUOUS
10
-0.5821259842519685
20
-0.0498425196850394
11
-0.5835179133858267
21
-0.0492659448818898
0
LINE
8
BLACK
6
CONTINUOUS
10
-0.5835179133858267
20
-0.0492659448818898
11
-0.5840944881889764
21
-0.0478740157480315
0
LINE
8
BLACK
6
CONTINUOUS
10
-0.5840944881889764
20
-0.0478740157480315
11
-0.5840944881889764
21
-0.043678188976378
0
LINE
8
BLACK
6
CONTINUOUS
10
-0.5840944881889764
20
-0.043678188976378
11
-0.5928450787401575
21
-0.0495119291338583
0
LINE
8
BLACK
6
CONTINUOUS
10
-0.5928450787401575
20
-0.0495119291338583
11
-0.5934075196850394
21
-0.0496231496062992
0
LINE
8
BLACK
6
CONTINUOUS
10
-0.5934075196850394
20
-0.0496231496062992
11
-0.5939370078740157
21
-0.0498425196850394
0
LINE
8
BLACK
6
CONTINUOUS
10
-0.5939370078740157
20
-0.0498425196850394
11
-0.5941242519685039
21
-0.0497649606299213
0
LINE
8
BLACK
6
CONTINUOUS
10
-0.5941242519685039
20
-0.0497649606299213
11
-0.5943230708661417
21
-0.0498042913385827
0
LINE
8
BLACK
6
CONTINUOUS
10
-0.5943230708661417
20
-0.0498042913385827
11
-0.5947994488188976
21
-0.0494852755905512
0
LINE
8
BLACK
6
CONTINUOUS
10
-0.5947994488188976
20
-0.0494852755905512
11
-0.595328937007874
21
-0.0492659448818898
0
LINE
8
BLACK
6
CONTINUOUS
10
-0.595328937007874
20
-0.0492659448818898
11
-0.5954064960629921
21
-0.0490787401574803
0
LINE
8
BLACK
6
CONTINUOUS
10
-0.5954064960629921
20
-0.0490787401574803
11
-0.5955749212598425
21
-0.0489659448818898
0
LINE
8
BLACK
6
CONTINUOUS
10
-0.5955749212598425
20
-0.0489659448818898
11
-0.5956861811023622
21
-0.0484035039370079
0
LINE
8
BLACK
6
CONTINUOUS
10
-0.5956861811023622
20
-0.0484035039370079
11
-0.5959055118110236
21
-0.0478740157480315
0
LINE
8
BLACK
6
CONTINUOUS
10
-0.5959055118110236
20
-0.0478740157480315
11
-0.5959055118110236
21
-0.0419685039370079
0
LINE
8
BLACK
6
CONTINUOUS
10
-0.5959055118110236
20
-0.0419685039370079
11
-0.5998425196850393
21
-0.0419685039370079
0
LINE
8
BLACK
6
CONTINUOUS
10
-0.5998425196850393
20
-0.0419685039370079
11
-0.6012344488188976
21
-0.0413919291338583
0
LINE
8
BLACK
6
CONTINUOUS
10
-0.6012344488188976
20
-0.0413919291338583
11
-0.6018110236220472
21
-0.04
0
LINE
8
BLACK
6
CONTINUOUS
10
-0.6018110236220472
20
-0.04
11
-0.6012344488188976
21
-0.0386080708661417
0
LINE
8
BLACK
6
CONTINUOUS
10
-0.6012344488188976
20
-0.0386080708661417
11
-0.5998425196850393
21
-0.0380314960629921
0
LINE
8
BLACK
6
CONTINUOUS
10
-0.5998425196850393
20
-0.0380314960629921
11
-0.5959055118110236
21
-0.0380314960629921
0
LINE
8
BLACK
6
CONTINUOUS
10
-0.5959055118110236
20
-0.0380314960629921
11
-0.5959055118110236
21
-0.0321259842519685
0
LINE
8
BLACK
6
CONTINUOUS
10
-0.5959055118110236
20
-0.0321259842519685
11
-0.5956861811023622
21
-0.0315964566929134
0
LINE
8
BLACK
6
CONTINUOUS
10
-0.5956861811023622
20
-0.0315964566929134
11
-0.5955749212598425
21
-0.0310340551181102
0
LINE
8
BLACK
6
CONTINUOUS
10
-0.5955749212598425
20
-0.0310340551181102
11
-0.5954064960629921
21
-0.0309212204724409
0
LINE
8
BLACK
6
CONTINUOUS
10
-0.5954064960629921
20
-0.0309212204724409
11
-0.595328937007874
21
-0.0307340551181102
0
LINE
8
BLACK
6
CONTINUOUS
10
-0.595328937007874
20
-0.0307340551181102
11
-0.5947994488188976
21
-0.0305146850393701
0
LINE
8
BLACK
6
CONTINUOUS
10
-0.5947994488188976
20
-0.0305146850393701
11
-0.5943230708661417
21
-0.0301957086614173
0
LINE
8
BLACK
6
CONTINUOUS
10
-0.5943230708661417
20
-0.0301957086614173
11
-0.5941242519685039
21
-0.030235
0
LINE
8
BLACK
6
CONTINUOUS
10
-0.5941242519685039
20
-0.030235
11
-0.5939370078740157
21
-0.0301574803149606
0
LINE
8
BLACK
6
CONTINUOUS
10
-0.5939370078740157
20
-0.0301574803149606
11
-0.5934075196850394
21
-0.030376811023622
0
LINE
8
BLACK
6
CONTINUOUS
10
-0.5934075196850394
20
-0.030376811023622
11
-0.5928450787401575
21
-0.0304880708661417
0
LINE
8
BLACK
6
CONTINUOUS
10
-0.5928450787401575
20
-0.0304880708661417
11
-0.5840944881889764
21
-0.0363217716535433
0
LINE
8
BLACK
6
CONTINUOUS
10
-0.5840944881889764
20
-0.0363217716535433
11
-0.5840944881889764
21
-0.0321259842519685
0
LINE
8
BLACK
6
CONTINUOUS
10
-0.5840944881889764
20
-0.0321259842519685
11
-0.5835179133858267
21
-0.0307340551181102
0
LINE
8
BLACK
6
CONTINUOUS
10
-0.5835179133858267
20
-0.0307340551181102
11
-0.5821259842519685
21
-0.0301574803149606
0
LINE
8
BLACK
6
CONTINUOUS
10
-0.5821259842519685
20
-0.0301574803149606
11
-0.5807340551181103
21
-0.0307340551181102
0
LINE
8
BLACK
6
CONTINUOUS
10
-0.5919685039370078
20
-0.0441957874015748
11
-0.5856747637795275
21
-0.04
0
LINE
8
BLACK
6
CONTINUOUS
10
-0.5856747637795275
20
-0.04
11
-0.5919685039370078
21
-0.0358041732283465
0
LINE
8
BLACK
6
CONTINUOUS
10
-0.5919685039370078
20
-0.0358041732283465
11
-0.5919685039370078
21
-0.0441957874015748
0
LINE
8
BLACK
6
CONTINUOUS
10
-0.5644094488188977
20
-0.0203149606299213
11
-0.5630175196850393
21
-0.0208915354330709
0
LINE
8
BLACK
6
CONTINUOUS
10
-0.5630175196850393
20
-0.0208915354330709
11
-0.5624409448818898
21
-0.0222834645669291
0
LINE
8
BLACK
6
CONTINUOUS
10
-0.5624409448818898
20
-0.0222834645669291
11
-0.5624409448818898
21
-0.0577165354330709
0
LINE
8
BLACK
6
CONTINUOUS
10
-0.5624409448818898
20
-0.0577165354330709
11
-0.5630175196850393
21
-0.0591084645669291
0
LINE
8
BLACK
6
CONTINUOUS
10
-0.5630175196850393
20
-0.0591084645669291
11
-0.5644094488188977
21
-0.0596850393700787
0
LINE
8
BLACK
6
CONTINUOUS
10
-0.5644094488188977
20
-0.0596850393700787
11
-0.6155905511811024
21
-0.0596850393700787
0
LINE
8
BLACK
6
CONTINUOUS
10
-0.6155905511811024
20
-0.0596850393700787
11
-0.6169824803149606
21
-0.0591084645669291
0
LINE
8
BLACK
6
CONTINUOUS
10
-0.6169824803149606
20
-0.0591084645669291
11
-0.6175590551181103
21
-0.0577165354330709
0
LINE
8
BLACK
6
CONTINUOUS
10
-0.6175590551181103
20
-0.0577165354330709
11
-0.6175590551181103
21
-0.0222834645669291
0
LINE
8
BLACK
6
CONTINUOUS
10
-0.6175590551181103
20
-0.0222834645669291
11
-0.6169824803149606
21
-0.0208915354330709
0
LINE
8
BLACK
6
CONTINUOUS
10
-0.6169824803149606
20
-0.0208915354330709
11
-0.6155905511811024
21
-0.0203149606299213
0
LINE
8
BLACK
6
CONTINUOUS
10
-0.6155905511811024
20
-0.0203149606299213
11
-0.5644094488188977
21
-0.0203149606299213
0
LINE
8
BLACK
6
CONTINUOUS
10
-0.6136220472440945
20
-0.024251968503937
11
-0.6136220472440945
21
-0.055748031496063
0
LINE
8
BLACK
6
CONTINUOUS
10
-0.6136220472440945
20
-0.055748031496063
11
-0.5663779527559055
21
-0.055748031496063
0
LINE
8
BLACK
6
CONTINUOUS
10
-0.5663779527559055
20
-0.055748031496063
11
-0.5663779527559055
21
-0.024251968503937
0
LINE
8
BLACK
6
CONTINUOUS
10
-0.5663779527559055
20
-0.024251968503937
11
-0.6136220472440945
21
-0.024251968503937
0
LINE
8
BLACK
6
CONTINUOUS
10
-0.7073695669291339
20
0.1901820472440945
11
-0.7072349999999999
21
0.1901937795275591
0
LINE
8
BLACK
6
CONTINUOUS
10
-0.7072349999999999
20
0.1901937795275591
11
-0.7065068503937008
21
0.189683937007874
0
LINE
8
BLACK
6
CONTINUOUS
10
-0.7065068503937008
20
0.189683937007874
11
-0.7057373228346456
21
0.1892396062992126
0
LINE
8
BLACK
6
CONTINUOUS
10
-0.7057373228346456
20
0.1892396062992126
11
-0.7056911811023622
21
0.1891127559055118
0
LINE
8
BLACK
6
CONTINUOUS
10
-0.7056911811023622
20
0.1891127559055118
11
-0.7055804724409449
21
0.1890352362204724
0
LINE
8
BLACK
6
CONTINUOUS
10
-0.7055804724409449
20
0.1890352362204724
11
-0.7053504724409448
21
0.1881767322834646
0
LINE
8
BLACK
6
CONTINUOUS
10
-0.7053504724409448
20
0.1881767322834646
11
-0.7050464960629921
21
0.1873416141732283
0
LINE
8
BLACK
6
CONTINUOUS
10
-0.7050464960629921
20
0.1873416141732283
11
-0.7050464960629921
21
0.1629696850393701
0
LINE
8
BLACK
6
CONTINUOUS
10
-0.7050464960629921
20
0.1629696850393701
11
-0.7052245669291338
21
0.1619597637795276
0
LINE
8
BLACK
6
CONTINUOUS
10
-0.7052245669291338
20
0.1619597637795276
11
-0.706522874015748
21
0.1604125196850394
0
LINE
8
BLACK
6
CONTINUOUS
10
-0.706522874015748
20
0.1604125196850394
11
-0.7085120078740157
21
0.1600617716535433
0
LINE
8
BLACK
6
CONTINUOUS
10
-0.7085120078740157
20
0.1600617716535433
11
-0.7102611811023621
21
0.1610716929133858
0
LINE
8
BLACK
6
CONTINUOUS
10
-0.7102611811023621
20
0.1610716929133858
11
-0.7109520078740157
21
0.1629696850393701
0
LINE
8
BLACK
6
CONTINUOUS
10
-0.7109520078740157
20
0.1629696850393701
11
-0.7109520078740157
21
0.1802130708661417
0
LINE
8
BLACK
6
CONTINUOUS
10
-0.7109520078740157
20
0.1802130708661417
11
-0.7284085433070866
21
0.1627565354330709
0
LINE
8
BLACK
6
CONTINUOUS
10
-0.7284085433070866
20
0.1627565354330709
11
-0.7292485826771653
21
0.1621683464566929
0
LINE
8
BLACK
6
CONTINUOUS
10
-0.7292485826771653
20
0.1621683464566929
11
-0.7294244488188977
21
0.1621529921259842
0
LINE
8
BLACK
6
CONTINUOUS
10
-0.7294244488188977
20
0.1621529921259842
11
-0.729562716535433
21
0.1620432283464567
0
LINE
8
BLACK
6
CONTINUOUS
10
-0.729562716535433
20
0.1620432283464567
11
-0.7351870078740157
21
0.1601684645669291
0
LINE
8
BLACK
6
CONTINUOUS
10
-0.7351870078740157
20
0.1601684645669291
11
-0.7360601968503937
21
0.1600390157480315
0
LINE
8
BLACK
6
CONTINUOUS
10
-0.7360601968503937
20
0.1600390157480315
11
-0.7361207480314961
21
0.1600169291338583
0
LINE
8
BLACK
6
CONTINUOUS
10
-0.7361207480314961
20
0.1600169291338583
11
-0.7398702755905512
21
0.1600169291338583
0
LINE
8
BLACK
6
CONTINUOUS
10
-0.7398702755905512
20
0.1600169291338583
11
-0.7408801968503936
21
0.160195
0
LINE
8
BLACK
6
CONTINUOUS
10
-0.7408801968503936
20
0.160195
11
-0.7410154724409449
21
0.1603085039370079
0
LINE
8
BLACK
6
CONTINUOUS
10
-0.7410154724409449
20
0.1603085039370079
11
-0.7411907874015747
21
0.1603286614173228
0
LINE
8
BLACK
6
CONTINUOUS
10
-0.7411907874015747
20
0.1603286614173228
11
-0.74494031496063
21
0.1622034251968504
0
LINE
8
BLACK
6
CONTINUOUS
10
-0.74494031496063
20
0.1622034251968504
11
-0.7456494094488189
21
0.1627293307086614
0
LINE
8
BLACK
6
CONTINUOUS
10
-0.7456494094488189
20
0.1627293307086614
11
-0.7457077165354331
21
0.1627565354330709
0
LINE
8
BLACK
6
CONTINUOUS
10
-0.7457077165354331
20
0.1627565354330709
11
-0.7475824803149607
21
0.1646312992125984
0
LINE
8
BLACK
6
CONTINUOUS
10
-0.7475824803149607
20
0.1646312992125984
11
-0.748088779527559
21
0.1653544094488189
0
LINE
8
BLACK
6
CONTINUOUS
10
-0.748088779527559
20
0.1653544094488189
11
-0.7481355905511811
21
0.1653987007874016
0
LINE
8
BLACK
6
CONTINUOUS
10
-0.7481355905511811
20
0.1653987007874016
11
-0.7500103543307086
21
0.1691482283464567
0
LINE
8
BLACK
6
CONTINUOUS
10
-0.7500103543307086
20
0.1691482283464567
11
-0.750302716535433
21
0.1701311811023622
0
LINE
8
BLACK
6
CONTINUOUS
10
-0.750302716535433
20
0.1701311811023622
11
-0.7502617322834646
21
0.170302874015748
0
LINE
8
BLACK
6
CONTINUOUS
10
-0.7502617322834646
20
0.170302874015748
11
-0.7503220866141732
21
0.1704687401574803
0
LINE
8
BLACK
6
CONTINUOUS
10
-0.7503220866141732
20
0.1704687401574803
11
-0.7503220866141732
21
0.1798425590551181
0
LINE
8
BLACK
6
CONTINUOUS
10
-0.7503220866141732
20
0.1798425590551181
11
-0.7501440157480315
21
0.1808524803149606
0
LINE
8
BLACK
6
CONTINUOUS
10
-0.7501440157480315
20
0.1808524803149606
11
-0.7500305511811024
21
0.1809877559055118
0
LINE
8
BLACK
6
CONTINUOUS
10
-0.7500305511811024
20
0.1809877559055118
11
-0.7500103543307086
21
0.1811630708661417
0
LINE
8
BLACK
6
CONTINUOUS
10
-0.7500103543307086
20
0.1811630708661417
11
-0.7481355905511811
21
0.1849125984251968
0
LINE
8
BLACK
6
CONTINUOUS
10
-0.7481355905511811
20
0.1849125984251968
11
-0.7476096850393701
21
0.1856216929133858
0
LINE
8
BLACK
6
CONTINUOUS
10
-0.7476096850393701
20
0.1856216929133858
11
-0.7475824803149607
21
0.18568
0
LINE
8
BLACK
6
CONTINUOUS
10
-0.7475824803149607
20
0.18568
11
-0.7457077165354331
21
0.1875547637795276
0
LINE
8
BLACK
6
CONTINUOUS
10
-0.7457077165354331
20
0.1875547637795276
11
-0.7448676771653543
21
0.1881429527559055
0
LINE
8
BLACK
6
CONTINUOUS
10
-0.7448676771653543
20
0.1881429527559055
11
-0.7428555905511811
21
0.1883189763779528
0
LINE
8
BLACK
6
CONTINUOUS
10
-0.7428555905511811
20
0.1883189763779528
11
-0.7412010236220472
21
0.1871604724409449
0
LINE
8
BLACK
6
CONTINUOUS
10
-0.7412010236220472
20
0.1871604724409449
11
-0.7406783070866142
21
0.1852094881889764
0
LINE
8
BLACK
6
CONTINUOUS
10
-0.7406783070866142
20
0.1852094881889764
11
-0.7415318897637795
21
0.183378937007874
0
LINE
8
BLACK
6
CONTINUOUS
10
-0.7415318897637795
20
0.183378937007874
11
-0.7430678346456693
21
0.1818429921259843
0
LINE
8
BLACK
6
CONTINUOUS
10
-0.7430678346456693
20
0.1818429921259843
11
-0.7444165748031496
21
0.1791455118110236
0
LINE
8
BLACK
6
CONTINUOUS
10
-0.7444165748031496
20
0.1791455118110236
11
-0.7444165748031496
21
0.1711657874015748
0
LINE
8
BLACK
6
CONTINUOUS
10
-0.7444165748031496
20
0.1711657874015748
11
-0.7430678346456693
21
0.1684683070866142
0
LINE
8
BLACK
6
CONTINUOUS
10
-0.7430678346456693
20
0.1684683070866142
11
-0.7418707086614174
21
0.1672711811023622
0
LINE
8
BLACK
6
CONTINUOUS
10
-0.7418707086614174
20
0.1672711811023622
11
-0.7391732283464567
21
0.1659224409448819
0
LINE
8
BLACK
6
CONTINUOUS
10
-0.7391732283464567
20
0.1659224409448819
11
-0.7365998818897638
21
0.1659224409448819
0
LINE
8
BLACK
6
CONTINUOUS
10
-0.7365998818897638
20
0.1659224409448819
11
-0.7320914960629921
21
0.1674252755905512
0
LINE
8
BLACK
6
CONTINUOUS
10
-0.7320914960629921
20
0.1674252755905512
11
-0.7100871653543307
21
0.1894295275590551
0
LINE
8
BLACK
6
CONTINUOUS
10
-0.7100871653543307
20
0.1894295275590551
11
-0.7095591338582677
21
0.1897993307086614
0
LINE
8
BLACK
6
CONTINUOUS
10
-0.7095591338582677
20
0.1897993307086614
11
-0.7094756299212598
21
0.189898779527559
0
LINE
8
BLACK
6
CONTINUOUS
10
-0.7094756299212598
20
0.189898779527559
11
-0.7093973228346456
21
0.1899125984251968
0
LINE
8
BLACK
6
CONTINUOUS
10
-0.7093973228346456
20
0.1899125984251968
11
-0.709247125984252
21
0.1900177559055118
0
LINE
8
BLACK
6
CONTINUOUS
10
-0.709247125984252
20
0.1900177559055118
11
-0.7083615748031495
21
0.1900952362204724
0
LINE
8
BLACK
6
CONTINUOUS
10
-0.7083615748031495
20
0.1900952362204724
11
-0.7074864960629921
21
0.1902495275590551
0
LINE
8
BLACK
6
CONTINUOUS
10
-0.7074864960629921
20
0.1902495275590551
11
-0.7073695669291339
21
0.1901820472440945
0
LINE
8
BLACK
6
CONTINUOUS
10
-0.7057373228346456
20
0.2192358661417323
11
-0.7050464960629921
21
0.217337874015748
0
LINE
8
BLACK
6
CONTINUOUS
10
-0.7050464960629921
20
0.217337874015748
11
-0.7050464960629921
21
0.2135883464566929
0
LINE
8
BLACK
6
CONTINUOUS
10
-0.7050464960629921
20
0.2135883464566929
11
-0.7051998031496063
21
0.2127189763779528
0
LINE
8
BLACK
6
CONTINUOUS
10
-0.7051998031496063
20
0.2127189763779528
11
-0.705198031496063
21
0.2126545669291338
0
LINE
8
BLACK
6
CONTINUOUS
10
-0.705198031496063
20
0.2126545669291338
11
-0.7070727952755905
21
0.2070303149606299
0
LINE
8
BLACK
6
CONTINUOUS
10
-0.7070727952755905
20
0.2070303149606299
11
-0.7075611023622047
21
0.2061285433070866
0
LINE
8
BLACK
6
CONTINUOUS
10
-0.7075611023622047
20
0.2061285433070866
11
-0.7077114960629921
21
0.2060361811023622
0
LINE
8
BLACK
6
CONTINUOUS
10
-0.7077114960629921
20
0.2060361811023622
11
-0.7077861023622047
21
0.2058761417322835
0
LINE
8
BLACK
6
CONTINUOUS
10
-0.7077861023622047
20
0.2058761417322835
11
-0.7115356692913386
21
0.2021266141732283
0
LINE
8
BLACK
6
CONTINUOUS
10
-0.7115356692913386
20
0.2021266141732283
11
-0.7123757086614173
21
0.2015383858267716
0
LINE
8
BLACK
6
CONTINUOUS
10
-0.7123757086614173
20
0.2015383858267716
11
-0.7125516535433071
21
0.201523031496063
0
LINE
8
BLACK
6
CONTINUOUS
10
-0.7125516535433071
20
0.201523031496063
11
-0.712689842519685
21
0.2014133070866142
0
LINE
8
BLACK
6
CONTINUOUS
10
-0.712689842519685
20
0.2014133070866142
11
-0.7183141338582677
21
0.1995385433070866
0
LINE
8
BLACK
6
CONTINUOUS
10
-0.7183141338582677
20
0.1995385433070866
11
-0.7191873228346457
21
0.199409094488189
0
LINE
8
BLACK
6
CONTINUOUS
10
-0.7191873228346457
20
0.199409094488189
11
-0.719247874015748
21
0.1993870078740158
0
LINE
8
BLACK
6
CONTINUOUS
10
-0.719247874015748
20
0.1993870078740158
11
-0.7473693307086614
21
0.1993870078740158
0
LINE
8
BLACK
6
CONTINUOUS
10
-0.7473693307086614
20
0.1993870078740158
11
-0.748379251968504
21
0.1995650787401575
0
LINE
8
BLACK
6
CONTINUOUS
10
-0.748379251968504
20
0.1995650787401575
11
-0.7499264960629921
21
0.2008633858267717
0
LINE
8
BLACK
6
CONTINUOUS
10
-0.7499264960629921
20
0.2008633858267717
11
-0.7502772440944881
21
0.2028525196850394
0
LINE
8
BLACK
6
CONTINUOUS
10
-0.7502772440944881
20
0.2028525196850394
11
-0.7492673228346457
21
0.2046016929133858
0
LINE
8
BLACK
6
CONTINUOUS
10
-0.7492673228346457
20
0.2046016929133858
11
-0.7473693307086614
21
0.2052925196850394
0
LINE
8
BLACK
6
CONTINUOUS
10
-0.7473693307086614
20
0.2052925196850394
11
-0.7197270078740158
21
0.2052925196850394
0
LINE
8
BLACK
6
CONTINUOUS
10
-0.7197270078740158
20
0.2052925196850394
11
-0.7152186220472441
21
0.2067953543307087
0
LINE
8
BLACK
6
CONTINUOUS
10
-0.7152186220472441
20
0.2067953543307087
11
-0.7124548031496063
21
0.2095591338582677
0
LINE
8
BLACK
6
CONTINUOUS
10
-0.7124548031496063
20
0.2095591338582677
11
-0.7109520078740157
21
0.2140674803149606
0
LINE
8
BLACK
6
CONTINUOUS
10
-0.7109520078740157
20
0.2140674803149606
11
-0.7109520078740157
21
0.217337874015748
0
LINE
8
BLACK
6
CONTINUOUS
10
-0.7109520078740157
20
0.217337874015748
11
-0.7107739370078739
21
0.2183477952755905
0
LINE
8
BLACK
6
CONTINUOUS
10
-0.7107739370078739
20
0.2183477952755905
11
-0.7094756299212598
21
0.2198950393700787
0
LINE
8
BLACK
6
CONTINUOUS
10
-0.7094756299212598
20
0.2198950393700787
11
-0.7074864960629921
21
0.2202457874015748
0
LINE
8
BLACK
6
CONTINUOUS
10
-0.7074864960629921
20
0.2202457874015748
11
-0.7057373228346456
21
0.2192358661417323
0
LINE
8
BLACK
6
CONTINUOUS
10
-0.6629133858267716
20
0.3535864566929134
11
-0.6615214566929134
21
0.3530098818897638
0
LINE
8
BLACK
6
CONTINUOUS
10
-0.6615214566929134
20
0.3530098818897638
11
-0.6609448818897637
21
0.3516179527559055
0
LINE
8
BLACK
6
CONTINUOUS
10
-0.6609448818897637
20
0.3516179527559055
11
-0.6609448818897637
21
0.0268148031496063
0
LINE
8
BLACK
6
CONTINUOUS
10
-0.6609448818897637
20
0.0268148031496063
11
-0.6615214566929134
21
0.025422874015748
0
LINE
8
BLACK
6
CONTINUOUS
10
-0.6615214566929134
20
0.025422874015748
11
-0.6629133858267716
21
0.0248462992125984
0
LINE
8
BLACK
6
CONTINUOUS
10
-0.6629133858267716
20
0.0248462992125984
11
-0.8223622047244095
21
0.0248462992125984
0
LINE
8
BLACK
6
CONTINUOUS
10
-0.8223622047244095
20
0.0248462992125984
11
-0.8237541338582677
21
0.025422874015748
0
LINE
8
BLACK
6
CONTINUOUS
10
-0.8237541338582677
20
0.025422874015748
11
-0.8243307086614173
21
0.0268148031496063
0
LINE
8
BLACK
6
CONTINUOUS
10
-0.8243307086614173
20
0.0268148031496063
11
-0.8243307086614173
21
0.3516179527559055
0
LINE
8
BLACK
6
CONTINUOUS
10
-0.8243307086614173
20
0.3516179527559055
11
-0.8237541338582677
21
0.3530098818897638
0
LINE
8
BLACK
6
CONTINUOUS
10
-0.8237541338582677
20
0.3530098818897638
11
-0.8223622047244095
21
0.3535864566929134
0
LINE
8
BLACK
6
CONTINUOUS
10
-0.8223622047244095
20
0.3535864566929134
11
-0.6629133858267716
21
0.3535864566929134
0
LINE
8
BLACK
6
CONTINUOUS
10
-0.8203937007874016
20
0.3496494488188976
11
-0.8203937007874016
21
0.0287833070866142
0
LINE
8
BLACK
6
CONTINUOUS
10
-0.8203937007874016
20
0.0287833070866142
11
-0.6648818897637795
21
0.0287833070866142
0
LINE
8
BLACK
6
CONTINUOUS
10
-0.6648818897637795
20
0.0287833070866142
11
-0.6648818897637795
21
0.0946935039370079
0
LINE
8
BLACK
6
CONTINUOUS
10
-0.6648818897637795
20
0.0946935039370079
11
-0.691888779527559
21
0.1137901968503937
0
LINE
8
BLACK
6
CONTINUOUS
10
-0.691888779527559
20
0.1137901968503937
11
-0.6920708267716535
21
0.114078937007874
0
LINE
8
BLACK
6
CONTINUOUS
10
-0.6920708267716535
20
0.114078937007874
11
-0.6923595275590551
21
0.1142609448818898
0
LINE
8
BLACK
6
CONTINUOUS
10
-0.6923595275590551
20
0.1142609448818898
11
-0.6924570472440945
21
0.1146914173228346
0
LINE
8
BLACK
6
CONTINUOUS
10
-0.6924570472440945
20
0.1146914173228346
11
-0.6926923622047244
21
0.1150646062992126
0
LINE
8
BLACK
6
CONTINUOUS
10
-0.6926923622047244
20
0.1150646062992126
11
-0.6926169685039369
21
0.1153974803149606
0
LINE
8
BLACK
6
CONTINUOUS
10
-0.6926169685039369
20
0.1153974803149606
11
-0.6926923622047244
21
0.1157303543307087
0
LINE
8
BLACK
6
CONTINUOUS
10
-0.6926923622047244
20
0.1157303543307087
11
-0.6924570472440945
21
0.1161035826771653
0
LINE
8
BLACK
6
CONTINUOUS
10
-0.6924570472440945
20
0.1161035826771653
11
-0.6923595275590551
21
0.1165340157480315
0
LINE
8
BLACK
6
CONTINUOUS
10
-0.6923595275590551
20
0.1165340157480315
11
-0.6920708267716535
21
0.116716062992126
0
LINE
8
BLACK
6
CONTINUOUS
10
-0.6920708267716535
20
0.116716062992126
11
-0.691888779527559
21
0.1170047637795276
0
LINE
8
BLACK
6
CONTINUOUS
10
-0.691888779527559
20
0.1170047637795276
11
-0.6648818897637795
21
0.1361014960629921
0
LINE
8
BLACK
6
CONTINUOUS
10
-0.6648818897637795
20
0.1361014960629921
11
-0.6648818897637795
21
0.3496494488188976
0
LINE
8
BLACK
6
CONTINUOUS
10
-0.6648818897637795
20
0.3496494488188976
11
-0.8203937007874016
21
0.3496494488188976
0
LINE
8
BLACK
6
CONTINUOUS
10
-0.6873426771653544
20
0.1153974803149606
11
-0.6648818897637795
21
0.0995153543307087
0
LINE
8
BLACK
6
CONTINUOUS
10
-0.6648818897637795
20
0.0995153543307087
11
-0.6648818897637795
21
0.1312796456692913
0
LINE
8
BLACK
6
CONTINUOUS
10
-0.6648818897637795
20
0.1312796456692913
11
-0.6873426771653544
21
0.1153974803149606
0
LINE
8
BLACK
6
CONTINUOUS
10
-0.5917895275590551
20
0.0594207086614173
11
-0.5914435826771653
21
0.0585855511811024
0
LINE
8
BLACK
6
CONTINUOUS
10
-0.5914435826771653
20
0.0585855511811024
11
-0.5917895275590551
21
0.0577503937007874
0
LINE
8
BLACK
6
CONTINUOUS
10
-0.5917895275590551
20
0.0577503937007874
11
-0.59262468503937
21
0.0574044488188976
0
LINE
8
BLACK
6
CONTINUOUS
10
-0.59262468503937
20
0.0574044488188976
11
-0.5997705905511811
21
0.0574044488188976
0
LINE
8
BLACK
6
CONTINUOUS
10
-0.5997705905511811
20
0.0574044488188976
11
-0.5962352755905511
21
0.0533640551181102
0
LINE
8
BLACK
6
CONTINUOUS
10
-0.5962352755905511
20
0.0533640551181102
11
-0.5961022047244094
21
0.0529705118110236
0
LINE
8
BLACK
6
CONTINUOUS
10
-0.5961022047244094
20
0.0529705118110236
11
-0.595943031496063
21
0.0525862992125984
0
LINE
8
BLACK
6
CONTINUOUS
10
-0.595943031496063
20
0.0525862992125984
11
-0.5959591338582677
21
0.0525474803149606
0
LINE
8
BLACK
6
CONTINUOUS
10
-0.5959591338582677
20
0.0525474803149606
11
-0.5959456692913385
21
0.0525077165354331
0
LINE
8
BLACK
6
CONTINUOUS
10
-0.5959456692913385
20
0.0525077165354331
11
-0.5961298818897638
21
0.0521352362204724
0
LINE
8
BLACK
6
CONTINUOUS
10
-0.5961298818897638
20
0.0521352362204724
11
-0.5962889763779528
21
0.0517511417322835
0
LINE
8
BLACK
6
CONTINUOUS
10
-0.5962889763779528
20
0.0517511417322835
11
-0.5963277952755905
21
0.0517350787401575
0
LINE
8
BLACK
6
CONTINUOUS
10
-0.5963277952755905
20
0.0517350787401575
11
-0.5963463779527559
21
0.0516974409448819
0
LINE
8
BLACK
6
CONTINUOUS
10
-0.5963463779527559
20
0.0516974409448819
11
-0.5967400393700787
21
0.0515643307086614
0
LINE
8
BLACK
6
CONTINUOUS
10
-0.5967400393700787
20
0.0515643307086614
11
-0.5971241338582677
21
0.0514051968503937
0
LINE
8
BLACK
6
CONTINUOUS
10
-0.5971241338582677
20
0.0514051968503937
11
-0.5990949999999999
21
0.0514051968503937
0
LINE
8
BLACK
6
CONTINUOUS
10
-0.5990949999999999
20
0.0514051968503937
11
-0.6001740944881889
21
0.0508656692913386
0
LINE
8
BLACK
6
CONTINUOUS
10
-0.6001740944881889
20
0.0508656692913386
11
-0.6006529133858267
21
0.0503868503937008
0
LINE
8
BLACK
6
CONTINUOUS
10
-0.6006529133858267
20
0.0503868503937008
11
-0.6011923622047244
21
0.049307874015748
0
LINE
8
BLACK
6
CONTINUOUS
10
-0.6011923622047244
20
0.049307874015748
11
-0.6011923622047244
21
0.0461159448818898
0
LINE
8
BLACK
6
CONTINUOUS
10
-0.6011923622047244
20
0.0461159448818898
11
-0.6006528740157481
21
0.0450369291338583
0
LINE
8
BLACK
6
CONTINUOUS
10
-0.6006528740157481
20
0.0450369291338583
11
-0.6001740944881889
21
0.0445581496062992
0
LINE
8
BLACK
6
CONTINUOUS
10
-0.6001740944881889
20
0.0445581496062992
11
-0.5990950393700787
21
0.0440186220472441
0
LINE
8
BLACK
6
CONTINUOUS
10
-0.5990950393700787
20
0.0440186220472441
11
-0.5951532283464567
21
0.0440186220472441
0
LINE
8
BLACK
6
CONTINUOUS
10
-0.5951532283464567
20
0.0440186220472441
11
-0.5940742125984252
21
0.0445581496062992
0
LINE
8
BLACK
6
CONTINUOUS
10
-0.5940742125984252
20
0.0445581496062992
11
-0.593459842519685
21
0.0451724803149606
0
LINE
8
BLACK
6
CONTINUOUS
10
-0.593459842519685
20
0.0451724803149606
11
-0.59262468503937
21
0.0455184251968504
0
LINE
8
BLACK
6
CONTINUOUS
10
-0.59262468503937
20
0.0455184251968504
11
-0.5917895275590551
21
0.0451724803149606
0
LINE
8
BLACK
6
CONTINUOUS
10
-0.5917895275590551
20
0.0451724803149606
11
-0.5914435826771653
21
0.0443373228346457
0
LINE
8
BLACK
6
CONTINUOUS
10
-0.5914435826771653
20
0.0443373228346457
11
-0.5917895275590551
21
0.0435021653543307
0
LINE
8
BLACK
6
CONTINUOUS
10
-0.5917895275590551
20
0.0435021653543307
11
-0.5925394488188976
21
0.0427522440944882
0
LINE
8
BLACK
6
CONTINUOUS
10
-0.5925394488188976
20
0.0427522440944882
11
-0.5927190551181102
21
0.042677874015748
0
LINE
8
BLACK
6
CONTINUOUS
10
-0.5927190551181102
20
0.042677874015748
11
-0.5928464173228346
21
0.0425309842519685
0
LINE
8
BLACK
6
CONTINUOUS
10
-0.5928464173228346
20
0.0425309842519685
11
-0.5943462204724409
21
0.0417811023622047
0
LINE
8
BLACK
6
CONTINUOUS
10
-0.5943462204724409
20
0.0417811023622047
11
-0.5946204330708661
21
0.0417616535433071
0
LINE
8
BLACK
6
CONTINUOUS
10
-0.5946204330708661
20
0.0417616535433071
11
-0.5948744094488189
21
0.0416564173228346
0
LINE
8
BLACK
6
CONTINUOUS
10
-0.5948744094488189
20
0.0416564173228346
11
-0.5993738582677165
21
0.0416564173228346
0
LINE
8
BLACK
6
CONTINUOUS
10
-0.5993738582677165
20
0.0416564173228346
11
-0.599627874015748
21
0.0417616535433071
0
LINE
8
BLACK
6
CONTINUOUS
10
-0.599627874015748
20
0.0417616535433071
11
-0.5999020472440945
21
0.0417811023622047
0
LINE
8
BLACK
6
CONTINUOUS
10
-0.5999020472440945
20
0.0417811023622047
11
-0.6014018503937008
21
0.0425309842519685
0
LINE
8
BLACK
6
CONTINUOUS
10
-0.6014018503937008
20
0.0425309842519685
11
-0.6015292519685039
21
0.042677874015748
0
LINE
8
BLACK
6
CONTINUOUS
10
-0.6015292519685039
20
0.042677874015748
11
-0.6017088188976378
21
0.0427522440944882
0
LINE
8
BLACK
6
CONTINUOUS
10
-0.6017088188976378
20
0.0427522440944882
11
-0.6024587401574804
21
0.0435021653543307
0
LINE
8
BLACK
6
CONTINUOUS
10
-0.6024587401574804
20
0.0435021653543307
11
-0.6025331496062992
21
0.0436817716535433
0
LINE
8
BLACK
6
CONTINUOUS
10
-0.6025331496062992
20
0.0436817716535433
11
-0.60268
21
0.0438091338582677
0
LINE
8
BLACK
6
CONTINUOUS
10
-0.60268
20
0.0438091338582677
11
-0.6034298818897638
21
0.045308937007874
0
LINE
8
BLACK
6
CONTINUOUS
10
-0.6034298818897638
20
0.045308937007874
11
-0.6034493700787401
21
0.0455831496062992
0
LINE
8
BLACK
6
CONTINUOUS
10
-0.6034493700787401
20
0.0455831496062992
11
-0.6035545669291339
21
0.045837125984252
0
LINE
8
BLACK
6
CONTINUOUS
10
-0.6035545669291339
20
0.045837125984252
11
-0.6035545669291339
21
0.0495866535433071
0
LINE
8
BLACK
6
CONTINUOUS
10
-0.6035545669291339
20
0.0495866535433071
11
-0.6034493700787401
21
0.0498406692913386
0
LINE
8
BLACK
6
CONTINUOUS
10
-0.6034493700787401
20
0.0498406692913386
11
-0.6034298818897638
21
0.050114842519685
0
LINE
8
BLACK
6
CONTINUOUS
10
-0.6034298818897638
20
0.050114842519685
11
-0.60268
21
0.0516146850393701
0
LINE
8
BLACK
6
CONTINUOUS
10
-0.60268
20
0.0516146850393701
11
-0.602533188976378
21
0.0517420472440945
0
LINE
8
BLACK
6
CONTINUOUS
10
-0.602533188976378
20
0.0517420472440945
11
-0.6024587401574804
21
0.0519216929133858
0
LINE
8
BLACK
6
CONTINUOUS
10
-0.6024587401574804
20
0.0519216929133858
11
-0.6017088188976378
21
0.0526715748031496
0
LINE
8
BLACK
6
CONTINUOUS
10
-0.6017088188976378
20
0.0526715748031496
11
-0.6015292519685039
21
0.0527459842519685
0
LINE
8
BLACK
6
CONTINUOUS
10
-0.6015292519685039
20
0.0527459842519685
11
-0.6014018897637795
21
0.0528927952755905
0
LINE
8
BLACK
6
CONTINUOUS
10
-0.6014018897637795
20
0.0528927952755905
11
-0.5999020472440945
21
0.0536427165354331
0
LINE
8
BLACK
6
CONTINUOUS
10
-0.5999020472440945
20
0.0536427165354331
11
-0.5996345275590551
21
0.0536617322834646
0
LINE
8
BLACK
6
CONTINUOUS
10
-0.5996345275590551
20
0.0536617322834646
11
-0.6032623228346456
21
0.0578077952755906
0
LINE
8
BLACK
6
CONTINUOUS
10
-0.6032623228346456
20
0.0578077952755906
11
-0.6033954330708662
21
0.0582013779527559
0
LINE
8
BLACK
6
CONTINUOUS
10
-0.6033954330708662
20
0.0582013779527559
11
-0.6035545669291339
21
0.0585855511811024
0
LINE
8
BLACK
6
CONTINUOUS
10
-0.6035545669291339
20
0.0585855511811024
11
-0.6035385039370078
21
0.0586244094488189
0
LINE
8
BLACK
6
CONTINUOUS
10
-0.6035385039370078
20
0.0586244094488189
11
-0.6035519291338582
21
0.0586641338582677
0
LINE
8
BLACK
6
CONTINUOUS
10
-0.6035519291338582
20
0.0586641338582677
11
-0.6033677559055118
21
0.0590366535433071
0
LINE
8
BLACK
6
CONTINUOUS
10
-0.6033677559055118
20
0.0590366535433071
11
-0.6032086220472441
21
0.0594207086614173
0
LINE
8
BLACK
6
CONTINUOUS
10
-0.6032086220472441
20
0.0594207086614173
11
-0.603169842519685
21
0.059436811023622
0
LINE
8
BLACK
6
CONTINUOUS
10
-0.603169842519685
20
0.059436811023622
11
-0.603151220472441
21
0.0594744094488189
0
LINE
8
BLACK
6
CONTINUOUS
10
-0.603151220472441
20
0.0594744094488189
11
-0.6027576771653543
21
0.0596075196850394
0
LINE
8
BLACK
6
CONTINUOUS
10
-0.6027576771653543
20
0.0596075196850394
11
-0.6023734645669291
21
0.0597666535433071
0
LINE
8
BLACK
6
CONTINUOUS
10
-0.6023734645669291
20
0.0597666535433071
11
-0.59262468503937
21
0.0597666535433071
0
LINE
8
BLACK
6
CONTINUOUS
10
-0.59262468503937
20
0.0597666535433071
11
-0.5917895275590551
21
0.0594207086614173
0
LINE
8
BLACK
6
CONTINUOUS
10
-0.5826962992125984
20
0.0596922834645669
11
-0.5825024015748032
21
0.0597060236220472
0
LINE
8
BLACK
6
CONTINUOUS
10
-0.5825024015748032
20
0.0597060236220472
11
-0.5802526771653543
21
0.0589561023622047
0
LINE
8
BLACK
6
CONTINUOUS
10
-0.5802526771653543
20
0.0589561023622047
11
-0.5800450393700787
21
0.0587760236220472
0
LINE
8
BLACK
6
CONTINUOUS
10
-0.5800450393700787
20
0.0587760236220472
11
-0.5797910236220473
21
0.0586707874015748
0
LINE
8
BLACK
6
CONTINUOUS
10
-0.5797910236220473
20
0.0586707874015748
11
-0.578291220472441
21
0.0571710236220472
0
LINE
8
BLACK
6
CONTINUOUS
10
-0.578291220472441
20
0.0571710236220472
11
-0.5782168503937007
21
0.0569914173228346
0
LINE
8
BLACK
6
CONTINUOUS
10
-0.5782168503937007
20
0.0569914173228346
11
-0.5780699606299212
21
0.0568640157480315
0
LINE
8
BLACK
6
CONTINUOUS
10
-0.5780699606299212
20
0.0568640157480315
11
-0.5773200787401574
21
0.0553642125984252
0
LINE
8
BLACK
6
CONTINUOUS
10
-0.5773200787401574
20
0.0553642125984252
11
-0.5773105905511811
21
0.0552303543307087
0
LINE
8
BLACK
6
CONTINUOUS
10
-0.5773105905511811
20
0.0552303543307087
11
-0.5772306692913386
21
0.0551224803149606
0
LINE
8
BLACK
6
CONTINUOUS
10
-0.5772306692913386
20
0.0551224803149606
11
-0.5764807480314961
21
0.0521228346456693
0
LINE
8
BLACK
6
CONTINUOUS
10
-0.5764807480314961
20
0.0521228346456693
11
-0.5765027952755906
21
0.0519747637795276
0
LINE
8
BLACK
6
CONTINUOUS
10
-0.5765027952755906
20
0.0519747637795276
11
-0.5764454724409449
21
0.0518363779527559
0
LINE
8
BLACK
6
CONTINUOUS
10
-0.5764454724409449
20
0.0518363779527559
11
-0.5764454724409449
21
0.0495866535433071
0
LINE
8
BLACK
6
CONTINUOUS
10
-0.5764454724409449
20
0.0495866535433071
11
-0.5765027952755906
21
0.0494483070866142
0
LINE
8
BLACK
6
CONTINUOUS
10
-0.5765027952755906
20
0.0494483070866142
11
-0.5764807480314961
21
0.0493001968503937
0
LINE
8
BLACK
6
CONTINUOUS
10
-0.5764807480314961
20
0.0493001968503937
11
-0.5772306692913386
21
0.0463005905511811
0
LINE
8
BLACK
6
CONTINUOUS
10
-0.5772306692913386
20
0.0463005905511811
11
-0.5773105905511811
21
0.0461927559055118
0
LINE
8
BLACK
6
CONTINUOUS
10
-0.5773105905511811
20
0.0461927559055118
11
-0.5773200787401574
21
0.0460588582677165
0
LINE
8
BLACK
6
CONTINUOUS
10
-0.5773200787401574
20
0.0460588582677165
11
-0.5780699606299212
21
0.0445590551181102
0
LINE
8
BLACK
6
CONTINUOUS
10
-0.5780699606299212
20
0.0445590551181102
11
-0.5782168503937007
21
0.0444316929133858
0
LINE
8
BLACK
6
CONTINUOUS
10
-0.5782168503937007
20
0.0444316929133858
11
-0.578291220472441
21
0.0442520866141732
0
LINE
8
BLACK
6
CONTINUOUS
10
-0.578291220472441
20
0.0442520866141732
11
-0.5797910236220473
21
0.0427522440944882
0
LINE
8
BLACK
6
CONTINUOUS
10
-0.5797910236220473
20
0.0427522440944882
11
-0.5800449606299213
21
0.0426470866141732
0
LINE
8
BLACK
6
CONTINUOUS
10
-0.5800449606299213
20
0.0426470866141732
11
-0.5802526771653543
21
0.0424668897637795
0
LINE
8
BLACK
6
CONTINUOUS
10
-0.5802526771653543
20
0.0424668897637795
11
-0.5825024015748032
21
0.0417170078740157
0
LINE
8
BLACK
6
CONTINUOUS
10
-0.5825024015748032
20
0.0417170078740157
11
-0.5826963385826771
21
0.0417308267716535
0
LINE
8
BLACK
6
CONTINUOUS
10
-0.5826963385826771
20
0.0417308267716535
11
-0.582875905511811
21
0.0416564173228346
0
LINE
8
BLACK
6
CONTINUOUS
10
-0.582875905511811
20
0.0416564173228346
11
-0.5843757480314961
21
0.0416564173228346
0
LINE
8
BLACK
6
CONTINUOUS
10
-0.5843757480314961
20
0.0416564173228346
11
-0.58455531496063
21
0.0417308267716535
0
LINE
8
BLACK
6
CONTINUOUS
10
-0.58455531496063
20
0.0417308267716535
11
-0.5847492519685039
21
0.0417170078740157
0
LINE
8
BLACK
6
CONTINUOUS
10
-0.5847492519685039
20
0.0417170078740157
11
-0.586998937007874
21
0.0424668897637795
0
LINE
8
BLACK
6
CONTINUOUS
10
-0.586998937007874
20
0.0424668897637795
11
-0.587206653543307
21
0.0426470866141732
0
LINE
8
BLACK
6
CONTINUOUS
10
-0.587206653543307
20
0.0426470866141732
11
-0.587460590551181
21
0.0427522440944882
0
LINE
8
BLACK
6
CONTINUOUS
10
-0.587460590551181
20
0.0427522440944882
11
-0.5882105118110236
21
0.0435021653543307
0
LINE
8
BLACK
6
CONTINUOUS
10
-0.5882105118110236
20
0.0435021653543307
11
-0.5885564566929133
21
0.0443373228346457
0
LINE
8
BLACK
6
CONTINUOUS
10
-0.5885564566929133
20
0.0443373228346457
11
-0.5882105118110236
21
0.0451724803149606
0
LINE
8
BLACK
6
CONTINUOUS
10
-0.5882105118110236
20
0.0451724803149606
11
-0.5873753543307086
21
0.0455184251968504
0
LINE
8
BLACK
6
CONTINUOUS
10
-0.5873753543307086
20
0.0455184251968504
11
-0.5865401968503937
21
0.0451724803149606
0
LINE
8
BLACK
6
CONTINUOUS
10
-0.5865401968503937
20
0.0451724803149606
11
-0.5859875196850394
21
0.0446198031496063
0
LINE
8
BLACK
6
CONTINUOUS
10
-0.5859875196850394
20
0.0446198031496063
11
-0.5841840157480315
21
0.0440186220472441
0
LINE
8
BLACK
6
CONTINUOUS
10
-0.5841840157480315
20
0.0440186220472441
11
-0.5830676377952756
21
0.0440186220472441
0
LINE
8
BLACK
6
CONTINUOUS
10
-0.5830676377952756
20
0.0440186220472441
11
-0.5812641732283464
21
0.0446197637795276
0
LINE
8
BLACK
6
CONTINUOUS
10
-0.5812641732283464
20
0.0446197637795276
11
-0.5800970866141733
21
0.0457869291338583
0
LINE
8
BLACK
6
CONTINUOUS
10
-0.5800970866141733
20
0.0457869291338583
11
-0.5794908661417323
21
0.0469993307086614
0
LINE
8
BLACK
6
CONTINUOUS
10
-0.5794908661417323
20
0.0469993307086614
11
-0.5788076771653543
21
0.0497320472440945
0
LINE
8
BLACK
6
CONTINUOUS
10
-0.5788076771653543
20
0.0497320472440945
11
-0.5788076771653543
21
0.0516910236220472
0
LINE
8
BLACK
6
CONTINUOUS
10
-0.5788076771653543
20
0.0516910236220472
11
-0.579490905511811
21
0.0544237795275591
0
LINE
8
BLACK
6
CONTINUOUS
10
-0.579490905511811
20
0.0544237795275591
11
-0.5800970866141733
21
0.0556361811023622
0
LINE
8
BLACK
6
CONTINUOUS
10
-0.5800970866141733
20
0.0556361811023622
11
-0.5812642125984252
21
0.0568033464566929
0
LINE
8
BLACK
6
CONTINUOUS
10
-0.5812642125984252
20
0.0568033464566929
11
-0.5830675196850393
21
0.0574044488188976
0
LINE
8
BLACK
6
CONTINUOUS
10
-0.5830675196850393
20
0.0574044488188976
11
-0.5841841338582677
21
0.0574044488188976
0
LINE
8
BLACK
6
CONTINUOUS
10
-0.5841841338582677
20
0.0574044488188976
11
-0.5859874409448819
21
0.0568033464566929
0
LINE
8
BLACK
6
CONTINUOUS
10
-0.5859874409448819
20
0.0568033464566929
11
-0.5865401968503937
21
0.0562505511811024
0
LINE
8
BLACK
6
CONTINUOUS
10
-0.5865401968503937
20
0.0562505511811024
11
-0.5873753937007874
21
0.0559046456692913
0
LINE
8
BLACK
6
CONTINUOUS
10
-0.5873753937007874
20
0.0559046456692913
11
-0.5882105511811023
21
0.0562505905511811
0
LINE
8
BLACK
6
CONTINUOUS
10
-0.5882105511811023
20
0.0562505905511811
11
-0.5885564566929133
21
0.0570857874015748
0
LINE
8
BLACK
6
CONTINUOUS
10
-0.5885564566929133
20
0.0570857874015748
11
-0.5882105118110236
21
0.0579209448818898
0
LINE
8
BLACK
6
CONTINUOUS
10
-0.5882105118110236
20
0.0579209448818898
11
-0.587460590551181
21
0.0586708267716535
0
LINE
8
BLACK
6
CONTINUOUS
10
-0.587460590551181
20
0.0586708267716535
11
-0.5872065748031496
21
0.058776062992126
0
LINE
8
BLACK
6
CONTINUOUS
10
-0.5872065748031496
20
0.058776062992126
11
-0.586998937007874
21
0.0589561023622047
0
LINE
8
BLACK
6
CONTINUOUS
10
-0.586998937007874
20
0.0589561023622047
11
-0.5847492519685039
21
0.0597060236220472
0
LINE
8
BLACK
6
CONTINUOUS
10
-0.5847492519685039
20
0.0597060236220472
11
-0.5845553937007874
21
0.0596922834645669
0
LINE
8
BLACK
6
CONTINUOUS
10
-0.5845553937007874
20
0.0596922834645669
11
-0.5843757480314961
21
0.0597666535433071
0
LINE
8
BLACK
6
CONTINUOUS
10
-0.5843757480314961
20
0.0597666535433071
11
-0.582875905511811
21
0.0597666535433071
0
LINE
8
BLACK
6
CONTINUOUS
10
-0.582875905511811
20
0.0597666535433071
11
-0.5826962992125984
21
0.0596922834645669
0
LINE
8
BLACK
6
CONTINUOUS
10
-0.558503937007874
20
0.0677165354330709
11
-0.5571120078740157
21
0.0671399606299213
0
LINE
8
BLACK
6
CONTINUOUS
10
-0.5571120078740157
20
0.0671399606299213
11
-0.5565354330708662
21
0.065748031496063
0
LINE
8
BLACK
6
CONTINUOUS
10
-0.5565354330708662
20
0.065748031496063
11
-0.5565354330708662
21
0.034251968503937
0
LINE
8
BLACK
6
CONTINUOUS
10
-0.5565354330708662
20
0.034251968503937
11
-0.5571120078740157
21
0.0328600393700787
0
LINE
8
BLACK
6
CONTINUOUS
10
-0.5571120078740157
20
0.0328600393700787
11
-0.558503937007874
21
0.0322834645669291
0
LINE
8
BLACK
6
CONTINUOUS
10
-0.558503937007874
20
0.0322834645669291
11
-0.621496062992126
21
0.0322834645669291
0
LINE
8
BLACK
6
CONTINUOUS
10
-0.621496062992126
20
0.0322834645669291
11
-0.6228879921259842
21
0.0328600393700787
0
LINE
8
BLACK
6
CONTINUOUS
10
-0.6228879921259842
20
0.0328600393700787
11
-0.6234645669291339
21
0.034251968503937
0
LINE
8
BLACK
6
CONTINUOUS
10
-0.6234645669291339
20
0.034251968503937
11
-0.6234645669291339
21
0.065748031496063
0
LINE
8
BLACK
6
CONTINUOUS
10
-0.6234645669291339
20
0.065748031496063
11
-0.6228879921259842
21
0.0671399606299213
0
LINE
8
BLACK
6
CONTINUOUS
10
-0.6228879921259842
20
0.0671399606299213
11
-0.621496062992126
21
0.0677165354330709
0
LINE
8
BLACK
6
CONTINUOUS
10
-0.621496062992126
20
0.0677165354330709
11
-0.558503937007874
21
0.0677165354330709
0
LINE
8
BLACK
6
CONTINUOUS
10
-0.6195275590551181
20
0.0637795275590551
11
-0.6195275590551181
21
0.0362204724409449
0
LINE
8
BLACK
6
CONTINUOUS
10
-0.6195275590551181
20
0.0362204724409449
11
-0.5604724409448819
21
0.0362204724409449
0
LINE
8
BLACK
6
CONTINUOUS
10
-0.5604724409448819
20
0.0362204724409449
11
-0.5604724409448819
21
0.0637795275590551
0
LINE
8
BLACK
6
CONTINUOUS
10
-0.5604724409448819
20
0.0637795275590551
11
-0.6195275590551181
21
0.0637795275590551
0
LINE
8
BLACK
6
CONTINUOUS
10
-0.1645021653543307
20
0.1303462598425197
11
-0.1637522440944882
21
0.1295963385826772
0
LINE
8
BLACK
6
CONTINUOUS
10
-0.1637522440944882
20
0.1295963385826772
11
-0.163677874015748
21
0.1294167716535433
0
LINE
8
BLACK
6
CONTINUOUS
10
-0.163677874015748
20
0.1294167716535433
11
-0.1635309842519685
21
0.1292893700787402
0
LINE
8
BLACK
6
CONTINUOUS
10
-0.1635309842519685
20
0.1292893700787402
11
-0.1627811023622047
21
0.1277895669291338
0
LINE
8
BLACK
6
CONTINUOUS
10
-0.1627811023622047
20
0.1277895669291338
11
-0.1627616535433071
21
0.1275153937007874
0
LINE
8
BLACK
6
CONTINUOUS
10
-0.1627616535433071
20
0.1275153937007874
11
-0.1626564173228346
21
0.1272613779527559
0
LINE
8
BLACK
6
CONTINUOUS
10
-0.1626564173228346
20
0.1272613779527559
11
-0.1626564173228346
21
0.1235118503937008
0
LINE
8
BLACK
6
CONTINUOUS
10
-0.1626564173228346
20
0.1235118503937008
11
-0.1627616535433071
21
0.123257874015748
0
LINE
8
BLACK
6
CONTINUOUS
10
-0.1627616535433071
20
0.123257874015748
11
-0.1627811023622047
21
0.1229836614173228
0
LINE
8
BLACK
6
CONTINUOUS
10
-0.1627811023622047
20
0.1229836614173228
11
-0.1635309842519685
21
0.1214838582677165
0
LINE
8
BLACK
6
CONTINUOUS
10
-0.1635309842519685
20
0.1214838582677165
11
-0.163677874015748
21
0.1213564960629921
0
LINE
8
BLACK
6
CONTINUOUS
10
-0.163677874015748
20
0.1213564960629921
11
-0.1637522440944882
21
0.1211768897637795
0
LINE
8
BLACK
6
CONTINUOUS
10
-0.1637522440944882
20
0.1211768897637795
11
-0.1645021653543307
21
0.120426968503937
0
LINE
8
BLACK
6
CONTINUOUS
10
-0.1645021653543307
20
0.120426968503937
11
-0.1646817716535433
21
0.1203525984251968
0
LINE
8
BLACK
6
CONTINUOUS
10
-0.1646817716535433
20
0.1203525984251968
11
-0.1648091338582677
21
0.1202057086614173
0
LINE
8
BLACK
6
CONTINUOUS
10
-0.1648091338582677
20
0.1202057086614173
11
-0.166308937007874
21
0.1194558267716535
0
LINE
8
BLACK
6
CONTINUOUS
10
-0.166308937007874
20
0.1194558267716535
11
-0.1665831496062992
21
0.1194363779527559
0
LINE
8
BLACK
6
CONTINUOUS
10
-0.1665831496062992
20
0.1194363779527559
11
-0.166837125984252
21
0.1193311417322835
0
LINE
8
BLACK
6
CONTINUOUS
10
-0.166837125984252
20
0.1193311417322835
11
-0.1705866535433071
21
0.1193311417322835
0
LINE
8
BLACK
6
CONTINUOUS
10
-0.1705866535433071
20
0.1193311417322835
11
-0.1708406692913386
21
0.1194363779527559
0
LINE
8
BLACK
6
CONTINUOUS
10
-0.1708406692913386
20
0.1194363779527559
11
-0.171114842519685
21
0.1194558267716535
0
LINE
8
BLACK
6
CONTINUOUS
10
-0.171114842519685
20
0.1194558267716535
11
-0.1726146850393701
21
0.1202057086614173
0
LINE
8
BLACK
6
CONTINUOUS
10
-0.1726146850393701
20
0.1202057086614173
11
-0.1727420866141732
21
0.1203526377952756
0
LINE
8
BLACK
6
CONTINUOUS
10
-0.1727420866141732
20
0.1203526377952756
11
-0.1729216929133858
21
0.1204270078740158
0
LINE
8
BLACK
6
CONTINUOUS
10
-0.1729216929133858
20
0.1204270078740158
11
-0.1736715748031496
21
0.1211768897637795
0
LINE
8
BLACK
6
CONTINUOUS
10
-0.1736715748031496
20
0.1211768897637795
11
-0.1737459842519685
21
0.1213564960629921
0
LINE
8
BLACK
6
CONTINUOUS
10
-0.1737459842519685
20
0.1213564960629921
11
-0.1738927952755905
21
0.1214838188976378
0
LINE
8
BLACK
6
CONTINUOUS
10
-0.1738927952755905
20
0.1214838188976378
11
-0.1746427165354331
21
0.1229836220472441
0
LINE
8
BLACK
6
CONTINUOUS
10
-0.1746427165354331
20
0.1229836220472441
11
-0.1746622047244094
21
0.1232579133858268
0
LINE
8
BLACK
6
CONTINUOUS
10
-0.1746622047244094
20
0.1232579133858268
11
-0.1747674015748031
21
0.1235118503937008
0
LINE
8
BLACK
6
CONTINUOUS
10
-0.1747674015748031
20
0.1235118503937008
11
-0.1747674015748031
21
0.1272613779527559
0
LINE
8
BLACK
6
CONTINUOUS
10
-0.1747674015748031
20
0.1272613779527559
11
-0.1746622047244094
21
0.1275153543307087
0
LINE
8
BLACK
6
CONTINUOUS
10
-0.1746622047244094
20
0.1275153543307087
11
-0.1746427165354331
21
0.1277896062992126
0
LINE
8
BLACK
6
CONTINUOUS
10
-0.1746427165354331
20
0.1277896062992126
11
-0.1744959448818898
21
0.1280831889763779
0
LINE
8
BLACK
6
CONTINUOUS
10
-0.1744959448818898
20
0.1280831889763779
11
-0.1784044488188976
21
0.1276923228346457
0
LINE
8
BLACK
6
CONTINUOUS
10
-0.1784044488188976
20
0.1276923228346457
11
-0.1784044488188976
21
0.121262125984252
0
LINE
8
BLACK
6
CONTINUOUS
10
-0.1784044488188976
20
0.121262125984252
11
-0.1787503937007874
21
0.120426968503937
0
LINE
8
BLACK
6
CONTINUOUS
10
-0.1787503937007874
20
0.120426968503937
11
-0.1795855511811024
21
0.1200810236220472
0
LINE
8
BLACK
6
CONTINUOUS
10
-0.1795855511811024
20
0.1200810236220472
11
-0.1804207086614173
21
0.120426968503937
0
LINE
8
BLACK
6
CONTINUOUS
10
-0.1804207086614173
20
0.120426968503937
11
-0.1807666535433071
21
0.121262125984252
0
LINE
8
BLACK
6
CONTINUOUS
10
-0.1807666535433071
20
0.121262125984252
11
-0.1807666535433071
21
0.1287611811023622
0
LINE
8
BLACK
6
CONTINUOUS
10
-0.1807666535433071
20
0.1287611811023622
11
-0.1806145669291339
21
0.1291284251968504
0
LINE
8
BLACK
6
CONTINUOUS
10
-0.1806145669291339
20
0.1291284251968504
11
-0.1804996850393701
21
0.129509094488189
0
LINE
8
BLACK
6
CONTINUOUS
10
-0.1804996850393701
20
0.129509094488189
11
-0.1804446456692913
21
0.1295386614173228
0
LINE
8
BLACK
6
CONTINUOUS
10
-0.1804446456692913
20
0.1295386614173228
11
-0.1804207086614173
21
0.1295963385826772
0
LINE
8
BLACK
6
CONTINUOUS
10
-0.1804207086614173
20
0.1295963385826772
11
-0.1800534645669291
21
0.1297485039370079
0
LINE
8
BLACK
6
CONTINUOUS
10
-0.1800534645669291
20
0.1297485039370079
11
-0.1797030708661417
21
0.1299364173228346
0
LINE
8
BLACK
6
CONTINUOUS
10
-0.1797030708661417
20
0.1299364173228346
11
-0.1722040157480315
21
0.1306863385826772
0
LINE
8
BLACK
6
CONTINUOUS
10
-0.1722040157480315
20
0.1306863385826772
11
-0.1721442519685039
21
0.1306683070866142
0
LINE
8
BLACK
6
CONTINUOUS
10
-0.1721442519685039
20
0.1306683070866142
11
-0.1720865354330709
21
0.1306922047244095
0
LINE
8
BLACK
6
CONTINUOUS
10
-0.1720865354330709
20
0.1306922047244095
11
-0.1717192913385827
21
0.1305401181102362
0
LINE
8
BLACK
6
CONTINUOUS
10
-0.1717192913385827
20
0.1305401181102362
11
-0.1713385826771653
21
0.1304252362204724
0
LINE
8
BLACK
6
CONTINUOUS
10
-0.1713385826771653
20
0.1304252362204724
11
-0.1713090551181102
21
0.1303701968503937
0
LINE
8
BLACK
6
CONTINUOUS
10
-0.1713090551181102
20
0.1303701968503937
11
-0.1712513779527559
21
0.1303462992125984
0
LINE
8
BLACK
6
CONTINUOUS
10
-0.1712513779527559
20
0.1303462992125984
11
-0.1710992519685039
21
0.1299790551181102
0
LINE
8
BLACK
6
CONTINUOUS
10
-0.1710992519685039
20
0.1299790551181102
11
-0.1709112598425197
21
0.1296286220472441
0
LINE
8
BLACK
6
CONTINUOUS
10
-0.1709112598425197
20
0.1296286220472441
11
-0.1709293307086614
21
0.1295688582677165
0
LINE
8
BLACK
6
CONTINUOUS
10
-0.1709293307086614
20
0.1295688582677165
11
-0.1709053937007874
21
0.1295111417322835
0
LINE
8
BLACK
6
CONTINUOUS
10
-0.1709053937007874
20
0.1295111417322835
11
-0.1710576377952756
21
0.1291436220472441
0
LINE
8
BLACK
6
CONTINUOUS
10
-0.1710576377952756
20
0.1291436220472441
11
-0.1711724015748032
21
0.128763188976378
0
LINE
8
BLACK
6
CONTINUOUS
10
-0.1711724015748032
20
0.128763188976378
11
-0.1712274015748032
21
0.1287337007874016
0
LINE
8
BLACK
6
CONTINUOUS
10
-0.1712274015748032
20
0.1287337007874016
11
-0.1712512992125984
21
0.1286759448818898
0
LINE
8
BLACK
6
CONTINUOUS
10
-0.1712512992125984
20
0.1286759448818898
11
-0.1718657086614173
21
0.1280615354330709
0
LINE
8
BLACK
6
CONTINUOUS
10
-0.1718657086614173
20
0.1280615354330709
11
-0.1724051968503937
21
0.1269825196850394
0
LINE
8
BLACK
6
CONTINUOUS
10
-0.1724051968503937
20
0.1269825196850394
11
-0.1724051968503937
21
0.1237907086614173
0
LINE
8
BLACK
6
CONTINUOUS
10
-0.1724051968503937
20
0.1237907086614173
11
-0.1718657086614173
21
0.1227117322834646
0
LINE
8
BLACK
6
CONTINUOUS
10
-0.1718657086614173
20
0.1227117322834646
11
-0.171386811023622
21
0.1222328346456693
0
LINE
8
BLACK
6
CONTINUOUS
10
-0.171386811023622
20
0.1222328346456693
11
-0.1703078346456693
21
0.1216933464566929
0
LINE
8
BLACK
6
CONTINUOUS
10
-0.1703078346456693
20
0.1216933464566929
11
-0.1671159448818898
21
0.1216933464566929
0
LINE
8
BLACK
6
CONTINUOUS
10
-0.1671159448818898
20
0.1216933464566929
11
-0.1660369291338583
21
0.122232874015748
0
LINE
8
BLACK
6
CONTINUOUS
10
-0.1660369291338583
20
0.122232874015748
11
-0.1655581496062992
21
0.1227116535433071
0
LINE
8
BLACK
6
CONTINUOUS
10
-0.1655581496062992
20
0.1227116535433071
11
-0.1650186220472441
21
0.1237906692913386
0
LINE
8
BLACK
6
CONTINUOUS
10
-0.1650186220472441
20
0.1237906692913386
11
-0.1650186220472441
21
0.1269825984251969
0
LINE
8
BLACK
6
CONTINUOUS
10
-0.1650186220472441
20
0.1269825984251969
11
-0.1655581496062992
21
0.1280616141732283
0
LINE
8
BLACK
6
CONTINUOUS
10
-0.1655581496062992
20
0.1280616141732283
11
-0.1661724803149606
21
0.1286759448818898
0
LINE
8
BLACK
6
CONTINUOUS
10
-0.1661724803149606
20
0.1286759448818898
11
-0.1665184251968504
21
0.1295111023622047
0
LINE
8
BLACK
6
CONTINUOUS
10
-0.1665184251968504
20
0.1295111023622047
11
-0.1661724803149606
21
0.1303462598425197
0
LINE
8
BLACK
6
CONTINUOUS
10
-0.1661724803149606
20
0.1303462598425197
11
-0.1653373228346457
21
0.1306922047244095
0
LINE
8
BLACK
6
CONTINUOUS
10
-0.1653373228346457
20
0.1306922047244095
11
-0.1645021653543307
21
0.1303462598425197
0
LINE
8
BLACK
6
CONTINUOUS
10
-0.1704483070866142
20
0.1463829527559055
11
-0.1703001968503937
21
0.1464049606299213
0
LINE
8
BLACK
6
CONTINUOUS
10
-0.1703001968503937
20
0.1464049606299213
11
-0.1673005905511811
21
0.1456550393700787
0
LINE
8
BLACK
6
CONTINUOUS
10
-0.1673005905511811
20
0.1456550393700787
11
-0.1671927559055118
21
0.145575157480315
0
LINE
8
BLACK
6
CONTINUOUS
10
-0.1671927559055118
20
0.145575157480315
11
-0.1670588582677165
21
0.1455656299212598
0
LINE
8
BLACK
6
CONTINUOUS
10
-0.1670588582677165
20
0.1455656299212598
11
-0.1655590551181102
21
0.144815748031496
0
LINE
8
BLACK
6
CONTINUOUS
10
-0.1655590551181102
20
0.144815748031496
11
-0.1654316929133858
21
0.1446688976377953
0
LINE
8
BLACK
6
CONTINUOUS
10
-0.1654316929133858
20
0.1446688976377953
11
-0.1652520866141732
21
0.1445944881889764
0
LINE
8
BLACK
6
CONTINUOUS
10
-0.1652520866141732
20
0.1445944881889764
11
-0.1637522440944882
21
0.1430947244094488
0
LINE
8
BLACK
6
CONTINUOUS
10
-0.1637522440944882
20
0.1430947244094488
11
-0.1636470472440945
21
0.1428407480314961
0
LINE
8
BLACK
6
CONTINUOUS
10
-0.1636470472440945
20
0.1428407480314961
11
-0.1634668897637795
21
0.142633031496063
0
LINE
8
BLACK
6
CONTINUOUS
10
-0.1634668897637795
20
0.142633031496063
11
-0.1627170078740157
21
0.1403832677165354
0
LINE
8
BLACK
6
CONTINUOUS
10
-0.1627170078740157
20
0.1403832677165354
11
-0.1627308267716535
21
0.1401894094488189
0
LINE
8
BLACK
6
CONTINUOUS
10
-0.1627308267716535
20
0.1401894094488189
11
-0.1626564173228346
21
0.1400098031496063
0
LINE
8
BLACK
6
CONTINUOUS
10
-0.1626564173228346
20
0.1400098031496063
11
-0.1626564173228346
21
0.1385099606299213
0
LINE
8
BLACK
6
CONTINUOUS
10
-0.1626564173228346
20
0.1385099606299213
11
-0.1627308267716535
21
0.1383304330708661
0
LINE
8
BLACK
6
CONTINUOUS
10
-0.1627308267716535
20
0.1383304330708661
11
-0.1627170078740157
21
0.1381364566929134
0
LINE
8
BLACK
6
CONTINUOUS
10
-0.1627170078740157
20
0.1381364566929134
11
-0.1634668897637795
21
0.1358867716535433
0
LINE
8
BLACK
6
CONTINUOUS
10
-0.1634668897637795
20
0.1358867716535433
11
-0.1636470866141732
21
0.135679094488189
0
LINE
8
BLACK
6
CONTINUOUS
10
-0.1636470866141732
20
0.135679094488189
11
-0.1637522440944882
21
0.1354251181102362
0
LINE
8
BLACK
6
CONTINUOUS
10
-0.1637522440944882
20
0.1354251181102362
11
-0.1645021653543307
21
0.1346751968503937
0
LINE
8
BLACK
6
CONTINUOUS
10
-0.1645021653543307
20
0.1346751968503937
11
-0.1653373228346457
21
0.1343292519685039
0
LINE
8
BLACK
6
CONTINUOUS
10
-0.1653373228346457
20
0.1343292519685039
11
-0.1661724803149606
21
0.1346751968503937
0
LINE
8
BLACK
6
CONTINUOUS
10
-0.1661724803149606
20
0.1346751968503937
11
-0.1665184251968504
21
0.1355103543307087
0
LINE
8
BLACK
6
CONTINUOUS
10
-0.1665184251968504
20
0.1355103543307087
11
-0.1661724803149606
21
0.1363455118110236
0
LINE
8
BLACK
6
CONTINUOUS
10
-0.1661724803149606
20
0.1363455118110236
11
-0.1656198031496063
21
0.1368982283464567
0
LINE
8
BLACK
6
CONTINUOUS
10
-0.1656198031496063
20
0.1368982283464567
11
-0.1650186220472441
21
0.1387016929133858
0
LINE
8
BLACK
6
CONTINUOUS
10
-0.1650186220472441
20
0.1387016929133858
11
-0.1650186220472441
21
0.1398181102362205
0
LINE
8
BLACK
6
CONTINUOUS
10
-0.1650186220472441
20
0.1398181102362205
11
-0.1656198031496063
21
0.1416215748031496
0
LINE
8
BLACK
6
CONTINUOUS
10
-0.1656198031496063
20
0.1416215748031496
11
-0.1667868503937008
21
0.1427886220472441
0
LINE
8
BLACK
6
CONTINUOUS
10
-0.1667868503937008
20
0.1427886220472441
11
-0.1679993307086614
21
0.1433948818897638
0
LINE
8
BLACK
6
CONTINUOUS
10
-0.1679993307086614
20
0.1433948818897638
11
-0.1707320078740157
21
0.144078031496063
0
LINE
8
BLACK
6
CONTINUOUS
10
-0.1707320078740157
20
0.144078031496063
11
-0.1726910236220472
21
0.144078031496063
0
LINE
8
BLACK
6
CONTINUOUS
10
-0.1726910236220472
20
0.144078031496063
11
-0.1754237795275591
21
0.143394842519685
0
LINE
8
BLACK
6
CONTINUOUS
10
-0.1754237795275591
20
0.143394842519685
11
-0.1766361811023622
21
0.1427886614173228
0
LINE
8
BLACK
6
CONTINUOUS
10
-0.1766361811023622
20
0.1427886614173228
11
-0.1778033464566929
21
0.1416215354330708
0
LINE
8
BLACK
6
CONTINUOUS
10
-0.1778033464566929
20
0.1416215354330708
11
-0.1784044488188976
21
0.139818188976378
0
LINE
8
BLACK
6
CONTINUOUS
10
-0.1784044488188976
20
0.139818188976378
11
-0.1784044488188976
21
0.1387016141732283
0
LINE
8
BLACK
6
CONTINUOUS
10
-0.1784044488188976
20
0.1387016141732283
11
-0.1778033464566929
21
0.1368983464566929
0
LINE
8
BLACK
6
CONTINUOUS
10
-0.1778033464566929
20
0.1368983464566929
11
-0.1772505511811024
21
0.1363455118110236
0
LINE
8
BLACK
6
CONTINUOUS
10
-0.1772505511811024
20
0.1363455118110236
11
-0.1769046456692913
21
0.1355103149606299
0
LINE
8
BLACK
6
CONTINUOUS
10
-0.1769046456692913
20
0.1355103149606299
11
-0.1772506299212598
21
0.1346751574803149
0
LINE
8
BLACK
6
CONTINUOUS
10
-0.1772506299212598
20
0.1346751574803149
11
-0.1780857874015748
21
0.1343292519685039
0
LINE
8
BLACK
6
CONTINUOUS
10
-0.1780857874015748
20
0.1343292519685039
11
-0.1789209448818898
21
0.1346752362204724
0
LINE
8
BLACK
6
CONTINUOUS
10
-0.1789209448818898
20
0.1346752362204724
11
-0.1796708267716536
21
0.1354251181102362
0
LINE
8
BLACK
6
CONTINUOUS
10
-0.1796708267716536
20
0.1354251181102362
11
-0.179776062992126
21
0.1356791732283465
0
LINE
8
BLACK
6
CONTINUOUS
10
-0.179776062992126
20
0.1356791732283465
11
-0.1799561023622047
21
0.1358867716535433
0
LINE
8
BLACK
6
CONTINUOUS
10
-0.1799561023622047
20
0.1358867716535433
11
-0.1807060236220472
21
0.1381364566929134
0
LINE
8
BLACK
6
CONTINUOUS
10
-0.1807060236220472
20
0.1381364566929134
11
-0.1806922834645669
21
0.1383303543307087
0
LINE
8
BLACK
6
CONTINUOUS
10
-0.1806922834645669
20
0.1383303543307087
11
-0.1807666535433071
21
0.1385099606299213
0
LINE
8
BLACK
6
CONTINUOUS
10
-0.1807666535433071
20
0.1385099606299213
11
-0.1807666535433071
21
0.1400098031496063
0
LINE
8
BLACK
6
CONTINUOUS
10
-0.1807666535433071
20
0.1400098031496063
11
-0.1806922834645669
21
0.1401894488188976
0
LINE
8
BLACK
6
CONTINUOUS
10
-0.1806922834645669
20
0.1401894488188976
11
-0.1807060236220472
21
0.1403833070866142
0
LINE
8
BLACK
6
CONTINUOUS
10
-0.1807060236220472
20
0.1403833070866142
11
-0.1799561023622047
21
0.142633031496063
0
LINE
8
BLACK
6
CONTINUOUS
10
-0.1799561023622047
20
0.142633031496063
11
-0.1797760236220472
21
0.1428407086614173
0
LINE
8
BLACK
6
CONTINUOUS
10
-0.1797760236220472
20
0.1428407086614173
11
-0.1796707874015748
21
0.1430946850393701
0
LINE
8
BLACK
6
CONTINUOUS
10
-0.1796707874015748
20
0.1430946850393701
11
-0.1781710236220472
21
0.1445944881889764
0
LINE
8
BLACK
6
CONTINUOUS
10
-0.1781710236220472
20
0.1445944881889764
11
-0.1779914173228346
21
0.1446688976377953
0
LINE
8
BLACK
6
CONTINUOUS
10
-0.1779914173228346
20
0.1446688976377953
11
-0.1778640157480315
21
0.144815748031496
0
LINE
8
BLACK
6
CONTINUOUS
10
-0.1778640157480315
20
0.144815748031496
11
-0.1763642125984252
21
0.1455656299212598
0
LINE
8
BLACK
6
CONTINUOUS
10
-0.1763642125984252
20
0.1455656299212598
11
-0.1762303543307087
21
0.145575157480315
0
LINE
8
BLACK
6
CONTINUOUS
10
-0.1762303543307087
20
0.145575157480315
11
-0.1761224803149606
21
0.1456550393700787
0
LINE
8
BLACK
6
CONTINUOUS
10
-0.1761224803149606
20
0.1456550393700787
11
-0.1731228346456693
21
0.1464049606299213
0
LINE
8
BLACK
6
CONTINUOUS
10
-0.1731228346456693
20
0.1464049606299213
11
-0.1729747637795276
21
0.1463829527559055
0
LINE
8
BLACK
6
CONTINUOUS
10
-0.1729747637795276
20
0.1463829527559055
11
-0.1728363779527559
21
0.1464402362204724
0
LINE
8
BLACK
6
CONTINUOUS
10
-0.1728363779527559
20
0.1464402362204724
11
-0.1705866535433071
21
0.1464402362204724
0
LINE
8
BLACK
6
CONTINUOUS
10
-0.1705866535433071
20
0.1464402362204724
11
-0.1704483070866142
21
0.1463829527559055
0
LINE
8
BLACK
6
CONTINUOUS
10
-0.155251968503937
20
0.1663502362204724
11
-0.1538600393700787
21
0.1657736614173228
0
LINE
8
BLACK
6
CONTINUOUS
10
-0.1538600393700787
20
0.1657736614173228
11
-0.1532834645669291
21
0.1643817322834646
0
LINE
8
BLACK
6
CONTINUOUS
10
-0.1532834645669291
20
0.1643817322834646
11
-0.1532834645669291
21
0.1013896062992126
0
LINE
8
BLACK
6
CONTINUOUS
10
-0.1532834645669291
20
0.1013896062992126
11
-0.1538600393700787
21
0.0999976771653543
0
LINE
8
BLACK
6
CONTINUOUS
10
-0.1538600393700787
20
0.0999976771653543
11
-0.155251968503937
21
0.0994211023622047
0
LINE
8
BLACK
6
CONTINUOUS
10
-0.155251968503937
20
0.0994211023622047
11
-0.186748031496063
21
0.0994211023622047
0
LINE
8
BLACK
6
CONTINUOUS
10
-0.186748031496063
20
0.0994211023622047
11
-0.1881399606299212
21
0.0999976771653543
0
LINE
8
BLACK
6
CONTINUOUS
10
-0.1881399606299212
20
0.0999976771653543
11
-0.1887165354330709
21
0.1013896062992126
0
LINE
8
BLACK
6
CONTINUOUS
10
-0.1887165354330709
20
0.1013896062992126
11
-0.1887165354330709
21
0.1643817322834646
0
LINE
8
BLACK
6
CONTINUOUS
10
-0.1887165354330709
20
0.1643817322834646
11
-0.1881399606299212
21
0.1657736614173228
0
LINE
8
BLACK
6
CONTINUOUS
10
-0.1881399606299212
20
0.1657736614173228
11
-0.186748031496063
21
0.1663502362204724
0
LINE
8
BLACK
6
CONTINUOUS
10
-0.186748031496063
20
0.1663502362204724
11
-0.155251968503937
21
0.1663502362204724
0
LINE
8
BLACK
6
CONTINUOUS
10
-0.1847795275590551
20
0.1624132283464567
11
-0.1847795275590551
21
0.1033581102362205
0
LINE
8
BLACK
6
CONTINUOUS
10
-0.1847795275590551
20
0.1033581102362205
11
-0.1572204724409449
21
0.1033581102362205
0
LINE
8
BLACK
6
CONTINUOUS
10
-0.1572204724409449
20
0.1033581102362205
11
-0.1572204724409449
21
0.1624132283464567
0
LINE
8
BLACK
6
CONTINUOUS
10
-0.1572204724409449
20
0.1624132283464567
11
-0.1847795275590551
21
0.1624132283464567
0
LINE
8
BLACK
6
CONTINUOUS
10
-0.1313264960629921
20
0.2600935039370079
11
-0.1303891338582677
21
0.2591561023622047
0
LINE
8
BLACK
6
CONTINUOUS
10
-0.1303891338582677
20
0.2591561023622047
11
-0.1302961417322835
21
0.2589316141732284
0
LINE
8
BLACK
6
CONTINUOUS
10
-0.1302961417322835
20
0.2589316141732284
11
-0.1301125590551181
21
0.2587723622047244
0
LINE
8
BLACK
6
CONTINUOUS
10
-0.1301125590551181
20
0.2587723622047244
11
-0.1291751968503937
21
0.2568976377952756
0
LINE
8
BLACK
6
CONTINUOUS
10
-0.1291751968503937
20
0.2568976377952756
11
-0.1291508661417323
21
0.2565548818897638
0
LINE
8
BLACK
6
CONTINUOUS
10
-0.1291508661417323
20
0.2565548818897638
11
-0.1290193307086614
21
0.2562373622047244
0
LINE
8
BLACK
6
CONTINUOUS
10
-0.1290193307086614
20
0.2562373622047244
11
-0.1290193307086614
21
0.2506130708661417
0
LINE
8
BLACK
6
CONTINUOUS
10
-0.1290193307086614
20
0.2506130708661417
11
-0.1291508661417323
21
0.2502955905511811
0
LINE
8
BLACK
6
CONTINUOUS
10
-0.1291508661417323
20
0.2502955905511811
11
-0.1291751968503937
21
0.2499527952755906
0
LINE
8
BLACK
6
CONTINUOUS
10
-0.1291751968503937
20
0.2499527952755906
11
-0.1301125590551181
21
0.2480780708661417
0
LINE
8
BLACK
6
CONTINUOUS
10
-0.1301125590551181
20
0.2480780708661417
11
-0.1302961417322835
21
0.2479188976377953
0
LINE
8
BLACK
6
CONTINUOUS
10
-0.1302961417322835
20
0.2479188976377953
11
-0.1303891338582677
21
0.2476943307086614
0
LINE
8
BLACK
6
CONTINUOUS
10
-0.1303891338582677
20
0.2476943307086614
11
-0.1313265354330709
21
0.246756968503937
0
LINE
8
BLACK
6
CONTINUOUS
10
-0.1313265354330709
20
0.246756968503937
11
-0.1315510236220472
21
0.2466640157480315
0
LINE
8
BLACK
6
CONTINUOUS
10
-0.1315510236220472
20
0.2466640157480315
11
-0.1317101968503937
21
0.2464804330708661
0
LINE
8
BLACK
6
CONTINUOUS
10
-0.1317101968503937
20
0.2464804330708661
11
-0.1335849606299213
21
0.245543031496063
0
LINE
8
BLACK
6
CONTINUOUS
10
-0.1335849606299213
20
0.245543031496063
11
-0.1339277559055118
21
0.2455187007874016
0
LINE
8
BLACK
6
CONTINUOUS
10
-0.1339277559055118
20
0.2455187007874016
11
-0.1342452362204724
21
0.2453871653543307
0
LINE
8
BLACK
6
CONTINUOUS
10
-0.1342452362204724
20
0.2453871653543307
11
-0.1389321653543307
21
0.2453871653543307
0
LINE
8
BLACK
6
CONTINUOUS
10
-0.1389321653543307
20
0.2453871653543307
11
-0.1392496850393701
21
0.2455187007874016
0
LINE
8
BLACK
6
CONTINUOUS
10
-0.1392496850393701
20
0.2455187007874016
11
-0.1395924409448819
21
0.245543031496063
0
LINE
8
BLACK
6
CONTINUOUS
10
-0.1395924409448819
20
0.245543031496063
11
-0.1414672047244094
21
0.2464804330708661
0
LINE
8
BLACK
6
CONTINUOUS
10
-0.1414672047244094
20
0.2464804330708661
11
-0.1416264173228347
21
0.2466640157480315
0
LINE
8
BLACK
6
CONTINUOUS
10
-0.1416264173228347
20
0.2466640157480315
11
-0.141850905511811
21
0.2467570078740157
0
LINE
8
BLACK
6
CONTINUOUS
10
-0.141850905511811
20
0.2467570078740157
11
-0.1427882677165354
21
0.2476943307086614
0
LINE
8
BLACK
6
CONTINUOUS
10
-0.1427882677165354
20
0.2476943307086614
11
-0.1428812992125984
21
0.2479188976377953
0
LINE
8
BLACK
6
CONTINUOUS
10
-0.1428812992125984
20
0.2479188976377953
11
-0.1430648031496063
21
0.248078031496063
0
LINE
8
BLACK
6
CONTINUOUS
10
-0.1430648031496063
20
0.248078031496063
11
-0.1440022047244094
21
0.2499527952755906
0
LINE
8
BLACK
6
CONTINUOUS
10
-0.1440022047244094
20
0.2499527952755906
11
-0.1440259842519685
21
0.2502872440944882
0
LINE
8
BLACK
6
CONTINUOUS
10
-0.1440259842519685
20
0.2502872440944882
11
-0.1492085433070866
21
0.2457524409448819
0
LINE
8
BLACK
6
CONTINUOUS
10
-0.1492085433070866
20
0.2457524409448819
11
-0.1497009842519685
21
0.245585905511811
0
LINE
8
BLACK
6
CONTINUOUS
10
-0.1497009842519685
20
0.245585905511811
11
-0.1501807480314961
21
0.2453871653543307
0
LINE
8
BLACK
6
CONTINUOUS
10
-0.1501807480314961
20
0.2453871653543307
11
-0.1502292125984252
21
0.2454072440944882
0
LINE
8
BLACK
6
CONTINUOUS
10
-0.1502292125984252
20
0.2454072440944882
11
-0.150278937007874
21
0.2453903937007874
0
LINE
8
BLACK
6
CONTINUOUS
10
-0.150278937007874
20
0.2453903937007874
11
-0.1507448031496063
21
0.2456207874015748
0
LINE
8
BLACK
6
CONTINUOUS
10
-0.1507448031496063
20
0.2456207874015748
11
-0.1512247244094488
21
0.2458195669291338
0
LINE
8
BLACK
6
CONTINUOUS
10
-0.1512247244094488
20
0.2458195669291338
11
-0.151244842519685
21
0.2458681102362205
0
LINE
8
BLACK
6
CONTINUOUS
10
-0.151244842519685
20
0.2458681102362205
11
-0.1512918503937008
21
0.2458913385826772
0
LINE
8
BLACK
6
CONTINUOUS
10
-0.1512918503937008
20
0.2458913385826772
11
-0.1514584251968504
21
0.246383779527559
0
LINE
8
BLACK
6
CONTINUOUS
10
-0.1514584251968504
20
0.246383779527559
11
-0.151657125984252
21
0.2468635433070866
0
LINE
8
BLACK
6
CONTINUOUS
10
-0.151657125984252
20
0.2468635433070866
11
-0.151657125984252
21
0.2590495275590551
0
LINE
8
BLACK
6
CONTINUOUS
10
-0.151657125984252
20
0.2590495275590551
11
-0.1512247244094488
21
0.2600935039370079
0
LINE
8
BLACK
6
CONTINUOUS
10
-0.1512247244094488
20
0.2600935039370079
11
-0.1501807480314961
21
0.260525905511811
0
LINE
8
BLACK
6
CONTINUOUS
10
-0.1501807480314961
20
0.260525905511811
11
-0.1491367716535433
21
0.2600935039370079
0
LINE
8
BLACK
6
CONTINUOUS
10
-0.1491367716535433
20
0.2600935039370079
11
-0.1487043700787402
21
0.2590495275590551
0
LINE
8
BLACK
6
CONTINUOUS
10
-0.1487043700787402
20
0.2590495275590551
11
-0.1487043700787402
21
0.2501171653543307
0
LINE
8
BLACK
6
CONTINUOUS
10
-0.1487043700787402
20
0.2501171653543307
11
-0.1436538976377953
21
0.2545363385826772
0
LINE
8
BLACK
6
CONTINUOUS
10
-0.1436538976377953
20
0.2545363385826772
11
-0.1431615748031496
21
0.254702874015748
0
LINE
8
BLACK
6
CONTINUOUS
10
-0.1431615748031496
20
0.254702874015748
11
-0.1426816929133858
21
0.2549016141732283
0
LINE
8
BLACK
6
CONTINUOUS
10
-0.1426816929133858
20
0.2549016141732283
11
-0.1426332677165354
21
0.2548815748031496
0
LINE
8
BLACK
6
CONTINUOUS
10
-0.1426332677165354
20
0.2548815748031496
11
-0.1425834645669291
21
0.2548983858267717
0
LINE
8
BLACK
6
CONTINUOUS
10
-0.1425834645669291
20
0.2548983858267717
11
-0.1421175590551181
21
0.2546679527559055
0
LINE
8
BLACK
6
CONTINUOUS
10
-0.1421175590551181
20
0.2546679527559055
11
-0.1416377165354331
21
0.2544692125984252
0
LINE
8
BLACK
6
CONTINUOUS
10
-0.1416377165354331
20
0.2544692125984252
11
-0.1416176377952756
21
0.2544207086614173
0
LINE
8
BLACK
6
CONTINUOUS
10
-0.1416176377952756
20
0.2544207086614173
11
-0.1415705905511811
21
0.2543974409448819
0
LINE
8
BLACK
6
CONTINUOUS
10
-0.1415705905511811
20
0.2543974409448819
11
-0.1414040551181102
21
0.2539050393700787
0
LINE
8
BLACK
6
CONTINUOUS
10
-0.1414040551181102
20
0.2539050393700787
11
-0.1412053149606299
21
0.2534252362204724
0
LINE
8
BLACK
6
CONTINUOUS
10
-0.1412053149606299
20
0.2534252362204724
11
-0.1412053149606299
21
0.2509616535433071
0
LINE
8
BLACK
6
CONTINUOUS
10
-0.1412053149606299
20
0.2509616535433071
11
-0.1405309448818898
21
0.2496129133858268
0
LINE
8
BLACK
6
CONTINUOUS
10
-0.1405309448818898
20
0.2496129133858268
11
-0.1399324015748031
21
0.2490143307086614
0
LINE
8
BLACK
6
CONTINUOUS
10
-0.1399324015748031
20
0.2490143307086614
11
-0.1385836220472441
21
0.2483399212598425
0
LINE
8
BLACK
6
CONTINUOUS
10
-0.1385836220472441
20
0.2483399212598425
11
-0.134593779527559
21
0.2483399212598425
0
LINE
8
BLACK
6
CONTINUOUS
10
-0.134593779527559
20
0.2483399212598425
11
-0.133245
21
0.2490143700787401
0
LINE
8
BLACK
6
CONTINUOUS
10
-0.133245
20
0.2490143700787401
11
-0.1326464173228346
21
0.2496129133858268
0
LINE
8
BLACK
6
CONTINUOUS
10
-0.1326464173228346
20
0.2496129133858268
11
-0.1319720866141732
21
0.2509615748031496
0
LINE
8
BLACK
6
CONTINUOUS
10
-0.1319720866141732
20
0.2509615748031496
11
-0.1319720866141732
21
0.2558888976377953
0
LINE
8
BLACK
6
CONTINUOUS
10
-0.1319720866141732
20
0.2558888976377953
11
-0.1326464173228346
21
0.2572375590551181
0
LINE
8
BLACK
6
CONTINUOUS
10
-0.1326464173228346
20
0.2572375590551181
11
-0.1334144488188976
21
0.2580055511811024
0
LINE
8
BLACK
6
CONTINUOUS
10
-0.1334144488188976
20
0.2580055511811024
11
-0.1338468897637795
21
0.2590495275590551
0
LINE
8
BLACK
6
CONTINUOUS
10
-0.1338468897637795
20
0.2590495275590551
11
-0.1334144488188976
21
0.2600935039370079
0
LINE
8
BLACK
6
CONTINUOUS
10
-0.1334144488188976
20
0.2600935039370079
11
-0.1323704724409449
21
0.2605259448818897
0
LINE
8
BLACK
6
CONTINUOUS
10
-0.1323704724409449
20
0.2605259448818897
11
-0.1313264960629921
21
0.2600935039370079
0
LINE
8
BLACK
6
CONTINUOUS
10
-0.1339277559055118
20
0.2791420866141732
11
-0.1335849606299213
21
0.279117716535433
0
LINE
8
BLACK
6
CONTINUOUS
10
-0.1335849606299213
20
0.279117716535433
11
-0.1317101968503937
21
0.2781803149606299
0
LINE
8
BLACK
6
CONTINUOUS
10
-0.1317101968503937
20
0.2781803149606299
11
-0.1315510236220472
21
0.2779967716535433
0
LINE
8
BLACK
6
CONTINUOUS
10
-0.1315510236220472
20
0.2779967716535433
11
-0.1313265354330709
21
0.2779037795275591
0
LINE
8
BLACK
6
CONTINUOUS
10
-0.1313265354330709
20
0.2779037795275591
11
-0.1303891338582677
21
0.2769664173228346
0
LINE
8
BLACK
6
CONTINUOUS
10
-0.1303891338582677
20
0.2769664173228346
11
-0.1302961417322835
21
0.2767418897637795
0
LINE
8
BLACK
6
CONTINUOUS
10
-0.1302961417322835
20
0.2767418897637795
11
-0.1301125590551181
21
0.2765826771653543
0
LINE
8
BLACK
6
CONTINUOUS
10
-0.1301125590551181
20
0.2765826771653543
11
-0.1291751968503937
21
0.2747079527559055
0
LINE
8
BLACK
6
CONTINUOUS
10
-0.1291751968503937
20
0.2747079527559055
11
-0.1291508661417323
21
0.2743651968503937
0
LINE
8
BLACK
6
CONTINUOUS
10
-0.1291508661417323
20
0.2743651968503937
11
-0.1290193307086614
21
0.2740476771653543
0
LINE
8
BLACK
6
CONTINUOUS
10
-0.1290193307086614
20
0.2740476771653543
11
-0.1290193307086614
21
0.2702981496062992
0
LINE
8
BLACK
6
CONTINUOUS
10
-0.1290193307086614
20
0.2702981496062992
11
-0.1291508661417323
21
0.2699806692913386
0
LINE
8
BLACK
6
CONTINUOUS
10
-0.1291508661417323
20
0.2699806692913386
11
-0.1291751968503937
21
0.269637874015748
0
LINE
8
BLACK
6
CONTINUOUS
10
-0.1291751968503937
20
0.269637874015748
11
-0.1301125590551181
21
0.2677631496062992
0
LINE
8
BLACK
6
CONTINUOUS
10
-0.1301125590551181
20
0.2677631496062992
11
-0.1302961417322835
21
0.267603937007874
0
LINE
8
BLACK
6
CONTINUOUS
10
-0.1302961417322835
20
0.267603937007874
11
-0.1303891338582677
21
0.2673794094488189
0
LINE
8
BLACK
6
CONTINUOUS
10
-0.1303891338582677
20
0.2673794094488189
11
-0.1313264960629921
21
0.2664420078740157
0
LINE
8
BLACK
6
CONTINUOUS
10
-0.1313264960629921
20
0.2664420078740157
11
-0.1315511023622047
21
0.2663490157480315
0
LINE
8
BLACK
6
CONTINUOUS
10
-0.1315511023622047
20
0.2663490157480315
11
-0.1317102362204724
21
0.2661654724409449
0
LINE
8
BLACK
6
CONTINUOUS
10
-0.1317102362204724
20
0.2661654724409449
11
-0.133585
21
0.2652281102362204
0
LINE
8
BLACK
6
CONTINUOUS
10
-0.133585
20
0.2652281102362204
11
-0.1339277559055118
21
0.265203779527559
0
LINE
8
BLACK
6
CONTINUOUS
10
-0.1339277559055118
20
0.265203779527559
11
-0.1342452362204724
21
0.2650722440944882
0
LINE
8
BLACK
6
CONTINUOUS
10
-0.1342452362204724
20
0.2650722440944882
11
-0.1501807480314961
21
0.2650722440944882
0
LINE
8
BLACK
6
CONTINUOUS
10
-0.1501807480314961
20
0.2650722440944882
11
-0.1512247244094488
21
0.2655046456692913
0
LINE
8
BLACK
6
CONTINUOUS
10
-0.1512247244094488
20
0.2655046456692913
11
-0.151657125984252
21
0.2665486220472441
0
LINE
8
BLACK
6
CONTINUOUS
10
-0.151657125984252
20
0.2665486220472441
11
-0.1512247244094488
21
0.2675925984251968
0
LINE
8
BLACK
6
CONTINUOUS
10
-0.1512247244094488
20
0.2675925984251968
11
-0.1501807480314961
21
0.268025
0
LINE
8
BLACK
6
CONTINUOUS
10
-0.1501807480314961
20
0.268025
11
-0.1345937401574803
21
0.268025
0
LINE
8
BLACK
6
CONTINUOUS
10
-0.1345937401574803
20
0.268025
11
-0.1332450787401575
21
0.2686993700787402
0
LINE
8
BLACK
6
CONTINUOUS
10
-0.1332450787401575
20
0.2686993700787402
11
-0.1326464173228346
21
0.2692979921259843
0
LINE
8
BLACK
6
CONTINUOUS
10
-0.1326464173228346
20
0.2692979921259843
11
-0.1319720866141732
21
0.2706466535433071
0
LINE
8
BLACK
6
CONTINUOUS
10
-0.1319720866141732
20
0.2706466535433071
11
-0.1319720866141732
21
0.2736992125984252
0
LINE
8
BLACK
6
CONTINUOUS
10
-0.1319720866141732
20
0.2736992125984252
11
-0.1326464173228346
21
0.275047874015748
0
LINE
8
BLACK
6
CONTINUOUS
10
-0.1326464173228346
20
0.275047874015748
11
-0.133245
21
0.2756464173228346
0
LINE
8
BLACK
6
CONTINUOUS
10
-0.133245
20
0.2756464173228346
11
-0.134593779527559
21
0.2763208267716535
0
LINE
8
BLACK
6
CONTINUOUS
10
-0.134593779527559
20
0.2763208267716535
11
-0.1501807480314961
21
0.2763208267716535
0
LINE
8
BLACK
6
CONTINUOUS
10
-0.1501807480314961
20
0.2763208267716535
11
-0.1512247244094488
21
0.2767532283464567
0
LINE
8
BLACK
6
CONTINUOUS
10
-0.1512247244094488
20
0.2767532283464567
11
-0.151657125984252
21
0.2777972047244094
0
LINE
8
BLACK
6
CONTINUOUS
10
-0.151657125984252
20
0.2777972047244094
11
-0.1512247244094488
21
0.2788411811023622
0
LINE
8
BLACK
6
CONTINUOUS
10
-0.1512247244094488
20
0.2788411811023622
11
-0.1501807480314961
21
0.2792735826771653
0
LINE
8
BLACK
6
CONTINUOUS
10
-0.1501807480314961
20
0.2792735826771653
11
-0.1342452362204724
21
0.2792735826771653
0
LINE
8
BLACK
6
CONTINUOUS
10
-0.1342452362204724
20
0.2792735826771653
11
-0.1339277559055118
21
0.2791420866141732
0
LINE
8
BLACK
6
CONTINUOUS
10
-0.1079527559055118
20
0.3218541732283465
11
-0.1065608267716535
21
0.3212775984251968
0
LINE
8
BLACK
6
CONTINUOUS
10
-0.1065608267716535
20
0.3212775984251968
11
-0.1059842519685039
21
0.3198856692913385
0
LINE
8
BLACK
6
CONTINUOUS
10
-0.1059842519685039
20
0.3198856692913385
11
-0.1059842519685039
21
0.2057124409448819
0
LINE
8
BLACK
6
CONTINUOUS
10
-0.1059842519685039
20
0.2057124409448819
11
-0.1065608267716535
21
0.2043205118110236
0
LINE
8
BLACK
6
CONTINUOUS
10
-0.1065608267716535
20
0.2043205118110236
11
-0.1079527559055118
21
0.203743937007874
0
LINE
8
BLACK
6
CONTINUOUS
10
-0.1079527559055118
20
0.203743937007874
11
-0.1551968503937008
21
0.203743937007874
0
LINE
8
BLACK
6
CONTINUOUS
10
-0.1551968503937008
20
0.203743937007874
11
-0.1561811417322835
21
0.2041516535433071
0
LINE
8
BLACK
6
CONTINUOUS
10
-0.1561811417322835
20
0.2041516535433071
11
-0.1565888188976378
21
0.2043205118110236
0
LINE
8
BLACK
6
CONTINUOUS
10
-0.1565888188976378
20
0.2043205118110236
11
-0.1723368110236221
21
0.2200685433070866
0
LINE
8
BLACK
6
CONTINUOUS
10
-0.1723368110236221
20
0.2200685433070866
11
-0.1729133858267717
21
0.2214604724409449
0
LINE
8
BLACK
6
CONTINUOUS
10
-0.1729133858267717
20
0.2214604724409449
11
-0.1729133858267717
21
0.3198856692913385
0
LINE
8
BLACK
6
CONTINUOUS
10
-0.1729133858267717
20
0.3198856692913385
11
-0.1723368110236221
21
0.3212775984251968
0
LINE
8
BLACK
6
CONTINUOUS
10
-0.1723368110236221
20
0.3212775984251968
11
-0.1709448818897638
21
0.3218541732283465
0
LINE
8
BLACK
6
CONTINUOUS
10
-0.1709448818897638
20
0.3218541732283465
11
-0.1079527559055118
21
0.3218541732283465
0
LINE
8
BLACK
6
CONTINUOUS
10
-0.1689763779527559
20
0.3179171653543307
11
-0.1689763779527559
21
0.2222758661417323
0
LINE
8
BLACK
6
CONTINUOUS
10
-0.1689763779527559
20
0.2222758661417323
11
-0.1543814566929134
21
0.2076809448818898
0
LINE
8
BLACK
6
CONTINUOUS
10
-0.1543814566929134
20
0.2076809448818898
11
-0.1099212598425197
21
0.2076809448818898
0
LINE
8
BLACK
6
CONTINUOUS
10
-0.1099212598425197
20
0.2076809448818898
11
-0.1099212598425197
21
0.3179171653543307
0
LINE
8
BLACK
6
CONTINUOUS
10
-0.1099212598425197
20
0.3179171653543307
11
-0.1689763779527559
21
0.3179171653543307
0
LINE
8
BLACK
6
CONTINUOUS
10
0.1900564566929134
20
0.2547262992125984
11
0.1902536614173228
21
0.2542501181102362
0
LINE
8
BLACK
6
CONTINUOUS
10
0.1902536614173228
20
0.2542501181102362
11
0.1905176771653543
21
0.253612716535433
0
LINE
8
BLACK
6
CONTINUOUS
10
0.1905176771653543
20
0.253612716535433
11
0.1905176771653543
21
0.2414267322834646
0
LINE
8
BLACK
6
CONTINUOUS
10
0.1905176771653543
20
0.2414267322834646
11
0.1900564173228347
21
0.2403131889763779
0
LINE
8
BLACK
6
CONTINUOUS
10
0.1900564173228347
20
0.2403131889763779
11
0.188942874015748
21
0.2398519291338582
0
LINE
8
BLACK
6
CONTINUOUS
10
0.188942874015748
20
0.2398519291338582
11
0.1878293307086614
21
0.2403131889763779
0
LINE
8
BLACK
6
CONTINUOUS
10
0.1878293307086614
20
0.2403131889763779
11
0.1873680708661417
21
0.2414267322834646
0
LINE
8
BLACK
6
CONTINUOUS
10
0.1873680708661417
20
0.2414267322834646
11
0.1873680708661417
21
0.2498108267716535
0
LINE
8
BLACK
6
CONTINUOUS
10
0.1873680708661417
20
0.2498108267716535
11
0.1788078346456693
21
0.2412505905511811
0
LINE
8
BLACK
6
CONTINUOUS
10
0.1788078346456693
20
0.2412505905511811
11
0.1784691732283465
21
0.2411103149606299
0
LINE
8
BLACK
6
CONTINUOUS
10
0.1784691732283465
20
0.2411103149606299
11
0.1781922834645669
21
0.240870157480315
0
LINE
8
BLACK
6
CONTINUOUS
10
0.1781922834645669
20
0.240870157480315
11
0.1753801181102362
21
0.2399327559055118
0
LINE
8
BLACK
6
CONTINUOUS
10
0.1753801181102362
20
0.2399327559055118
11
0.1751215748031496
21
0.2399511417322835
0
LINE
8
BLACK
6
CONTINUOUS
10
0.1751215748031496
20
0.2399511417322835
11
0.174882125984252
21
0.2398519291338582
0
LINE
8
BLACK
6
CONTINUOUS
10
0.174882125984252
20
0.2398519291338582
11
0.1730073622047244
21
0.2398519291338582
0
LINE
8
BLACK
6
CONTINUOUS
10
0.1730073622047244
20
0.2398519291338582
11
0.1726687007874016
21
0.2399922440944882
0
LINE
8
BLACK
6
CONTINUOUS
10
0.1726687007874016
20
0.2399922440944882
11
0.1723030708661417
21
0.2400181889763779
0
LINE
8
BLACK
6
CONTINUOUS
10
0.1723030708661417
20
0.2400181889763779
11
0.1704283070866142
21
0.2409555905511811
0
LINE
8
BLACK
6
CONTINUOUS
10
0.1704283070866142
20
0.2409555905511811
11
0.1702584645669291
21
0.2411514173228346
0
LINE
8
BLACK
6
CONTINUOUS
10
0.1702584645669291
20
0.2411514173228346
11
0.1700190551181102
21
0.2412505905511811
0
LINE
8
BLACK
6
CONTINUOUS
10
0.1700190551181102
20
0.2412505905511811
11
0.1690816929133858
21
0.2421879527559055
0
LINE
8
BLACK
6
CONTINUOUS
10
0.1690816929133858
20
0.2421879527559055
11
0.1689824803149606
21
0.2424274015748031
0
LINE
8
BLACK
6
CONTINUOUS
10
0.1689824803149606
20
0.2424274015748031
11
0.1687866929133858
21
0.2425972047244094
0
LINE
8
BLACK
6
CONTINUOUS
10
0.1687866929133858
20
0.2425972047244094
11
0.1678492913385827
21
0.244471968503937
0
LINE
8
BLACK
6
CONTINUOUS
10
0.1678492913385827
20
0.244471968503937
11
0.1678233070866142
21
0.2448376377952756
0
LINE
8
BLACK
6
CONTINUOUS
10
0.1678233070866142
20
0.2448376377952756
11
0.167683031496063
21
0.2451762598425197
0
LINE
8
BLACK
6
CONTINUOUS
10
0.167683031496063
20
0.2451762598425197
11
0.167683031496063
21
0.2498631889763779
0
LINE
8
BLACK
6
CONTINUOUS
10
0.167683031496063
20
0.2498631889763779
11
0.1678233070866142
21
0.2502018503937008
0
LINE
8
BLACK
6
CONTINUOUS
10
0.1678233070866142
20
0.2502018503937008
11
0.1678492913385827
21
0.2505674803149606
0
LINE
8
BLACK
6
CONTINUOUS
10
0.1678492913385827
20
0.2505674803149606
11
0.1687866929133858
21
0.2524422440944882
0
LINE
8
BLACK
6
CONTINUOUS
10
0.1687866929133858
20
0.2524422440944882
11
0.1689824803149606
21
0.2526120866141732
0
LINE
8
BLACK
6
CONTINUOUS
10
0.1689824803149606
20
0.2526120866141732
11
0.1690816929133858
21
0.2528514960629921
0
LINE
8
BLACK
6
CONTINUOUS
10
0.1690816929133858
20
0.2528514960629921
11
0.1700190551181102
21
0.2537888582677165
0
LINE
8
BLACK
6
CONTINUOUS
10
0.1700190551181102
20
0.2537888582677165
11
0.1711325984251968
21
0.2542501181102362
0
LINE
8
BLACK
6
CONTINUOUS
10
0.1711325984251968
20
0.2542501181102362
11
0.1722461417322834
21
0.2537888582677165
0
LINE
8
BLACK
6
CONTINUOUS
10
0.1722461417322834
20
0.2537888582677165
11
0.1727074015748031
21
0.2526753149606299
0
LINE
8
BLACK
6
CONTINUOUS
10
0.1727074015748031
20
0.2526753149606299
11
0.1722461417322834
21
0.2515617716535433
0
LINE
8
BLACK
6
CONTINUOUS
10
0.1722461417322834
20
0.2515617716535433
11
0.1714894881889764
21
0.250805157480315
0
LINE
8
BLACK
6
CONTINUOUS
10
0.1714894881889764
20
0.250805157480315
11
0.1708326377952756
21
0.2494914173228346
0
LINE
8
BLACK
6
CONTINUOUS
10
0.1708326377952756
20
0.2494914173228346
11
0.1708326377952756
21
0.2455480708661417
0
LINE
8
BLACK
6
CONTINUOUS
10
0.1708326377952756
20
0.2455480708661417
11
0.1714894881889764
21
0.2442343307086614
0
LINE
8
BLACK
6
CONTINUOUS
10
0.1714894881889764
20
0.2442343307086614
11
0.1720653937007874
21
0.2436584251968504
0
LINE
8
BLACK
6
CONTINUOUS
10
0.1720653937007874
20
0.2436584251968504
11
0.1733791338582677
21
0.2430015354330708
0
LINE
8
BLACK
6
CONTINUOUS
10
0.1733791338582677
20
0.2430015354330708
11
0.1746266141732283
21
0.2430015354330708
0
LINE
8
BLACK
6
CONTINUOUS
10
0.1746266141732283
20
0.2430015354330708
11
0.1768435826771654
21
0.2437405511811024
0
LINE
8
BLACK
6
CONTINUOUS
10
0.1768435826771654
20
0.2437405511811024
11
0.1878293307086614
21
0.2547262992125984
0
LINE
8
BLACK
6
CONTINUOUS
10
0.1878293307086614
20
0.2547262992125984
11
0.188942874015748
21
0.2551875196850394
0
LINE
8
BLACK
6
CONTINUOUS
10
0.188942874015748
20
0.2551875196850394
11
0.1900564566929134
21
0.2547262992125984
0
LINE
8
BLACK
6
CONTINUOUS
10
0.1900564173228347
20
0.2725365354330709
11
0.1905176771653543
21
0.2714229921259843
0
LINE
8
BLACK
6
CONTINUOUS
10
0.1905176771653543
20
0.2714229921259843
11
0.1900564173228347
21
0.2703094488188976
0
LINE
8
BLACK
6
CONTINUOUS
10
0.1900564173228347
20
0.2703094488188976
11
0.188942874015748
21
0.269848188976378
0
LINE
8
BLACK
6
CONTINUOUS
10
0.188942874015748
20
0.269848188976378
11
0.1811438582677165
21
0.269848188976378
0
LINE
8
BLACK
6
CONTINUOUS
10
0.1811438582677165
20
0.269848188976378
11
0.1811438582677165
21
0.2675559842519685
0
LINE
8
BLACK
6
CONTINUOUS
10
0.1811438582677165
20
0.2675559842519685
11
0.1898459842519685
21
0.2614645275590551
0
LINE
8
BLACK
6
CONTINUOUS
10
0.1898459842519685
20
0.2614645275590551
11
0.1904937007874016
21
0.2604480708661417
0
LINE
8
BLACK
6
CONTINUOUS
10
0.1904937007874016
20
0.2604480708661417
11
0.190233031496063
21
0.2592712992125984
0
LINE
8
BLACK
6
CONTINUOUS
10
0.190233031496063
20
0.2592712992125984
11
0.1892165748031496
21
0.2586235826771653
0
LINE
8
BLACK
6
CONTINUOUS
10
0.1892165748031496
20
0.2586235826771653
11
0.1880398031496063
21
0.2588842913385827
0
LINE
8
BLACK
6
CONTINUOUS
10
0.1880398031496063
20
0.2588842913385827
11
0.1810755905511811
21
0.2637592125984252
0
LINE
8
BLACK
6
CONTINUOUS
10
0.1810755905511811
20
0.2637592125984252
11
0.1810035433070866
21
0.2635853149606299
0
LINE
8
BLACK
6
CONTINUOUS
10
0.1810035433070866
20
0.2635853149606299
11
0.1809775984251968
21
0.2632196456692913
0
LINE
8
BLACK
6
CONTINUOUS
10
0.1809775984251968
20
0.2632196456692913
11
0.1800401968503937
21
0.2613448818897638
0
LINE
8
BLACK
6
CONTINUOUS
10
0.1800401968503937
20
0.2613448818897638
11
0.1798443700787402
21
0.2611750787401575
0
LINE
8
BLACK
6
CONTINUOUS
10
0.1798443700787402
20
0.2611750787401575
11
0.1797452362204724
21
0.2609356692913386
0
LINE
8
BLACK
6
CONTINUOUS
10
0.1797452362204724
20
0.2609356692913386
11
0.178807874015748
21
0.2599982283464567
0
LINE
8
BLACK
6
CONTINUOUS
10
0.178807874015748
20
0.2599982283464567
11
0.1785683070866142
21
0.2598990157480315
0
LINE
8
BLACK
6
CONTINUOUS
10
0.1785683070866142
20
0.2598990157480315
11
0.1783985433070866
21
0.2597032283464567
0
LINE
8
BLACK
6
CONTINUOUS
10
0.1783985433070866
20
0.2597032283464567
11
0.176523779527559
21
0.2587658661417323
0
LINE
8
BLACK
6
CONTINUOUS
10
0.176523779527559
20
0.2587658661417323
11
0.1761581496062992
21
0.2587399212598425
0
LINE
8
BLACK
6
CONTINUOUS
10
0.1761581496062992
20
0.2587399212598425
11
0.1758195275590551
21
0.2585996062992126
0
LINE
8
BLACK
6
CONTINUOUS
10
0.1758195275590551
20
0.2585996062992126
11
0.1730073622047244
21
0.2585996062992126
0
LINE
8
BLACK
6
CONTINUOUS
10
0.1730073622047244
20
0.2585996062992126
11
0.1726687007874016
21
0.2587399212598425
0
LINE
8
BLACK
6
CONTINUOUS
10
0.1726687007874016
20
0.2587399212598425
11
0.1723030708661417
21
0.2587658661417323
0
LINE
8
BLACK
6
CONTINUOUS
10
0.1723030708661417
20
0.2587658661417323
11
0.1704283464566929
21
0.2597032283464567
0
LINE
8
BLACK
6
CONTINUOUS
10
0.1704283464566929
20
0.2597032283464567
11
0.1702585433070866
21
0.2598990157480315
0
LINE
8
BLACK
6
CONTINUOUS
10
0.1702585433070866
20
0.2598990157480315
11
0.1700190157480315
21
0.2599982283464567
0
LINE
8
BLACK
6
CONTINUOUS
10
0.1700190157480315
20
0.2599982283464567
11
0.1690816535433071
21
0.2609356299212598
0
LINE
8
BLACK
6
CONTINUOUS
10
0.1690816535433071
20
0.2609356299212598
11
0.1689824409448819
21
0.2611751181102362
0
LINE
8
BLACK
6
CONTINUOUS
10
0.1689824409448819
20
0.2611751181102362
11
0.1687866929133858
21
0.2613448818897638
0
LINE
8
BLACK
6
CONTINUOUS
10
0.1687866929133858
20
0.2613448818897638
11
0.1678492913385827
21
0.2632196456692913
0
LINE
8
BLACK
6
CONTINUOUS
10
0.1678492913385827
20
0.2632196456692913
11
0.1678233070866142
21
0.2635853149606299
0
LINE
8
BLACK
6
CONTINUOUS
10
0.1678233070866142
20
0.2635853149606299
11
0.167683031496063
21
0.263923937007874
0
LINE
8
BLACK
6
CONTINUOUS
10
0.167683031496063
20
0.263923937007874
11
0.167683031496063
21
0.2714229921259843
0
LINE
8
BLACK
6
CONTINUOUS
10
0.167683031496063
20
0.2714229921259843
11
0.1681442913385827
21
0.2725365354330709
0
LINE
8
BLACK
6
CONTINUOUS
10
0.1681442913385827
20
0.2725365354330709
11
0.1692578346456693
21
0.2729977952755905
0
LINE
8
BLACK
6
CONTINUOUS
10
0.1692578346456693
20
0.2729977952755905
11
0.188942874015748
21
0.2729977952755905
0
LINE
8
BLACK
6
CONTINUOUS
10
0.188942874015748
20
0.2729977952755905
11
0.1900564173228347
21
0.2725365354330709
0
LINE
8
BLACK
6
CONTINUOUS
10
0.1708326377952756
20
0.2642957480314961
11
0.1714894881889764
21
0.2629820472440945
0
LINE
8
BLACK
6
CONTINUOUS
10
0.1714894881889764
20
0.2629820472440945
11
0.1720654330708661
21
0.2624060236220472
0
LINE
8
BLACK
6
CONTINUOUS
10
0.1720654330708661
20
0.2624060236220472
11
0.173379094488189
21
0.2617492125984252
0
LINE
8
BLACK
6
CONTINUOUS
10
0.173379094488189
20
0.2617492125984252
11
0.1754477952755905
21
0.2617492125984252
0
LINE
8
BLACK
6
CONTINUOUS
10
0.1754477952755905
20
0.2617492125984252
11
0.1767613779527559
21
0.2624060236220472
0
LINE
8
BLACK
6
CONTINUOUS
10
0.1767613779527559
20
0.2624060236220472
11
0.1773373622047244
21
0.2629820472440945
0
LINE
8
BLACK
6
CONTINUOUS
10
0.1773373622047244
20
0.2629820472440945
11
0.1779942519685039
21
0.2642957480314961
0
LINE
8
BLACK
6
CONTINUOUS
10
0.1779942519685039
20
0.2642957480314961
11
0.1779942519685039
21
0.269848188976378
0
LINE
8
BLACK
6
CONTINUOUS
10
0.1779942519685039
20
0.269848188976378
11
0.1708326377952756
21
0.269848188976378
0
LINE
8
BLACK
6
CONTINUOUS
10
0.1708326377952756
20
0.269848188976378
11
0.1708326377952756
21
0.2642957480314961
0
LINE
8
BLACK
6
CONTINUOUS
10
0.2046062992125984
20
0.298232125984252
11
0.2059982283464567
21
0.2976555511811024
0
LINE
8
BLACK
6
CONTINUOUS
10
0.2059982283464567
20
0.2976555511811024
11
0.2065748031496063
21
0.2962636220472441
0
LINE
8
BLACK
6
CONTINUOUS
10
0.2065748031496063
20
0.2962636220472441
11
0.2065748031496063
21
0.2175234645669291
0
LINE
8
BLACK
6
CONTINUOUS
10
0.2065748031496063
20
0.2175234645669291
11
0.2059982283464567
21
0.2161315354330709
0
LINE
8
BLACK
6
CONTINUOUS
10
0.2059982283464567
20
0.2161315354330709
11
0.2046062992125984
21
0.2155549606299212
0
LINE
8
BLACK
6
CONTINUOUS
10
0.2046062992125984
20
0.2155549606299212
11
0.1553937007874016
21
0.2155549606299212
0
LINE
8
BLACK
6
CONTINUOUS
10
0.1553937007874016
20
0.2155549606299212
11
0.1540017716535433
21
0.2161315354330709
0
LINE
8
BLACK
6
CONTINUOUS
10
0.1540017716535433
20
0.2161315354330709
11
0.1534251968503937
21
0.2175234645669291
0
LINE
8
BLACK
6
CONTINUOUS
10
0.1534251968503937
20
0.2175234645669291
11
0.1534251968503937
21
0.2962636220472441
0
LINE
8
BLACK
6
CONTINUOUS
10
0.1534251968503937
20
0.2962636220472441
11
0.1540017716535433
21
0.2976555511811024
0
LINE
8
BLACK
6
CONTINUOUS
10
0.1540017716535433
20
0.2976555511811024
11
0.1553937007874016
21
0.298232125984252
0
LINE
8
BLACK
6
CONTINUOUS
10
0.1553937007874016
20
0.298232125984252
11
0.2046062992125984
21
0.298232125984252
0
LINE
8
BLACK
6
CONTINUOUS
10
0.1573622047244095
20
0.2942951181102362
11
0.1573622047244095
21
0.219491968503937
0
LINE
8
BLACK
6
CONTINUOUS
10
0.1573622047244095
20
0.219491968503937
11
0.2026377952755906
21
0.219491968503937
0
LINE
8
BLACK
6
CONTINUOUS
10
0.2026377952755906
20
0.219491968503937
11
0.2026377952755906
21
0.2942951181102362
0
LINE
8
BLACK
6
CONTINUOUS
10
0.2026377952755906
20
0.2942951181102362
11
0.1573622047244095
21
0.2942951181102362
0
LINE
8
BLACK
6
CONTINUOUS
10
0.3647020866141732
20
0.2537888582677165
11
0.3651633464566929
21
0.2526753149606299
0
LINE
8
BLACK
6
CONTINUOUS
10
0.3651633464566929
20
0.2526753149606299
11
0.3651633464566929
21
0.2414267322834646
0
LINE
8
BLACK
6
CONTINUOUS
10
0.3651633464566929
20
0.2414267322834646
11
0.3647020866141732
21
0.2403131889763779
0
LINE
8
BLACK
6
CONTINUOUS
10
0.3647020866141732
20
0.2403131889763779
11
0.3635885433070866
21
0.2398519291338582
0
LINE
8
BLACK
6
CONTINUOUS
10
0.3635885433070866
20
0.2398519291338582
11
0.362475
21
0.2403131889763779
0
LINE
8
BLACK
6
CONTINUOUS
10
0.362475
20
0.2403131889763779
11
0.3620137401574803
21
0.2414267322834646
0
LINE
8
BLACK
6
CONTINUOUS
10
0.3620137401574803
20
0.2414267322834646
11
0.3620137401574803
21
0.2454762204724409
0
LINE
8
BLACK
6
CONTINUOUS
10
0.3620137401574803
20
0.2454762204724409
11
0.3439035039370079
21
0.2454762204724409
0
LINE
8
BLACK
6
CONTINUOUS
10
0.3439035039370079
20
0.2454762204724409
11
0.3437536614173228
21
0.2455383070866142
0
LINE
8
BLACK
6
CONTINUOUS
10
0.3437536614173228
20
0.2455383070866142
11
0.3435946456692913
21
0.245506811023622
0
LINE
8
BLACK
6
CONTINUOUS
10
0.3435946456692913
20
0.245506811023622
11
0.3432135826771653
21
0.2457620078740158
0
LINE
8
BLACK
6
CONTINUOUS
10
0.3432135826771653
20
0.2457620078740158
11
0.3427899606299212
21
0.2459374803149606
0
LINE
8
BLACK
6
CONTINUOUS
10
0.3427899606299212
20
0.2459374803149606
11
0.3427279133858268
21
0.2460872834645669
0
LINE
8
BLACK
6
CONTINUOUS
10
0.3427279133858268
20
0.2460872834645669
11
0.342593188976378
21
0.2461774803149606
0
LINE
8
BLACK
6
CONTINUOUS
10
0.342593188976378
20
0.2461774803149606
11
0.3425041732283465
21
0.2466273622047244
0
LINE
8
BLACK
6
CONTINUOUS
10
0.3425041732283465
20
0.2466273622047244
11
0.3423287007874016
21
0.2470510236220472
0
LINE
8
BLACK
6
CONTINUOUS
10
0.3423287007874016
20
0.2470510236220472
11
0.3423907480314961
21
0.2472008661417323
0
LINE
8
BLACK
6
CONTINUOUS
10
0.3423907480314961
20
0.2472008661417323
11
0.3423592913385827
21
0.2473598818897638
0
LINE
8
BLACK
6
CONTINUOUS
10
0.3423592913385827
20
0.2473598818897638
11
0.3426144488188976
21
0.2477409448818897
0
LINE
8
BLACK
6
CONTINUOUS
10
0.3426144488188976
20
0.2477409448818897
11
0.3427899606299212
21
0.2481645669291339
0
LINE
8
BLACK
6
CONTINUOUS
10
0.3427899606299212
20
0.2481645669291339
11
0.3429397244094488
21
0.2482266141732283
0
LINE
8
BLACK
6
CONTINUOUS
10
0.3429397244094488
20
0.2482266141732283
11
0.3430299606299212
21
0.2483613385826772
0
LINE
8
BLACK
6
CONTINUOUS
10
0.3430299606299212
20
0.2483613385826772
11
0.3457124015748032
21
0.2501496456692913
0
LINE
8
BLACK
6
CONTINUOUS
10
0.3457124015748032
20
0.2501496456692913
11
0.3472961811023622
21
0.2517334645669291
0
LINE
8
BLACK
6
CONTINUOUS
10
0.3472961811023622
20
0.2517334645669291
11
0.3481192519685039
21
0.2533795669291338
0
LINE
8
BLACK
6
CONTINUOUS
10
0.3481192519685039
20
0.2533795669291338
11
0.3490297637795275
21
0.2541692519685039
0
LINE
8
BLACK
6
CONTINUOUS
10
0.3490297637795275
20
0.2541692519685039
11
0.3502320472440945
21
0.2540838582677165
0
LINE
8
BLACK
6
CONTINUOUS
10
0.3502320472440945
20
0.2540838582677165
11
0.3510217716535433
21
0.2531733070866142
0
LINE
8
BLACK
6
CONTINUOUS
10
0.3510217716535433
20
0.2531733070866142
11
0.3509363385826771
21
0.2519710236220473
0
LINE
8
BLACK
6
CONTINUOUS
10
0.3509363385826771
20
0.2519710236220473
11
0.3499989763779527
21
0.2500962992125984
0
LINE
8
BLACK
6
CONTINUOUS
10
0.3499989763779527
20
0.2500962992125984
11
0.3498031496062992
21
0.2499264960629921
0
LINE
8
BLACK
6
CONTINUOUS
10
0.3498031496062992
20
0.2499264960629921
11
0.3497039763779528
21
0.249686968503937
0
LINE
8
BLACK
6
CONTINUOUS
10
0.3497039763779528
20
0.249686968503937
11
0.3486427952755906
21
0.2486258267716535
0
LINE
8
BLACK
6
CONTINUOUS
10
0.3486427952755906
20
0.2486258267716535
11
0.3620137401574803
21
0.2486258267716535
0
LINE
8
BLACK
6
CONTINUOUS
10
0.3620137401574803
20
0.2486258267716535
11
0.3620137401574803
21
0.2526753149606299
0
LINE
8
BLACK
6
CONTINUOUS
10
0.3620137401574803
20
0.2526753149606299
11
0.362475
21
0.2537888582677165
0
LINE
8
BLACK
6
CONTINUOUS
10
0.362475
20
0.2537888582677165
11
0.3635885433070866
21
0.2542501181102362
0
LINE
8
BLACK
6
CONTINUOUS
10
0.3635885433070866
20
0.2542501181102362
11
0.3647020866141732
21
0.2537888582677165
0
LINE
8
BLACK
6
CONTINUOUS
10
0.3647020866141732
20
0.2725365354330709
11
0.3651633464566929
21
0.2714229921259843
0
LINE
8
BLACK
6
CONTINUOUS
10
0.3651633464566929
20
0.2714229921259843
11
0.3647020866141732
21
0.2703094488188976
0
LINE
8
BLACK
6
CONTINUOUS
10
0.3647020866141732
20
0.2703094488188976
11
0.3635885433070866
21
0.269848188976378
0
LINE
8
BLACK
6
CONTINUOUS
10
0.3635885433070866
20
0.269848188976378
11
0.3557895275590551
21
0.269848188976378
0
LINE
8
BLACK
6
CONTINUOUS
10
0.3557895275590551
20
0.269848188976378
11
0.3557895275590551
21
0.2675559842519685
0
LINE
8
BLACK
6
CONTINUOUS
10
0.3557895275590551
20
0.2675559842519685
11
0.3644916535433071
21
0.2614645275590551
0
LINE
8
BLACK
6
CONTINUOUS
10
0.3644916535433071
20
0.2614645275590551
11
0.3651393700787401
21
0.2604480708661417
0
LINE
8
BLACK
6
CONTINUOUS
10
0.3651393700787401
20
0.2604480708661417
11
0.3648787007874016
21
0.2592712992125984
0
LINE
8
BLACK
6
CONTINUOUS
10
0.3648787007874016
20
0.2592712992125984
11
0.3638622440944882
21
0.2586235826771653
0
LINE
8
BLACK
6
CONTINUOUS
10
0.3638622440944882
20
0.2586235826771653
11
0.3626854724409449
21
0.2588842913385827
0
LINE
8
BLACK
6
CONTINUOUS
10
0.3626854724409449
20
0.2588842913385827
11
0.3557212598425197
21
0.2637592125984252
0
LINE
8
BLACK
6
CONTINUOUS
10
0.3557212598425197
20
0.2637592125984252
11
0.3556492125984252
21
0.2635853149606299
0
LINE
8
BLACK
6
CONTINUOUS
10
0.3556492125984252
20
0.2635853149606299
11
0.3556232677165354
21
0.2632196456692913
0
LINE
8
BLACK
6
CONTINUOUS
10
0.3556232677165354
20
0.2632196456692913
11
0.3546858661417323
21
0.2613448818897638
0
LINE
8
BLACK
6
CONTINUOUS
10
0.3546858661417323
20
0.2613448818897638
11
0.3544900393700787
21
0.2611750787401575
0
LINE
8
BLACK
6
CONTINUOUS
10
0.3544900393700787
20
0.2611750787401575
11
0.354390905511811
21
0.2609356692913386
0
LINE
8
BLACK
6
CONTINUOUS
10
0.354390905511811
20
0.2609356692913386
11
0.3534535433070866
21
0.2599982283464567
0
LINE
8
BLACK
6
CONTINUOUS
10
0.3534535433070866
20
0.2599982283464567
11
0.3532139763779528
21
0.2598990157480315
0
LINE
8
BLACK
6
CONTINUOUS
10
0.3532139763779528
20
0.2598990157480315
11
0.3530442125984252
21
0.2597032283464567
0
LINE
8
BLACK
6
CONTINUOUS
10
0.3530442125984252
20
0.2597032283464567
11
0.3511694488188976
21
0.2587658661417323
0
LINE
8
BLACK
6
CONTINUOUS
10
0.3511694488188976
20
0.2587658661417323
11
0.3508038188976378
21
0.2587399212598425
0
LINE
8
BLACK
6
CONTINUOUS
10
0.3508038188976378
20
0.2587399212598425
11
0.3504651968503937
21
0.2585996062992126
0
LINE
8
BLACK
6
CONTINUOUS
10
0.3504651968503937
20
0.2585996062992126
11
0.347653031496063
21
0.2585996062992126
0
LINE
8
BLACK
6
CONTINUOUS
10
0.347653031496063
20
0.2585996062992126
11
0.3473143700787402
21
0.2587399212598425
0
LINE
8
BLACK
6
CONTINUOUS
10
0.3473143700787402
20
0.2587399212598425
11
0.3469487401574803
21
0.2587658661417323
0
LINE
8
BLACK
6
CONTINUOUS
10
0.3469487401574803
20
0.2587658661417323
11
0.3450740157480315
21
0.2597032283464567
0
LINE
8
BLACK
6
CONTINUOUS
10
0.3450740157480315
20
0.2597032283464567
11
0.3449042125984252
21
0.2598990157480315
0
LINE
8
BLACK
6
CONTINUOUS
10
0.3449042125984252
20
0.2598990157480315
11
0.3446646850393701
21
0.2599982283464567
0
LINE
8
BLACK
6
CONTINUOUS
10
0.3446646850393701
20
0.2599982283464567
11
0.3437273228346457
21
0.2609356299212598
0
LINE
8
BLACK
6
CONTINUOUS
10
0.3437273228346457
20
0.2609356299212598
11
0.3436281102362205
21
0.2611751181102362
0
LINE
8
BLACK
6
CONTINUOUS
10
0.3436281102362205
20
0.2611751181102362
11
0.3434323622047244
21
0.2613448818897638
0
LINE
8
BLACK
6
CONTINUOUS
10
0.3434323622047244
20
0.2613448818897638
11
0.3424949606299212
21
0.2632196456692913
0
LINE
8
BLACK
6
CONTINUOUS
10
0.3424949606299212
20
0.2632196456692913
11
0.3424689763779528
21
0.2635853149606299
0
LINE
8
BLACK
6
CONTINUOUS
10
0.3424689763779528
20
0.2635853149606299
11
0.3423287007874016
21
0.263923937007874
0
LINE
8
BLACK
6
CONTINUOUS
10
0.3423287007874016
20
0.263923937007874
11
0.3423287007874016
21
0.2714229921259843
0
LINE
8
BLACK
6
CONTINUOUS
10
0.3423287007874016
20
0.2714229921259843
11
0.3427899606299212
21
0.2725365354330709
0
LINE
8
BLACK
6
CONTINUOUS
10
0.3427899606299212
20
0.2725365354330709
11
0.3439035039370079
21
0.2729977952755905
0
LINE
8
BLACK
6
CONTINUOUS
10
0.3439035039370079
20
0.2729977952755905
11
0.3635885433070866
21
0.2729977952755905
0
LINE
8
BLACK
6
CONTINUOUS
10
0.3635885433070866
20
0.2729977952755905
11
0.3647020866141732
21
0.2725365354330709
0
LINE
8
BLACK
6
CONTINUOUS
10
0.3454783070866141
20
0.2642957480314961
11
0.3461351574803149
21
0.2629820472440945
0
LINE
8
BLACK
6
CONTINUOUS
10
0.3461351574803149
20
0.2629820472440945
11
0.3467111023622047
21
0.2624060236220472
0
LINE
8
BLACK
6
CONTINUOUS
10
0.3467111023622047
20
0.2624060236220472
11
0.3480247637795276
21
0.2617492125984252
0
LINE
8
BLACK
6
CONTINUOUS
10
0.3480247637795276
20
0.2617492125984252
11
0.3500934645669291
21
0.2617492125984252
0
LINE
8
BLACK
6
CONTINUOUS
10
0.3500934645669291
20
0.2617492125984252
11
0.3514070472440945
21
0.2624060236220472
0
LINE
8
BLACK
6
CONTINUOUS
10
0.3514070472440945
20
0.2624060236220472
11
0.351983031496063
21
0.2629820472440945
0
LINE
8
BLACK
6
CONTINUOUS
10
0.351983031496063
20
0.2629820472440945
11
0.3526399212598425
21
0.2642957480314961
0
LINE
8
BLACK
6
CONTINUOUS
10
0.3526399212598425
20
0.2642957480314961
11
0.3526399212598425
21
0.269848188976378
0
LINE
8
BLACK
6
CONTINUOUS
10
0.3526399212598425
20
0.269848188976378
11
0.3454783070866141
21
0.269848188976378
0
LINE
8
BLACK
6
CONTINUOUS
10
0.3454783070866141
20
0.269848188976378
11
0.3454783070866141
21
0.2642957480314961
0
LINE
8
BLACK
6
CONTINUOUS
10
0.379251968503937
20
0.298232125984252
11
0.3806438976377953
21
0.2976555511811024
0
LINE
8
BLACK
6
CONTINUOUS
10
0.3806438976377953
20
0.2976555511811024
11
0.3812204724409449
21
0.2962636220472441
0
LINE
8
BLACK
6
CONTINUOUS
10
0.3812204724409449
20
0.2962636220472441
11
0.3812204724409449
21
0.2175234645669291
0
LINE
8
BLACK
6
CONTINUOUS
10
0.3812204724409449
20
0.2175234645669291
11
0.3806438976377953
21
0.2161315354330709
0
LINE
8
BLACK
6
CONTINUOUS
10
0.3806438976377953
20
0.2161315354330709
11
0.379251968503937
21
0.2155549606299212
0
LINE
8
BLACK
6
CONTINUOUS
10
0.379251968503937
20
0.2155549606299212
11
0.3300393700787401
21
0.2155549606299212
0
LINE
8
BLACK
6
CONTINUOUS
10
0.3300393700787401
20
0.2155549606299212
11
0.3286474409448819
21
0.2161315354330709
0
LINE
8
BLACK
6
CONTINUOUS
10
0.3286474409448819
20
0.2161315354330709
11
0.3280708661417323
21
0.2175234645669291
0
LINE
8
BLACK
6
CONTINUOUS
10
0.3280708661417323
20
0.2175234645669291
11
0.3280708661417323
21
0.2962636220472441
0
LINE
8
BLACK
6
CONTINUOUS
10
0.3280708661417323
20
0.2962636220472441
11
0.3286474409448819
21
0.2976555511811024
0
LINE
8
BLACK
6
CONTINUOUS
10
0.3286474409448819
20
0.2976555511811024
11
0.3300393700787401
21
0.298232125984252
0
LINE
8
BLACK
6
CONTINUOUS
10
0.3300393700787401
20
0.298232125984252
11
0.379251968503937
21
0.298232125984252
0
LINE
8
BLACK
6
CONTINUOUS
10
0.3320078740157481
20
0.2942951181102362
11
0.3320078740157481
21
0.219491968503937
0
LINE
8
BLACK
6
CONTINUOUS
10
0.3320078740157481
20
0.219491968503937
11
0.3772834645669291
21
0.219491968503937
0
LINE
8
BLACK
6
CONTINUOUS
10
0.3772834645669291
20
0.219491968503937
11
0.3772834645669291
21
0.2942951181102362
0
LINE
8
BLACK
6
CONTINUOUS
10
0.3772834645669291
20
0.2942951181102362
11
0.3320078740157481
21
0.2942951181102362
0
LINE
8
BLACK
6
CONTINUOUS
10
0.2753204724409449
20
0.2551040551181102
11
0.2756664173228346
21
0.2542688976377953
0
LINE
8
BLACK
6
CONTINUOUS
10
0.2756664173228346
20
0.2542688976377953
11
0.2756664173228346
21
0.2445201181102362
0
LINE
8
BLACK
6
CONTINUOUS
10
0.2756664173228346
20
0.2445201181102362
11
0.2753204724409449
21
0.2436849606299213
0
LINE
8
BLACK
6
CONTINUOUS
10
0.2753204724409449
20
0.2436849606299213
11
0.2744853149606299
21
0.2433390157480315
0
LINE
8
BLACK
6
CONTINUOUS
10
0.2744853149606299
20
0.2433390157480315
11
0.273650157480315
21
0.2436849606299213
0
LINE
8
BLACK
6
CONTINUOUS
10
0.273650157480315
20
0.2436849606299213
11
0.2733042125984252
21
0.2445201181102362
0
LINE
8
BLACK
6
CONTINUOUS
10
0.2733042125984252
20
0.2445201181102362
11
0.2733042125984252
21
0.2514174803149606
0
LINE
8
BLACK
6
CONTINUOUS
10
0.2733042125984252
20
0.2514174803149606
11
0.2663216141732284
21
0.244434842519685
0
LINE
8
BLACK
6
CONTINUOUS
10
0.2663216141732284
20
0.244434842519685
11
0.2660676771653543
21
0.2443296850393701
0
LINE
8
BLACK
6
CONTINUOUS
10
0.2660676771653543
20
0.2443296850393701
11
0.2658599606299212
21
0.2441494881889764
0
LINE
8
BLACK
6
CONTINUOUS
10
0.2658599606299212
20
0.2441494881889764
11
0.2636102362204724
21
0.2433996062992126
0
LINE
8
BLACK
6
CONTINUOUS
10
0.2636102362204724
20
0.2433996062992126
11
0.2634162992125984
21
0.2434134251968504
0
LINE
8
BLACK
6
CONTINUOUS
10
0.2634162992125984
20
0.2434134251968504
11
0.2632367322834646
21
0.2433390157480315
0
LINE
8
BLACK
6
CONTINUOUS
10
0.2632367322834646
20
0.2433390157480315
11
0.2617369291338583
21
0.2433390157480315
0
LINE
8
BLACK
6
CONTINUOUS
10
0.2617369291338583
20
0.2433390157480315
11
0.2614829133858267
21
0.2434442519685039
0
LINE
8
BLACK
6
CONTINUOUS
10
0.2614829133858267
20
0.2434442519685039
11
0.2612087401574803
21
0.2434637007874016
0
LINE
8
BLACK
6
CONTINUOUS
10
0.2612087401574803
20
0.2434637007874016
11
0.2597088976377953
21
0.2442135826771653
0
LINE
8
BLACK
6
CONTINUOUS
10
0.2597088976377953
20
0.2442135826771653
11
0.2595814960629921
21
0.2443605118110236
0
LINE
8
BLACK
6
CONTINUOUS
10
0.2595814960629921
20
0.2443605118110236
11
0.2594018897637795
21
0.2444348818897638
0
LINE
8
BLACK
6
CONTINUOUS
10
0.2594018897637795
20
0.2444348818897638
11
0.2586520078740158
21
0.2451847637795276
0
LINE
8
BLACK
6
CONTINUOUS
10
0.2586520078740158
20
0.2451847637795276
11
0.2585775984251968
21
0.2453643700787402
0
LINE
8
BLACK
6
CONTINUOUS
10
0.2585775984251968
20
0.2453643700787402
11
0.2584307874015748
21
0.2454916929133858
0
LINE
8
BLACK
6
CONTINUOUS
10
0.2584307874015748
20
0.2454916929133858
11
0.2576808661417323
21
0.2469914960629921
0
LINE
8
BLACK
6
CONTINUOUS
10
0.2576808661417323
20
0.2469914960629921
11
0.2576613779527559
21
0.2472657874015748
0
LINE
8
BLACK
6
CONTINUOUS
10
0.2576613779527559
20
0.2472657874015748
11
0.2575561811023622
21
0.2475197244094488
0
LINE
8
BLACK
6
CONTINUOUS
10
0.2575561811023622
20
0.2475197244094488
11
0.2575561811023622
21
0.2512692519685039
0
LINE
8
BLACK
6
CONTINUOUS
10
0.2575561811023622
20
0.2512692519685039
11
0.2576613779527559
21
0.2515232283464567
0
LINE
8
BLACK
6
CONTINUOUS
10
0.2576613779527559
20
0.2515232283464567
11
0.2576808661417323
21
0.2517974803149606
0
LINE
8
BLACK
6
CONTINUOUS
10
0.2576808661417323
20
0.2517974803149606
11
0.2584307874015748
21
0.2532972834645669
0
LINE
8
BLACK
6
CONTINUOUS
10
0.2584307874015748
20
0.2532972834645669
11
0.2585775984251968
21
0.2534246456692913
0
LINE
8
BLACK
6
CONTINUOUS
10
0.2585775984251968
20
0.2534246456692913
11
0.2586520078740158
21
0.2536042125984252
0
LINE
8
BLACK
6
CONTINUOUS
10
0.2586520078740158
20
0.2536042125984252
11
0.2594018897637795
21
0.254354094488189
0
LINE
8
BLACK
6
CONTINUOUS
10
0.2594018897637795
20
0.254354094488189
11
0.2602370472440945
21
0.2547000787401575
0
LINE
8
BLACK
6
CONTINUOUS
10
0.2602370472440945
20
0.2547000787401575
11
0.2610722047244095
21
0.2543541732283465
0
LINE
8
BLACK
6
CONTINUOUS
10
0.2610722047244095
20
0.2543541732283465
11
0.261418188976378
21
0.2535190157480315
0
LINE
8
BLACK
6
CONTINUOUS
10
0.261418188976378
20
0.2535190157480315
11
0.2610722834645669
21
0.2526838188976378
0
LINE
8
BLACK
6
CONTINUOUS
10
0.2610722834645669
20
0.2526838188976378
11
0.260457874015748
21
0.2520694094488189
0
LINE
8
BLACK
6
CONTINUOUS
10
0.260457874015748
20
0.2520694094488189
11
0.2599183858267716
21
0.2509903937007874
0
LINE
8
BLACK
6
CONTINUOUS
10
0.2599183858267716
20
0.2509903937007874
11
0.2599183858267716
21
0.2477985826771653
0
LINE
8
BLACK
6
CONTINUOUS
10
0.2599183858267716
20
0.2477985826771653
11
0.260457874015748
21
0.2467196062992126
0
LINE
8
BLACK
6
CONTINUOUS
10
0.260457874015748
20
0.2467196062992126
11
0.2609367716535433
21
0.2462407086614173
0
LINE
8
BLACK
6
CONTINUOUS
10
0.2609367716535433
20
0.2462407086614173
11
0.2620157480314961
21
0.2457012204724409
0
LINE
8
BLACK
6
CONTINUOUS
10
0.2620157480314961
20
0.2457012204724409
11
0.263045
21
0.2457012204724409
0
LINE
8
BLACK
6
CONTINUOUS
10
0.263045
20
0.2457012204724409
11
0.2648484645669291
21
0.2463023622047244
0
LINE
8
BLACK
6
CONTINUOUS
10
0.2648484645669291
20
0.2463023622047244
11
0.273650157480315
21
0.2551040551181102
0
LINE
8
BLACK
6
CONTINUOUS
10
0.273650157480315
20
0.2551040551181102
11
0.2744853149606299
21
0.25545
0
LINE
8
BLACK
6
CONTINUOUS
10
0.2744853149606299
20
0.25545
11
0.2753204724409449
21
0.2551040551181102
0
LINE
8
BLACK
6
CONTINUOUS
10
0.2678745275590551
20
0.2703908267716535
11
0.2680226377952756
21
0.2704128346456693
0
LINE
8
BLACK
6
CONTINUOUS
10
0.2680226377952756
20
0.2704128346456693
11
0.2710222440944882
21
0.2696629133858268
0
LINE
8
BLACK
6
CONTINUOUS
10
0.2710222440944882
20
0.2696629133858268
11
0.2711300787401575
21
0.269583031496063
0
LINE
8
BLACK
6
CONTINUOUS
10
0.2711300787401575
20
0.269583031496063
11
0.2712639763779527
21
0.2695735039370079
0
LINE
8
BLACK
6
CONTINUOUS
10
0.2712639763779527
20
0.2695735039370079
11
0.272763779527559
21
0.2688236220472441
0
LINE
8
BLACK
6
CONTINUOUS
10
0.272763779527559
20
0.2688236220472441
11
0.2728911417322835
21
0.2686767716535433
0
LINE
8
BLACK
6
CONTINUOUS
10
0.2728911417322835
20
0.2686767716535433
11
0.2730707480314961
21
0.2686023622047244
0
LINE
8
BLACK
6
CONTINUOUS
10
0.2730707480314961
20
0.2686023622047244
11
0.2745705905511811
21
0.2671025984251968
0
LINE
8
BLACK
6
CONTINUOUS
10
0.2745705905511811
20
0.2671025984251968
11
0.2746757874015748
21
0.2668486220472441
0
LINE
8
BLACK
6
CONTINUOUS
10
0.2746757874015748
20
0.2668486220472441
11
0.2748559448818897
21
0.266640905511811
0
LINE
8
BLACK
6
CONTINUOUS
10
0.2748559448818897
20
0.266640905511811
11
0.2756058267716535
21
0.2643911417322835
0
LINE
8
BLACK
6
CONTINUOUS
10
0.2756058267716535
20
0.2643911417322835
11
0.2755920078740157
21
0.2641972834645669
0
LINE
8
BLACK
6
CONTINUOUS
10
0.2755920078740157
20
0.2641972834645669
11
0.2756664173228346
21
0.2640176771653543
0
LINE
8
BLACK
6
CONTINUOUS
10
0.2756664173228346
20
0.2640176771653543
11
0.2756664173228346
21
0.2625178346456693
0
LINE
8
BLACK
6
CONTINUOUS
10
0.2756664173228346
20
0.2625178346456693
11
0.2755920078740157
21
0.2623383070866142
0
LINE
8
BLACK
6
CONTINUOUS
10
0.2755920078740157
20
0.2623383070866142
11
0.2756058267716535
21
0.2621443307086614
0
LINE
8
BLACK
6
CONTINUOUS
10
0.2756058267716535
20
0.2621443307086614
11
0.2748559448818897
21
0.2598946456692913
0
LINE
8
BLACK
6
CONTINUOUS
10
0.2748559448818897
20
0.2598946456692913
11
0.2746757480314961
21
0.259686968503937
0
LINE
8
BLACK
6
CONTINUOUS
10
0.2746757480314961
20
0.259686968503937
11
0.2745705905511811
21
0.2594329921259843
0
LINE
8
BLACK
6
CONTINUOUS
10
0.2745705905511811
20
0.2594329921259843
11
0.2738206692913386
21
0.2586830708661417
0
LINE
8
BLACK
6
CONTINUOUS
10
0.2738206692913386
20
0.2586830708661417
11
0.2729855118110236
21
0.258337125984252
0
LINE
8
BLACK
6
CONTINUOUS
10
0.2729855118110236
20
0.258337125984252
11
0.2721503543307087
21
0.2586830708661417
0
LINE
8
BLACK
6
CONTINUOUS
10
0.2721503543307087
20
0.2586830708661417
11
0.2718044094488189
21
0.2595182283464567
0
LINE
8
BLACK
6
CONTINUOUS
10
0.2718044094488189
20
0.2595182283464567
11
0.2721503543307087
21
0.2603533858267716
0
LINE
8
BLACK
6
CONTINUOUS
10
0.2721503543307087
20
0.2603533858267716
11
0.272703031496063
21
0.2609061023622047
0
LINE
8
BLACK
6
CONTINUOUS
10
0.272703031496063
20
0.2609061023622047
11
0.2733042125984252
21
0.2627095669291338
0
LINE
8
BLACK
6
CONTINUOUS
10
0.2733042125984252
20
0.2627095669291338
11
0.2733042125984252
21
0.2638259842519685
0
LINE
8
BLACK
6
CONTINUOUS
10
0.2733042125984252
20
0.2638259842519685
11
0.272703031496063
21
0.2656294488188976
0
LINE
8
BLACK
6
CONTINUOUS
10
0.272703031496063
20
0.2656294488188976
11
0.2715359842519685
21
0.2667964960629921
0
LINE
8
BLACK
6
CONTINUOUS
10
0.2715359842519685
20
0.2667964960629921
11
0.2703235039370079
21
0.2674027559055118
0
LINE
8
BLACK
6
CONTINUOUS
10
0.2703235039370079
20
0.2674027559055118
11
0.2675908267716535
21
0.268085905511811
0
LINE
8
BLACK
6
CONTINUOUS
10
0.2675908267716535
20
0.268085905511811
11
0.265631811023622
21
0.268085905511811
0
LINE
8
BLACK
6
CONTINUOUS
10
0.265631811023622
20
0.268085905511811
11
0.2628990551181102
21
0.2674027165354331
0
LINE
8
BLACK
6
CONTINUOUS
10
0.2628990551181102
20
0.2674027165354331
11
0.2616866535433071
21
0.2667965354330709
0
LINE
8
BLACK
6
CONTINUOUS
10
0.2616866535433071
20
0.2667965354330709
11
0.2605194881889764
21
0.2656294094488189
0
LINE
8
BLACK
6
CONTINUOUS
10
0.2605194881889764
20
0.2656294094488189
11
0.2599183858267716
21
0.263826062992126
0
LINE
8
BLACK
6
CONTINUOUS
10
0.2599183858267716
20
0.263826062992126
11
0.2599183858267716
21
0.2627094881889764
0
LINE
8
BLACK
6
CONTINUOUS
10
0.2599183858267716
20
0.2627094881889764
11
0.2605194881889764
21
0.2609062204724409
0
LINE
8
BLACK
6
CONTINUOUS
10
0.2605194881889764
20
0.2609062204724409
11
0.2610722834645669
21
0.2603533858267716
0
LINE
8
BLACK
6
CONTINUOUS
10
0.2610722834645669
20
0.2603533858267716
11
0.261418188976378
21
0.259518188976378
0
LINE
8
BLACK
6
CONTINUOUS
10
0.261418188976378
20
0.259518188976378
11
0.2610722047244095
21
0.258683031496063
0
LINE
8
BLACK
6
CONTINUOUS
10
0.2610722047244095
20
0.258683031496063
11
0.2602370472440945
21
0.258337125984252
0
LINE
8
BLACK
6
CONTINUOUS
10
0.2602370472440945
20
0.258337125984252
11
0.2594018897637795
21
0.2586831102362205
0
LINE
8
BLACK
6
CONTINUOUS
10
0.2594018897637795
20
0.2586831102362205
11
0.2586520078740158
21
0.2594329921259843
0
LINE
8
BLACK
6
CONTINUOUS
10
0.2586520078740158
20
0.2594329921259843
11
0.2585467716535433
21
0.2596870472440945
0
LINE
8
BLACK
6
CONTINUOUS
10
0.2585467716535433
20
0.2596870472440945
11
0.2583667322834646
21
0.2598946456692913
0
LINE
8
BLACK
6
CONTINUOUS
10
0.2583667322834646
20
0.2598946456692913
11
0.257616811023622
21
0.2621443307086614
0
LINE
8
BLACK
6
CONTINUOUS
10
0.257616811023622
20
0.2621443307086614
11
0.2576305511811023
21
0.2623382283464567
0
LINE
8
BLACK
6
CONTINUOUS
10
0.2576305511811023
20
0.2623382283464567
11
0.2575561811023622
21
0.2625178346456693
0
LINE
8
BLACK
6
CONTINUOUS
10
0.2575561811023622
20
0.2625178346456693
11
0.2575561811023622
21
0.2640176771653543
0
LINE
8
BLACK
6
CONTINUOUS
10
0.2575561811023622
20
0.2640176771653543
11
0.2576305511811023
21
0.2641973228346456
0
LINE
8
BLACK
6
CONTINUOUS
10
0.2576305511811023
20
0.2641973228346456
11
0.257616811023622
21
0.2643911811023622
0
LINE
8
BLACK
6
CONTINUOUS
10
0.257616811023622
20
0.2643911811023622
11
0.2583667322834646
21
0.266640905511811
0
LINE
8
BLACK
6
CONTINUOUS
10
0.2583667322834646
20
0.266640905511811
11
0.258546811023622
21
0.2668485826771653
0
LINE
8
BLACK
6
CONTINUOUS
10
0.258546811023622
20
0.2668485826771653
11
0.2586520472440945
21
0.2671025590551181
0
LINE
8
BLACK
6
CONTINUOUS
10
0.2586520472440945
20
0.2671025590551181
11
0.2601518110236221
21
0.2686023622047244
0
LINE
8
BLACK
6
CONTINUOUS
10
0.2601518110236221
20
0.2686023622047244
11
0.2603314173228347
21
0.2686767716535433
0
LINE
8
BLACK
6
CONTINUOUS
10
0.2603314173228347
20
0.2686767716535433
11
0.2604588188976378
21
0.2688236220472441
0
LINE
8
BLACK
6
CONTINUOUS
10
0.2604588188976378
20
0.2688236220472441
11
0.2619586220472441
21
0.2695735039370079
0
LINE
8
BLACK
6
CONTINUOUS
10
0.2619586220472441
20
0.2695735039370079
11
0.2620924803149606
21
0.269583031496063
0
LINE
8
BLACK
6
CONTINUOUS
10
0.2620924803149606
20
0.269583031496063
11
0.2622003543307087
21
0.2696629133858268
0
LINE
8
BLACK
6
CONTINUOUS
10
0.2622003543307087
20
0.2696629133858268
11
0.2652
21
0.2704128346456693
0
LINE
8
BLACK
6
CONTINUOUS
10
0.2652
20
0.2704128346456693
11
0.2653480708661417
21
0.2703908267716535
0
LINE
8
BLACK
6
CONTINUOUS
10
0.2653480708661417
20
0.2703908267716535
11
0.2654864566929134
21
0.2704481102362205
0
LINE
8
BLACK
6
CONTINUOUS
10
0.2654864566929134
20
0.2704481102362205
11
0.2677361811023622
21
0.2704481102362205
0
LINE
8
BLACK
6
CONTINUOUS
10
0.2677361811023622
20
0.2704481102362205
11
0.2678745275590551
21
0.2703908267716535
0
LINE
8
BLACK
6
CONTINUOUS
10
0.2830708661417323
20
0.2903581102362205
11
0.2844627952755905
21
0.2897815354330708
0
LINE
8
BLACK
6
CONTINUOUS
10
0.2844627952755905
20
0.2897815354330708
11
0.2850393700787401
21
0.2883896062992126
0
LINE
8
BLACK
6
CONTINUOUS
10
0.2850393700787401
20
0.2883896062992126
11
0.2850393700787401
21
0.2253974803149606
0
LINE
8
BLACK
6
CONTINUOUS
10
0.2850393700787401
20
0.2253974803149606
11
0.2844627952755905
21
0.2240055511811024
0
LINE
8
BLACK
6
CONTINUOUS
10
0.2844627952755905
20
0.2240055511811024
11
0.2830708661417323
21
0.2234289763779528
0
LINE
8
BLACK
6
CONTINUOUS
10
0.2830708661417323
20
0.2234289763779528
11
0.2515748031496063
21
0.2234289763779528
0
LINE
8
BLACK
6
CONTINUOUS
10
0.2515748031496063
20
0.2234289763779528
11
0.250182874015748
21
0.2240055511811024
0
LINE
8
BLACK
6
CONTINUOUS
10
0.250182874015748
20
0.2240055511811024
11
0.2496062992125984
21
0.2253974803149606
0
LINE
8
BLACK
6
CONTINUOUS
10
0.2496062992125984
20
0.2253974803149606
11
0.2496062992125984
21
0.2883896062992126
0
LINE
8
BLACK
6
CONTINUOUS
10
0.2496062992125984
20
0.2883896062992126
11
0.250182874015748
21
0.2897815354330708
0
LINE
8
BLACK
6
CONTINUOUS
10
0.250182874015748
20
0.2897815354330708
11
0.2515748031496063
21
0.2903581102362205
0
LINE
8
BLACK
6
CONTINUOUS
10
0.2515748031496063
20
0.2903581102362205
11
0.2830708661417323
21
0.2903581102362205
0
LINE
8
BLACK
6
CONTINUOUS
10
0.2535433070866142
20
0.2864211023622047
11
0.2535433070866142
21
0.2273659842519685
0
LINE
8
BLACK
6
CONTINUOUS
10
0.2535433070866142
20
0.2273659842519685
11
0.2811023622047244
21
0.2273659842519685
0
LINE
8
BLACK
6
CONTINUOUS
10
0.2811023622047244
20
0.2273659842519685
11
0.2811023622047244
21
0.2864211023622047
0
LINE
8
BLACK
6
CONTINUOUS
10
0.2811023622047244
20
0.2864211023622047
11
0.2535433070866142
21
0.2864211023622047
0
LINE
8
BLACK
6
CONTINUOUS
10
0.5223845669291338
20
0.260975157480315
11
0.5224640551181102
21
0.2609908661417323
0
LINE
8
BLACK
6
CONTINUOUS
10
0.5224640551181102
20
0.2609908661417323
11
0.5226544881889764
21
0.2608633464566929
0
LINE
8
BLACK
6
CONTINUOUS
10
0.5226544881889764
20
0.2608633464566929
11
0.5228664173228347
21
0.2607755511811023
0
LINE
8
BLACK
6
CONTINUOUS
10
0.5228664173228347
20
0.2607755511811023
11
0.5228974015748031
21
0.2607006692913386
0
LINE
8
BLACK
6
CONTINUOUS
10
0.5228974015748031
20
0.2607006692913386
11
0.5229648031496062
21
0.2606555511811023
0
LINE
8
BLACK
6
CONTINUOUS
10
0.5229648031496062
20
0.2606555511811023
11
0.5236713779527559
21
0.2595956692913386
0
LINE
8
BLACK
6
CONTINUOUS
10
0.5236713779527559
20
0.2595956692913386
11
0.5242759448818898
21
0.2589911417322834
0
LINE
8
BLACK
6
CONTINUOUS
10
0.5242759448818898
20
0.2589911417322834
11
0.5249114960629921
21
0.2586733464566929
0
LINE
8
BLACK
6
CONTINUOUS
10
0.5249114960629921
20
0.2586733464566929
11
0.5253063385826772
21
0.258218031496063
0
LINE
8
BLACK
6
CONTINUOUS
10
0.5253063385826772
20
0.258218031496063
11
0.5252636220472441
21
0.2576169291338583
0
LINE
8
BLACK
6
CONTINUOUS
10
0.5252636220472441
20
0.2576169291338583
11
0.5248083464566929
21
0.2572220866141732
0
LINE
8
BLACK
6
CONTINUOUS
10
0.5248083464566929
20
0.2572220866141732
11
0.5242072047244094
21
0.2572648031496063
0
LINE
8
BLACK
6
CONTINUOUS
10
0.5242072047244094
20
0.2572648031496063
11
0.5234573228346456
21
0.2576397637795276
0
LINE
8
BLACK
6
CONTINUOUS
10
0.5234573228346456
20
0.2576397637795276
11
0.5233724015748031
21
0.2577376771653543
0
LINE
8
BLACK
6
CONTINUOUS
10
0.5233724015748031
20
0.2577376771653543
11
0.523252716535433
21
0.2577872440944882
0
LINE
8
BLACK
6
CONTINUOUS
10
0.523252716535433
20
0.2577872440944882
11
0.5230970472440944
21
0.2579429133858268
0
LINE
8
BLACK
6
CONTINUOUS
10
0.5230970472440944
20
0.2579429133858268
11
0.5230970472440944
21
0.2531321653543307
0
LINE
8
BLACK
6
CONTINUOUS
10
0.5230970472440944
20
0.2531321653543307
11
0.5245593700787401
21
0.2531321653543307
0
LINE
8
BLACK
6
CONTINUOUS
10
0.5245593700787401
20
0.2531321653543307
11
0.5251161417322835
21
0.2529015354330709
0
LINE
8
BLACK
6
CONTINUOUS
10
0.5251161417322835
20
0.2529015354330709
11
0.5253467716535433
21
0.2523447637795275
0
LINE
8
BLACK
6
CONTINUOUS
10
0.5253467716535433
20
0.2523447637795275
11
0.5251161417322835
21
0.2517879921259842
0
LINE
8
BLACK
6
CONTINUOUS
10
0.5251161417322835
20
0.2517879921259842
11
0.5245593700787401
21
0.2515573622047244
0
LINE
8
BLACK
6
CONTINUOUS
10
0.5245593700787401
20
0.2515573622047244
11
0.5223096456692913
21
0.2515573622047244
0
LINE
8
BLACK
6
CONTINUOUS
10
0.5223096456692913
20
0.2515573622047244
11
0.5200599606299212
21
0.2515573622047244
0
LINE
8
BLACK
6
CONTINUOUS
10
0.5200599606299212
20
0.2515573622047244
11
0.5195031889763779
21
0.2517879921259842
0
LINE
8
BLACK
6
CONTINUOUS
10
0.5195031889763779
20
0.2517879921259842
11
0.519272559055118
21
0.2523447637795275
0
LINE
8
BLACK
6
CONTINUOUS
10
0.519272559055118
20
0.2523447637795275
11
0.5195031889763779
21
0.2529015354330709
0
LINE
8
BLACK
6
CONTINUOUS
10
0.5195031889763779
20
0.2529015354330709
11
0.5200599606299212
21
0.2531321653543307
0
LINE
8
BLACK
6
CONTINUOUS
10
0.5200599606299212
20
0.2531321653543307
11
0.5215222440944882
21
0.2531321653543307
0
LINE
8
BLACK
6
CONTINUOUS
10
0.5215222440944882
20
0.2531321653543307
11
0.5215222440944882
21
0.2602187795275591
0
LINE
8
BLACK
6
CONTINUOUS
10
0.5215222440944882
20
0.2602187795275591
11
0.5215532677165354
21
0.2602937401574803
0
LINE
8
BLACK
6
CONTINUOUS
10
0.5215532677165354
20
0.2602937401574803
11
0.5215375590551181
21
0.260373188976378
0
LINE
8
BLACK
6
CONTINUOUS
10
0.5215375590551181
20
0.260373188976378
11
0.5216650787401574
21
0.2605636614173228
0
LINE
8
BLACK
6
CONTINUOUS
10
0.5216650787401574
20
0.2605636614173228
11
0.521752874015748
21
0.2607755511811023
0
LINE
8
BLACK
6
CONTINUOUS
10
0.521752874015748
20
0.2607755511811023
11
0.5218277559055118
21
0.2608065748031496
0
LINE
8
BLACK
6
CONTINUOUS
10
0.5218277559055118
20
0.2608065748031496
11
0.521872874015748
21
0.260873937007874
0
LINE
8
BLACK
6
CONTINUOUS
10
0.521872874015748
20
0.260873937007874
11
0.5220977559055118
21
0.2609184251968504
0
LINE
8
BLACK
6
CONTINUOUS
10
0.5220977559055118
20
0.2609184251968504
11
0.5223096456692913
21
0.2610061811023622
0
LINE
8
BLACK
6
CONTINUOUS
10
0.5223096456692913
20
0.2610061811023622
11
0.5223845669291338
21
0.260975157480315
0
LINE
8
BLACK
6
CONTINUOUS
10
0.5326151968503937
20
0.2607755511811023
11
0.5328458267716535
21
0.2602187795275591
0
LINE
8
BLACK
6
CONTINUOUS
10
0.5328458267716535
20
0.2602187795275591
11
0.5328458267716535
21
0.2523447637795275
0
LINE
8
BLACK
6
CONTINUOUS
10
0.5328458267716535
20
0.2523447637795275
11
0.5326151968503937
21
0.2517879921259842
0
LINE
8
BLACK
6
CONTINUOUS
10
0.5326151968503937
20
0.2517879921259842
11
0.5320584251968504
21
0.2515573622047244
0
LINE
8
BLACK
6
CONTINUOUS
10
0.5320584251968504
20
0.2515573622047244
11
0.5301836614173229
21
0.2515573622047244
0
LINE
8
BLACK
6
CONTINUOUS
10
0.5301836614173229
20
0.2515573622047244
11
0.530063937007874
21
0.251606968503937
0
LINE
8
BLACK
6
CONTINUOUS
10
0.530063937007874
20
0.251606968503937
11
0.52993468503937
21
0.2515977559055118
0
LINE
8
BLACK
6
CONTINUOUS
10
0.52993468503937
20
0.2515977559055118
11
0.528809842519685
21
0.2519726771653543
0
LINE
8
BLACK
6
CONTINUOUS
10
0.528809842519685
20
0.2519726771653543
11
0.5286713385826771
21
0.2520927952755905
0
LINE
8
BLACK
6
CONTINUOUS
10
0.5286713385826771
20
0.2520927952755905
11
0.5285020472440944
21
0.2521629133858267
0
LINE
8
BLACK
6
CONTINUOUS
10
0.5285020472440944
20
0.2521629133858267
11
0.5277521259842519
21
0.2529128346456693
0
LINE
8
BLACK
6
CONTINUOUS
10
0.5277521259842519
20
0.2529128346456693
11
0.5277025196850393
21
0.2530325590551181
0
LINE
8
BLACK
6
CONTINUOUS
10
0.5277025196850393
20
0.2530325590551181
11
0.5276046062992126
21
0.2531174803149606
0
LINE
8
BLACK
6
CONTINUOUS
10
0.5276046062992126
20
0.2531174803149606
11
0.5272296850393701
21
0.2538674015748031
0
LINE
8
BLACK
6
CONTINUOUS
10
0.5272296850393701
20
0.2538674015748031
11
0.5272233070866141
21
0.2539566929133858
0
LINE
8
BLACK
6
CONTINUOUS
10
0.5272233070866141
20
0.2539566929133858
11
0.5271700787401574
21
0.2540285826771653
0
LINE
8
BLACK
6
CONTINUOUS
10
0.5271700787401574
20
0.2540285826771653
11
0.5267951181102362
21
0.2555283464566929
0
LINE
8
BLACK
6
CONTINUOUS
10
0.5267951181102362
20
0.2555283464566929
11
0.5268098031496062
21
0.255627125984252
0
LINE
8
BLACK
6
CONTINUOUS
10
0.5268098031496062
20
0.255627125984252
11
0.5267716141732284
21
0.2557193307086614
0
LINE
8
BLACK
6
CONTINUOUS
10
0.5267716141732284
20
0.2557193307086614
11
0.5267716141732284
21
0.2568441732283465
0
LINE
8
BLACK
6
CONTINUOUS
10
0.5267716141732284
20
0.2568441732283465
11
0.5268098031496062
21
0.2569364173228346
0
LINE
8
BLACK
6
CONTINUOUS
10
0.5268098031496062
20
0.2569364173228346
11
0.5267951181102362
21
0.257035157480315
0
LINE
8
BLACK
6
CONTINUOUS
10
0.5267951181102362
20
0.257035157480315
11
0.5271700787401574
21
0.2585349606299213
0
LINE
8
BLACK
6
CONTINUOUS
10
0.5271700787401574
20
0.2585349606299213
11
0.5272233070866141
21
0.2586068897637795
0
LINE
8
BLACK
6
CONTINUOUS
10
0.5272233070866141
20
0.2586068897637795
11
0.5272296850393701
21
0.2586961417322834
0
LINE
8
BLACK
6
CONTINUOUS
10
0.5272296850393701
20
0.2586961417322834
11
0.5276046062992126
21
0.2594460236220472
0
LINE
8
BLACK
6
CONTINUOUS
10
0.5276046062992126
20
0.2594460236220472
11
0.5277025196850393
21
0.2595309842519685
0
LINE
8
BLACK
6
CONTINUOUS
10
0.5277025196850393
20
0.2595309842519685
11
0.5277521259842519
21
0.2596506692913386
0
LINE
8
BLACK
6
CONTINUOUS
10
0.5277521259842519
20
0.2596506692913386
11
0.5285020472440944
21
0.2604005905511811
0
LINE
8
BLACK
6
CONTINUOUS
10
0.5285020472440944
20
0.2604005905511811
11
0.5286712992125984
21
0.2604707480314961
0
LINE
8
BLACK
6
CONTINUOUS
10
0.5286712992125984
20
0.2604707480314961
11
0.5288098031496062
21
0.2605908267716535
0
LINE
8
BLACK
6
CONTINUOUS
10
0.5288098031496062
20
0.2605908267716535
11
0.52993468503937
21
0.2609657874015748
0
LINE
8
BLACK
6
CONTINUOUS
10
0.52993468503937
20
0.2609657874015748
11
0.530063937007874
21
0.2609566141732284
0
LINE
8
BLACK
6
CONTINUOUS
10
0.530063937007874
20
0.2609566141732284
11
0.5301836614173229
21
0.2610061811023622
0
LINE
8
BLACK
6
CONTINUOUS
10
0.5301836614173229
20
0.2610061811023622
11
0.5320584251968504
21
0.2610061811023622
0
LINE
8
BLACK
6
CONTINUOUS
10
0.5320584251968504
20
0.2610061811023622
11
0.5326151968503937
21
0.2607755511811023
0
LINE
8
BLACK
6
CONTINUOUS
10
0.529484094488189
20
0.2591555905511811
11
0.5289560629921259
21
0.2586275590551181
0
LINE
8
BLACK
6
CONTINUOUS
10
0.5289560629921259
20
0.2586275590551181
11
0.5286768897637795
21
0.2580692125984252
0
LINE
8
BLACK
6
CONTINUOUS
10
0.5286768897637795
20
0.2580692125984252
11
0.5283464173228346
21
0.2567472047244094
0
LINE
8
BLACK
6
CONTINUOUS
10
0.5283464173228346
20
0.2567472047244094
11
0.5283464173228346
21
0.2558163385826772
0
LINE
8
BLACK
6
CONTINUOUS
10
0.5283464173228346
20
0.2558163385826772
11
0.5286768897637795
21
0.2544943700787402
0
LINE
8
BLACK
6
CONTINUOUS
10
0.5286768897637795
20
0.2544943700787402
11
0.5289560236220472
21
0.2539360236220473
0
LINE
8
BLACK
6
CONTINUOUS
10
0.5289560236220472
20
0.2539360236220473
11
0.529484094488189
21
0.2534079527559055
0
LINE
8
BLACK
6
CONTINUOUS
10
0.529484094488189
20
0.2534079527559055
11
0.5303114566929134
21
0.2531321653543307
0
LINE
8
BLACK
6
CONTINUOUS
10
0.5303114566929134
20
0.2531321653543307
11
0.5312710236220473
21
0.2531321653543307
0
LINE
8
BLACK
6
CONTINUOUS
10
0.5312710236220473
20
0.2531321653543307
11
0.5312710236220473
21
0.2594313779527559
0
LINE
8
BLACK
6
CONTINUOUS
10
0.5312710236220473
20
0.2594313779527559
11
0.5303113779527558
21
0.2594313779527559
0
LINE
8
BLACK
6
CONTINUOUS
10
0.5303113779527558
20
0.2594313779527559
11
0.529484094488189
21
0.2591555905511811
0
LINE
8
BLACK
6
CONTINUOUS
10
0.5363647244094488
20
0.2607755511811023
11
0.5365953543307086
21
0.2602187795275591
0
LINE
8
BLACK
6
CONTINUOUS
10
0.5365953543307086
20
0.2602187795275591
11
0.5365953543307086
21
0.2523447637795275
0
LINE
8
BLACK
6
CONTINUOUS
10
0.5365953543307086
20
0.2523447637795275
11
0.5363647244094488
21
0.2517879921259842
0
LINE
8
BLACK
6
CONTINUOUS
10
0.5363647244094488
20
0.2517879921259842
11
0.5358079527559055
21
0.2515573622047244
0
LINE
8
BLACK
6
CONTINUOUS
10
0.5358079527559055
20
0.2515573622047244
11
0.5352511811023621
21
0.2517879921259842
0
LINE
8
BLACK
6
CONTINUOUS
10
0.5352511811023621
20
0.2517879921259842
11
0.5350205511811024
21
0.2523447637795275
0
LINE
8
BLACK
6
CONTINUOUS
10
0.5350205511811024
20
0.2523447637795275
11
0.5350205511811024
21
0.2602187795275591
0
LINE
8
BLACK
6
CONTINUOUS
10
0.5350205511811024
20
0.2602187795275591
11
0.5352511811023621
21
0.2607755511811023
0
LINE
8
BLACK
6
CONTINUOUS
10
0.5352511811023621
20
0.2607755511811023
11
0.5358079527559055
21
0.2610061811023622
0
LINE
8
BLACK
6
CONTINUOUS
10
0.5358079527559055
20
0.2610061811023622
11
0.5363647244094488
21
0.2607755511811023
0
LINE
8
BLACK
6
CONTINUOUS
10
0.5431138976377953
20
0.2607755511811023
11
0.5433445275590552
21
0.2602187795275591
0
LINE
8
BLACK
6
CONTINUOUS
10
0.5433445275590552
20
0.2602187795275591
11
0.5433445275590552
21
0.2523447637795275
0
LINE
8
BLACK
6
CONTINUOUS
10
0.5433445275590552
20
0.2523447637795275
11
0.5431138976377953
21
0.2517879921259842
0
LINE
8
BLACK
6
CONTINUOUS
10
0.5431138976377953
20
0.2517879921259842
11
0.542557125984252
21
0.2515573622047244
0
LINE
8
BLACK
6
CONTINUOUS
10
0.542557125984252
20
0.2515573622047244
11
0.5420003543307087
21
0.2517879921259842
0
LINE
8
BLACK
6
CONTINUOUS
10
0.5420003543307087
20
0.2517879921259842
11
0.5417697244094488
21
0.2523447637795275
0
LINE
8
BLACK
6
CONTINUOUS
10
0.5417697244094488
20
0.2523447637795275
11
0.5417697244094488
21
0.2556818503937008
0
LINE
8
BLACK
6
CONTINUOUS
10
0.5417697244094488
20
0.2556818503937008
11
0.5399324803149607
21
0.2556818503937008
0
LINE
8
BLACK
6
CONTINUOUS
10
0.5399324803149607
20
0.2556818503937008
11
0.5393757086614173
21
0.2559124803149606
0
LINE
8
BLACK
6
CONTINUOUS
10
0.5393757086614173
20
0.2559124803149606
11
0.5391450787401575
21
0.256469251968504
0
LINE
8
BLACK
6
CONTINUOUS
10
0.5391450787401575
20
0.256469251968504
11
0.5393757086614173
21
0.2570260236220472
0
LINE
8
BLACK
6
CONTINUOUS
10
0.5393757086614173
20
0.2570260236220472
11
0.5399324803149607
21
0.2572566535433071
0
LINE
8
BLACK
6
CONTINUOUS
10
0.5399324803149607
20
0.2572566535433071
11
0.5417697244094488
21
0.2572566535433071
0
LINE
8
BLACK
6
CONTINUOUS
10
0.5417697244094488
20
0.2572566535433071
11
0.5417697244094488
21
0.2594313779527559
0
LINE
8
BLACK
6
CONTINUOUS
10
0.5417697244094488
20
0.2594313779527559
11
0.5388075984251969
21
0.2594313779527559
0
LINE
8
BLACK
6
CONTINUOUS
10
0.5388075984251969
20
0.2594313779527559
11
0.5382508267716535
21
0.2596620078740157
0
LINE
8
BLACK
6
CONTINUOUS
10
0.5382508267716535
20
0.2596620078740157
11
0.5380201968503937
21
0.2602187795275591
0
LINE
8
BLACK
6
CONTINUOUS
10
0.5380201968503937
20
0.2602187795275591
11
0.5382508267716535
21
0.2607755511811023
0
LINE
8
BLACK
6
CONTINUOUS
10
0.5382508267716535
20
0.2607755511811023
11
0.5388075984251969
21
0.2610061811023622
0
LINE
8
BLACK
6
CONTINUOUS
10
0.5388075984251969
20
0.2610061811023622
11
0.542557125984252
21
0.2610061811023622
0
LINE
8
BLACK
6
CONTINUOUS
10
0.542557125984252
20
0.2610061811023622
11
0.5431138976377953
21
0.2607755511811023
0
LINE
8
BLACK
6
CONTINUOUS
10
0.5385046062992126
20
0.2866118897637795
11
0.5451616929133858
21
0.2842824803149606
0
LINE
8
BLACK
6
CONTINUOUS
10
0.5451616929133858
20
0.2842824803149606
11
0.5511335433070866
21
0.2805301181102362
0
LINE
8
BLACK
6
CONTINUOUS
10
0.5511335433070866
20
0.2805301181102362
11
0.5561206692913385
21
0.2755429921259843
0
LINE
8
BLACK
6
CONTINUOUS
10
0.5561206692913385
20
0.2755429921259843
11
0.5598730314960629
21
0.2695711417322835
0
LINE
8
BLACK
6
CONTINUOUS
10
0.5598730314960629
20
0.2695711417322835
11
0.5622024409448819
21
0.2629140551181102
0
LINE
8
BLACK
6
CONTINUOUS
10
0.5622024409448819
20
0.2629140551181102
11
0.562992125984252
21
0.2559055118110236
0
LINE
8
BLACK
6
CONTINUOUS
10
0.562992125984252
20
0.2559055118110236
11
0.5622024409448819
21
0.248896968503937
0
LINE
8
BLACK
6
CONTINUOUS
10
0.5622024409448819
20
0.248896968503937
11
0.5598730314960629
21
0.2422398818897638
0
LINE
8
BLACK
6
CONTINUOUS
10
0.5598730314960629
20
0.2422398818897638
11
0.5561206692913385
21
0.236268031496063
0
LINE
8
BLACK
6
CONTINUOUS
10
0.5561206692913385
20
0.236268031496063
11
0.5511335433070866
21
0.231280905511811
0
LINE
8
BLACK
6
CONTINUOUS
10
0.5511335433070866
20
0.231280905511811
11
0.5451616929133858
21
0.2275285433070866
0
LINE
8
BLACK
6
CONTINUOUS
10
0.5451616929133858
20
0.2275285433070866
11
0.5385046062992126
21
0.2251991338582677
0
LINE
8
BLACK
6
CONTINUOUS
10
0.5385046062992126
20
0.2251991338582677
11
0.5314960629921259
21
0.2244094488188976
0
LINE
8
BLACK
6
CONTINUOUS
10
0.5314960629921259
20
0.2244094488188976
11
0.5244875196850394
21
0.2251991338582677
0
LINE
8
BLACK
6
CONTINUOUS
10
0.5244875196850394
20
0.2251991338582677
11
0.5178304330708662
21
0.2275285433070866
0
LINE
8
BLACK
6
CONTINUOUS
10
0.5178304330708662
20
0.2275285433070866
11
0.5118585826771653
21
0.231280905511811
0
LINE
8
BLACK
6
CONTINUOUS
10
0.5118585826771653
20
0.231280905511811
11
0.5068714566929133
21
0.236268031496063
0
LINE
8
BLACK
6
CONTINUOUS
10
0.5068714566929133
20
0.236268031496063
11
0.5031190944881889
21
0.2422398818897638
0
LINE
8
BLACK
6
CONTINUOUS
10
0.5031190944881889
20
0.2422398818897638
11
0.50078968503937
21
0.248896968503937
0
LINE
8
BLACK
6
CONTINUOUS
10
0.50078968503937
20
0.248896968503937
11
0.5
21
0.2559055118110236
0
LINE
8
BLACK
6
CONTINUOUS
10
0.5
20
0.2559055118110236
11
0.50078968503937
21
0.2629140551181102
0
LINE
8
BLACK
6
CONTINUOUS
10
0.50078968503937
20
0.2629140551181102
11
0.5031190944881889
21
0.2695711417322835
0
LINE
8
BLACK
6
CONTINUOUS
10
0.5031190944881889
20
0.2695711417322835
11
0.5068714566929133
21
0.2755429921259843
0
LINE
8
BLACK
6
CONTINUOUS
10
0.5068714566929133
20
0.2755429921259843
11
0.5118585826771653
21
0.2805301181102362
0
LINE
8
BLACK
6
CONTINUOUS
10
0.5118585826771653
20
0.2805301181102362
11
0.5178304330708662
21
0.2842824803149606
0
LINE
8
BLACK
6
CONTINUOUS
10
0.5178304330708662
20
0.2842824803149606
11
0.5244875196850394
21
0.2866118897637795
0
LINE
8
BLACK
6
CONTINUOUS
10
0.5244875196850394
20
0.2866118897637795
11
0.5314960629921259
21
0.2874015748031496
0
LINE
8
BLACK
6
CONTINUOUS
10
0.5314960629921259
20
0.2874015748031496
11
0.5385046062992126
21
0.2866118897637795
0
LINE
8
BLACK
6
CONTINUOUS
10
0.5045412992125984
20
0.2492617716535433
11
0.5069145275590551
21
0.2430041338582677
0
LINE
8
BLACK
6
CONTINUOUS
10
0.5069145275590551
20
0.2430041338582677
11
0.5107162992125984
21
0.2374962598425197
0
LINE
8
BLACK
6
CONTINUOUS
10
0.5107162992125984
20
0.2374962598425197
11
0.5157257480314961
21
0.2330582677165354
0
LINE
8
BLACK
6
CONTINUOUS
10
0.5157257480314961
20
0.2330582677165354
11
0.5216517322834645
21
0.2299481102362205
0
LINE
8
BLACK
6
CONTINUOUS
10
0.5216517322834645
20
0.2299481102362205
11
0.5281498031496062
21
0.2283464566929134
0
LINE
8
BLACK
6
CONTINUOUS
10
0.5281498031496062
20
0.2283464566929134
11
0.5348423228346456
21
0.2283464566929134
0
LINE
8
BLACK
6
CONTINUOUS
10
0.5348423228346456
20
0.2283464566929134
11
0.5413403937007873
21
0.2299481102362205
0
LINE
8
BLACK
6
CONTINUOUS
10
0.5413403937007873
20
0.2299481102362205
11
0.5472663779527559
21
0.2330582677165354
0
LINE
8
BLACK
6
CONTINUOUS
10
0.5472663779527559
20
0.2330582677165354
11
0.5522758267716535
21
0.2374962598425197
0
LINE
8
BLACK
6
CONTINUOUS
10
0.5522758267716535
20
0.2374962598425197
11
0.5560775984251969
21
0.2430041338582677
0
LINE
8
BLACK
6
CONTINUOUS
10
0.5560775984251969
20
0.2430041338582677
11
0.5584508267716536
21
0.2492617716535433
0
LINE
8
BLACK
6
CONTINUOUS
10
0.5584508267716536
20
0.2492617716535433
11
0.5592575196850393
21
0.2559055118110236
0
LINE
8
BLACK
6
CONTINUOUS
10
0.5592575196850393
20
0.2559055118110236
11
0.5584508267716536
21
0.2625492519685039
0
LINE
8
BLACK
6
CONTINUOUS
10
0.5584508267716536
20
0.2625492519685039
11
0.5560775984251969
21
0.2688068897637795
0
LINE
8
BLACK
6
CONTINUOUS
10
0.5560775984251969
20
0.2688068897637795
11
0.5522758267716535
21
0.2743147637795276
0
LINE
8
BLACK
6
CONTINUOUS
10
0.5522758267716535
20
0.2743147637795276
11
0.5472663779527559
21
0.2787527559055118
0
LINE
8
BLACK
6
CONTINUOUS
10
0.5472663779527559
20
0.2787527559055118
11
0.5413403937007873
21
0.2818629133858268
0
LINE
8
BLACK
6
CONTINUOUS
10
0.5413403937007873
20
0.2818629133858268
11
0.5348423228346456
21
0.2834645669291339
0
LINE
8
BLACK
6
CONTINUOUS
10
0.5348423228346456
20
0.2834645669291339
11
0.5281498031496062
21
0.2834645669291339
0
LINE
8
BLACK
6
CONTINUOUS
10
0.5281498031496062
20
0.2834645669291339
11
0.5216517322834645
21
0.2818629133858268
0
LINE
8
BLACK
6
CONTINUOUS
10
0.5216517322834645
20
0.2818629133858268
11
0.5157257480314961
21
0.2787527559055118
0
LINE
8
BLACK
6
CONTINUOUS
10
0.5157257480314961
20
0.2787527559055118
11
0.5107162992125984
21
0.2743147637795276
0
LINE
8
BLACK
6
CONTINUOUS
10
0.5107162992125984
20
0.2743147637795276
11
0.5069145275590551
21
0.2688068897637795
0
LINE
8
BLACK
6
CONTINUOUS
10
0.5069145275590551
20
0.2688068897637795
11
0.5045412992125984
21
0.2625492519685039
0
LINE
8
BLACK
6
CONTINUOUS
10
0.5045412992125984
20
0.2625492519685039
11
0.5037346062992126
21
0.2559055118110236
0
LINE
8
BLACK
6
CONTINUOUS
10
0.5037346062992126
20
0.2559055118110236
11
0.5045412992125984
21
0.2492617716535433
0
LINE
8
BLACK
6
CONTINUOUS
10
-0.0034984251968504
20
0.2641966535433071
11
-0.0031524803149606
21
0.2633614960629921
0
LINE
8
BLACK
6
CONTINUOUS
10
-0.0031524803149606
20
0.2633614960629921
11
-0.0031524803149606
21
0.2543626377952756
0
LINE
8
BLACK
6
CONTINUOUS
10
-0.0031524803149606
20
0.2543626377952756
11
-0.0034984251968504
21
0.2535274803149606
0
LINE
8
BLACK
6
CONTINUOUS
10
-0.0034984251968504
20
0.2535274803149606
11
-0.0043335826771654
21
0.2531815354330709
0
LINE
8
BLACK
6
CONTINUOUS
10
-0.0043335826771654
20
0.2531815354330709
11
-0.0051687401574803
21
0.2535274803149606
0
LINE
8
BLACK
6
CONTINUOUS
10
-0.0051687401574803
20
0.2535274803149606
11
-0.0055146850393701
21
0.2543626377952756
0
LINE
8
BLACK
6
CONTINUOUS
10
-0.0055146850393701
20
0.2543626377952756
11
-0.0055146850393701
21
0.2576809448818898
0
LINE
8
BLACK
6
CONTINUOUS
10
-0.0055146850393701
20
0.2576809448818898
11
-0.0200816141732283
21
0.2576809448818898
0
LINE
8
BLACK
6
CONTINUOUS
10
-0.0200816141732283
20
0.2576809448818898
11
-0.0201940157480315
21
0.2577275196850394
0
LINE
8
BLACK
6
CONTINUOUS
10
-0.0201940157480315
20
0.2577275196850394
11
-0.0203132283464567
21
0.2577038976377953
0
LINE
8
BLACK
6
CONTINUOUS
10
-0.0203132283464567
20
0.2577038976377953
11
-0.0205989763779528
21
0.2578952755905512
0
LINE
8
BLACK
6
CONTINUOUS
10
-0.0205989763779528
20
0.2578952755905512
11
-0.0209167716535433
21
0.2580268897637795
0
LINE
8
BLACK
6
CONTINUOUS
10
-0.0209167716535433
20
0.2580268897637795
11
-0.0209633464566929
21
0.258139251968504
0
LINE
8
BLACK
6
CONTINUOUS
10
-0.0209633464566929
20
0.258139251968504
11
-0.0210643307086614
21
0.2582068897637795
0
LINE
8
BLACK
6
CONTINUOUS
10
-0.0210643307086614
20
0.2582068897637795
11
-0.0211311023622047
21
0.2585442519685039
0
LINE
8
BLACK
6
CONTINUOUS
10
-0.0211311023622047
20
0.2585442519685039
11
-0.0212627165354331
21
0.2588620472440945
0
LINE
8
BLACK
6
CONTINUOUS
10
-0.0212627165354331
20
0.2588620472440945
11
-0.0212161811023622
21
0.2589744488188976
0
LINE
8
BLACK
6
CONTINUOUS
10
-0.0212161811023622
20
0.2589744488188976
11
-0.0212397637795276
21
0.2590936614173228
0
LINE
8
BLACK
6
CONTINUOUS
10
-0.0212397637795276
20
0.2590936614173228
11
-0.0210484251968504
21
0.2593794094488189
0
LINE
8
BLACK
6
CONTINUOUS
10
-0.0210484251968504
20
0.2593794094488189
11
-0.0209167716535433
21
0.2596972047244094
0
LINE
8
BLACK
6
CONTINUOUS
10
-0.0209167716535433
20
0.2596972047244094
11
-0.0208044488188976
21
0.2597437795275591
0
LINE
8
BLACK
6
CONTINUOUS
10
-0.0208044488188976
20
0.2597437795275591
11
-0.0207367716535433
21
0.2598447637795275
0
LINE
8
BLACK
6
CONTINUOUS
10
-0.0207367716535433
20
0.2598447637795275
11
-0.0185842913385827
21
0.2612798425196851
0
LINE
8
BLACK
6
CONTINUOUS
10
-0.0185842913385827
20
0.2612798425196851
11
-0.0173027952755905
21
0.2625613385826772
0
LINE
8
BLACK
6
CONTINUOUS
10
-0.0173027952755905
20
0.2625613385826772
11
-0.0166385826771654
21
0.2638897244094488
0
LINE
8
BLACK
6
CONTINUOUS
10
-0.0166385826771654
20
0.2638897244094488
11
-0.0159556299212598
21
0.2644820078740158
0
LINE
8
BLACK
6
CONTINUOUS
10
-0.0159556299212598
20
0.2644820078740158
11
-0.015053937007874
21
0.2644179133858268
0
LINE
8
BLACK
6
CONTINUOUS
10
-0.015053937007874
20
0.2644179133858268
11
-0.0144616929133858
21
0.263735
0
LINE
8
BLACK
6
CONTINUOUS
10
-0.0144616929133858
20
0.263735
11
-0.0145257480314961
21
0.2628333070866142
0
LINE
8
BLACK
6
CONTINUOUS
10
-0.0145257480314961
20
0.2628333070866142
11
-0.0152756692913386
21
0.2613334645669291
0
LINE
8
BLACK
6
CONTINUOUS
10
-0.0152756692913386
20
0.2613334645669291
11
-0.0154225590551181
21
0.2612061023622047
0
LINE
8
BLACK
6
CONTINUOUS
10
-0.0154225590551181
20
0.2612061023622047
11
-0.0154969291338583
21
0.2610264960629921
0
LINE
8
BLACK
6
CONTINUOUS
10
-0.0154969291338583
20
0.2610264960629921
11
-0.0164803149606299
21
0.2600431496062992
0
LINE
8
BLACK
6
CONTINUOUS
10
-0.0164803149606299
20
0.2600431496062992
11
-0.0055146850393701
21
0.2600431496062992
0
LINE
8
BLACK
6
CONTINUOUS
10
-0.0055146850393701
20
0.2600431496062992
11
-0.0055146850393701
21
0.2633614960629921
0
LINE
8
BLACK
6
CONTINUOUS
10
-0.0055146850393701
20
0.2633614960629921
11
-0.0051687401574803
21
0.2641966535433071
0
LINE
8
BLACK
6
CONTINUOUS
10
-0.0051687401574803
20
0.2641966535433071
11
-0.0043335826771654
21
0.2645425984251968
0
LINE
8
BLACK
6
CONTINUOUS
10
-0.0043335826771654
20
0.2645425984251968
11
-0.0034984251968504
21
0.2641966535433071
0
LINE
8
BLACK
6
CONTINUOUS
10
-0.0109443700787402
20
0.2802333464566929
11
-0.0107962598425197
21
0.2802553543307086
0
LINE
8
BLACK
6
CONTINUOUS
10
-0.0107962598425197
20
0.2802553543307086
11
-0.0077966535433071
21
0.2795054330708661
0
LINE
8
BLACK
6
CONTINUOUS
10
-0.0077966535433071
20
0.2795054330708661
11
-0.0076888188976378
21
0.2794255511811023
0
LINE
8
BLACK
6
CONTINUOUS
10
-0.0076888188976378
20
0.2794255511811023
11
-0.0075549212598425
21
0.2794160236220473
0
LINE
8
BLACK
6
CONTINUOUS
10
-0.0075549212598425
20
0.2794160236220473
11
-0.0060551181102362
21
0.2786661417322834
0
LINE
8
BLACK
6
CONTINUOUS
10
-0.0060551181102362
20
0.2786661417322834
11
-0.0059277559055118
21
0.2785192913385827
0
LINE
8
BLACK
6
CONTINUOUS
10
-0.0059277559055118
20
0.2785192913385827
11
-0.0057481496062992
21
0.2784448818897638
0
LINE
8
BLACK
6
CONTINUOUS
10
-0.0057481496062992
20
0.2784448818897638
11
-0.0042483070866142
21
0.2769451181102362
0
LINE
8
BLACK
6
CONTINUOUS
10
-0.0042483070866142
20
0.2769451181102362
11
-0.0041431102362205
21
0.2766911417322835
0
LINE
8
BLACK
6
CONTINUOUS
10
-0.0041431102362205
20
0.2766911417322835
11
-0.0039629527559055
21
0.2764834251968504
0
LINE
8
BLACK
6
CONTINUOUS
10
-0.0039629527559055
20
0.2764834251968504
11
-0.0032130708661417
21
0.2742336614173228
0
LINE
8
BLACK
6
CONTINUOUS
10
-0.0032130708661417
20
0.2742336614173228
11
-0.0032268897637795
21
0.2740398031496063
0
LINE
8
BLACK
6
CONTINUOUS
10
-0.0032268897637795
20
0.2740398031496063
11
-0.0031524803149606
21
0.2738601968503937
0
LINE
8
BLACK
6
CONTINUOUS
10
-0.0031524803149606
20
0.2738601968503937
11
-0.0031524803149606
21
0.2723603543307087
0
LINE
8
BLACK
6
CONTINUOUS
10
-0.0031524803149606
20
0.2723603543307087
11
-0.0032268897637795
21
0.2721808267716536
0
LINE
8
BLACK
6
CONTINUOUS
10
-0.0032268897637795
20
0.2721808267716536
11
-0.0032130708661417
21
0.2719868503937008
0
LINE
8
BLACK
6
CONTINUOUS
10
-0.0032130708661417
20
0.2719868503937008
11
-0.0039629527559055
21
0.2697371653543307
0
LINE
8
BLACK
6
CONTINUOUS
10
-0.0039629527559055
20
0.2697371653543307
11
-0.0041431496062992
21
0.2695294881889764
0
LINE
8
BLACK
6
CONTINUOUS
10
-0.0041431496062992
20
0.2695294881889764
11
-0.0042483070866142
21
0.2692755118110236
0
LINE
8
BLACK
6
CONTINUOUS
10
-0.0042483070866142
20
0.2692755118110236
11
-0.0049982283464567
21
0.2685255905511811
0
LINE
8
BLACK
6
CONTINUOUS
10
-0.0049982283464567
20
0.2685255905511811
11
-0.0058333858267717
21
0.2681796456692913
0
LINE
8
BLACK
6
CONTINUOUS
10
-0.0058333858267717
20
0.2681796456692913
11
-0.0066685433070866
21
0.2685255905511811
0
LINE
8
BLACK
6
CONTINUOUS
10
-0.0066685433070866
20
0.2685255905511811
11
-0.0070144881889764
21
0.2693607480314961
0
LINE
8
BLACK
6
CONTINUOUS
10
-0.0070144881889764
20
0.2693607480314961
11
-0.0066685433070866
21
0.270195905511811
0
LINE
8
BLACK
6
CONTINUOUS
10
-0.0066685433070866
20
0.270195905511811
11
-0.0061158661417323
21
0.2707486220472441
0
LINE
8
BLACK
6
CONTINUOUS
10
-0.0061158661417323
20
0.2707486220472441
11
-0.0055146850393701
21
0.2725520866141732
0
LINE
8
BLACK
6
CONTINUOUS
10
-0.0055146850393701
20
0.2725520866141732
11
-0.0055146850393701
21
0.2736685039370079
0
LINE
8
BLACK
6
CONTINUOUS
10
-0.0055146850393701
20
0.2736685039370079
11
-0.0061158661417323
21
0.275471968503937
0
LINE
8
BLACK
6
CONTINUOUS
10
-0.0061158661417323
20
0.275471968503937
11
-0.0072829133858268
21
0.2766390157480315
0
LINE
8
BLACK
6
CONTINUOUS
10
-0.0072829133858268
20
0.2766390157480315
11
-0.0084953937007874
21
0.2772452755905512
0
LINE
8
BLACK
6
CONTINUOUS
10
-0.0084953937007874
20
0.2772452755905512
11
-0.0112280708661417
21
0.2779284251968504
0
LINE
8
BLACK
6
CONTINUOUS
10
-0.0112280708661417
20
0.2779284251968504
11
-0.0131870866141732
21
0.2779284251968504
0
LINE
8
BLACK
6
CONTINUOUS
10
-0.0131870866141732
20
0.2779284251968504
11
-0.015919842519685
21
0.2772452362204724
0
LINE
8
BLACK
6
CONTINUOUS
10
-0.015919842519685
20
0.2772452362204724
11
-0.0171322440944882
21
0.2766390551181102
0
LINE
8
BLACK
6
CONTINUOUS
10
-0.0171322440944882
20
0.2766390551181102
11
-0.0182994094488189
21
0.2754719291338583
0
LINE
8
BLACK
6
CONTINUOUS
10
-0.0182994094488189
20
0.2754719291338583
11
-0.0189005118110236
21
0.2736685826771654
0
LINE
8
BLACK
6
CONTINUOUS
10
-0.0189005118110236
20
0.2736685826771654
11
-0.0189005118110236
21
0.2725520078740157
0
LINE
8
BLACK
6
CONTINUOUS
10
-0.0189005118110236
20
0.2725520078740157
11
-0.0182994094488189
21
0.2707487401574803
0
LINE
8
BLACK
6
CONTINUOUS
10
-0.0182994094488189
20
0.2707487401574803
11
-0.0177466141732283
21
0.270195905511811
0
LINE
8
BLACK
6
CONTINUOUS
10
-0.0177466141732283
20
0.270195905511811
11
-0.0174007086614173
21
0.2693607086614173
0
LINE
8
BLACK
6
CONTINUOUS
10
-0.0174007086614173
20
0.2693607086614173
11
-0.0177466929133858
21
0.2685255511811023
0
LINE
8
BLACK
6
CONTINUOUS
10
-0.0177466929133858
20
0.2685255511811023
11
-0.0185818503937008
21
0.2681796456692913
0
LINE
8
BLACK
6
CONTINUOUS
10
-0.0185818503937008
20
0.2681796456692913
11
-0.0194170078740157
21
0.2685256299212598
0
LINE
8
BLACK
6
CONTINUOUS
10
-0.0194170078740157
20
0.2685256299212598
11
-0.0201668897637795
21
0.2692755118110236
0
LINE
8
BLACK
6
CONTINUOUS
10
-0.0201668897637795
20
0.2692755118110236
11
-0.020272125984252
21
0.2695295669291339
0
LINE
8
BLACK
6
CONTINUOUS
10
-0.020272125984252
20
0.2695295669291339
11
-0.0204521653543307
21
0.2697371653543307
0
LINE
8
BLACK
6
CONTINUOUS
10
-0.0204521653543307
20
0.2697371653543307
11
-0.0212020866141732
21
0.2719868503937008
0
LINE
8
BLACK
6
CONTINUOUS
10
-0.0212020866141732
20
0.2719868503937008
11
-0.0211883464566929
21
0.2721807480314961
0
LINE
8
BLACK
6
CONTINUOUS
10
-0.0211883464566929
20
0.2721807480314961
11
-0.0212627165354331
21
0.2723603543307087
0
LINE
8
BLACK
6
CONTINUOUS
10
-0.0212627165354331
20
0.2723603543307087
11
-0.0212627165354331
21
0.2738601968503937
0
LINE
8
BLACK
6
CONTINUOUS
10
-0.0212627165354331
20
0.2738601968503937
11
-0.0211883464566929
21
0.2740398425196851
0
LINE
8
BLACK
6
CONTINUOUS
10
-0.0211883464566929
20
0.2740398425196851
11
-0.0212020866141732
21
0.2742337007874016
0
LINE
8
BLACK
6
CONTINUOUS
10
-0.0212020866141732
20
0.2742337007874016
11
-0.0204521653543307
21
0.2764834251968504
0
LINE
8
BLACK
6
CONTINUOUS
10
-0.0204521653543307
20
0.2764834251968504
11
-0.0202720866141732
21
0.2766911023622047
0
LINE
8
BLACK
6
CONTINUOUS
10
-0.0202720866141732
20
0.2766911023622047
11
-0.0201668503937008
21
0.2769450787401574
0
LINE
8
BLACK
6
CONTINUOUS
10
-0.0201668503937008
20
0.2769450787401574
11
-0.0186670866141732
21
0.2784448818897638
0
LINE
8
BLACK
6
CONTINUOUS
10
-0.0186670866141732
20
0.2784448818897638
11
-0.0184874803149606
21
0.2785192913385827
0
LINE
8
BLACK
6
CONTINUOUS
10
-0.0184874803149606
20
0.2785192913385827
11
-0.0183600787401575
21
0.2786661417322834
0
LINE
8
BLACK
6
CONTINUOUS
10
-0.0183600787401575
20
0.2786661417322834
11
-0.0168602755905512
21
0.2794160236220473
0
LINE
8
BLACK
6
CONTINUOUS
10
-0.0168602755905512
20
0.2794160236220473
11
-0.0167264173228346
21
0.2794255511811023
0
LINE
8
BLACK
6
CONTINUOUS
10
-0.0167264173228346
20
0.2794255511811023
11
-0.0166185433070866
21
0.2795054330708661
0
LINE
8
BLACK
6
CONTINUOUS
10
-0.0166185433070866
20
0.2795054330708661
11
-0.0136188976377953
21
0.2802553543307086
0
LINE
8
BLACK
6
CONTINUOUS
10
-0.0136188976377953
20
0.2802553543307086
11
-0.0134708267716535
21
0.2802333464566929
0
LINE
8
BLACK
6
CONTINUOUS
10
-0.0134708267716535
20
0.2802333464566929
11
-0.0133324409448819
21
0.2802906299212599
0
LINE
8
BLACK
6
CONTINUOUS
10
-0.0133324409448819
20
0.2802906299212599
11
-0.0110827165354331
21
0.2802906299212599
0
LINE
8
BLACK
6
CONTINUOUS
10
-0.0110827165354331
20
0.2802906299212599
11
-0.0109443700787402
21
0.2802333464566929
0
LINE
8
BLACK
6
CONTINUOUS
10
0.004251968503937
20
0.3002006299212598
11
0.0056438976377953
21
0.2996240551181102
0
LINE
8
BLACK
6
CONTINUOUS
10
0.0056438976377953
20
0.2996240551181102
11
0.0062204724409449
21
0.298232125984252
0
LINE
8
BLACK
6
CONTINUOUS
10
0.0062204724409449
20
0.298232125984252
11
0.0062204724409449
21
0.23524
0
LINE
8
BLACK
6
CONTINUOUS
10
0.0062204724409449
20
0.23524
11
0.0056438976377953
21
0.2338480708661417
0
LINE
8
BLACK
6
CONTINUOUS
10
0.0056438976377953
20
0.2338480708661417
11
0.004251968503937
21
0.2332714960629921
0
LINE
8
BLACK
6
CONTINUOUS
10
0.004251968503937
20
0.2332714960629921
11
-0.027244094488189
21
0.2332714960629921
0
LINE
8
BLACK
6
CONTINUOUS
10
-0.027244094488189
20
0.2332714960629921
11
-0.0286360236220472
21
0.2338480708661417
0
LINE
8
BLACK
6
CONTINUOUS
10
-0.0286360236220472
20
0.2338480708661417
11
-0.0292125984251968
21
0.23524
0
LINE
8
BLACK
6
CONTINUOUS
10
-0.0292125984251968
20
0.23524
11
-0.0292125984251968
21
0.298232125984252
0
LINE
8
BLACK
6
CONTINUOUS
10
-0.0292125984251968
20
0.298232125984252
11
-0.0286360236220472
21
0.2996240551181102
0
LINE
8
BLACK
6
CONTINUOUS
10
-0.0286360236220472
20
0.2996240551181102
11
-0.027244094488189
21
0.3002006299212598
0
LINE
8
BLACK
6
CONTINUOUS
10
-0.027244094488189
20
0.3002006299212598
11
0.004251968503937
21
0.3002006299212598
0
LINE
8
BLACK
6
CONTINUOUS
10
-0.0252755905511811
20
0.2962636220472441
11
-0.0252755905511811
21
0.2372085039370079
0
LINE
8
BLACK
6
CONTINUOUS
10
-0.0252755905511811
20
0.2372085039370079
11
0.0022834645669291
21
0.2372085039370079
0
LINE
8
BLACK
6
CONTINUOUS
10
0.0022834645669291
20
0.2372085039370079
11
0.0022834645669291
21
0.2962636220472441
0
LINE
8
BLACK
6
CONTINUOUS
10
0.0022834645669291
20
0.2962636220472441
11
-0.0252755905511811
21
0.2962636220472441
0
LINE
8
BLACK
6
CONTINUOUS
10
-0.4247029133858268
20
0.3017473228346457
11
-0.424356968503937
21
0.3009121653543307
0
LINE
8
BLACK
6
CONTINUOUS
10
-0.424356968503937
20
0.3009121653543307
11
-0.4247029133858268
21
0.3000770078740158
0
LINE
8
BLACK
6
CONTINUOUS
10
-0.4247029133858268
20
0.3000770078740158
11
-0.4255380708661417
21
0.299731062992126
0
LINE
8
BLACK
6
CONTINUOUS
10
-0.4255380708661417
20
0.299731062992126
11
-0.4326839763779528
21
0.299731062992126
0
LINE
8
BLACK
6
CONTINUOUS
10
-0.4326839763779528
20
0.299731062992126
11
-0.4291486614173228
21
0.2956906692913386
0
LINE
8
BLACK
6
CONTINUOUS
10
-0.4291486614173228
20
0.2956906692913386
11
-0.4290155905511811
21
0.295297125984252
0
LINE
8
BLACK
6
CONTINUOUS
10
-0.4290155905511811
20
0.295297125984252
11
-0.4288564173228346
21
0.2949129133858268
0
LINE
8
BLACK
6
CONTINUOUS
10
-0.4288564173228346
20
0.2949129133858268
11
-0.4288725196850394
21
0.294874094488189
0
LINE
8
BLACK
6
CONTINUOUS
10
-0.4288725196850394
20
0.294874094488189
11
-0.4288590551181102
21
0.2948343307086614
0
LINE
8
BLACK
6
CONTINUOUS
10
-0.4288590551181102
20
0.2948343307086614
11
-0.4290432677165354
21
0.2944618503937008
0
LINE
8
BLACK
6
CONTINUOUS
10
-0.4290432677165354
20
0.2944618503937008
11
-0.4292023622047244
21
0.2940777559055118
0
LINE
8
BLACK
6
CONTINUOUS
10
-0.4292023622047244
20
0.2940777559055118
11
-0.4292411811023622
21
0.2940616929133858
0
LINE
8
BLACK
6
CONTINUOUS
10
-0.4292411811023622
20
0.2940616929133858
11
-0.4292597637795276
21
0.2940240551181103
0
LINE
8
BLACK
6
CONTINUOUS
10
-0.4292597637795276
20
0.2940240551181103
11
-0.4296534251968504
21
0.2938909448818898
0
LINE
8
BLACK
6
CONTINUOUS
10
-0.4296534251968504
20
0.2938909448818898
11
-0.4300375196850393
21
0.2937318110236221
0
LINE
8
BLACK
6
CONTINUOUS
10
-0.4300375196850393
20
0.2937318110236221
11
-0.4320083858267716
21
0.2937318110236221
0
LINE
8
BLACK
6
CONTINUOUS
10
-0.4320083858267716
20
0.2937318110236221
11
-0.4330874803149606
21
0.2931922834645669
0
LINE
8
BLACK
6
CONTINUOUS
10
-0.4330874803149606
20
0.2931922834645669
11
-0.4335662992125984
21
0.2927134645669291
0
LINE
8
BLACK
6
CONTINUOUS
10
-0.4335662992125984
20
0.2927134645669291
11
-0.434105748031496
21
0.2916344881889764
0
LINE
8
BLACK
6
CONTINUOUS
10
-0.434105748031496
20
0.2916344881889764
11
-0.434105748031496
21
0.2884425590551181
0
LINE
8
BLACK
6
CONTINUOUS
10
-0.434105748031496
20
0.2884425590551181
11
-0.4335662598425197
21
0.2873635433070866
0
LINE
8
BLACK
6
CONTINUOUS
10
-0.4335662598425197
20
0.2873635433070866
11
-0.4330874803149606
21
0.2868847637795275
0
LINE
8
BLACK
6
CONTINUOUS
10
-0.4330874803149606
20
0.2868847637795275
11
-0.4320084251968504
21
0.2863452362204724
0
LINE
8
BLACK
6
CONTINUOUS
10
-0.4320084251968504
20
0.2863452362204724
11
-0.4280666141732283
21
0.2863452362204724
0
LINE
8
BLACK
6
CONTINUOUS
10
-0.4280666141732283
20
0.2863452362204724
11
-0.4269875984251968
21
0.2868847637795275
0
LINE
8
BLACK
6
CONTINUOUS
10
-0.4269875984251968
20
0.2868847637795275
11
-0.4263732283464567
21
0.2874990944881889
0
LINE
8
BLACK
6
CONTINUOUS
10
-0.4263732283464567
20
0.2874990944881889
11
-0.4255380708661417
21
0.2878450393700787
0
LINE
8
BLACK
6
CONTINUOUS
10
-0.4255380708661417
20
0.2878450393700787
11
-0.4247029133858268
21
0.2874990944881889
0
LINE
8
BLACK
6
CONTINUOUS
10
-0.4247029133858268
20
0.2874990944881889
11
-0.424356968503937
21
0.286663937007874
0
LINE
8
BLACK
6
CONTINUOUS
10
-0.424356968503937
20
0.286663937007874
11
-0.4247029133858268
21
0.285828779527559
0
LINE
8
BLACK
6
CONTINUOUS
10
-0.4247029133858268
20
0.285828779527559
11
-0.4254528346456693
21
0.2850788582677165
0
LINE
8
BLACK
6
CONTINUOUS
10
-0.4254528346456693
20
0.2850788582677165
11
-0.4256324409448819
21
0.2850044881889764
0
LINE
8
BLACK
6
CONTINUOUS
10
-0.4256324409448819
20
0.2850044881889764
11
-0.4257598031496063
21
0.2848575984251969
0
LINE
8
BLACK
6
CONTINUOUS
10
-0.4257598031496063
20
0.2848575984251969
11
-0.4272596062992126
21
0.284107716535433
0
LINE
8
BLACK
6
CONTINUOUS
10
-0.4272596062992126
20
0.284107716535433
11
-0.4275338188976378
21
0.2840882677165354
0
LINE
8
BLACK
6
CONTINUOUS
10
-0.4275338188976378
20
0.2840882677165354
11
-0.4277877952755905
21
0.283983031496063
0
LINE
8
BLACK
6
CONTINUOUS
10
-0.4277877952755905
20
0.283983031496063
11
-0.4322872440944882
21
0.283983031496063
0
LINE
8
BLACK
6
CONTINUOUS
10
-0.4322872440944882
20
0.283983031496063
11
-0.4325412598425197
21
0.2840882677165354
0
LINE
8
BLACK
6
CONTINUOUS
10
-0.4325412598425197
20
0.2840882677165354
11
-0.4328154330708661
21
0.284107716535433
0
LINE
8
BLACK
6
CONTINUOUS
10
-0.4328154330708661
20
0.284107716535433
11
-0.4343152362204724
21
0.2848575984251969
0
LINE
8
BLACK
6
CONTINUOUS
10
-0.4343152362204724
20
0.2848575984251969
11
-0.4344426377952756
21
0.2850044881889764
0
LINE
8
BLACK
6
CONTINUOUS
10
-0.4344426377952756
20
0.2850044881889764
11
-0.4346222047244094
21
0.2850788582677165
0
LINE
8
BLACK
6
CONTINUOUS
10
-0.4346222047244094
20
0.2850788582677165
11
-0.435372125984252
21
0.285828779527559
0
LINE
8
BLACK
6
CONTINUOUS
10
-0.435372125984252
20
0.285828779527559
11
-0.4354465354330709
21
0.2860083858267716
0
LINE
8
BLACK
6
CONTINUOUS
10
-0.4354465354330709
20
0.2860083858267716
11
-0.4355933858267717
21
0.2861357480314961
0
LINE
8
BLACK
6
CONTINUOUS
10
-0.4355933858267717
20
0.2861357480314961
11
-0.4363432677165354
21
0.2876355511811023
0
LINE
8
BLACK
6
CONTINUOUS
10
-0.4363432677165354
20
0.2876355511811023
11
-0.4363627559055118
21
0.2879097637795275
0
LINE
8
BLACK
6
CONTINUOUS
10
-0.4363627559055118
20
0.2879097637795275
11
-0.4364679527559055
21
0.2881637401574803
0
LINE
8
BLACK
6
CONTINUOUS
10
-0.4364679527559055
20
0.2881637401574803
11
-0.4364679527559055
21
0.2919132677165354
0
LINE
8
BLACK
6
CONTINUOUS
10
-0.4364679527559055
20
0.2919132677165354
11
-0.4363627559055118
21
0.2921672834645669
0
LINE
8
BLACK
6
CONTINUOUS
10
-0.4363627559055118
20
0.2921672834645669
11
-0.4363432677165354
21
0.2924414566929134
0
LINE
8
BLACK
6
CONTINUOUS
10
-0.4363432677165354
20
0.2924414566929134
11
-0.4355933858267717
21
0.2939412992125984
0
LINE
8
BLACK
6
CONTINUOUS
10
-0.4355933858267717
20
0.2939412992125984
11
-0.4354465748031496
21
0.2940686614173229
0
LINE
8
BLACK
6
CONTINUOUS
10
-0.4354465748031496
20
0.2940686614173229
11
-0.435372125984252
21
0.2942483070866141
0
LINE
8
BLACK
6
CONTINUOUS
10
-0.435372125984252
20
0.2942483070866141
11
-0.4346222047244094
21
0.294998188976378
0
LINE
8
BLACK
6
CONTINUOUS
10
-0.4346222047244094
20
0.294998188976378
11
-0.4344426377952756
21
0.2950725984251968
0
LINE
8
BLACK
6
CONTINUOUS
10
-0.4344426377952756
20
0.2950725984251968
11
-0.4343152755905512
21
0.2952194094488189
0
LINE
8
BLACK
6
CONTINUOUS
10
-0.4343152755905512
20
0.2952194094488189
11
-0.4328154330708661
21
0.2959693307086614
0
LINE
8
BLACK
6
CONTINUOUS
10
-0.4328154330708661
20
0.2959693307086614
11
-0.4325479133858268
21
0.2959883464566929
0
LINE
8
BLACK
6
CONTINUOUS
10
-0.4325479133858268
20
0.2959883464566929
11
-0.4361757086614173
21
0.3001344094488189
0
LINE
8
BLACK
6
CONTINUOUS
10
-0.4361757086614173
20
0.3001344094488189
11
-0.4363088188976378
21
0.3005279921259842
0
LINE
8
BLACK
6
CONTINUOUS
10
-0.4363088188976378
20
0.3005279921259842
11
-0.4364679527559055
21
0.3009121653543307
0
LINE
8
BLACK
6
CONTINUOUS
10
-0.4364679527559055
20
0.3009121653543307
11
-0.4364518897637795
21
0.3009510236220472
0
LINE
8
BLACK
6
CONTINUOUS
10
-0.4364518897637795
20
0.3009510236220472
11
-0.4364653149606299
21
0.3009907480314961
0
LINE
8
BLACK
6
CONTINUOUS
10
-0.4364653149606299
20
0.3009907480314961
11
-0.4362811417322834
21
0.3013632677165354
0
LINE
8
BLACK
6
CONTINUOUS
10
-0.4362811417322834
20
0.3013632677165354
11
-0.4361220078740157
21
0.3017473228346457
0
LINE
8
BLACK
6
CONTINUOUS
10
-0.4361220078740157
20
0.3017473228346457
11
-0.4360832283464567
21
0.3017634251968504
0
LINE
8
BLACK
6
CONTINUOUS
10
-0.4360832283464567
20
0.3017634251968504
11
-0.4360646062992126
21
0.3018010236220472
0
LINE
8
BLACK
6
CONTINUOUS
10
-0.4360646062992126
20
0.3018010236220472
11
-0.435671062992126
21
0.3019341338582677
0
LINE
8
BLACK
6
CONTINUOUS
10
-0.435671062992126
20
0.3019341338582677
11
-0.4352868503937008
21
0.3020932677165354
0
LINE
8
BLACK
6
CONTINUOUS
10
-0.4352868503937008
20
0.3020932677165354
11
-0.4255380708661417
21
0.3020932677165354
0
LINE
8
BLACK
6
CONTINUOUS
10
-0.4255380708661417
20
0.3020932677165354
11
-0.4247029133858268
21
0.3017473228346457
0
LINE
8
BLACK
6
CONTINUOUS
10
-0.4104547244094488
20
0.3017473228346457
11
-0.410108779527559
21
0.3009121653543307
0
LINE
8
BLACK
6
CONTINUOUS
10
-0.410108779527559
20
0.3009121653543307
11
-0.410108779527559
21
0.2851641338582677
0
LINE
8
BLACK
6
CONTINUOUS
10
-0.410108779527559
20
0.2851641338582677
11
-0.4104547244094488
21
0.2843289763779527
0
LINE
8
BLACK
6
CONTINUOUS
10
-0.4104547244094488
20
0.2843289763779527
11
-0.4112898818897638
21
0.283983031496063
0
LINE
8
BLACK
6
CONTINUOUS
10
-0.4112898818897638
20
0.283983031496063
11
-0.4121250393700787
21
0.2843289763779527
0
LINE
8
BLACK
6
CONTINUOUS
10
-0.4121250393700787
20
0.2843289763779527
11
-0.4124709842519685
21
0.2851641338582677
0
LINE
8
BLACK
6
CONTINUOUS
10
-0.4124709842519685
20
0.2851641338582677
11
-0.4124709842519685
21
0.2914820866141732
0
LINE
8
BLACK
6
CONTINUOUS
10
-0.4124709842519685
20
0.2914820866141732
11
-0.4144244488188976
21
0.2914820866141732
0
LINE
8
BLACK
6
CONTINUOUS
10
-0.4144244488188976
20
0.2914820866141732
11
-0.4193211417322835
21
0.2844868110236221
0
LINE
8
BLACK
6
CONTINUOUS
10
-0.4193211417322835
20
0.2844868110236221
11
-0.4200834645669291
21
0.2840010236220472
0
LINE
8
BLACK
6
CONTINUOUS
10
-0.4200834645669291
20
0.2840010236220472
11
-0.420966062992126
21
0.2841965354330709
0
LINE
8
BLACK
6
CONTINUOUS
10
-0.420966062992126
20
0.2841965354330709
11
-0.4214518503937008
21
0.2849588582677166
0
LINE
8
BLACK
6
CONTINUOUS
10
-0.4214518503937008
20
0.2849588582677166
11
-0.4212563385826771
21
0.2858414566929134
0
LINE
8
BLACK
6
CONTINUOUS
10
-0.4212563385826771
20
0.2858414566929134
11
-0.4173037007874016
21
0.2914881102362205
0
LINE
8
BLACK
6
CONTINUOUS
10
-0.4173037007874016
20
0.2914881102362205
11
-0.4175431496062992
21
0.2915873228346457
0
LINE
8
BLACK
6
CONTINUOUS
10
-0.4175431496062992
20
0.2915873228346457
11
-0.4178173228346457
21
0.2916067716535433
0
LINE
8
BLACK
6
CONTINUOUS
10
-0.4178173228346457
20
0.2916067716535433
11
-0.4193171653543307
21
0.2923566929133858
0
LINE
8
BLACK
6
CONTINUOUS
10
-0.4193171653543307
20
0.2923566929133858
11
-0.4194445275590551
21
0.2925035433070866
0
LINE
8
BLACK
6
CONTINUOUS
10
-0.4194445275590551
20
0.2925035433070866
11
-0.419624094488189
21
0.2925779133858268
0
LINE
8
BLACK
6
CONTINUOUS
10
-0.419624094488189
20
0.2925779133858268
11
-0.4203739763779528
21
0.2933278346456693
0
LINE
8
BLACK
6
CONTINUOUS
10
-0.4203739763779528
20
0.2933278346456693
11
-0.4204483464566929
21
0.2935074015748032
0
LINE
8
BLACK
6
CONTINUOUS
10
-0.4204483464566929
20
0.2935074015748032
11
-0.4205952362204725
21
0.2936347637795276
0
LINE
8
BLACK
6
CONTINUOUS
10
-0.4205952362204725
20
0.2936347637795276
11
-0.4213451574803149
21
0.2951346456692913
0
LINE
8
BLACK
6
CONTINUOUS
10
-0.4213451574803149
20
0.2951346456692913
11
-0.4213646456692913
21
0.2954088582677165
0
LINE
8
BLACK
6
CONTINUOUS
10
-0.4213646456692913
20
0.2954088582677165
11
-0.4214698425196851
21
0.2956628346456693
0
LINE
8
BLACK
6
CONTINUOUS
10
-0.4214698425196851
20
0.2956628346456693
11
-0.4214698425196851
21
0.2979125196850393
0
LINE
8
BLACK
6
CONTINUOUS
10
-0.4214698425196851
20
0.2979125196850393
11
-0.4213646456692913
21
0.2981665354330709
0
LINE
8
BLACK
6
CONTINUOUS
10
-0.4213646456692913
20
0.2981665354330709
11
-0.4213451574803149
21
0.2984407086614173
0
LINE
8
BLACK
6
CONTINUOUS
10
-0.4213451574803149
20
0.2984407086614173
11
-0.4205952362204725
21
0.2999405905511811
0
LINE
8
BLACK
6
CONTINUOUS
10
-0.4205952362204725
20
0.2999405905511811
11
-0.4204483464566929
21
0.3000679921259842
0
LINE
8
BLACK
6
CONTINUOUS
10
-0.4204483464566929
20
0.3000679921259842
11
-0.4203739763779528
21
0.3002475196850394
0
LINE
8
BLACK
6
CONTINUOUS
10
-0.4203739763779528
20
0.3002475196850394
11
-0.419624094488189
21
0.3009974409448819
0
LINE
8
BLACK
6
CONTINUOUS
10
-0.419624094488189
20
0.3009974409448819
11
-0.4194445275590551
21
0.3010718503937008
0
LINE
8
BLACK
6
CONTINUOUS
10
-0.4194445275590551
20
0.3010718503937008
11
-0.4193171653543307
21
0.3012186614173228
0
LINE
8
BLACK
6
CONTINUOUS
10
-0.4193171653543307
20
0.3012186614173228
11
-0.4178173228346457
21
0.3019685826771654
0
LINE
8
BLACK
6
CONTINUOUS
10
-0.4178173228346457
20
0.3019685826771654
11
-0.4175431496062992
21
0.3019880708661417
0
LINE
8
BLACK
6
CONTINUOUS
10
-0.4175431496062992
20
0.3019880708661417
11
-0.4172891338582677
21
0.3020932677165354
0
LINE
8
BLACK
6
CONTINUOUS
10
-0.4172891338582677
20
0.3020932677165354
11
-0.4112898818897638
21
0.3020932677165354
0
LINE
8
BLACK
6
CONTINUOUS
10
-0.4112898818897638
20
0.3020932677165354
11
-0.4104547244094488
21
0.3017473228346457
0
LINE
8
BLACK
6
CONTINUOUS
10
-0.4180893307086614
20
0.2991915354330709
11
-0.4185681496062992
21
0.2987127559055118
0
LINE
8
BLACK
6
CONTINUOUS
10
-0.4185681496062992
20
0.2987127559055118
11
-0.4191076377952756
21
0.2976337007874016
0
LINE
8
BLACK
6
CONTINUOUS
10
-0.4191076377952756
20
0.2976337007874016
11
-0.4191076377952756
21
0.2959416535433071
0
LINE
8
BLACK
6
CONTINUOUS
10
-0.4191076377952756
20
0.2959416535433071
11
-0.4185681496062992
21
0.2948626377952756
0
LINE
8
BLACK
6
CONTINUOUS
10
-0.4185681496062992
20
0.2948626377952756
11
-0.4180893307086614
21
0.2943838582677165
0
LINE
8
BLACK
6
CONTINUOUS
10
-0.4180893307086614
20
0.2943838582677165
11
-0.4170102755905511
21
0.2938442913385827
0
LINE
8
BLACK
6
CONTINUOUS
10
-0.4170102755905511
20
0.2938442913385827
11
-0.4124709842519685
21
0.2938442913385827
0
LINE
8
BLACK
6
CONTINUOUS
10
-0.4124709842519685
20
0.2938442913385827
11
-0.4124709842519685
21
0.299731062992126
0
LINE
8
BLACK
6
CONTINUOUS
10
-0.4124709842519685
20
0.299731062992126
11
-0.4170102755905511
21
0.299731062992126
0
LINE
8
BLACK
6
CONTINUOUS
10
-0.4170102755905511
20
0.299731062992126
11
-0.4180893307086614
21
0.2991915354330709
0
LINE
8
BLACK
6
CONTINUOUS
10
-0.3914173228346456
20
0.3105352755905512
11
-0.3900253937007874
21
0.3099587007874016
0
LINE
8
BLACK
6
CONTINUOUS
10
-0.3900253937007874
20
0.3099587007874016
11
-0.3894488188976378
21
0.3085667716535433
0
LINE
8
BLACK
6
CONTINUOUS
10
-0.3894488188976378
20
0.3085667716535433
11
-0.3894488188976378
21
0.2760864566929134
0
LINE
8
BLACK
6
CONTINUOUS
10
-0.3894488188976378
20
0.2760864566929134
11
-0.3900253937007874
21
0.2746945275590551
0
LINE
8
BLACK
6
CONTINUOUS
10
-0.3900253937007874
20
0.2746945275590551
11
-0.3914173228346456
21
0.2741179527559055
0
LINE
8
BLACK
6
CONTINUOUS
10
-0.3914173228346456
20
0.2741179527559055
11
-0.4544094488188976
21
0.2741179527559055
0
LINE
8
BLACK
6
CONTINUOUS
10
-0.4544094488188976
20
0.2741179527559055
11
-0.4558013779527559
21
0.2746945275590551
0
LINE
8
BLACK
6
CONTINUOUS
10
-0.4558013779527559
20
0.2746945275590551
11
-0.4563779527559055
21
0.2760864566929134
0
LINE
8
BLACK
6
CONTINUOUS
10
-0.4563779527559055
20
0.2760864566929134
11
-0.4563779527559055
21
0.3085667716535433
0
LINE
8
BLACK
6
CONTINUOUS
10
-0.4563779527559055
20
0.3085667716535433
11
-0.4558013779527559
21
0.3099587007874016
0
LINE
8
BLACK
6
CONTINUOUS
10
-0.4558013779527559
20
0.3099587007874016
11
-0.4544094488188976
21
0.3105352755905512
0
LINE
8
BLACK
6
CONTINUOUS
10
-0.4544094488188976
20
0.3105352755905512
11
-0.3914173228346456
21
0.3105352755905512
0
LINE
8
BLACK
6
CONTINUOUS
10
-0.4524409448818897
20
0.3065982677165354
11
-0.4524409448818897
21
0.2780549606299212
0
LINE
8
BLACK
6
CONTINUOUS
10
-0.4524409448818897
20
0.2780549606299212
11
-0.3933858267716535
21
0.2780549606299212
0
LINE
8
BLACK
6
CONTINUOUS
10
-0.3933858267716535
20
0.2780549606299212
11
-0.3933858267716535
21
0.3065982677165354
0
LINE
8
BLACK
6
CONTINUOUS
10
-0.3933858267716535
20
0.3065982677165354
11
-0.4524409448818897
21
0.3065982677165354
0
LINE
8
BLACK
6
CONTINUOUS
10
-0.3073613779527559
20
0.3019880708661417
11
-0.3070870866141732
21
0.3019685826771654
0
LINE
8
BLACK
6
CONTINUOUS
10
-0.3070870866141732
20
0.3019685826771654
11
-0.3055872834645669
21
0.3012186614173228
0
LINE
8
BLACK
6
CONTINUOUS
10
-0.3055872834645669
20
0.3012186614173228
11
-0.3054599606299213
21
0.3010718503937008
0
LINE
8
BLACK
6
CONTINUOUS
10
-0.3054599606299213
20
0.3010718503937008
11
-0.3052803543307087
21
0.3009974409448819
0
LINE
8
BLACK
6
CONTINUOUS
10
-0.3052803543307087
20
0.3009974409448819
11
-0.3045304724409449
21
0.3002475590551181
0
LINE
8
BLACK
6
CONTINUOUS
10
-0.3045304724409449
20
0.3002475590551181
11
-0.3044561023622047
21
0.3000679527559055
0
LINE
8
BLACK
6
CONTINUOUS
10
-0.3044561023622047
20
0.3000679527559055
11
-0.3043091732283464
21
0.2999405511811024
0
LINE
8
BLACK
6
CONTINUOUS
10
-0.3043091732283464
20
0.2999405511811024
11
-0.3035592913385827
21
0.2984407086614173
0
LINE
8
BLACK
6
CONTINUOUS
10
-0.3035592913385827
20
0.2984407086614173
11
-0.3035498031496063
21
0.2983068503937008
0
LINE
8
BLACK
6
CONTINUOUS
10
-0.3035498031496063
20
0.2983068503937008
11
-0.3034698818897638
21
0.2981989763779527
0
LINE
8
BLACK
6
CONTINUOUS
10
-0.3034698818897638
20
0.2981989763779527
11
-0.3027199606299212
21
0.2951993700787401
0
LINE
8
BLACK
6
CONTINUOUS
10
-0.3027199606299212
20
0.2951993700787401
11
-0.3027420078740157
21
0.2950512992125984
0
LINE
8
BLACK
6
CONTINUOUS
10
-0.3027420078740157
20
0.2950512992125984
11
-0.3026846850393701
21
0.2949129133858268
0
LINE
8
BLACK
6
CONTINUOUS
10
-0.3026846850393701
20
0.2949129133858268
11
-0.3026846850393701
21
0.2911633858267716
0
LINE
8
BLACK
6
CONTINUOUS
10
-0.3026846850393701
20
0.2911633858267716
11
-0.3027420078740157
21
0.2910250393700787
0
LINE
8
BLACK
6
CONTINUOUS
10
-0.3027420078740157
20
0.2910250393700787
11
-0.3027199606299212
21
0.2908769291338583
0
LINE
8
BLACK
6
CONTINUOUS
10
-0.3027199606299212
20
0.2908769291338583
11
-0.3034698818897638
21
0.2878772834645669
0
LINE
8
BLACK
6
CONTINUOUS
10
-0.3034698818897638
20
0.2878772834645669
11
-0.3035498031496063
21
0.2877694488188977
0
LINE
8
BLACK
6
CONTINUOUS
10
-0.3035498031496063
20
0.2877694488188977
11
-0.3035592913385827
21
0.2876355511811023
0
LINE
8
BLACK
6
CONTINUOUS
10
-0.3035592913385827
20
0.2876355511811023
11
-0.3043091732283464
21
0.2861357480314961
0
LINE
8
BLACK
6
CONTINUOUS
10
-0.3043091732283464
20
0.2861357480314961
11
-0.304456062992126
21
0.2860083858267716
0
LINE
8
BLACK
6
CONTINUOUS
10
-0.304456062992126
20
0.2860083858267716
11
-0.3045304330708661
21
0.285828779527559
0
LINE
8
BLACK
6
CONTINUOUS
10
-0.3045304330708661
20
0.285828779527559
11
-0.3052803543307087
21
0.2850788582677165
0
LINE
8
BLACK
6
CONTINUOUS
10
-0.3052803543307087
20
0.2850788582677165
11
-0.3054599606299213
21
0.2850044881889764
0
LINE
8
BLACK
6
CONTINUOUS
10
-0.3054599606299213
20
0.2850044881889764
11
-0.3055873228346457
21
0.2848575984251969
0
LINE
8
BLACK
6
CONTINUOUS
10
-0.3055873228346457
20
0.2848575984251969
11
-0.307087125984252
21
0.284107716535433
0
LINE
8
BLACK
6
CONTINUOUS
10
-0.307087125984252
20
0.284107716535433
11
-0.3073613385826772
21
0.2840882677165354
0
LINE
8
BLACK
6
CONTINUOUS
10
-0.3073613385826772
20
0.2840882677165354
11
-0.3076153149606299
21
0.283983031496063
0
LINE
8
BLACK
6
CONTINUOUS
10
-0.3076153149606299
20
0.283983031496063
11
-0.3091151181102362
21
0.283983031496063
0
LINE
8
BLACK
6
CONTINUOUS
10
-0.3091151181102362
20
0.283983031496063
11
-0.3093691338582677
21
0.2840882677165354
0
LINE
8
BLACK
6
CONTINUOUS
10
-0.3093691338582677
20
0.2840882677165354
11
-0.3096433070866141
21
0.284107716535433
0
LINE
8
BLACK
6
CONTINUOUS
10
-0.3096433070866141
20
0.284107716535433
11
-0.3111431496062992
21
0.2848575984251969
0
LINE
8
BLACK
6
CONTINUOUS
10
-0.3111431496062992
20
0.2848575984251969
11
-0.3112705511811024
21
0.2850045275590551
0
LINE
8
BLACK
6
CONTINUOUS
10
-0.3112705511811024
20
0.2850045275590551
11
-0.311450157480315
21
0.2850788976377953
0
LINE
8
BLACK
6
CONTINUOUS
10
-0.311450157480315
20
0.2850788976377953
11
-0.3122000393700787
21
0.285828779527559
0
LINE
8
BLACK
6
CONTINUOUS
10
-0.3122000393700787
20
0.285828779527559
11
-0.3122744488188977
21
0.2860083858267716
0
LINE
8
BLACK
6
CONTINUOUS
10
-0.3122744488188977
20
0.2860083858267716
11
-0.3124212598425197
21
0.2861357086614173
0
LINE
8
BLACK
6
CONTINUOUS
10
-0.3124212598425197
20
0.2861357086614173
11
-0.3131711811023622
21
0.2876355118110236
0
LINE
8
BLACK
6
CONTINUOUS
10
-0.3131711811023622
20
0.2876355118110236
11
-0.3131807086614173
21
0.2877694881889764
0
LINE
8
BLACK
6
CONTINUOUS
10
-0.3131807086614173
20
0.2877694881889764
11
-0.3132605905511811
21
0.2878772834645669
0
LINE
8
BLACK
6
CONTINUOUS
10
-0.3132605905511811
20
0.2878772834645669
11
-0.3140104724409449
21
0.2908769291338583
0
LINE
8
BLACK
6
CONTINUOUS
10
-0.3140104724409449
20
0.2908769291338583
11
-0.3139884645669291
21
0.2910250393700787
0
LINE
8
BLACK
6
CONTINUOUS
10
-0.3139884645669291
20
0.2910250393700787
11
-0.314045748031496
21
0.2911633858267716
0
LINE
8
BLACK
6
CONTINUOUS
10
-0.314045748031496
20
0.2911633858267716
11
-0.314045748031496
21
0.2949129133858268
0
LINE
8
BLACK
6
CONTINUOUS
10
-0.314045748031496
20
0.2949129133858268
11
-0.3139884645669291
21
0.2950512992125984
0
LINE
8
BLACK
6
CONTINUOUS
10
-0.3139884645669291
20
0.2950512992125984
11
-0.3140104724409449
21
0.2951993700787401
0
LINE
8
BLACK
6
CONTINUOUS
10
-0.3140104724409449
20
0.2951993700787401
11
-0.3132605905511811
21
0.2981989763779527
0
LINE
8
BLACK
6
CONTINUOUS
10
-0.3132605905511811
20
0.2981989763779527
11
-0.3131807086614173
21
0.2983068503937008
0
LINE
8
BLACK
6
CONTINUOUS
10
-0.3131807086614173
20
0.2983068503937008
11
-0.3131711811023622
21
0.2984407086614173
0
LINE
8
BLACK
6
CONTINUOUS
10
-0.3131711811023622
20
0.2984407086614173
11
-0.3124212598425197
21
0.2999405905511811
0
LINE
8
BLACK
6
CONTINUOUS
10
-0.3124212598425197
20
0.2999405905511811
11
-0.3122743700787401
21
0.3000679921259842
0
LINE
8
BLACK
6
CONTINUOUS
10
-0.3122743700787401
20
0.3000679921259842
11
-0.3122
21
0.3002475196850394
0
LINE
8
BLACK
6
CONTINUOUS
10
-0.3122
20
0.3002475196850394
11
-0.3114501181102362
21
0.3009974409448819
0
LINE
8
BLACK
6
CONTINUOUS
10
-0.3114501181102362
20
0.3009974409448819
11
-0.3112705118110236
21
0.3010718503937008
0
LINE
8
BLACK
6
CONTINUOUS
10
-0.3112705118110236
20
0.3010718503937008
11
-0.3111431496062992
21
0.3012186614173228
0
LINE
8
BLACK
6
CONTINUOUS
10
-0.3111431496062992
20
0.3012186614173228
11
-0.3096433070866141
21
0.3019685826771654
0
LINE
8
BLACK
6
CONTINUOUS
10
-0.3096433070866141
20
0.3019685826771654
11
-0.3093691338582677
21
0.3019880708661417
0
LINE
8
BLACK
6
CONTINUOUS
10
-0.3093691338582677
20
0.3019880708661417
11
-0.3091151181102362
21
0.3020932677165354
0
LINE
8
BLACK
6
CONTINUOUS
10
-0.3091151181102362
20
0.3020932677165354
11
-0.3076153149606299
21
0.3020932677165354
0
LINE
8
BLACK
6
CONTINUOUS
10
-0.3076153149606299
20
0.3020932677165354
11
-0.3073613779527559
21
0.3019880708661417
0
LINE
8
BLACK
6
CONTINUOUS
10
-0.3099153149606299
20
0.2991915748031496
11
-0.3103941732283464
21
0.2987127559055118
0
LINE
8
BLACK
6
CONTINUOUS
10
-0.3103941732283464
20
0.2987127559055118
11
-0.3110003937007874
21
0.2975002755905512
0
LINE
8
BLACK
6
CONTINUOUS
10
-0.3110003937007874
20
0.2975002755905512
11
-0.3116835433070866
21
0.2947675984251968
0
LINE
8
BLACK
6
CONTINUOUS
10
-0.3116835433070866
20
0.2947675984251968
11
-0.3116835433070866
21
0.2913087401574803
0
LINE
8
BLACK
6
CONTINUOUS
10
-0.3116835433070866
20
0.2913087401574803
11
-0.3110004330708661
21
0.2885761023622047
0
LINE
8
BLACK
6
CONTINUOUS
10
-0.3110004330708661
20
0.2885761023622047
11
-0.3103941732283464
21
0.2873636220472441
0
LINE
8
BLACK
6
CONTINUOUS
10
-0.3103941732283464
20
0.2873636220472441
11
-0.3099152755905512
21
0.2868847244094488
0
LINE
8
BLACK
6
CONTINUOUS
10
-0.3099152755905512
20
0.2868847244094488
11
-0.3088362992125984
21
0.2863452362204724
0
LINE
8
BLACK
6
CONTINUOUS
10
-0.3088362992125984
20
0.2863452362204724
11
-0.3078941338582677
21
0.2863452362204724
0
LINE
8
BLACK
6
CONTINUOUS
10
-0.3078941338582677
20
0.2863452362204724
11
-0.3068151181102362
21
0.2868847637795275
0
LINE
8
BLACK
6
CONTINUOUS
10
-0.3068151181102362
20
0.2868847637795275
11
-0.3063363385826772
21
0.2873635433070866
0
LINE
8
BLACK
6
CONTINUOUS
10
-0.3063363385826772
20
0.2873635433070866
11
-0.3057301181102362
21
0.2885760236220473
0
LINE
8
BLACK
6
CONTINUOUS
10
-0.3057301181102362
20
0.2885760236220473
11
-0.3050468897637795
21
0.2913087795275591
0
LINE
8
BLACK
6
CONTINUOUS
10
-0.3050468897637795
20
0.2913087795275591
11
-0.3050468897637795
21
0.2947675590551181
0
LINE
8
BLACK
6
CONTINUOUS
10
-0.3050468897637795
20
0.2947675590551181
11
-0.3057301181102362
21
0.2975002755905512
0
LINE
8
BLACK
6
CONTINUOUS
10
-0.3057301181102362
20
0.2975002755905512
11
-0.3063362992125984
21
0.2987126771653543
0
LINE
8
BLACK
6
CONTINUOUS
10
-0.3063362992125984
20
0.2987126771653543
11
-0.3068151968503937
21
0.2991915748031496
0
LINE
8
BLACK
6
CONTINUOUS
10
-0.3068151968503937
20
0.2991915748031496
11
-0.3078941732283464
21
0.299731062992126
0
LINE
8
BLACK
6
CONTINUOUS
10
-0.3078941732283464
20
0.299731062992126
11
-0.3088362598425197
21
0.299731062992126
0
LINE
8
BLACK
6
CONTINUOUS
10
-0.3088362598425197
20
0.299731062992126
11
-0.3099153149606299
21
0.2991915748031496
0
LINE
8
BLACK
6
CONTINUOUS
10
-0.2932547637795275
20
0.3020467322834646
11
-0.2931355118110236
21
0.3020703149606299
0
LINE
8
BLACK
6
CONTINUOUS
10
-0.2931355118110236
20
0.3020703149606299
11
-0.2928498031496063
21
0.3018789763779527
0
LINE
8
BLACK
6
CONTINUOUS
10
-0.2928498031496063
20
0.3018789763779527
11
-0.292531968503937
21
0.3017473228346457
0
LINE
8
BLACK
6
CONTINUOUS
10
-0.292531968503937
20
0.3017473228346457
11
-0.2924854330708661
21
0.301635
0
LINE
8
BLACK
6
CONTINUOUS
10
-0.2924854330708661
20
0.301635
11
-0.2923844094488189
21
0.3015673228346457
0
LINE
8
BLACK
6
CONTINUOUS
10
-0.2923844094488189
20
0.3015673228346457
11
-0.2909493700787402
21
0.299414842519685
0
LINE
8
BLACK
6
CONTINUOUS
10
-0.2909493700787402
20
0.299414842519685
11
-0.289667874015748
21
0.2981333464566929
0
LINE
8
BLACK
6
CONTINUOUS
10
-0.289667874015748
20
0.2981333464566929
11
-0.2883394488188976
21
0.2974691338582677
0
LINE
8
BLACK
6
CONTINUOUS
10
-0.2883394488188976
20
0.2974691338582677
11
-0.2877471653543307
21
0.2967861811023622
0
LINE
8
BLACK
6
CONTINUOUS
10
-0.2877471653543307
20
0.2967861811023622
11
-0.2878112598425197
21
0.2958844881889764
0
LINE
8
BLACK
6
CONTINUOUS
10
-0.2878112598425197
20
0.2958844881889764
11
-0.2884941732283465
21
0.2952922440944882
0
LINE
8
BLACK
6
CONTINUOUS
10
-0.2884941732283465
20
0.2952922440944882
11
-0.2893958661417323
21
0.2953562992125984
0
LINE
8
BLACK
6
CONTINUOUS
10
-0.2893958661417323
20
0.2953562992125984
11
-0.2908957086614173
21
0.296106220472441
0
LINE
8
BLACK
6
CONTINUOUS
10
-0.2908957086614173
20
0.296106220472441
11
-0.2910231102362205
21
0.2962531102362205
0
LINE
8
BLACK
6
CONTINUOUS
10
-0.2910231102362205
20
0.2962531102362205
11
-0.2912026771653543
21
0.2963274803149606
0
LINE
8
BLACK
6
CONTINUOUS
10
-0.2912026771653543
20
0.2963274803149606
11
-0.2921860236220473
21
0.2973108661417323
0
LINE
8
BLACK
6
CONTINUOUS
10
-0.2921860236220473
20
0.2973108661417323
11
-0.2921860236220473
21
0.2863452362204724
0
LINE
8
BLACK
6
CONTINUOUS
10
-0.2921860236220473
20
0.2863452362204724
11
-0.2888676771653543
21
0.2863452362204724
0
LINE
8
BLACK
6
CONTINUOUS
10
-0.2888676771653543
20
0.2863452362204724
11
-0.2880325196850393
21
0.2859992913385827
0
LINE
8
BLACK
6
CONTINUOUS
10
-0.2880325196850393
20
0.2859992913385827
11
-0.2876865748031496
21
0.2851641338582677
0
LINE
8
BLACK
6
CONTINUOUS
10
-0.2876865748031496
20
0.2851641338582677
11
-0.2880325196850393
21
0.2843289763779527
0
LINE
8
BLACK
6
CONTINUOUS
10
-0.2880325196850393
20
0.2843289763779527
11
-0.2888676771653543
21
0.283983031496063
0
LINE
8
BLACK
6
CONTINUOUS
10
-0.2888676771653543
20
0.283983031496063
11
-0.293367125984252
21
0.283983031496063
0
LINE
8
BLACK
6
CONTINUOUS
10
-0.293367125984252
20
0.283983031496063
11
-0.2978665354330708
21
0.283983031496063
0
LINE
8
BLACK
6
CONTINUOUS
10
-0.2978665354330708
20
0.283983031496063
11
-0.2987016929133858
21
0.2843289763779527
0
LINE
8
BLACK
6
CONTINUOUS
10
-0.2987016929133858
20
0.2843289763779527
11
-0.2990476377952756
21
0.2851641338582677
0
LINE
8
BLACK
6
CONTINUOUS
10
-0.2990476377952756
20
0.2851641338582677
11
-0.2987016929133858
21
0.2859992913385827
0
LINE
8
BLACK
6
CONTINUOUS
10
-0.2987016929133858
20
0.2859992913385827
11
-0.2978665354330708
21
0.2863452362204724
0
LINE
8
BLACK
6
CONTINUOUS
10
-0.2978665354330708
20
0.2863452362204724
11
-0.2945482283464567
21
0.2863452362204724
0
LINE
8
BLACK
6
CONTINUOUS
10
-0.2945482283464567
20
0.2863452362204724
11
-0.2945482283464567
21
0.3009121653543307
0
LINE
8
BLACK
6
CONTINUOUS
10
-0.2945482283464567
20
0.3009121653543307
11
-0.2945016929133858
21
0.3010245669291339
0
LINE
8
BLACK
6
CONTINUOUS
10
-0.2945016929133858
20
0.3010245669291339
11
-0.2945252755905512
21
0.3011437795275591
0
LINE
8
BLACK
6
CONTINUOUS
10
-0.2945252755905512
20
0.3011437795275591
11
-0.294333937007874
21
0.3014295275590551
0
LINE
8
BLACK
6
CONTINUOUS
10
-0.294333937007874
20
0.3014295275590551
11
-0.2942022834645669
21
0.3017473228346457
0
LINE
8
BLACK
6
CONTINUOUS
10
-0.2942022834645669
20
0.3017473228346457
11
-0.2940899606299213
21
0.3017938976377953
0
LINE
8
BLACK
6
CONTINUOUS
10
-0.2940899606299213
20
0.3017938976377953
11
-0.2940222834645669
21
0.3018948818897638
0
LINE
8
BLACK
6
CONTINUOUS
10
-0.2940222834645669
20
0.3018948818897638
11
-0.2936849606299213
21
0.3019616535433071
0
LINE
8
BLACK
6
CONTINUOUS
10
-0.2936849606299213
20
0.3019616535433071
11
-0.293367125984252
21
0.3020932677165354
0
LINE
8
BLACK
6
CONTINUOUS
10
-0.293367125984252
20
0.3020932677165354
11
-0.2932547637795275
21
0.3020467322834646
0
LINE
8
BLACK
6
CONTINUOUS
10
-0.2730344094488189
20
0.3017473228346457
11
-0.2726884645669291
21
0.3009121653543307
0
LINE
8
BLACK
6
CONTINUOUS
10
-0.2726884645669291
20
0.3009121653543307
11
-0.2726884645669291
21
0.2851641338582677
0
LINE
8
BLACK
6
CONTINUOUS
10
-0.2726884645669291
20
0.2851641338582677
11
-0.2730344094488189
21
0.2843289763779527
0
LINE
8
BLACK
6
CONTINUOUS
10
-0.2730344094488189
20
0.2843289763779527
11
-0.2738695669291338
21
0.283983031496063
0
LINE
8
BLACK
6
CONTINUOUS
10
-0.2738695669291338
20
0.283983031496063
11
-0.2747047244094488
21
0.2843289763779527
0
LINE
8
BLACK
6
CONTINUOUS
10
-0.2747047244094488
20
0.2843289763779527
11
-0.2750506692913386
21
0.2851641338582677
0
LINE
8
BLACK
6
CONTINUOUS
10
-0.2750506692913386
20
0.2851641338582677
11
-0.2750506692913386
21
0.2914820866141732
0
LINE
8
BLACK
6
CONTINUOUS
10
-0.2750506692913386
20
0.2914820866141732
11
-0.2770041338582677
21
0.2914820866141732
0
LINE
8
BLACK
6
CONTINUOUS
10
-0.2770041338582677
20
0.2914820866141732
11
-0.2819008267716535
21
0.2844868110236221
0
LINE
8
BLACK
6
CONTINUOUS
10
-0.2819008267716535
20
0.2844868110236221
11
-0.2826631496062992
21
0.2840010236220472
0
LINE
8
BLACK
6
CONTINUOUS
10
-0.2826631496062992
20
0.2840010236220472
11
-0.2835457480314961
21
0.2841965354330709
0
LINE
8
BLACK
6
CONTINUOUS
10
-0.2835457480314961
20
0.2841965354330709
11
-0.2840315354330709
21
0.2849588582677166
0
LINE
8
BLACK
6
CONTINUOUS
10
-0.2840315354330709
20
0.2849588582677166
11
-0.2838360236220472
21
0.2858414566929134
0
LINE
8
BLACK
6
CONTINUOUS
10
-0.2838360236220472
20
0.2858414566929134
11
-0.2798833858267716
21
0.2914881102362205
0
LINE
8
BLACK
6
CONTINUOUS
10
-0.2798833858267716
20
0.2914881102362205
11
-0.2801228346456693
21
0.2915873228346457
0
LINE
8
BLACK
6
CONTINUOUS
10
-0.2801228346456693
20
0.2915873228346457
11
-0.2803970078740157
21
0.2916067716535433
0
LINE
8
BLACK
6
CONTINUOUS
10
-0.2803970078740157
20
0.2916067716535433
11
-0.2818968503937008
21
0.2923566929133858
0
LINE
8
BLACK
6
CONTINUOUS
10
-0.2818968503937008
20
0.2923566929133858
11
-0.2820242125984252
21
0.2925035433070866
0
LINE
8
BLACK
6
CONTINUOUS
10
-0.2820242125984252
20
0.2925035433070866
11
-0.282203779527559
21
0.2925779133858268
0
LINE
8
BLACK
6
CONTINUOUS
10
-0.282203779527559
20
0.2925779133858268
11
-0.2829536614173228
21
0.2933278346456693
0
LINE
8
BLACK
6
CONTINUOUS
10
-0.2829536614173228
20
0.2933278346456693
11
-0.283028031496063
21
0.2935074015748032
0
LINE
8
BLACK
6
CONTINUOUS
10
-0.283028031496063
20
0.2935074015748032
11
-0.2831749212598425
21
0.2936347637795276
0
LINE
8
BLACK
6
CONTINUOUS
10
-0.2831749212598425
20
0.2936347637795276
11
-0.283924842519685
21
0.2951346456692913
0
LINE
8
BLACK
6
CONTINUOUS
10
-0.283924842519685
20
0.2951346456692913
11
-0.2839443307086614
21
0.2954088582677165
0
LINE
8
BLACK
6
CONTINUOUS
10
-0.2839443307086614
20
0.2954088582677165
11
-0.2840495275590551
21
0.2956628346456693
0
LINE
8
BLACK
6
CONTINUOUS
10
-0.2840495275590551
20
0.2956628346456693
11
-0.2840495275590551
21
0.2979125196850393
0
LINE
8
BLACK
6
CONTINUOUS
10
-0.2840495275590551
20
0.2979125196850393
11
-0.2839443307086614
21
0.2981665354330709
0
LINE
8
BLACK
6
CONTINUOUS
10
-0.2839443307086614
20
0.2981665354330709
11
-0.283924842519685
21
0.2984407086614173
0
LINE
8
BLACK
6
CONTINUOUS
10
-0.283924842519685
20
0.2984407086614173
11
-0.2831749212598425
21
0.2999405905511811
0
LINE
8
BLACK
6
CONTINUOUS
10
-0.2831749212598425
20
0.2999405905511811
11
-0.283028031496063
21
0.3000679921259842
0
LINE
8
BLACK
6
CONTINUOUS
10
-0.283028031496063
20
0.3000679921259842
11
-0.2829536614173228
21
0.3002475196850394
0
LINE
8
BLACK
6
CONTINUOUS
10
-0.2829536614173228
20
0.3002475196850394
11
-0.282203779527559
21
0.3009974409448819
0
LINE
8
BLACK
6
CONTINUOUS
10
-0.282203779527559
20
0.3009974409448819
11
-0.2820242125984252
21
0.3010718503937008
0
LINE
8
BLACK
6
CONTINUOUS
10
-0.2820242125984252
20
0.3010718503937008
11
-0.2818968503937008
21
0.3012186614173228
0
LINE
8
BLACK
6
CONTINUOUS
10
-0.2818968503937008
20
0.3012186614173228
11
-0.2803970078740157
21
0.3019685826771654
0
LINE
8
BLACK
6
CONTINUOUS
10
-0.2803970078740157
20
0.3019685826771654
11
-0.2801228346456693
21
0.3019880708661417
0
LINE
8
BLACK
6
CONTINUOUS
10
-0.2801228346456693
20
0.3019880708661417
11
-0.2798688188976378
21
0.3020932677165354
0
LINE
8
BLACK
6
CONTINUOUS
10
-0.2798688188976378
20
0.3020932677165354
11
-0.2738695669291338
21
0.3020932677165354
0
LINE
8
BLACK
6
CONTINUOUS
10
-0.2738695669291338
20
0.3020932677165354
11
-0.2730344094488189
21
0.3017473228346457
0
LINE
8
BLACK
6
CONTINUOUS
10
-0.2806690157480315
20
0.2991915354330709
11
-0.2811478346456693
21
0.2987127559055118
0
LINE
8
BLACK
6
CONTINUOUS
10
-0.2811478346456693
20
0.2987127559055118
11
-0.2816873228346456
21
0.2976337007874016
0
LINE
8
BLACK
6
CONTINUOUS
10
-0.2816873228346456
20
0.2976337007874016
11
-0.2816873228346456
21
0.2959416535433071
0
LINE
8
BLACK
6
CONTINUOUS
10
-0.2816873228346456
20
0.2959416535433071
11
-0.2811478346456693
21
0.2948626377952756
0
LINE
8
BLACK
6
CONTINUOUS
10
-0.2811478346456693
20
0.2948626377952756
11
-0.2806690157480315
21
0.2943838582677165
0
LINE
8
BLACK
6
CONTINUOUS
10
-0.2806690157480315
20
0.2943838582677165
11
-0.2795899606299213
21
0.2938442913385827
0
LINE
8
BLACK
6
CONTINUOUS
10
-0.2795899606299213
20
0.2938442913385827
11
-0.2750506692913386
21
0.2938442913385827
0
LINE
8
BLACK
6
CONTINUOUS
10
-0.2750506692913386
20
0.2938442913385827
11
-0.2750506692913386
21
0.299731062992126
0
LINE
8
BLACK
6
CONTINUOUS
10
-0.2750506692913386
20
0.299731062992126
11
-0.2795899606299213
21
0.299731062992126
0
LINE
8
BLACK
6
CONTINUOUS
10
-0.2795899606299213
20
0.299731062992126
11
-0.2806690157480315
21
0.2991915354330709
0
LINE
8
BLACK
6
CONTINUOUS
10
-0.261496062992126
20
0.3105352755905512
11
-0.2601041338582677
21
0.3099587007874016
0
LINE
8
BLACK
6
CONTINUOUS
10
-0.2601041338582677
20
0.3099587007874016
11
-0.2595275590551181
21
0.3085667716535433
0
LINE
8
BLACK
6
CONTINUOUS
10
-0.2595275590551181
20
0.3085667716535433
11
-0.2595275590551181
21
0.2760864566929134
0
LINE
8
BLACK
6
CONTINUOUS
10
-0.2595275590551181
20
0.2760864566929134
11
-0.2601041338582677
21
0.2746945275590551
0
LINE
8
BLACK
6
CONTINUOUS
10
-0.2601041338582677
20
0.2746945275590551
11
-0.261496062992126
21
0.2741179527559055
0
LINE
8
BLACK
6
CONTINUOUS
10
-0.261496062992126
20
0.2741179527559055
11
-0.3244881889763779
21
0.2741179527559055
0
LINE
8
BLACK
6
CONTINUOUS
10
-0.3244881889763779
20
0.2741179527559055
11
-0.3258801181102362
21
0.2746945275590551
0
LINE
8
BLACK
6
CONTINUOUS
10
-0.3258801181102362
20
0.2746945275590551
11
-0.3264566929133858
21
0.2760864566929134
0
LINE
8
BLACK
6
CONTINUOUS
10
-0.3264566929133858
20
0.2760864566929134
11
-0.3264566929133858
21
0.3085667716535433
0
LINE
8
BLACK
6
CONTINUOUS
10
-0.3264566929133858
20
0.3085667716535433
11
-0.3258801181102362
21
0.3099587007874016
0
LINE
8
BLACK
6
CONTINUOUS
10
-0.3258801181102362
20
0.3099587007874016
11
-0.3244881889763779
21
0.3105352755905512
0
LINE
8
BLACK
6
CONTINUOUS
10
-0.3244881889763779
20
0.3105352755905512
11
-0.261496062992126
21
0.3105352755905512
0
LINE
8
BLACK
6
CONTINUOUS
10
-0.3225196850393701
20
0.3065982677165354
11
-0.3225196850393701
21
0.2780549606299212
0
LINE
8
BLACK
6
CONTINUOUS
10
-0.3225196850393701
20
0.2780549606299212
11
-0.2634645669291338
21
0.2780549606299212
0
LINE
8
BLACK
6
CONTINUOUS
10
-0.2634645669291338
20
0.2780549606299212
11
-0.2634645669291338
21
0.3065982677165354
0
LINE
8
BLACK
6
CONTINUOUS
10
-0.2634645669291338
20
0.3065982677165354
11
-0.3225196850393701
21
0.3065982677165354
0
LINE
8
BLACK
6
CONTINUOUS
10
-0.5594305905511811
20
0.3027184645669291
11
-0.5588383070866142
21
0.3020355511811024
0
LINE
8
BLACK
6
CONTINUOUS
10
-0.5588383070866142
20
0.3020355511811024
11
-0.5550887795275591
21
0.290786968503937
0
LINE
8
BLACK
6
CONTINUOUS
10
-0.5550887795275591
20
0.290786968503937
11
-0.5551025590551181
21
0.2905931102362205
0
LINE
8
BLACK
6
CONTINUOUS
10
-0.5551025590551181
20
0.2905931102362205
11
-0.5550281496062992
21
0.2904134645669291
0
LINE
8
BLACK
6
CONTINUOUS
10
-0.5550281496062992
20
0.2904134645669291
11
-0.5551333858267716
21
0.2901594881889764
0
LINE
8
BLACK
6
CONTINUOUS
10
-0.5551333858267716
20
0.2901594881889764
11
-0.5551528346456692
21
0.2898852755905512
0
LINE
8
BLACK
6
CONTINUOUS
10
-0.5551528346456692
20
0.2898852755905512
11
-0.5552997244094489
21
0.2897579133858267
0
LINE
8
BLACK
6
CONTINUOUS
10
-0.5552997244094489
20
0.2897579133858267
11
-0.555374094488189
21
0.2895783070866141
0
LINE
8
BLACK
6
CONTINUOUS
10
-0.555374094488189
20
0.2895783070866141
11
-0.5556281102362205
21
0.2894731102362205
0
LINE
8
BLACK
6
CONTINUOUS
10
-0.5556281102362205
20
0.2894731102362205
11
-0.555835748031496
21
0.2892929921259842
0
LINE
8
BLACK
6
CONTINUOUS
10
-0.555835748031496
20
0.2892929921259842
11
-0.5560296456692914
21
0.2893067716535433
0
LINE
8
BLACK
6
CONTINUOUS
10
-0.5560296456692914
20
0.2893067716535433
11
-0.5562092519685039
21
0.2892323622047244
0
LINE
8
BLACK
6
CONTINUOUS
10
-0.5562092519685039
20
0.2892323622047244
11
-0.5625272047244094
21
0.2892323622047244
0
LINE
8
BLACK
6
CONTINUOUS
10
-0.5625272047244094
20
0.2892323622047244
11
-0.5625272047244094
21
0.2851641338582677
0
LINE
8
BLACK
6
CONTINUOUS
10
-0.5625272047244094
20
0.2851641338582677
11
-0.5628731496062992
21
0.2843289763779527
0
LINE
8
BLACK
6
CONTINUOUS
10
-0.5628731496062992
20
0.2843289763779527
11
-0.5637083070866141
21
0.283983031496063
0
LINE
8
BLACK
6
CONTINUOUS
10
-0.5637083070866141
20
0.283983031496063
11
-0.5645434645669292
21
0.2843289763779527
0
LINE
8
BLACK
6
CONTINUOUS
10
-0.5645434645669292
20
0.2843289763779527
11
-0.5648894094488189
21
0.2851641338582677
0
LINE
8
BLACK
6
CONTINUOUS
10
-0.5648894094488189
20
0.2851641338582677
11
-0.5648894094488189
21
0.2892323622047244
0
LINE
8
BLACK
6
CONTINUOUS
10
-0.5648894094488189
20
0.2892323622047244
11
-0.5659580314960629
21
0.2892323622047244
0
LINE
8
BLACK
6
CONTINUOUS
10
-0.5659580314960629
20
0.2892323622047244
11
-0.566793188976378
21
0.2895783070866141
0
LINE
8
BLACK
6
CONTINUOUS
10
-0.566793188976378
20
0.2895783070866141
11
-0.5671391338582678
21
0.2904134645669291
0
LINE
8
BLACK
6
CONTINUOUS
10
-0.5671391338582678
20
0.2904134645669291
11
-0.566793188976378
21
0.2912486220472441
0
LINE
8
BLACK
6
CONTINUOUS
10
-0.566793188976378
20
0.2912486220472441
11
-0.5659580314960629
21
0.2915945669291338
0
LINE
8
BLACK
6
CONTINUOUS
10
-0.5659580314960629
20
0.2915945669291338
11
-0.5648894094488189
21
0.2915945669291338
0
LINE
8
BLACK
6
CONTINUOUS
10
-0.5648894094488189
20
0.2915945669291338
11
-0.5648894094488189
21
0.2956628346456693
0
LINE
8
BLACK
6
CONTINUOUS
10
-0.5648894094488189
20
0.2956628346456693
11
-0.5645434645669292
21
0.2964979921259843
0
LINE
8
BLACK
6
CONTINUOUS
10
-0.5645434645669292
20
0.2964979921259843
11
-0.5637083070866141
21
0.296843937007874
0
LINE
8
BLACK
6
CONTINUOUS
10
-0.5637083070866141
20
0.296843937007874
11
-0.5628731496062992
21
0.2964979921259843
0
LINE
8
BLACK
6
CONTINUOUS
10
-0.5628731496062992
20
0.2964979921259843
11
-0.5625272047244094
21
0.2956628346456693
0
LINE
8
BLACK
6
CONTINUOUS
10
-0.5625272047244094
20
0.2956628346456693
11
-0.5625272047244094
21
0.2915945669291338
0
LINE
8
BLACK
6
CONTINUOUS
10
-0.5625272047244094
20
0.2915945669291338
11
-0.5578479133858267
21
0.2915945669291338
0
LINE
8
BLACK
6
CONTINUOUS
10
-0.5578479133858267
20
0.2915945669291338
11
-0.5610792519685039
21
0.3012885433070866
0
LINE
8
BLACK
6
CONTINUOUS
10
-0.5610792519685039
20
0.3012885433070866
11
-0.5610151968503937
21
0.3021902362204724
0
LINE
8
BLACK
6
CONTINUOUS
10
-0.5610151968503937
20
0.3021902362204724
11
-0.5603322834645669
21
0.3027825196850394
0
LINE
8
BLACK
6
CONTINUOUS
10
-0.5603322834645669
20
0.3027825196850394
11
-0.5594305905511811
21
0.3027184645669291
0
LINE
8
BLACK
6
CONTINUOUS
10
-0.5455309448818898
20
0.3020188976377953
11
-0.5453370472440945
21
0.3020326377952756
0
LINE
8
BLACK
6
CONTINUOUS
10
-0.5453370472440945
20
0.3020326377952756
11
-0.5430873228346457
21
0.301282716535433
0
LINE
8
BLACK
6
CONTINUOUS
10
-0.5430873228346457
20
0.301282716535433
11
-0.5428796850393701
21
0.3011026377952756
0
LINE
8
BLACK
6
CONTINUOUS
10
-0.5428796850393701
20
0.3011026377952756
11
-0.5426256692913386
21
0.3009974015748031
0
LINE
8
BLACK
6
CONTINUOUS
10
-0.5426256692913386
20
0.3009974015748031
11
-0.5411258661417323
21
0.2994976377952756
0
LINE
8
BLACK
6
CONTINUOUS
10
-0.5411258661417323
20
0.2994976377952756
11
-0.5410514960629921
21
0.299318031496063
0
LINE
8
BLACK
6
CONTINUOUS
10
-0.5410514960629921
20
0.299318031496063
11
-0.5409046062992126
21
0.2991906299212598
0
LINE
8
BLACK
6
CONTINUOUS
10
-0.5409046062992126
20
0.2991906299212598
11
-0.5401547244094488
21
0.2976908267716535
0
LINE
8
BLACK
6
CONTINUOUS
10
-0.5401547244094488
20
0.2976908267716535
11
-0.5401452362204724
21
0.297556968503937
0
LINE
8
BLACK
6
CONTINUOUS
10
-0.5401452362204724
20
0.297556968503937
11
-0.5400653149606299
21
0.297449094488189
0
LINE
8
BLACK
6
CONTINUOUS
10
-0.5400653149606299
20
0.297449094488189
11
-0.5393153937007874
21
0.2944494488188976
0
LINE
8
BLACK
6
CONTINUOUS
10
-0.5393153937007874
20
0.2944494488188976
11
-0.5393374409448819
21
0.2943013779527559
0
LINE
8
BLACK
6
CONTINUOUS
10
-0.5393374409448819
20
0.2943013779527559
11
-0.5392801181102362
21
0.2941629921259842
0
LINE
8
BLACK
6
CONTINUOUS
10
-0.5392801181102362
20
0.2941629921259842
11
-0.5392801181102362
21
0.2919132677165354
0
LINE
8
BLACK
6
CONTINUOUS
10
-0.5392801181102362
20
0.2919132677165354
11
-0.5393374409448819
21
0.2917749212598425
0
LINE
8
BLACK
6
CONTINUOUS
10
-0.5393374409448819
20
0.2917749212598425
11
-0.5393153937007874
21
0.291626811023622
0
LINE
8
BLACK
6
CONTINUOUS
10
-0.5393153937007874
20
0.291626811023622
11
-0.5400653149606299
21
0.2886272047244094
0
LINE
8
BLACK
6
CONTINUOUS
10
-0.5400653149606299
20
0.2886272047244094
11
-0.5401452362204724
21
0.2885193700787402
0
LINE
8
BLACK
6
CONTINUOUS
10
-0.5401452362204724
20
0.2885193700787402
11
-0.5401547244094488
21
0.2883854724409449
0
LINE
8
BLACK
6
CONTINUOUS
10
-0.5401547244094488
20
0.2883854724409449
11
-0.5409046062992126
21
0.2868856692913386
0
LINE
8
BLACK
6
CONTINUOUS
10
-0.5409046062992126
20
0.2868856692913386
11
-0.5410514960629921
21
0.2867583070866142
0
LINE
8
BLACK
6
CONTINUOUS
10
-0.5410514960629921
20
0.2867583070866142
11
-0.5411258661417323
21
0.2865787007874016
0
LINE
8
BLACK
6
CONTINUOUS
10
-0.5411258661417323
20
0.2865787007874016
11
-0.5426256692913386
21
0.2850788582677165
0
LINE
8
BLACK
6
CONTINUOUS
10
-0.5426256692913386
20
0.2850788582677165
11
-0.5428796062992126
21
0.2849737007874016
0
LINE
8
BLACK
6
CONTINUOUS
10
-0.5428796062992126
20
0.2849737007874016
11
-0.5430873228346457
21
0.2847935039370079
0
LINE
8
BLACK
6
CONTINUOUS
10
-0.5430873228346457
20
0.2847935039370079
11
-0.5453370472440945
21
0.2840436220472441
0
LINE
8
BLACK
6
CONTINUOUS
10
-0.5453370472440945
20
0.2840436220472441
11
-0.5455309842519684
21
0.2840574409448819
0
LINE
8
BLACK
6
CONTINUOUS
10
-0.5455309842519684
20
0.2840574409448819
11
-0.5457105511811023
21
0.283983031496063
0
LINE
8
BLACK
6
CONTINUOUS
10
-0.5457105511811023
20
0.283983031496063
11
-0.5472103937007874
21
0.283983031496063
0
LINE
8
BLACK
6
CONTINUOUS
10
-0.5472103937007874
20
0.283983031496063
11
-0.5473899606299213
21
0.2840574409448819
0
LINE
8
BLACK
6
CONTINUOUS
10
-0.5473899606299213
20
0.2840574409448819
11
-0.5475838976377952
21
0.2840436220472441
0
LINE
8
BLACK
6
CONTINUOUS
10
-0.5475838976377952
20
0.2840436220472441
11
-0.5498335826771653
21
0.2847935039370079
0
LINE
8
BLACK
6
CONTINUOUS
10
-0.5498335826771653
20
0.2847935039370079
11
-0.5500412992125984
21
0.2849737007874016
0
LINE
8
BLACK
6
CONTINUOUS
10
-0.5500412992125984
20
0.2849737007874016
11
-0.5502952362204724
21
0.2850788582677165
0
LINE
8
BLACK
6
CONTINUOUS
10
-0.5502952362204724
20
0.2850788582677165
11
-0.5510451574803149
21
0.285828779527559
0
LINE
8
BLACK
6
CONTINUOUS
10
-0.5510451574803149
20
0.285828779527559
11
-0.5513911023622047
21
0.286663937007874
0
LINE
8
BLACK
6
CONTINUOUS
10
-0.5513911023622047
20
0.286663937007874
11
-0.5510451574803149
21
0.2874990944881889
0
LINE
8
BLACK
6
CONTINUOUS
10
-0.5510451574803149
20
0.2874990944881889
11
-0.55021
21
0.2878450393700787
0
LINE
8
BLACK
6
CONTINUOUS
10
-0.55021
20
0.2878450393700787
11
-0.549374842519685
21
0.2874990944881889
0
LINE
8
BLACK
6
CONTINUOUS
10
-0.549374842519685
20
0.2874990944881889
11
-0.5488221653543307
21
0.2869464173228347
0
LINE
8
BLACK
6
CONTINUOUS
10
-0.5488221653543307
20
0.2869464173228347
11
-0.5470186614173228
21
0.2863452362204724
0
LINE
8
BLACK
6
CONTINUOUS
10
-0.5470186614173228
20
0.2863452362204724
11
-0.5459022834645669
21
0.2863452362204724
0
LINE
8
BLACK
6
CONTINUOUS
10
-0.5459022834645669
20
0.2863452362204724
11
-0.5440988188976378
21
0.2869463779527559
0
LINE
8
BLACK
6
CONTINUOUS
10
-0.5440988188976378
20
0.2869463779527559
11
-0.5429317322834646
21
0.2881135433070866
0
LINE
8
BLACK
6
CONTINUOUS
10
-0.5429317322834646
20
0.2881135433070866
11
-0.5423255118110236
21
0.2893259448818897
0
LINE
8
BLACK
6
CONTINUOUS
10
-0.5423255118110236
20
0.2893259448818897
11
-0.5416423228346456
21
0.2920586614173228
0
LINE
8
BLACK
6
CONTINUOUS
10
-0.5416423228346456
20
0.2920586614173228
11
-0.5416423228346456
21
0.2940176377952756
0
LINE
8
BLACK
6
CONTINUOUS
10
-0.5416423228346456
20
0.2940176377952756
11
-0.5423255511811024
21
0.2967503937007874
0
LINE
8
BLACK
6
CONTINUOUS
10
-0.5423255511811024
20
0.2967503937007874
11
-0.5429317322834646
21
0.2979627952755906
0
LINE
8
BLACK
6
CONTINUOUS
10
-0.5429317322834646
20
0.2979627952755906
11
-0.5440988582677165
21
0.2991299606299213
0
LINE
8
BLACK
6
CONTINUOUS
10
-0.5440988582677165
20
0.2991299606299213
11
-0.5459021653543307
21
0.299731062992126
0
LINE
8
BLACK
6
CONTINUOUS
10
-0.5459021653543307
20
0.299731062992126
11
-0.5470187795275591
21
0.299731062992126
0
LINE
8
BLACK
6
CONTINUOUS
10
-0.5470187795275591
20
0.299731062992126
11
-0.5488220866141732
21
0.2991299606299213
0
LINE
8
BLACK
6
CONTINUOUS
10
-0.5488220866141732
20
0.2991299606299213
11
-0.549374842519685
21
0.2985771653543307
0
LINE
8
BLACK
6
CONTINUOUS
10
-0.549374842519685
20
0.2985771653543307
11
-0.5502100393700787
21
0.2982312598425197
0
LINE
8
BLACK
6
CONTINUOUS
10
-0.5502100393700787
20
0.2982312598425197
11
-0.5510451968503937
21
0.2985772047244095
0
LINE
8
BLACK
6
CONTINUOUS
10
-0.5510451968503937
20
0.2985772047244095
11
-0.5513911023622047
21
0.2994124015748031
0
LINE
8
BLACK
6
CONTINUOUS
10
-0.5513911023622047
20
0.2994124015748031
11
-0.5510451574803149
21
0.3002475590551181
0
LINE
8
BLACK
6
CONTINUOUS
10
-0.5510451574803149
20
0.3002475590551181
11
-0.5502952362204724
21
0.3009974409448819
0
LINE
8
BLACK
6
CONTINUOUS
10
-0.5502952362204724
20
0.3009974409448819
11
-0.550041220472441
21
0.3011026771653543
0
LINE
8
BLACK
6
CONTINUOUS
10
-0.550041220472441
20
0.3011026771653543
11
-0.5498335826771653
21
0.301282716535433
0
LINE
8
BLACK
6
CONTINUOUS
10
-0.5498335826771653
20
0.301282716535433
11
-0.5475838976377952
21
0.3020326377952756
0
LINE
8
BLACK
6
CONTINUOUS
10
-0.5475838976377952
20
0.3020326377952756
11
-0.5473900393700787
21
0.3020188976377953
0
LINE
8
BLACK
6
CONTINUOUS
10
-0.5473900393700787
20
0.3020188976377953
11
-0.5472103937007874
21
0.3020932677165354
0
LINE
8
BLACK
6
CONTINUOUS
10
-0.5472103937007874
20
0.3020932677165354
11
-0.5457105511811023
21
0.3020932677165354
0
LINE
8
BLACK
6
CONTINUOUS
10
-0.5457105511811023
20
0.3020932677165354
11
-0.5455309448818898
21
0.3020188976377953
0
LINE
8
BLACK
6
CONTINUOUS
10
-0.5213385826771654
20
0.3100431496062992
11
-0.519946653543307
21
0.3094665748031496
0
LINE
8
BLACK
6
CONTINUOUS
10
-0.519946653543307
20
0.3094665748031496
11
-0.5193700787401575
21
0.3080746456692913
0
LINE
8
BLACK
6
CONTINUOUS
10
-0.5193700787401575
20
0.3080746456692913
11
-0.5193700787401575
21
0.2765785826771653
0
LINE
8
BLACK
6
CONTINUOUS
10
-0.5193700787401575
20
0.2765785826771653
11
-0.519946653543307
21
0.2751866535433071
0
LINE
8
BLACK
6
CONTINUOUS
10
-0.519946653543307
20
0.2751866535433071
11
-0.5213385826771654
21
0.2746100787401575
0
LINE
8
BLACK
6
CONTINUOUS
10
-0.5213385826771654
20
0.2746100787401575
11
-0.5843307086614173
21
0.2746100787401575
0
LINE
8
BLACK
6
CONTINUOUS
10
-0.5843307086614173
20
0.2746100787401575
11
-0.5857226377952756
21
0.2751866535433071
0
LINE
8
BLACK
6
CONTINUOUS
10
-0.5857226377952756
20
0.2751866535433071
11
-0.5862992125984252
21
0.2765785826771653
0
LINE
8
BLACK
6
CONTINUOUS
10
-0.5862992125984252
20
0.2765785826771653
11
-0.5862992125984252
21
0.3080746456692913
0
LINE
8
BLACK
6
CONTINUOUS
10
-0.5862992125984252
20
0.3080746456692913
11
-0.5857226377952756
21
0.3094665748031496
0
LINE
8
BLACK
6
CONTINUOUS
10
-0.5857226377952756
20
0.3094665748031496
11
-0.5843307086614173
21
0.3100431496062992
0
LINE
8
BLACK
6
CONTINUOUS
10
-0.5843307086614173
20
0.3100431496062992
11
-0.5213385826771654
21
0.3100431496062992
0
LINE
8
BLACK
6
CONTINUOUS
10
-0.5823622047244095
20
0.3061061417322835
11
-0.5823622047244095
21
0.2785470866141732
0
LINE
8
BLACK
6
CONTINUOUS
10
-0.5823622047244095
20
0.2785470866141732
11
-0.5233070866141732
21
0.2785470866141732
0
LINE
8
BLACK
6
CONTINUOUS
10
-0.5233070866141732
20
0.2785470866141732
11
-0.5233070866141732
21
0.3061061417322835
0
LINE
8
BLACK
6
CONTINUOUS
10
-0.5233070866141732
20
0.3061061417322835
11
-0.5823622047244095
21
0.3061061417322835
  0
ENDSEC
  0
EOF
