  0
SECTION
  2
HEADER
  9
$ANGBASE
  50
0.0
  9
$ANGDIR
  70
1
  9
$MEASUREMENT
  70
0
  0
ENDSEC
  0
SECTION
  2
TABLES
  0
TABLE
  2
LTYPE
  70
4
  0
LTYPE
  5
40F
  2
CONTINUOUS
  70
0
  3
Solid line
  72
65
  73
0
  40
0.0
  0
LTYPE
  5
410
  2
DASHDOT
 70
0
  3
Dash Dot ____ _ ____ _
 72
65
 73
4
 40
2.0
 49
1.25
 49
-0.25
 49
0.25
 49
-0.25
  0
LTYPE
  5
411
  2
DASHED
 70
0
  3
Dashed __ __ __ __ __
 72
65
 73
2
 40
0.75
 49
0.5
 49
-0.25
  0
LTYPE
  5
43B
  2
DOTTED
 70
0
  3
Dotted .  .  .  .
 72
65
 73
2
 40
0.2
 49
0.0
 49
-0.2
  0
ENDTAB
  0
TABLE
  2
STYLE
  70
4
  0
STYLE
  2
KICAD
  70
0
  40
0
  41
1
  42
1
  50
0
  71
0
  3
isocp.shx
  0
STYLE
  2
KICADB
  70
0
  40
0
  41
1
  42
1
  50
0
  71
0
  3
isocp.shx
  0
STYLE
  2
KICADI
  70
0
  40
0
  41
1
  42
1
  50
15
  71
0
  3
isocp.shx
  0
STYLE
  2
KICADBI
  70
0
  40
0
  41
1
  42
1
  50
15
  71
0
  3
isocp.shx
  0
ENDTAB
  0
TABLE
  2
LAYER
  70
1
  0
LAYER
  2
BLACK
  70
0
  62
7
  6
CONTINUOUS
  0
ENDTAB
  0
ENDSEC
  0
SECTION
  2
ENTITIES
0
LINE
8
BLACK
6
CONTINUOUS
10
-0.7324543307086614
20
-0.3071554724409449
11
-0.7274696456692913
21
-0.3088996850393701
0
LINE
8
BLACK
6
CONTINUOUS
10
-0.7274696456692913
20
-0.3088996850393701
11
-0.7232205511811024
21
-0.3120356692913386
0
LINE
8
BLACK
6
CONTINUOUS
10
-0.7232205511811024
20
-0.3120356692913386
11
-0.7200845669291338
21
-0.3162847637795276
0
LINE
8
BLACK
6
CONTINUOUS
10
-0.7200845669291338
20
-0.3162847637795276
11
-0.7183403543307086
21
-0.3212694488188976
0
LINE
8
BLACK
6
CONTINUOUS
10
-0.7183403543307086
20
-0.3212694488188976
11
-0.7180314960629921
21
-0.3245631496062992
0
LINE
8
BLACK
6
CONTINUOUS
10
-0.7180314960629921
20
-0.3245631496062992
11
-0.7180314960629921
21
-0.3442481889763779
0
LINE
8
BLACK
6
CONTINUOUS
10
-0.7180314960629921
20
-0.3442481889763779
11
-0.7183403543307086
21
-0.3475418897637795
0
LINE
8
BLACK
6
CONTINUOUS
10
-0.7183403543307086
20
-0.3475418897637795
11
-0.7200845669291338
21
-0.3525265748031496
0
LINE
8
BLACK
6
CONTINUOUS
10
-0.7200845669291338
20
-0.3525265748031496
11
-0.7232205511811024
21
-0.3567756692913386
0
LINE
8
BLACK
6
CONTINUOUS
10
-0.7232205511811024
20
-0.3567756692913386
11
-0.7274696456692913
21
-0.3599116535433071
0
LINE
8
BLACK
6
CONTINUOUS
10
-0.7274696456692913
20
-0.3599116535433071
11
-0.7324543307086614
21
-0.3616558661417323
0
LINE
8
BLACK
6
CONTINUOUS
10
-0.7324543307086614
20
-0.3616558661417323
11
-0.7357480314960629
21
-0.3619647244094488
0
LINE
8
BLACK
6
CONTINUOUS
10
-0.7357480314960629
20
-0.3619647244094488
11
-0.8223622047244095
21
-0.3619647244094488
0
LINE
8
BLACK
6
CONTINUOUS
10
-0.8223622047244095
20
-0.3619647244094488
11
-0.825655905511811
21
-0.3616558661417323
0
LINE
8
BLACK
6
CONTINUOUS
10
-0.825655905511811
20
-0.3616558661417323
11
-0.8306405905511811
21
-0.3599116535433071
0
LINE
8
BLACK
6
CONTINUOUS
10
-0.8306405905511811
20
-0.3599116535433071
11
-0.8348896850393701
21
-0.3567756692913386
0
LINE
8
BLACK
6
CONTINUOUS
10
-0.8348896850393701
20
-0.3567756692913386
11
-0.8380256692913386
21
-0.3525265748031496
0
LINE
8
BLACK
6
CONTINUOUS
10
-0.8380256692913386
20
-0.3525265748031496
11
-0.8397698818897638
21
-0.3475418897637795
0
LINE
8
BLACK
6
CONTINUOUS
10
-0.8397698818897638
20
-0.3475418897637795
11
-0.8400787401574803
21
-0.3442481889763779
0
LINE
8
BLACK
6
CONTINUOUS
10
-0.8400787401574803
20
-0.3442481889763779
11
-0.8400787401574803
21
-0.3245631496062992
0
LINE
8
BLACK
6
CONTINUOUS
10
-0.8400787401574803
20
-0.3245631496062992
11
-0.8397698818897638
21
-0.3212694488188976
0
LINE
8
BLACK
6
CONTINUOUS
10
-0.8397698818897638
20
-0.3212694488188976
11
-0.8380256692913386
21
-0.3162847637795276
0
LINE
8
BLACK
6
CONTINUOUS
10
-0.8380256692913386
20
-0.3162847637795276
11
-0.8348896850393701
21
-0.3120356692913386
0
LINE
8
BLACK
6
CONTINUOUS
10
-0.8348896850393701
20
-0.3120356692913386
11
-0.8306405905511811
21
-0.3088996850393701
0
LINE
8
BLACK
6
CONTINUOUS
10
-0.8306405905511811
20
-0.3088996850393701
11
-0.825655905511811
21
-0.3071554724409449
0
LINE
8
BLACK
6
CONTINUOUS
10
-0.825655905511811
20
-0.3071554724409449
11
-0.8223622047244095
21
-0.3068466141732283
0
LINE
8
BLACK
6
CONTINUOUS
10
-0.8223622047244095
20
-0.3068466141732283
11
-0.7357480314960629
21
-0.3068466141732283
0
LINE
8
BLACK
6
CONTINUOUS
10
-0.7357480314960629
20
-0.3068466141732283
11
-0.7324543307086614
21
-0.3071554724409449
0
LINE
8
BLACK
6
CONTINUOUS
10
-0.5446105905511811
20
-0.2861733858267717
11
-0.5383695669291338
21
-0.2883572047244095
0
LINE
8
BLACK
6
CONTINUOUS
10
-0.5383695669291338
20
-0.2883572047244095
11
-0.5327709842519684
21
-0.2918750393700787
0
LINE
8
BLACK
6
CONTINUOUS
10
-0.5327709842519684
20
-0.2918750393700787
11
-0.5280955118110237
21
-0.2965505118110236
0
LINE
8
BLACK
6
CONTINUOUS
10
-0.5280955118110237
20
-0.2965505118110236
11
-0.5245776771653543
21
-0.302149094488189
0
LINE
8
BLACK
6
CONTINUOUS
10
-0.5245776771653543
20
-0.302149094488189
11
-0.5223938582677166
21
-0.3083901181102362
0
LINE
8
BLACK
6
CONTINUOUS
10
-0.5223938582677166
20
-0.3083901181102362
11
-0.5216535433070866
21
-0.3149606299212598
0
LINE
8
BLACK
6
CONTINUOUS
10
-0.5216535433070866
20
-0.3149606299212598
11
-0.5223938582677166
21
-0.3215311417322835
0
LINE
8
BLACK
6
CONTINUOUS
10
-0.5223938582677166
20
-0.3215311417322835
11
-0.5245776771653543
21
-0.3277721653543307
0
LINE
8
BLACK
6
CONTINUOUS
10
-0.5245776771653543
20
-0.3277721653543307
11
-0.5280955118110237
21
-0.3333707480314961
0
LINE
8
BLACK
6
CONTINUOUS
10
-0.5280955118110237
20
-0.3333707480314961
11
-0.5327709842519684
21
-0.3380462204724409
0
LINE
8
BLACK
6
CONTINUOUS
10
-0.5327709842519684
20
-0.3380462204724409
11
-0.5383695669291338
21
-0.3415640551181102
0
LINE
8
BLACK
6
CONTINUOUS
10
-0.5383695669291338
20
-0.3415640551181102
11
-0.5446105905511811
21
-0.343747874015748
0
LINE
8
BLACK
6
CONTINUOUS
10
-0.5446105905511811
20
-0.343747874015748
11
-0.5511811023622047
21
-0.344488188976378
0
LINE
8
BLACK
6
CONTINUOUS
10
-0.5511811023622047
20
-0.344488188976378
11
-0.5577516141732284
21
-0.343747874015748
0
LINE
8
BLACK
6
CONTINUOUS
10
-0.5577516141732284
20
-0.343747874015748
11
-0.5639926377952755
21
-0.3415640551181102
0
LINE
8
BLACK
6
CONTINUOUS
10
-0.5639926377952755
20
-0.3415640551181102
11
-0.5695912204724409
21
-0.3380462204724409
0
LINE
8
BLACK
6
CONTINUOUS
10
-0.5695912204724409
20
-0.3380462204724409
11
-0.5742666929133858
21
-0.3333707480314961
0
LINE
8
BLACK
6
CONTINUOUS
10
-0.5742666929133858
20
-0.3333707480314961
11
-0.5777845275590551
21
-0.3277721653543307
0
LINE
8
BLACK
6
CONTINUOUS
10
-0.5777845275590551
20
-0.3277721653543307
11
-0.5799683464566929
21
-0.3215311417322835
0
LINE
8
BLACK
6
CONTINUOUS
10
-0.5799683464566929
20
-0.3215311417322835
11
-0.5807086614173228
21
-0.3149606299212598
0
LINE
8
BLACK
6
CONTINUOUS
10
-0.5807086614173228
20
-0.3149606299212598
11
-0.5799683464566929
21
-0.3083901181102362
0
LINE
8
BLACK
6
CONTINUOUS
10
-0.5799683464566929
20
-0.3083901181102362
11
-0.5777845275590551
21
-0.302149094488189
0
LINE
8
BLACK
6
CONTINUOUS
10
-0.5777845275590551
20
-0.302149094488189
11
-0.5742666929133858
21
-0.2965505118110236
0
LINE
8
BLACK
6
CONTINUOUS
10
-0.5742666929133858
20
-0.2965505118110236
11
-0.5695912204724409
21
-0.2918750393700787
0
LINE
8
BLACK
6
CONTINUOUS
10
-0.5695912204724409
20
-0.2918750393700787
11
-0.5639926377952755
21
-0.2883572047244095
0
LINE
8
BLACK
6
CONTINUOUS
10
-0.5639926377952755
20
-0.2883572047244095
11
-0.5577516141732284
21
-0.2861733858267717
0
LINE
8
BLACK
6
CONTINUOUS
10
-0.5577516141732284
20
-0.2861733858267717
11
-0.5511811023622047
21
-0.2854330708661417
0
LINE
8
BLACK
6
CONTINUOUS
10
-0.5511811023622047
20
-0.2854330708661417
11
-0.5446105905511811
21
-0.2861733858267717
0
LINE
8
BLACK
6
CONTINUOUS
10
-0.224306811023622
20
-0.2896290157480315
11
-0.2199167716535433
21
-0.2918658661417323
0
LINE
8
BLACK
6
CONTINUOUS
10
-0.2199167716535433
20
-0.2918658661417323
11
-0.2164327952755905
21
-0.295349842519685
0
LINE
8
BLACK
6
CONTINUOUS
10
-0.2164327952755905
20
-0.295349842519685
11
-0.2141959448818898
21
-0.2997398818897637
0
LINE
8
BLACK
6
CONTINUOUS
10
-0.2141959448818898
20
-0.2997398818897637
11
-0.2134251968503937
21
-0.3046062992125984
0
LINE
8
BLACK
6
CONTINUOUS
10
-0.2134251968503937
20
-0.3046062992125984
11
-0.2134251968503937
21
-0.3203543307086614
0
LINE
8
BLACK
6
CONTINUOUS
10
-0.2134251968503937
20
-0.3203543307086614
11
-0.2141959448818898
21
-0.325220748031496
0
LINE
8
BLACK
6
CONTINUOUS
10
-0.2141959448818898
20
-0.325220748031496
11
-0.2164327952755905
21
-0.3296107874015748
0
LINE
8
BLACK
6
CONTINUOUS
10
-0.2164327952755905
20
-0.3296107874015748
11
-0.2199167716535433
21
-0.3330947637795276
0
LINE
8
BLACK
6
CONTINUOUS
10
-0.2199167716535433
20
-0.3330947637795276
11
-0.224306811023622
21
-0.3353316141732283
0
LINE
8
BLACK
6
CONTINUOUS
10
-0.224306811023622
20
-0.3353316141732283
11
-0.2291732283464567
21
-0.3361023622047244
0
LINE
8
BLACK
6
CONTINUOUS
10
-0.2291732283464567
20
-0.3361023622047244
11
-0.2508267716535433
21
-0.3361023622047244
0
LINE
8
BLACK
6
CONTINUOUS
10
-0.2508267716535433
20
-0.3361023622047244
11
-0.2556931889763779
21
-0.3353316141732283
0
LINE
8
BLACK
6
CONTINUOUS
10
-0.2556931889763779
20
-0.3353316141732283
11
-0.2600832283464567
21
-0.3330947637795276
0
LINE
8
BLACK
6
CONTINUOUS
10
-0.2600832283464567
20
-0.3330947637795276
11
-0.2635672047244094
21
-0.3296107874015748
0
LINE
8
BLACK
6
CONTINUOUS
10
-0.2635672047244094
20
-0.3296107874015748
11
-0.2658040551181102
21
-0.325220748031496
0
LINE
8
BLACK
6
CONTINUOUS
10
-0.2658040551181102
20
-0.325220748031496
11
-0.2665748031496063
21
-0.3203543307086614
0
LINE
8
BLACK
6
CONTINUOUS
10
-0.2665748031496063
20
-0.3203543307086614
11
-0.2665748031496063
21
-0.3046062992125984
0
LINE
8
BLACK
6
CONTINUOUS
10
-0.2665748031496063
20
-0.3046062992125984
11
-0.2658040551181102
21
-0.2997398818897637
0
LINE
8
BLACK
6
CONTINUOUS
10
-0.2658040551181102
20
-0.2997398818897637
11
-0.2635672047244094
21
-0.295349842519685
0
LINE
8
BLACK
6
CONTINUOUS
10
-0.2635672047244094
20
-0.295349842519685
11
-0.2600832283464567
21
-0.2918658661417323
0
LINE
8
BLACK
6
CONTINUOUS
10
-0.2600832283464567
20
-0.2918658661417323
11
-0.2556931889763779
21
-0.2896290157480315
0
LINE
8
BLACK
6
CONTINUOUS
10
-0.2556931889763779
20
-0.2896290157480315
11
-0.2508267716535433
21
-0.2888582677165354
0
LINE
8
BLACK
6
CONTINUOUS
10
-0.2508267716535433
20
-0.2888582677165354
11
-0.2291732283464567
21
-0.2888582677165354
0
LINE
8
BLACK
6
CONTINUOUS
10
-0.2291732283464567
20
-0.2888582677165354
11
-0.224306811023622
21
-0.2896290157480315
0
LINE
8
BLACK
6
CONTINUOUS
10
-0.1443068110236221
20
-0.2896290157480315
11
-0.1399167716535433
21
-0.2918658661417323
0
LINE
8
BLACK
6
CONTINUOUS
10
-0.1399167716535433
20
-0.2918658661417323
11
-0.1364327952755905
21
-0.295349842519685
0
LINE
8
BLACK
6
CONTINUOUS
10
-0.1364327952755905
20
-0.295349842519685
11
-0.1341959448818898
21
-0.2997398818897637
0
LINE
8
BLACK
6
CONTINUOUS
10
-0.1341959448818898
20
-0.2997398818897637
11
-0.1334251968503937
21
-0.3046062992125984
0
LINE
8
BLACK
6
CONTINUOUS
10
-0.1334251968503937
20
-0.3046062992125984
11
-0.1334251968503937
21
-0.3203543307086614
0
LINE
8
BLACK
6
CONTINUOUS
10
-0.1334251968503937
20
-0.3203543307086614
11
-0.1341959448818898
21
-0.325220748031496
0
LINE
8
BLACK
6
CONTINUOUS
10
-0.1341959448818898
20
-0.325220748031496
11
-0.1364327952755905
21
-0.3296107874015748
0
LINE
8
BLACK
6
CONTINUOUS
10
-0.1364327952755905
20
-0.3296107874015748
11
-0.1399167716535433
21
-0.3330947637795276
0
LINE
8
BLACK
6
CONTINUOUS
10
-0.1399167716535433
20
-0.3330947637795276
11
-0.1443068110236221
21
-0.3353316141732283
0
LINE
8
BLACK
6
CONTINUOUS
10
-0.1443068110236221
20
-0.3353316141732283
11
-0.1491732283464567
21
-0.3361023622047244
0
LINE
8
BLACK
6
CONTINUOUS
10
-0.1491732283464567
20
-0.3361023622047244
11
-0.1708267716535433
21
-0.3361023622047244
0
LINE
8
BLACK
6
CONTINUOUS
10
-0.1708267716535433
20
-0.3361023622047244
11
-0.175693188976378
21
-0.3353316141732283
0
LINE
8
BLACK
6
CONTINUOUS
10
-0.175693188976378
20
-0.3353316141732283
11
-0.1800832283464567
21
-0.3330947637795276
0
LINE
8
BLACK
6
CONTINUOUS
10
-0.1800832283464567
20
-0.3330947637795276
11
-0.1835672047244094
21
-0.3296107874015748
0
LINE
8
BLACK
6
CONTINUOUS
10
-0.1835672047244094
20
-0.3296107874015748
11
-0.1858040551181102
21
-0.325220748031496
0
LINE
8
BLACK
6
CONTINUOUS
10
-0.1858040551181102
20
-0.325220748031496
11
-0.1865748031496063
21
-0.3203543307086614
0
LINE
8
BLACK
6
CONTINUOUS
10
-0.1865748031496063
20
-0.3203543307086614
11
-0.1865748031496063
21
-0.3046062992125984
0
LINE
8
BLACK
6
CONTINUOUS
10
-0.1865748031496063
20
-0.3046062992125984
11
-0.1858040551181102
21
-0.2997398818897637
0
LINE
8
BLACK
6
CONTINUOUS
10
-0.1858040551181102
20
-0.2997398818897637
11
-0.1835672047244094
21
-0.295349842519685
0
LINE
8
BLACK
6
CONTINUOUS
10
-0.1835672047244094
20
-0.295349842519685
11
-0.1800832283464567
21
-0.2918658661417323
0
LINE
8
BLACK
6
CONTINUOUS
10
-0.1800832283464567
20
-0.2918658661417323
11
-0.175693188976378
21
-0.2896290157480315
0
LINE
8
BLACK
6
CONTINUOUS
10
-0.175693188976378
20
-0.2896290157480315
11
-0.1708267716535433
21
-0.2888582677165354
0
LINE
8
BLACK
6
CONTINUOUS
10
-0.1708267716535433
20
-0.2888582677165354
11
-0.1491732283464567
21
-0.2888582677165354
0
LINE
8
BLACK
6
CONTINUOUS
10
-0.1491732283464567
20
-0.2888582677165354
11
-0.1443068110236221
21
-0.2896290157480315
0
LINE
8
BLACK
6
CONTINUOUS
10
0.1843044094488189
20
-0.281330748031496
11
0.1889688582677165
21
-0.2837074015748031
0
LINE
8
BLACK
6
CONTINUOUS
10
0.1889688582677165
20
-0.2837074015748031
11
0.1926705511811024
21
-0.287409094488189
0
LINE
8
BLACK
6
CONTINUOUS
10
0.1926705511811024
20
-0.287409094488189
11
0.1950472047244095
21
-0.2920735433070866
0
LINE
8
BLACK
6
CONTINUOUS
10
0.1950472047244095
20
-0.2920735433070866
11
0.1958661417322834
21
-0.2972440944881889
0
LINE
8
BLACK
6
CONTINUOUS
10
0.1958661417322834
20
-0.2972440944881889
11
0.1958661417322834
21
-0.3149606299212598
0
LINE
8
BLACK
6
CONTINUOUS
10
0.1958661417322834
20
-0.3149606299212598
11
0.1950472047244095
21
-0.3201311811023622
0
LINE
8
BLACK
6
CONTINUOUS
10
0.1950472047244095
20
-0.3201311811023622
11
0.1926705511811024
21
-0.3247956299212598
0
LINE
8
BLACK
6
CONTINUOUS
10
0.1926705511811024
20
-0.3247956299212598
11
0.1889688582677165
21
-0.3284973228346457
0
LINE
8
BLACK
6
CONTINUOUS
10
0.1889688582677165
20
-0.3284973228346457
11
0.1843044094488189
21
-0.3308739763779527
0
LINE
8
BLACK
6
CONTINUOUS
10
0.1843044094488189
20
-0.3308739763779527
11
0.1791338582677165
21
-0.3316929133858267
0
LINE
8
BLACK
6
CONTINUOUS
10
0.1791338582677165
20
-0.3316929133858267
11
0.1594488188976378
21
-0.3316929133858267
0
LINE
8
BLACK
6
CONTINUOUS
10
0.1594488188976378
20
-0.3316929133858267
11
0.1542782677165354
21
-0.3308739763779527
0
LINE
8
BLACK
6
CONTINUOUS
10
0.1542782677165354
20
-0.3308739763779527
11
0.1496138188976378
21
-0.3284973228346457
0
LINE
8
BLACK
6
CONTINUOUS
10
0.1496138188976378
20
-0.3284973228346457
11
0.145912125984252
21
-0.3247956299212598
0
LINE
8
BLACK
6
CONTINUOUS
10
0.145912125984252
20
-0.3247956299212598
11
0.1435354724409449
21
-0.3201311811023622
0
LINE
8
BLACK
6
CONTINUOUS
10
0.1435354724409449
20
-0.3201311811023622
11
0.1427165354330709
21
-0.3149606299212598
0
LINE
8
BLACK
6
CONTINUOUS
10
0.1427165354330709
20
-0.3149606299212598
11
0.1427165354330709
21
-0.2972440944881889
0
LINE
8
BLACK
6
CONTINUOUS
10
0.1427165354330709
20
-0.2972440944881889
11
0.1435354724409449
21
-0.2920735433070866
0
LINE
8
BLACK
6
CONTINUOUS
10
0.1435354724409449
20
-0.2920735433070866
11
0.145912125984252
21
-0.287409094488189
0
LINE
8
BLACK
6
CONTINUOUS
10
0.145912125984252
20
-0.287409094488189
11
0.1496138188976378
21
-0.2837074015748031
0
LINE
8
BLACK
6
CONTINUOUS
10
0.1496138188976378
20
-0.2837074015748031
11
0.1542782677165354
21
-0.281330748031496
0
LINE
8
BLACK
6
CONTINUOUS
10
0.1542782677165354
20
-0.281330748031496
11
0.1594488188976378
21
-0.280511811023622
0
LINE
8
BLACK
6
CONTINUOUS
10
0.1594488188976378
20
-0.280511811023622
11
0.1791338582677165
21
-0.280511811023622
0
LINE
8
BLACK
6
CONTINUOUS
10
0.1791338582677165
20
-0.280511811023622
11
0.1843044094488189
21
-0.281330748031496
0
LINE
8
BLACK
6
CONTINUOUS
10
0.2652967322834646
20
-0.2874459842519685
11
0.2678512204724409
21
-0.289152874015748
0
LINE
8
BLACK
6
CONTINUOUS
10
0.2678512204724409
20
-0.289152874015748
11
0.2695581102362204
21
-0.2917073622047244
0
LINE
8
BLACK
6
CONTINUOUS
10
0.2695581102362204
20
-0.2917073622047244
11
0.2701574803149606
21
-0.2947206299212599
0
LINE
8
BLACK
6
CONTINUOUS
10
0.2701574803149606
20
-0.2947206299212599
11
0.2701574803149606
21
-0.3203111811023622
0
LINE
8
BLACK
6
CONTINUOUS
10
0.2701574803149606
20
-0.3203111811023622
11
0.2695581102362204
21
-0.3233244488188976
0
LINE
8
BLACK
6
CONTINUOUS
10
0.2695581102362204
20
-0.3233244488188976
11
0.2678512204724409
21
-0.325878937007874
0
LINE
8
BLACK
6
CONTINUOUS
10
0.2678512204724409
20
-0.325878937007874
11
0.2652967322834646
21
-0.3275858267716535
0
LINE
8
BLACK
6
CONTINUOUS
10
0.2652967322834646
20
-0.3275858267716535
11
0.2622834645669291
21
-0.3281851968503937
0
LINE
8
BLACK
6
CONTINUOUS
10
0.2622834645669291
20
-0.3281851968503937
11
0.2465354330708661
21
-0.3281851968503937
0
LINE
8
BLACK
6
CONTINUOUS
10
0.2465354330708661
20
-0.3281851968503937
11
0.2435221653543307
21
-0.3275858267716535
0
LINE
8
BLACK
6
CONTINUOUS
10
0.2435221653543307
20
-0.3275858267716535
11
0.2409676771653543
21
-0.325878937007874
0
LINE
8
BLACK
6
CONTINUOUS
10
0.2409676771653543
20
-0.325878937007874
11
0.2392607874015748
21
-0.3233244488188976
0
LINE
8
BLACK
6
CONTINUOUS
10
0.2392607874015748
20
-0.3233244488188976
11
0.2386614173228346
21
-0.3203111811023622
0
LINE
8
BLACK
6
CONTINUOUS
10
0.2386614173228346
20
-0.3203111811023622
11
0.2386614173228346
21
-0.2947206299212599
0
LINE
8
BLACK
6
CONTINUOUS
10
0.2386614173228346
20
-0.2947206299212599
11
0.2392607874015748
21
-0.2917073622047244
0
LINE
8
BLACK
6
CONTINUOUS
10
0.2392607874015748
20
-0.2917073622047244
11
0.2409676771653543
21
-0.289152874015748
0
LINE
8
BLACK
6
CONTINUOUS
10
0.2409676771653543
20
-0.289152874015748
11
0.2435221653543307
21
-0.2874459842519685
0
LINE
8
BLACK
6
CONTINUOUS
10
0.2435221653543307
20
-0.2874459842519685
11
0.2465354330708661
21
-0.2868466141732283
0
LINE
8
BLACK
6
CONTINUOUS
10
0.2465354330708661
20
-0.2868466141732283
11
0.2622834645669291
21
-0.2868466141732283
0
LINE
8
BLACK
6
CONTINUOUS
10
0.2622834645669291
20
-0.2868466141732283
11
0.2652967322834646
21
-0.2874459842519685
0
LINE
8
BLACK
6
CONTINUOUS
10
0.3164778346456693
20
-0.2874459842519685
11
0.3190323228346457
21
-0.289152874015748
0
LINE
8
BLACK
6
CONTINUOUS
10
0.3190323228346457
20
-0.289152874015748
11
0.3207392125984252
21
-0.2917073622047244
0
LINE
8
BLACK
6
CONTINUOUS
10
0.3207392125984252
20
-0.2917073622047244
11
0.3213385826771654
21
-0.2947206299212599
0
LINE
8
BLACK
6
CONTINUOUS
10
0.3213385826771654
20
-0.2947206299212599
11
0.3213385826771654
21
-0.3203111811023622
0
LINE
8
BLACK
6
CONTINUOUS
10
0.3213385826771654
20
-0.3203111811023622
11
0.3207392125984252
21
-0.3233244488188976
0
LINE
8
BLACK
6
CONTINUOUS
10
0.3207392125984252
20
-0.3233244488188976
11
0.3190323228346457
21
-0.325878937007874
0
LINE
8
BLACK
6
CONTINUOUS
10
0.3190323228346457
20
-0.325878937007874
11
0.3164778346456693
21
-0.3275858267716535
0
LINE
8
BLACK
6
CONTINUOUS
10
0.3164778346456693
20
-0.3275858267716535
11
0.3134645669291338
21
-0.3281851968503937
0
LINE
8
BLACK
6
CONTINUOUS
10
0.3134645669291338
20
-0.3281851968503937
11
0.2977165354330709
21
-0.3281851968503937
0
LINE
8
BLACK
6
CONTINUOUS
10
0.2977165354330709
20
-0.3281851968503937
11
0.2947032677165354
21
-0.3275858267716535
0
LINE
8
BLACK
6
CONTINUOUS
10
0.2947032677165354
20
-0.3275858267716535
11
0.292148779527559
21
-0.325878937007874
0
LINE
8
BLACK
6
CONTINUOUS
10
0.292148779527559
20
-0.325878937007874
11
0.2904418897637795
21
-0.3233244488188976
0
LINE
8
BLACK
6
CONTINUOUS
10
0.2904418897637795
20
-0.3233244488188976
11
0.2898425196850394
21
-0.3203111811023622
0
LINE
8
BLACK
6
CONTINUOUS
10
0.2898425196850394
20
-0.3203111811023622
11
0.2898425196850394
21
-0.2947206299212599
0
LINE
8
BLACK
6
CONTINUOUS
10
0.2898425196850394
20
-0.2947206299212599
11
0.2904418897637795
21
-0.2917073622047244
0
LINE
8
BLACK
6
CONTINUOUS
10
0.2904418897637795
20
-0.2917073622047244
11
0.292148779527559
21
-0.289152874015748
0
LINE
8
BLACK
6
CONTINUOUS
10
0.292148779527559
20
-0.289152874015748
11
0.2947032677165354
21
-0.2874459842519685
0
LINE
8
BLACK
6
CONTINUOUS
10
0.2947032677165354
20
-0.2874459842519685
11
0.2977165354330709
21
-0.2868466141732283
0
LINE
8
BLACK
6
CONTINUOUS
10
0.2977165354330709
20
-0.2868466141732283
11
0.3134645669291338
21
-0.2868466141732283
0
LINE
8
BLACK
6
CONTINUOUS
10
0.3134645669291338
20
-0.2868466141732283
11
0.3164778346456693
21
-0.2874459842519685
0
LINE
8
BLACK
6
CONTINUOUS
10
-0.4351757086614173
20
-0.2387883464566929
11
-0.4326212204724409
21
-0.2404952362204724
0
LINE
8
BLACK
6
CONTINUOUS
10
-0.4326212204724409
20
-0.2404952362204724
11
-0.4309143307086614
21
-0.2430497244094488
0
LINE
8
BLACK
6
CONTINUOUS
10
-0.4309143307086614
20
-0.2430497244094488
11
-0.4303149606299213
21
-0.2460629921259843
0
LINE
8
BLACK
6
CONTINUOUS
10
-0.4303149606299213
20
-0.2460629921259843
11
-0.4303149606299213
21
-0.3051181102362205
0
LINE
8
BLACK
6
CONTINUOUS
10
-0.4303149606299213
20
-0.3051181102362205
11
-0.4309143307086614
21
-0.3081313779527559
0
LINE
8
BLACK
6
CONTINUOUS
10
-0.4309143307086614
20
-0.3081313779527559
11
-0.4326212204724409
21
-0.3106858661417323
0
LINE
8
BLACK
6
CONTINUOUS
10
-0.4326212204724409
20
-0.3106858661417323
11
-0.4351757086614173
21
-0.3123927559055118
0
LINE
8
BLACK
6
CONTINUOUS
10
-0.4351757086614173
20
-0.3123927559055118
11
-0.4381889763779527
21
-0.312992125984252
0
LINE
8
BLACK
6
CONTINUOUS
10
-0.4381889763779527
20
-0.312992125984252
11
-0.497244094488189
21
-0.312992125984252
0
LINE
8
BLACK
6
CONTINUOUS
10
-0.497244094488189
20
-0.312992125984252
11
-0.5002573622047244
21
-0.3123927559055118
0
LINE
8
BLACK
6
CONTINUOUS
10
-0.5002573622047244
20
-0.3123927559055118
11
-0.5028118503937008
21
-0.3106858661417323
0
LINE
8
BLACK
6
CONTINUOUS
10
-0.5028118503937008
20
-0.3106858661417323
11
-0.5045187401574803
21
-0.3081313779527559
0
LINE
8
BLACK
6
CONTINUOUS
10
-0.5045187401574803
20
-0.3081313779527559
11
-0.5051181102362204
21
-0.3051181102362205
0
LINE
8
BLACK
6
CONTINUOUS
10
-0.5051181102362204
20
-0.3051181102362205
11
-0.5051181102362204
21
-0.2460629921259843
0
LINE
8
BLACK
6
CONTINUOUS
10
-0.5051181102362204
20
-0.2460629921259843
11
-0.5045187401574803
21
-0.2430497244094488
0
LINE
8
BLACK
6
CONTINUOUS
10
-0.5045187401574803
20
-0.2430497244094488
11
-0.5028118503937008
21
-0.2404952362204724
0
LINE
8
BLACK
6
CONTINUOUS
10
-0.5028118503937008
20
-0.2404952362204724
11
-0.5002573622047244
21
-0.2387883464566929
0
LINE
8
BLACK
6
CONTINUOUS
10
-0.5002573622047244
20
-0.2387883464566929
11
-0.497244094488189
21
-0.2381889763779527
0
LINE
8
BLACK
6
CONTINUOUS
10
-0.497244094488189
20
-0.2381889763779527
11
-0.4381889763779527
21
-0.2381889763779527
0
LINE
8
BLACK
6
CONTINUOUS
10
-0.4381889763779527
20
-0.2381889763779527
11
-0.4351757086614173
21
-0.2387883464566929
0
LINE
8
BLACK
6
CONTINUOUS
10
-0.2871442125984252
20
-0.2387883464566929
11
-0.2845897244094488
21
-0.2404952362204724
0
LINE
8
BLACK
6
CONTINUOUS
10
-0.2845897244094488
20
-0.2404952362204724
11
-0.2828828346456693
21
-0.2430497244094488
0
LINE
8
BLACK
6
CONTINUOUS
10
-0.2828828346456693
20
-0.2430497244094488
11
-0.2822834645669292
21
-0.2460629921259843
0
LINE
8
BLACK
6
CONTINUOUS
10
-0.2822834645669292
20
-0.2460629921259843
11
-0.2822834645669292
21
-0.3051181102362205
0
LINE
8
BLACK
6
CONTINUOUS
10
-0.2822834645669292
20
-0.3051181102362205
11
-0.2828828346456693
21
-0.3081313779527559
0
LINE
8
BLACK
6
CONTINUOUS
10
-0.2828828346456693
20
-0.3081313779527559
11
-0.2845897244094488
21
-0.3106858661417323
0
LINE
8
BLACK
6
CONTINUOUS
10
-0.2845897244094488
20
-0.3106858661417323
11
-0.2871442125984252
21
-0.3123927559055118
0
LINE
8
BLACK
6
CONTINUOUS
10
-0.2871442125984252
20
-0.3123927559055118
11
-0.2901574803149606
21
-0.312992125984252
0
LINE
8
BLACK
6
CONTINUOUS
10
-0.2901574803149606
20
-0.312992125984252
11
-0.3492125984251969
21
-0.312992125984252
0
LINE
8
BLACK
6
CONTINUOUS
10
-0.3492125984251969
20
-0.312992125984252
11
-0.3522258661417323
21
-0.3123927559055118
0
LINE
8
BLACK
6
CONTINUOUS
10
-0.3522258661417323
20
-0.3123927559055118
11
-0.3547803543307086
21
-0.3106858661417323
0
LINE
8
BLACK
6
CONTINUOUS
10
-0.3547803543307086
20
-0.3106858661417323
11
-0.3564872440944882
21
-0.3081313779527559
0
LINE
8
BLACK
6
CONTINUOUS
10
-0.3564872440944882
20
-0.3081313779527559
11
-0.3570866141732283
21
-0.3051181102362205
0
LINE
8
BLACK
6
CONTINUOUS
10
-0.3570866141732283
20
-0.3051181102362205
11
-0.3570866141732283
21
-0.2460629921259843
0
LINE
8
BLACK
6
CONTINUOUS
10
-0.3570866141732283
20
-0.2460629921259843
11
-0.3564872440944882
21
-0.2430497244094488
0
LINE
8
BLACK
6
CONTINUOUS
10
-0.3564872440944882
20
-0.2430497244094488
11
-0.3547803543307086
21
-0.2404952362204724
0
LINE
8
BLACK
6
CONTINUOUS
10
-0.3547803543307086
20
-0.2404952362204724
11
-0.3522258661417323
21
-0.2387883464566929
0
LINE
8
BLACK
6
CONTINUOUS
10
-0.3522258661417323
20
-0.2387883464566929
11
-0.3492125984251969
21
-0.2381889763779527
0
LINE
8
BLACK
6
CONTINUOUS
10
-0.3492125984251969
20
-0.2381889763779527
11
-0.2901574803149606
21
-0.2381889763779527
0
LINE
8
BLACK
6
CONTINUOUS
10
-0.2901574803149606
20
-0.2381889763779527
11
-0.2871442125984252
21
-0.2387883464566929
0
LINE
8
BLACK
6
CONTINUOUS
10
-0.0414749212598425
20
-0.2387883464566929
11
-0.0389204330708661
21
-0.2404952362204724
0
LINE
8
BLACK
6
CONTINUOUS
10
-0.0389204330708661
20
-0.2404952362204724
11
-0.0372135433070866
21
-0.2430497244094488
0
LINE
8
BLACK
6
CONTINUOUS
10
-0.0372135433070866
20
-0.2430497244094488
11
-0.0366141732283465
21
-0.2460629921259843
0
LINE
8
BLACK
6
CONTINUOUS
10
-0.0366141732283465
20
-0.2460629921259843
11
-0.0366141732283465
21
-0.3051181102362205
0
LINE
8
BLACK
6
CONTINUOUS
10
-0.0366141732283465
20
-0.3051181102362205
11
-0.0372135433070866
21
-0.3081313779527559
0
LINE
8
BLACK
6
CONTINUOUS
10
-0.0372135433070866
20
-0.3081313779527559
11
-0.0389204330708661
21
-0.3106858661417323
0
LINE
8
BLACK
6
CONTINUOUS
10
-0.0389204330708661
20
-0.3106858661417323
11
-0.0414749212598425
21
-0.3123927559055118
0
LINE
8
BLACK
6
CONTINUOUS
10
-0.0414749212598425
20
-0.3123927559055118
11
-0.0444881889763779
21
-0.312992125984252
0
LINE
8
BLACK
6
CONTINUOUS
10
-0.0444881889763779
20
-0.312992125984252
11
-0.1035433070866142
21
-0.312992125984252
0
LINE
8
BLACK
6
CONTINUOUS
10
-0.1035433070866142
20
-0.312992125984252
11
-0.1065565748031496
21
-0.3123927559055118
0
LINE
8
BLACK
6
CONTINUOUS
10
-0.1065565748031496
20
-0.3123927559055118
11
-0.109111062992126
21
-0.3106858661417323
0
LINE
8
BLACK
6
CONTINUOUS
10
-0.109111062992126
20
-0.3106858661417323
11
-0.1108179527559055
21
-0.3081313779527559
0
LINE
8
BLACK
6
CONTINUOUS
10
-0.1108179527559055
20
-0.3081313779527559
11
-0.1114173228346457
21
-0.3051181102362205
0
LINE
8
BLACK
6
CONTINUOUS
10
-0.1114173228346457
20
-0.3051181102362205
11
-0.1114173228346457
21
-0.2460629921259843
0
LINE
8
BLACK
6
CONTINUOUS
10
-0.1114173228346457
20
-0.2460629921259843
11
-0.1108179527559055
21
-0.2430497244094488
0
LINE
8
BLACK
6
CONTINUOUS
10
-0.1108179527559055
20
-0.2430497244094488
11
-0.109111062992126
21
-0.2404952362204724
0
LINE
8
BLACK
6
CONTINUOUS
10
-0.109111062992126
20
-0.2404952362204724
11
-0.1065565748031496
21
-0.2387883464566929
0
LINE
8
BLACK
6
CONTINUOUS
10
-0.1065565748031496
20
-0.2387883464566929
11
-0.1035433070866142
21
-0.2381889763779527
0
LINE
8
BLACK
6
CONTINUOUS
10
-0.1035433070866142
20
-0.2381889763779527
11
-0.0444881889763779
21
-0.2381889763779527
0
LINE
8
BLACK
6
CONTINUOUS
10
-0.0444881889763779
20
-0.2381889763779527
11
-0.0414749212598425
21
-0.2387883464566929
0
LINE
8
BLACK
6
CONTINUOUS
10
0.1065565748031496
20
-0.2387883464566929
11
0.109111062992126
21
-0.2404952362204724
0
LINE
8
BLACK
6
CONTINUOUS
10
0.109111062992126
20
-0.2404952362204724
11
0.1108179527559055
21
-0.2430497244094488
0
LINE
8
BLACK
6
CONTINUOUS
10
0.1108179527559055
20
-0.2430497244094488
11
0.1114173228346457
21
-0.2460629921259843
0
LINE
8
BLACK
6
CONTINUOUS
10
0.1114173228346457
20
-0.2460629921259843
11
0.1114173228346457
21
-0.3051181102362205
0
LINE
8
BLACK
6
CONTINUOUS
10
0.1114173228346457
20
-0.3051181102362205
11
0.1108179527559055
21
-0.3081313779527559
0
LINE
8
BLACK
6
CONTINUOUS
10
0.1108179527559055
20
-0.3081313779527559
11
0.109111062992126
21
-0.3106858661417323
0
LINE
8
BLACK
6
CONTINUOUS
10
0.109111062992126
20
-0.3106858661417323
11
0.1065565748031496
21
-0.3123927559055118
0
LINE
8
BLACK
6
CONTINUOUS
10
0.1065565748031496
20
-0.3123927559055118
11
0.1035433070866142
21
-0.312992125984252
0
LINE
8
BLACK
6
CONTINUOUS
10
0.1035433070866142
20
-0.312992125984252
11
0.0444881889763779
21
-0.312992125984252
0
LINE
8
BLACK
6
CONTINUOUS
10
0.0444881889763779
20
-0.312992125984252
11
0.0414749212598425
21
-0.3123927559055118
0
LINE
8
BLACK
6
CONTINUOUS
10
0.0414749212598425
20
-0.3123927559055118
11
0.0389204330708661
21
-0.3106858661417323
0
LINE
8
BLACK
6
CONTINUOUS
10
0.0389204330708661
20
-0.3106858661417323
11
0.0372135433070866
21
-0.3081313779527559
0
LINE
8
BLACK
6
CONTINUOUS
10
0.0372135433070866
20
-0.3081313779527559
11
0.0366141732283465
21
-0.3051181102362205
0
LINE
8
BLACK
6
CONTINUOUS
10
0.0366141732283465
20
-0.3051181102362205
11
0.0366141732283465
21
-0.2460629921259843
0
LINE
8
BLACK
6
CONTINUOUS
10
0.0366141732283465
20
-0.2460629921259843
11
0.0372135433070866
21
-0.2430497244094488
0
LINE
8
BLACK
6
CONTINUOUS
10
0.0372135433070866
20
-0.2430497244094488
11
0.0389204330708661
21
-0.2404952362204724
0
LINE
8
BLACK
6
CONTINUOUS
10
0.0389204330708661
20
-0.2404952362204724
11
0.0414749212598425
21
-0.2387883464566929
0
LINE
8
BLACK
6
CONTINUOUS
10
0.0414749212598425
20
-0.2387883464566929
11
0.0444881889763779
21
-0.2381889763779527
0
LINE
8
BLACK
6
CONTINUOUS
10
0.0444881889763779
20
-0.2381889763779527
11
0.1035433070866142
21
-0.2381889763779527
0
LINE
8
BLACK
6
CONTINUOUS
10
0.1035433070866142
20
-0.2381889763779527
11
0.1065565748031496
21
-0.2387883464566929
0
LINE
8
BLACK
6
CONTINUOUS
10
0.5380665748031496
20
-0.2468033070866142
11
0.5443075984251968
21
-0.248987125984252
0
LINE
8
BLACK
6
CONTINUOUS
10
0.5443075984251968
20
-0.248987125984252
11
0.5499061811023622
21
-0.2525049606299212
0
LINE
8
BLACK
6
CONTINUOUS
10
0.5499061811023622
20
-0.2525049606299212
11
0.5545816535433071
21
-0.2571804330708661
0
LINE
8
BLACK
6
CONTINUOUS
10
0.5545816535433071
20
-0.2571804330708661
11
0.5580994881889764
21
-0.2627790157480315
0
LINE
8
BLACK
6
CONTINUOUS
10
0.5580994881889764
20
-0.2627790157480315
11
0.5602833070866141
21
-0.2690200393700787
0
LINE
8
BLACK
6
CONTINUOUS
10
0.5602833070866141
20
-0.2690200393700787
11
0.5610236220472441
21
-0.2755905511811024
0
LINE
8
BLACK
6
CONTINUOUS
10
0.5610236220472441
20
-0.2755905511811024
11
0.5602833070866141
21
-0.282161062992126
0
LINE
8
BLACK
6
CONTINUOUS
10
0.5602833070866141
20
-0.282161062992126
11
0.5580994881889764
21
-0.2884020866141732
0
LINE
8
BLACK
6
CONTINUOUS
10
0.5580994881889764
20
-0.2884020866141732
11
0.5545816535433071
21
-0.2940006692913386
0
LINE
8
BLACK
6
CONTINUOUS
10
0.5545816535433071
20
-0.2940006692913386
11
0.5499061811023622
21
-0.2986761417322835
0
LINE
8
BLACK
6
CONTINUOUS
10
0.5499061811023622
20
-0.2986761417322835
11
0.5443075984251968
21
-0.3021939763779528
0
LINE
8
BLACK
6
CONTINUOUS
10
0.5443075984251968
20
-0.3021939763779528
11
0.5380665748031496
21
-0.3043777952755906
0
LINE
8
BLACK
6
CONTINUOUS
10
0.5380665748031496
20
-0.3043777952755906
11
0.5314960629921259
21
-0.3051181102362205
0
LINE
8
BLACK
6
CONTINUOUS
10
0.5314960629921259
20
-0.3051181102362205
11
0.5249255511811024
21
-0.3043777952755906
0
LINE
8
BLACK
6
CONTINUOUS
10
0.5249255511811024
20
-0.3043777952755906
11
0.5186845275590551
21
-0.3021939763779528
0
LINE
8
BLACK
6
CONTINUOUS
10
0.5186845275590551
20
-0.3021939763779528
11
0.5130859448818897
21
-0.2986761417322835
0
LINE
8
BLACK
6
CONTINUOUS
10
0.5130859448818897
20
-0.2986761417322835
11
0.5084104724409448
21
-0.2940006692913386
0
LINE
8
BLACK
6
CONTINUOUS
10
0.5084104724409448
20
-0.2940006692913386
11
0.5048926377952756
21
-0.2884020866141732
0
LINE
8
BLACK
6
CONTINUOUS
10
0.5048926377952756
20
-0.2884020866141732
11
0.5027088188976377
21
-0.282161062992126
0
LINE
8
BLACK
6
CONTINUOUS
10
0.5027088188976377
20
-0.282161062992126
11
0.5019685039370079
21
-0.2755905511811024
0
LINE
8
BLACK
6
CONTINUOUS
10
0.5019685039370079
20
-0.2755905511811024
11
0.5027088188976377
21
-0.2690200393700787
0
LINE
8
BLACK
6
CONTINUOUS
10
0.5027088188976377
20
-0.2690200393700787
11
0.5048926377952756
21
-0.2627790157480315
0
LINE
8
BLACK
6
CONTINUOUS
10
0.5048926377952756
20
-0.2627790157480315
11
0.5084104724409448
21
-0.2571804330708661
0
LINE
8
BLACK
6
CONTINUOUS
10
0.5084104724409448
20
-0.2571804330708661
11
0.5130859448818897
21
-0.2525049606299212
0
LINE
8
BLACK
6
CONTINUOUS
10
0.5130859448818897
20
-0.2525049606299212
11
0.5186845275590551
21
-0.248987125984252
0
LINE
8
BLACK
6
CONTINUOUS
10
0.5186845275590551
20
-0.248987125984252
11
0.5249255511811024
21
-0.2468033070866142
0
LINE
8
BLACK
6
CONTINUOUS
10
0.5249255511811024
20
-0.2468033070866142
11
0.5314960629921259
21
-0.2460629921259843
0
LINE
8
BLACK
6
CONTINUOUS
10
0.5314960629921259
20
-0.2460629921259843
11
0.5380665748031496
21
-0.2468033070866142
0
LINE
8
BLACK
6
CONTINUOUS
10
-0.62158
20
-0.2424588188976378
11
-0.6175048425196851
21
-0.244451062992126
0
LINE
8
BLACK
6
CONTINUOUS
10
-0.6175048425196851
20
-0.244451062992126
11
-0.6142973622047244
21
-0.2476585433070866
0
LINE
8
BLACK
6
CONTINUOUS
10
-0.6142973622047244
20
-0.2476585433070866
11
-0.6123051181102362
21
-0.2517337007874016
0
LINE
8
BLACK
6
CONTINUOUS
10
-0.6123051181102362
20
-0.2517337007874016
11
-0.6117322834645669
21
-0.2556655118110236
0
LINE
8
BLACK
6
CONTINUOUS
10
-0.6117322834645669
20
-0.2556655118110236
11
-0.6117322834645669
21
-0.2674765354330709
0
LINE
8
BLACK
6
CONTINUOUS
10
-0.6117322834645669
20
-0.2674765354330709
11
-0.6123051181102362
21
-0.2714083464566929
0
LINE
8
BLACK
6
CONTINUOUS
10
-0.6123051181102362
20
-0.2714083464566929
11
-0.6142973622047244
21
-0.2754835039370079
0
LINE
8
BLACK
6
CONTINUOUS
10
-0.6142973622047244
20
-0.2754835039370079
11
-0.6175048425196851
21
-0.2786909842519685
0
LINE
8
BLACK
6
CONTINUOUS
10
-0.6175048425196851
20
-0.2786909842519685
11
-0.62158
21
-0.2806832283464567
0
LINE
8
BLACK
6
CONTINUOUS
10
-0.62158
20
-0.2806832283464567
11
-0.6255118110236221
21
-0.281256062992126
0
LINE
8
BLACK
6
CONTINUOUS
10
-0.6255118110236221
20
-0.281256062992126
11
-0.6806299212598425
21
-0.281256062992126
0
LINE
8
BLACK
6
CONTINUOUS
10
-0.6806299212598425
20
-0.281256062992126
11
-0.6845617322834645
21
-0.2806832283464567
0
LINE
8
BLACK
6
CONTINUOUS
10
-0.6845617322834645
20
-0.2806832283464567
11
-0.6886368897637795
21
-0.2786909842519685
0
LINE
8
BLACK
6
CONTINUOUS
10
-0.6886368897637795
20
-0.2786909842519685
11
-0.6918443700787401
21
-0.2754835039370079
0
LINE
8
BLACK
6
CONTINUOUS
10
-0.6918443700787401
20
-0.2754835039370079
11
-0.6938366141732283
21
-0.2714083464566929
0
LINE
8
BLACK
6
CONTINUOUS
10
-0.6938366141732283
20
-0.2714083464566929
11
-0.6944094488188977
21
-0.2674765354330709
0
LINE
8
BLACK
6
CONTINUOUS
10
-0.6944094488188977
20
-0.2674765354330709
11
-0.6944094488188977
21
-0.2556655118110236
0
LINE
8
BLACK
6
CONTINUOUS
10
-0.6944094488188977
20
-0.2556655118110236
11
-0.6938366141732283
21
-0.2517337007874016
0
LINE
8
BLACK
6
CONTINUOUS
10
-0.6938366141732283
20
-0.2517337007874016
11
-0.6918443700787401
21
-0.2476585433070866
0
LINE
8
BLACK
6
CONTINUOUS
10
-0.6918443700787401
20
-0.2476585433070866
11
-0.6886368897637795
21
-0.244451062992126
0
LINE
8
BLACK
6
CONTINUOUS
10
-0.6886368897637795
20
-0.244451062992126
11
-0.6845617322834645
21
-0.2424588188976378
0
LINE
8
BLACK
6
CONTINUOUS
10
-0.6845617322834645
20
-0.2424588188976378
11
-0.6806299212598425
21
-0.2418859842519685
0
LINE
8
BLACK
6
CONTINUOUS
10
-0.6806299212598425
20
-0.2418859842519685
11
-0.6255118110236221
21
-0.2418859842519685
0
LINE
8
BLACK
6
CONTINUOUS
10
-0.6255118110236221
20
-0.2418859842519685
11
-0.62158
21
-0.2424588188976378
0
LINE
8
BLACK
6
CONTINUOUS
10
-0.224306811023622
20
-0.2246683858267716
11
-0.2199167716535433
21
-0.2269052362204724
0
LINE
8
BLACK
6
CONTINUOUS
10
-0.2199167716535433
20
-0.2269052362204724
11
-0.2164327952755905
21
-0.2303892125984252
0
LINE
8
BLACK
6
CONTINUOUS
10
-0.2164327952755905
20
-0.2303892125984252
11
-0.2141959448818898
21
-0.2347792519685039
0
LINE
8
BLACK
6
CONTINUOUS
10
-0.2141959448818898
20
-0.2347792519685039
11
-0.2134251968503937
21
-0.2396456692913386
0
LINE
8
BLACK
6
CONTINUOUS
10
-0.2134251968503937
20
-0.2396456692913386
11
-0.2134251968503937
21
-0.2553937007874016
0
LINE
8
BLACK
6
CONTINUOUS
10
-0.2134251968503937
20
-0.2553937007874016
11
-0.2141959448818898
21
-0.2602601181102362
0
LINE
8
BLACK
6
CONTINUOUS
10
-0.2141959448818898
20
-0.2602601181102362
11
-0.2164327952755905
21
-0.264650157480315
0
LINE
8
BLACK
6
CONTINUOUS
10
-0.2164327952755905
20
-0.264650157480315
11
-0.2199167716535433
21
-0.2681341338582677
0
LINE
8
BLACK
6
CONTINUOUS
10
-0.2199167716535433
20
-0.2681341338582677
11
-0.224306811023622
21
-0.2703709842519685
0
LINE
8
BLACK
6
CONTINUOUS
10
-0.224306811023622
20
-0.2703709842519685
11
-0.2291732283464567
21
-0.2711417322834646
0
LINE
8
BLACK
6
CONTINUOUS
10
-0.2291732283464567
20
-0.2711417322834646
11
-0.2508267716535433
21
-0.2711417322834646
0
LINE
8
BLACK
6
CONTINUOUS
10
-0.2508267716535433
20
-0.2711417322834646
11
-0.2556931889763779
21
-0.2703709842519685
0
LINE
8
BLACK
6
CONTINUOUS
10
-0.2556931889763779
20
-0.2703709842519685
11
-0.2600832283464567
21
-0.2681341338582677
0
LINE
8
BLACK
6
CONTINUOUS
10
-0.2600832283464567
20
-0.2681341338582677
11
-0.2635672047244094
21
-0.264650157480315
0
LINE
8
BLACK
6
CONTINUOUS
10
-0.2635672047244094
20
-0.264650157480315
11
-0.2658040551181102
21
-0.2602601181102362
0
LINE
8
BLACK
6
CONTINUOUS
10
-0.2658040551181102
20
-0.2602601181102362
11
-0.2665748031496063
21
-0.2553937007874016
0
LINE
8
BLACK
6
CONTINUOUS
10
-0.2665748031496063
20
-0.2553937007874016
11
-0.2665748031496063
21
-0.2396456692913386
0
LINE
8
BLACK
6
CONTINUOUS
10
-0.2665748031496063
20
-0.2396456692913386
11
-0.2658040551181102
21
-0.2347792519685039
0
LINE
8
BLACK
6
CONTINUOUS
10
-0.2658040551181102
20
-0.2347792519685039
11
-0.2635672047244094
21
-0.2303892125984252
0
LINE
8
BLACK
6
CONTINUOUS
10
-0.2635672047244094
20
-0.2303892125984252
11
-0.2600832283464567
21
-0.2269052362204724
0
LINE
8
BLACK
6
CONTINUOUS
10
-0.2600832283464567
20
-0.2269052362204724
11
-0.2556931889763779
21
-0.2246683858267716
0
LINE
8
BLACK
6
CONTINUOUS
10
-0.2556931889763779
20
-0.2246683858267716
11
-0.2508267716535433
21
-0.2238976377952756
0
LINE
8
BLACK
6
CONTINUOUS
10
-0.2508267716535433
20
-0.2238976377952756
11
-0.2291732283464567
21
-0.2238976377952756
0
LINE
8
BLACK
6
CONTINUOUS
10
-0.2291732283464567
20
-0.2238976377952756
11
-0.224306811023622
21
-0.2246683858267716
0
LINE
8
BLACK
6
CONTINUOUS
10
-0.1443068110236221
20
-0.2246683858267716
11
-0.1399167716535433
21
-0.2269052362204724
0
LINE
8
BLACK
6
CONTINUOUS
10
-0.1399167716535433
20
-0.2269052362204724
11
-0.1364327952755905
21
-0.2303892125984252
0
LINE
8
BLACK
6
CONTINUOUS
10
-0.1364327952755905
20
-0.2303892125984252
11
-0.1341959448818898
21
-0.2347792519685039
0
LINE
8
BLACK
6
CONTINUOUS
10
-0.1341959448818898
20
-0.2347792519685039
11
-0.1334251968503937
21
-0.2396456692913386
0
LINE
8
BLACK
6
CONTINUOUS
10
-0.1334251968503937
20
-0.2396456692913386
11
-0.1334251968503937
21
-0.2553937007874016
0
LINE
8
BLACK
6
CONTINUOUS
10
-0.1334251968503937
20
-0.2553937007874016
11
-0.1341959448818898
21
-0.2602601181102362
0
LINE
8
BLACK
6
CONTINUOUS
10
-0.1341959448818898
20
-0.2602601181102362
11
-0.1364327952755905
21
-0.264650157480315
0
LINE
8
BLACK
6
CONTINUOUS
10
-0.1364327952755905
20
-0.264650157480315
11
-0.1399167716535433
21
-0.2681341338582677
0
LINE
8
BLACK
6
CONTINUOUS
10
-0.1399167716535433
20
-0.2681341338582677
11
-0.1443068110236221
21
-0.2703709842519685
0
LINE
8
BLACK
6
CONTINUOUS
10
-0.1443068110236221
20
-0.2703709842519685
11
-0.1491732283464567
21
-0.2711417322834646
0
LINE
8
BLACK
6
CONTINUOUS
10
-0.1491732283464567
20
-0.2711417322834646
11
-0.1708267716535433
21
-0.2711417322834646
0
LINE
8
BLACK
6
CONTINUOUS
10
-0.1708267716535433
20
-0.2711417322834646
11
-0.175693188976378
21
-0.2703709842519685
0
LINE
8
BLACK
6
CONTINUOUS
10
-0.175693188976378
20
-0.2703709842519685
11
-0.1800832283464567
21
-0.2681341338582677
0
LINE
8
BLACK
6
CONTINUOUS
10
-0.1800832283464567
20
-0.2681341338582677
11
-0.1835672047244094
21
-0.264650157480315
0
LINE
8
BLACK
6
CONTINUOUS
10
-0.1835672047244094
20
-0.264650157480315
11
-0.1858040551181102
21
-0.2602601181102362
0
LINE
8
BLACK
6
CONTINUOUS
10
-0.1858040551181102
20
-0.2602601181102362
11
-0.1865748031496063
21
-0.2553937007874016
0
LINE
8
BLACK
6
CONTINUOUS
10
-0.1865748031496063
20
-0.2553937007874016
11
-0.1865748031496063
21
-0.2396456692913386
0
LINE
8
BLACK
6
CONTINUOUS
10
-0.1865748031496063
20
-0.2396456692913386
11
-0.1858040551181102
21
-0.2347792519685039
0
LINE
8
BLACK
6
CONTINUOUS
10
-0.1858040551181102
20
-0.2347792519685039
11
-0.1835672047244094
21
-0.2303892125984252
0
LINE
8
BLACK
6
CONTINUOUS
10
-0.1835672047244094
20
-0.2303892125984252
11
-0.1800832283464567
21
-0.2269052362204724
0
LINE
8
BLACK
6
CONTINUOUS
10
-0.1800832283464567
20
-0.2269052362204724
11
-0.175693188976378
21
-0.2246683858267716
0
LINE
8
BLACK
6
CONTINUOUS
10
-0.175693188976378
20
-0.2246683858267716
11
-0.1708267716535433
21
-0.2238976377952756
0
LINE
8
BLACK
6
CONTINUOUS
10
-0.1708267716535433
20
-0.2238976377952756
11
-0.1491732283464567
21
-0.2238976377952756
0
LINE
8
BLACK
6
CONTINUOUS
10
-0.1491732283464567
20
-0.2238976377952756
11
-0.1443068110236221
21
-0.2246683858267716
0
LINE
8
BLACK
6
CONTINUOUS
10
0.1843044094488189
20
-0.220307125984252
11
0.1889688582677165
21
-0.2226837795275591
0
LINE
8
BLACK
6
CONTINUOUS
10
0.1889688582677165
20
-0.2226837795275591
11
0.1926705511811024
21
-0.2263854724409449
0
LINE
8
BLACK
6
CONTINUOUS
10
0.1926705511811024
20
-0.2263854724409449
11
0.1950472047244095
21
-0.2310499212598425
0
LINE
8
BLACK
6
CONTINUOUS
10
0.1950472047244095
20
-0.2310499212598425
11
0.1958661417322834
21
-0.2362204724409449
0
LINE
8
BLACK
6
CONTINUOUS
10
0.1958661417322834
20
-0.2362204724409449
11
0.1958661417322834
21
-0.2539370078740157
0
LINE
8
BLACK
6
CONTINUOUS
10
0.1958661417322834
20
-0.2539370078740157
11
0.1950472047244095
21
-0.2591075590551181
0
LINE
8
BLACK
6
CONTINUOUS
10
0.1950472047244095
20
-0.2591075590551181
11
0.1926705511811024
21
-0.2637720078740157
0
LINE
8
BLACK
6
CONTINUOUS
10
0.1926705511811024
20
-0.2637720078740157
11
0.1889688582677165
21
-0.2674737007874016
0
LINE
8
BLACK
6
CONTINUOUS
10
0.1889688582677165
20
-0.2674737007874016
11
0.1843044094488189
21
-0.2698503543307086
0
LINE
8
BLACK
6
CONTINUOUS
10
0.1843044094488189
20
-0.2698503543307086
11
0.1791338582677165
21
-0.2706692913385827
0
LINE
8
BLACK
6
CONTINUOUS
10
0.1791338582677165
20
-0.2706692913385827
11
0.1594488188976378
21
-0.2706692913385827
0
LINE
8
BLACK
6
CONTINUOUS
10
0.1594488188976378
20
-0.2706692913385827
11
0.1542782677165354
21
-0.2698503543307086
0
LINE
8
BLACK
6
CONTINUOUS
10
0.1542782677165354
20
-0.2698503543307086
11
0.1496138188976378
21
-0.2674737007874016
0
LINE
8
BLACK
6
CONTINUOUS
10
0.1496138188976378
20
-0.2674737007874016
11
0.145912125984252
21
-0.2637720078740157
0
LINE
8
BLACK
6
CONTINUOUS
10
0.145912125984252
20
-0.2637720078740157
11
0.1435354724409449
21
-0.2591075590551181
0
LINE
8
BLACK
6
CONTINUOUS
10
0.1435354724409449
20
-0.2591075590551181
11
0.1427165354330709
21
-0.2539370078740157
0
LINE
8
BLACK
6
CONTINUOUS
10
0.1427165354330709
20
-0.2539370078740157
11
0.1427165354330709
21
-0.2362204724409449
0
LINE
8
BLACK
6
CONTINUOUS
10
0.1427165354330709
20
-0.2362204724409449
11
0.1435354724409449
21
-0.2310499212598425
0
LINE
8
BLACK
6
CONTINUOUS
10
0.1435354724409449
20
-0.2310499212598425
11
0.145912125984252
21
-0.2263854724409449
0
LINE
8
BLACK
6
CONTINUOUS
10
0.145912125984252
20
-0.2263854724409449
11
0.1496138188976378
21
-0.2226837795275591
0
LINE
8
BLACK
6
CONTINUOUS
10
0.1496138188976378
20
-0.2226837795275591
11
0.1542782677165354
21
-0.220307125984252
0
LINE
8
BLACK
6
CONTINUOUS
10
0.1542782677165354
20
-0.220307125984252
11
0.1594488188976378
21
-0.219488188976378
0
LINE
8
BLACK
6
CONTINUOUS
10
0.1594488188976378
20
-0.219488188976378
11
0.1791338582677165
21
-0.219488188976378
0
LINE
8
BLACK
6
CONTINUOUS
10
0.1791338582677165
20
-0.219488188976378
11
0.1843044094488189
21
-0.220307125984252
0
LINE
8
BLACK
6
CONTINUOUS
10
0.2652967322834646
20
-0.2126428346456693
11
0.2672047244094488
21
-0.2139177165354331
0
LINE
8
BLACK
6
CONTINUOUS
10
0.2672047244094488
20
-0.2139177165354331
11
0.2691127165354331
21
-0.2126428346456693
0
LINE
8
BLACK
6
CONTINUOUS
10
0.2691127165354331
20
-0.2126428346456693
11
0.2721259842519685
21
-0.2120434645669291
0
LINE
8
BLACK
6
CONTINUOUS
10
0.2721259842519685
20
-0.2120434645669291
11
0.2878740157480315
21
-0.2120434645669291
0
LINE
8
BLACK
6
CONTINUOUS
10
0.2878740157480315
20
-0.2120434645669291
11
0.2908872834645669
21
-0.2126428346456693
0
LINE
8
BLACK
6
CONTINUOUS
10
0.2908872834645669
20
-0.2126428346456693
11
0.2927952755905512
21
-0.2139177165354331
0
LINE
8
BLACK
6
CONTINUOUS
10
0.2927952755905512
20
-0.2139177165354331
11
0.2947032677165354
21
-0.2126428346456693
0
LINE
8
BLACK
6
CONTINUOUS
10
0.2947032677165354
20
-0.2126428346456693
11
0.2977165354330709
21
-0.2120434645669291
0
LINE
8
BLACK
6
CONTINUOUS
10
0.2977165354330709
20
-0.2120434645669291
11
0.3134645669291338
21
-0.2120434645669291
0
LINE
8
BLACK
6
CONTINUOUS
10
0.3134645669291338
20
-0.2120434645669291
11
0.3164778346456693
21
-0.2126428346456693
0
LINE
8
BLACK
6
CONTINUOUS
10
0.3164778346456693
20
-0.2126428346456693
11
0.3190323228346457
21
-0.2143497244094488
0
LINE
8
BLACK
6
CONTINUOUS
10
0.3190323228346457
20
-0.2143497244094488
11
0.3207392125984252
21
-0.2169042125984252
0
LINE
8
BLACK
6
CONTINUOUS
10
0.3207392125984252
20
-0.2169042125984252
11
0.3213385826771654
21
-0.2199174803149606
0
LINE
8
BLACK
6
CONTINUOUS
10
0.3213385826771654
20
-0.2199174803149606
11
0.3213385826771654
21
-0.245508031496063
0
LINE
8
BLACK
6
CONTINUOUS
10
0.3213385826771654
20
-0.245508031496063
11
0.3207392125984252
21
-0.2485212992125984
0
LINE
8
BLACK
6
CONTINUOUS
10
0.3207392125984252
20
-0.2485212992125984
11
0.3190323228346457
21
-0.2510757874015748
0
LINE
8
BLACK
6
CONTINUOUS
10
0.3190323228346457
20
-0.2510757874015748
11
0.3164778346456693
21
-0.2527826771653544
0
LINE
8
BLACK
6
CONTINUOUS
10
0.3164778346456693
20
-0.2527826771653544
11
0.3134645669291338
21
-0.2533820472440945
0
LINE
8
BLACK
6
CONTINUOUS
10
0.3134645669291338
20
-0.2533820472440945
11
0.2977165354330709
21
-0.2533820472440945
0
LINE
8
BLACK
6
CONTINUOUS
10
0.2977165354330709
20
-0.2533820472440945
11
0.2947032677165354
21
-0.2527826771653544
0
LINE
8
BLACK
6
CONTINUOUS
10
0.2947032677165354
20
-0.2527826771653544
11
0.2927952755905512
21
-0.2515077559055118
0
LINE
8
BLACK
6
CONTINUOUS
10
0.2927952755905512
20
-0.2515077559055118
11
0.2908872834645669
21
-0.2527826771653544
0
LINE
8
BLACK
6
CONTINUOUS
10
0.2908872834645669
20
-0.2527826771653544
11
0.2878740157480315
21
-0.2533820472440945
0
LINE
8
BLACK
6
CONTINUOUS
10
0.2878740157480315
20
-0.2533820472440945
11
0.2721259842519685
21
-0.2533820472440945
0
LINE
8
BLACK
6
CONTINUOUS
10
0.2721259842519685
20
-0.2533820472440945
11
0.2691127165354331
21
-0.2527826771653544
0
LINE
8
BLACK
6
CONTINUOUS
10
0.2691127165354331
20
-0.2527826771653544
11
0.2672047244094488
21
-0.2515077559055118
0
LINE
8
BLACK
6
CONTINUOUS
10
0.2672047244094488
20
-0.2515077559055118
11
0.2652967322834646
21
-0.2527826771653544
0
LINE
8
BLACK
6
CONTINUOUS
10
0.2652967322834646
20
-0.2527826771653544
11
0.2622834645669291
21
-0.2533820472440945
0
LINE
8
BLACK
6
CONTINUOUS
10
0.2622834645669291
20
-0.2533820472440945
11
0.2465354330708661
21
-0.2533820472440945
0
LINE
8
BLACK
6
CONTINUOUS
10
0.2465354330708661
20
-0.2533820472440945
11
0.2435221653543307
21
-0.2527826771653544
0
LINE
8
BLACK
6
CONTINUOUS
10
0.2435221653543307
20
-0.2527826771653544
11
0.2409676771653543
21
-0.2510757874015748
0
LINE
8
BLACK
6
CONTINUOUS
10
0.2409676771653543
20
-0.2510757874015748
11
0.2392607874015748
21
-0.2485212992125984
0
LINE
8
BLACK
6
CONTINUOUS
10
0.2392607874015748
20
-0.2485212992125984
11
0.2386614173228346
21
-0.245508031496063
0
LINE
8
BLACK
6
CONTINUOUS
10
0.2386614173228346
20
-0.245508031496063
11
0.2386614173228346
21
-0.2199174803149606
0
LINE
8
BLACK
6
CONTINUOUS
10
0.2386614173228346
20
-0.2199174803149606
11
0.2392607874015748
21
-0.2169042125984252
0
LINE
8
BLACK
6
CONTINUOUS
10
0.2392607874015748
20
-0.2169042125984252
11
0.2409676771653543
21
-0.2143497244094488
0
LINE
8
BLACK
6
CONTINUOUS
10
0.2409676771653543
20
-0.2143497244094488
11
0.2435221653543307
21
-0.2126428346456693
0
LINE
8
BLACK
6
CONTINUOUS
10
0.2435221653543307
20
-0.2126428346456693
11
0.2465354330708661
21
-0.2120434645669291
0
LINE
8
BLACK
6
CONTINUOUS
10
0.2465354330708661
20
-0.2120434645669291
11
0.2622834645669291
21
-0.2120434645669291
0
LINE
8
BLACK
6
CONTINUOUS
10
0.2622834645669291
20
-0.2120434645669291
11
0.2652967322834646
21
-0.2126428346456693
0
LINE
8
BLACK
6
CONTINUOUS
10
-0.62158
20
-0.1932462204724409
11
-0.6175048425196851
21
-0.1952384645669291
0
LINE
8
BLACK
6
CONTINUOUS
10
-0.6175048425196851
20
-0.1952384645669291
11
-0.6142973622047244
21
-0.1984459448818898
0
LINE
8
BLACK
6
CONTINUOUS
10
-0.6142973622047244
20
-0.1984459448818898
11
-0.6123051181102362
21
-0.2025211023622047
0
LINE
8
BLACK
6
CONTINUOUS
10
-0.6123051181102362
20
-0.2025211023622047
11
-0.6117322834645669
21
-0.2064529133858268
0
LINE
8
BLACK
6
CONTINUOUS
10
-0.6117322834645669
20
-0.2064529133858268
11
-0.6117322834645669
21
-0.218263937007874
0
LINE
8
BLACK
6
CONTINUOUS
10
-0.6117322834645669
20
-0.218263937007874
11
-0.6123051181102362
21
-0.2221957480314961
0
LINE
8
BLACK
6
CONTINUOUS
10
-0.6123051181102362
20
-0.2221957480314961
11
-0.6142973622047244
21
-0.226270905511811
0
LINE
8
BLACK
6
CONTINUOUS
10
-0.6142973622047244
20
-0.226270905511811
11
-0.6175048425196851
21
-0.2294783858267717
0
LINE
8
BLACK
6
CONTINUOUS
10
-0.6175048425196851
20
-0.2294783858267717
11
-0.62158
21
-0.2314706299212598
0
LINE
8
BLACK
6
CONTINUOUS
10
-0.62158
20
-0.2314706299212598
11
-0.6255118110236221
21
-0.2320434645669291
0
LINE
8
BLACK
6
CONTINUOUS
10
-0.6255118110236221
20
-0.2320434645669291
11
-0.6806299212598425
21
-0.2320434645669291
0
LINE
8
BLACK
6
CONTINUOUS
10
-0.6806299212598425
20
-0.2320434645669291
11
-0.6845617322834645
21
-0.2314706299212598
0
LINE
8
BLACK
6
CONTINUOUS
10
-0.6845617322834645
20
-0.2314706299212598
11
-0.6886368897637795
21
-0.2294783858267717
0
LINE
8
BLACK
6
CONTINUOUS
10
-0.6886368897637795
20
-0.2294783858267717
11
-0.6918443700787401
21
-0.226270905511811
0
LINE
8
BLACK
6
CONTINUOUS
10
-0.6918443700787401
20
-0.226270905511811
11
-0.6938366141732283
21
-0.2221957480314961
0
LINE
8
BLACK
6
CONTINUOUS
10
-0.6938366141732283
20
-0.2221957480314961
11
-0.6944094488188977
21
-0.218263937007874
0
LINE
8
BLACK
6
CONTINUOUS
10
-0.6944094488188977
20
-0.218263937007874
11
-0.6944094488188977
21
-0.2064529133858268
0
LINE
8
BLACK
6
CONTINUOUS
10
-0.6944094488188977
20
-0.2064529133858268
11
-0.6938366141732283
21
-0.2025211023622047
0
LINE
8
BLACK
6
CONTINUOUS
10
-0.6938366141732283
20
-0.2025211023622047
11
-0.6918443700787401
21
-0.1984459448818898
0
LINE
8
BLACK
6
CONTINUOUS
10
-0.6918443700787401
20
-0.1984459448818898
11
-0.6886368897637795
21
-0.1952384645669291
0
LINE
8
BLACK
6
CONTINUOUS
10
-0.6886368897637795
20
-0.1952384645669291
11
-0.6845617322834645
21
-0.1932462204724409
0
LINE
8
BLACK
6
CONTINUOUS
10
-0.6845617322834645
20
-0.1932462204724409
11
-0.6806299212598425
21
-0.1926733858267717
0
LINE
8
BLACK
6
CONTINUOUS
10
-0.6806299212598425
20
-0.1926733858267717
11
-0.6255118110236221
21
-0.1926733858267717
0
LINE
8
BLACK
6
CONTINUOUS
10
-0.6255118110236221
20
-0.1926733858267717
11
-0.62158
21
-0.1932462204724409
0
LINE
8
BLACK
6
CONTINUOUS
10
-0.4327371653543307
20
-0.0858214960629921
11
-0.4278417716535433
21
-0.088647874015748
0
LINE
8
BLACK
6
CONTINUOUS
10
-0.4278417716535433
20
-0.088647874015748
11
-0.4238447244094488
21
-0.0926449212598425
0
LINE
8
BLACK
6
CONTINUOUS
10
-0.4238447244094488
20
-0.0926449212598425
11
-0.4210183464566929
21
-0.0975403149606299
0
LINE
8
BLACK
6
CONTINUOUS
10
-0.4210183464566929
20
-0.0975403149606299
11
-0.4195553149606299
21
-0.1030004330708661
0
LINE
8
BLACK
6
CONTINUOUS
10
-0.4195553149606299
20
-0.1030004330708661
11
-0.4193700787401575
21
-0.1806299212598425
0
LINE
8
BLACK
6
CONTINUOUS
10
-0.4193700787401575
20
-0.1806299212598425
11
-0.4195553149606299
21
-0.1834562598425197
0
LINE
8
BLACK
6
CONTINUOUS
10
-0.4195553149606299
20
-0.1834562598425197
11
-0.4210183464566929
21
-0.1889163779527559
0
LINE
8
BLACK
6
CONTINUOUS
10
-0.4210183464566929
20
-0.1889163779527559
11
-0.4238447244094488
21
-0.1938117716535433
0
LINE
8
BLACK
6
CONTINUOUS
10
-0.4238447244094488
20
-0.1938117716535433
11
-0.4278417716535433
21
-0.1978088188976378
0
LINE
8
BLACK
6
CONTINUOUS
10
-0.4278417716535433
20
-0.1978088188976378
11
-0.4327371653543307
21
-0.2006351968503937
0
LINE
8
BLACK
6
CONTINUOUS
10
-0.4327371653543307
20
-0.2006351968503937
11
-0.4381972834645669
21
-0.2020982283464567
0
LINE
8
BLACK
6
CONTINUOUS
10
-0.4381972834645669
20
-0.2020982283464567
11
-0.4438499606299213
21
-0.2020982283464567
0
LINE
8
BLACK
6
CONTINUOUS
10
-0.4438499606299213
20
-0.2020982283464567
11
-0.4493100787401575
21
-0.2006351968503937
0
LINE
8
BLACK
6
CONTINUOUS
10
-0.4493100787401575
20
-0.2006351968503937
11
-0.4542054724409449
21
-0.1978088188976378
0
LINE
8
BLACK
6
CONTINUOUS
10
-0.4542054724409449
20
-0.1978088188976378
11
-0.4582025196850393
21
-0.1938117716535433
0
LINE
8
BLACK
6
CONTINUOUS
10
-0.4582025196850393
20
-0.1938117716535433
11
-0.4610288976377953
21
-0.1889163779527559
0
LINE
8
BLACK
6
CONTINUOUS
10
-0.4610288976377953
20
-0.1889163779527559
11
-0.4624919291338583
21
-0.1834562598425197
0
LINE
8
BLACK
6
CONTINUOUS
10
-0.4624919291338583
20
-0.1834562598425197
11
-0.4626771653543307
21
-0.1058267716535433
0
LINE
8
BLACK
6
CONTINUOUS
10
-0.4626771653543307
20
-0.1058267716535433
11
-0.4624919291338583
21
-0.1030004330708661
0
LINE
8
BLACK
6
CONTINUOUS
10
-0.4624919291338583
20
-0.1030004330708661
11
-0.4610288976377953
21
-0.0975403149606299
0
LINE
8
BLACK
6
CONTINUOUS
10
-0.4610288976377953
20
-0.0975403149606299
11
-0.4582025196850393
21
-0.0926449212598425
0
LINE
8
BLACK
6
CONTINUOUS
10
-0.4582025196850393
20
-0.0926449212598425
11
-0.4542054724409449
21
-0.088647874015748
0
LINE
8
BLACK
6
CONTINUOUS
10
-0.4542054724409449
20
-0.088647874015748
11
-0.4493100787401575
21
-0.0858214960629921
0
LINE
8
BLACK
6
CONTINUOUS
10
-0.4493100787401575
20
-0.0858214960629921
11
-0.4438499606299213
21
-0.0843584645669291
0
LINE
8
BLACK
6
CONTINUOUS
10
-0.4438499606299213
20
-0.0843584645669291
11
-0.4381972834645669
21
-0.0843584645669291
0
LINE
8
BLACK
6
CONTINUOUS
10
-0.4381972834645669
20
-0.0843584645669291
11
-0.4327371653543307
21
-0.0858214960629921
0
LINE
8
BLACK
6
CONTINUOUS
10
-0.3825403149606299
20
-0.0858214960629921
11
-0.3776449212598425
21
-0.088647874015748
0
LINE
8
BLACK
6
CONTINUOUS
10
-0.3776449212598425
20
-0.088647874015748
11
-0.373647874015748
21
-0.0926449212598425
0
LINE
8
BLACK
6
CONTINUOUS
10
-0.373647874015748
20
-0.0926449212598425
11
-0.3708214960629921
21
-0.0975403149606299
0
LINE
8
BLACK
6
CONTINUOUS
10
-0.3708214960629921
20
-0.0975403149606299
11
-0.3693584645669291
21
-0.1030004330708661
0
LINE
8
BLACK
6
CONTINUOUS
10
-0.3693584645669291
20
-0.1030004330708661
11
-0.3691732283464567
21
-0.1806299212598425
0
LINE
8
BLACK
6
CONTINUOUS
10
-0.3691732283464567
20
-0.1806299212598425
11
-0.3693584645669291
21
-0.1834562598425197
0
LINE
8
BLACK
6
CONTINUOUS
10
-0.3693584645669291
20
-0.1834562598425197
11
-0.3708214960629921
21
-0.1889163779527559
0
LINE
8
BLACK
6
CONTINUOUS
10
-0.3708214960629921
20
-0.1889163779527559
11
-0.373647874015748
21
-0.1938117716535433
0
LINE
8
BLACK
6
CONTINUOUS
10
-0.373647874015748
20
-0.1938117716535433
11
-0.3776449212598425
21
-0.1978088188976378
0
LINE
8
BLACK
6
CONTINUOUS
10
-0.3776449212598425
20
-0.1978088188976378
11
-0.3825403149606299
21
-0.2006351968503937
0
LINE
8
BLACK
6
CONTINUOUS
10
-0.3825403149606299
20
-0.2006351968503937
11
-0.3880004330708661
21
-0.2020982283464567
0
LINE
8
BLACK
6
CONTINUOUS
10
-0.3880004330708661
20
-0.2020982283464567
11
-0.3936531102362205
21
-0.2020982283464567
0
LINE
8
BLACK
6
CONTINUOUS
10
-0.3936531102362205
20
-0.2020982283464567
11
-0.3991132283464567
21
-0.2006351968503937
0
LINE
8
BLACK
6
CONTINUOUS
10
-0.3991132283464567
20
-0.2006351968503937
11
-0.4040086220472441
21
-0.1978088188976378
0
LINE
8
BLACK
6
CONTINUOUS
10
-0.4040086220472441
20
-0.1978088188976378
11
-0.4080056692913386
21
-0.1938117716535433
0
LINE
8
BLACK
6
CONTINUOUS
10
-0.4080056692913386
20
-0.1938117716535433
11
-0.4108320472440945
21
-0.1889163779527559
0
LINE
8
BLACK
6
CONTINUOUS
10
-0.4108320472440945
20
-0.1889163779527559
11
-0.4122950787401575
21
-0.1834562598425197
0
LINE
8
BLACK
6
CONTINUOUS
10
-0.4122950787401575
20
-0.1834562598425197
11
-0.4124803149606299
21
-0.1058267716535433
0
LINE
8
BLACK
6
CONTINUOUS
10
-0.4124803149606299
20
-0.1058267716535433
11
-0.4122950787401575
21
-0.1030004330708661
0
LINE
8
BLACK
6
CONTINUOUS
10
-0.4122950787401575
20
-0.1030004330708661
11
-0.4108320472440945
21
-0.0975403149606299
0
LINE
8
BLACK
6
CONTINUOUS
10
-0.4108320472440945
20
-0.0975403149606299
11
-0.4080056692913386
21
-0.0926449212598425
0
LINE
8
BLACK
6
CONTINUOUS
10
-0.4080056692913386
20
-0.0926449212598425
11
-0.4040086220472441
21
-0.088647874015748
0
LINE
8
BLACK
6
CONTINUOUS
10
-0.4040086220472441
20
-0.088647874015748
11
-0.3991132283464567
21
-0.0858214960629921
0
LINE
8
BLACK
6
CONTINUOUS
10
-0.3991132283464567
20
-0.0858214960629921
11
-0.3936531102362205
21
-0.0843584645669291
0
LINE
8
BLACK
6
CONTINUOUS
10
-0.3936531102362205
20
-0.0843584645669291
11
-0.3880004330708661
21
-0.0843584645669291
0
LINE
8
BLACK
6
CONTINUOUS
10
-0.3880004330708661
20
-0.0843584645669291
11
-0.3825403149606299
21
-0.0858214960629921
0
LINE
8
BLACK
6
CONTINUOUS
10
-0.3325403149606299
20
-0.0858214960629921
11
-0.3276449212598425
21
-0.088647874015748
0
LINE
8
BLACK
6
CONTINUOUS
10
-0.3276449212598425
20
-0.088647874015748
11
-0.323647874015748
21
-0.0926449212598425
0
LINE
8
BLACK
6
CONTINUOUS
10
-0.323647874015748
20
-0.0926449212598425
11
-0.3208214960629921
21
-0.0975403149606299
0
LINE
8
BLACK
6
CONTINUOUS
10
-0.3208214960629921
20
-0.0975403149606299
11
-0.3193584645669291
21
-0.1030004330708661
0
LINE
8
BLACK
6
CONTINUOUS
10
-0.3193584645669291
20
-0.1030004330708661
11
-0.3191732283464567
21
-0.1806299212598425
0
LINE
8
BLACK
6
CONTINUOUS
10
-0.3191732283464567
20
-0.1806299212598425
11
-0.3193584645669291
21
-0.1834562598425197
0
LINE
8
BLACK
6
CONTINUOUS
10
-0.3193584645669291
20
-0.1834562598425197
11
-0.3208214960629921
21
-0.1889163779527559
0
LINE
8
BLACK
6
CONTINUOUS
10
-0.3208214960629921
20
-0.1889163779527559
11
-0.323647874015748
21
-0.1938117716535433
0
LINE
8
BLACK
6
CONTINUOUS
10
-0.323647874015748
20
-0.1938117716535433
11
-0.3276449212598425
21
-0.1978088188976378
0
LINE
8
BLACK
6
CONTINUOUS
10
-0.3276449212598425
20
-0.1978088188976378
11
-0.3325403149606299
21
-0.2006351968503937
0
LINE
8
BLACK
6
CONTINUOUS
10
-0.3325403149606299
20
-0.2006351968503937
11
-0.3380004330708661
21
-0.2020982283464567
0
LINE
8
BLACK
6
CONTINUOUS
10
-0.3380004330708661
20
-0.2020982283464567
11
-0.3436531102362205
21
-0.2020982283464567
0
LINE
8
BLACK
6
CONTINUOUS
10
-0.3436531102362205
20
-0.2020982283464567
11
-0.3491132283464567
21
-0.2006351968503937
0
LINE
8
BLACK
6
CONTINUOUS
10
-0.3491132283464567
20
-0.2006351968503937
11
-0.3540086220472441
21
-0.1978088188976378
0
LINE
8
BLACK
6
CONTINUOUS
10
-0.3540086220472441
20
-0.1978088188976378
11
-0.3580056692913386
21
-0.1938117716535433
0
LINE
8
BLACK
6
CONTINUOUS
10
-0.3580056692913386
20
-0.1938117716535433
11
-0.3608320472440945
21
-0.1889163779527559
0
LINE
8
BLACK
6
CONTINUOUS
10
-0.3608320472440945
20
-0.1889163779527559
11
-0.3622950787401575
21
-0.1834562598425197
0
LINE
8
BLACK
6
CONTINUOUS
10
-0.3622950787401575
20
-0.1834562598425197
11
-0.3624803149606299
21
-0.1058267716535433
0
LINE
8
BLACK
6
CONTINUOUS
10
-0.3624803149606299
20
-0.1058267716535433
11
-0.3622950787401575
21
-0.1030004330708661
0
LINE
8
BLACK
6
CONTINUOUS
10
-0.3622950787401575
20
-0.1030004330708661
11
-0.3608320472440945
21
-0.0975403149606299
0
LINE
8
BLACK
6
CONTINUOUS
10
-0.3608320472440945
20
-0.0975403149606299
11
-0.3580056692913386
21
-0.0926449212598425
0
LINE
8
BLACK
6
CONTINUOUS
10
-0.3580056692913386
20
-0.0926449212598425
11
-0.3540086220472441
21
-0.088647874015748
0
LINE
8
BLACK
6
CONTINUOUS
10
-0.3540086220472441
20
-0.088647874015748
11
-0.3491132283464567
21
-0.0858214960629921
0
LINE
8
BLACK
6
CONTINUOUS
10
-0.3491132283464567
20
-0.0858214960629921
11
-0.3436531102362205
21
-0.0843584645669291
0
LINE
8
BLACK
6
CONTINUOUS
10
-0.3436531102362205
20
-0.0843584645669291
11
-0.3380004330708661
21
-0.0843584645669291
0
LINE
8
BLACK
6
CONTINUOUS
10
-0.3380004330708661
20
-0.0843584645669291
11
-0.3325403149606299
21
-0.0858214960629921
0
LINE
8
BLACK
6
CONTINUOUS
10
-0.2825403149606299
20
-0.0858214960629921
11
-0.2776449212598425
21
-0.088647874015748
0
LINE
8
BLACK
6
CONTINUOUS
10
-0.2776449212598425
20
-0.088647874015748
11
-0.273647874015748
21
-0.0926449212598425
0
LINE
8
BLACK
6
CONTINUOUS
10
-0.273647874015748
20
-0.0926449212598425
11
-0.2708214960629921
21
-0.0975403149606299
0
LINE
8
BLACK
6
CONTINUOUS
10
-0.2708214960629921
20
-0.0975403149606299
11
-0.2693584645669291
21
-0.1030004330708661
0
LINE
8
BLACK
6
CONTINUOUS
10
-0.2693584645669291
20
-0.1030004330708661
11
-0.2691732283464567
21
-0.1806299212598425
0
LINE
8
BLACK
6
CONTINUOUS
10
-0.2691732283464567
20
-0.1806299212598425
11
-0.2693584645669291
21
-0.1834562598425197
0
LINE
8
BLACK
6
CONTINUOUS
10
-0.2693584645669291
20
-0.1834562598425197
11
-0.2708214960629921
21
-0.1889163779527559
0
LINE
8
BLACK
6
CONTINUOUS
10
-0.2708214960629921
20
-0.1889163779527559
11
-0.273647874015748
21
-0.1938117716535433
0
LINE
8
BLACK
6
CONTINUOUS
10
-0.273647874015748
20
-0.1938117716535433
11
-0.2776449212598425
21
-0.1978088188976378
0
LINE
8
BLACK
6
CONTINUOUS
10
-0.2776449212598425
20
-0.1978088188976378
11
-0.2825403149606299
21
-0.2006351968503937
0
LINE
8
BLACK
6
CONTINUOUS
10
-0.2825403149606299
20
-0.2006351968503937
11
-0.2880004330708661
21
-0.2020982283464567
0
LINE
8
BLACK
6
CONTINUOUS
10
-0.2880004330708661
20
-0.2020982283464567
11
-0.2936531102362205
21
-0.2020982283464567
0
LINE
8
BLACK
6
CONTINUOUS
10
-0.2936531102362205
20
-0.2020982283464567
11
-0.2991132283464567
21
-0.2006351968503937
0
LINE
8
BLACK
6
CONTINUOUS
10
-0.2991132283464567
20
-0.2006351968503937
11
-0.3040086220472441
21
-0.1978088188976378
0
LINE
8
BLACK
6
CONTINUOUS
10
-0.3040086220472441
20
-0.1978088188976378
11
-0.3080056692913386
21
-0.1938117716535433
0
LINE
8
BLACK
6
CONTINUOUS
10
-0.3080056692913386
20
-0.1938117716535433
11
-0.3108320472440945
21
-0.1889163779527559
0
LINE
8
BLACK
6
CONTINUOUS
10
-0.3108320472440945
20
-0.1889163779527559
11
-0.3122950787401575
21
-0.1834562598425197
0
LINE
8
BLACK
6
CONTINUOUS
10
-0.3122950787401575
20
-0.1834562598425197
11
-0.3124803149606299
21
-0.1058267716535433
0
LINE
8
BLACK
6
CONTINUOUS
10
-0.3124803149606299
20
-0.1058267716535433
11
-0.3122950787401575
21
-0.1030004330708661
0
LINE
8
BLACK
6
CONTINUOUS
10
-0.3122950787401575
20
-0.1030004330708661
11
-0.3108320472440945
21
-0.0975403149606299
0
LINE
8
BLACK
6
CONTINUOUS
10
-0.3108320472440945
20
-0.0975403149606299
11
-0.3080056692913386
21
-0.0926449212598425
0
LINE
8
BLACK
6
CONTINUOUS
10
-0.3080056692913386
20
-0.0926449212598425
11
-0.3040086220472441
21
-0.088647874015748
0
LINE
8
BLACK
6
CONTINUOUS
10
-0.3040086220472441
20
-0.088647874015748
11
-0.2991132283464567
21
-0.0858214960629921
0
LINE
8
BLACK
6
CONTINUOUS
10
-0.2991132283464567
20
-0.0858214960629921
11
-0.2936531102362205
21
-0.0843584645669291
0
LINE
8
BLACK
6
CONTINUOUS
10
-0.2936531102362205
20
-0.0843584645669291
11
-0.2880004330708661
21
-0.0843584645669291
0
LINE
8
BLACK
6
CONTINUOUS
10
-0.2880004330708661
20
-0.0843584645669291
11
-0.2825403149606299
21
-0.0858214960629921
0
LINE
8
BLACK
6
CONTINUOUS
10
-0.62158
20
-0.1440336220472441
11
-0.6175048425196851
21
-0.1460258661417323
0
LINE
8
BLACK
6
CONTINUOUS
10
-0.6175048425196851
20
-0.1460258661417323
11
-0.6142973622047244
21
-0.1492333464566929
0
LINE
8
BLACK
6
CONTINUOUS
10
-0.6142973622047244
20
-0.1492333464566929
11
-0.6123051181102362
21
-0.1533085039370079
0
LINE
8
BLACK
6
CONTINUOUS
10
-0.6123051181102362
20
-0.1533085039370079
11
-0.6117322834645669
21
-0.1572403149606299
0
LINE
8
BLACK
6
CONTINUOUS
10
-0.6117322834645669
20
-0.1572403149606299
11
-0.6117322834645669
21
-0.1690513385826772
0
LINE
8
BLACK
6
CONTINUOUS
10
-0.6117322834645669
20
-0.1690513385826772
11
-0.6123051181102362
21
-0.1729831496062992
0
LINE
8
BLACK
6
CONTINUOUS
10
-0.6123051181102362
20
-0.1729831496062992
11
-0.6142973622047244
21
-0.1770583070866142
0
LINE
8
BLACK
6
CONTINUOUS
10
-0.6142973622047244
20
-0.1770583070866142
11
-0.6175048425196851
21
-0.1802657874015748
0
LINE
8
BLACK
6
CONTINUOUS
10
-0.6175048425196851
20
-0.1802657874015748
11
-0.62158
21
-0.182258031496063
0
LINE
8
BLACK
6
CONTINUOUS
10
-0.62158
20
-0.182258031496063
11
-0.6255118110236221
21
-0.1828308661417323
0
LINE
8
BLACK
6
CONTINUOUS
10
-0.6255118110236221
20
-0.1828308661417323
11
-0.6806299212598425
21
-0.1828308661417323
0
LINE
8
BLACK
6
CONTINUOUS
10
-0.6806299212598425
20
-0.1828308661417323
11
-0.6845617322834645
21
-0.182258031496063
0
LINE
8
BLACK
6
CONTINUOUS
10
-0.6845617322834645
20
-0.182258031496063
11
-0.6886368897637795
21
-0.1802657874015748
0
LINE
8
BLACK
6
CONTINUOUS
10
-0.6886368897637795
20
-0.1802657874015748
11
-0.6918443700787401
21
-0.1770583070866142
0
LINE
8
BLACK
6
CONTINUOUS
10
-0.6918443700787401
20
-0.1770583070866142
11
-0.6938366141732283
21
-0.1729831496062992
0
LINE
8
BLACK
6
CONTINUOUS
10
-0.6938366141732283
20
-0.1729831496062992
11
-0.6944094488188977
21
-0.1690513385826772
0
LINE
8
BLACK
6
CONTINUOUS
10
-0.6944094488188977
20
-0.1690513385826772
11
-0.6944094488188977
21
-0.1572403149606299
0
LINE
8
BLACK
6
CONTINUOUS
10
-0.6944094488188977
20
-0.1572403149606299
11
-0.6938366141732283
21
-0.1533085039370079
0
LINE
8
BLACK
6
CONTINUOUS
10
-0.6938366141732283
20
-0.1533085039370079
11
-0.6918443700787401
21
-0.1492333464566929
0
LINE
8
BLACK
6
CONTINUOUS
10
-0.6918443700787401
20
-0.1492333464566929
11
-0.6886368897637795
21
-0.1460258661417323
0
LINE
8
BLACK
6
CONTINUOUS
10
-0.6886368897637795
20
-0.1460258661417323
11
-0.6845617322834645
21
-0.1440336220472441
0
LINE
8
BLACK
6
CONTINUOUS
10
-0.6845617322834645
20
-0.1440336220472441
11
-0.6806299212598425
21
-0.1434607874015748
0
LINE
8
BLACK
6
CONTINUOUS
10
-0.6806299212598425
20
-0.1434607874015748
11
-0.6255118110236221
21
-0.1434607874015748
0
LINE
8
BLACK
6
CONTINUOUS
10
-0.6255118110236221
20
-0.1434607874015748
11
-0.62158
21
-0.1440336220472441
0
LINE
8
BLACK
6
CONTINUOUS
10
0.2614778346456693
20
-0.0592607874015748
11
0.2640323228346457
21
-0.0609676771653543
0
LINE
8
BLACK
6
CONTINUOUS
10
0.2640323228346457
20
-0.0609676771653543
11
0.2657392125984252
21
-0.0635221653543307
0
LINE
8
BLACK
6
CONTINUOUS
10
0.2657392125984252
20
-0.0635221653543307
11
0.2663385826771654
21
-0.0665354330708661
0
LINE
8
BLACK
6
CONTINUOUS
10
0.2663385826771654
20
-0.0665354330708661
11
0.2663385826771654
21
-0.1334645669291339
0
LINE
8
BLACK
6
CONTINUOUS
10
0.2663385826771654
20
-0.1334645669291339
11
0.2657392125984252
21
-0.1364778346456693
0
LINE
8
BLACK
6
CONTINUOUS
10
0.2657392125984252
20
-0.1364778346456693
11
0.2640323228346457
21
-0.1390323228346457
0
LINE
8
BLACK
6
CONTINUOUS
10
0.2640323228346457
20
-0.1390323228346457
11
0.2614778346456693
21
-0.1407392125984252
0
LINE
8
BLACK
6
CONTINUOUS
10
0.2614778346456693
20
-0.1407392125984252
11
0.2584645669291338
21
-0.1413385826771653
0
LINE
8
BLACK
6
CONTINUOUS
10
0.2584645669291338
20
-0.1413385826771653
11
0.1915354330708662
21
-0.1413385826771653
0
LINE
8
BLACK
6
CONTINUOUS
10
0.1915354330708662
20
-0.1413385826771653
11
0.1885221653543307
21
-0.1407392125984252
0
LINE
8
BLACK
6
CONTINUOUS
10
0.1885221653543307
20
-0.1407392125984252
11
0.1859676771653543
21
-0.1390323228346457
0
LINE
8
BLACK
6
CONTINUOUS
10
0.1859676771653543
20
-0.1390323228346457
11
0.1842607874015748
21
-0.1364778346456693
0
LINE
8
BLACK
6
CONTINUOUS
10
0.1842607874015748
20
-0.1364778346456693
11
0.1836614173228346
21
-0.1334645669291339
0
LINE
8
BLACK
6
CONTINUOUS
10
0.1836614173228346
20
-0.1334645669291339
11
0.1836614173228346
21
-0.0665354330708661
0
LINE
8
BLACK
6
CONTINUOUS
10
0.1836614173228346
20
-0.0665354330708661
11
0.1842607874015748
21
-0.0635221653543307
0
LINE
8
BLACK
6
CONTINUOUS
10
0.1842607874015748
20
-0.0635221653543307
11
0.1859676771653543
21
-0.0609676771653543
0
LINE
8
BLACK
6
CONTINUOUS
10
0.1859676771653543
20
-0.0609676771653543
11
0.1885221653543307
21
-0.0592607874015748
0
LINE
8
BLACK
6
CONTINUOUS
10
0.1885221653543307
20
-0.0592607874015748
11
0.1915354330708662
21
-0.0586614173228346
0
LINE
8
BLACK
6
CONTINUOUS
10
0.1915354330708662
20
-0.0586614173228346
11
0.2584645669291338
21
-0.0586614173228346
0
LINE
8
BLACK
6
CONTINUOUS
10
0.2584645669291338
20
-0.0586614173228346
11
0.2614778346456693
21
-0.0592607874015748
0
LINE
8
BLACK
6
CONTINUOUS
10
-0.62158
20
-0.0948210236220472
11
-0.6175048425196851
21
-0.0968132677165354
0
LINE
8
BLACK
6
CONTINUOUS
10
-0.6175048425196851
20
-0.0968132677165354
11
-0.6142973622047244
21
-0.1000207480314961
0
LINE
8
BLACK
6
CONTINUOUS
10
-0.6142973622047244
20
-0.1000207480314961
11
-0.6123051181102362
21
-0.104095905511811
0
LINE
8
BLACK
6
CONTINUOUS
10
-0.6123051181102362
20
-0.104095905511811
11
-0.6117322834645669
21
-0.1080277165354331
0
LINE
8
BLACK
6
CONTINUOUS
10
-0.6117322834645669
20
-0.1080277165354331
11
-0.6117322834645669
21
-0.1198387401574803
0
LINE
8
BLACK
6
CONTINUOUS
10
-0.6117322834645669
20
-0.1198387401574803
11
-0.6123051181102362
21
-0.1237705511811024
0
LINE
8
BLACK
6
CONTINUOUS
10
-0.6123051181102362
20
-0.1237705511811024
11
-0.6142973622047244
21
-0.1278457086614173
0
LINE
8
BLACK
6
CONTINUOUS
10
-0.6142973622047244
20
-0.1278457086614173
11
-0.6175048425196851
21
-0.1310531889763779
0
LINE
8
BLACK
6
CONTINUOUS
10
-0.6175048425196851
20
-0.1310531889763779
11
-0.62158
21
-0.1330454330708661
0
LINE
8
BLACK
6
CONTINUOUS
10
-0.62158
20
-0.1330454330708661
11
-0.6255118110236221
21
-0.1336182677165354
0
LINE
8
BLACK
6
CONTINUOUS
10
-0.6255118110236221
20
-0.1336182677165354
11
-0.6806299212598425
21
-0.1336182677165354
0
LINE
8
BLACK
6
CONTINUOUS
10
-0.6806299212598425
20
-0.1336182677165354
11
-0.6845617322834645
21
-0.1330454330708661
0
LINE
8
BLACK
6
CONTINUOUS
10
-0.6845617322834645
20
-0.1330454330708661
11
-0.6886368897637795
21
-0.1310531889763779
0
LINE
8
BLACK
6
CONTINUOUS
10
-0.6886368897637795
20
-0.1310531889763779
11
-0.6918443700787401
21
-0.1278457086614173
0
LINE
8
BLACK
6
CONTINUOUS
10
-0.6918443700787401
20
-0.1278457086614173
11
-0.6938366141732283
21
-0.1237705511811024
0
LINE
8
BLACK
6
CONTINUOUS
10
-0.6938366141732283
20
-0.1237705511811024
11
-0.6944094488188977
21
-0.1198387401574803
0
LINE
8
BLACK
6
CONTINUOUS
10
-0.6944094488188977
20
-0.1198387401574803
11
-0.6944094488188977
21
-0.1080277165354331
0
LINE
8
BLACK
6
CONTINUOUS
10
-0.6944094488188977
20
-0.1080277165354331
11
-0.6938366141732283
21
-0.104095905511811
0
LINE
8
BLACK
6
CONTINUOUS
10
-0.6938366141732283
20
-0.104095905511811
11
-0.6918443700787401
21
-0.1000207480314961
0
LINE
8
BLACK
6
CONTINUOUS
10
-0.6918443700787401
20
-0.1000207480314961
11
-0.6886368897637795
21
-0.0968132677165354
0
LINE
8
BLACK
6
CONTINUOUS
10
-0.6886368897637795
20
-0.0968132677165354
11
-0.6845617322834645
21
-0.0948210236220472
0
LINE
8
BLACK
6
CONTINUOUS
10
-0.6845617322834645
20
-0.0948210236220472
11
-0.6806299212598425
21
-0.0942481889763779
0
LINE
8
BLACK
6
CONTINUOUS
10
-0.6806299212598425
20
-0.0942481889763779
11
-0.6255118110236221
21
-0.0942481889763779
0
LINE
8
BLACK
6
CONTINUOUS
10
-0.6255118110236221
20
-0.0942481889763779
11
-0.62158
21
-0.0948210236220472
0
LINE
8
BLACK
6
CONTINUOUS
10
0.0141057480314961
20
0.1251920866141732
11
0.0280341338582677
21
0.1228255511811024
0
LINE
8
BLACK
6
CONTINUOUS
10
0.0280341338582677
20
0.1228255511811024
11
0.0416099606299213
21
0.1189144488188976
0
LINE
8
BLACK
6
CONTINUOUS
10
0.0416099606299213
20
0.1189144488188976
11
0.0546625196850394
21
0.113507874015748
0
LINE
8
BLACK
6
CONTINUOUS
10
0.0546625196850394
20
0.113507874015748
11
0.0670276771653543
21
0.1066738976377953
0
LINE
8
BLACK
6
CONTINUOUS
10
0.0670276771653543
20
0.1066738976377953
11
0.0785498818897638
21
0.0984984645669291
0
LINE
8
BLACK
6
CONTINUOUS
10
0.0785498818897638
20
0.0984984645669291
11
0.0890843307086614
21
0.0890843307086614
0
LINE
8
BLACK
6
CONTINUOUS
10
0.0890843307086614
20
0.0890843307086614
11
0.0984984645669291
21
0.0785498818897638
0
LINE
8
BLACK
6
CONTINUOUS
10
0.0984984645669291
20
0.0785498818897638
11
0.1066738976377953
21
0.0670276771653543
0
LINE
8
BLACK
6
CONTINUOUS
10
0.1066738976377953
20
0.0670276771653543
11
0.113507874015748
21
0.0546625196850394
0
LINE
8
BLACK
6
CONTINUOUS
10
0.113507874015748
20
0.0546625196850394
11
0.1189144488188976
21
0.0416099606299213
0
LINE
8
BLACK
6
CONTINUOUS
10
0.1189144488188976
20
0.0416099606299213
11
0.1228255511811024
21
0.0280341338582677
0
LINE
8
BLACK
6
CONTINUOUS
10
0.1228255511811024
20
0.0280341338582677
11
0.1251920866141732
21
0.0141057480314961
0
LINE
8
BLACK
6
CONTINUOUS
10
0.1251920866141732
20
0.0141057480314961
11
0.1259842519685039
21
0.
0
LINE
8
BLACK
6
CONTINUOUS
10
0.1259842519685039
20
0.
11
0.1251920866141732
21
-0.0141057480314961
0
LINE
8
BLACK
6
CONTINUOUS
10
0.1251920866141732
20
-0.0141057480314961
11
0.1228255511811024
21
-0.0280341338582677
0
LINE
8
BLACK
6
CONTINUOUS
10
0.1228255511811024
20
-0.0280341338582677
11
0.1189144488188976
21
-0.0416099606299213
0
LINE
8
BLACK
6
CONTINUOUS
10
0.1189144488188976
20
-0.0416099606299213
11
0.113507874015748
21
-0.0546625196850394
0
LINE
8
BLACK
6
CONTINUOUS
10
0.113507874015748
20
-0.0546625196850394
11
0.1066738976377953
21
-0.0670276771653543
0
LINE
8
BLACK
6
CONTINUOUS
10
0.1066738976377953
20
-0.0670276771653543
11
0.0984984645669291
21
-0.0785498818897638
0
LINE
8
BLACK
6
CONTINUOUS
10
0.0984984645669291
20
-0.0785498818897638
11
0.0890843307086614
21
-0.0890843307086614
0
LINE
8
BLACK
6
CONTINUOUS
10
0.0890843307086614
20
-0.0890843307086614
11
0.0785498818897638
21
-0.0984984645669291
0
LINE
8
BLACK
6
CONTINUOUS
10
0.0785498818897638
20
-0.0984984645669291
11
0.0670276771653543
21
-0.1066738976377953
0
LINE
8
BLACK
6
CONTINUOUS
10
0.0670276771653543
20
-0.1066738976377953
11
0.0546625196850394
21
-0.113507874015748
0
LINE
8
BLACK
6
CONTINUOUS
10
0.0546625196850394
20
-0.113507874015748
11
0.0416099606299213
21
-0.1189144488188976
0
LINE
8
BLACK
6
CONTINUOUS
10
0.0416099606299213
20
-0.1189144488188976
11
0.0280341338582677
21
-0.1228255511811024
0
LINE
8
BLACK
6
CONTINUOUS
10
0.0280341338582677
20
-0.1228255511811024
11
0.0141057480314961
21
-0.1251920866141732
0
LINE
8
BLACK
6
CONTINUOUS
10
0.0141057480314961
20
-0.1251920866141732
11
0.
21
-0.1259842519685039
0
LINE
8
BLACK
6
CONTINUOUS
10
0.
20
-0.1259842519685039
11
-0.0141057480314961
21
-0.1251920866141732
0
LINE
8
BLACK
6
CONTINUOUS
10
-0.0141057480314961
20
-0.1251920866141732
11
-0.0280341338582677
21
-0.1228255511811024
0
LINE
8
BLACK
6
CONTINUOUS
10
-0.0280341338582677
20
-0.1228255511811024
11
-0.0416099606299213
21
-0.1189144488188976
0
LINE
8
BLACK
6
CONTINUOUS
10
-0.0416099606299213
20
-0.1189144488188976
11
-0.0546625196850394
21
-0.113507874015748
0
LINE
8
BLACK
6
CONTINUOUS
10
-0.0546625196850394
20
-0.113507874015748
11
-0.0670276771653543
21
-0.1066738976377953
0
LINE
8
BLACK
6
CONTINUOUS
10
-0.0670276771653543
20
-0.1066738976377953
11
-0.0785498818897638
21
-0.0984984645669291
0
LINE
8
BLACK
6
CONTINUOUS
10
-0.0785498818897638
20
-0.0984984645669291
11
-0.0890843307086614
21
-0.0890843307086614
0
LINE
8
BLACK
6
CONTINUOUS
10
-0.0890843307086614
20
-0.0890843307086614
11
-0.0984984645669291
21
-0.0785498818897638
0
LINE
8
BLACK
6
CONTINUOUS
10
-0.0984984645669291
20
-0.0785498818897638
11
-0.1066738976377953
21
-0.0670276771653543
0
LINE
8
BLACK
6
CONTINUOUS
10
-0.1066738976377953
20
-0.0670276771653543
11
-0.113507874015748
21
-0.0546625196850394
0
LINE
8
BLACK
6
CONTINUOUS
10
-0.113507874015748
20
-0.0546625196850394
11
-0.1189144488188976
21
-0.0416099606299213
0
LINE
8
BLACK
6
CONTINUOUS
10
-0.1189144488188976
20
-0.0416099606299213
11
-0.1228255511811024
21
-0.0280341338582677
0
LINE
8
BLACK
6
CONTINUOUS
10
-0.1228255511811024
20
-0.0280341338582677
11
-0.1251920866141732
21
-0.0141057480314961
0
LINE
8
BLACK
6
CONTINUOUS
10
-0.1251920866141732
20
-0.0141057480314961
11
-0.1259842519685039
21
0.
0
LINE
8
BLACK
6
CONTINUOUS
10
-0.1259842519685039
20
0.
11
-0.1251920866141732
21
0.0141057480314961
0
LINE
8
BLACK
6
CONTINUOUS
10
-0.1251920866141732
20
0.0141057480314961
11
-0.1228255511811024
21
0.0280341338582677
0
LINE
8
BLACK
6
CONTINUOUS
10
-0.1228255511811024
20
0.0280341338582677
11
-0.1189144488188976
21
0.0416099606299213
0
LINE
8
BLACK
6
CONTINUOUS
10
-0.1189144488188976
20
0.0416099606299213
11
-0.113507874015748
21
0.0546625196850394
0
LINE
8
BLACK
6
CONTINUOUS
10
-0.113507874015748
20
0.0546625196850394
11
-0.1066738976377953
21
0.0670276771653543
0
LINE
8
BLACK
6
CONTINUOUS
10
-0.1066738976377953
20
0.0670276771653543
11
-0.0984984645669291
21
0.0785498818897638
0
LINE
8
BLACK
6
CONTINUOUS
10
-0.0984984645669291
20
0.0785498818897638
11
-0.0890843307086614
21
0.0890843307086614
0
LINE
8
BLACK
6
CONTINUOUS
10
-0.0890843307086614
20
0.0890843307086614
11
-0.0785498818897638
21
0.0984984645669291
0
LINE
8
BLACK
6
CONTINUOUS
10
-0.0785498818897638
20
0.0984984645669291
11
-0.0670276771653543
21
0.1066738976377953
0
LINE
8
BLACK
6
CONTINUOUS
10
-0.0670276771653543
20
0.1066738976377953
11
-0.0546625196850394
21
0.113507874015748
0
LINE
8
BLACK
6
CONTINUOUS
10
-0.0546625196850394
20
0.113507874015748
11
-0.0416099606299213
21
0.1189144488188976
0
LINE
8
BLACK
6
CONTINUOUS
10
-0.0416099606299213
20
0.1189144488188976
11
-0.0280341338582677
21
0.1228255511811024
0
LINE
8
BLACK
6
CONTINUOUS
10
-0.0280341338582677
20
0.1228255511811024
11
-0.0141057480314961
21
0.1251920866141732
0
LINE
8
BLACK
6
CONTINUOUS
10
-0.0141057480314961
20
0.1251920866141732
11
0.
21
0.1259842519685039
0
LINE
8
BLACK
6
CONTINUOUS
10
0.
20
0.1259842519685039
11
0.0141057480314961
21
0.1251920866141732
0
LINE
8
BLACK
6
CONTINUOUS
10
-0.7324543307086614
20
-0.0138483858267717
11
-0.7274696456692913
21
-0.0155925984251969
0
LINE
8
BLACK
6
CONTINUOUS
10
-0.7274696456692913
20
-0.0155925984251969
11
-0.7232205511811024
21
-0.0187285826771654
0
LINE
8
BLACK
6
CONTINUOUS
10
-0.7232205511811024
20
-0.0187285826771654
11
-0.7200845669291338
21
-0.0229776771653543
0
LINE
8
BLACK
6
CONTINUOUS
10
-0.7200845669291338
20
-0.0229776771653543
11
-0.7183403543307086
21
-0.0279623622047244
0
LINE
8
BLACK
6
CONTINUOUS
10
-0.7183403543307086
20
-0.0279623622047244
11
-0.7180314960629921
21
-0.031256062992126
0
LINE
8
BLACK
6
CONTINUOUS
10
-0.7180314960629921
20
-0.031256062992126
11
-0.7180314960629921
21
-0.0509411023622047
0
LINE
8
BLACK
6
CONTINUOUS
10
-0.7180314960629921
20
-0.0509411023622047
11
-0.7183403543307086
21
-0.0542348031496063
0
LINE
8
BLACK
6
CONTINUOUS
10
-0.7183403543307086
20
-0.0542348031496063
11
-0.7200845669291338
21
-0.0592194881889764
0
LINE
8
BLACK
6
CONTINUOUS
10
-0.7200845669291338
20
-0.0592194881889764
11
-0.7232205511811024
21
-0.0634685826771653
0
LINE
8
BLACK
6
CONTINUOUS
10
-0.7232205511811024
20
-0.0634685826771653
11
-0.7274696456692913
21
-0.0666045669291339
0
LINE
8
BLACK
6
CONTINUOUS
10
-0.7274696456692913
20
-0.0666045669291339
11
-0.7324543307086614
21
-0.0683487795275591
0
LINE
8
BLACK
6
CONTINUOUS
10
-0.7324543307086614
20
-0.0683487795275591
11
-0.7357480314960629
21
-0.0686576377952756
0
LINE
8
BLACK
6
CONTINUOUS
10
-0.7357480314960629
20
-0.0686576377952756
11
-0.8223622047244095
21
-0.0686576377952756
0
LINE
8
BLACK
6
CONTINUOUS
10
-0.8223622047244095
20
-0.0686576377952756
11
-0.825655905511811
21
-0.0683487795275591
0
LINE
8
BLACK
6
CONTINUOUS
10
-0.825655905511811
20
-0.0683487795275591
11
-0.8306405905511811
21
-0.0666045669291339
0
LINE
8
BLACK
6
CONTINUOUS
10
-0.8306405905511811
20
-0.0666045669291339
11
-0.8348896850393701
21
-0.0634685826771653
0
LINE
8
BLACK
6
CONTINUOUS
10
-0.8348896850393701
20
-0.0634685826771653
11
-0.8380256692913386
21
-0.0592194881889764
0
LINE
8
BLACK
6
CONTINUOUS
10
-0.8380256692913386
20
-0.0592194881889764
11
-0.8397698818897638
21
-0.0542348031496063
0
LINE
8
BLACK
6
CONTINUOUS
10
-0.8397698818897638
20
-0.0542348031496063
11
-0.8400787401574803
21
-0.0509411023622047
0
LINE
8
BLACK
6
CONTINUOUS
10
-0.8400787401574803
20
-0.0509411023622047
11
-0.8400787401574803
21
-0.031256062992126
0
LINE
8
BLACK
6
CONTINUOUS
10
-0.8400787401574803
20
-0.031256062992126
11
-0.8397698818897638
21
-0.0279623622047244
0
LINE
8
BLACK
6
CONTINUOUS
10
-0.8397698818897638
20
-0.0279623622047244
11
-0.8380256692913386
21
-0.0229776771653543
0
LINE
8
BLACK
6
CONTINUOUS
10
-0.8380256692913386
20
-0.0229776771653543
11
-0.8348896850393701
21
-0.0187285826771654
0
LINE
8
BLACK
6
CONTINUOUS
10
-0.8348896850393701
20
-0.0187285826771654
11
-0.8306405905511811
21
-0.0155925984251969
0
LINE
8
BLACK
6
CONTINUOUS
10
-0.8306405905511811
20
-0.0155925984251969
11
-0.825655905511811
21
-0.0138483858267717
0
LINE
8
BLACK
6
CONTINUOUS
10
-0.825655905511811
20
-0.0138483858267717
11
-0.8223622047244095
21
-0.0135395275590551
0
LINE
8
BLACK
6
CONTINUOUS
10
-0.8223622047244095
20
-0.0135395275590551
11
-0.7357480314960629
21
-0.0135395275590551
0
LINE
8
BLACK
6
CONTINUOUS
10
-0.7357480314960629
20
-0.0135395275590551
11
-0.7324543307086614
21
-0.0138483858267717
0
LINE
8
BLACK
6
CONTINUOUS
10
-0.6027347637795275
20
-0.0189458267716535
11
-0.6001802755905512
21
-0.0206527165354331
0
LINE
8
BLACK
6
CONTINUOUS
10
-0.6001802755905512
20
-0.0206527165354331
11
-0.5984733858267717
21
-0.0232072047244094
0
LINE
8
BLACK
6
CONTINUOUS
10
-0.5984733858267717
20
-0.0232072047244094
11
-0.5978740157480315
21
-0.0262204724409449
0
LINE
8
BLACK
6
CONTINUOUS
10
-0.5978740157480315
20
-0.0262204724409449
11
-0.5978740157480315
21
-0.0537795275590551
0
LINE
8
BLACK
6
CONTINUOUS
10
-0.5978740157480315
20
-0.0537795275590551
11
-0.5984733858267717
21
-0.0567927952755906
0
LINE
8
BLACK
6
CONTINUOUS
10
-0.5984733858267717
20
-0.0567927952755906
11
-0.6001802755905512
21
-0.0593472834645669
0
LINE
8
BLACK
6
CONTINUOUS
10
-0.6001802755905512
20
-0.0593472834645669
11
-0.6027347637795275
21
-0.0610541732283465
0
LINE
8
BLACK
6
CONTINUOUS
10
-0.6027347637795275
20
-0.0610541732283465
11
-0.6057480314960629
21
-0.0616535433070866
0
LINE
8
BLACK
6
CONTINUOUS
10
-0.6057480314960629
20
-0.0616535433070866
11
-0.6293700787401575
21
-0.0616535433070866
0
LINE
8
BLACK
6
CONTINUOUS
10
-0.6293700787401575
20
-0.0616535433070866
11
-0.6323833464566929
21
-0.0610541732283465
0
LINE
8
BLACK
6
CONTINUOUS
10
-0.6323833464566929
20
-0.0610541732283465
11
-0.6349378346456693
21
-0.0593472834645669
0
LINE
8
BLACK
6
CONTINUOUS
10
-0.6349378346456693
20
-0.0593472834645669
11
-0.6366447244094489
21
-0.0567927952755906
0
LINE
8
BLACK
6
CONTINUOUS
10
-0.6366447244094489
20
-0.0567927952755906
11
-0.637244094488189
21
-0.0537795275590551
0
LINE
8
BLACK
6
CONTINUOUS
10
-0.637244094488189
20
-0.0537795275590551
11
-0.637244094488189
21
-0.0262204724409449
0
LINE
8
BLACK
6
CONTINUOUS
10
-0.637244094488189
20
-0.0262204724409449
11
-0.6366447244094489
21
-0.0232072047244094
0
LINE
8
BLACK
6
CONTINUOUS
10
-0.6366447244094489
20
-0.0232072047244094
11
-0.6349378346456693
21
-0.0206527165354331
0
LINE
8
BLACK
6
CONTINUOUS
10
-0.6349378346456693
20
-0.0206527165354331
11
-0.6323833464566929
21
-0.0189458267716535
0
LINE
8
BLACK
6
CONTINUOUS
10
-0.6323833464566929
20
-0.0189458267716535
11
-0.6293700787401575
21
-0.0183464566929134
0
LINE
8
BLACK
6
CONTINUOUS
10
-0.6293700787401575
20
-0.0183464566929134
11
-0.6057480314960629
21
-0.0183464566929134
0
LINE
8
BLACK
6
CONTINUOUS
10
-0.6057480314960629
20
-0.0183464566929134
11
-0.6027347637795275
21
-0.0189458267716535
0
LINE
8
BLACK
6
CONTINUOUS
10
-0.547616653543307
20
-0.0189458267716535
11
-0.5450621653543307
21
-0.0206527165354331
0
LINE
8
BLACK
6
CONTINUOUS
10
-0.5450621653543307
20
-0.0206527165354331
11
-0.5433552755905512
21
-0.0232072047244094
0
LINE
8
BLACK
6
CONTINUOUS
10
-0.5433552755905512
20
-0.0232072047244094
11
-0.542755905511811
21
-0.0262204724409449
0
LINE
8
BLACK
6
CONTINUOUS
10
-0.542755905511811
20
-0.0262204724409449
11
-0.542755905511811
21
-0.0537795275590551
0
LINE
8
BLACK
6
CONTINUOUS
10
-0.542755905511811
20
-0.0537795275590551
11
-0.5433552755905512
21
-0.0567927952755906
0
LINE
8
BLACK
6
CONTINUOUS
10
-0.5433552755905512
20
-0.0567927952755906
11
-0.5450621653543307
21
-0.0593472834645669
0
LINE
8
BLACK
6
CONTINUOUS
10
-0.5450621653543307
20
-0.0593472834645669
11
-0.547616653543307
21
-0.0610541732283465
0
LINE
8
BLACK
6
CONTINUOUS
10
-0.547616653543307
20
-0.0610541732283465
11
-0.5506299212598426
21
-0.0616535433070866
0
LINE
8
BLACK
6
CONTINUOUS
10
-0.5506299212598426
20
-0.0616535433070866
11
-0.574251968503937
21
-0.0616535433070866
0
LINE
8
BLACK
6
CONTINUOUS
10
-0.574251968503937
20
-0.0616535433070866
11
-0.5772652362204724
21
-0.0610541732283465
0
LINE
8
BLACK
6
CONTINUOUS
10
-0.5772652362204724
20
-0.0610541732283465
11
-0.5798197244094488
21
-0.0593472834645669
0
LINE
8
BLACK
6
CONTINUOUS
10
-0.5798197244094488
20
-0.0593472834645669
11
-0.5815266141732284
21
-0.0567927952755906
0
LINE
8
BLACK
6
CONTINUOUS
10
-0.5815266141732284
20
-0.0567927952755906
11
-0.5821259842519685
21
-0.0537795275590551
0
LINE
8
BLACK
6
CONTINUOUS
10
-0.5821259842519685
20
-0.0537795275590551
11
-0.5821259842519685
21
-0.0262204724409449
0
LINE
8
BLACK
6
CONTINUOUS
10
-0.5821259842519685
20
-0.0262204724409449
11
-0.5815266141732284
21
-0.0232072047244094
0
LINE
8
BLACK
6
CONTINUOUS
10
-0.5815266141732284
20
-0.0232072047244094
11
-0.5798197244094488
21
-0.0206527165354331
0
LINE
8
BLACK
6
CONTINUOUS
10
-0.5798197244094488
20
-0.0206527165354331
11
-0.5772652362204724
21
-0.0189458267716535
0
LINE
8
BLACK
6
CONTINUOUS
10
-0.5772652362204724
20
-0.0189458267716535
11
-0.574251968503937
21
-0.0183464566929134
0
LINE
8
BLACK
6
CONTINUOUS
10
-0.574251968503937
20
-0.0183464566929134
11
-0.5506299212598426
21
-0.0183464566929134
0
LINE
8
BLACK
6
CONTINUOUS
10
-0.5506299212598426
20
-0.0183464566929134
11
-0.547616653543307
21
-0.0189458267716535
0
LINE
8
BLACK
6
CONTINUOUS
10
0.2330647637795276
20
0.0405442913385827
11
0.2408196062992126
21
0.0381918897637795
0
LINE
8
BLACK
6
CONTINUOUS
10
0.2408196062992126
20
0.0381918897637795
11
0.2479664960629921
21
0.0343717716535433
0
LINE
8
BLACK
6
CONTINUOUS
10
0.2479664960629921
20
0.0343717716535433
11
0.2542307874015748
21
0.0292307874015748
0
LINE
8
BLACK
6
CONTINUOUS
10
0.2542307874015748
20
0.0292307874015748
11
0.2593717716535433
21
0.0229664960629921
0
LINE
8
BLACK
6
CONTINUOUS
10
0.2593717716535433
20
0.0229664960629921
11
0.2631918897637795
21
0.0158196062992126
0
LINE
8
BLACK
6
CONTINUOUS
10
0.2631918897637795
20
0.0158196062992126
11
0.2655442913385826
21
0.0080647637795276
0
LINE
8
BLACK
6
CONTINUOUS
10
0.2655442913385826
20
0.0080647637795276
11
0.2663385826771654
21
0.
0
LINE
8
BLACK
6
CONTINUOUS
10
0.2663385826771654
20
0.
11
0.2655442913385826
21
-0.0080647637795276
0
LINE
8
BLACK
6
CONTINUOUS
10
0.2655442913385826
20
-0.0080647637795276
11
0.2631918897637795
21
-0.0158196062992126
0
LINE
8
BLACK
6
CONTINUOUS
10
0.2631918897637795
20
-0.0158196062992126
11
0.2593717716535433
21
-0.0229664960629921
0
LINE
8
BLACK
6
CONTINUOUS
10
0.2593717716535433
20
-0.0229664960629921
11
0.2542307874015748
21
-0.0292307874015748
0
LINE
8
BLACK
6
CONTINUOUS
10
0.2542307874015748
20
-0.0292307874015748
11
0.2479664960629921
21
-0.0343717716535433
0
LINE
8
BLACK
6
CONTINUOUS
10
0.2479664960629921
20
-0.0343717716535433
11
0.2408196062992126
21
-0.0381918897637795
0
LINE
8
BLACK
6
CONTINUOUS
10
0.2408196062992126
20
-0.0381918897637795
11
0.2330647637795276
21
-0.0405442913385827
0
LINE
8
BLACK
6
CONTINUOUS
10
0.2330647637795276
20
-0.0405442913385827
11
0.225
21
-0.0413385826771654
0
LINE
8
BLACK
6
CONTINUOUS
10
0.225
20
-0.0413385826771654
11
0.2169352362204724
21
-0.0405442913385827
0
LINE
8
BLACK
6
CONTINUOUS
10
0.2169352362204724
20
-0.0405442913385827
11
0.2091803937007874
21
-0.0381918897637795
0
LINE
8
BLACK
6
CONTINUOUS
10
0.2091803937007874
20
-0.0381918897637795
11
0.2020335039370079
21
-0.0343717716535433
0
LINE
8
BLACK
6
CONTINUOUS
10
0.2020335039370079
20
-0.0343717716535433
11
0.1957692125984252
21
-0.0292307874015748
0
LINE
8
BLACK
6
CONTINUOUS
10
0.1957692125984252
20
-0.0292307874015748
11
0.1906282283464567
21
-0.0229664960629921
0
LINE
8
BLACK
6
CONTINUOUS
10
0.1906282283464567
20
-0.0229664960629921
11
0.1868081102362205
21
-0.0158196062992126
0
LINE
8
BLACK
6
CONTINUOUS
10
0.1868081102362205
20
-0.0158196062992126
11
0.1844557086614173
21
-0.0080647637795276
0
LINE
8
BLACK
6
CONTINUOUS
10
0.1844557086614173
20
-0.0080647637795276
11
0.1836614173228346
21
0.
0
LINE
8
BLACK
6
CONTINUOUS
10
0.1836614173228346
20
0.
11
0.1844557086614173
21
0.0080647637795276
0
LINE
8
BLACK
6
CONTINUOUS
10
0.1844557086614173
20
0.0080647637795276
11
0.1868081102362205
21
0.0158196062992126
0
LINE
8
BLACK
6
CONTINUOUS
10
0.1868081102362205
20
0.0158196062992126
11
0.1906282283464567
21
0.0229664960629921
0
LINE
8
BLACK
6
CONTINUOUS
10
0.1906282283464567
20
0.0229664960629921
11
0.1957692125984252
21
0.0292307874015748
0
LINE
8
BLACK
6
CONTINUOUS
10
0.1957692125984252
20
0.0292307874015748
11
0.2020335039370079
21
0.0343717716535433
0
LINE
8
BLACK
6
CONTINUOUS
10
0.2020335039370079
20
0.0343717716535433
11
0.2091803937007874
21
0.0381918897637795
0
LINE
8
BLACK
6
CONTINUOUS
10
0.2091803937007874
20
0.0381918897637795
11
0.2169352362204724
21
0.0405442913385827
0
LINE
8
BLACK
6
CONTINUOUS
10
0.2169352362204724
20
0.0405442913385827
11
0.225
21
0.0413385826771654
0
LINE
8
BLACK
6
CONTINUOUS
10
0.225
20
0.0413385826771654
11
0.2330647637795276
21
0.0405442913385827
0
LINE
8
BLACK
6
CONTINUOUS
10
-0.7324543307086614
20
0.069813031496063
11
-0.7274696456692913
21
0.0680688188976378
0
LINE
8
BLACK
6
CONTINUOUS
10
-0.7274696456692913
20
0.0680688188976378
11
-0.7232205511811024
21
0.0649328346456693
0
LINE
8
BLACK
6
CONTINUOUS
10
-0.7232205511811024
20
0.0649328346456693
11
-0.7200845669291338
21
0.0606837401574803
0
LINE
8
BLACK
6
CONTINUOUS
10
-0.7200845669291338
20
0.0606837401574803
11
-0.7183403543307086
21
0.0556990551181102
0
LINE
8
BLACK
6
CONTINUOUS
10
-0.7183403543307086
20
0.0556990551181102
11
-0.7180314960629921
21
0.0524053543307087
0
LINE
8
BLACK
6
CONTINUOUS
10
-0.7180314960629921
20
0.0524053543307087
11
-0.7180314960629921
21
0.0327203149606299
0
LINE
8
BLACK
6
CONTINUOUS
10
-0.7180314960629921
20
0.0327203149606299
11
-0.7183403543307086
21
0.0294266141732283
0
LINE
8
BLACK
6
CONTINUOUS
10
-0.7183403543307086
20
0.0294266141732283
11
-0.7200845669291338
21
0.0244419291338583
0
LINE
8
BLACK
6
CONTINUOUS
10
-0.7200845669291338
20
0.0244419291338583
11
-0.7232205511811024
21
0.0201928346456693
0
LINE
8
BLACK
6
CONTINUOUS
10
-0.7232205511811024
20
0.0201928346456693
11
-0.7274696456692913
21
0.0170568503937008
0
LINE
8
BLACK
6
CONTINUOUS
10
-0.7274696456692913
20
0.0170568503937008
11
-0.7324543307086614
21
0.0153126377952756
0
LINE
8
BLACK
6
CONTINUOUS
10
-0.7324543307086614
20
0.0153126377952756
11
-0.7357480314960629
21
0.0150037795275591
0
LINE
8
BLACK
6
CONTINUOUS
10
-0.7357480314960629
20
0.0150037795275591
11
-0.8223622047244095
21
0.0150037795275591
0
LINE
8
BLACK
6
CONTINUOUS
10
-0.8223622047244095
20
0.0150037795275591
11
-0.825655905511811
21
0.0153126377952756
0
LINE
8
BLACK
6
CONTINUOUS
10
-0.825655905511811
20
0.0153126377952756
11
-0.8306405905511811
21
0.0170568503937008
0
LINE
8
BLACK
6
CONTINUOUS
10
-0.8306405905511811
20
0.0170568503937008
11
-0.8348896850393701
21
0.0201928346456693
0
LINE
8
BLACK
6
CONTINUOUS
10
-0.8348896850393701
20
0.0201928346456693
11
-0.8380256692913386
21
0.0244419291338583
0
LINE
8
BLACK
6
CONTINUOUS
10
-0.8380256692913386
20
0.0244419291338583
11
-0.8397698818897638
21
0.0294266141732283
0
LINE
8
BLACK
6
CONTINUOUS
10
-0.8397698818897638
20
0.0294266141732283
11
-0.8400787401574803
21
0.0327203149606299
0
LINE
8
BLACK
6
CONTINUOUS
10
-0.8400787401574803
20
0.0327203149606299
11
-0.8400787401574803
21
0.0524053543307087
0
LINE
8
BLACK
6
CONTINUOUS
10
-0.8400787401574803
20
0.0524053543307087
11
-0.8397698818897638
21
0.0556990551181102
0
LINE
8
BLACK
6
CONTINUOUS
10
-0.8397698818897638
20
0.0556990551181102
11
-0.8380256692913386
21
0.0606837401574803
0
LINE
8
BLACK
6
CONTINUOUS
10
-0.8380256692913386
20
0.0606837401574803
11
-0.8348896850393701
21
0.0649328346456693
0
LINE
8
BLACK
6
CONTINUOUS
10
-0.8348896850393701
20
0.0649328346456693
11
-0.8306405905511811
21
0.0680688188976378
0
LINE
8
BLACK
6
CONTINUOUS
10
-0.8306405905511811
20
0.0680688188976378
11
-0.825655905511811
21
0.069813031496063
0
LINE
8
BLACK
6
CONTINUOUS
10
-0.825655905511811
20
0.069813031496063
11
-0.8223622047244095
21
0.0701218897637795
0
LINE
8
BLACK
6
CONTINUOUS
10
-0.8223622047244095
20
0.0701218897637795
11
-0.7357480314960629
21
0.0701218897637795
0
LINE
8
BLACK
6
CONTINUOUS
10
-0.7357480314960629
20
0.0701218897637795
11
-0.7324543307086614
21
0.069813031496063
0
LINE
8
BLACK
6
CONTINUOUS
10
-0.6064829921259842
20
0.0757558661417323
11
-0.6018185433070866
21
0.0733792125984252
0
LINE
8
BLACK
6
CONTINUOUS
10
-0.6018185433070866
20
0.0733792125984252
11
-0.5981168503937008
21
0.0696775196850394
0
LINE
8
BLACK
6
CONTINUOUS
10
-0.5981168503937008
20
0.0696775196850394
11
-0.5957401968503937
21
0.0650130708661417
0
LINE
8
BLACK
6
CONTINUOUS
10
-0.5957401968503937
20
0.0650130708661417
11
-0.5949212598425196
21
0.0598425196850394
0
LINE
8
BLACK
6
CONTINUOUS
10
-0.5949212598425196
20
0.0598425196850394
11
-0.5949212598425196
21
0.0401574803149606
0
LINE
8
BLACK
6
CONTINUOUS
10
-0.5949212598425196
20
0.0401574803149606
11
-0.5957401968503937
21
0.0349869291338583
0
LINE
8
BLACK
6
CONTINUOUS
10
-0.5957401968503937
20
0.0349869291338583
11
-0.5981168503937008
21
0.0303224803149606
0
LINE
8
BLACK
6
CONTINUOUS
10
-0.5981168503937008
20
0.0303224803149606
11
-0.6018185433070866
21
0.0266207874015748
0
LINE
8
BLACK
6
CONTINUOUS
10
-0.6018185433070866
20
0.0266207874015748
11
-0.6064829921259842
21
0.0242441338582677
0
LINE
8
BLACK
6
CONTINUOUS
10
-0.6064829921259842
20
0.0242441338582677
11
-0.6116535433070867
21
0.0234251968503937
0
LINE
8
BLACK
6
CONTINUOUS
10
-0.6116535433070867
20
0.0234251968503937
11
-0.6293700787401575
21
0.0234251968503937
0
LINE
8
BLACK
6
CONTINUOUS
10
-0.6293700787401575
20
0.0234251968503937
11
-0.6345406299212598
21
0.0242441338582677
0
LINE
8
BLACK
6
CONTINUOUS
10
-0.6345406299212598
20
0.0242441338582677
11
-0.6392050787401574
21
0.0266207874015748
0
LINE
8
BLACK
6
CONTINUOUS
10
-0.6392050787401574
20
0.0266207874015748
11
-0.6429067716535433
21
0.0303224803149606
0
LINE
8
BLACK
6
CONTINUOUS
10
-0.6429067716535433
20
0.0303224803149606
11
-0.6452834251968503
21
0.0349869291338583
0
LINE
8
BLACK
6
CONTINUOUS
10
-0.6452834251968503
20
0.0349869291338583
11
-0.6461023622047244
21
0.0401574803149606
0
LINE
8
BLACK
6
CONTINUOUS
10
-0.6461023622047244
20
0.0401574803149606
11
-0.6461023622047244
21
0.0598425196850394
0
LINE
8
BLACK
6
CONTINUOUS
10
-0.6461023622047244
20
0.0598425196850394
11
-0.6452834251968503
21
0.0650130708661417
0
LINE
8
BLACK
6
CONTINUOUS
10
-0.6452834251968503
20
0.0650130708661417
11
-0.6429067716535433
21
0.0696775196850394
0
LINE
8
BLACK
6
CONTINUOUS
10
-0.6429067716535433
20
0.0696775196850394
11
-0.6392050787401574
21
0.0733792125984252
0
LINE
8
BLACK
6
CONTINUOUS
10
-0.6392050787401574
20
0.0733792125984252
11
-0.6345406299212598
21
0.0757558661417323
0
LINE
8
BLACK
6
CONTINUOUS
10
-0.6345406299212598
20
0.0757558661417323
11
-0.6293700787401575
21
0.0765748031496063
0
LINE
8
BLACK
6
CONTINUOUS
10
-0.6293700787401575
20
0.0765748031496063
11
-0.6116535433070867
21
0.0765748031496063
0
LINE
8
BLACK
6
CONTINUOUS
10
-0.6116535433070867
20
0.0765748031496063
11
-0.6064829921259842
21
0.0757558661417323
0
LINE
8
BLACK
6
CONTINUOUS
10
-0.5454593700787401
20
0.0757558661417323
11
-0.5407949212598425
21
0.0733792125984252
0
LINE
8
BLACK
6
CONTINUOUS
10
-0.5407949212598425
20
0.0733792125984252
11
-0.5370932283464567
21
0.0696775196850394
0
LINE
8
BLACK
6
CONTINUOUS
10
-0.5370932283464567
20
0.0696775196850394
11
-0.5347165748031496
21
0.0650130708661417
0
LINE
8
BLACK
6
CONTINUOUS
10
-0.5347165748031496
20
0.0650130708661417
11
-0.5338976377952755
21
0.0598425196850394
0
LINE
8
BLACK
6
CONTINUOUS
10
-0.5338976377952755
20
0.0598425196850394
11
-0.5338976377952755
21
0.0401574803149606
0
LINE
8
BLACK
6
CONTINUOUS
10
-0.5338976377952755
20
0.0401574803149606
11
-0.5347165748031496
21
0.0349869291338583
0
LINE
8
BLACK
6
CONTINUOUS
10
-0.5347165748031496
20
0.0349869291338583
11
-0.5370932283464567
21
0.0303224803149606
0
LINE
8
BLACK
6
CONTINUOUS
10
-0.5370932283464567
20
0.0303224803149606
11
-0.5407949212598425
21
0.0266207874015748
0
LINE
8
BLACK
6
CONTINUOUS
10
-0.5407949212598425
20
0.0266207874015748
11
-0.5454593700787401
21
0.0242441338582677
0
LINE
8
BLACK
6
CONTINUOUS
10
-0.5454593700787401
20
0.0242441338582677
11
-0.5506299212598426
21
0.0234251968503937
0
LINE
8
BLACK
6
CONTINUOUS
10
-0.5506299212598426
20
0.0234251968503937
11
-0.5683464566929134
21
0.0234251968503937
0
LINE
8
BLACK
6
CONTINUOUS
10
-0.5683464566929134
20
0.0234251968503937
11
-0.5735170078740157
21
0.0242441338582677
0
LINE
8
BLACK
6
CONTINUOUS
10
-0.5735170078740157
20
0.0242441338582677
11
-0.5781814566929133
21
0.0266207874015748
0
LINE
8
BLACK
6
CONTINUOUS
10
-0.5781814566929133
20
0.0266207874015748
11
-0.5818831496062992
21
0.0303224803149606
0
LINE
8
BLACK
6
CONTINUOUS
10
-0.5818831496062992
20
0.0303224803149606
11
-0.5842598031496062
21
0.0349869291338583
0
LINE
8
BLACK
6
CONTINUOUS
10
-0.5842598031496062
20
0.0349869291338583
11
-0.5850787401574803
21
0.0401574803149606
0
LINE
8
BLACK
6
CONTINUOUS
10
-0.5850787401574803
20
0.0401574803149606
11
-0.5850787401574803
21
0.0598425196850394
0
LINE
8
BLACK
6
CONTINUOUS
10
-0.5850787401574803
20
0.0598425196850394
11
-0.5842598031496062
21
0.0650130708661417
0
LINE
8
BLACK
6
CONTINUOUS
10
-0.5842598031496062
20
0.0650130708661417
11
-0.5818831496062992
21
0.0696775196850394
0
LINE
8
BLACK
6
CONTINUOUS
10
-0.5818831496062992
20
0.0696775196850394
11
-0.5781814566929133
21
0.0733792125984252
0
LINE
8
BLACK
6
CONTINUOUS
10
-0.5781814566929133
20
0.0733792125984252
11
-0.5735170078740157
21
0.0757558661417323
0
LINE
8
BLACK
6
CONTINUOUS
10
-0.5735170078740157
20
0.0757558661417323
11
-0.5683464566929134
21
0.0765748031496063
0
LINE
8
BLACK
6
CONTINUOUS
10
-0.5683464566929134
20
0.0765748031496063
11
-0.5506299212598426
21
0.0765748031496063
0
LINE
8
BLACK
6
CONTINUOUS
10
-0.5506299212598426
20
0.0765748031496063
11
-0.5454593700787401
21
0.0757558661417323
0
LINE
8
BLACK
6
CONTINUOUS
10
0.2330647637795276
20
0.1405442913385827
11
0.2408196062992126
21
0.1381918897637795
0
LINE
8
BLACK
6
CONTINUOUS
10
0.2408196062992126
20
0.1381918897637795
11
0.2479664960629921
21
0.1343717716535433
0
LINE
8
BLACK
6
CONTINUOUS
10
0.2479664960629921
20
0.1343717716535433
11
0.2542307874015748
21
0.1292307874015748
0
LINE
8
BLACK
6
CONTINUOUS
10
0.2542307874015748
20
0.1292307874015748
11
0.2593717716535433
21
0.1229664960629921
0
LINE
8
BLACK
6
CONTINUOUS
10
0.2593717716535433
20
0.1229664960629921
11
0.2631918897637795
21
0.1158196062992126
0
LINE
8
BLACK
6
CONTINUOUS
10
0.2631918897637795
20
0.1158196062992126
11
0.2655442913385826
21
0.1080647637795276
0
LINE
8
BLACK
6
CONTINUOUS
10
0.2655442913385826
20
0.1080647637795276
11
0.2663385826771654
21
0.1
0
LINE
8
BLACK
6
CONTINUOUS
10
0.2663385826771654
20
0.1
11
0.2655442913385826
21
0.0919352362204724
0
LINE
8
BLACK
6
CONTINUOUS
10
0.2655442913385826
20
0.0919352362204724
11
0.2631918897637795
21
0.0841803937007874
0
LINE
8
BLACK
6
CONTINUOUS
10
0.2631918897637795
20
0.0841803937007874
11
0.2593717716535433
21
0.0770335039370079
0
LINE
8
BLACK
6
CONTINUOUS
10
0.2593717716535433
20
0.0770335039370079
11
0.2542307874015748
21
0.0707692125984252
0
LINE
8
BLACK
6
CONTINUOUS
10
0.2542307874015748
20
0.0707692125984252
11
0.2479664960629921
21
0.0656282283464567
0
LINE
8
BLACK
6
CONTINUOUS
10
0.2479664960629921
20
0.0656282283464567
11
0.2408196062992126
21
0.0618081102362205
0
LINE
8
BLACK
6
CONTINUOUS
10
0.2408196062992126
20
0.0618081102362205
11
0.2330647637795276
21
0.0594557086614173
0
LINE
8
BLACK
6
CONTINUOUS
10
0.2330647637795276
20
0.0594557086614173
11
0.225
21
0.0586614173228346
0
LINE
8
BLACK
6
CONTINUOUS
10
0.225
20
0.0586614173228346
11
0.2169352362204724
21
0.0594557086614173
0
LINE
8
BLACK
6
CONTINUOUS
10
0.2169352362204724
20
0.0594557086614173
11
0.2091803937007874
21
0.0618081102362205
0
LINE
8
BLACK
6
CONTINUOUS
10
0.2091803937007874
20
0.0618081102362205
11
0.2020335039370079
21
0.0656282283464567
0
LINE
8
BLACK
6
CONTINUOUS
10
0.2020335039370079
20
0.0656282283464567
11
0.1957692125984252
21
0.0707692125984252
0
LINE
8
BLACK
6
CONTINUOUS
10
0.1957692125984252
20
0.0707692125984252
11
0.1906282283464567
21
0.0770335039370079
0
LINE
8
BLACK
6
CONTINUOUS
10
0.1906282283464567
20
0.0770335039370079
11
0.1868081102362205
21
0.0841803937007874
0
LINE
8
BLACK
6
CONTINUOUS
10
0.1868081102362205
20
0.0841803937007874
11
0.1844557086614173
21
0.0919352362204724
0
LINE
8
BLACK
6
CONTINUOUS
10
0.1844557086614173
20
0.0919352362204724
11
0.1836614173228346
21
0.1
0
LINE
8
BLACK
6
CONTINUOUS
10
0.1836614173228346
20
0.1
11
0.1844557086614173
21
0.1080647637795276
0
LINE
8
BLACK
6
CONTINUOUS
10
0.1844557086614173
20
0.1080647637795276
11
0.1868081102362205
21
0.1158196062992126
0
LINE
8
BLACK
6
CONTINUOUS
10
0.1868081102362205
20
0.1158196062992126
11
0.1906282283464567
21
0.1229664960629921
0
LINE
8
BLACK
6
CONTINUOUS
10
0.1906282283464567
20
0.1229664960629921
11
0.1957692125984252
21
0.1292307874015748
0
LINE
8
BLACK
6
CONTINUOUS
10
0.1957692125984252
20
0.1292307874015748
11
0.2020335039370079
21
0.1343717716535433
0
LINE
8
BLACK
6
CONTINUOUS
10
0.2020335039370079
20
0.1343717716535433
11
0.2091803937007874
21
0.1381918897637795
0
LINE
8
BLACK
6
CONTINUOUS
10
0.2091803937007874
20
0.1381918897637795
11
0.2169352362204724
21
0.1405442913385827
0
LINE
8
BLACK
6
CONTINUOUS
10
0.2169352362204724
20
0.1405442913385827
11
0.225
21
0.1413385826771653
0
LINE
8
BLACK
6
CONTINUOUS
10
0.225
20
0.1413385826771653
11
0.2330647637795276
21
0.1405442913385827
0
LINE
8
BLACK
6
CONTINUOUS
10
-0.1559869291338583
20
0.1271454724409449
11
-0.1513224803149606
21
0.1247688188976378
0
LINE
8
BLACK
6
CONTINUOUS
10
-0.1513224803149606
20
0.1247688188976378
11
-0.1476207874015748
21
0.121067125984252
0
LINE
8
BLACK
6
CONTINUOUS
10
-0.1476207874015748
20
0.121067125984252
11
-0.1452441338582677
21
0.1164026771653543
0
LINE
8
BLACK
6
CONTINUOUS
10
-0.1452441338582677
20
0.1164026771653543
11
-0.1444251968503937
21
0.111232125984252
0
LINE
8
BLACK
6
CONTINUOUS
10
-0.1444251968503937
20
0.111232125984252
11
-0.1444251968503937
21
0.0935155905511811
0
LINE
8
BLACK
6
CONTINUOUS
10
-0.1444251968503937
20
0.0935155905511811
11
-0.1452441338582677
21
0.0883450393700787
0
LINE
8
BLACK
6
CONTINUOUS
10
-0.1452441338582677
20
0.0883450393700787
11
-0.1476207874015748
21
0.0836805905511811
0
LINE
8
BLACK
6
CONTINUOUS
10
-0.1476207874015748
20
0.0836805905511811
11
-0.1513224803149606
21
0.0799788976377953
0
LINE
8
BLACK
6
CONTINUOUS
10
-0.1513224803149606
20
0.0799788976377953
11
-0.1559869291338583
21
0.0776022440944882
0
LINE
8
BLACK
6
CONTINUOUS
10
-0.1559869291338583
20
0.0776022440944882
11
-0.1611574803149606
21
0.0767833070866142
0
LINE
8
BLACK
6
CONTINUOUS
10
-0.1611574803149606
20
0.0767833070866142
11
-0.1808425196850394
21
0.0767833070866142
0
LINE
8
BLACK
6
CONTINUOUS
10
-0.1808425196850394
20
0.0767833070866142
11
-0.1860130708661417
21
0.0776022440944882
0
LINE
8
BLACK
6
CONTINUOUS
10
-0.1860130708661417
20
0.0776022440944882
11
-0.1906775196850394
21
0.0799788976377953
0
LINE
8
BLACK
6
CONTINUOUS
10
-0.1906775196850394
20
0.0799788976377953
11
-0.1943792125984252
21
0.0836805905511811
0
LINE
8
BLACK
6
CONTINUOUS
10
-0.1943792125984252
20
0.0836805905511811
11
-0.1967558661417323
21
0.0883450393700787
0
LINE
8
BLACK
6
CONTINUOUS
10
-0.1967558661417323
20
0.0883450393700787
11
-0.1975748031496063
21
0.0935155905511811
0
LINE
8
BLACK
6
CONTINUOUS
10
-0.1975748031496063
20
0.0935155905511811
11
-0.1975748031496063
21
0.111232125984252
0
LINE
8
BLACK
6
CONTINUOUS
10
-0.1975748031496063
20
0.111232125984252
11
-0.1967558661417323
21
0.1164026771653543
0
LINE
8
BLACK
6
CONTINUOUS
10
-0.1967558661417323
20
0.1164026771653543
11
-0.1943792125984252
21
0.121067125984252
0
LINE
8
BLACK
6
CONTINUOUS
10
-0.1943792125984252
20
0.121067125984252
11
-0.1906775196850394
21
0.1247688188976378
0
LINE
8
BLACK
6
CONTINUOUS
10
-0.1906775196850394
20
0.1247688188976378
11
-0.1860130708661417
21
0.1271454724409449
0
LINE
8
BLACK
6
CONTINUOUS
10
-0.1860130708661417
20
0.1271454724409449
11
-0.1808425196850394
21
0.1279644094488189
0
LINE
8
BLACK
6
CONTINUOUS
10
-0.1808425196850394
20
0.1279644094488189
11
-0.1611574803149606
21
0.1279644094488189
0
LINE
8
BLACK
6
CONTINUOUS
10
-0.1611574803149606
20
0.1279644094488189
11
-0.1559869291338583
21
0.1271454724409449
0
LINE
8
BLACK
6
CONTINUOUS
10
-0.62158
20
0.1345096850393701
11
-0.6175048425196851
21
0.1325174409448819
0
LINE
8
BLACK
6
CONTINUOUS
10
-0.6175048425196851
20
0.1325174409448819
11
-0.6142973622047244
21
0.1293099606299213
0
LINE
8
BLACK
6
CONTINUOUS
10
-0.6142973622047244
20
0.1293099606299213
11
-0.6123051181102362
21
0.1252348031496063
0
LINE
8
BLACK
6
CONTINUOUS
10
-0.6123051181102362
20
0.1252348031496063
11
-0.6117322834645669
21
0.1213029921259842
0
LINE
8
BLACK
6
CONTINUOUS
10
-0.6117322834645669
20
0.1213029921259842
11
-0.6117322834645669
21
0.109491968503937
0
LINE
8
BLACK
6
CONTINUOUS
10
-0.6117322834645669
20
0.109491968503937
11
-0.6123051181102362
21
0.105560157480315
0
LINE
8
BLACK
6
CONTINUOUS
10
-0.6123051181102362
20
0.105560157480315
11
-0.6142973622047244
21
0.101485
0
LINE
8
BLACK
6
CONTINUOUS
10
-0.6142973622047244
20
0.101485
11
-0.6175048425196851
21
0.0982775196850394
0
LINE
8
BLACK
6
CONTINUOUS
10
-0.6175048425196851
20
0.0982775196850394
11
-0.62158
21
0.0962852755905512
0
LINE
8
BLACK
6
CONTINUOUS
10
-0.62158
20
0.0962852755905512
11
-0.6255118110236221
21
0.0957124409448819
0
LINE
8
BLACK
6
CONTINUOUS
10
-0.6255118110236221
20
0.0957124409448819
11
-0.6806299212598425
21
0.0957124409448819
0
LINE
8
BLACK
6
CONTINUOUS
10
-0.6806299212598425
20
0.0957124409448819
11
-0.6845617322834645
21
0.0962852755905512
0
LINE
8
BLACK
6
CONTINUOUS
10
-0.6845617322834645
20
0.0962852755905512
11
-0.6886368897637795
21
0.0982775196850394
0
LINE
8
BLACK
6
CONTINUOUS
10
-0.6886368897637795
20
0.0982775196850394
11
-0.6918443700787401
21
0.101485
0
LINE
8
BLACK
6
CONTINUOUS
10
-0.6918443700787401
20
0.101485
11
-0.6938366141732283
21
0.105560157480315
0
LINE
8
BLACK
6
CONTINUOUS
10
-0.6938366141732283
20
0.105560157480315
11
-0.6944094488188977
21
0.109491968503937
0
LINE
8
BLACK
6
CONTINUOUS
10
-0.6944094488188977
20
0.109491968503937
11
-0.6944094488188977
21
0.1213029921259842
0
LINE
8
BLACK
6
CONTINUOUS
10
-0.6944094488188977
20
0.1213029921259842
11
-0.6938366141732283
21
0.1252348031496063
0
LINE
8
BLACK
6
CONTINUOUS
10
-0.6938366141732283
20
0.1252348031496063
11
-0.6918443700787401
21
0.1293099606299213
0
LINE
8
BLACK
6
CONTINUOUS
10
-0.6918443700787401
20
0.1293099606299213
11
-0.6886368897637795
21
0.1325174409448819
0
LINE
8
BLACK
6
CONTINUOUS
10
-0.6886368897637795
20
0.1325174409448819
11
-0.6845617322834645
21
0.1345096850393701
0
LINE
8
BLACK
6
CONTINUOUS
10
-0.6845617322834645
20
0.1345096850393701
11
-0.6806299212598425
21
0.1350825196850394
0
LINE
8
BLACK
6
CONTINUOUS
10
-0.6806299212598425
20
0.1350825196850394
11
-0.6255118110236221
21
0.1350825196850394
0
LINE
8
BLACK
6
CONTINUOUS
10
-0.6255118110236221
20
0.1350825196850394
11
-0.62158
21
0.1345096850393701
0
LINE
8
BLACK
6
CONTINUOUS
10
-0.1559869291338583
20
0.188169094488189
11
-0.1513224803149606
21
0.1857924409448819
0
LINE
8
BLACK
6
CONTINUOUS
10
-0.1513224803149606
20
0.1857924409448819
11
-0.1476207874015748
21
0.1820907480314961
0
LINE
8
BLACK
6
CONTINUOUS
10
-0.1476207874015748
20
0.1820907480314961
11
-0.1452441338582677
21
0.1774262992125984
0
LINE
8
BLACK
6
CONTINUOUS
10
-0.1452441338582677
20
0.1774262992125984
11
-0.1444251968503937
21
0.1722557480314961
0
LINE
8
BLACK
6
CONTINUOUS
10
-0.1444251968503937
20
0.1722557480314961
11
-0.1444251968503937
21
0.1545392125984252
0
LINE
8
BLACK
6
CONTINUOUS
10
-0.1444251968503937
20
0.1545392125984252
11
-0.1452441338582677
21
0.1493686614173228
0
LINE
8
BLACK
6
CONTINUOUS
10
-0.1452441338582677
20
0.1493686614173228
11
-0.1476207874015748
21
0.1447042125984252
0
LINE
8
BLACK
6
CONTINUOUS
10
-0.1476207874015748
20
0.1447042125984252
11
-0.1513224803149606
21
0.1410025196850394
0
LINE
8
BLACK
6
CONTINUOUS
10
-0.1513224803149606
20
0.1410025196850394
11
-0.1559869291338583
21
0.1386258661417323
0
LINE
8
BLACK
6
CONTINUOUS
10
-0.1559869291338583
20
0.1386258661417323
11
-0.1611574803149606
21
0.1378069291338583
0
LINE
8
BLACK
6
CONTINUOUS
10
-0.1611574803149606
20
0.1378069291338583
11
-0.1808425196850394
21
0.1378069291338583
0
LINE
8
BLACK
6
CONTINUOUS
10
-0.1808425196850394
20
0.1378069291338583
11
-0.1860130708661417
21
0.1386258661417323
0
LINE
8
BLACK
6
CONTINUOUS
10
-0.1860130708661417
20
0.1386258661417323
11
-0.1906775196850394
21
0.1410025196850394
0
LINE
8
BLACK
6
CONTINUOUS
10
-0.1906775196850394
20
0.1410025196850394
11
-0.1943792125984252
21
0.1447042125984252
0
LINE
8
BLACK
6
CONTINUOUS
10
-0.1943792125984252
20
0.1447042125984252
11
-0.1967558661417323
21
0.1493686614173228
0
LINE
8
BLACK
6
CONTINUOUS
10
-0.1967558661417323
20
0.1493686614173228
11
-0.1975748031496063
21
0.1545392125984252
0
LINE
8
BLACK
6
CONTINUOUS
10
-0.1975748031496063
20
0.1545392125984252
11
-0.1975748031496063
21
0.1722557480314961
0
LINE
8
BLACK
6
CONTINUOUS
10
-0.1975748031496063
20
0.1722557480314961
11
-0.1967558661417323
21
0.1774262992125984
0
LINE
8
BLACK
6
CONTINUOUS
10
-0.1967558661417323
20
0.1774262992125984
11
-0.1943792125984252
21
0.1820907480314961
0
LINE
8
BLACK
6
CONTINUOUS
10
-0.1943792125984252
20
0.1820907480314961
11
-0.1906775196850394
21
0.1857924409448819
0
LINE
8
BLACK
6
CONTINUOUS
10
-0.1906775196850394
20
0.1857924409448819
11
-0.1860130708661417
21
0.188169094488189
0
LINE
8
BLACK
6
CONTINUOUS
10
-0.1860130708661417
20
0.188169094488189
11
-0.1808425196850394
21
0.188988031496063
0
LINE
8
BLACK
6
CONTINUOUS
10
-0.1808425196850394
20
0.188988031496063
11
-0.1611574803149606
21
0.188988031496063
0
LINE
8
BLACK
6
CONTINUOUS
10
-0.1611574803149606
20
0.188988031496063
11
-0.1559869291338583
21
0.188169094488189
0
LINE
8
BLACK
6
CONTINUOUS
10
-0.4325403149606299
20
0.2606351968503937
11
-0.4276449212598425
21
0.2578088188976378
0
LINE
8
BLACK
6
CONTINUOUS
10
-0.4276449212598425
20
0.2578088188976378
11
-0.423647874015748
21
0.2538117716535433
0
LINE
8
BLACK
6
CONTINUOUS
10
-0.423647874015748
20
0.2538117716535433
11
-0.4208214960629921
21
0.2489163779527559
0
LINE
8
BLACK
6
CONTINUOUS
10
-0.4208214960629921
20
0.2489163779527559
11
-0.4193584645669291
21
0.2434562598425197
0
LINE
8
BLACK
6
CONTINUOUS
10
-0.4193584645669291
20
0.2434562598425197
11
-0.4191732283464567
21
0.1658267716535433
0
LINE
8
BLACK
6
CONTINUOUS
10
-0.4191732283464567
20
0.1658267716535433
11
-0.4193584645669291
21
0.1630004330708661
0
LINE
8
BLACK
6
CONTINUOUS
10
-0.4193584645669291
20
0.1630004330708661
11
-0.4208214960629921
21
0.1575403149606299
0
LINE
8
BLACK
6
CONTINUOUS
10
-0.4208214960629921
20
0.1575403149606299
11
-0.423647874015748
21
0.1526449212598425
0
LINE
8
BLACK
6
CONTINUOUS
10
-0.423647874015748
20
0.1526449212598425
11
-0.4276449212598425
21
0.148647874015748
0
LINE
8
BLACK
6
CONTINUOUS
10
-0.4276449212598425
20
0.148647874015748
11
-0.4325403149606299
21
0.1458214960629921
0
LINE
8
BLACK
6
CONTINUOUS
10
-0.4325403149606299
20
0.1458214960629921
11
-0.4380004330708661
21
0.1443584645669291
0
LINE
8
BLACK
6
CONTINUOUS
10
-0.4380004330708661
20
0.1443584645669291
11
-0.4436531102362204
21
0.1443584645669291
0
LINE
8
BLACK
6
CONTINUOUS
10
-0.4436531102362204
20
0.1443584645669291
11
-0.4491132283464567
21
0.1458214960629921
0
LINE
8
BLACK
6
CONTINUOUS
10
-0.4491132283464567
20
0.1458214960629921
11
-0.4540086220472441
21
0.148647874015748
0
LINE
8
BLACK
6
CONTINUOUS
10
-0.4540086220472441
20
0.148647874015748
11
-0.4580056692913386
21
0.1526449212598425
0
LINE
8
BLACK
6
CONTINUOUS
10
-0.4580056692913386
20
0.1526449212598425
11
-0.4608320472440945
21
0.1575403149606299
0
LINE
8
BLACK
6
CONTINUOUS
10
-0.4608320472440945
20
0.1575403149606299
11
-0.4622950787401575
21
0.1630004330708661
0
LINE
8
BLACK
6
CONTINUOUS
10
-0.4622950787401575
20
0.1630004330708661
11
-0.4624803149606299
21
0.2406299212598425
0
LINE
8
BLACK
6
CONTINUOUS
10
-0.4624803149606299
20
0.2406299212598425
11
-0.4622950787401575
21
0.2434562598425197
0
LINE
8
BLACK
6
CONTINUOUS
10
-0.4622950787401575
20
0.2434562598425197
11
-0.4608320472440945
21
0.2489163779527559
0
LINE
8
BLACK
6
CONTINUOUS
10
-0.4608320472440945
20
0.2489163779527559
11
-0.4580056692913386
21
0.2538117716535433
0
LINE
8
BLACK
6
CONTINUOUS
10
-0.4580056692913386
20
0.2538117716535433
11
-0.4540086220472441
21
0.2578088188976378
0
LINE
8
BLACK
6
CONTINUOUS
10
-0.4540086220472441
20
0.2578088188976378
11
-0.4491132283464567
21
0.2606351968503937
0
LINE
8
BLACK
6
CONTINUOUS
10
-0.4491132283464567
20
0.2606351968503937
11
-0.4436531102362204
21
0.2620982283464567
0
LINE
8
BLACK
6
CONTINUOUS
10
-0.4436531102362204
20
0.2620982283464567
11
-0.4380004330708661
21
0.2620982283464567
0
LINE
8
BLACK
6
CONTINUOUS
10
-0.4380004330708661
20
0.2620982283464567
11
-0.4325403149606299
21
0.2606351968503937
0
LINE
8
BLACK
6
CONTINUOUS
10
-0.3825403149606299
20
0.2606351968503937
11
-0.3776449212598425
21
0.2578088188976378
0
LINE
8
BLACK
6
CONTINUOUS
10
-0.3776449212598425
20
0.2578088188976378
11
-0.373647874015748
21
0.2538117716535433
0
LINE
8
BLACK
6
CONTINUOUS
10
-0.373647874015748
20
0.2538117716535433
11
-0.3708214960629921
21
0.2489163779527559
0
LINE
8
BLACK
6
CONTINUOUS
10
-0.3708214960629921
20
0.2489163779527559
11
-0.3693584645669291
21
0.2434562598425197
0
LINE
8
BLACK
6
CONTINUOUS
10
-0.3693584645669291
20
0.2434562598425197
11
-0.3691732283464567
21
0.1658267716535433
0
LINE
8
BLACK
6
CONTINUOUS
10
-0.3691732283464567
20
0.1658267716535433
11
-0.3693584645669291
21
0.1630004330708661
0
LINE
8
BLACK
6
CONTINUOUS
10
-0.3693584645669291
20
0.1630004330708661
11
-0.3708214960629921
21
0.1575403149606299
0
LINE
8
BLACK
6
CONTINUOUS
10
-0.3708214960629921
20
0.1575403149606299
11
-0.373647874015748
21
0.1526449212598425
0
LINE
8
BLACK
6
CONTINUOUS
10
-0.373647874015748
20
0.1526449212598425
11
-0.3776449212598425
21
0.148647874015748
0
LINE
8
BLACK
6
CONTINUOUS
10
-0.3776449212598425
20
0.148647874015748
11
-0.3825403149606299
21
0.1458214960629921
0
LINE
8
BLACK
6
CONTINUOUS
10
-0.3825403149606299
20
0.1458214960629921
11
-0.3880004330708661
21
0.1443584645669291
0
LINE
8
BLACK
6
CONTINUOUS
10
-0.3880004330708661
20
0.1443584645669291
11
-0.3936531102362205
21
0.1443584645669291
0
LINE
8
BLACK
6
CONTINUOUS
10
-0.3936531102362205
20
0.1443584645669291
11
-0.3991132283464567
21
0.1458214960629921
0
LINE
8
BLACK
6
CONTINUOUS
10
-0.3991132283464567
20
0.1458214960629921
11
-0.4040086220472441
21
0.148647874015748
0
LINE
8
BLACK
6
CONTINUOUS
10
-0.4040086220472441
20
0.148647874015748
11
-0.4080056692913386
21
0.1526449212598425
0
LINE
8
BLACK
6
CONTINUOUS
10
-0.4080056692913386
20
0.1526449212598425
11
-0.4108320472440945
21
0.1575403149606299
0
LINE
8
BLACK
6
CONTINUOUS
10
-0.4108320472440945
20
0.1575403149606299
11
-0.4122950787401575
21
0.1630004330708661
0
LINE
8
BLACK
6
CONTINUOUS
10
-0.4122950787401575
20
0.1630004330708661
11
-0.4124803149606299
21
0.2406299212598425
0
LINE
8
BLACK
6
CONTINUOUS
10
-0.4124803149606299
20
0.2406299212598425
11
-0.4122950787401575
21
0.2434562598425197
0
LINE
8
BLACK
6
CONTINUOUS
10
-0.4122950787401575
20
0.2434562598425197
11
-0.4108320472440945
21
0.2489163779527559
0
LINE
8
BLACK
6
CONTINUOUS
10
-0.4108320472440945
20
0.2489163779527559
11
-0.4080056692913386
21
0.2538117716535433
0
LINE
8
BLACK
6
CONTINUOUS
10
-0.4080056692913386
20
0.2538117716535433
11
-0.4040086220472441
21
0.2578088188976378
0
LINE
8
BLACK
6
CONTINUOUS
10
-0.4040086220472441
20
0.2578088188976378
11
-0.3991132283464567
21
0.2606351968503937
0
LINE
8
BLACK
6
CONTINUOUS
10
-0.3991132283464567
20
0.2606351968503937
11
-0.3936531102362205
21
0.2620982283464567
0
LINE
8
BLACK
6
CONTINUOUS
10
-0.3936531102362205
20
0.2620982283464567
11
-0.3880004330708661
21
0.2620982283464567
0
LINE
8
BLACK
6
CONTINUOUS
10
-0.3880004330708661
20
0.2620982283464567
11
-0.3825403149606299
21
0.2606351968503937
0
LINE
8
BLACK
6
CONTINUOUS
10
-0.3299812598425197
20
0.2606351968503937
11
-0.3250858661417323
21
0.2578088188976378
0
LINE
8
BLACK
6
CONTINUOUS
10
-0.3250858661417323
20
0.2578088188976378
11
-0.3210888188976378
21
0.2538117716535433
0
LINE
8
BLACK
6
CONTINUOUS
10
-0.3210888188976378
20
0.2538117716535433
11
-0.3182624409448819
21
0.2489163779527559
0
LINE
8
BLACK
6
CONTINUOUS
10
-0.3182624409448819
20
0.2489163779527559
11
-0.3167994094488189
21
0.2434562598425197
0
LINE
8
BLACK
6
CONTINUOUS
10
-0.3167994094488189
20
0.2434562598425197
11
-0.3166141732283465
21
0.1658267716535433
0
LINE
8
BLACK
6
CONTINUOUS
10
-0.3166141732283465
20
0.1658267716535433
11
-0.3167994094488189
21
0.1630004330708661
0
LINE
8
BLACK
6
CONTINUOUS
10
-0.3167994094488189
20
0.1630004330708661
11
-0.3182624409448819
21
0.1575403149606299
0
LINE
8
BLACK
6
CONTINUOUS
10
-0.3182624409448819
20
0.1575403149606299
11
-0.3210888188976378
21
0.1526449212598425
0
LINE
8
BLACK
6
CONTINUOUS
10
-0.3210888188976378
20
0.1526449212598425
11
-0.3250858661417323
21
0.148647874015748
0
LINE
8
BLACK
6
CONTINUOUS
10
-0.3250858661417323
20
0.148647874015748
11
-0.3299812598425197
21
0.1458214960629921
0
LINE
8
BLACK
6
CONTINUOUS
10
-0.3299812598425197
20
0.1458214960629921
11
-0.3354413779527559
21
0.1443584645669291
0
LINE
8
BLACK
6
CONTINUOUS
10
-0.3354413779527559
20
0.1443584645669291
11
-0.3410940551181103
21
0.1443584645669291
0
LINE
8
BLACK
6
CONTINUOUS
10
-0.3410940551181103
20
0.1443584645669291
11
-0.3465541732283465
21
0.1458214960629921
0
LINE
8
BLACK
6
CONTINUOUS
10
-0.3465541732283465
20
0.1458214960629921
11
-0.3514495669291339
21
0.148647874015748
0
LINE
8
BLACK
6
CONTINUOUS
10
-0.3514495669291339
20
0.148647874015748
11
-0.3554466141732283
21
0.1526449212598425
0
LINE
8
BLACK
6
CONTINUOUS
10
-0.3554466141732283
20
0.1526449212598425
11
-0.3582729921259842
21
0.1575403149606299
0
LINE
8
BLACK
6
CONTINUOUS
10
-0.3582729921259842
20
0.1575403149606299
11
-0.3597360236220473
21
0.1630004330708661
0
LINE
8
BLACK
6
CONTINUOUS
10
-0.3597360236220473
20
0.1630004330708661
11
-0.3599212598425197
21
0.2406299212598425
0
LINE
8
BLACK
6
CONTINUOUS
10
-0.3599212598425197
20
0.2406299212598425
11
-0.3597360236220473
21
0.2434562598425197
0
LINE
8
BLACK
6
CONTINUOUS
10
-0.3597360236220473
20
0.2434562598425197
11
-0.3582729921259842
21
0.2489163779527559
0
LINE
8
BLACK
6
CONTINUOUS
10
-0.3582729921259842
20
0.2489163779527559
11
-0.3554466141732283
21
0.2538117716535433
0
LINE
8
BLACK
6
CONTINUOUS
10
-0.3554466141732283
20
0.2538117716535433
11
-0.3514495669291339
21
0.2578088188976378
0
LINE
8
BLACK
6
CONTINUOUS
10
-0.3514495669291339
20
0.2578088188976378
11
-0.3465541732283465
21
0.2606351968503937
0
LINE
8
BLACK
6
CONTINUOUS
10
-0.3465541732283465
20
0.2606351968503937
11
-0.3410940551181103
21
0.2620982283464567
0
LINE
8
BLACK
6
CONTINUOUS
10
-0.3410940551181103
20
0.2620982283464567
11
-0.3354413779527559
21
0.2620982283464567
0
LINE
8
BLACK
6
CONTINUOUS
10
-0.3354413779527559
20
0.2620982283464567
11
-0.3299812598425197
21
0.2606351968503937
0
LINE
8
BLACK
6
CONTINUOUS
10
-0.2825403149606299
20
0.2606351968503937
11
-0.2776449212598425
21
0.2578088188976378
0
LINE
8
BLACK
6
CONTINUOUS
10
-0.2776449212598425
20
0.2578088188976378
11
-0.273647874015748
21
0.2538117716535433
0
LINE
8
BLACK
6
CONTINUOUS
10
-0.273647874015748
20
0.2538117716535433
11
-0.2708214960629921
21
0.2489163779527559
0
LINE
8
BLACK
6
CONTINUOUS
10
-0.2708214960629921
20
0.2489163779527559
11
-0.2693584645669291
21
0.2434562598425197
0
LINE
8
BLACK
6
CONTINUOUS
10
-0.2693584645669291
20
0.2434562598425197
11
-0.2691732283464567
21
0.1658267716535433
0
LINE
8
BLACK
6
CONTINUOUS
10
-0.2691732283464567
20
0.1658267716535433
11
-0.2693584645669291
21
0.1630004330708661
0
LINE
8
BLACK
6
CONTINUOUS
10
-0.2693584645669291
20
0.1630004330708661
11
-0.2708214960629921
21
0.1575403149606299
0
LINE
8
BLACK
6
CONTINUOUS
10
-0.2708214960629921
20
0.1575403149606299
11
-0.273647874015748
21
0.1526449212598425
0
LINE
8
BLACK
6
CONTINUOUS
10
-0.273647874015748
20
0.1526449212598425
11
-0.2776449212598425
21
0.148647874015748
0
LINE
8
BLACK
6
CONTINUOUS
10
-0.2776449212598425
20
0.148647874015748
11
-0.2825403149606299
21
0.1458214960629921
0
LINE
8
BLACK
6
CONTINUOUS
10
-0.2825403149606299
20
0.1458214960629921
11
-0.2880004330708661
21
0.1443584645669291
0
LINE
8
BLACK
6
CONTINUOUS
10
-0.2880004330708661
20
0.1443584645669291
11
-0.2936531102362205
21
0.1443584645669291
0
LINE
8
BLACK
6
CONTINUOUS
10
-0.2936531102362205
20
0.1443584645669291
11
-0.2991132283464567
21
0.1458214960629921
0
LINE
8
BLACK
6
CONTINUOUS
10
-0.2991132283464567
20
0.1458214960629921
11
-0.3040086220472441
21
0.148647874015748
0
LINE
8
BLACK
6
CONTINUOUS
10
-0.3040086220472441
20
0.148647874015748
11
-0.3080056692913386
21
0.1526449212598425
0
LINE
8
BLACK
6
CONTINUOUS
10
-0.3080056692913386
20
0.1526449212598425
11
-0.3108320472440945
21
0.1575403149606299
0
LINE
8
BLACK
6
CONTINUOUS
10
-0.3108320472440945
20
0.1575403149606299
11
-0.3122950787401575
21
0.1630004330708661
0
LINE
8
BLACK
6
CONTINUOUS
10
-0.3122950787401575
20
0.1630004330708661
11
-0.3124803149606299
21
0.2406299212598425
0
LINE
8
BLACK
6
CONTINUOUS
10
-0.3124803149606299
20
0.2406299212598425
11
-0.3122950787401575
21
0.2434562598425197
0
LINE
8
BLACK
6
CONTINUOUS
10
-0.3122950787401575
20
0.2434562598425197
11
-0.3108320472440945
21
0.2489163779527559
0
LINE
8
BLACK
6
CONTINUOUS
10
-0.3108320472440945
20
0.2489163779527559
11
-0.3080056692913386
21
0.2538117716535433
0
LINE
8
BLACK
6
CONTINUOUS
10
-0.3080056692913386
20
0.2538117716535433
11
-0.3040086220472441
21
0.2578088188976378
0
LINE
8
BLACK
6
CONTINUOUS
10
-0.3040086220472441
20
0.2578088188976378
11
-0.2991132283464567
21
0.2606351968503937
0
LINE
8
BLACK
6
CONTINUOUS
10
-0.2991132283464567
20
0.2606351968503937
11
-0.2936531102362205
21
0.2620982283464567
0
LINE
8
BLACK
6
CONTINUOUS
10
-0.2936531102362205
20
0.2620982283464567
11
-0.2880004330708661
21
0.2620982283464567
0
LINE
8
BLACK
6
CONTINUOUS
10
-0.2880004330708661
20
0.2620982283464567
11
-0.2825403149606299
21
0.2606351968503937
0
LINE
8
BLACK
6
CONTINUOUS
10
-0.62158
20
0.1837222834645669
11
-0.6175048425196851
21
0.1817300393700787
0
LINE
8
BLACK
6
CONTINUOUS
10
-0.6175048425196851
20
0.1817300393700787
11
-0.6142973622047244
21
0.1785225590551181
0
LINE
8
BLACK
6
CONTINUOUS
10
-0.6142973622047244
20
0.1785225590551181
11
-0.6123051181102362
21
0.1744474015748032
0
LINE
8
BLACK
6
CONTINUOUS
10
-0.6123051181102362
20
0.1744474015748032
11
-0.6117322834645669
21
0.1705155905511811
0
LINE
8
BLACK
6
CONTINUOUS
10
-0.6117322834645669
20
0.1705155905511811
11
-0.6117322834645669
21
0.1587045669291338
0
LINE
8
BLACK
6
CONTINUOUS
10
-0.6117322834645669
20
0.1587045669291338
11
-0.6123051181102362
21
0.1547727559055118
0
LINE
8
BLACK
6
CONTINUOUS
10
-0.6123051181102362
20
0.1547727559055118
11
-0.6142973622047244
21
0.1506975984251968
0
LINE
8
BLACK
6
CONTINUOUS
10
-0.6142973622047244
20
0.1506975984251968
11
-0.6175048425196851
21
0.1474901181102362
0
LINE
8
BLACK
6
CONTINUOUS
10
-0.6175048425196851
20
0.1474901181102362
11
-0.62158
21
0.145497874015748
0
LINE
8
BLACK
6
CONTINUOUS
10
-0.62158
20
0.145497874015748
11
-0.6255118110236221
21
0.1449250393700787
0
LINE
8
BLACK
6
CONTINUOUS
10
-0.6255118110236221
20
0.1449250393700787
11
-0.6806299212598425
21
0.1449250393700787
0
LINE
8
BLACK
6
CONTINUOUS
10
-0.6806299212598425
20
0.1449250393700787
11
-0.6845617322834645
21
0.145497874015748
0
LINE
8
BLACK
6
CONTINUOUS
10
-0.6845617322834645
20
0.145497874015748
11
-0.6886368897637795
21
0.1474901181102362
0
LINE
8
BLACK
6
CONTINUOUS
10
-0.6886368897637795
20
0.1474901181102362
11
-0.6918443700787401
21
0.1506975984251968
0
LINE
8
BLACK
6
CONTINUOUS
10
-0.6918443700787401
20
0.1506975984251968
11
-0.6938366141732283
21
0.1547727559055118
0
LINE
8
BLACK
6
CONTINUOUS
10
-0.6938366141732283
20
0.1547727559055118
11
-0.6944094488188977
21
0.1587045669291338
0
LINE
8
BLACK
6
CONTINUOUS
10
-0.6944094488188977
20
0.1587045669291338
11
-0.6944094488188977
21
0.1705155905511811
0
LINE
8
BLACK
6
CONTINUOUS
10
-0.6944094488188977
20
0.1705155905511811
11
-0.6938366141732283
21
0.1744474015748032
0
LINE
8
BLACK
6
CONTINUOUS
10
-0.6938366141732283
20
0.1744474015748032
11
-0.6918443700787401
21
0.1785225590551181
0
LINE
8
BLACK
6
CONTINUOUS
10
-0.6918443700787401
20
0.1785225590551181
11
-0.6886368897637795
21
0.1817300393700787
0
LINE
8
BLACK
6
CONTINUOUS
10
-0.6886368897637795
20
0.1817300393700787
11
-0.6845617322834645
21
0.1837222834645669
0
LINE
8
BLACK
6
CONTINUOUS
10
-0.6845617322834645
20
0.1837222834645669
11
-0.6806299212598425
21
0.1842951181102362
0
LINE
8
BLACK
6
CONTINUOUS
10
-0.6806299212598425
20
0.1842951181102362
11
-0.6255118110236221
21
0.1842951181102362
0
LINE
8
BLACK
6
CONTINUOUS
10
-0.6255118110236221
20
0.1842951181102362
11
-0.62158
21
0.1837222834645669
0
LINE
8
BLACK
6
CONTINUOUS
10
0.0852741732283465
20
0.3316165354330708
11
0.0908200787401575
21
0.3308191338582677
0
LINE
8
BLACK
6
CONTINUOUS
10
0.0908200787401575
20
0.3308191338582677
11
0.0929703937007874
21
0.3301877559055118
0
LINE
8
BLACK
6
CONTINUOUS
10
0.0929703937007874
20
0.3301877559055118
11
0.0980670078740157
21
0.3278602362204724
0
LINE
8
BLACK
6
CONTINUOUS
10
0.0980670078740157
20
0.3278602362204724
11
0.0999524409448819
21
0.3266485433070866
0
LINE
8
BLACK
6
CONTINUOUS
10
0.0999524409448819
20
0.3266485433070866
11
0.1041868897637795
21
0.3229793700787402
0
LINE
8
BLACK
6
CONTINUOUS
10
0.1041868897637795
20
0.3229793700787402
11
0.1056545275590551
21
0.3212856299212598
0
LINE
8
BLACK
6
CONTINUOUS
10
0.1056545275590551
20
0.3212856299212598
11
0.1086837007874016
21
0.3165721653543307
0
LINE
8
BLACK
6
CONTINUOUS
10
0.1086837007874016
20
0.3165721653543307
11
0.1096147637795276
21
0.3145335039370079
0
LINE
8
BLACK
6
CONTINUOUS
10
0.1096147637795276
20
0.3145335039370079
11
0.1111933070866142
21
0.3091574803149606
0
LINE
8
BLACK
6
CONTINUOUS
10
0.1111933070866142
20
0.3091574803149606
11
0.1115122440944882
21
0.306939094488189
0
LINE
8
BLACK
6
CONTINUOUS
10
0.1115122440944882
20
0.306939094488189
11
0.1115122440944882
21
0.305895905511811
0
LINE
8
BLACK
6
CONTINUOUS
10
0.1115122440944882
20
0.305895905511811
11
0.1115151968503937
21
0.3058897637795275
0
LINE
8
BLACK
6
CONTINUOUS
10
0.1115151968503937
20
0.3058897637795275
11
0.1117125984251968
21
0.3041376377952756
0
LINE
8
BLACK
6
CONTINUOUS
10
0.1117125984251968
20
0.3041376377952756
11
0.1117125984251968
21
0.282484094488189
0
LINE
8
BLACK
6
CONTINUOUS
10
0.1117125984251968
20
0.282484094488189
11
0.1109328346456693
21
0.2790676771653543
0
LINE
8
BLACK
6
CONTINUOUS
10
0.1109328346456693
20
0.2790676771653543
11
0.109790157480315
21
0.2776348818897638
0
LINE
8
BLACK
6
CONTINUOUS
10
0.109790157480315
20
0.2776348818897638
11
0.1111132283464567
21
0.275654842519685
0
LINE
8
BLACK
6
CONTINUOUS
10
0.1111132283464567
20
0.275654842519685
11
0.1117125984251968
21
0.2726415748031496
0
LINE
8
BLACK
6
CONTINUOUS
10
0.1117125984251968
20
0.2726415748031496
11
0.1117125984251968
21
0.2332714960629921
0
LINE
8
BLACK
6
CONTINUOUS
10
0.1117125984251968
20
0.2332714960629921
11
0.1111132283464567
21
0.2302582283464567
0
LINE
8
BLACK
6
CONTINUOUS
10
0.1111132283464567
20
0.2302582283464567
11
0.1098874803149606
21
0.2284238582677165
0
LINE
8
BLACK
6
CONTINUOUS
10
0.1098874803149606
20
0.2284238582677165
11
0.1099947244094488
21
0.2283383464566929
0
LINE
8
BLACK
6
CONTINUOUS
10
0.1099947244094488
20
0.2283383464566929
11
0.1115151968503937
21
0.2251811023622047
0
LINE
8
BLACK
6
CONTINUOUS
10
0.1115151968503937
20
0.2251811023622047
11
0.1117125984251968
21
0.2234289763779528
0
LINE
8
BLACK
6
CONTINUOUS
10
0.1117125984251968
20
0.2234289763779528
11
0.1117125984251968
21
0.2017754330708662
0
LINE
8
BLACK
6
CONTINUOUS
10
0.1117125984251968
20
0.2017754330708662
11
0.1115122440944882
21
0.2008976377952756
0
LINE
8
BLACK
6
CONTINUOUS
10
0.1115122440944882
20
0.2008976377952756
11
0.1115122440944882
21
0.1989739763779527
0
LINE
8
BLACK
6
CONTINUOUS
10
0.1115122440944882
20
0.1989739763779527
11
0.1111933070866142
21
0.1967555905511811
0
LINE
8
BLACK
6
CONTINUOUS
10
0.1111933070866142
20
0.1967555905511811
11
0.1096147637795276
21
0.1913795669291339
0
LINE
8
BLACK
6
CONTINUOUS
10
0.1096147637795276
20
0.1913795669291339
11
0.1086837007874016
21
0.189340905511811
0
LINE
8
BLACK
6
CONTINUOUS
10
0.1086837007874016
20
0.189340905511811
11
0.1056545275590551
21
0.1846274409448819
0
LINE
8
BLACK
6
CONTINUOUS
10
0.1056545275590551
20
0.1846274409448819
11
0.1041868897637795
21
0.1829337007874016
0
LINE
8
BLACK
6
CONTINUOUS
10
0.1041868897637795
20
0.1829337007874016
11
0.0999524409448819
21
0.1792645275590551
0
LINE
8
BLACK
6
CONTINUOUS
10
0.0999524409448819
20
0.1792645275590551
11
0.0980670078740157
21
0.1780528346456693
0
LINE
8
BLACK
6
CONTINUOUS
10
0.0980670078740157
20
0.1780528346456693
11
0.0929703937007874
21
0.1757253149606299
0
LINE
8
BLACK
6
CONTINUOUS
10
0.0929703937007874
20
0.1757253149606299
11
0.0908200787401575
21
0.175093937007874
0
LINE
8
BLACK
6
CONTINUOUS
10
0.0908200787401575
20
0.175093937007874
11
0.0852741732283465
21
0.1742965354330709
0
LINE
8
BLACK
6
CONTINUOUS
10
0.0852741732283465
20
0.1742965354330709
11
0.0841535433070866
21
0.1742163779527559
0
LINE
8
BLACK
6
CONTINUOUS
10
0.0841535433070866
20
0.1742163779527559
11
0.0644685039370079
21
0.1742163779527559
0
LINE
8
BLACK
6
CONTINUOUS
10
0.0644685039370079
20
0.1742163779527559
11
0.063347874015748
21
0.1742965354330709
0
LINE
8
BLACK
6
CONTINUOUS
10
0.063347874015748
20
0.1742965354330709
11
0.057801968503937
21
0.175093937007874
0
LINE
8
BLACK
6
CONTINUOUS
10
0.057801968503937
20
0.175093937007874
11
0.0556516535433071
21
0.1757253149606299
0
LINE
8
BLACK
6
CONTINUOUS
10
0.0556516535433071
20
0.1757253149606299
11
0.0505550393700787
21
0.1780528346456693
0
LINE
8
BLACK
6
CONTINUOUS
10
0.0505550393700787
20
0.1780528346456693
11
0.0486696062992126
21
0.1792645275590551
0
LINE
8
BLACK
6
CONTINUOUS
10
0.0486696062992126
20
0.1792645275590551
11
0.044435157480315
21
0.1829337007874016
0
LINE
8
BLACK
6
CONTINUOUS
10
0.044435157480315
20
0.1829337007874016
11
0.0429675196850394
21
0.1846274409448819
0
LINE
8
BLACK
6
CONTINUOUS
10
0.0429675196850394
20
0.1846274409448819
11
0.0399383464566929
21
0.189340905511811
0
LINE
8
BLACK
6
CONTINUOUS
10
0.0399383464566929
20
0.189340905511811
11
0.0390072834645669
21
0.1913795669291339
0
LINE
8
BLACK
6
CONTINUOUS
10
0.0390072834645669
20
0.1913795669291339
11
0.0374287401574803
21
0.1967555905511811
0
LINE
8
BLACK
6
CONTINUOUS
10
0.0374287401574803
20
0.1967555905511811
11
0.0371098031496063
21
0.1989739763779527
0
LINE
8
BLACK
6
CONTINUOUS
10
0.0371098031496063
20
0.1989739763779527
11
0.0371098031496063
21
0.2000172047244095
0
LINE
8
BLACK
6
CONTINUOUS
10
0.0371098031496063
20
0.2000172047244095
11
0.0371068503937008
21
0.2000233070866142
0
LINE
8
BLACK
6
CONTINUOUS
10
0.0371068503937008
20
0.2000233070866142
11
0.0369094488188976
21
0.2017754330708662
0
LINE
8
BLACK
6
CONTINUOUS
10
0.0369094488188976
20
0.2017754330708662
11
0.0369094488188976
21
0.2234289763779528
0
LINE
8
BLACK
6
CONTINUOUS
10
0.0369094488188976
20
0.2234289763779528
11
0.0376892125984252
21
0.2268453937007874
0
LINE
8
BLACK
6
CONTINUOUS
10
0.0376892125984252
20
0.2268453937007874
11
0.0388318503937008
21
0.2282782283464567
0
LINE
8
BLACK
6
CONTINUOUS
10
0.0388318503937008
20
0.2282782283464567
11
0.0375088188976378
21
0.2302582283464567
0
LINE
8
BLACK
6
CONTINUOUS
10
0.0375088188976378
20
0.2302582283464567
11
0.0369094488188976
21
0.2332714960629921
0
LINE
8
BLACK
6
CONTINUOUS
10
0.0369094488188976
20
0.2332714960629921
11
0.0369094488188976
21
0.2726415748031496
0
LINE
8
BLACK
6
CONTINUOUS
10
0.0369094488188976
20
0.2726415748031496
11
0.0375088188976378
21
0.275654842519685
0
LINE
8
BLACK
6
CONTINUOUS
10
0.0375088188976378
20
0.275654842519685
11
0.0387345275590551
21
0.2774892519685039
0
LINE
8
BLACK
6
CONTINUOUS
10
0.0387345275590551
20
0.2774892519685039
11
0.0386273228346457
21
0.2775747244094488
0
LINE
8
BLACK
6
CONTINUOUS
10
0.0386273228346457
20
0.2775747244094488
11
0.0371068503937008
21
0.280731968503937
0
LINE
8
BLACK
6
CONTINUOUS
10
0.0371068503937008
20
0.280731968503937
11
0.0369094488188976
21
0.282484094488189
0
LINE
8
BLACK
6
CONTINUOUS
10
0.0369094488188976
20
0.282484094488189
11
0.0369094488188976
21
0.3041376377952756
0
LINE
8
BLACK
6
CONTINUOUS
10
0.0369094488188976
20
0.3041376377952756
11
0.0371098031496063
21
0.3050154724409449
0
LINE
8
BLACK
6
CONTINUOUS
10
0.0371098031496063
20
0.3050154724409449
11
0.0371098031496063
21
0.306939094488189
0
LINE
8
BLACK
6
CONTINUOUS
10
0.0371098031496063
20
0.306939094488189
11
0.0374287401574803
21
0.3091574803149606
0
LINE
8
BLACK
6
CONTINUOUS
10
0.0374287401574803
20
0.3091574803149606
11
0.0390072834645669
21
0.3145335039370079
0
LINE
8
BLACK
6
CONTINUOUS
10
0.0390072834645669
20
0.3145335039370079
11
0.0399383464566929
21
0.3165721653543307
0
LINE
8
BLACK
6
CONTINUOUS
10
0.0399383464566929
20
0.3165721653543307
11
0.0429675196850394
21
0.3212856299212598
0
LINE
8
BLACK
6
CONTINUOUS
10
0.0429675196850394
20
0.3212856299212598
11
0.044435157480315
21
0.3229793700787402
0
LINE
8
BLACK
6
CONTINUOUS
10
0.044435157480315
20
0.3229793700787402
11
0.0486696062992126
21
0.3266485433070866
0
LINE
8
BLACK
6
CONTINUOUS
10
0.0486696062992126
20
0.3266485433070866
11
0.0505550393700787
21
0.3278602362204724
0
LINE
8
BLACK
6
CONTINUOUS
10
0.0505550393700787
20
0.3278602362204724
11
0.0556516535433071
21
0.3301877559055118
0
LINE
8
BLACK
6
CONTINUOUS
10
0.0556516535433071
20
0.3301877559055118
11
0.057801968503937
21
0.3308191338582677
0
LINE
8
BLACK
6
CONTINUOUS
10
0.057801968503937
20
0.3308191338582677
11
0.063347874015748
21
0.3316165354330708
0
LINE
8
BLACK
6
CONTINUOUS
10
0.063347874015748
20
0.3316165354330708
11
0.0644685039370079
21
0.3316966929133858
0
LINE
8
BLACK
6
CONTINUOUS
10
0.0644685039370079
20
0.3316966929133858
11
0.0841535433070866
21
0.3316966929133858
0
LINE
8
BLACK
6
CONTINUOUS
10
0.0841535433070866
20
0.3316966929133858
11
0.0852741732283465
21
0.3316165354330708
0
LINE
8
BLACK
6
CONTINUOUS
10
0.2010102362204724
20
0.2487106692913386
11
0.2059949212598425
21
0.2469664566929134
0
LINE
8
BLACK
6
CONTINUOUS
10
0.2059949212598425
20
0.2469664566929134
11
0.2102440157480315
21
0.2438304724409449
0
LINE
8
BLACK
6
CONTINUOUS
10
0.2102440157480315
20
0.2438304724409449
11
0.21338
21
0.2395813779527559
0
LINE
8
BLACK
6
CONTINUOUS
10
0.21338
20
0.2395813779527559
11
0.2151242125984252
21
0.2345966929133858
0
LINE
8
BLACK
6
CONTINUOUS
10
0.2151242125984252
20
0.2345966929133858
11
0.2154330708661417
21
0.2313029921259842
0
LINE
8
BLACK
6
CONTINUOUS
10
0.2154330708661417
20
0.2313029921259842
11
0.2154330708661417
21
0.2106337007874016
0
LINE
8
BLACK
6
CONTINUOUS
10
0.2154330708661417
20
0.2106337007874016
11
0.2151242125984252
21
0.20734
0
LINE
8
BLACK
6
CONTINUOUS
10
0.2151242125984252
20
0.20734
11
0.21338
21
0.2023553149606299
0
LINE
8
BLACK
6
CONTINUOUS
10
0.21338
20
0.2023553149606299
11
0.2102440157480315
21
0.1981062204724409
0
LINE
8
BLACK
6
CONTINUOUS
10
0.2102440157480315
20
0.1981062204724409
11
0.2059949212598425
21
0.1949702362204724
0
LINE
8
BLACK
6
CONTINUOUS
10
0.2059949212598425
20
0.1949702362204724
11
0.2010102362204724
21
0.1932260236220472
0
LINE
8
BLACK
6
CONTINUOUS
10
0.2010102362204724
20
0.1932260236220472
11
0.1977165354330709
21
0.1929171653543307
0
LINE
8
BLACK
6
CONTINUOUS
10
0.1977165354330709
20
0.1929171653543307
11
0.1622834645669291
21
0.1929171653543307
0
LINE
8
BLACK
6
CONTINUOUS
10
0.1622834645669291
20
0.1929171653543307
11
0.1589897637795276
21
0.1932260236220472
0
LINE
8
BLACK
6
CONTINUOUS
10
0.1589897637795276
20
0.1932260236220472
11
0.1540050787401575
21
0.1949702362204724
0
LINE
8
BLACK
6
CONTINUOUS
10
0.1540050787401575
20
0.1949702362204724
11
0.1497559842519685
21
0.1981062204724409
0
LINE
8
BLACK
6
CONTINUOUS
10
0.1497559842519685
20
0.1981062204724409
11
0.14662
21
0.2023553149606299
0
LINE
8
BLACK
6
CONTINUOUS
10
0.14662
20
0.2023553149606299
11
0.1448757874015748
21
0.20734
0
LINE
8
BLACK
6
CONTINUOUS
10
0.1448757874015748
20
0.20734
11
0.1445669291338583
21
0.2106337007874016
0
LINE
8
BLACK
6
CONTINUOUS
10
0.1445669291338583
20
0.2106337007874016
11
0.1445669291338583
21
0.2313029921259842
0
LINE
8
BLACK
6
CONTINUOUS
10
0.1445669291338583
20
0.2313029921259842
11
0.1448757874015748
21
0.2345966929133858
0
LINE
8
BLACK
6
CONTINUOUS
10
0.1448757874015748
20
0.2345966929133858
11
0.14662
21
0.2395813779527559
0
LINE
8
BLACK
6
CONTINUOUS
10
0.14662
20
0.2395813779527559
11
0.1497559842519685
21
0.2438304724409449
0
LINE
8
BLACK
6
CONTINUOUS
10
0.1497559842519685
20
0.2438304724409449
11
0.1540050787401575
21
0.2469664566929134
0
LINE
8
BLACK
6
CONTINUOUS
10
0.1540050787401575
20
0.2469664566929134
11
0.1589897637795276
21
0.2487106692913386
0
LINE
8
BLACK
6
CONTINUOUS
10
0.1589897637795276
20
0.2487106692913386
11
0.1622834645669291
21
0.2490195275590551
0
LINE
8
BLACK
6
CONTINUOUS
10
0.1622834645669291
20
0.2490195275590551
11
0.1977165354330709
21
0.2490195275590551
0
LINE
8
BLACK
6
CONTINUOUS
10
0.1977165354330709
20
0.2490195275590551
11
0.2010102362204724
21
0.2487106692913386
0
LINE
8
BLACK
6
CONTINUOUS
10
0.375655905511811
20
0.2487106692913386
11
0.3806405905511811
21
0.2469664566929134
0
LINE
8
BLACK
6
CONTINUOUS
10
0.3806405905511811
20
0.2469664566929134
11
0.38488968503937
21
0.2438304724409449
0
LINE
8
BLACK
6
CONTINUOUS
10
0.38488968503937
20
0.2438304724409449
11
0.3880256692913386
21
0.2395813779527559
0
LINE
8
BLACK
6
CONTINUOUS
10
0.3880256692913386
20
0.2395813779527559
11
0.3897698818897637
21
0.2345966929133858
0
LINE
8
BLACK
6
CONTINUOUS
10
0.3897698818897637
20
0.2345966929133858
11
0.3900787401574803
21
0.2313029921259842
0
LINE
8
BLACK
6
CONTINUOUS
10
0.3900787401574803
20
0.2313029921259842
11
0.3900787401574803
21
0.2106337007874016
0
LINE
8
BLACK
6
CONTINUOUS
10
0.3900787401574803
20
0.2106337007874016
11
0.3897698818897637
21
0.20734
0
LINE
8
BLACK
6
CONTINUOUS
10
0.3897698818897637
20
0.20734
11
0.3880256692913386
21
0.2023553149606299
0
LINE
8
BLACK
6
CONTINUOUS
10
0.3880256692913386
20
0.2023553149606299
11
0.38488968503937
21
0.1981062204724409
0
LINE
8
BLACK
6
CONTINUOUS
10
0.38488968503937
20
0.1981062204724409
11
0.3806405905511811
21
0.1949702362204724
0
LINE
8
BLACK
6
CONTINUOUS
10
0.3806405905511811
20
0.1949702362204724
11
0.375655905511811
21
0.1932260236220472
0
LINE
8
BLACK
6
CONTINUOUS
10
0.375655905511811
20
0.1932260236220472
11
0.3723622047244095
21
0.1929171653543307
0
LINE
8
BLACK
6
CONTINUOUS
10
0.3723622047244095
20
0.1929171653543307
11
0.3369291338582677
21
0.1929171653543307
0
LINE
8
BLACK
6
CONTINUOUS
10
0.3369291338582677
20
0.1929171653543307
11
0.3336354330708661
21
0.1932260236220472
0
LINE
8
BLACK
6
CONTINUOUS
10
0.3336354330708661
20
0.1932260236220472
11
0.3286507480314961
21
0.1949702362204724
0
LINE
8
BLACK
6
CONTINUOUS
10
0.3286507480314961
20
0.1949702362204724
11
0.3244016535433071
21
0.1981062204724409
0
LINE
8
BLACK
6
CONTINUOUS
10
0.3244016535433071
20
0.1981062204724409
11
0.3212656692913386
21
0.2023553149606299
0
LINE
8
BLACK
6
CONTINUOUS
10
0.3212656692913386
20
0.2023553149606299
11
0.3195214566929134
21
0.20734
0
LINE
8
BLACK
6
CONTINUOUS
10
0.3195214566929134
20
0.20734
11
0.3192125984251968
21
0.2106337007874016
0
LINE
8
BLACK
6
CONTINUOUS
10
0.3192125984251968
20
0.2106337007874016
11
0.3192125984251968
21
0.2313029921259842
0
LINE
8
BLACK
6
CONTINUOUS
10
0.3192125984251968
20
0.2313029921259842
11
0.3195214566929134
21
0.2345966929133858
0
LINE
8
BLACK
6
CONTINUOUS
10
0.3195214566929134
20
0.2345966929133858
11
0.3212656692913386
21
0.2395813779527559
0
LINE
8
BLACK
6
CONTINUOUS
10
0.3212656692913386
20
0.2395813779527559
11
0.3244016535433071
21
0.2438304724409449
0
LINE
8
BLACK
6
CONTINUOUS
10
0.3244016535433071
20
0.2438304724409449
11
0.3286507480314961
21
0.2469664566929134
0
LINE
8
BLACK
6
CONTINUOUS
10
0.3286507480314961
20
0.2469664566929134
11
0.3336354330708661
21
0.2487106692913386
0
LINE
8
BLACK
6
CONTINUOUS
10
0.3336354330708661
20
0.2487106692913386
11
0.3369291338582677
21
0.2490195275590551
0
LINE
8
BLACK
6
CONTINUOUS
10
0.3369291338582677
20
0.2490195275590551
11
0.3723622047244095
21
0.2490195275590551
0
LINE
8
BLACK
6
CONTINUOUS
10
0.3723622047244095
20
0.2490195275590551
11
0.375655905511811
21
0.2487106692913386
0
LINE
8
BLACK
6
CONTINUOUS
10
-0.62158
20
0.2329348818897638
11
-0.6175048425196851
21
0.2309426377952756
0
LINE
8
BLACK
6
CONTINUOUS
10
-0.6175048425196851
20
0.2309426377952756
11
-0.6142973622047244
21
0.2277351574803149
0
LINE
8
BLACK
6
CONTINUOUS
10
-0.6142973622047244
20
0.2277351574803149
11
-0.6123051181102362
21
0.22366
0
LINE
8
BLACK
6
CONTINUOUS
10
-0.6123051181102362
20
0.22366
11
-0.6117322834645669
21
0.2197281889763779
0
LINE
8
BLACK
6
CONTINUOUS
10
-0.6117322834645669
20
0.2197281889763779
11
-0.6117322834645669
21
0.2079171653543307
0
LINE
8
BLACK
6
CONTINUOUS
10
-0.6117322834645669
20
0.2079171653543307
11
-0.6123051181102362
21
0.2039853543307087
0
LINE
8
BLACK
6
CONTINUOUS
10
-0.6123051181102362
20
0.2039853543307087
11
-0.6142973622047244
21
0.1999101968503937
0
LINE
8
BLACK
6
CONTINUOUS
10
-0.6142973622047244
20
0.1999101968503937
11
-0.6175048425196851
21
0.1967027165354331
0
LINE
8
BLACK
6
CONTINUOUS
10
-0.6175048425196851
20
0.1967027165354331
11
-0.62158
21
0.1947104724409449
0
LINE
8
BLACK
6
CONTINUOUS
10
-0.62158
20
0.1947104724409449
11
-0.6255118110236221
21
0.1941376377952756
0
LINE
8
BLACK
6
CONTINUOUS
10
-0.6255118110236221
20
0.1941376377952756
11
-0.6806299212598425
21
0.1941376377952756
0
LINE
8
BLACK
6
CONTINUOUS
10
-0.6806299212598425
20
0.1941376377952756
11
-0.6845617322834645
21
0.1947104724409449
0
LINE
8
BLACK
6
CONTINUOUS
10
-0.6845617322834645
20
0.1947104724409449
11
-0.6886368897637795
21
0.1967027165354331
0
LINE
8
BLACK
6
CONTINUOUS
10
-0.6886368897637795
20
0.1967027165354331
11
-0.6918443700787401
21
0.1999101968503937
0
LINE
8
BLACK
6
CONTINUOUS
10
-0.6918443700787401
20
0.1999101968503937
11
-0.6938366141732283
21
0.2039853543307087
0
LINE
8
BLACK
6
CONTINUOUS
10
-0.6938366141732283
20
0.2039853543307087
11
-0.6944094488188977
21
0.2079171653543307
0
LINE
8
BLACK
6
CONTINUOUS
10
-0.6944094488188977
20
0.2079171653543307
11
-0.6944094488188977
21
0.2197281889763779
0
LINE
8
BLACK
6
CONTINUOUS
10
-0.6944094488188977
20
0.2197281889763779
11
-0.6938366141732283
21
0.22366
0
LINE
8
BLACK
6
CONTINUOUS
10
-0.6938366141732283
20
0.22366
11
-0.6918443700787401
21
0.2277351574803149
0
LINE
8
BLACK
6
CONTINUOUS
10
-0.6918443700787401
20
0.2277351574803149
11
-0.6886368897637795
21
0.2309426377952756
0
LINE
8
BLACK
6
CONTINUOUS
10
-0.6886368897637795
20
0.2309426377952756
11
-0.6845617322834645
21
0.2329348818897638
0
LINE
8
BLACK
6
CONTINUOUS
10
-0.6845617322834645
20
0.2329348818897638
11
-0.6806299212598425
21
0.2335077165354331
0
LINE
8
BLACK
6
CONTINUOUS
10
-0.6806299212598425
20
0.2335077165354331
11
-0.6255118110236221
21
0.2335077165354331
0
LINE
8
BLACK
6
CONTINUOUS
10
-0.6255118110236221
20
0.2335077165354331
11
-0.62158
21
0.2329348818897638
0
LINE
8
BLACK
6
CONTINUOUS
10
0.282335905511811
20
0.2511533464566929
11
0.2870003543307086
21
0.2487766929133858
0
LINE
8
BLACK
6
CONTINUOUS
10
0.2870003543307086
20
0.2487766929133858
11
0.2907020472440945
21
0.245075
0
LINE
8
BLACK
6
CONTINUOUS
10
0.2907020472440945
20
0.245075
11
0.2930787007874016
21
0.2404105511811024
0
LINE
8
BLACK
6
CONTINUOUS
10
0.2930787007874016
20
0.2404105511811024
11
0.2938976377952756
21
0.23524
0
LINE
8
BLACK
6
CONTINUOUS
10
0.2938976377952756
20
0.23524
11
0.2938976377952756
21
0.2175234645669291
0
LINE
8
BLACK
6
CONTINUOUS
10
0.2938976377952756
20
0.2175234645669291
11
0.2930787007874016
21
0.2123529133858268
0
LINE
8
BLACK
6
CONTINUOUS
10
0.2930787007874016
20
0.2123529133858268
11
0.2907020472440945
21
0.2076884645669291
0
LINE
8
BLACK
6
CONTINUOUS
10
0.2907020472440945
20
0.2076884645669291
11
0.2870003543307086
21
0.2039867716535433
0
LINE
8
BLACK
6
CONTINUOUS
10
0.2870003543307086
20
0.2039867716535433
11
0.282335905511811
21
0.2016101181102362
0
LINE
8
BLACK
6
CONTINUOUS
10
0.282335905511811
20
0.2016101181102362
11
0.2771653543307087
21
0.2007911811023622
0
LINE
8
BLACK
6
CONTINUOUS
10
0.2771653543307087
20
0.2007911811023622
11
0.2574803149606299
21
0.2007911811023622
0
LINE
8
BLACK
6
CONTINUOUS
10
0.2574803149606299
20
0.2007911811023622
11
0.2523097637795276
21
0.2016101181102362
0
LINE
8
BLACK
6
CONTINUOUS
10
0.2523097637795276
20
0.2016101181102362
11
0.2476453149606299
21
0.2039867716535433
0
LINE
8
BLACK
6
CONTINUOUS
10
0.2476453149606299
20
0.2039867716535433
11
0.2439436220472441
21
0.2076884645669291
0
LINE
8
BLACK
6
CONTINUOUS
10
0.2439436220472441
20
0.2076884645669291
11
0.241566968503937
21
0.2123529133858268
0
LINE
8
BLACK
6
CONTINUOUS
10
0.241566968503937
20
0.2123529133858268
11
0.240748031496063
21
0.2175234645669291
0
LINE
8
BLACK
6
CONTINUOUS
10
0.240748031496063
20
0.2175234645669291
11
0.240748031496063
21
0.23524
0
LINE
8
BLACK
6
CONTINUOUS
10
0.240748031496063
20
0.23524
11
0.241566968503937
21
0.2404105511811024
0
LINE
8
BLACK
6
CONTINUOUS
10
0.241566968503937
20
0.2404105511811024
11
0.2439436220472441
21
0.245075
0
LINE
8
BLACK
6
CONTINUOUS
10
0.2439436220472441
20
0.245075
11
0.2476453149606299
21
0.2487766929133858
0
LINE
8
BLACK
6
CONTINUOUS
10
0.2476453149606299
20
0.2487766929133858
11
0.2523097637795276
21
0.2511533464566929
0
LINE
8
BLACK
6
CONTINUOUS
10
0.2523097637795276
20
0.2511533464566929
11
0.2574803149606299
21
0.2519722834645669
0
LINE
8
BLACK
6
CONTINUOUS
10
0.2574803149606299
20
0.2519722834645669
11
0.2771653543307087
21
0.2519722834645669
0
LINE
8
BLACK
6
CONTINUOUS
10
0.2771653543307087
20
0.2519722834645669
11
0.282335905511811
21
0.2511533464566929
0
LINE
8
BLACK
6
CONTINUOUS
10
-0.1601233070866142
20
0.3193128346456693
11
-0.1560481496062992
21
0.3173205905511811
0
LINE
8
BLACK
6
CONTINUOUS
10
-0.1560481496062992
20
0.3173205905511811
11
-0.1528406692913386
21
0.3141131102362205
0
LINE
8
BLACK
6
CONTINUOUS
10
-0.1528406692913386
20
0.3141131102362205
11
-0.1508484251968504
21
0.3100379527559055
0
LINE
8
BLACK
6
CONTINUOUS
10
-0.1508484251968504
20
0.3100379527559055
11
-0.1502755905511811
21
0.3061061417322835
0
LINE
8
BLACK
6
CONTINUOUS
10
-0.1502755905511811
20
0.3061061417322835
11
-0.1502755905511811
21
0.2942951181102362
0
LINE
8
BLACK
6
CONTINUOUS
10
-0.1502755905511811
20
0.2942951181102362
11
-0.1508484251968504
21
0.2903633070866142
0
LINE
8
BLACK
6
CONTINUOUS
10
-0.1508484251968504
20
0.2903633070866142
11
-0.1528406692913386
21
0.2862881496062992
0
LINE
8
BLACK
6
CONTINUOUS
10
-0.1528406692913386
20
0.2862881496062992
11
-0.1560481496062992
21
0.2830806692913386
0
LINE
8
BLACK
6
CONTINUOUS
10
-0.1560481496062992
20
0.2830806692913386
11
-0.1592817716535433
21
0.281499842519685
0
LINE
8
BLACK
6
CONTINUOUS
10
-0.1592817716535433
20
0.281499842519685
11
-0.1560481496062992
21
0.2799190157480315
0
LINE
8
BLACK
6
CONTINUOUS
10
-0.1560481496062992
20
0.2799190157480315
11
-0.1528406692913386
21
0.2767115354330709
0
LINE
8
BLACK
6
CONTINUOUS
10
-0.1528406692913386
20
0.2767115354330709
11
-0.1508484251968504
21
0.2726363779527559
0
LINE
8
BLACK
6
CONTINUOUS
10
-0.1508484251968504
20
0.2726363779527559
11
-0.1502755905511811
21
0.2687045669291339
0
LINE
8
BLACK
6
CONTINUOUS
10
-0.1502755905511811
20
0.2687045669291339
11
-0.1502755905511811
21
0.2568935433070866
0
LINE
8
BLACK
6
CONTINUOUS
10
-0.1502755905511811
20
0.2568935433070866
11
-0.1508484251968504
21
0.2529617322834646
0
LINE
8
BLACK
6
CONTINUOUS
10
-0.1508484251968504
20
0.2529617322834646
11
-0.1528406692913386
21
0.2488865748031496
0
LINE
8
BLACK
6
CONTINUOUS
10
-0.1528406692913386
20
0.2488865748031496
11
-0.1560481496062992
21
0.245679094488189
0
LINE
8
BLACK
6
CONTINUOUS
10
-0.1560481496062992
20
0.245679094488189
11
-0.1592817716535433
21
0.2440982677165354
0
LINE
8
BLACK
6
CONTINUOUS
10
-0.1592817716535433
20
0.2440982677165354
11
-0.1560481496062992
21
0.2425174409448819
0
LINE
8
BLACK
6
CONTINUOUS
10
-0.1560481496062992
20
0.2425174409448819
11
-0.1528406692913386
21
0.2393099606299212
0
LINE
8
BLACK
6
CONTINUOUS
10
-0.1528406692913386
20
0.2393099606299212
11
-0.1508484251968504
21
0.2352348031496063
0
LINE
8
BLACK
6
CONTINUOUS
10
-0.1508484251968504
20
0.2352348031496063
11
-0.1502755905511811
21
0.2313029921259842
0
LINE
8
BLACK
6
CONTINUOUS
10
-0.1502755905511811
20
0.2313029921259842
11
-0.1502755905511811
21
0.219491968503937
0
LINE
8
BLACK
6
CONTINUOUS
10
-0.1502755905511811
20
0.219491968503937
11
-0.1508484251968504
21
0.215560157480315
0
LINE
8
BLACK
6
CONTINUOUS
10
-0.1508484251968504
20
0.215560157480315
11
-0.1528406692913386
21
0.211485
0
LINE
8
BLACK
6
CONTINUOUS
10
-0.1528406692913386
20
0.211485
11
-0.1560481496062992
21
0.2082775196850394
0
LINE
8
BLACK
6
CONTINUOUS
10
-0.1560481496062992
20
0.2082775196850394
11
-0.1601233070866142
21
0.2062852755905512
0
LINE
8
BLACK
6
CONTINUOUS
10
-0.1601233070866142
20
0.2062852755905512
11
-0.1640551181102362
21
0.2057124409448819
0
LINE
8
BLACK
6
CONTINUOUS
10
-0.1640551181102362
20
0.2057124409448819
11
-0.2044094488188976
21
0.2057124409448819
0
LINE
8
BLACK
6
CONTINUOUS
10
-0.2044094488188976
20
0.2057124409448819
11
-0.2083412598425197
21
0.2062852755905512
0
LINE
8
BLACK
6
CONTINUOUS
10
-0.2083412598425197
20
0.2062852755905512
11
-0.2124164173228346
21
0.2082775196850394
0
LINE
8
BLACK
6
CONTINUOUS
10
-0.2124164173228346
20
0.2082775196850394
11
-0.2156238976377953
21
0.211485
0
LINE
8
BLACK
6
CONTINUOUS
10
-0.2156238976377953
20
0.211485
11
-0.2176161417322835
21
0.215560157480315
0
LINE
8
BLACK
6
CONTINUOUS
10
-0.2176161417322835
20
0.215560157480315
11
-0.2181889763779528
21
0.219491968503937
0
LINE
8
BLACK
6
CONTINUOUS
10
-0.2181889763779528
20
0.219491968503937
11
-0.2181889763779528
21
0.2313029921259842
0
LINE
8
BLACK
6
CONTINUOUS
10
-0.2181889763779528
20
0.2313029921259842
11
-0.2176161417322835
21
0.2352348031496063
0
LINE
8
BLACK
6
CONTINUOUS
10
-0.2176161417322835
20
0.2352348031496063
11
-0.2156238976377953
21
0.2393099606299212
0
LINE
8
BLACK
6
CONTINUOUS
10
-0.2156238976377953
20
0.2393099606299212
11
-0.2124164173228346
21
0.2425174409448819
0
LINE
8
BLACK
6
CONTINUOUS
10
-0.2124164173228346
20
0.2425174409448819
11
-0.2091828346456693
21
0.2440982677165354
0
LINE
8
BLACK
6
CONTINUOUS
10
-0.2091828346456693
20
0.2440982677165354
11
-0.2124164173228346
21
0.245679094488189
0
LINE
8
BLACK
6
CONTINUOUS
10
-0.2124164173228346
20
0.245679094488189
11
-0.2156238976377953
21
0.2488865748031496
0
LINE
8
BLACK
6
CONTINUOUS
10
-0.2156238976377953
20
0.2488865748031496
11
-0.2176161417322835
21
0.2529617322834646
0
LINE
8
BLACK
6
CONTINUOUS
10
-0.2176161417322835
20
0.2529617322834646
11
-0.2181889763779528
21
0.2568935433070866
0
LINE
8
BLACK
6
CONTINUOUS
10
-0.2181889763779528
20
0.2568935433070866
11
-0.2181889763779528
21
0.2687045669291339
0
LINE
8
BLACK
6
CONTINUOUS
10
-0.2181889763779528
20
0.2687045669291339
11
-0.2176161417322835
21
0.2726363779527559
0
LINE
8
BLACK
6
CONTINUOUS
10
-0.2176161417322835
20
0.2726363779527559
11
-0.2156238976377953
21
0.2767115354330709
0
LINE
8
BLACK
6
CONTINUOUS
10
-0.2156238976377953
20
0.2767115354330709
11
-0.2124164173228346
21
0.2799190157480315
0
LINE
8
BLACK
6
CONTINUOUS
10
-0.2124164173228346
20
0.2799190157480315
11
-0.2091828346456693
21
0.281499842519685
0
LINE
8
BLACK
6
CONTINUOUS
10
-0.2091828346456693
20
0.281499842519685
11
-0.2124164173228346
21
0.2830806692913386
0
LINE
8
BLACK
6
CONTINUOUS
10
-0.2124164173228346
20
0.2830806692913386
11
-0.2156238976377953
21
0.2862881496062992
0
LINE
8
BLACK
6
CONTINUOUS
10
-0.2156238976377953
20
0.2862881496062992
11
-0.2176161417322835
21
0.2903633070866142
0
LINE
8
BLACK
6
CONTINUOUS
10
-0.2176161417322835
20
0.2903633070866142
11
-0.2181889763779528
21
0.2942951181102362
0
LINE
8
BLACK
6
CONTINUOUS
10
-0.2181889763779528
20
0.2942951181102362
11
-0.2181889763779528
21
0.3061061417322835
0
LINE
8
BLACK
6
CONTINUOUS
10
-0.2181889763779528
20
0.3061061417322835
11
-0.2176161417322835
21
0.3100379527559055
0
LINE
8
BLACK
6
CONTINUOUS
10
-0.2176161417322835
20
0.3100379527559055
11
-0.2156238976377953
21
0.3141131102362205
0
LINE
8
BLACK
6
CONTINUOUS
10
-0.2156238976377953
20
0.3141131102362205
11
-0.2124164173228346
21
0.3173205905511811
0
LINE
8
BLACK
6
CONTINUOUS
10
-0.2124164173228346
20
0.3173205905511811
11
-0.2083412598425197
21
0.3193128346456693
0
LINE
8
BLACK
6
CONTINUOUS
10
-0.2083412598425197
20
0.3193128346456693
11
-0.2044094488188976
21
0.3198856692913385
0
LINE
8
BLACK
6
CONTINUOUS
10
-0.2044094488188976
20
0.3198856692913385
11
-0.1640551181102362
21
0.3198856692913385
0
LINE
8
BLACK
6
CONTINUOUS
10
-0.1640551181102362
20
0.3198856692913385
11
-0.1601233070866142
21
0.3193128346456693
0
LINE
8
BLACK
6
CONTINUOUS
10
-0.0705563779527559
20
0.2445096850393701
11
-0.0664812204724409
21
0.2425174409448819
0
LINE
8
BLACK
6
CONTINUOUS
10
-0.0664812204724409
20
0.2425174409448819
11
-0.0632737401574803
21
0.2393099606299212
0
LINE
8
BLACK
6
CONTINUOUS
10
-0.0632737401574803
20
0.2393099606299212
11
-0.0612814960629921
21
0.2352348031496063
0
LINE
8
BLACK
6
CONTINUOUS
10
-0.0612814960629921
20
0.2352348031496063
11
-0.0607086614173228
21
0.2313029921259842
0
LINE
8
BLACK
6
CONTINUOUS
10
-0.0607086614173228
20
0.2313029921259842
11
-0.0607086614173228
21
0.219491968503937
0
LINE
8
BLACK
6
CONTINUOUS
10
-0.0607086614173228
20
0.219491968503937
11
-0.0612814960629921
21
0.215560157480315
0
LINE
8
BLACK
6
CONTINUOUS
10
-0.0612814960629921
20
0.215560157480315
11
-0.0632737401574803
21
0.211485
0
LINE
8
BLACK
6
CONTINUOUS
10
-0.0632737401574803
20
0.211485
11
-0.0664812204724409
21
0.2082775196850394
0
LINE
8
BLACK
6
CONTINUOUS
10
-0.0664812204724409
20
0.2082775196850394
11
-0.0705563779527559
21
0.2062852755905512
0
LINE
8
BLACK
6
CONTINUOUS
10
-0.0705563779527559
20
0.2062852755905512
11
-0.0744881889763779
21
0.2057124409448819
0
LINE
8
BLACK
6
CONTINUOUS
10
-0.0744881889763779
20
0.2057124409448819
11
-0.1148425196850394
21
0.2057124409448819
0
LINE
8
BLACK
6
CONTINUOUS
10
-0.1148425196850394
20
0.2057124409448819
11
-0.1187743307086614
21
0.2062852755905512
0
LINE
8
BLACK
6
CONTINUOUS
10
-0.1187743307086614
20
0.2062852755905512
11
-0.1228494881889764
21
0.2082775196850394
0
LINE
8
BLACK
6
CONTINUOUS
10
-0.1228494881889764
20
0.2082775196850394
11
-0.126056968503937
21
0.211485
0
LINE
8
BLACK
6
CONTINUOUS
10
-0.126056968503937
20
0.211485
11
-0.1280492125984252
21
0.215560157480315
0
LINE
8
BLACK
6
CONTINUOUS
10
-0.1280492125984252
20
0.215560157480315
11
-0.1286220472440945
21
0.219491968503937
0
LINE
8
BLACK
6
CONTINUOUS
10
-0.1286220472440945
20
0.219491968503937
11
-0.1286220472440945
21
0.2313029921259842
0
LINE
8
BLACK
6
CONTINUOUS
10
-0.1286220472440945
20
0.2313029921259842
11
-0.1280492125984252
21
0.2352348031496063
0
LINE
8
BLACK
6
CONTINUOUS
10
-0.1280492125984252
20
0.2352348031496063
11
-0.126056968503937
21
0.2393099606299212
0
LINE
8
BLACK
6
CONTINUOUS
10
-0.126056968503937
20
0.2393099606299212
11
-0.1228494881889764
21
0.2425174409448819
0
LINE
8
BLACK
6
CONTINUOUS
10
-0.1228494881889764
20
0.2425174409448819
11
-0.1187743307086614
21
0.2445096850393701
0
LINE
8
BLACK
6
CONTINUOUS
10
-0.1187743307086614
20
0.2445096850393701
11
-0.1148425196850394
21
0.2450825196850394
0
LINE
8
BLACK
6
CONTINUOUS
10
-0.1148425196850394
20
0.2450825196850394
11
-0.0744881889763779
21
0.2450825196850394
0
LINE
8
BLACK
6
CONTINUOUS
10
-0.0744881889763779
20
0.2450825196850394
11
-0.0705563779527559
21
0.2445096850393701
0
LINE
8
BLACK
6
CONTINUOUS
10
0.0035170078740157
20
0.2609958661417323
11
0.0081814566929134
21
0.2586192125984252
0
LINE
8
BLACK
6
CONTINUOUS
10
0.0081814566929134
20
0.2586192125984252
11
0.0118831496062992
21
0.2549175196850393
0
LINE
8
BLACK
6
CONTINUOUS
10
0.0118831496062992
20
0.2549175196850393
11
0.0142598031496063
21
0.2502530708661417
0
LINE
8
BLACK
6
CONTINUOUS
10
0.0142598031496063
20
0.2502530708661417
11
0.0150787401574803
21
0.2450825196850394
0
LINE
8
BLACK
6
CONTINUOUS
10
0.0150787401574803
20
0.2450825196850394
11
0.0150787401574803
21
0.2273659842519685
0
LINE
8
BLACK
6
CONTINUOUS
10
0.0150787401574803
20
0.2273659842519685
11
0.0142598031496063
21
0.2221954330708661
0
LINE
8
BLACK
6
CONTINUOUS
10
0.0142598031496063
20
0.2221954330708661
11
0.0118831496062992
21
0.2175309842519685
0
LINE
8
BLACK
6
CONTINUOUS
10
0.0118831496062992
20
0.2175309842519685
11
0.0081814566929134
21
0.2138292913385827
0
LINE
8
BLACK
6
CONTINUOUS
10
0.0081814566929134
20
0.2138292913385827
11
0.0035170078740157
21
0.2114526377952756
0
LINE
8
BLACK
6
CONTINUOUS
10
0.0035170078740157
20
0.2114526377952756
11
-0.0016535433070866
21
0.2106337007874016
0
LINE
8
BLACK
6
CONTINUOUS
10
-0.0016535433070866
20
0.2106337007874016
11
-0.0213385826771654
21
0.2106337007874016
0
LINE
8
BLACK
6
CONTINUOUS
10
-0.0213385826771654
20
0.2106337007874016
11
-0.0265091338582677
21
0.2114526377952756
0
LINE
8
BLACK
6
CONTINUOUS
10
-0.0265091338582677
20
0.2114526377952756
11
-0.0311735826771654
21
0.2138292913385827
0
LINE
8
BLACK
6
CONTINUOUS
10
-0.0311735826771654
20
0.2138292913385827
11
-0.0348752755905512
21
0.2175309842519685
0
LINE
8
BLACK
6
CONTINUOUS
10
-0.0348752755905512
20
0.2175309842519685
11
-0.0372519291338583
21
0.2221954330708661
0
LINE
8
BLACK
6
CONTINUOUS
10
-0.0372519291338583
20
0.2221954330708661
11
-0.0380708661417323
21
0.2273659842519685
0
LINE
8
BLACK
6
CONTINUOUS
10
-0.0380708661417323
20
0.2273659842519685
11
-0.0380708661417323
21
0.2450825196850394
0
LINE
8
BLACK
6
CONTINUOUS
10
-0.0380708661417323
20
0.2450825196850394
11
-0.0372519291338583
21
0.2502530708661417
0
LINE
8
BLACK
6
CONTINUOUS
10
-0.0372519291338583
20
0.2502530708661417
11
-0.0348752755905512
21
0.2549175196850393
0
LINE
8
BLACK
6
CONTINUOUS
10
-0.0348752755905512
20
0.2549175196850393
11
-0.0311735826771654
21
0.2586192125984252
0
LINE
8
BLACK
6
CONTINUOUS
10
-0.0311735826771654
20
0.2586192125984252
11
-0.0265091338582677
21
0.2609958661417323
0
LINE
8
BLACK
6
CONTINUOUS
10
-0.0265091338582677
20
0.2609958661417323
11
-0.0213385826771654
21
0.2618148031496063
0
LINE
8
BLACK
6
CONTINUOUS
10
-0.0213385826771654
20
0.2618148031496063
11
-0.0016535433070866
21
0.2618148031496063
0
LINE
8
BLACK
6
CONTINUOUS
10
-0.0016535433070866
20
0.2618148031496063
11
0.0035170078740157
21
0.2609958661417323
0
LINE
8
BLACK
6
CONTINUOUS
10
0.5380665748031496
20
0.2846927559055118
11
0.5443075984251968
21
0.282508937007874
0
LINE
8
BLACK
6
CONTINUOUS
10
0.5443075984251968
20
0.282508937007874
11
0.5499061811023622
21
0.2789911023622047
0
LINE
8
BLACK
6
CONTINUOUS
10
0.5499061811023622
20
0.2789911023622047
11
0.5545816535433071
21
0.2743156299212599
0
LINE
8
BLACK
6
CONTINUOUS
10
0.5545816535433071
20
0.2743156299212599
11
0.5580994881889764
21
0.2687170472440945
0
LINE
8
BLACK
6
CONTINUOUS
10
0.5580994881889764
20
0.2687170472440945
11
0.5602833070866141
21
0.2624760236220472
0
LINE
8
BLACK
6
CONTINUOUS
10
0.5602833070866141
20
0.2624760236220472
11
0.5610236220472441
21
0.2559055118110236
0
LINE
8
BLACK
6
CONTINUOUS
10
0.5610236220472441
20
0.2559055118110236
11
0.5602833070866141
21
0.249335
0
LINE
8
BLACK
6
CONTINUOUS
10
0.5602833070866141
20
0.249335
11
0.5580994881889764
21
0.2430939763779527
0
LINE
8
BLACK
6
CONTINUOUS
10
0.5580994881889764
20
0.2430939763779527
11
0.5545816535433071
21
0.2374953937007874
0
LINE
8
BLACK
6
CONTINUOUS
10
0.5545816535433071
20
0.2374953937007874
11
0.5499061811023622
21
0.2328199212598425
0
LINE
8
BLACK
6
CONTINUOUS
10
0.5499061811023622
20
0.2328199212598425
11
0.5443075984251968
21
0.2293020866141732
0
LINE
8
BLACK
6
CONTINUOUS
10
0.5443075984251968
20
0.2293020866141732
11
0.5380665748031496
21
0.2271182677165354
0
LINE
8
BLACK
6
CONTINUOUS
10
0.5380665748031496
20
0.2271182677165354
11
0.5314960629921259
21
0.2263779527559055
0
LINE
8
BLACK
6
CONTINUOUS
10
0.5314960629921259
20
0.2263779527559055
11
0.5249255511811024
21
0.2271182677165354
0
LINE
8
BLACK
6
CONTINUOUS
10
0.5249255511811024
20
0.2271182677165354
11
0.5186845275590551
21
0.2293020866141732
0
LINE
8
BLACK
6
CONTINUOUS
10
0.5186845275590551
20
0.2293020866141732
11
0.5130859448818897
21
0.2328199212598425
0
LINE
8
BLACK
6
CONTINUOUS
10
0.5130859448818897
20
0.2328199212598425
11
0.5084104724409448
21
0.2374953937007874
0
LINE
8
BLACK
6
CONTINUOUS
10
0.5084104724409448
20
0.2374953937007874
11
0.5048926377952756
21
0.2430939763779527
0
LINE
8
BLACK
6
CONTINUOUS
10
0.5048926377952756
20
0.2430939763779527
11
0.5027088188976377
21
0.249335
0
LINE
8
BLACK
6
CONTINUOUS
10
0.5027088188976377
20
0.249335
11
0.5019685039370079
21
0.2559055118110236
0
LINE
8
BLACK
6
CONTINUOUS
10
0.5019685039370079
20
0.2559055118110236
11
0.5027088188976377
21
0.2624760236220472
0
LINE
8
BLACK
6
CONTINUOUS
10
0.5027088188976377
20
0.2624760236220472
11
0.5048926377952756
21
0.2687170472440945
0
LINE
8
BLACK
6
CONTINUOUS
10
0.5048926377952756
20
0.2687170472440945
11
0.5084104724409448
21
0.2743156299212599
0
LINE
8
BLACK
6
CONTINUOUS
10
0.5084104724409448
20
0.2743156299212599
11
0.5130859448818897
21
0.2789911023622047
0
LINE
8
BLACK
6
CONTINUOUS
10
0.5130859448818897
20
0.2789911023622047
11
0.5186845275590551
21
0.282508937007874
0
LINE
8
BLACK
6
CONTINUOUS
10
0.5186845275590551
20
0.282508937007874
11
0.5249255511811024
21
0.2846927559055118
0
LINE
8
BLACK
6
CONTINUOUS
10
0.5249255511811024
20
0.2846927559055118
11
0.5314960629921259
21
0.2854330708661417
0
LINE
8
BLACK
6
CONTINUOUS
10
0.5314960629921259
20
0.2854330708661417
11
0.5380665748031496
21
0.2846927559055118
0
LINE
8
BLACK
6
CONTINUOUS
10
-0.62158
20
0.2821474803149606
11
-0.6175048425196851
21
0.2801552362204724
0
LINE
8
BLACK
6
CONTINUOUS
10
-0.6175048425196851
20
0.2801552362204724
11
-0.6142973622047244
21
0.2769477559055118
0
LINE
8
BLACK
6
CONTINUOUS
10
-0.6142973622047244
20
0.2769477559055118
11
-0.6123051181102362
21
0.2728725984251968
0
LINE
8
BLACK
6
CONTINUOUS
10
-0.6123051181102362
20
0.2728725984251968
11
-0.6117322834645669
21
0.2689407874015748
0
LINE
8
BLACK
6
CONTINUOUS
10
-0.6117322834645669
20
0.2689407874015748
11
-0.6117322834645669
21
0.2571297637795276
0
LINE
8
BLACK
6
CONTINUOUS
10
-0.6117322834645669
20
0.2571297637795276
11
-0.6123051181102362
21
0.2531979527559055
0
LINE
8
BLACK
6
CONTINUOUS
10
-0.6123051181102362
20
0.2531979527559055
11
-0.6142973622047244
21
0.2491227952755906
0
LINE
8
BLACK
6
CONTINUOUS
10
-0.6142973622047244
20
0.2491227952755906
11
-0.6175048425196851
21
0.2459153149606299
0
LINE
8
BLACK
6
CONTINUOUS
10
-0.6175048425196851
20
0.2459153149606299
11
-0.62158
21
0.2439230708661417
0
LINE
8
BLACK
6
CONTINUOUS
10
-0.62158
20
0.2439230708661417
11
-0.6255118110236221
21
0.2433502362204724
0
LINE
8
BLACK
6
CONTINUOUS
10
-0.6255118110236221
20
0.2433502362204724
11
-0.6806299212598425
21
0.2433502362204724
0
LINE
8
BLACK
6
CONTINUOUS
10
-0.6806299212598425
20
0.2433502362204724
11
-0.6845617322834645
21
0.2439230708661417
0
LINE
8
BLACK
6
CONTINUOUS
10
-0.6845617322834645
20
0.2439230708661417
11
-0.6886368897637795
21
0.2459153149606299
0
LINE
8
BLACK
6
CONTINUOUS
10
-0.6886368897637795
20
0.2459153149606299
11
-0.6918443700787401
21
0.2491227952755906
0
LINE
8
BLACK
6
CONTINUOUS
10
-0.6918443700787401
20
0.2491227952755906
11
-0.6938366141732283
21
0.2531979527559055
0
LINE
8
BLACK
6
CONTINUOUS
10
-0.6938366141732283
20
0.2531979527559055
11
-0.6944094488188977
21
0.2571297637795276
0
LINE
8
BLACK
6
CONTINUOUS
10
-0.6944094488188977
20
0.2571297637795276
11
-0.6944094488188977
21
0.2689407874015748
0
LINE
8
BLACK
6
CONTINUOUS
10
-0.6944094488188977
20
0.2689407874015748
11
-0.6938366141732283
21
0.2728725984251968
0
LINE
8
BLACK
6
CONTINUOUS
10
-0.6938366141732283
20
0.2728725984251968
11
-0.6918443700787401
21
0.2769477559055118
0
LINE
8
BLACK
6
CONTINUOUS
10
-0.6918443700787401
20
0.2769477559055118
11
-0.6886368897637795
21
0.2801552362204724
0
LINE
8
BLACK
6
CONTINUOUS
10
-0.6886368897637795
20
0.2801552362204724
11
-0.6845617322834645
21
0.2821474803149606
0
LINE
8
BLACK
6
CONTINUOUS
10
-0.6845617322834645
20
0.2821474803149606
11
-0.6806299212598425
21
0.2827203149606299
0
LINE
8
BLACK
6
CONTINUOUS
10
-0.6806299212598425
20
0.2827203149606299
11
-0.6255118110236221
21
0.2827203149606299
0
LINE
8
BLACK
6
CONTINUOUS
10
-0.6255118110236221
20
0.2827203149606299
11
-0.62158
21
0.2821474803149606
0
LINE
8
BLACK
6
CONTINUOUS
10
0.282335905511811
20
0.312176968503937
11
0.2870003543307086
21
0.3098003149606299
0
LINE
8
BLACK
6
CONTINUOUS
10
0.2870003543307086
20
0.3098003149606299
11
0.2907020472440945
21
0.3060986220472441
0
LINE
8
BLACK
6
CONTINUOUS
10
0.2907020472440945
20
0.3060986220472441
11
0.2930787007874016
21
0.3014341732283464
0
LINE
8
BLACK
6
CONTINUOUS
10
0.2930787007874016
20
0.3014341732283464
11
0.2938976377952756
21
0.2962636220472441
0
LINE
8
BLACK
6
CONTINUOUS
10
0.2938976377952756
20
0.2962636220472441
11
0.2938976377952756
21
0.2785470866141732
0
LINE
8
BLACK
6
CONTINUOUS
10
0.2938976377952756
20
0.2785470866141732
11
0.2930787007874016
21
0.2733765354330708
0
LINE
8
BLACK
6
CONTINUOUS
10
0.2930787007874016
20
0.2733765354330708
11
0.2907020472440945
21
0.2687120866141732
0
LINE
8
BLACK
6
CONTINUOUS
10
0.2907020472440945
20
0.2687120866141732
11
0.2870003543307086
21
0.2650103937007874
0
LINE
8
BLACK
6
CONTINUOUS
10
0.2870003543307086
20
0.2650103937007874
11
0.282335905511811
21
0.2626337401574803
0
LINE
8
BLACK
6
CONTINUOUS
10
0.282335905511811
20
0.2626337401574803
11
0.2771653543307087
21
0.2618148031496063
0
LINE
8
BLACK
6
CONTINUOUS
10
0.2771653543307087
20
0.2618148031496063
11
0.2574803149606299
21
0.2618148031496063
0
LINE
8
BLACK
6
CONTINUOUS
10
0.2574803149606299
20
0.2618148031496063
11
0.2523097637795276
21
0.2626337401574803
0
LINE
8
BLACK
6
CONTINUOUS
10
0.2523097637795276
20
0.2626337401574803
11
0.2476453149606299
21
0.2650103937007874
0
LINE
8
BLACK
6
CONTINUOUS
10
0.2476453149606299
20
0.2650103937007874
11
0.2439436220472441
21
0.2687120866141732
0
LINE
8
BLACK
6
CONTINUOUS
10
0.2439436220472441
20
0.2687120866141732
11
0.241566968503937
21
0.2733765354330708
0
LINE
8
BLACK
6
CONTINUOUS
10
0.241566968503937
20
0.2733765354330708
11
0.240748031496063
21
0.2785470866141732
0
LINE
8
BLACK
6
CONTINUOUS
10
0.240748031496063
20
0.2785470866141732
11
0.240748031496063
21
0.2962636220472441
0
LINE
8
BLACK
6
CONTINUOUS
10
0.240748031496063
20
0.2962636220472441
11
0.241566968503937
21
0.3014341732283464
0
LINE
8
BLACK
6
CONTINUOUS
10
0.241566968503937
20
0.3014341732283464
11
0.2439436220472441
21
0.3060986220472441
0
LINE
8
BLACK
6
CONTINUOUS
10
0.2439436220472441
20
0.3060986220472441
11
0.2476453149606299
21
0.3098003149606299
0
LINE
8
BLACK
6
CONTINUOUS
10
0.2476453149606299
20
0.3098003149606299
11
0.2523097637795276
21
0.312176968503937
0
LINE
8
BLACK
6
CONTINUOUS
10
0.2523097637795276
20
0.312176968503937
11
0.2574803149606299
21
0.312995905511811
0
LINE
8
BLACK
6
CONTINUOUS
10
0.2574803149606299
20
0.312995905511811
11
0.2771653543307087
21
0.312995905511811
0
LINE
8
BLACK
6
CONTINUOUS
10
0.2771653543307087
20
0.312995905511811
11
0.282335905511811
21
0.312176968503937
0
LINE
8
BLACK
6
CONTINUOUS
10
0.2010102362204724
20
0.320561062992126
11
0.2059949212598425
21
0.3188168503937008
0
LINE
8
BLACK
6
CONTINUOUS
10
0.2059949212598425
20
0.3188168503937008
11
0.2102440157480315
21
0.3156808661417323
0
LINE
8
BLACK
6
CONTINUOUS
10
0.2102440157480315
20
0.3156808661417323
11
0.21338
21
0.3114317716535433
0
LINE
8
BLACK
6
CONTINUOUS
10
0.21338
20
0.3114317716535433
11
0.2151242125984252
21
0.3064470866141732
0
LINE
8
BLACK
6
CONTINUOUS
10
0.2151242125984252
20
0.3064470866141732
11
0.2154330708661417
21
0.3031533858267716
0
LINE
8
BLACK
6
CONTINUOUS
10
0.2154330708661417
20
0.3031533858267716
11
0.2154330708661417
21
0.282484094488189
0
LINE
8
BLACK
6
CONTINUOUS
10
0.2154330708661417
20
0.282484094488189
11
0.2151242125984252
21
0.2791903937007874
0
LINE
8
BLACK
6
CONTINUOUS
10
0.2151242125984252
20
0.2791903937007874
11
0.21338
21
0.2742057086614173
0
LINE
8
BLACK
6
CONTINUOUS
10
0.21338
20
0.2742057086614173
11
0.2102440157480315
21
0.2699566141732284
0
LINE
8
BLACK
6
CONTINUOUS
10
0.2102440157480315
20
0.2699566141732284
11
0.2059949212598425
21
0.2668206299212598
0
LINE
8
BLACK
6
CONTINUOUS
10
0.2059949212598425
20
0.2668206299212598
11
0.2010102362204724
21
0.2650764173228347
0
LINE
8
BLACK
6
CONTINUOUS
10
0.2010102362204724
20
0.2650764173228347
11
0.1977165354330709
21
0.2647675590551181
0
LINE
8
BLACK
6
CONTINUOUS
10
0.1977165354330709
20
0.2647675590551181
11
0.1622834645669291
21
0.2647675590551181
0
LINE
8
BLACK
6
CONTINUOUS
10
0.1622834645669291
20
0.2647675590551181
11
0.1589897637795276
21
0.2650764173228347
0
LINE
8
BLACK
6
CONTINUOUS
10
0.1589897637795276
20
0.2650764173228347
11
0.1540050787401575
21
0.2668206299212598
0
LINE
8
BLACK
6
CONTINUOUS
10
0.1540050787401575
20
0.2668206299212598
11
0.1497559842519685
21
0.2699566141732284
0
LINE
8
BLACK
6
CONTINUOUS
10
0.1497559842519685
20
0.2699566141732284
11
0.14662
21
0.2742057086614173
0
LINE
8
BLACK
6
CONTINUOUS
10
0.14662
20
0.2742057086614173
11
0.1448757874015748
21
0.2791903937007874
0
LINE
8
BLACK
6
CONTINUOUS
10
0.1448757874015748
20
0.2791903937007874
11
0.1445669291338583
21
0.282484094488189
0
LINE
8
BLACK
6
CONTINUOUS
10
0.1445669291338583
20
0.282484094488189
11
0.1445669291338583
21
0.3031533858267716
0
LINE
8
BLACK
6
CONTINUOUS
10
0.1445669291338583
20
0.3031533858267716
11
0.1448757874015748
21
0.3064470866141732
0
LINE
8
BLACK
6
CONTINUOUS
10
0.1448757874015748
20
0.3064470866141732
11
0.14662
21
0.3114317716535433
0
LINE
8
BLACK
6
CONTINUOUS
10
0.14662
20
0.3114317716535433
11
0.1497559842519685
21
0.3156808661417323
0
LINE
8
BLACK
6
CONTINUOUS
10
0.1497559842519685
20
0.3156808661417323
11
0.1540050787401575
21
0.3188168503937008
0
LINE
8
BLACK
6
CONTINUOUS
10
0.1540050787401575
20
0.3188168503937008
11
0.1589897637795276
21
0.320561062992126
0
LINE
8
BLACK
6
CONTINUOUS
10
0.1589897637795276
20
0.320561062992126
11
0.1622834645669291
21
0.3208699212598425
0
LINE
8
BLACK
6
CONTINUOUS
10
0.1622834645669291
20
0.3208699212598425
11
0.1977165354330709
21
0.3208699212598425
0
LINE
8
BLACK
6
CONTINUOUS
10
0.1977165354330709
20
0.3208699212598425
11
0.2010102362204724
21
0.320561062992126
0
LINE
8
BLACK
6
CONTINUOUS
10
0.375655905511811
20
0.320561062992126
11
0.3806405905511811
21
0.3188168503937008
0
LINE
8
BLACK
6
CONTINUOUS
10
0.3806405905511811
20
0.3188168503937008
11
0.38488968503937
21
0.3156808661417323
0
LINE
8
BLACK
6
CONTINUOUS
10
0.38488968503937
20
0.3156808661417323
11
0.3880256692913386
21
0.3114317716535433
0
LINE
8
BLACK
6
CONTINUOUS
10
0.3880256692913386
20
0.3114317716535433
11
0.3897698818897637
21
0.3064470866141732
0
LINE
8
BLACK
6
CONTINUOUS
10
0.3897698818897637
20
0.3064470866141732
11
0.3900787401574803
21
0.3031533858267716
0
LINE
8
BLACK
6
CONTINUOUS
10
0.3900787401574803
20
0.3031533858267716
11
0.3900787401574803
21
0.282484094488189
0
LINE
8
BLACK
6
CONTINUOUS
10
0.3900787401574803
20
0.282484094488189
11
0.3897698818897637
21
0.2791903937007874
0
LINE
8
BLACK
6
CONTINUOUS
10
0.3897698818897637
20
0.2791903937007874
11
0.3880256692913386
21
0.2742057086614173
0
LINE
8
BLACK
6
CONTINUOUS
10
0.3880256692913386
20
0.2742057086614173
11
0.38488968503937
21
0.2699566141732284
0
LINE
8
BLACK
6
CONTINUOUS
10
0.38488968503937
20
0.2699566141732284
11
0.3806405905511811
21
0.2668206299212598
0
LINE
8
BLACK
6
CONTINUOUS
10
0.3806405905511811
20
0.2668206299212598
11
0.375655905511811
21
0.2650764173228347
0
LINE
8
BLACK
6
CONTINUOUS
10
0.375655905511811
20
0.2650764173228347
11
0.3723622047244095
21
0.2647675590551181
0
LINE
8
BLACK
6
CONTINUOUS
10
0.3723622047244095
20
0.2647675590551181
11
0.3369291338582677
21
0.2647675590551181
0
LINE
8
BLACK
6
CONTINUOUS
10
0.3369291338582677
20
0.2647675590551181
11
0.3336354330708661
21
0.2650764173228347
0
LINE
8
BLACK
6
CONTINUOUS
10
0.3336354330708661
20
0.2650764173228347
11
0.3286507480314961
21
0.2668206299212598
0
LINE
8
BLACK
6
CONTINUOUS
10
0.3286507480314961
20
0.2668206299212598
11
0.3244016535433071
21
0.2699566141732284
0
LINE
8
BLACK
6
CONTINUOUS
10
0.3244016535433071
20
0.2699566141732284
11
0.3212656692913386
21
0.2742057086614173
0
LINE
8
BLACK
6
CONTINUOUS
10
0.3212656692913386
20
0.2742057086614173
11
0.3195214566929134
21
0.2791903937007874
0
LINE
8
BLACK
6
CONTINUOUS
10
0.3195214566929134
20
0.2791903937007874
11
0.3192125984251968
21
0.282484094488189
0
LINE
8
BLACK
6
CONTINUOUS
10
0.3192125984251968
20
0.282484094488189
11
0.3192125984251968
21
0.3031533858267716
0
LINE
8
BLACK
6
CONTINUOUS
10
0.3192125984251968
20
0.3031533858267716
11
0.3195214566929134
21
0.3064470866141732
0
LINE
8
BLACK
6
CONTINUOUS
10
0.3195214566929134
20
0.3064470866141732
11
0.3212656692913386
21
0.3114317716535433
0
LINE
8
BLACK
6
CONTINUOUS
10
0.3212656692913386
20
0.3114317716535433
11
0.3244016535433071
21
0.3156808661417323
0
LINE
8
BLACK
6
CONTINUOUS
10
0.3244016535433071
20
0.3156808661417323
11
0.3286507480314961
21
0.3188168503937008
0
LINE
8
BLACK
6
CONTINUOUS
10
0.3286507480314961
20
0.3188168503937008
11
0.3336354330708661
21
0.320561062992126
0
LINE
8
BLACK
6
CONTINUOUS
10
0.3336354330708661
20
0.320561062992126
11
0.3369291338582677
21
0.3208699212598425
0
LINE
8
BLACK
6
CONTINUOUS
10
0.3369291338582677
20
0.3208699212598425
11
0.3723622047244095
21
0.3208699212598425
0
LINE
8
BLACK
6
CONTINUOUS
10
0.3723622047244095
20
0.3208699212598425
11
0.375655905511811
21
0.320561062992126
0
LINE
8
BLACK
6
CONTINUOUS
10
-0.5693176377952756
20
0.3180824803149606
11
-0.564653188976378
21
0.3157058267716535
0
LINE
8
BLACK
6
CONTINUOUS
10
-0.564653188976378
20
0.3157058267716535
11
-0.5609514960629921
21
0.3120041338582677
0
LINE
8
BLACK
6
CONTINUOUS
10
-0.5609514960629921
20
0.3120041338582677
11
-0.558574842519685
21
0.3073396850393701
0
LINE
8
BLACK
6
CONTINUOUS
10
-0.558574842519685
20
0.3073396850393701
11
-0.557755905511811
21
0.3021691338582677
0
LINE
8
BLACK
6
CONTINUOUS
10
-0.557755905511811
20
0.3021691338582677
11
-0.557755905511811
21
0.282484094488189
0
LINE
8
BLACK
6
CONTINUOUS
10
-0.557755905511811
20
0.282484094488189
11
-0.558574842519685
21
0.2773135433070866
0
LINE
8
BLACK
6
CONTINUOUS
10
-0.558574842519685
20
0.2773135433070866
11
-0.5609514960629921
21
0.272649094488189
0
LINE
8
BLACK
6
CONTINUOUS
10
-0.5609514960629921
20
0.272649094488189
11
-0.564653188976378
21
0.2689474015748031
0
LINE
8
BLACK
6
CONTINUOUS
10
-0.564653188976378
20
0.2689474015748031
11
-0.5693176377952756
21
0.2665707480314961
0
LINE
8
BLACK
6
CONTINUOUS
10
-0.5693176377952756
20
0.2665707480314961
11
-0.574488188976378
21
0.2657518110236221
0
LINE
8
BLACK
6
CONTINUOUS
10
-0.574488188976378
20
0.2657518110236221
11
-0.5922047244094488
21
0.2657518110236221
0
LINE
8
BLACK
6
CONTINUOUS
10
-0.5922047244094488
20
0.2657518110236221
11
-0.5973752755905511
21
0.2665707480314961
0
LINE
8
BLACK
6
CONTINUOUS
10
-0.5973752755905511
20
0.2665707480314961
11
-0.6020397244094488
21
0.2689474015748031
0
LINE
8
BLACK
6
CONTINUOUS
10
-0.6020397244094488
20
0.2689474015748031
11
-0.6057414173228346
21
0.272649094488189
0
LINE
8
BLACK
6
CONTINUOUS
10
-0.6057414173228346
20
0.272649094488189
11
-0.6081180708661417
21
0.2773135433070866
0
LINE
8
BLACK
6
CONTINUOUS
10
-0.6081180708661417
20
0.2773135433070866
11
-0.6089370078740157
21
0.282484094488189
0
LINE
8
BLACK
6
CONTINUOUS
10
-0.6089370078740157
20
0.282484094488189
11
-0.6089370078740157
21
0.3021691338582677
0
LINE
8
BLACK
6
CONTINUOUS
10
-0.6089370078740157
20
0.3021691338582677
11
-0.6081180708661417
21
0.3073396850393701
0
LINE
8
BLACK
6
CONTINUOUS
10
-0.6081180708661417
20
0.3073396850393701
11
-0.6057414173228346
21
0.3120041338582677
0
LINE
8
BLACK
6
CONTINUOUS
10
-0.6057414173228346
20
0.3120041338582677
11
-0.6020397244094488
21
0.3157058267716535
0
LINE
8
BLACK
6
CONTINUOUS
10
-0.6020397244094488
20
0.3157058267716535
11
-0.5973752755905511
21
0.3180824803149606
0
LINE
8
BLACK
6
CONTINUOUS
10
-0.5973752755905511
20
0.3180824803149606
11
-0.5922047244094488
21
0.3189014173228346
0
LINE
8
BLACK
6
CONTINUOUS
10
-0.5922047244094488
20
0.3189014173228346
11
-0.574488188976378
21
0.3189014173228346
0
LINE
8
BLACK
6
CONTINUOUS
10
-0.574488188976378
20
0.3189014173228346
11
-0.5693176377952756
21
0.3180824803149606
0
LINE
8
BLACK
6
CONTINUOUS
10
-0.5082940157480315
20
0.3180824803149606
11
-0.5036295669291339
21
0.3157058267716535
0
LINE
8
BLACK
6
CONTINUOUS
10
-0.5036295669291339
20
0.3157058267716535
11
-0.499927874015748
21
0.3120041338582677
0
LINE
8
BLACK
6
CONTINUOUS
10
-0.499927874015748
20
0.3120041338582677
11
-0.4975512204724409
21
0.3073396850393701
0
LINE
8
BLACK
6
CONTINUOUS
10
-0.4975512204724409
20
0.3073396850393701
11
-0.4967322834645669
21
0.3021691338582677
0
LINE
8
BLACK
6
CONTINUOUS
10
-0.4967322834645669
20
0.3021691338582677
11
-0.4967322834645669
21
0.282484094488189
0
LINE
8
BLACK
6
CONTINUOUS
10
-0.4967322834645669
20
0.282484094488189
11
-0.4975512204724409
21
0.2773135433070866
0
LINE
8
BLACK
6
CONTINUOUS
10
-0.4975512204724409
20
0.2773135433070866
11
-0.499927874015748
21
0.272649094488189
0
LINE
8
BLACK
6
CONTINUOUS
10
-0.499927874015748
20
0.272649094488189
11
-0.5036295669291339
21
0.2689474015748031
0
LINE
8
BLACK
6
CONTINUOUS
10
-0.5036295669291339
20
0.2689474015748031
11
-0.5082940157480315
21
0.2665707480314961
0
LINE
8
BLACK
6
CONTINUOUS
10
-0.5082940157480315
20
0.2665707480314961
11
-0.5134645669291339
21
0.2657518110236221
0
LINE
8
BLACK
6
CONTINUOUS
10
-0.5134645669291339
20
0.2657518110236221
11
-0.5311811023622047
21
0.2657518110236221
0
LINE
8
BLACK
6
CONTINUOUS
10
-0.5311811023622047
20
0.2657518110236221
11
-0.536351653543307
21
0.2665707480314961
0
LINE
8
BLACK
6
CONTINUOUS
10
-0.536351653543307
20
0.2665707480314961
11
-0.5410161023622048
21
0.2689474015748031
0
LINE
8
BLACK
6
CONTINUOUS
10
-0.5410161023622048
20
0.2689474015748031
11
-0.5447177952755905
21
0.272649094488189
0
LINE
8
BLACK
6
CONTINUOUS
10
-0.5447177952755905
20
0.272649094488189
11
-0.5470944488188976
21
0.2773135433070866
0
LINE
8
BLACK
6
CONTINUOUS
10
-0.5470944488188976
20
0.2773135433070866
11
-0.5479133858267716
21
0.282484094488189
0
LINE
8
BLACK
6
CONTINUOUS
10
-0.5479133858267716
20
0.282484094488189
11
-0.5479133858267716
21
0.3021691338582677
0
LINE
8
BLACK
6
CONTINUOUS
10
-0.5479133858267716
20
0.3021691338582677
11
-0.5470944488188976
21
0.3073396850393701
0
LINE
8
BLACK
6
CONTINUOUS
10
-0.5470944488188976
20
0.3073396850393701
11
-0.5447177952755905
21
0.3120041338582677
0
LINE
8
BLACK
6
CONTINUOUS
10
-0.5447177952755905
20
0.3120041338582677
11
-0.5410161023622048
21
0.3157058267716535
0
LINE
8
BLACK
6
CONTINUOUS
10
-0.5410161023622048
20
0.3157058267716535
11
-0.536351653543307
21
0.3180824803149606
0
LINE
8
BLACK
6
CONTINUOUS
10
-0.536351653543307
20
0.3180824803149606
11
-0.5311811023622047
21
0.3189014173228346
0
LINE
8
BLACK
6
CONTINUOUS
10
-0.5311811023622047
20
0.3189014173228346
11
-0.5134645669291339
21
0.3189014173228346
0
LINE
8
BLACK
6
CONTINUOUS
10
-0.5134645669291339
20
0.3189014173228346
11
-0.5082940157480315
21
0.3180824803149606
0
LINE
8
BLACK
6
CONTINUOUS
10
-0.4426532677165354
20
0.3181306692913386
11
-0.4382632283464567
21
0.3158938188976378
0
LINE
8
BLACK
6
CONTINUOUS
10
-0.4382632283464567
20
0.3158938188976378
11
-0.4347792519685039
21
0.312409842519685
0
LINE
8
BLACK
6
CONTINUOUS
10
-0.4347792519685039
20
0.312409842519685
11
-0.4325424015748031
21
0.3080198031496063
0
LINE
8
BLACK
6
CONTINUOUS
10
-0.4325424015748031
20
0.3080198031496063
11
-0.4317716535433071
21
0.3031533858267716
0
LINE
8
BLACK
6
CONTINUOUS
10
-0.4317716535433071
20
0.3031533858267716
11
-0.4317716535433071
21
0.281499842519685
0
LINE
8
BLACK
6
CONTINUOUS
10
-0.4317716535433071
20
0.281499842519685
11
-0.4325424015748031
21
0.2766334251968504
0
LINE
8
BLACK
6
CONTINUOUS
10
-0.4325424015748031
20
0.2766334251968504
11
-0.4347792519685039
21
0.2722433858267717
0
LINE
8
BLACK
6
CONTINUOUS
10
-0.4347792519685039
20
0.2722433858267717
11
-0.4382632283464567
21
0.2687594094488189
0
LINE
8
BLACK
6
CONTINUOUS
10
-0.4382632283464567
20
0.2687594094488189
11
-0.4426532677165354
21
0.2665225590551181
0
LINE
8
BLACK
6
CONTINUOUS
10
-0.4426532677165354
20
0.2665225590551181
11
-0.4475196850393701
21
0.2657518110236221
0
LINE
8
BLACK
6
CONTINUOUS
10
-0.4475196850393701
20
0.2657518110236221
11
-0.4632677165354331
21
0.2657518110236221
0
LINE
8
BLACK
6
CONTINUOUS
10
-0.4632677165354331
20
0.2657518110236221
11
-0.4681341338582677
21
0.2665225590551181
0
LINE
8
BLACK
6
CONTINUOUS
10
-0.4681341338582677
20
0.2665225590551181
11
-0.4725241732283464
21
0.2687594094488189
0
LINE
8
BLACK
6
CONTINUOUS
10
-0.4725241732283464
20
0.2687594094488189
11
-0.4760081496062992
21
0.2722433858267717
0
LINE
8
BLACK
6
CONTINUOUS
10
-0.4760081496062992
20
0.2722433858267717
11
-0.478245
21
0.2766334251968504
0
LINE
8
BLACK
6
CONTINUOUS
10
-0.478245
20
0.2766334251968504
11
-0.479015748031496
21
0.281499842519685
0
LINE
8
BLACK
6
CONTINUOUS
10
-0.479015748031496
20
0.281499842519685
11
-0.479015748031496
21
0.3031533858267716
0
LINE
8
BLACK
6
CONTINUOUS
10
-0.479015748031496
20
0.3031533858267716
11
-0.478245
21
0.3080198031496063
0
LINE
8
BLACK
6
CONTINUOUS
10
-0.478245
20
0.3080198031496063
11
-0.4760081496062992
21
0.312409842519685
0
LINE
8
BLACK
6
CONTINUOUS
10
-0.4760081496062992
20
0.312409842519685
11
-0.4725241732283464
21
0.3158938188976378
0
LINE
8
BLACK
6
CONTINUOUS
10
-0.4725241732283464
20
0.3158938188976378
11
-0.4681341338582677
21
0.3181306692913386
0
LINE
8
BLACK
6
CONTINUOUS
10
-0.4681341338582677
20
0.3181306692913386
11
-0.4632677165354331
21
0.3189014173228346
0
LINE
8
BLACK
6
CONTINUOUS
10
-0.4632677165354331
20
0.3189014173228346
11
-0.4475196850393701
21
0.3189014173228346
0
LINE
8
BLACK
6
CONTINUOUS
10
-0.4475196850393701
20
0.3189014173228346
11
-0.4426532677165354
21
0.3181306692913386
0
LINE
8
BLACK
6
CONTINUOUS
10
-0.3776926377952756
20
0.3181306692913386
11
-0.3733025984251969
21
0.3158938188976378
0
LINE
8
BLACK
6
CONTINUOUS
10
-0.3733025984251969
20
0.3158938188976378
11
-0.3698186220472441
21
0.312409842519685
0
LINE
8
BLACK
6
CONTINUOUS
10
-0.3698186220472441
20
0.312409842519685
11
-0.3675817716535433
21
0.3080198031496063
0
LINE
8
BLACK
6
CONTINUOUS
10
-0.3675817716535433
20
0.3080198031496063
11
-0.3668110236220473
21
0.3031533858267716
0
LINE
8
BLACK
6
CONTINUOUS
10
-0.3668110236220473
20
0.3031533858267716
11
-0.3668110236220473
21
0.281499842519685
0
LINE
8
BLACK
6
CONTINUOUS
10
-0.3668110236220473
20
0.281499842519685
11
-0.3675817716535433
21
0.2766334251968504
0
LINE
8
BLACK
6
CONTINUOUS
10
-0.3675817716535433
20
0.2766334251968504
11
-0.3698186220472441
21
0.2722433858267717
0
LINE
8
BLACK
6
CONTINUOUS
10
-0.3698186220472441
20
0.2722433858267717
11
-0.3733025984251969
21
0.2687594094488189
0
LINE
8
BLACK
6
CONTINUOUS
10
-0.3733025984251969
20
0.2687594094488189
11
-0.3776926377952756
21
0.2665225590551181
0
LINE
8
BLACK
6
CONTINUOUS
10
-0.3776926377952756
20
0.2665225590551181
11
-0.3825590551181102
21
0.2657518110236221
0
LINE
8
BLACK
6
CONTINUOUS
10
-0.3825590551181102
20
0.2657518110236221
11
-0.3983070866141732
21
0.2657518110236221
0
LINE
8
BLACK
6
CONTINUOUS
10
-0.3983070866141732
20
0.2657518110236221
11
-0.4031735039370078
21
0.2665225590551181
0
LINE
8
BLACK
6
CONTINUOUS
10
-0.4031735039370078
20
0.2665225590551181
11
-0.4075635433070866
21
0.2687594094488189
0
LINE
8
BLACK
6
CONTINUOUS
10
-0.4075635433070866
20
0.2687594094488189
11
-0.4110475196850394
21
0.2722433858267717
0
LINE
8
BLACK
6
CONTINUOUS
10
-0.4110475196850394
20
0.2722433858267717
11
-0.4132843700787401
21
0.2766334251968504
0
LINE
8
BLACK
6
CONTINUOUS
10
-0.4132843700787401
20
0.2766334251968504
11
-0.4140551181102362
21
0.281499842519685
0
LINE
8
BLACK
6
CONTINUOUS
10
-0.4140551181102362
20
0.281499842519685
11
-0.4140551181102362
21
0.3031533858267716
0
LINE
8
BLACK
6
CONTINUOUS
10
-0.4140551181102362
20
0.3031533858267716
11
-0.4132843700787401
21
0.3080198031496063
0
LINE
8
BLACK
6
CONTINUOUS
10
-0.4132843700787401
20
0.3080198031496063
11
-0.4110475196850394
21
0.312409842519685
0
LINE
8
BLACK
6
CONTINUOUS
10
-0.4110475196850394
20
0.312409842519685
11
-0.4075635433070866
21
0.3158938188976378
0
LINE
8
BLACK
6
CONTINUOUS
10
-0.4075635433070866
20
0.3158938188976378
11
-0.4031735039370078
21
0.3181306692913386
0
LINE
8
BLACK
6
CONTINUOUS
10
-0.4031735039370078
20
0.3181306692913386
11
-0.3983070866141732
21
0.3189014173228346
0
LINE
8
BLACK
6
CONTINUOUS
10
-0.3983070866141732
20
0.3189014173228346
11
-0.3825590551181102
21
0.3189014173228346
0
LINE
8
BLACK
6
CONTINUOUS
10
-0.3825590551181102
20
0.3189014173228346
11
-0.3776926377952756
21
0.3181306692913386
0
LINE
8
BLACK
6
CONTINUOUS
10
-0.3127320078740157
20
0.3181306692913386
11
-0.308341968503937
21
0.3158938188976378
0
LINE
8
BLACK
6
CONTINUOUS
10
-0.308341968503937
20
0.3158938188976378
11
-0.3048579921259842
21
0.312409842519685
0
LINE
8
BLACK
6
CONTINUOUS
10
-0.3048579921259842
20
0.312409842519685
11
-0.3026211417322834
21
0.3080198031496063
0
LINE
8
BLACK
6
CONTINUOUS
10
-0.3026211417322834
20
0.3080198031496063
11
-0.3018503937007874
21
0.3031533858267716
0
LINE
8
BLACK
6
CONTINUOUS
10
-0.3018503937007874
20
0.3031533858267716
11
-0.3018503937007874
21
0.281499842519685
0
LINE
8
BLACK
6
CONTINUOUS
10
-0.3018503937007874
20
0.281499842519685
11
-0.3026211417322834
21
0.2766334251968504
0
LINE
8
BLACK
6
CONTINUOUS
10
-0.3026211417322834
20
0.2766334251968504
11
-0.3048579921259842
21
0.2722433858267717
0
LINE
8
BLACK
6
CONTINUOUS
10
-0.3048579921259842
20
0.2722433858267717
11
-0.308341968503937
21
0.2687594094488189
0
LINE
8
BLACK
6
CONTINUOUS
10
-0.308341968503937
20
0.2687594094488189
11
-0.3127320078740157
21
0.2665225590551181
0
LINE
8
BLACK
6
CONTINUOUS
10
-0.3127320078740157
20
0.2665225590551181
11
-0.3175984251968504
21
0.2657518110236221
0
LINE
8
BLACK
6
CONTINUOUS
10
-0.3175984251968504
20
0.2657518110236221
11
-0.3333464566929134
21
0.2657518110236221
0
LINE
8
BLACK
6
CONTINUOUS
10
-0.3333464566929134
20
0.2657518110236221
11
-0.338212874015748
21
0.2665225590551181
0
LINE
8
BLACK
6
CONTINUOUS
10
-0.338212874015748
20
0.2665225590551181
11
-0.3426029133858268
21
0.2687594094488189
0
LINE
8
BLACK
6
CONTINUOUS
10
-0.3426029133858268
20
0.2687594094488189
11
-0.3460868897637795
21
0.2722433858267717
0
LINE
8
BLACK
6
CONTINUOUS
10
-0.3460868897637795
20
0.2722433858267717
11
-0.3483237401574803
21
0.2766334251968504
0
LINE
8
BLACK
6
CONTINUOUS
10
-0.3483237401574803
20
0.2766334251968504
11
-0.3490944881889764
21
0.281499842519685
0
LINE
8
BLACK
6
CONTINUOUS
10
-0.3490944881889764
20
0.281499842519685
11
-0.3490944881889764
21
0.3031533858267716
0
LINE
8
BLACK
6
CONTINUOUS
10
-0.3490944881889764
20
0.3031533858267716
11
-0.3483237401574803
21
0.3080198031496063
0
LINE
8
BLACK
6
CONTINUOUS
10
-0.3483237401574803
20
0.3080198031496063
11
-0.3460868897637795
21
0.312409842519685
0
LINE
8
BLACK
6
CONTINUOUS
10
-0.3460868897637795
20
0.312409842519685
11
-0.3426029133858268
21
0.3158938188976378
0
LINE
8
BLACK
6
CONTINUOUS
10
-0.3426029133858268
20
0.3158938188976378
11
-0.338212874015748
21
0.3181306692913386
0
LINE
8
BLACK
6
CONTINUOUS
10
-0.338212874015748
20
0.3181306692913386
11
-0.3333464566929134
21
0.3189014173228346
0
LINE
8
BLACK
6
CONTINUOUS
10
-0.3333464566929134
20
0.3189014173228346
11
-0.3175984251968504
21
0.3189014173228346
0
LINE
8
BLACK
6
CONTINUOUS
10
-0.3175984251968504
20
0.3189014173228346
11
-0.3127320078740157
21
0.3181306692913386
0
LINE
8
BLACK
6
CONTINUOUS
10
-0.2477713779527559
20
0.3181306692913386
11
-0.2433813385826772
21
0.3158938188976378
0
LINE
8
BLACK
6
CONTINUOUS
10
-0.2433813385826772
20
0.3158938188976378
11
-0.2398973622047244
21
0.312409842519685
0
LINE
8
BLACK
6
CONTINUOUS
10
-0.2398973622047244
20
0.312409842519685
11
-0.2376605118110236
21
0.3080198031496063
0
LINE
8
BLACK
6
CONTINUOUS
10
-0.2376605118110236
20
0.3080198031496063
11
-0.2368897637795276
21
0.3031533858267716
0
LINE
8
BLACK
6
CONTINUOUS
10
-0.2368897637795276
20
0.3031533858267716
11
-0.2368897637795276
21
0.281499842519685
0
LINE
8
BLACK
6
CONTINUOUS
10
-0.2368897637795276
20
0.281499842519685
11
-0.2376605118110236
21
0.2766334251968504
0
LINE
8
BLACK
6
CONTINUOUS
10
-0.2376605118110236
20
0.2766334251968504
11
-0.2398973622047244
21
0.2722433858267717
0
LINE
8
BLACK
6
CONTINUOUS
10
-0.2398973622047244
20
0.2722433858267717
11
-0.2433813385826772
21
0.2687594094488189
0
LINE
8
BLACK
6
CONTINUOUS
10
-0.2433813385826772
20
0.2687594094488189
11
-0.2477713779527559
21
0.2665225590551181
0
LINE
8
BLACK
6
CONTINUOUS
10
-0.2477713779527559
20
0.2665225590551181
11
-0.2526377952755905
21
0.2657518110236221
0
LINE
8
BLACK
6
CONTINUOUS
10
-0.2526377952755905
20
0.2657518110236221
11
-0.2683858267716535
21
0.2657518110236221
0
LINE
8
BLACK
6
CONTINUOUS
10
-0.2683858267716535
20
0.2657518110236221
11
-0.2732522440944882
21
0.2665225590551181
0
LINE
8
BLACK
6
CONTINUOUS
10
-0.2732522440944882
20
0.2665225590551181
11
-0.2776422834645669
21
0.2687594094488189
0
LINE
8
BLACK
6
CONTINUOUS
10
-0.2776422834645669
20
0.2687594094488189
11
-0.2811262598425197
21
0.2722433858267717
0
LINE
8
BLACK
6
CONTINUOUS
10
-0.2811262598425197
20
0.2722433858267717
11
-0.2833631102362205
21
0.2766334251968504
0
LINE
8
BLACK
6
CONTINUOUS
10
-0.2833631102362205
20
0.2766334251968504
11
-0.2841338582677165
21
0.281499842519685
0
LINE
8
BLACK
6
CONTINUOUS
10
-0.2841338582677165
20
0.281499842519685
11
-0.2841338582677165
21
0.3031533858267716
0
LINE
8
BLACK
6
CONTINUOUS
10
-0.2841338582677165
20
0.3031533858267716
11
-0.2833631102362205
21
0.3080198031496063
0
LINE
8
BLACK
6
CONTINUOUS
10
-0.2833631102362205
20
0.3080198031496063
11
-0.2811262598425197
21
0.312409842519685
0
LINE
8
BLACK
6
CONTINUOUS
10
-0.2811262598425197
20
0.312409842519685
11
-0.2776422834645669
21
0.3158938188976378
0
LINE
8
BLACK
6
CONTINUOUS
10
-0.2776422834645669
20
0.3158938188976378
11
-0.2732522440944882
21
0.3181306692913386
0
LINE
8
BLACK
6
CONTINUOUS
10
-0.2732522440944882
20
0.3181306692913386
11
-0.2683858267716535
21
0.3189014173228346
0
LINE
8
BLACK
6
CONTINUOUS
10
-0.2683858267716535
20
0.3189014173228346
11
-0.2526377952755905
21
0.3189014173228346
0
LINE
8
BLACK
6
CONTINUOUS
10
-0.2526377952755905
20
0.3189014173228346
11
-0.2477713779527559
21
0.3181306692913386
0
LINE
8
BLACK
6
CONTINUOUS
10
0.0035170078740157
20
0.3220194881889764
11
0.0081814566929134
21
0.3196428346456693
0
LINE
8
BLACK
6
CONTINUOUS
10
0.0081814566929134
20
0.3196428346456693
11
0.0118831496062992
21
0.3159411417322834
0
LINE
8
BLACK
6
CONTINUOUS
10
0.0118831496062992
20
0.3159411417322834
11
0.0142598031496063
21
0.3112766929133858
0
LINE
8
BLACK
6
CONTINUOUS
10
0.0142598031496063
20
0.3112766929133858
11
0.0150787401574803
21
0.3061061417322835
0
LINE
8
BLACK
6
CONTINUOUS
10
0.0150787401574803
20
0.3061061417322835
11
0.0150787401574803
21
0.2883896062992126
0
LINE
8
BLACK
6
CONTINUOUS
10
0.0150787401574803
20
0.2883896062992126
11
0.0142598031496063
21
0.2832190551181102
0
LINE
8
BLACK
6
CONTINUOUS
10
0.0142598031496063
20
0.2832190551181102
11
0.0118831496062992
21
0.2785546062992126
0
LINE
8
BLACK
6
CONTINUOUS
10
0.0118831496062992
20
0.2785546062992126
11
0.0081814566929134
21
0.2748529133858268
0
LINE
8
BLACK
6
CONTINUOUS
10
0.0081814566929134
20
0.2748529133858268
11
0.0035170078740157
21
0.2724762598425197
0
LINE
8
BLACK
6
CONTINUOUS
10
0.0035170078740157
20
0.2724762598425197
11
-0.0016535433070866
21
0.2716573228346457
0
LINE
8
BLACK
6
CONTINUOUS
10
-0.0016535433070866
20
0.2716573228346457
11
-0.0213385826771654
21
0.2716573228346457
0
LINE
8
BLACK
6
CONTINUOUS
10
-0.0213385826771654
20
0.2716573228346457
11
-0.0265091338582677
21
0.2724762598425197
0
LINE
8
BLACK
6
CONTINUOUS
10
-0.0265091338582677
20
0.2724762598425197
11
-0.0311735826771654
21
0.2748529133858268
0
LINE
8
BLACK
6
CONTINUOUS
10
-0.0311735826771654
20
0.2748529133858268
11
-0.0348752755905512
21
0.2785546062992126
0
LINE
8
BLACK
6
CONTINUOUS
10
-0.0348752755905512
20
0.2785546062992126
11
-0.0372519291338583
21
0.2832190551181102
0
LINE
8
BLACK
6
CONTINUOUS
10
-0.0372519291338583
20
0.2832190551181102
11
-0.0380708661417323
21
0.2883896062992126
0
LINE
8
BLACK
6
CONTINUOUS
10
-0.0380708661417323
20
0.2883896062992126
11
-0.0380708661417323
21
0.3061061417322835
0
LINE
8
BLACK
6
CONTINUOUS
10
-0.0380708661417323
20
0.3061061417322835
11
-0.0372519291338583
21
0.3112766929133858
0
LINE
8
BLACK
6
CONTINUOUS
10
-0.0372519291338583
20
0.3112766929133858
11
-0.0348752755905512
21
0.3159411417322834
0
LINE
8
BLACK
6
CONTINUOUS
10
-0.0348752755905512
20
0.3159411417322834
11
-0.0311735826771654
21
0.3196428346456693
0
LINE
8
BLACK
6
CONTINUOUS
10
-0.0311735826771654
20
0.3196428346456693
11
-0.0265091338582677
21
0.3220194881889764
0
LINE
8
BLACK
6
CONTINUOUS
10
-0.0265091338582677
20
0.3220194881889764
11
-0.0213385826771654
21
0.3228384251968504
0
LINE
8
BLACK
6
CONTINUOUS
10
-0.0213385826771654
20
0.3228384251968504
11
-0.0016535433070866
21
0.3228384251968504
0
LINE
8
BLACK
6
CONTINUOUS
10
-0.0016535433070866
20
0.3228384251968504
11
0.0035170078740157
21
0.3220194881889764
0
LINE
8
BLACK
6
CONTINUOUS
10
-0.0705563779527559
20
0.3193128346456693
11
-0.0664812204724409
21
0.3173205905511811
0
LINE
8
BLACK
6
CONTINUOUS
10
-0.0664812204724409
20
0.3173205905511811
11
-0.0632737401574803
21
0.3141131102362205
0
LINE
8
BLACK
6
CONTINUOUS
10
-0.0632737401574803
20
0.3141131102362205
11
-0.0612814960629921
21
0.3100379527559055
0
LINE
8
BLACK
6
CONTINUOUS
10
-0.0612814960629921
20
0.3100379527559055
11
-0.0607086614173228
21
0.3061061417322835
0
LINE
8
BLACK
6
CONTINUOUS
10
-0.0607086614173228
20
0.3061061417322835
11
-0.0607086614173228
21
0.2942951181102362
0
LINE
8
BLACK
6
CONTINUOUS
10
-0.0607086614173228
20
0.2942951181102362
11
-0.0612814960629921
21
0.2903633070866142
0
LINE
8
BLACK
6
CONTINUOUS
10
-0.0612814960629921
20
0.2903633070866142
11
-0.0632737401574803
21
0.2862881496062992
0
LINE
8
BLACK
6
CONTINUOUS
10
-0.0632737401574803
20
0.2862881496062992
11
-0.0664812204724409
21
0.2830806692913386
0
LINE
8
BLACK
6
CONTINUOUS
10
-0.0664812204724409
20
0.2830806692913386
11
-0.0705563779527559
21
0.2810884251968504
0
LINE
8
BLACK
6
CONTINUOUS
10
-0.0705563779527559
20
0.2810884251968504
11
-0.0744881889763779
21
0.2805155905511811
0
LINE
8
BLACK
6
CONTINUOUS
10
-0.0744881889763779
20
0.2805155905511811
11
-0.1148425196850394
21
0.2805155905511811
0
LINE
8
BLACK
6
CONTINUOUS
10
-0.1148425196850394
20
0.2805155905511811
11
-0.1187743307086614
21
0.2810884251968504
0
LINE
8
BLACK
6
CONTINUOUS
10
-0.1187743307086614
20
0.2810884251968504
11
-0.1228494881889764
21
0.2830806692913386
0
LINE
8
BLACK
6
CONTINUOUS
10
-0.1228494881889764
20
0.2830806692913386
11
-0.126056968503937
21
0.2862881496062992
0
LINE
8
BLACK
6
CONTINUOUS
10
-0.126056968503937
20
0.2862881496062992
11
-0.1280492125984252
21
0.2903633070866142
0
LINE
8
BLACK
6
CONTINUOUS
10
-0.1280492125984252
20
0.2903633070866142
11
-0.1286220472440945
21
0.2942951181102362
0
LINE
8
BLACK
6
CONTINUOUS
10
-0.1286220472440945
20
0.2942951181102362
11
-0.1286220472440945
21
0.3061061417322835
0
LINE
8
BLACK
6
CONTINUOUS
10
-0.1286220472440945
20
0.3061061417322835
11
-0.1280492125984252
21
0.3100379527559055
0
LINE
8
BLACK
6
CONTINUOUS
10
-0.1280492125984252
20
0.3100379527559055
11
-0.126056968503937
21
0.3141131102362205
0
LINE
8
BLACK
6
CONTINUOUS
10
-0.126056968503937
20
0.3141131102362205
11
-0.1228494881889764
21
0.3173205905511811
0
LINE
8
BLACK
6
CONTINUOUS
10
-0.1228494881889764
20
0.3173205905511811
11
-0.1187743307086614
21
0.3193128346456693
0
LINE
8
BLACK
6
CONTINUOUS
10
-0.1187743307086614
20
0.3193128346456693
11
-0.1148425196850394
21
0.3198856692913385
0
LINE
8
BLACK
6
CONTINUOUS
10
-0.1148425196850394
20
0.3198856692913385
11
-0.0744881889763779
21
0.3198856692913385
0
LINE
8
BLACK
6
CONTINUOUS
10
-0.0744881889763779
20
0.3198856692913385
11
-0.0705563779527559
21
0.3193128346456693
0
LINE
8
BLACK
6
CONTINUOUS
10
-0.7324543307086614
20
0.3631201181102362
11
-0.7274696456692913
21
0.361375905511811
0
LINE
8
BLACK
6
CONTINUOUS
10
-0.7274696456692913
20
0.361375905511811
11
-0.7232205511811024
21
0.3582399212598425
0
LINE
8
BLACK
6
CONTINUOUS
10
-0.7232205511811024
20
0.3582399212598425
11
-0.7200845669291338
21
0.3539908267716536
0
LINE
8
BLACK
6
CONTINUOUS
10
-0.7200845669291338
20
0.3539908267716536
11
-0.7183403543307086
21
0.3490061417322834
0
LINE
8
BLACK
6
CONTINUOUS
10
-0.7183403543307086
20
0.3490061417322834
11
-0.7180314960629921
21
0.3457124409448819
0
LINE
8
BLACK
6
CONTINUOUS
10
-0.7180314960629921
20
0.3457124409448819
11
-0.7180314960629921
21
0.3260274015748031
0
LINE
8
BLACK
6
CONTINUOUS
10
-0.7180314960629921
20
0.3260274015748031
11
-0.7183403543307086
21
0.3227337007874015
0
LINE
8
BLACK
6
CONTINUOUS
10
-0.7183403543307086
20
0.3227337007874015
11
-0.7200845669291338
21
0.3177490157480315
0
LINE
8
BLACK
6
CONTINUOUS
10
-0.7200845669291338
20
0.3177490157480315
11
-0.7232205511811024
21
0.3134999212598425
0
LINE
8
BLACK
6
CONTINUOUS
10
-0.7232205511811024
20
0.3134999212598425
11
-0.7274696456692913
21
0.310363937007874
0
LINE
8
BLACK
6
CONTINUOUS
10
-0.7274696456692913
20
0.310363937007874
11
-0.7324543307086614
21
0.3086197244094488
0
LINE
8
BLACK
6
CONTINUOUS
10
-0.7324543307086614
20
0.3086197244094488
11
-0.7357480314960629
21
0.3083108661417323
0
LINE
8
BLACK
6
CONTINUOUS
10
-0.7357480314960629
20
0.3083108661417323
11
-0.8223622047244095
21
0.3083108661417323
0
LINE
8
BLACK
6
CONTINUOUS
10
-0.8223622047244095
20
0.3083108661417323
11
-0.825655905511811
21
0.3086197244094488
0
LINE
8
BLACK
6
CONTINUOUS
10
-0.825655905511811
20
0.3086197244094488
11
-0.8306405905511811
21
0.310363937007874
0
LINE
8
BLACK
6
CONTINUOUS
10
-0.8306405905511811
20
0.310363937007874
11
-0.8348896850393701
21
0.3134999212598425
0
LINE
8
BLACK
6
CONTINUOUS
10
-0.8348896850393701
20
0.3134999212598425
11
-0.8380256692913386
21
0.3177490157480315
0
LINE
8
BLACK
6
CONTINUOUS
10
-0.8380256692913386
20
0.3177490157480315
11
-0.8397698818897638
21
0.3227337007874015
0
LINE
8
BLACK
6
CONTINUOUS
10
-0.8397698818897638
20
0.3227337007874015
11
-0.8400787401574803
21
0.3260274015748031
0
LINE
8
BLACK
6
CONTINUOUS
10
-0.8400787401574803
20
0.3260274015748031
11
-0.8400787401574803
21
0.3457124409448819
0
LINE
8
BLACK
6
CONTINUOUS
10
-0.8400787401574803
20
0.3457124409448819
11
-0.8397698818897638
21
0.3490061417322834
0
LINE
8
BLACK
6
CONTINUOUS
10
-0.8397698818897638
20
0.3490061417322834
11
-0.8380256692913386
21
0.3539908267716536
0
LINE
8
BLACK
6
CONTINUOUS
10
-0.8380256692913386
20
0.3539908267716536
11
-0.8348896850393701
21
0.3582399212598425
0
LINE
8
BLACK
6
CONTINUOUS
10
-0.8348896850393701
20
0.3582399212598425
11
-0.8306405905511811
21
0.361375905511811
0
LINE
8
BLACK
6
CONTINUOUS
10
-0.8306405905511811
20
0.361375905511811
11
-0.825655905511811
21
0.3631201181102362
0
LINE
8
BLACK
6
CONTINUOUS
10
-0.825655905511811
20
0.3631201181102362
11
-0.8223622047244095
21
0.3634289763779527
0
LINE
8
BLACK
6
CONTINUOUS
10
-0.8223622047244095
20
0.3634289763779527
11
-0.7357480314960629
21
0.3634289763779527
0
LINE
8
BLACK
6
CONTINUOUS
10
-0.7357480314960629
20
0.3634289763779527
11
-0.7324543307086614
21
0.3631201181102362
  0
ENDSEC
  0
EOF
